timestamp,Open,High,Low,Close,Volume
2025-05-06 09:30:00,311.28,311.28,311.27,311.27,384.0
2025-05-06 09:35:00,311.28,311.28,311.28,311.28,208.0
2025-05-06 09:40:00,311.26,311.49,311.26,311.45,2549.0
2025-05-06 09:45:00,311.5,311.5,311.5,311.5,403.0
2025-05-06 09:50:00,311.38,311.65,311.38,311.65,1688.0
2025-05-06 09:55:00,311.69,311.8,311.69,311.8,2161.0
2025-05-06 10:00:00,311.82,311.87,311.8,311.87,2445.0
2025-05-06 10:05:00,311.67,311.78,311.63,311.7,2850.0
2025-05-06 10:15:00,311.72,311.72,311.67,311.67,559.0
2025-05-06 10:20:00,311.63,311.63,311.4,311.4,5566.0
2025-05-06 10:25:00,311.49,311.52,311.43,311.46,1772.0
2025-05-06 10:30:00,311.44,311.5,311.44,311.5,5346.0
2025-05-06 10:35:00,311.28,311.28,311.28,311.28,1043.0
2025-05-06 10:40:00,311.27,311.42,311.27,311.42,5139.0
2025-05-06 10:45:00,311.46,311.5,311.28,311.5,11210.0
2025-05-06 10:50:00,311.54,311.6,311.54,311.6,6467.0
2025-05-06 10:55:00,311.61,311.84,311.61,311.84,8531.0
2025-05-06 11:00:00,311.84,311.9,311.69,311.83,9670.0
2025-05-06 11:05:00,311.8,311.85,311.76,311.76,1668.0
2025-05-06 11:10:00,311.77,311.81,311.73,311.73,1930.0
2025-05-06 11:15:00,311.71,311.71,311.67,311.7,9909.0
2025-05-06 11:20:00,311.83,312.0,311.83,311.92,6132.0
2025-05-06 11:25:00,311.81,311.81,311.51,311.51,2271.0
2025-05-06 11:30:00,311.65,311.65,311.46,311.46,3735.0
2025-05-06 11:35:00,311.37,311.37,311.01,311.24,4219.0
2025-05-06 11:40:00,311.12,311.2,310.99,310.99,5883.0
2025-05-06 11:45:00,311.03,311.29,311.03,311.29,1982.0
2025-05-06 11:50:00,311.35,311.5,311.35,311.43,1204.0
2025-05-06 11:55:00,311.4,311.5,311.4,311.5,1867.0
2025-05-06 12:00:00,311.9683,311.97,309.0,311.15,72619.0
2025-05-06 12:05:00,311.1,311.25,310.99,311.25,9860.0
2025-05-06 12:10:00,311.0902,311.5,311.0902,311.3,1484.0
2025-05-06 12:15:00,311.09,311.09,310.94,311.0,8824.0
2025-05-06 12:20:00,311.08,311.4,311.08,311.32,16491.0
2025-05-06 12:25:00,311.28,311.35,311.13,311.2,8923.0
2025-05-06 12:30:00,311.22,311.85,311.15,311.85,13968.0
2025-05-06 12:35:00,311.98,312.34,311.87,312.34,12686.0
2025-05-06 12:40:00,312.39,312.63,312.34,312.35,24747.0
2025-05-06 12:45:00,312.38,312.38,312.0,312.16,28644.0
2025-05-06 12:50:00,312.1685,312.28,312.02,312.268,20052.0
2025-05-06 12:55:00,312.34,312.55,312.22,312.55,11577.0
2025-05-06 13:00:00,312.58,312.9,312.55,312.56,18958.0
2025-05-06 13:05:00,312.69,312.7,312.44,312.44,25241.0
2025-05-06 13:10:00,312.65,313.06,312.65,312.9,36778.0
2025-05-06 13:15:00,312.92,313.14,312.8,312.8932,24883.0
2025-05-06 13:20:00,312.93,313.05,312.8401,313.042,29320.0
2025-05-06 13:25:00,313.1,313.18,313.01,313.1,21747.0
2025-05-06 13:30:00,313.12,313.15,312.63,312.87,479112.0
2025-05-06 13:35:00,312.88,313.1299,312.25,312.3,481874.0
2025-05-06 13:40:00,312.29,312.98,312.225,312.68,239330.0
2025-05-06 13:45:00,312.68,313.2,312.53,313.165,190679.0
2025-05-06 13:50:00,313.155,313.18,312.6401,312.8599,147921.0
2025-05-06 13:55:00,312.8796,312.8796,312.5,312.6,113200.0
2025-05-06 14:00:00,312.625,312.99,312.57,312.9,177914.0
2025-05-06 14:05:00,312.9,313.21,312.9,313.1402,157667.0
2025-05-06 14:10:00,313.15,313.25,312.81,312.8599,383133.0
2025-05-06 14:15:00,312.83,313.0,312.67,312.73,161076.0
2025-05-06 14:20:00,312.73,312.82,312.6,312.76,175407.0
2025-05-06 14:25:00,312.76,312.79,311.894,311.94,242511.0
2025-05-06 14:30:00,311.91,312.175,311.67,312.175,169058.0
2025-05-06 14:35:00,312.185,312.35,312.0042,312.2,87241.0
2025-05-06 14:40:00,312.21,312.265,311.4,311.54,114310.0
2025-05-06 14:45:00,311.545,311.84,311.54,311.62,70011.0
2025-05-06 14:50:00,311.63,311.8896,311.49,311.83,46346.0
2025-05-06 14:55:00,311.81,312.1693,311.79,312.13,99943.0
2025-05-06 15:00:00,312.12,312.529,312.06,312.5101,113982.0
2025-05-06 15:05:00,312.5,312.76,312.43,312.73,107208.0
2025-05-06 15:10:00,312.72,312.98,312.7,312.96,159836.0
2025-05-06 15:15:00,312.97,313.1,312.82,312.9199,91013.0
2025-05-06 15:20:00,312.92,313.25,312.92,313.1447,88321.0
2025-05-06 15:25:00,313.12,313.15,313.02,313.1,69745.0
2025-05-06 15:30:00,313.095,313.394,313.02,313.2541,61709.0
2025-05-06 15:35:00,313.3,313.4,312.96,313.06,106304.0
2025-05-06 15:40:00,313.05,313.1,312.95,313.04,107390.0
2025-05-06 15:45:00,313.05,313.14,312.82,313.035,88753.0
2025-05-06 15:50:00,313.02,313.1296,312.84,312.84,117058.0
2025-05-06 15:55:00,312.84,313.06,312.7615,312.93,67010.0
2025-05-06 16:00:00,312.975,313.23,312.92,313.16,67416.0
2025-05-07 09:30:00,311.22,311.23,311.22,311.23,6088.0
2025-05-07 09:35:00,311.01,311.01,311.0,311.0,340.0
2025-05-07 09:40:00,311.1,311.3,311.1,311.3,1718.0
2025-05-07 09:45:00,311.36,311.44,311.34,311.44,3925.0
2025-05-07 09:50:00,311.2,311.2,311.09,311.09,607.0
2025-05-07 09:55:00,310.8,310.8,310.74,310.74,977.0
2025-05-07 10:00:00,310.51,311.0,310.51,311.0,1650.0
2025-05-07 10:05:00,311.0,311.0,311.0,311.0,173.0
2025-05-07 10:10:00,311.6,312.07,311.6,312.06,1883.0
2025-05-07 10:15:00,312.28,312.37,312.21,312.21,3074.0
2025-05-07 10:20:00,312.22,312.39,312.17,312.21,2049.0
2025-05-07 10:25:00,312.63,312.63,312.58,312.58,821.0
2025-05-07 10:30:00,312.53,312.53,312.32,312.32,2162.0
2025-05-07 10:35:00,312.63,312.65,312.57,312.65,1552.0
2025-05-07 10:40:00,312.41,312.56,312.41,312.52,1392.0
2025-05-07 10:45:00,312.42,312.76,312.32,312.45,1257.0
2025-05-07 10:50:00,312.7,312.79,312.37,312.79,1356.0
2025-05-07 10:55:00,312.41,312.89,312.41,312.75,1101.0
2025-05-07 11:00:00,312.33,312.49,312.3,312.39,6029.0
2025-05-07 11:05:00,312.59,312.59,312.32,312.32,1483.0
2025-05-07 11:10:00,312.24,312.26,312.17,312.26,2476.0
2025-05-07 11:15:00,312.35,312.35,312.28,312.28,1384.0
2025-05-07 11:20:00,312.13,312.13,312.01,312.11,2979.0
2025-05-07 11:30:00,312.04,312.04,311.87,311.87,3599.0
2025-05-07 11:35:00,312.0,312.3,311.99,312.2,2561.0
2025-05-07 11:45:00,312.0,312.05,312.0,312.05,499.0
2025-05-07 11:50:00,312.0,312.0,312.0,312.0,1020.0
2025-05-07 11:55:00,312.15,312.22,312.15,312.22,987.0
2025-05-07 12:00:00,311.98,313.15,311.49,312.0,51815.0
2025-05-07 12:05:00,312.26,312.44,312.26,312.44,4695.0
2025-05-07 12:10:00,312.45,312.85,312.45,312.85,12691.0
2025-05-07 12:15:00,312.77,312.77,312.4,312.4019,7689.0
2025-05-07 12:20:00,312.4,312.68,312.18,312.43,5593.0
2025-05-07 12:25:00,312.74,312.74,311.87,312.13,8090.0
2025-05-07 12:30:00,312.25,312.46,312.25,312.46,300.0
2025-05-07 12:35:00,312.52,312.55,312.236,312.25,1348.0
2025-05-07 12:40:00,312.36,312.36,312.36,312.36,284.0
2025-05-07 12:45:00,312.35,312.48,312.24,312.3,5375.0
2025-05-07 12:50:00,312.42,312.48,312.2433,312.4363,2687.0
2025-05-07 12:55:00,312.5,312.5699,312.35,312.4831,2843.0
2025-05-07 13:00:00,312.43,312.43,312.06,312.289,36621.0
2025-05-07 13:05:00,312.4,312.59,312.4,312.54,2759.0
2025-05-07 13:10:00,312.6,312.6,312.29,312.42,5984.0
2025-05-07 13:15:00,312.37,312.37,312.16,312.17,4521.0
2025-05-07 13:20:00,312.15,312.27,311.63,312.09,52397.0
2025-05-07 13:25:00,312.05,312.13,311.81,312.09,33237.0
2025-05-07 13:30:00,312.1,312.54,311.8001,312.2296,254700.0
2025-05-07 13:35:00,312.22,312.75,312.17,312.6875,174473.0
2025-05-07 13:40:00,312.66,312.77,312.3788,312.74,95549.0
2025-05-07 13:45:00,312.78,313.25,312.78,313.05,162384.0
2025-05-07 13:50:00,313.09,313.18,312.73,313.16,85718.0
2025-05-07 13:55:00,313.18,313.19,312.88,312.9,102314.0
2025-05-07 14:00:00,312.86,312.93,312.56,312.6136,115841.0
2025-05-07 14:05:00,312.67,312.69,312.03,312.26,101797.0
2025-05-07 14:10:00,312.24,312.33,312.0,312.14,78136.0
2025-05-07 14:15:00,312.13,312.14,311.58,311.68,183200.0
2025-05-07 14:20:00,311.62,311.985,311.18,311.965,135282.0
2025-05-07 14:25:00,311.965,312.07,311.8,311.86,44224.0
2025-05-07 14:30:00,311.85,312.18,311.77,312.09,53249.0
2025-05-07 14:35:00,312.08,312.4,311.94,312.27,36219.0
2025-05-07 14:40:00,312.2993,312.36,311.8704,311.8704,62306.0
2025-05-07 14:45:00,311.9,312.04,311.523,312.0,74191.0
2025-05-07 14:50:00,311.98,312.25,311.7539,312.1884,43014.0
2025-05-07 14:55:00,312.14,312.2401,312.0204,312.09,37332.0
2025-05-07 15:00:00,312.15,312.4,312.04,312.15,39564.0
2025-05-07 15:05:00,312.08,312.39,312.025,312.18,45627.0
2025-05-07 15:10:00,312.2092,312.25,311.91,312.25,31875.0
2025-05-07 15:15:00,312.26,312.26,312.05,312.06,57982.0
2025-05-07 15:20:00,312.07,312.07,311.76,311.88,72291.0
2025-05-07 15:25:00,311.96,312.06,311.81,311.95,57070.0
2025-05-07 15:30:00,311.97,312.17,311.97,312.0992,50678.0
2025-05-07 15:35:00,312.1,312.25,312.04,312.08,43846.0
2025-05-07 15:40:00,312.08,312.15,311.92,312.0,35391.0
2025-05-07 15:45:00,312.02,312.24,311.97,311.97,60782.0
2025-05-07 15:50:00,311.96,312.0851,311.88,311.99,32880.0
2025-05-07 15:55:00,311.96,312.18,311.95,312.03,32332.0
2025-05-07 16:00:00,312.058,312.17,311.99,312.01,18479.0
2025-05-08 09:30:00,307.74,307.74,307.45,307.49,2249.0
2025-05-08 09:35:00,307.49,307.49,307.49,307.49,815.0
2025-05-08 09:40:00,307.76,307.78,307.55,307.55,1175.0
2025-05-08 09:45:00,307.81,307.9,307.7,307.9,717.0
2025-05-08 09:50:00,307.9,307.9,307.57,307.57,1839.0
2025-05-08 09:55:00,307.31,307.31,307.03,307.06,1773.0
2025-05-08 10:00:00,307.08,307.08,306.93,307.04,1329.0
2025-05-08 10:05:00,307.22,307.5,307.22,307.5,966.0
2025-05-08 10:10:00,307.6,307.68,307.51,307.68,669.0
2025-05-08 10:20:00,307.92,308.37,307.92,308.37,2277.0
2025-05-08 10:25:00,308.21,308.4,308.21,308.4,358.0
2025-05-08 10:30:00,308.25,308.25,308.05,308.11,1062.0
2025-05-08 10:35:00,308.0,308.13,307.91,308.13,1027.0
2025-05-08 10:45:00,307.76,307.76,307.7,307.7,924.0
2025-05-08 10:50:00,307.8,307.99,307.79,307.99,649.0
2025-05-08 10:55:00,308.0,308.16,308.0,308.02,556.0
2025-05-08 11:00:00,308.11,308.16,307.75,307.83,5256.0
2025-05-08 11:05:00,307.79,307.82,307.79,307.8,430.0
2025-05-08 11:10:00,307.77,307.8,307.7,307.8,1549.0
2025-05-08 11:15:00,307.94,308.13,307.82,308.01,4367.0
2025-05-08 11:20:00,308.11,308.12,308.0,308.0,1933.0
2025-05-08 11:25:00,308.13,308.13,308.13,308.13,883.0
2025-05-08 11:30:00,308.04,308.06,308.04,308.05,650.0
2025-05-08 11:35:00,308.11,308.17,308.11,308.12,1656.0
2025-05-08 11:45:00,308.03,308.08,307.93,307.93,3678.0
2025-05-08 11:50:00,308.25,308.25,308.01,308.01,2886.0
2025-05-08 11:55:00,308.16,308.16,308.11,308.11,364.0
2025-05-08 12:00:00,308.17,312.75,306.0,308.31,105243.0
2025-05-08 12:05:00,308.5,308.5,308.17,308.42,2163.0
2025-05-08 12:15:00,308.5,308.97,308.5,308.8,5479.0
2025-05-08 12:20:00,308.82,309.05,308.82,309.05,2992.0
2025-05-08 12:25:00,309.01,309.05,308.92,309.0,2761.0
2025-05-08 12:30:00,309.0004,309.15,308.6801,308.6801,8017.0
2025-05-08 12:35:00,308.81,309.5,308.7479,309.42,11246.0
2025-05-08 12:40:00,309.42,309.51,309.0,309.0,9111.0
2025-05-08 12:45:00,309.1,309.1,308.69,308.8501,7353.0
2025-05-08 12:50:00,308.85,308.85,308.51,308.51,3324.0
2025-05-08 12:55:00,308.83,309.32,308.83,309.29,1148.0
2025-05-08 13:00:00,309.3,309.689,309.25,309.67,12232.0
2025-05-08 13:05:00,309.6199,309.66,309.41,309.66,11007.0
2025-05-08 13:10:00,309.79,309.86,309.76,309.85,3966.0
2025-05-08 13:15:00,309.9283,310.01,309.75,309.99,7137.0
2025-05-08 13:20:00,309.8309,309.84,309.34,309.44,12067.0
2025-05-08 13:25:00,309.4202,309.72,309.33,309.67,13934.0
2025-05-08 13:30:00,309.76,310.33,309.5419,310.25,200102.0
2025-05-08 13:35:00,310.23,310.48,310.08,310.08,95540.0
2025-05-08 13:40:00,310.105,310.3216,309.92,310.105,93167.0
2025-05-08 13:45:00,310.11,310.11,309.554,310.06,89447.0
2025-05-08 13:50:00,310.07,310.07,309.4637,309.57,138798.0
2025-05-08 13:55:00,309.58,309.71,309.24,309.27,82981.0
2025-05-08 14:00:00,309.28,309.36,308.877,309.265,146329.0
2025-05-08 14:05:00,309.28,309.67,309.25,309.63,99669.0
2025-05-08 14:10:00,309.65,309.91,309.65,309.69,71484.0
2025-05-08 14:15:00,309.66,309.71,309.17,309.34,78516.0
2025-05-08 14:20:00,309.35,309.5,308.89,308.93,66832.0
2025-05-08 14:25:00,308.9,309.085,308.7701,309.07,132895.0
2025-05-08 14:30:00,309.09,309.47,309.01,309.16,55987.0
2025-05-08 14:35:00,309.0938,309.46,309.03,309.3036,49387.0
2025-05-08 14:40:00,309.33,309.82,309.32,309.78,53455.0
2025-05-08 14:45:00,309.78,309.8389,309.56,309.69,43708.0
2025-05-08 14:50:00,309.6799,309.77,309.1,309.565,70377.0
2025-05-08 14:55:00,309.58,309.8188,309.09,309.36,83909.0
2025-05-08 15:00:00,309.36,309.46,309.01,309.07,972725.0
2025-05-08 15:05:00,309.08,309.29,308.98,309.14,799164.0
2025-05-08 15:10:00,309.1799,309.5721,309.1799,309.51,61062.0
2025-05-08 15:15:00,309.5,309.637,309.34,309.375,33836.0
2025-05-08 15:20:00,309.3,309.34,308.77,309.0,74584.0
2025-05-08 15:25:00,308.9199,308.9199,307.88,308.4,258145.0
2025-05-08 15:30:00,308.37,308.975,308.07,308.08,127677.0
2025-05-08 15:35:00,308.05,308.47,307.89,308.19,221173.0
2025-05-08 15:40:00,308.23,308.24,307.31,307.4199,203330.0
2025-05-08 15:45:00,307.42,307.58,306.94,306.955,213145.0
2025-05-08 15:50:00,306.94,307.19,306.554,307.175,321567.0
2025-05-08 15:55:00,307.195,307.22,306.77,306.87,120238.0
2025-05-08 16:00:00,306.875,306.875,306.28,306.545,109477.0
2025-05-09 09:30:00,306.59,306.65,306.37,306.65,873.0
2025-05-09 09:35:00,306.52,306.52,306.52,306.52,193.0
2025-05-09 09:45:00,306.53,306.58,306.53,306.58,303.0
2025-05-09 09:50:00,306.57,306.58,306.56,306.56,474.0
2025-05-09 09:55:00,306.61,306.61,306.5,306.5,406.0
2025-05-09 10:00:00,306.24,306.29,306.23,306.25,760.0
2025-05-09 10:05:00,306.2,306.35,306.2,306.35,841.0
2025-05-09 10:10:00,306.5,306.61,306.5,306.6,856.0
2025-05-09 10:15:00,306.62,306.77,306.62,306.77,461.0
2025-05-09 10:20:00,306.63,306.63,306.63,306.63,204.0
2025-05-09 10:25:00,306.49,306.49,306.49,306.49,180.0
2025-05-09 10:30:00,306.4,306.4,306.38,306.38,638.0
2025-05-09 10:35:00,306.3,306.3,306.14,306.29,1469.0
2025-05-09 10:40:00,306.35,306.35,306.35,306.35,1080.0
2025-05-09 10:45:00,306.46,306.5,306.39,306.43,540.0
2025-05-09 10:50:00,306.48,306.5,306.47,306.48,600.0
2025-05-09 10:55:00,306.41,306.41,306.21,306.21,252.0
2025-05-09 11:00:00,306.4,306.75,306.37,306.75,1289.0
2025-05-09 11:05:00,306.87,306.98,306.78,306.78,2189.0
2025-05-09 11:10:00,306.78,306.85,306.78,306.85,531.0
2025-05-09 11:15:00,306.99,307.0,306.95,306.99,485.0
2025-05-09 11:20:00,306.95,307.05,306.89,306.89,790.0
2025-05-09 11:25:00,306.8,307.68,306.8,307.5,4774.0
2025-05-09 11:30:00,307.41,307.41,306.5,306.52,3641.0
2025-05-09 11:35:00,306.55,306.98,306.55,306.98,3639.0
2025-05-09 11:40:00,307.23,307.3,307.1,307.13,3019.0
2025-05-09 11:45:00,307.13,307.13,306.89,306.89,1920.0
2025-05-09 11:50:00,306.89,307.12,306.88,307.12,2272.0
2025-05-09 12:00:00,306.87,307.59,305.28,307.1,37269.0
2025-05-09 12:05:00,307.4927,307.4927,307.01,307.38,2571.0
2025-05-09 12:10:00,307.29,307.35,307.29,307.35,1581.0
2025-05-09 12:15:00,307.35,307.45,307.2,307.36,5518.0
2025-05-09 12:20:00,307.05,307.3,307.05,307.23,1151.0
2025-05-09 12:25:00,307.25,307.26,307.1404,307.26,1621.0
2025-05-09 12:30:00,307.1,307.1,307.0,307.0,870.0
2025-05-09 12:35:00,307.0,307.0,306.7545,306.7545,6978.0
2025-05-09 12:40:00,306.98,307.1,306.94,307.08,5028.0
2025-05-09 12:45:00,307.1499,307.25,306.94,307.2,3100.0
2025-05-09 12:50:00,307.11,307.19,307.1,307.18,1640.0
2025-05-09 12:55:00,307.15,307.35,307.15,307.28,17349.0
2025-05-09 13:00:00,307.36,307.51,307.0312,307.0312,2676.0
2025-05-09 13:05:00,307.05,307.05,306.8509,307.0116,7764.0
2025-05-09 13:10:00,306.91,307.03,306.89,307.03,1166.0
2025-05-09 13:15:00,307.11,307.41,306.98,307.3898,4744.0
2025-05-09 13:20:00,307.44,307.54,307.34,307.4701,11951.0
2025-05-09 13:25:00,307.49,307.8883,307.43,307.84,7663.0
2025-05-09 13:30:00,307.79,307.86,307.49,307.555,210859.0
2025-05-09 13:35:00,307.55,307.67,307.36,307.5801,90639.0
2025-05-09 13:40:00,307.5901,307.79,307.16,307.34,84378.0
2025-05-09 13:45:00,307.425,307.52,307.2409,307.515,63208.0
2025-05-09 13:50:00,307.5,307.51,307.275,307.3113,57348.0
2025-05-09 13:55:00,307.33,307.33,306.95,307.03,45412.0
2025-05-09 14:00:00,307.02,307.02,306.29,306.4276,98526.0
2025-05-09 14:05:00,306.42,306.78,306.35,306.49,65529.0
2025-05-09 14:10:00,306.4788,306.48,306.06,306.16,131512.0
2025-05-09 14:15:00,306.13,306.93,306.0101,306.88,122835.0
2025-05-09 14:20:00,306.8866,307.12,306.88,307.115,151752.0
2025-05-09 14:25:00,307.1,307.77,307.01,307.665,149974.0
2025-05-09 14:30:00,307.68,308.0,307.39,307.53,253439.0
2025-05-09 14:35:00,307.51,307.86,307.5001,307.555,79778.0
2025-05-09 14:40:00,307.5662,307.69,307.27,307.62,125554.0
2025-05-09 14:45:00,307.5962,307.8432,307.34,307.785,97950.0
2025-05-09 14:50:00,307.83,307.84,307.47,307.645,113758.0
2025-05-09 14:55:00,307.66,307.71,307.42,307.59,63105.0
2025-05-09 15:00:00,307.58,307.76,307.48,307.73,94023.0
2025-05-09 15:05:00,307.73,307.87,307.63,307.8299,57478.0
2025-05-09 15:10:00,307.77,308.148,307.66,307.9241,104734.0
2025-05-09 15:15:00,307.925,308.14,307.65,307.7399,56000.0
2025-05-09 15:20:00,307.7388,308.025,307.7,307.865,44591.0
2025-05-09 15:25:00,307.82,307.8615,307.6701,307.82,53019.0
2025-05-09 15:30:00,307.8,307.99,307.79,307.91,59059.0
2025-05-09 15:35:00,307.91,308.42,307.89,308.26,96790.0
2025-05-09 15:40:00,308.25,308.2693,308.05,308.13,170980.0
2025-05-09 15:45:00,308.1051,308.14,307.86,308.01,69301.0
2025-05-09 15:50:00,308.05,308.1495,308.0,308.06,27727.0
2025-05-09 15:55:00,308.08,308.32,308.06,308.3,40021.0
2025-05-09 16:00:00,308.32,308.52,308.32,308.4397,46625.0
2025-05-12 09:30:00,297.23,297.23,296.84,296.87,3275.0
2025-05-12 09:35:00,296.88,297.09,296.83,296.83,3284.0
2025-05-12 09:40:00,296.77,296.98,296.61,296.97,2072.0
2025-05-12 09:45:00,296.92,297.06,296.88,297.0,8635.0
2025-05-12 09:50:00,296.93,296.94,296.53,296.53,3984.0
2025-05-12 09:55:00,296.5,296.5,296.23,296.29,8390.0
2025-05-12 10:00:00,296.48,296.61,296.48,296.58,3381.0
2025-05-12 10:05:00,296.6,296.74,296.44,296.44,1132.0
2025-05-12 10:10:00,296.5,296.5,296.25,296.25,5021.0
2025-05-12 10:15:00,296.25,296.42,296.05,296.4,23291.0
2025-05-12 10:20:00,296.42,296.42,295.93,295.93,28257.0
2025-05-12 10:25:00,296.09,296.53,296.01,296.22,31998.0
2025-05-12 10:30:00,296.15,296.4,296.15,296.4,9763.0
2025-05-12 10:35:00,296.23,296.35,296.05,296.23,21755.0
2025-05-12 10:40:00,296.0,296.01,295.73,296.0,8179.0
2025-05-12 10:45:00,296.0,296.0,296.0,296.0,182.0
2025-05-12 10:50:00,296.2,296.23,295.89,296.01,6333.0
2025-05-12 10:55:00,296.04,296.05,295.64,295.74,6707.0
2025-05-12 11:00:00,295.77,296.59,295.61,296.59,16739.0
2025-05-12 11:05:00,296.68,297.06,296.54,297.06,16667.0
2025-05-12 11:10:00,296.85,297.17,296.82,297.05,27279.0
2025-05-12 11:15:00,297.0,297.08,296.75,296.9,15914.0
2025-05-12 11:20:00,297.0,297.0,296.81,296.94,4264.0
2025-05-12 11:25:00,296.9,296.9,296.72,296.77,2477.0
2025-05-12 11:30:00,296.74,296.82,296.56,296.68,20414.0
2025-05-12 11:35:00,296.62,296.62,296.37,296.37,21214.0
2025-05-12 11:40:00,296.29,296.71,296.2,296.71,18854.0
2025-05-12 11:45:00,296.56,297.0,296.56,296.89,8214.0
2025-05-12 11:50:00,296.95,297.4,296.95,297.3,17725.0
2025-05-12 11:55:00,297.34,297.5,297.07,297.07,7652.0
2025-05-12 12:00:00,296.9,302.54,295.66,297.05,365832.0
2025-05-12 12:05:00,297.18,297.25,296.87,297.2324,47261.0
2025-05-12 12:10:00,297.0,297.14,296.82,297.0,9520.0
2025-05-12 12:15:00,296.97,297.47,296.9,297.47,26125.0
2025-05-12 12:20:00,297.4647,298.08,297.4647,297.53,9775.0
2025-05-12 12:25:00,297.83,298.02,297.43,297.6,22126.0
2025-05-12 12:30:00,297.53,297.7,297.4,297.5,10635.0
2025-05-12 12:35:00,297.5,297.52,297.31,297.36,4100.0
2025-05-12 12:40:00,297.4,297.9999,297.4,297.9999,4499.0
2025-05-12 12:45:00,297.7507,297.99,297.6575,297.6575,11494.0
2025-05-12 12:50:00,297.65,297.77,297.3143,297.77,4996.0
2025-05-12 12:55:00,297.71,298.05,297.64,297.96,61295.0
2025-05-12 13:00:00,298.08,298.3,297.96,298.23,28912.0
2025-05-12 13:05:00,298.4,299.27,298.4,298.74,50470.0
2025-05-12 13:10:00,298.56,298.93,298.4,298.86,40164.0
2025-05-12 13:15:00,298.75,298.95,298.4799,298.67,28616.0
2025-05-12 13:20:00,298.7083,298.96,298.48,298.55,28443.0
2025-05-12 13:25:00,298.56,298.59,298.32,298.41,63273.0
2025-05-12 13:30:00,298.33,298.5,297.91,298.1001,946414.0
2025-05-12 13:35:00,298.09,298.44,297.86,298.31,374878.0
2025-05-12 13:40:00,298.34,299.04,298.3,298.915,480155.0
2025-05-12 13:45:00,298.93,299.44,298.69,299.25,366377.0
2025-05-12 13:50:00,299.23,299.47,298.55,298.65,360426.0
2025-05-12 13:55:00,298.615,298.9,298.49,298.71,314641.0
2025-05-12 14:00:00,298.7,298.75,298.06,298.1758,310696.0
2025-05-12 14:05:00,298.17,298.67,298.04,298.53,285578.0
2025-05-12 14:10:00,298.54,298.68,298.11,298.151,136500.0
2025-05-12 14:15:00,298.17,298.79,298.115,298.77,165509.0
2025-05-12 14:20:00,298.76,298.94,298.23,298.305,163553.0
2025-05-12 14:25:00,298.29,298.97,298.29,298.89,208663.0
2025-05-12 14:30:00,298.95,299.18,298.59,299.03,180462.0
2025-05-12 14:35:00,299.0,299.33,298.94,299.2,242207.0
2025-05-12 14:40:00,299.2,299.28,298.82,298.95,120168.0
2025-05-12 14:45:00,298.9,298.98,298.48,298.79,218777.0
2025-05-12 14:50:00,298.75,298.75,298.22,298.22,97286.0
2025-05-12 14:55:00,298.2,298.48,298.18,298.435,84858.0
2025-05-12 15:00:00,298.4401,298.67,298.34,298.5312,268919.0
2025-05-12 15:05:00,298.58,298.7298,298.44,298.519,104895.0
2025-05-12 15:10:00,298.5138,298.52,298.25,298.28,144862.0
2025-05-12 15:15:00,298.31,298.66,298.2742,298.4001,135229.0
2025-05-12 15:20:00,298.43,298.5,297.96,298.4938,225406.0
2025-05-12 15:25:00,298.48,298.86,298.45,298.5745,97640.0
2025-05-12 15:30:00,298.56,298.58,298.25,298.29,73356.0
2025-05-12 15:35:00,298.3,298.78,298.26,298.5312,285551.0
2025-05-12 15:40:00,298.54,298.74,298.49,298.57,94864.0
2025-05-12 15:45:00,298.56,298.8725,298.56,298.81,67021.0
2025-05-12 15:50:00,298.81,299.0199,298.51,298.56,95348.0
2025-05-12 15:55:00,298.53,298.59,298.3801,298.55,120505.0
2025-05-12 16:00:00,298.56,298.61,298.1,298.2383,119306.0
2025-05-13 09:30:00,299.83,299.83,299.83,299.83,100.0
2025-05-13 09:40:00,299.64,299.79,299.64,299.79,244.0
2025-05-13 09:45:00,299.9,299.9,299.9,299.9,150.0
2025-05-13 09:50:00,299.99,300.01,299.99,300.01,289.0
2025-05-13 09:55:00,300.0,300.0,300.0,300.0,153.0
2025-05-13 10:05:00,299.8,299.8,299.8,299.8,160.0
2025-05-13 10:15:00,299.74,299.83,299.74,299.83,5348.0
2025-05-13 10:20:00,300.18,300.18,299.99,299.99,1076.0
2025-05-13 10:25:00,299.99,299.99,299.99,299.99,130.0
2025-05-13 10:30:00,300.0,300.0,299.98,299.98,665.0
2025-05-13 10:35:00,299.8,299.95,299.8,299.95,1201.0
2025-05-13 10:50:00,299.88,299.88,299.88,299.88,507.0
2025-05-13 10:55:00,299.7,299.7,299.69,299.7,466.0
2025-05-13 11:00:00,299.96,299.96,299.69,299.85,1817.0
2025-05-13 11:05:00,299.85,299.89,299.85,299.89,521.0
2025-05-13 11:10:00,299.83,299.83,299.79,299.79,436.0
2025-05-13 11:15:00,299.72,300.0,299.67,300.0,3775.0
2025-05-13 11:20:00,300.0,300.3,299.99,300.3,5681.0
2025-05-13 11:25:00,300.33,300.33,300.21,300.21,1327.0
2025-05-13 11:30:00,300.0,300.4,300.0,300.39,1417.0
2025-05-13 11:35:00,300.28,300.3,300.16,300.16,1852.0
2025-05-13 11:40:00,300.27,300.34,300.0,300.0,3252.0
2025-05-13 11:45:00,299.97,299.97,299.78,299.78,1817.0
2025-05-13 11:50:00,299.78,299.89,299.71,299.89,1609.0
2025-05-13 11:55:00,299.75,299.75,299.41,299.5,3994.0
2025-05-13 12:00:00,300.08,300.8,298.37,299.01,97974.0
2025-05-13 12:05:00,299.01,299.02,298.8301,298.97,6709.0
2025-05-13 12:10:00,299.0,299.1,298.8,298.8,1931.0
2025-05-13 12:15:00,298.83,298.85,298.55,298.8,2198.0
2025-05-13 12:20:00,298.5,298.62,298.5,298.5,4566.0
2025-05-13 12:25:00,298.44,298.87,298.44,298.82,2539.0
2025-05-13 12:30:00,298.8,299.1,298.5,298.75,13513.0
2025-05-13 12:35:00,298.98,299.2,298.75,298.75,9444.0
2025-05-13 12:40:00,298.74,299.35,298.74,299.26,6489.0
2025-05-13 12:45:00,299.3,299.37,299.05,299.08,4917.0
2025-05-13 12:50:00,299.0,299.0,298.85,299.0,3557.0
2025-05-13 12:55:00,298.97,299.14,298.82,298.82,3885.0
2025-05-13 13:00:00,298.8,299.15,298.8,298.9682,3162.0
2025-05-13 13:05:00,298.8778,299.18,298.8778,298.97,4746.0
2025-05-13 13:10:00,299.01,299.07,298.84,298.95,3506.0
2025-05-13 13:15:00,298.81,298.81,298.28,298.6701,14886.0
2025-05-13 13:20:00,298.72,298.88,298.72,298.85,3932.0
2025-05-13 13:25:00,298.82,299.17,298.82,299.0,42860.0
2025-05-13 13:30:00,299.02,299.1088,298.56,298.68,324023.0
2025-05-13 13:35:00,298.65,298.82,298.32,298.37,231084.0
2025-05-13 13:40:00,298.36,298.46,297.89,298.43,258520.0
2025-05-13 13:45:00,298.42,298.52,297.82,298.04,217523.0
2025-05-13 13:50:00,298.06,298.12,297.73,297.8138,157817.0
2025-05-13 13:55:00,297.785,297.8701,297.43,297.44,227835.0
2025-05-13 14:00:00,297.46,297.77,297.24,297.76,190688.0
2025-05-13 14:05:00,297.7808,298.13,297.7199,298.06,166924.0
2025-05-13 14:10:00,298.095,298.14,297.84,297.92,97941.0
2025-05-13 14:15:00,297.8996,298.51,297.8401,298.4944,120340.0
2025-05-13 14:20:00,298.51,298.73,298.35,298.41,159810.0
2025-05-13 14:25:00,298.44,298.67,298.25,298.655,78360.0
2025-05-13 14:30:00,298.63,299.08,298.53,299.07,110558.0
2025-05-13 14:35:00,299.05,299.09,298.88,298.9792,90337.0
2025-05-13 14:40:00,298.97,299.38,298.73,299.31,133213.0
2025-05-13 14:45:00,299.3751,299.4212,299.05,299.4212,52942.0
2025-05-13 14:50:00,299.39,299.39,298.93,299.02,71166.0
2025-05-13 14:55:00,299.025,299.05,298.82,298.84,108702.0
2025-05-13 15:00:00,298.85,299.14,298.845,299.1091,65291.0
2025-05-13 15:05:00,299.12,299.3301,298.86,298.86,70278.0
2025-05-13 15:10:00,298.84,299.15,298.8,299.13,83715.0
2025-05-13 15:15:00,299.13,299.17,298.92,299.01,99368.0
2025-05-13 15:20:00,299.0,299.32,298.9475,299.32,61239.0
2025-05-13 15:25:00,299.3158,299.42,299.23,299.3257,74633.0
2025-05-13 15:30:00,299.34,299.69,299.12,299.69,163875.0
2025-05-13 15:35:00,299.69,299.705,299.45,299.47,103038.0
2025-05-13 15:40:00,299.5,299.68,299.42,299.62,136244.0
2025-05-13 15:45:00,299.59,299.8,299.555,299.77,83307.0
2025-05-13 15:50:00,299.81,300.01,299.64,299.98,198173.0
2025-05-13 15:55:00,299.97,300.09,299.83,299.85,169081.0
2025-05-13 16:00:00,299.85,300.19,299.79,300.11,130954.0
2025-05-14 09:30:00,297.74,297.77,297.67,297.77,731.0
2025-05-14 09:35:00,297.79,297.79,297.79,297.79,324.0
2025-05-14 09:40:00,298.05,298.07,298.04,298.04,691.0
2025-05-14 09:45:00,298.19,298.19,298.17,298.19,550.0
2025-05-14 09:50:00,298.11,298.11,298.0,298.0,661.0
2025-05-14 10:05:00,297.68,297.93,297.68,297.93,503.0
2025-05-14 10:10:00,297.88,297.88,297.83,297.88,243.0
2025-05-14 10:15:00,297.97,297.97,297.97,297.97,132.0
2025-05-14 10:25:00,297.99,297.99,297.99,297.99,1200.0
2025-05-14 10:30:00,297.97,297.97,297.84,297.84,474.0
2025-05-14 10:35:00,297.67,298.0,297.67,298.0,837.0
2025-05-14 10:40:00,298.02,298.1,297.97,297.97,522.0
2025-05-14 10:45:00,297.75,297.75,297.75,297.75,210.0
2025-05-14 10:50:00,297.7,297.92,297.67,297.92,1349.0
2025-05-14 10:55:00,298.08,298.18,298.08,298.18,303.0
2025-05-14 11:00:00,298.1,298.26,298.1,298.26,4713.0
2025-05-14 11:05:00,298.2,298.29,298.16,298.16,1767.0
2025-05-14 11:10:00,298.32,298.39,298.32,298.39,244.0
2025-05-14 11:15:00,298.4,298.4,298.36,298.36,578.0
2025-05-14 11:20:00,298.38,298.45,298.3,298.45,658.0
2025-05-14 11:25:00,298.47,298.54,298.45,298.45,993.0
2025-05-14 11:35:00,298.24,298.24,298.0,298.0,1823.0
2025-05-14 11:40:00,297.96,297.96,297.78,297.84,3878.0
2025-05-14 11:45:00,297.88,297.88,297.39,297.41,7726.0
2025-05-14 11:50:00,297.34,297.45,297.31,297.31,2155.0
2025-05-14 11:55:00,297.3,297.3,296.59,296.8,10951.0
2025-05-14 12:00:00,298.15,298.55,296.47,296.91,66356.0
2025-05-14 12:05:00,296.9,296.99,296.73,296.96,7151.0
2025-05-14 12:10:00,296.86,296.89,296.13,296.13,18311.0
2025-05-14 12:15:00,296.18,296.45,295.75,296.24,14222.0
2025-05-14 12:20:00,296.33,296.38,296.0,296.3319,5591.0
2025-05-14 12:25:00,296.28,296.5,296.08,296.2,4266.0
2025-05-14 12:30:00,296.25,296.28,295.98,296.15,5682.0
2025-05-14 12:35:00,296.0,296.0,294.9,295.0,28673.0
2025-05-14 12:40:00,295.09,295.5908,294.9982,295.1,13187.0
2025-05-14 12:45:00,295.02,295.02,294.0,294.6,39108.0
2025-05-14 12:50:00,294.38,294.45,293.5605,293.78,26851.0
2025-05-14 12:55:00,293.71,294.1,293.5,293.605,21150.0
2025-05-14 13:00:00,293.5,293.76,293.08,293.25,25528.0
2025-05-14 13:05:00,293.26,293.56,292.96,293.15,41121.0
2025-05-14 13:10:00,293.05,293.0899,292.71,293.02,43127.0
2025-05-14 13:15:00,293.0,293.68,292.65,293.6,36853.0
2025-05-14 13:20:00,293.63,293.94,293.59,293.93,24121.0
2025-05-14 13:25:00,293.95,294.0887,293.3,293.71,19903.0
2025-05-14 13:30:00,293.67,294.3999,293.2707,294.0967,808346.0
2025-05-14 13:35:00,294.085,294.4,293.76,293.87,384633.0
2025-05-14 13:40:00,293.89,294.01,293.5401,293.95,238838.0
2025-05-14 13:45:00,293.96,294.295,293.96,294.12,239557.0
2025-05-14 13:50:00,294.1,294.8,294.0995,294.7,329820.0
2025-05-14 13:55:00,294.6844,294.72,294.1,294.13,193076.0
2025-05-14 14:00:00,294.13,294.4,293.84,293.89,194551.0
2025-05-14 14:05:00,293.9297,294.38,293.601,293.68,197202.0
2025-05-14 14:10:00,293.68,294.17,293.56,293.66,245066.0
2025-05-14 14:15:00,293.64,293.935,293.312,293.41,280748.0
2025-05-14 14:20:00,293.4,293.425,293.01,293.25,265553.0
2025-05-14 14:25:00,293.22,293.69,293.22,293.5703,209322.0
2025-05-14 14:30:00,293.57,293.57,293.105,293.32,185015.0
2025-05-14 14:35:00,293.32,293.52,293.17,293.28,145466.0
2025-05-14 14:40:00,293.3,293.6202,293.23,293.6202,117339.0
2025-05-14 14:45:00,293.605,294.08,293.56,294.0002,165324.0
2025-05-14 14:50:00,294.05,294.18,293.315,293.4,175799.0
2025-05-14 14:55:00,293.34,293.44,293.19,293.24,99285.0
2025-05-14 15:00:00,293.22,293.41,293.05,293.09,183129.0
2025-05-14 15:05:00,293.09,293.4054,293.08,293.24,161152.0
2025-05-14 15:10:00,293.25,293.28,292.96,293.095,407036.0
2025-05-14 15:15:00,293.1,293.4998,293.02,293.485,128739.0
2025-05-14 15:20:00,293.49,293.65,293.34,293.42,109725.0
2025-05-14 15:25:00,293.385,293.69,293.34,293.595,98975.0
2025-05-14 15:30:00,293.6,293.69,293.38,293.61,108011.0
2025-05-14 15:35:00,293.6,293.63,293.17,293.19,93603.0
2025-05-14 15:40:00,293.205,293.3599,293.11,293.1901,130982.0
2025-05-14 15:45:00,293.22,293.26,293.0458,293.0554,217192.0
2025-05-14 15:50:00,293.06,293.27,293.0558,293.24,88056.0
2025-05-14 15:55:00,293.21,293.33,293.04,293.3,145951.0
2025-05-14 16:00:00,293.32,293.3978,293.25,293.3,138448.0
2025-05-15 09:30:00,291.77,292.19,291.77,292.19,2572.0
2025-05-15 09:35:00,292.15,292.15,292.0,292.0,2153.0
2025-05-15 09:40:00,292.11,292.14,292.0,292.0,1217.0
2025-05-15 09:45:00,292.0,292.0,291.88,291.88,849.0
2025-05-15 09:50:00,291.88,291.89,291.76,291.76,1222.0
2025-05-15 09:55:00,291.78,291.78,291.65,291.7,986.0
2025-05-15 10:00:00,291.67,291.67,291.64,291.64,685.0
2025-05-15 10:05:00,292.06,292.47,292.0,292.47,1501.0
2025-05-15 10:10:00,292.38,292.59,292.38,292.51,14209.0
2025-05-15 10:15:00,292.65,292.72,292.5,292.72,1481.0
2025-05-15 10:25:00,292.57,292.62,292.57,292.61,1214.0
2025-05-15 10:30:00,292.75,292.9,292.75,292.9,785.0
2025-05-15 10:35:00,292.75,292.84,292.7,292.7,1461.0
2025-05-15 10:40:00,292.69,292.8,292.69,292.8,1642.0
2025-05-15 10:45:00,292.94,292.97,292.75,292.9,4537.0
2025-05-15 10:50:00,292.96,292.96,292.8,292.8,2719.0
2025-05-15 10:55:00,292.96,293.0,292.87,292.98,10269.0
2025-05-15 11:00:00,292.84,293.08,292.84,292.85,8301.0
2025-05-15 11:05:00,292.86,292.87,292.6,292.63,9182.0
2025-05-15 11:10:00,292.7,292.85,292.69,292.85,576.0
2025-05-15 11:15:00,292.89,293.0,292.8,292.8,4111.0
2025-05-15 11:20:00,292.8,292.81,292.5,292.53,5442.0
2025-05-15 11:25:00,292.63,292.74,292.53,292.74,1958.0
2025-05-15 11:30:00,292.66,292.8,292.5,292.5,5345.0
2025-05-15 11:35:00,292.56,292.6,292.4,292.4,2919.0
2025-05-15 11:40:00,292.5,292.7,292.46,292.7,4438.0
2025-05-15 11:45:00,292.9,292.97,292.85,292.85,1110.0
2025-05-15 11:50:00,292.8,292.94,292.73,292.94,6214.0
2025-05-15 11:55:00,292.95,292.95,292.83,292.9,1470.0
2025-05-15 12:00:00,292.87,293.2925,287.91,293.2925,90131.0
2025-05-15 12:05:00,293.3,293.3,293.1,293.25,8013.0
2025-05-15 12:10:00,293.1,293.23,292.81,293.17,4819.0
2025-05-15 12:15:00,293.11,293.11,292.91,292.99,1933.0
2025-05-15 12:20:00,292.95,293.63,292.88,293.59,5552.0
2025-05-15 12:25:00,293.14,293.25,293.02,293.25,1697.0
2025-05-15 12:30:00,293.47,293.69,293.2,293.41,15121.0
2025-05-15 12:35:00,293.5,293.65,293.25,293.25,67947.0
2025-05-15 12:40:00,293.25,293.4952,293.0,293.0,6283.0
2025-05-15 12:45:00,293.28,293.39,293.09,293.15,4895.0
2025-05-15 12:50:00,293.15,293.88,293.0801,293.88,4272.0
2025-05-15 12:55:00,293.85,293.95,293.65,293.82,5287.0
2025-05-15 13:00:00,293.85,294.0397,293.6,294.0,10007.0
2025-05-15 13:05:00,294.0291,294.38,293.9,294.38,16904.0
2025-05-15 13:10:00,294.2,294.5,293.8001,294.5,9911.0
2025-05-15 13:15:00,294.45,294.85,294.38,294.52,40291.0
2025-05-15 13:20:00,294.52,294.63,294.45,294.6,19554.0
2025-05-15 13:25:00,294.5,294.51,294.08,294.1,36838.0
2025-05-15 13:30:00,294.1,294.32,293.91,294.18,369480.0
2025-05-15 13:35:00,294.17,294.54,293.9,294.54,256078.0
2025-05-15 13:40:00,294.56,294.6,294.06,294.06,303559.0
2025-05-15 13:45:00,294.04,294.21,293.75,294.05,242622.0
2025-05-15 13:50:00,294.06,294.385,294.03,294.29,271890.0
2025-05-15 13:55:00,294.33,294.55,294.16,294.17,262885.0
2025-05-15 14:00:00,294.17,294.32,294.02,294.0201,216478.0
2025-05-15 14:05:00,294.03,294.895,294.03,294.72,184459.0
2025-05-15 14:10:00,294.74,295.47,294.74,295.16,343697.0
2025-05-15 14:15:00,295.16,295.28,295.03,295.16,215447.0
2025-05-15 14:20:00,295.15,295.57,295.1,295.5,236645.0
2025-05-15 14:25:00,295.51,295.55,295.0,295.41,241791.0
2025-05-15 14:30:00,295.42,295.43,295.02,295.09,276236.0
2025-05-15 14:35:00,295.12,295.12,294.6702,295.07,169095.0
2025-05-15 14:40:00,295.11,295.24,294.85,294.94,168235.0
2025-05-15 14:45:00,294.96,295.3,294.93,295.255,193140.0
2025-05-15 14:50:00,295.255,295.315,294.97,295.015,144932.0
2025-05-15 14:55:00,295.02,295.405,294.97,295.4,141491.0
2025-05-15 15:00:00,295.4,295.5,295.3,295.48,136181.0
2025-05-15 15:05:00,295.51,295.87,295.46,295.81,158968.0
2025-05-15 15:10:00,295.81,295.955,295.65,295.73,178719.0
2025-05-15 15:15:00,295.7599,296.09,295.66,296.025,177741.0
2025-05-15 15:20:00,296.0,296.19,295.83,296.165,92986.0
2025-05-15 15:25:00,296.19,296.43,296.19,296.3696,98277.0
2025-05-15 15:30:00,296.36,296.38,296.0,296.11,82893.0
2025-05-15 15:35:00,296.126,296.4599,296.03,296.4546,78010.0
2025-05-15 15:40:00,296.47,296.5,296.13,296.15,106412.0
2025-05-15 15:45:00,296.15,296.36,296.14,296.23,82564.0
2025-05-15 15:50:00,296.225,296.57,296.225,296.38,97971.0
2025-05-15 15:55:00,296.38,296.72,296.33,296.68,123007.0
2025-05-15 16:00:00,296.68,296.7,296.5,296.51,90335.0
2025-05-16 09:30:00,295.83,296.14,295.81,296.04,1601.0
2025-05-16 09:35:00,295.97,295.97,295.87,295.93,1945.0
2025-05-16 09:40:00,295.85,295.85,295.76,295.76,1113.0
2025-05-16 09:45:00,295.93,295.93,295.93,295.93,516.0
2025-05-16 10:00:00,295.79,295.8,295.79,295.8,567.0
2025-05-16 10:05:00,295.71,295.71,295.71,295.71,158.0
2025-05-16 10:10:00,295.09,295.19,295.09,295.19,923.0
2025-05-16 10:15:00,295.4,295.44,295.15,295.15,1092.0
2025-05-16 10:20:00,295.22,295.22,295.17,295.21,1336.0
2025-05-16 10:25:00,295.0,295.12,295.0,295.0,757.0
2025-05-16 10:30:00,295.18,295.34,295.18,295.23,2557.0
2025-05-16 10:35:00,295.0,295.0,294.57,294.8,2640.0
2025-05-16 10:40:00,295.0,295.0,294.6,294.6,703.0
2025-05-16 10:45:00,294.4,294.4,293.83,293.88,4022.0
2025-05-16 10:50:00,293.7,293.88,292.1,292.37,26412.0
2025-05-16 10:55:00,292.59,292.8,292.55,292.55,10913.0
2025-05-16 11:00:00,292.69,292.99,292.5,292.73,13697.0
2025-05-16 11:05:00,292.6,292.63,292.21,292.31,20008.0
2025-05-16 11:10:00,292.57,292.59,292.2,292.23,7136.0
2025-05-16 11:15:00,292.4,292.64,292.36,292.64,3778.0
2025-05-16 11:20:00,292.64,292.76,292.41,292.41,4953.0
2025-05-16 11:25:00,292.47,292.53,292.35,292.36,7824.0
2025-05-16 11:30:00,292.3,292.99,292.27,292.99,4240.0
2025-05-16 11:35:00,292.92,293.0,292.75,292.8,9882.0
2025-05-16 11:40:00,292.7,292.85,292.52,292.56,17094.0
2025-05-16 11:45:00,292.5,292.71,292.2,292.43,58773.0
2025-05-16 11:50:00,292.43,292.43,290.88,290.89,46563.0
2025-05-16 11:55:00,290.89,291.59,290.89,291.59,15835.0
2025-05-16 12:00:00,292.68,297.52,290.8,291.454,80027.0
2025-05-16 12:05:00,291.53,291.75,291.1,291.11,7245.0
2025-05-16 12:10:00,291.27,291.9,291.27,291.7,37226.0
2025-05-16 12:15:00,291.8,292.0,291.77,292.0,23938.0
2025-05-16 12:20:00,291.92,292.55,291.9,292.55,7368.0
2025-05-16 12:25:00,292.6,292.71,292.37,292.5,8104.0
2025-05-16 12:30:00,292.5,292.64,292.1101,292.39,4064.0
2025-05-16 12:35:00,292.65,293.26,292.64,293.11,9861.0
2025-05-16 12:40:00,293.0,293.09,292.66,293.07,19949.0
2025-05-16 12:45:00,292.87,293.15,292.86,293.06,7158.0
2025-05-16 12:50:00,292.98,292.98,292.71,292.89,6015.0
2025-05-16 12:55:00,292.9,293.1,292.7,292.8,7484.0
2025-05-16 13:00:00,293.2,293.5595,293.16,293.51,25283.0
2025-05-16 13:05:00,293.53,293.56,293.32,293.33,12502.0
2025-05-16 13:10:00,293.1,293.2784,292.83,292.83,7774.0
2025-05-16 13:15:00,292.82,292.93,292.15,292.49,27274.0
2025-05-16 13:20:00,292.5599,292.81,292.5599,292.7,33352.0
2025-05-16 13:25:00,292.6,292.87,292.52,292.61,18336.0
2025-05-16 13:30:00,292.62,293.38,292.1501,293.34,517280.0
2025-05-16 13:35:00,293.34,293.62,293.1289,293.25,495180.0
2025-05-16 13:40:00,293.24,293.71,293.07,293.64,461130.0
2025-05-16 13:45:00,293.65,293.67,293.1,293.27,315771.0
2025-05-16 13:50:00,293.27,293.62,292.98,293.08,304008.0
2025-05-16 13:55:00,293.1,293.34,293.01,293.2,256606.0
2025-05-16 14:00:00,293.22,293.65,293.16,293.4,373264.0
2025-05-16 14:05:00,293.39,293.96,293.34,293.48,499411.0
2025-05-16 14:10:00,293.49,293.66,293.22,293.553,418273.0
2025-05-16 14:15:00,293.54,293.59,292.734,292.74,313543.0
2025-05-16 14:20:00,292.74,293.33,292.67,293.16,327710.0
2025-05-16 14:25:00,293.15,293.22,292.52,292.66,304041.0
2025-05-16 14:30:00,292.68,292.89,292.5,292.5647,194031.0
2025-05-16 14:35:00,292.59,292.6499,292.19,292.41,219955.0
2025-05-16 14:40:00,292.4,292.45,291.78,292.13,295326.0
2025-05-16 14:45:00,292.15,292.6092,292.11,292.52,139887.0
2025-05-16 14:50:00,292.53,292.81,292.39,292.75,190650.0
2025-05-16 14:55:00,292.72,292.85,292.3901,292.47,117684.0
2025-05-16 15:00:00,292.51,292.72,292.43,292.66,68565.0
2025-05-16 15:05:00,292.67,292.74,292.45,292.4701,96874.0
2025-05-16 15:10:00,292.49,293.0199,292.485,292.85,142287.0
2025-05-16 15:15:00,292.86,293.0271,292.71,292.99,90627.0
2025-05-16 15:20:00,292.9509,293.15,292.73,292.78,110537.0
2025-05-16 15:25:00,292.77,292.94,292.65,292.92,117918.0
2025-05-16 15:30:00,292.9,293.22,292.87,293.21,86547.0
2025-05-16 15:35:00,293.19,293.27,293.15,293.21,84368.0
2025-05-16 15:40:00,293.1762,293.22,293.02,293.16,113300.0
2025-05-16 15:45:00,293.14,293.49,292.94,293.445,123333.0
2025-05-16 15:50:00,293.42,293.55,293.3,293.38,130159.0
2025-05-16 15:55:00,293.39,293.4399,293.195,293.38,68233.0
2025-05-16 16:00:00,293.37,293.74,293.3,293.5,102484.0
2025-05-19 09:30:00,298.57,298.7,298.49,298.56,4527.0
2025-05-19 09:35:00,298.51,298.53,298.49,298.51,2310.0
2025-05-19 09:40:00,298.67,298.68,298.53,298.53,1242.0
2025-05-19 09:45:00,298.51,298.52,298.5,298.5,493.0
2025-05-19 09:50:00,298.66,298.66,298.59,298.63,1451.0
2025-05-19 09:55:00,298.71,298.71,298.71,298.71,428.0
2025-05-19 10:00:00,298.73,298.73,298.5,298.57,7632.0
2025-05-19 10:10:00,298.3,298.56,298.3,298.56,1058.0
2025-05-19 10:15:00,298.45,298.6,298.45,298.45,3177.0
2025-05-19 10:20:00,298.55,298.55,298.45,298.45,1258.0
2025-05-19 10:25:00,298.62,298.78,298.62,298.68,2429.0
2025-05-19 10:30:00,298.7,298.7,298.63,298.63,1224.0
2025-05-19 10:35:00,298.8,298.81,298.62,298.73,5760.0
2025-05-19 10:45:00,298.59,298.83,298.59,298.7,17910.0
2025-05-19 10:50:00,298.93,298.94,298.91,298.93,3525.0
2025-05-19 10:55:00,299.08,299.1,298.81,298.84,8103.0
2025-05-19 11:00:00,298.82,298.83,298.56,298.75,6610.0
2025-05-19 11:05:00,298.71,298.92,298.68,298.89,4724.0
2025-05-19 11:10:00,298.83,298.95,298.7,298.95,1637.0
2025-05-19 11:15:00,298.93,299.04,298.9,299.03,11870.0
2025-05-19 11:20:00,298.97,298.98,298.79,298.82,8676.0
2025-05-19 11:25:00,298.8,298.92,298.8,298.81,3503.0
2025-05-19 11:30:00,298.84,299.08,298.84,298.96,8616.0
2025-05-19 11:35:00,298.98,299.19,298.98,299.15,11507.0
2025-05-19 11:40:00,299.2,299.26,299.1,299.14,13191.0
2025-05-19 11:45:00,299.17,299.4,299.1,299.1,10007.0
2025-05-19 11:50:00,298.97,299.1,298.97,299.08,5269.0
2025-05-19 11:55:00,299.02,299.05,299.0,299.0,11728.0
2025-05-19 12:00:00,298.8,299.3699,296.04,298.8,82070.0
2025-05-19 12:05:00,298.84,298.98,298.62,298.62,22047.0
2025-05-19 12:10:00,298.68,298.95,298.68,298.83,5924.0
2025-05-19 12:15:00,298.9,298.99,298.76,298.8,17162.0
2025-05-19 12:20:00,298.71,298.876,298.45,298.52,16630.0
2025-05-19 12:25:00,298.65,298.85,298.65,298.65,7586.0
2025-05-19 12:30:00,298.7301,298.7301,298.42,298.5399,6762.0
2025-05-19 12:35:00,298.64,298.9143,298.55,298.9143,5645.0
2025-05-19 12:40:00,298.87,298.91,298.81,298.81,913.0
2025-05-19 12:45:00,298.7,298.7,298.33,298.52,12496.0
2025-05-19 12:50:00,298.5073,298.5073,298.0,298.07,5819.0
2025-05-19 12:55:00,298.12,298.12,297.6232,297.737,46285.0
2025-05-19 13:00:00,297.5,297.7399,297.47,297.7,40083.0
2025-05-19 13:05:00,297.7,297.81,297.55,297.74,6927.0
2025-05-19 13:10:00,297.81,298.4,297.77,298.39,9495.0
2025-05-19 13:15:00,298.375,298.7,298.04,298.07,58996.0
2025-05-19 13:20:00,298.01,298.17,297.9,298.16,22333.0
2025-05-19 13:25:00,298.05,298.08,297.68,297.81,15941.0
2025-05-19 13:30:00,297.845,297.96,297.31,297.4735,454190.0
2025-05-19 13:35:00,297.48,297.65,297.18,297.65,344818.0
2025-05-19 13:40:00,297.68,298.01,297.3375,297.91,336505.0
2025-05-19 13:45:00,297.92,298.09,297.51,297.58,302797.0
2025-05-19 13:50:00,297.56,297.61,297.2835,297.56,256790.0
2025-05-19 13:55:00,297.56,297.84,297.45,297.66,295289.0
2025-05-19 14:00:00,297.67,297.81,296.85,297.01,409871.0
2025-05-19 14:05:00,297.0,297.15,296.482,296.58,541463.0
2025-05-19 14:10:00,296.61,297.0299,296.49,297.0151,253125.0
2025-05-19 14:15:00,297.0151,297.47,296.97,297.41,239096.0
2025-05-19 14:20:00,297.4,297.68,297.33,297.47,167024.0
2025-05-19 14:25:00,297.48,297.97,297.4596,297.78,222145.0
2025-05-19 14:30:00,297.78,298.24,297.77,297.88,238963.0
2025-05-19 14:35:00,297.87,297.88,297.45,297.71,161105.0
2025-05-19 14:40:00,297.6994,297.87,297.59,297.64,226411.0
2025-05-19 14:45:00,297.66,298.12,297.64,298.06,134633.0
2025-05-19 14:50:00,298.07,298.23,297.93,298.13,69751.0
2025-05-19 14:55:00,298.14,298.25,298.02,298.06,79714.0
2025-05-19 15:00:00,298.05,298.21,297.91,297.93,215398.0
2025-05-19 15:05:00,297.91,298.24,297.88,298.0425,128239.0
2025-05-19 15:10:00,298.04,298.23,298.02,298.13,110969.0
2025-05-19 15:15:00,298.13,298.21,297.9,297.9,86811.0
2025-05-19 15:20:00,297.89,298.17,297.83,298.14,98804.0
2025-05-19 15:25:00,298.15,298.19,298.0038,298.09,284757.0
2025-05-19 15:30:00,298.1,298.15,297.95,297.98,84009.0
2025-05-19 15:35:00,297.97,298.09,297.925,297.9708,77535.0
2025-05-19 15:40:00,297.95,298.06,297.71,297.89,134706.0
2025-05-19 15:45:00,297.87,298.24,297.86,298.24,167129.0
2025-05-19 15:50:00,298.22,298.58,298.09,298.09,156147.0
2025-05-19 15:55:00,298.08,298.08,297.65,297.81,89318.0
2025-05-19 16:00:00,297.82,297.87,297.61,297.75,124260.0
2025-05-20 09:30:00,298.39,298.52,298.32,298.39,1735.0
2025-05-20 09:35:00,298.49,298.51,298.49,298.51,635.0
2025-05-20 09:40:00,298.13,298.13,298.1,298.1,640.0
2025-05-20 09:45:00,298.02,298.36,298.01,298.36,725.0
2025-05-20 09:50:00,298.34,298.34,298.34,298.34,208.0
2025-05-20 10:00:00,298.31,298.31,298.31,298.31,250.0
2025-05-20 10:05:00,298.03,298.03,297.97,297.98,2247.0
2025-05-20 10:25:00,298.0,298.0,298.0,298.0,469.0
2025-05-20 10:30:00,298.0,298.0,298.0,298.0,100.0
2025-05-20 10:40:00,298.16,298.2,298.1,298.2,2659.0
2025-05-20 10:45:00,298.4,298.44,298.39,298.44,1146.0
2025-05-20 10:50:00,298.43,298.44,298.43,298.43,1162.0
2025-05-20 10:55:00,298.22,298.22,298.17,298.17,1969.0
2025-05-20 11:00:00,298.17,298.36,298.17,298.36,2433.0
2025-05-20 11:05:00,298.44,298.44,298.4,298.41,1407.0
2025-05-20 11:10:00,298.43,298.45,298.4,298.4,6535.0
2025-05-20 11:15:00,298.44,298.64,298.44,298.62,16441.0
2025-05-20 11:20:00,298.59,298.59,298.49,298.49,533.0
2025-05-20 11:25:00,298.52,298.54,298.52,298.54,5921.0
2025-05-20 11:30:00,298.55,298.55,298.5,298.5,1434.0
2025-05-20 11:35:00,298.59,298.59,298.59,298.59,5110.0
2025-05-20 11:40:00,298.66,298.66,298.5,298.51,6735.0
2025-05-20 11:45:00,298.48,298.48,298.48,298.48,450.0
2025-05-20 11:50:00,298.55,298.7,298.55,298.55,1653.0
2025-05-20 11:55:00,298.6,298.71,298.56,298.71,1154.0
2025-05-20 12:00:00,298.46,298.808,295.92,298.62,29235.0
2025-05-20 12:05:00,298.7938,298.7938,298.7938,298.7938,166.0
2025-05-20 12:10:00,298.5,298.5,298.28,298.34,3168.0
2025-05-20 12:15:00,298.22,298.35,298.15,298.2,2987.0
2025-05-20 12:20:00,298.14,298.43,298.14,298.36,4110.0
2025-05-20 12:25:00,298.36,298.68,298.36,298.68,2151.0
2025-05-20 12:30:00,298.8,299.36,298.79,299.36,8392.0
2025-05-20 12:35:00,299.35,299.5195,299.04,299.39,10926.0
2025-05-20 12:40:00,299.4,299.41,299.18,299.248,2771.0
2025-05-20 12:45:00,299.0,299.17,299.0,299.12,1637.0
2025-05-20 12:50:00,299.29,299.3643,299.08,299.3643,2733.0
2025-05-20 12:55:00,299.26,299.29,298.81,298.89,4952.0
2025-05-20 13:00:00,298.66,298.71,298.29,298.31,7509.0
2025-05-20 13:05:00,298.25,298.29,297.98,298.29,15518.0
2025-05-20 13:10:00,298.17,298.38,298.09,298.1218,19394.0
2025-05-20 13:15:00,298.3801,298.48,298.18,298.27,24685.0
2025-05-20 13:20:00,298.25,298.42,298.25,298.37,3314.0
2025-05-20 13:25:00,298.35,298.5,298.34,298.44,2903.0
2025-05-20 13:30:00,298.35,298.74,298.3,298.74,114071.0
2025-05-20 13:35:00,298.725,299.1,298.67,298.81,111427.0
2025-05-20 13:40:00,298.71,298.96,298.62,298.7101,105926.0
2025-05-20 13:45:00,298.72,299.35,298.72,299.3299,113952.0
2025-05-20 13:50:00,299.315,299.47,298.988,299.35,383411.0
2025-05-20 13:55:00,299.365,300.61,299.12,300.56,725992.0
2025-05-20 14:00:00,300.56,301.5,300.515,301.45,503805.0
2025-05-20 14:05:00,301.42,302.24,301.41,301.91,497550.0
2025-05-20 14:10:00,301.96,302.4,301.73,302.14,384893.0
2025-05-20 14:15:00,302.14,302.53,301.89,302.49,384209.0
2025-05-20 14:20:00,302.47,302.76,302.095,302.66,309620.0
2025-05-20 14:25:00,302.68,302.81,302.18,302.2699,204083.0
2025-05-20 14:30:00,302.2689,302.69,302.1638,302.26,237085.0
2025-05-20 14:35:00,302.17,302.48,301.77,302.4799,292817.0
2025-05-20 14:40:00,302.48,302.76,302.36,302.43,253634.0
2025-05-20 14:45:00,302.43,302.43,302.2,302.33,277952.0
2025-05-20 14:50:00,302.33,302.65,302.33,302.51,149601.0
2025-05-20 14:55:00,302.53,302.575,302.4,302.52,123544.0
2025-05-20 15:00:00,302.54,302.6109,302.05,302.07,155968.0
2025-05-20 15:05:00,302.0899,302.09,301.69,301.9,143241.0
2025-05-20 15:10:00,301.92,302.25,301.87,302.2,173214.0
2025-05-20 15:15:00,302.2,302.51,302.17,302.33,190675.0
2025-05-20 15:20:00,302.31,302.3954,301.97,302.19,125103.0
2025-05-20 15:25:00,302.16,302.4,302.06,302.11,103456.0
2025-05-20 15:30:00,302.12,302.23,301.94,302.0,79667.0
2025-05-20 15:35:00,301.99,302.1299,301.98,302.08,61075.0
2025-05-20 15:40:00,302.09,302.4,302.04,302.34,65253.0
2025-05-20 15:45:00,302.35,302.44,301.95,302.14,82086.0
2025-05-20 15:50:00,302.1499,302.21,302.01,302.16,174486.0
2025-05-20 15:55:00,302.12,302.17,302.02,302.04,65937.0
2025-05-20 16:00:00,302.03,302.29,302.02,302.25,73106.0
2025-05-21 09:30:00,305.17,305.23,305.06,305.14,2681.0
2025-05-21 09:35:00,305.15,305.25,305.07,305.07,7788.0
2025-05-21 09:40:00,304.96,305.04,304.87,304.9,10100.0
2025-05-21 09:45:00,304.87,305.11,304.84,305.11,1983.0
2025-05-21 09:50:00,305.12,305.12,305.12,305.12,116.0
2025-05-21 09:55:00,305.17,305.31,305.17,305.31,786.0
2025-05-21 10:00:00,305.33,305.33,305.33,305.33,266.0
2025-05-21 10:10:00,305.2,305.2,305.13,305.13,985.0
2025-05-21 10:15:00,305.35,305.35,305.35,305.35,260.0
2025-05-21 10:20:00,305.55,305.68,305.5,305.67,1979.0
2025-05-21 10:25:00,305.74,305.74,305.68,305.68,512.0
2025-05-21 10:30:00,305.66,305.72,305.59,305.72,3670.0
2025-05-21 10:35:00,305.72,305.72,305.63,305.63,1654.0
2025-05-21 10:40:00,305.51,305.54,305.34,305.35,1262.0
2025-05-21 10:45:00,305.04,305.23,305.0,305.0,2921.0
2025-05-21 10:50:00,305.01,305.18,305.01,305.18,1301.0
2025-05-21 10:55:00,305.25,305.25,305.25,305.25,156.0
2025-05-21 11:00:00,305.22,305.43,305.2,305.25,1403.0
2025-05-21 11:05:00,305.48,305.52,305.27,305.33,4249.0
2025-05-21 11:10:00,305.3,305.35,305.0,305.0,2094.0
2025-05-21 11:20:00,305.25,305.25,305.25,305.25,400.0
2025-05-21 11:25:00,305.17,305.28,305.17,305.28,930.0
2025-05-21 11:30:00,305.29,305.29,305.0,305.0,1035.0
2025-05-21 11:35:00,304.99,304.99,304.88,304.88,1233.0
2025-05-21 11:40:00,305.0,305.0,304.8,304.89,2470.0
2025-05-21 11:45:00,304.84,304.92,304.76,304.92,2430.0
2025-05-21 11:50:00,304.94,305.12,304.94,305.12,1839.0
2025-05-21 11:55:00,304.98,305.12,304.98,305.12,1052.0
2025-05-21 12:00:00,305.28,305.96,304.15,305.2988,44667.0
2025-05-21 12:05:00,305.287,305.287,305.0,305.05,9757.0
2025-05-21 12:10:00,305.05,305.1985,304.95,304.95,4883.0
2025-05-21 12:15:00,305.11,305.18,304.88,304.95,4367.0
2025-05-21 12:20:00,304.94,304.94,304.45,304.46,6974.0
2025-05-21 12:25:00,304.35,304.49,303.3,303.63,12829.0
2025-05-21 12:30:00,303.77,303.7899,303.3627,303.5,7882.0
2025-05-21 12:35:00,303.7795,303.95,303.35,303.95,7524.0
2025-05-21 12:40:00,303.8365,304.08,303.8365,303.96,3519.0
2025-05-21 12:45:00,304.02,304.2,303.98,304.19,11603.0
2025-05-21 12:50:00,304.13,304.37,304.12,304.37,7210.0
2025-05-21 12:55:00,304.41,304.41,304.26,304.4,2185.0
2025-05-21 13:00:00,304.48,304.69,304.46,304.47,12445.0
2025-05-21 13:05:00,304.6,304.65,304.25,304.44,19960.0
2025-05-21 13:10:00,304.36,304.64,304.25,304.64,38031.0
2025-05-21 13:15:00,304.7,304.81,304.51,304.5993,12106.0
2025-05-21 13:20:00,304.7101,304.8102,304.45,304.53,18682.0
2025-05-21 13:25:00,304.49,304.58,304.2,304.54,20833.0
2025-05-21 13:30:00,304.55,305.04,304.5431,304.93,651252.0
2025-05-21 13:35:00,304.95,305.03,304.24,304.51,295022.0
2025-05-21 13:40:00,304.46,304.74,304.34,304.64,141633.0
2025-05-21 13:45:00,304.61,304.73,304.01,304.22,222239.0
2025-05-21 13:50:00,304.22,304.26,303.71,304.17,339679.0
2025-05-21 13:55:00,304.19,304.575,304.15,304.435,220932.0
2025-05-21 14:00:00,304.41,304.46,303.67,303.94,219144.0
2025-05-21 14:05:00,303.93,304.28,303.81,303.94,156434.0
2025-05-21 14:10:00,303.93,304.11,303.77,303.98,145361.0
2025-05-21 14:15:00,304.0,304.3,303.96,304.16,166380.0
2025-05-21 14:20:00,304.1607,304.6,304.04,304.59,266118.0
2025-05-21 14:25:00,304.58,304.81,304.52,304.7,129112.0
2025-05-21 14:30:00,304.67,304.67,304.3401,304.61,128149.0
2025-05-21 14:35:00,304.53,304.539,304.27,304.515,173582.0
2025-05-21 14:40:00,304.53,304.55,304.325,304.43,128128.0
2025-05-21 14:45:00,304.43,304.82,304.275,304.71,112147.0
2025-05-21 14:50:00,304.71,304.82,304.6,304.7,115402.0
2025-05-21 14:55:00,304.68,304.7,304.49,304.53,93363.0
2025-05-21 15:00:00,304.53,304.81,304.45,304.65,98962.0
2025-05-21 15:05:00,304.655,305.15,304.52,304.919,144296.0
2025-05-21 15:10:00,304.89,305.33,304.81,305.24,119205.0
2025-05-21 15:15:00,305.2499,305.5,305.18,305.4702,135189.0
2025-05-21 15:20:00,305.46,305.502,305.19,305.34,85348.0
2025-05-21 15:25:00,305.3636,305.3636,305.13,305.2001,89249.0
2025-05-21 15:30:00,305.22,305.3,304.9501,305.135,143854.0
2025-05-21 15:35:00,305.12,305.35,305.1,305.26,612965.0
2025-05-21 15:40:00,305.26,305.35,305.1428,305.235,56444.0
2025-05-21 15:45:00,305.24,305.31,305.1192,305.28,52500.0
2025-05-21 15:50:00,305.28,305.41,305.27,305.33,58210.0
2025-05-21 15:55:00,305.36,305.41,305.19,305.21,59284.0
2025-05-21 16:00:00,305.225,305.225,305.04,305.18,88125.0
2025-05-22 09:30:00,304.66,304.73,304.56,304.6,995.0
2025-05-22 09:35:00,304.77,304.85,304.76,304.76,925.0
2025-05-22 09:40:00,304.81,304.85,304.74,304.74,1286.0
2025-05-22 09:45:00,304.74,304.9,304.74,304.9,1708.0
2025-05-22 09:50:00,304.8,304.92,304.76,304.86,970.0
2025-05-22 09:55:00,304.88,304.88,304.32,304.32,2281.0
2025-05-22 10:00:00,304.46,304.66,304.46,304.5,928.0
2025-05-22 10:05:00,304.3,304.61,304.3,304.36,1965.0
2025-05-22 10:10:00,304.54,304.58,304.52,304.58,6891.0
2025-05-22 10:15:00,304.35,304.37,304.27,304.27,2290.0
2025-05-22 10:20:00,304.41,304.41,304.17,304.17,5859.0
2025-05-22 10:25:00,304.25,304.26,303.93,303.93,14087.0
2025-05-22 10:30:00,303.77,303.77,303.17,303.51,12989.0
2025-05-22 10:35:00,303.83,303.83,303.83,303.83,129.0
2025-05-22 10:40:00,303.68,303.89,303.67,303.86,14873.0
2025-05-22 10:45:00,303.91,304.04,303.86,303.86,4102.0
2025-05-22 10:50:00,303.67,303.67,303.51,303.54,15392.0
2025-05-22 10:55:00,303.49,303.53,302.89,303.13,34541.0
2025-05-22 11:00:00,303.04,303.06,302.43,302.85,18985.0
2025-05-22 11:05:00,302.86,303.04,302.77,302.85,3332.0
2025-05-22 11:10:00,302.89,303.38,302.8,303.3,5006.0
2025-05-22 11:15:00,303.39,303.39,303.25,303.25,8801.0
2025-05-22 11:20:00,303.24,303.59,303.24,303.5,5075.0
2025-05-22 11:25:00,303.42,303.72,303.31,303.5,13556.0
2025-05-22 11:30:00,303.43,303.74,303.34,303.7,3818.0
2025-05-22 11:35:00,303.81,303.92,303.69,303.87,23421.0
2025-05-22 11:40:00,303.75,304.05,303.75,304.05,6200.0
2025-05-22 11:45:00,304.01,304.29,303.99,304.11,8346.0
2025-05-22 11:50:00,304.15,304.79,304.15,304.73,19453.0
2025-05-22 11:55:00,304.78,305.39,304.78,305.39,24549.0
2025-05-22 12:00:00,303.31,307.77,302.4,305.25,87333.0
2025-05-22 12:05:00,305.2,305.3,304.61,304.7897,12423.0
2025-05-22 12:10:00,304.8,304.8,304.57,304.72,9477.0
2025-05-22 12:15:00,304.7599,304.929,304.56,304.929,6401.0
2025-05-22 12:20:00,304.94,305.16,304.93,304.95,7889.0
2025-05-22 12:25:00,305.1,305.13,304.78,304.93,6026.0
2025-05-22 12:30:00,304.76,305.12,304.75,304.9,6623.0
2025-05-22 12:35:00,304.8,304.88,304.32,304.45,11177.0
2025-05-22 12:40:00,304.5,304.75,304.5,304.7,4431.0
2025-05-22 12:45:00,304.62,304.76,304.31,304.31,3101.0
2025-05-22 12:50:00,304.31,304.31,304.11,304.25,7221.0
2025-05-22 12:55:00,304.32,304.5,304.2,304.5,15541.0
2025-05-22 13:00:00,304.43,305.15,304.4,305.1143,14760.0
2025-05-22 13:05:00,305.0416,305.21,305.02,305.08,10307.0
2025-05-22 13:10:00,305.14,305.38,305.14,305.36,8099.0
2025-05-22 13:15:00,305.39,305.45,305.22,305.36,13165.0
2025-05-22 13:20:00,305.25,305.4183,305.07,305.2,13689.0
2025-05-22 13:25:00,305.22,305.27,304.93,305.08,22546.0
2025-05-22 13:30:00,305.09,305.28,304.72,305.16,238103.0
2025-05-22 13:35:00,305.149,305.21,304.535,304.59,175541.0
2025-05-22 13:40:00,304.71,304.8918,304.66,304.885,73532.0
2025-05-22 13:45:00,304.85,304.87,304.24,304.24,113069.0
2025-05-22 13:50:00,304.27,304.49,303.2,303.7,395099.0
2025-05-22 13:55:00,303.63,303.7262,302.7801,302.897,308231.0
2025-05-22 14:00:00,302.89,303.12,302.1,302.54,482169.0
2025-05-22 14:05:00,302.52,303.6059,302.48,303.36,250555.0
2025-05-22 14:10:00,303.28,303.5,303.039,303.09,118727.0
2025-05-22 14:15:00,303.09,303.45,302.86,303.4467,114571.0
2025-05-22 14:20:00,303.45,303.7,303.289,303.56,116657.0
2025-05-22 14:25:00,303.565,303.91,303.51,303.79,131517.0
2025-05-22 14:30:00,303.84,303.96,303.61,303.8899,55152.0
2025-05-22 14:35:00,303.87,304.05,303.73,304.0,87406.0
2025-05-22 14:40:00,304.0091,304.31,304.0091,304.285,93529.0
2025-05-22 14:45:00,304.31,304.45,304.1,304.11,85375.0
2025-05-22 14:50:00,304.12,304.13,303.7101,304.1,85089.0
2025-05-22 14:55:00,304.12,304.23,303.76,303.76,174488.0
2025-05-22 15:00:00,303.76,303.93,303.21,303.35,161926.0
2025-05-22 15:05:00,303.37,303.39,302.3312,302.66,291166.0
2025-05-22 15:10:00,302.66,303.09,302.49,303.09,105900.0
2025-05-22 15:15:00,303.1,303.4,303.08,303.15,96870.0
2025-05-22 15:20:00,303.16,303.5,303.14,303.35,142380.0
2025-05-22 15:25:00,303.355,303.54,303.355,303.52,63602.0
2025-05-22 15:30:00,303.505,303.64,303.2655,303.43,79427.0
2025-05-22 15:35:00,303.42,303.45,302.97,303.0425,78281.0
2025-05-22 15:40:00,303.06,303.4765,302.99,303.35,83888.0
2025-05-22 15:45:00,303.35,303.54,303.3,303.436,57796.0
2025-05-22 15:50:00,303.44,303.59,303.28,303.5599,35687.0
2025-05-22 15:55:00,303.51,303.6095,303.3712,303.5599,72734.0
2025-05-22 16:00:00,303.635,303.7499,303.41,303.59,30073.0
2025-05-23 09:40:00,306.74,306.85,306.71,306.85,1082.0
2025-05-23 09:45:00,306.97,307.02,306.96,306.99,1378.0
2025-05-23 09:50:00,306.86,306.86,306.86,306.86,211.0
2025-05-23 09:55:00,306.71,306.71,306.7,306.71,685.0
2025-05-23 10:00:00,306.48,306.48,306.48,306.48,258.0
2025-05-23 10:05:00,306.48,306.56,306.23,306.23,1272.0
2025-05-23 10:10:00,306.36,306.47,306.36,306.47,501.0
2025-05-23 10:15:00,306.51,306.51,306.51,306.51,350.0
2025-05-23 10:20:00,306.52,306.52,306.52,306.52,115.0
2025-05-23 10:30:00,306.61,306.61,306.61,306.61,280.0
2025-05-23 10:35:00,306.7,306.77,306.7,306.77,349.0
2025-05-23 10:40:00,306.95,306.95,306.88,306.91,1754.0
2025-05-23 10:45:00,306.91,306.98,306.91,306.98,441.0
2025-05-23 10:50:00,306.95,307.03,306.95,307.03,338.0
2025-05-23 10:55:00,307.0,307.0,306.75,306.75,1160.0
2025-05-23 11:00:00,306.67,306.84,306.6,306.7,3685.0
2025-05-23 11:05:00,306.68,306.85,306.68,306.81,1204.0
2025-05-23 11:15:00,306.58,306.59,306.47,306.48,12142.0
2025-05-23 11:20:00,306.81,307.16,306.81,306.9,3019.0
2025-05-23 11:25:00,306.98,307.0,306.85,307.0,1269.0
2025-05-23 11:30:00,306.98,306.98,306.7,306.7,3654.0
2025-05-23 11:35:00,306.52,306.56,306.41,306.49,2392.0
2025-05-23 11:40:00,306.5,307.49,306.5,307.47,9264.0
2025-05-23 11:45:00,307.03,308.55,307.03,308.38,36676.0
2025-05-23 11:50:00,308.47,308.67,307.75,308.12,51708.0
2025-05-23 11:55:00,308.18,308.58,307.98,308.51,16463.0
2025-05-23 12:00:00,307.05,309.2,304.5,308.6,124116.0
2025-05-23 12:05:00,308.6794,309.22,308.22,308.87,28698.0
2025-05-23 12:10:00,308.88,309.19,308.2901,308.68,35539.0
2025-05-23 12:15:00,308.63,309.0,308.45,308.45,21829.0
2025-05-23 12:20:00,308.53,308.92,308.4,308.83,9985.0
2025-05-23 12:25:00,308.9193,308.95,308.36,308.3601,15763.0
2025-05-23 12:30:00,308.6,309.2,308.46,309.2,36479.0
2025-05-23 12:35:00,309.1796,309.7061,308.952,309.6462,18040.0
2025-05-23 12:40:00,309.65,309.67,309.2301,309.5269,21222.0
2025-05-23 12:45:00,309.52,309.68,309.3701,309.3701,24131.0
2025-05-23 12:50:00,309.32,309.54,308.7615,308.89,17198.0
2025-05-23 12:55:00,308.87,309.54,308.85,309.5,14715.0
2025-05-23 13:00:00,309.53,310.07,309.53,309.7,48457.0
2025-05-23 13:05:00,309.69,309.7,309.11,309.1101,42411.0
2025-05-23 13:10:00,309.11,309.28,309.06,309.23,21794.0
2025-05-23 13:15:00,309.3699,309.48,309.11,309.11,4609.0
2025-05-23 13:20:00,309.01,309.2,308.5,308.85,27748.0
2025-05-23 13:25:00,308.8,308.88,308.33,308.8,35274.0
2025-05-23 13:30:00,308.86,308.97,307.91,308.0025,682740.0
2025-05-23 13:35:00,307.96,308.2899,307.55,308.11,447169.0
2025-05-23 13:40:00,308.14,308.6,307.99,308.295,137460.0
2025-05-23 13:45:00,308.35,308.62,308.07,308.16,324878.0
2025-05-23 13:50:00,308.11,308.45,307.95,308.29,173618.0
2025-05-23 13:55:00,308.28,308.4,307.7,307.8001,248902.0
2025-05-23 14:00:00,307.8,308.29,307.47,308.03,179334.0
2025-05-23 14:05:00,307.99,308.54,307.9544,308.54,144097.0
2025-05-23 14:10:00,308.55,308.58,308.09,308.1448,189188.0
2025-05-23 14:15:00,308.15,308.98,308.1454,308.96,194273.0
2025-05-23 14:20:00,308.96,309.12,308.69,308.8999,532825.0
2025-05-23 14:25:00,308.89,308.96,308.48,308.88,419433.0
2025-05-23 14:30:00,308.87,308.87,308.58,308.8,188194.0
2025-05-23 14:35:00,308.81,309.16,308.81,309.04,139771.0
2025-05-23 14:40:00,309.02,309.0732,308.89,309.01,87604.0
2025-05-23 14:45:00,309.005,309.06,308.8,308.91,170120.0
2025-05-23 14:50:00,308.91,309.46,308.91,309.32,281520.0
2025-05-23 14:55:00,309.34,309.62,309.34,309.57,189881.0
2025-05-23 15:00:00,309.61,309.65,309.4,309.5799,196033.0
2025-05-23 15:05:00,309.6,309.66,309.46,309.55,175486.0
2025-05-23 15:10:00,309.56,309.59,309.12,309.41,170477.0
2025-05-23 15:15:00,309.37,309.61,308.96,308.96,200700.0
2025-05-23 15:20:00,308.9554,309.15,308.9,309.0,211493.0
2025-05-23 15:25:00,308.995,309.48,308.99,309.4552,123327.0
2025-05-23 15:30:00,309.46,309.57,309.34,309.44,89297.0
2025-05-23 15:35:00,309.45,309.54,309.24,309.3459,138625.0
2025-05-23 15:40:00,309.32,309.44,309.2902,309.395,70590.0
2025-05-23 15:45:00,309.4,309.65,309.4,309.63,56898.0
2025-05-23 15:50:00,309.635,309.739,309.57,309.6574,106329.0
2025-05-23 15:55:00,309.65,309.89,309.65,309.78,76929.0
2025-05-23 16:00:00,309.81,309.88,309.55,309.59,74101.0
2025-05-27 09:30:00,304.19,304.19,303.75,304.01,8653.0
2025-05-27 09:35:00,303.83,303.9,303.7,303.72,2054.0
2025-05-27 09:40:00,303.76,303.97,303.73,303.86,2615.0
2025-05-27 09:45:00,303.85,303.85,303.76,303.76,613.0
2025-05-27 09:50:00,303.91,304.06,303.89,303.89,1208.0
2025-05-27 09:55:00,303.8,303.9,303.7,303.78,3404.0
2025-05-27 10:00:00,304.0,304.0,303.79,303.95,970.0
2025-05-27 10:05:00,303.92,303.92,303.74,303.76,838.0
2025-05-27 10:15:00,303.74,303.74,303.27,303.63,5483.0
2025-05-27 10:25:00,303.84,303.84,303.6,303.6,1046.0
2025-05-27 10:30:00,303.65,303.66,303.47,303.5,3170.0
2025-05-27 10:35:00,303.45,303.72,303.45,303.72,3956.0
2025-05-27 10:40:00,303.73,303.88,303.71,303.74,3916.0
2025-05-27 10:45:00,303.73,303.82,303.7,303.7,7372.0
2025-05-27 10:50:00,303.81,303.84,303.64,303.64,2875.0
2025-05-27 10:55:00,303.62,303.64,303.26,303.26,15059.0
2025-05-27 11:00:00,303.5,303.85,303.49,303.71,9381.0
2025-05-27 11:05:00,303.71,303.71,303.6,303.63,2227.0
2025-05-27 11:10:00,303.57,303.57,303.57,303.57,155.0
2025-05-27 11:15:00,303.52,303.52,303.23,303.23,3728.0
2025-05-27 11:20:00,303.36,303.39,303.13,303.3,2914.0
2025-05-27 11:25:00,303.3,303.52,303.07,303.12,11654.0
2025-05-27 11:30:00,303.2,303.51,303.2,303.39,2316.0
2025-05-27 11:35:00,303.37,303.56,303.35,303.5,2853.0
2025-05-27 11:40:00,303.46,303.49,303.4,303.4,1298.0
2025-05-27 11:45:00,303.4,303.49,303.3,303.49,3051.0
2025-05-27 11:50:00,303.55,303.55,303.2,303.2,2904.0
2025-05-27 11:55:00,303.2,303.21,303.02,303.04,4709.0
2025-05-27 12:00:00,303.7,308.25,303.03,303.36,108109.0
2025-05-27 12:05:00,303.35,303.57,303.27,303.43,4580.0
2025-05-27 12:10:00,303.5,303.62,303.42,303.62,6471.0
2025-05-27 12:15:00,303.59,303.75,303.5319,303.71,17108.0
2025-05-27 12:20:00,303.73,303.82,303.67,303.82,6429.0
2025-05-27 12:25:00,303.8,303.9,303.61,303.61,33419.0
2025-05-27 12:30:00,303.7,303.7,303.5401,303.55,1822.0
2025-05-27 12:35:00,303.68,303.68,303.4,303.5101,6735.0
2025-05-27 12:40:00,303.69,303.8368,303.5,303.65,5193.0
2025-05-27 12:45:00,303.7,303.86,303.54,303.7,3408.0
2025-05-27 12:50:00,303.63,303.79,303.5,303.57,3336.0
2025-05-27 12:55:00,303.5793,303.62,303.45,303.6,4126.0
2025-05-27 13:00:00,303.66,303.95,303.52,303.88,10764.0
2025-05-27 13:05:00,303.9499,303.95,303.78,303.81,5002.0
2025-05-27 13:10:00,303.8813,304.05,303.8813,303.91,8604.0
2025-05-27 13:15:00,303.9,303.99,303.8859,303.95,6647.0
2025-05-27 13:20:00,303.79,303.88,303.6113,303.74,14780.0
2025-05-27 13:25:00,303.74,303.93,303.67,303.8,15962.0
2025-05-27 13:30:00,303.81,304.5,303.63,304.49,466580.0
2025-05-27 13:35:00,304.46,304.6,304.0563,304.0999,275347.0
2025-05-27 13:40:00,304.07,304.28,303.98,304.23,188084.0
2025-05-27 13:45:00,304.23,304.38,303.79,303.96,226421.0
2025-05-27 13:50:00,303.98,304.01,303.7,303.77,159367.0
2025-05-27 13:55:00,303.79,303.86,303.4145,303.7,242138.0
2025-05-27 14:00:00,303.68,303.71,302.74,303.28,458062.0
2025-05-27 14:05:00,303.24,303.69,303.1,303.66,200902.0
2025-05-27 14:10:00,303.69,303.99,303.61,303.94,224856.0
2025-05-27 14:15:00,303.92,303.98,303.72,303.8,178281.0
2025-05-27 14:20:00,303.75,304.03,303.7499,303.81,153606.0
2025-05-27 14:25:00,303.81,303.89,303.675,303.77,152773.0
2025-05-27 14:30:00,303.73,303.92,303.6901,303.86,328103.0
2025-05-27 14:35:00,303.85,304.15,303.8,303.97,281491.0
2025-05-27 14:40:00,303.9675,304.06,303.94,303.97,114878.0
2025-05-27 14:45:00,303.97,304.17,303.9,304.17,87451.0
2025-05-27 14:50:00,304.16,304.26,304.05,304.1,85820.0
2025-05-27 14:55:00,304.13,304.43,304.0,304.0695,96677.0
2025-05-27 15:00:00,304.12,304.17,303.9658,304.17,79803.0
2025-05-27 15:05:00,304.17,304.39,304.165,304.29,70644.0
2025-05-27 15:10:00,304.28,304.35,303.9,303.97,87419.0
2025-05-27 15:15:00,303.9299,303.95,303.67,303.7,81566.0
2025-05-27 15:20:00,303.67,303.8,303.63,303.68,74236.0
2025-05-27 15:25:00,303.66,303.78,303.61,303.78,74130.0
2025-05-27 15:30:00,303.76,303.77,303.5,303.56,90054.0
2025-05-27 15:35:00,303.55,303.66,303.12,303.295,194003.0
2025-05-27 15:40:00,303.3,303.47,303.24,303.34,97466.0
2025-05-27 15:45:00,303.3499,303.62,303.3,303.596,105939.0
2025-05-27 15:50:00,303.6,303.7,303.4099,303.42,60409.0
2025-05-27 15:55:00,303.42,303.61,303.38,303.54,142252.0
2025-05-27 16:00:00,303.56,303.68,303.53,303.64,54015.0
2025-05-28 09:30:00,306.26,306.26,306.18,306.18,1621.0
2025-05-28 09:35:00,306.26,306.26,306.26,306.26,143.0
2025-05-28 09:40:00,306.1,306.19,306.1,306.19,1123.0
2025-05-28 09:45:00,306.42,306.43,306.35,306.35,1028.0
2025-05-28 09:55:00,306.35,306.45,306.35,306.45,1719.0
2025-05-28 10:00:00,306.33,306.36,306.27,306.36,1567.0
2025-05-28 10:05:00,306.35,306.35,306.25,306.27,828.0
2025-05-28 10:10:00,306.08,306.08,306.02,306.02,1260.0
2025-05-28 10:15:00,305.99,305.99,305.99,305.99,245.0
2025-05-28 10:30:00,305.82,305.82,305.75,305.75,590.0
2025-05-28 10:35:00,305.53,305.53,305.53,305.53,170.0
2025-05-28 10:40:00,305.5,305.62,305.5,305.51,1566.0
2025-05-28 10:45:00,305.52,305.52,305.47,305.47,725.0
2025-05-28 10:50:00,305.43,305.45,305.38,305.42,944.0
2025-05-28 11:00:00,305.44,305.44,305.44,305.44,114.0
2025-05-28 11:10:00,305.29,305.29,305.14,305.14,1200.0
2025-05-28 11:15:00,305.04,305.04,305.01,305.01,632.0
2025-05-28 11:20:00,305.13,305.13,305.13,305.13,101.0
2025-05-28 11:25:00,305.2,305.32,305.2,305.32,437.0
2025-05-28 11:30:00,305.39,305.39,305.39,305.39,502.0
2025-05-28 11:35:00,305.21,305.21,305.1,305.1,493.0
2025-05-28 11:40:00,305.2,305.28,305.17,305.24,819.0
2025-05-28 11:45:00,305.1,305.1,304.99,304.99,1231.0
2025-05-28 11:50:00,305.02,305.02,305.02,305.02,186.0
2025-05-28 11:55:00,305.09,305.21,305.09,305.21,816.0
2025-05-28 12:00:00,305.48,306.0,303.88,305.14,31370.0
2025-05-28 12:05:00,305.15,305.2,304.9,305.05,1267.0
2025-05-28 12:10:00,304.98,304.98,304.88,304.88,681.0
2025-05-28 12:15:00,305.05,305.22,305.05,305.11,829.0
2025-05-28 12:20:00,305.13,305.13,305.0,305.0,802.0
2025-05-28 12:25:00,304.9,305.0,304.9,305.0,1102.0
2025-05-28 12:30:00,305.06,305.455,305.06,305.4,15516.0
2025-05-28 12:35:00,305.37,305.4,305.12,305.3,6590.0
2025-05-28 12:40:00,305.3,305.4297,305.2,305.4297,8801.0
2025-05-28 12:45:00,305.35,305.39,305.25,305.25,3054.0
2025-05-28 12:50:00,305.33,305.39,305.2,305.27,4367.0
2025-05-28 12:55:00,305.22,305.33,305.18,305.33,3664.0
2025-05-28 13:00:00,305.25,305.51,305.19,305.32,4336.0
2025-05-28 13:05:00,305.2,305.2,304.8402,305.07,3866.0
2025-05-28 13:10:00,304.9,304.9,304.73,304.8,3812.0
2025-05-28 13:15:00,304.65,305.07,304.65,304.98,2713.0
2025-05-28 13:20:00,305.07,305.08,304.86,304.86,2158.0
2025-05-28 13:25:00,304.88,304.97,304.76,304.78,8329.0
2025-05-28 13:30:00,304.64,304.89,304.46,304.89,227089.0
2025-05-28 13:35:00,304.93,304.99,304.41,304.4484,134842.0
2025-05-28 13:40:00,304.43,304.43,303.91,304.28,301891.0
2025-05-28 13:45:00,304.263,304.5496,304.22,304.52,138235.0
2025-05-28 13:50:00,304.4875,304.83,304.38,304.73,134050.0
2025-05-28 13:55:00,304.72,304.77,304.54,304.59,156171.0
2025-05-28 14:00:00,304.6,304.92,304.19,304.82,376991.0
2025-05-28 14:05:00,304.82,304.96,304.57,304.64,202801.0
2025-05-28 14:10:00,304.62,304.65,304.4175,304.52,153057.0
2025-05-28 14:15:00,304.515,304.64,304.36,304.52,72732.0
2025-05-28 14:20:00,304.51,304.82,304.49,304.775,70920.0
2025-05-28 14:25:00,304.8,304.89,304.72,304.84,105219.0
2025-05-28 14:30:00,304.83,304.88,304.6252,304.76,80566.0
2025-05-28 14:35:00,304.74,304.88,304.35,304.41,113733.0
2025-05-28 14:40:00,304.43,304.58,304.2735,304.54,93790.0
2025-05-28 14:45:00,304.54,304.57,304.18,304.35,148089.0
2025-05-28 14:50:00,304.32,304.43,304.18,304.24,99732.0
2025-05-28 14:55:00,304.2,304.4,304.17,304.37,49186.0
2025-05-28 15:00:00,304.35,304.3676,303.69,303.89,155201.0
2025-05-28 15:05:00,303.89,303.97,303.7,303.949,40996.0
2025-05-28 15:10:00,303.93,304.135,303.8938,304.0596,47481.0
2025-05-28 15:15:00,304.04,304.08,303.94,304.05,43498.0
2025-05-28 15:20:00,304.05,304.19,303.986,304.04,84381.0
2025-05-28 15:25:00,304.023,304.035,303.64,303.66,50814.0
2025-05-28 15:30:00,303.62,303.7,303.45,303.7,72371.0
2025-05-28 15:35:00,303.7,303.93,303.62,303.71,97360.0
2025-05-28 15:40:00,303.75,303.8101,303.62,303.71,49906.0
2025-05-28 15:45:00,303.7,303.75,303.63,303.655,49813.0
2025-05-28 15:50:00,303.635,303.78,303.58,303.67,69168.0
2025-05-28 15:55:00,303.71,303.81,303.67,303.77,61030.0
2025-05-28 16:00:00,303.78,303.81,303.62,303.72,64081.0
2025-05-29 09:30:00,302.2,302.21,302.2,302.21,1003.0
2025-05-29 09:35:00,302.37,302.37,302.34,302.34,334.0
2025-05-29 09:45:00,302.31,302.31,302.12,302.12,1395.0
2025-05-29 09:50:00,302.2,302.3,302.2,302.3,680.0
2025-05-29 09:55:00,302.22,302.22,302.17,302.17,383.0
2025-05-29 10:00:00,302.57,302.75,302.57,302.72,1571.0
2025-05-29 10:05:00,302.68,302.84,302.68,302.84,357.0
2025-05-29 10:10:00,302.84,302.99,302.81,302.99,837.0
2025-05-29 10:15:00,303.11,303.45,303.11,303.45,2780.0
2025-05-29 10:20:00,303.8,303.8,303.62,303.72,917.0
2025-05-29 10:25:00,303.74,304.0,303.71,303.92,4414.0
2025-05-29 10:30:00,303.76,303.76,303.76,303.76,157.0
2025-05-29 10:35:00,303.8,303.8,303.8,303.8,122.0
2025-05-29 10:45:00,303.72,303.72,303.64,303.64,3903.0
2025-05-29 10:50:00,303.78,303.93,303.78,303.89,1897.0
2025-05-29 10:55:00,303.89,304.12,303.89,304.05,1051.0
2025-05-29 11:00:00,303.66,303.9,303.66,303.81,5695.0
2025-05-29 11:05:00,303.8,304.0,303.72,303.72,3636.0
2025-05-29 11:10:00,303.79,303.79,303.7,303.75,3638.0
2025-05-29 11:15:00,303.78,303.8,303.6,303.64,6711.0
2025-05-29 11:20:00,303.7,303.9,303.7,303.9,359.0
2025-05-29 11:25:00,303.99,304.2,303.9,304.2,2891.0
2025-05-29 11:30:00,304.28,304.48,304.28,304.3,3764.0
2025-05-29 11:35:00,304.15,304.2,304.15,304.2,805.0
2025-05-29 11:40:00,304.19,304.19,304.19,304.19,3005.0
2025-05-29 11:45:00,304.3,304.4,304.3,304.4,828.0
2025-05-29 11:50:00,304.51,304.53,304.51,304.51,859.0
2025-05-29 11:55:00,304.03,304.07,303.97,304.0,4025.0
2025-05-29 12:00:00,303.62,304.49,301.21,304.24,47334.0
2025-05-29 12:05:00,304.31,304.44,304.1008,304.35,1950.0
2025-05-29 12:10:00,304.29,304.54,304.29,304.41,9871.0
2025-05-29 12:15:00,304.57,305.0,304.57,304.93,9852.0
2025-05-29 12:20:00,305.0,305.03,304.83,305.0,9068.0
2025-05-29 12:25:00,304.87,305.0,304.87,304.92,2565.0
2025-05-29 12:30:00,305.1,305.24,305.05,305.227,12825.0
2025-05-29 12:35:00,305.31,305.4,305.1,305.26,16485.0
2025-05-29 12:40:00,305.18,305.37,304.98,305.22,8399.0
2025-05-29 12:45:00,305.33,305.46,305.21,305.21,2862.0
2025-05-29 12:50:00,305.19,305.2,305.0,305.15,8631.0
2025-05-29 12:55:00,305.1787,305.65,305.12,305.62,10022.0
2025-05-29 13:00:00,305.52,305.74,305.05,305.14,18290.0
2025-05-29 13:05:00,305.09,305.16,304.98,305.07,5515.0
2025-05-29 13:10:00,305.12,305.3865,305.12,305.22,5714.0
2025-05-29 13:15:00,305.22,305.35,305.18,305.32,3719.0
2025-05-29 13:20:00,305.33,305.74,305.33,305.64,15210.0
2025-05-29 13:25:00,305.63,305.76,305.6,305.69,35407.0
2025-05-29 13:30:00,305.74,306.08,305.61,305.635,456059.0
2025-05-29 13:35:00,305.61,305.94,304.92,305.41,332966.0
2025-05-29 13:40:00,305.4,305.52,305.17,305.1804,151245.0
2025-05-29 13:45:00,305.2,305.5,305.1,305.42,128004.0
2025-05-29 13:50:00,305.41,305.8874,305.34,305.86,238858.0
2025-05-29 13:55:00,305.9,305.9,305.12,305.18,149103.0
2025-05-29 14:00:00,305.19,305.41,304.9437,305.1864,178656.0
2025-05-29 14:05:00,305.21,305.73,305.2,305.67,131909.0
2025-05-29 14:10:00,305.685,305.83,305.45,305.62,117521.0
2025-05-29 14:15:00,305.6301,305.66,305.44,305.5399,38034.0
2025-05-29 14:20:00,305.54,305.67,305.23,305.4399,131312.0
2025-05-29 14:25:00,305.39,305.39,304.96,305.03,71325.0
2025-05-29 14:30:00,305.05,305.16,304.71,305.1475,94557.0
2025-05-29 14:35:00,305.13,305.14,304.818,304.86,66226.0
2025-05-29 14:40:00,304.805,304.83,304.46,304.77,99492.0
2025-05-29 14:45:00,304.78,305.18,304.75,305.155,95454.0
2025-05-29 14:50:00,305.14,305.25,305.01,305.06,139045.0
2025-05-29 14:55:00,305.05,305.27,304.935,304.96,67896.0
2025-05-29 15:00:00,304.98,305.3873,304.91,305.36,71319.0
2025-05-29 15:05:00,305.37,305.6,305.32,305.59,55601.0
2025-05-29 15:10:00,305.604,305.6492,305.41,305.51,49636.0
2025-05-29 15:15:00,305.53,305.67,305.4296,305.51,59836.0
2025-05-29 15:20:00,305.4803,305.5201,305.3703,305.47,31274.0
2025-05-29 15:25:00,305.48,305.56,305.385,305.5269,60471.0
2025-05-29 15:30:00,305.51,305.61,305.4603,305.53,41798.0
2025-05-29 15:35:00,305.493,305.7,305.45,305.55,54040.0
2025-05-29 15:40:00,305.58,305.5998,305.39,305.5708,156829.0
2025-05-29 15:45:00,305.59,305.84,305.59,305.81,114921.0
2025-05-29 15:50:00,305.82,305.85,305.5785,305.72,118453.0
2025-05-29 15:55:00,305.77,306.06,305.74,306.02,138247.0
2025-05-29 16:00:00,306.03,306.48,305.86,306.46,226994.0
2025-05-30 09:30:00,303.7,303.7,303.47,303.47,736.0
2025-05-30 09:45:00,303.85,303.85,303.85,303.85,111.0
2025-05-30 09:50:00,303.91,303.91,303.9,303.9,304.0
2025-05-30 09:55:00,303.86,303.86,303.8,303.8,870.0
2025-05-30 10:05:00,304.15,304.15,304.07,304.07,402.0
2025-05-30 10:15:00,304.23,304.25,304.17,304.17,1200.0
2025-05-30 10:20:00,303.98,303.98,303.92,303.92,307.0
2025-05-30 10:25:00,304.0,304.0,303.75,303.75,250.0
2025-05-30 10:30:00,303.74,303.74,303.7,303.7,738.0
2025-05-30 10:35:00,303.65,303.65,303.65,303.65,546.0
2025-05-30 10:45:00,303.6,303.6,303.6,303.6,100.0
2025-05-30 10:50:00,303.5,303.5,303.5,303.5,268.0
2025-05-30 11:00:00,303.79,303.79,303.6,303.6,817.0
2025-05-30 11:05:00,303.83,303.83,303.83,303.83,135.0
2025-05-30 11:10:00,303.71,303.71,303.53,303.53,333.0
2025-05-30 11:15:00,303.44,303.45,303.37,303.37,902.0
2025-05-30 11:20:00,303.3,303.4,303.28,303.4,15524.0
2025-05-30 11:25:00,303.4,303.51,303.4,303.5,598.0
2025-05-30 11:30:00,303.48,303.5,303.48,303.5,355.0
2025-05-30 11:35:00,303.47,303.47,303.45,303.45,613.0
2025-05-30 11:40:00,303.35,303.48,303.35,303.48,303.0
2025-05-30 11:45:00,303.27,303.27,303.25,303.25,1164.0
2025-05-30 11:50:00,303.25,303.5,303.1,303.5,2729.0
2025-05-30 12:00:00,303.44,304.44,303.0,303.37,24385.0
2025-05-30 12:05:00,303.3899,303.45,303.35,303.35,3758.0
2025-05-30 12:10:00,303.0,304.7,302.7,304.43,24603.0
2025-05-30 12:15:00,304.34,304.4,303.98,304.28,6745.0
2025-05-30 12:20:00,304.5,304.5,304.3,304.42,3028.0
2025-05-30 12:25:00,304.3,304.91,304.21,304.91,4583.0
2025-05-30 12:30:00,304.8888,304.8888,303.87,303.94,8104.0
2025-05-30 12:35:00,304.19,304.29,304.02,304.29,9802.0
2025-05-30 12:40:00,304.3,304.67,304.29,304.5,21055.0
2025-05-30 12:45:00,304.43,304.59,304.38,304.38,3458.0
2025-05-30 12:50:00,304.3,304.3,304.3,304.3,127.0
2025-05-30 12:55:00,304.47,304.5818,304.47,304.5399,763.0
2025-05-30 13:00:00,304.55,304.68,304.45,304.61,52317.0
2025-05-30 13:05:00,304.5,304.737,304.37,304.62,10520.0
2025-05-30 13:10:00,304.72,304.72,304.42,304.45,2030.0
2025-05-30 13:15:00,304.27,304.32,303.63,303.95,21183.0
2025-05-30 13:20:00,303.9,304.16,303.9,304.09,3566.0
2025-05-30 13:25:00,304.04,304.04,303.6,303.6,10338.0
2025-05-30 13:30:00,303.64,303.74,303.21,303.405,212266.0
2025-05-30 13:35:00,303.43,304.02,303.43,303.79,129361.0
2025-05-30 13:40:00,303.76,303.81,302.9,303.14,196093.0
2025-05-30 13:45:00,303.185,303.27,302.62,302.91,166537.0
2025-05-30 13:50:00,302.839,303.06,302.21,302.3504,168829.0
2025-05-30 13:55:00,302.39,302.39,301.84,301.98,166163.0
2025-05-30 14:00:00,301.96,302.09,301.5,302.01,174402.0
2025-05-30 14:05:00,301.98,302.66,301.93,302.5767,205026.0
2025-05-30 14:10:00,302.56,302.88,302.3718,302.49,150252.0
2025-05-30 14:15:00,302.48,302.74,302.245,302.69,145992.0
2025-05-30 14:20:00,302.69,302.93,302.67,302.79,105754.0
2025-05-30 14:25:00,302.76,302.85,302.4099,302.59,73427.0
2025-05-30 14:30:00,302.61,302.73,302.03,302.26,123466.0
2025-05-30 14:35:00,302.23,302.5,301.92,301.97,108038.0
2025-05-30 14:40:00,301.93,302.15,301.64,302.15,160872.0
2025-05-30 14:45:00,302.16,302.27,301.94,302.01,152662.0
2025-05-30 14:50:00,302.0,302.36,301.9698,302.31,71320.0
2025-05-30 14:55:00,302.28,302.53,302.2,302.51,68860.0
2025-05-30 15:00:00,302.51,302.5479,301.88,302.26,121192.0
2025-05-30 15:05:00,302.2592,302.58,302.2,302.34,322397.0
2025-05-30 15:10:00,302.36,302.969,302.36,302.62,118835.0
2025-05-30 15:15:00,302.62,303.0409,302.525,302.79,80844.0
2025-05-30 15:20:00,302.7696,303.073,302.6,303.03,57787.0
2025-05-30 15:25:00,303.02,303.06,302.89,302.91,41911.0
2025-05-30 15:30:00,302.895,303.16,302.86,303.13,104707.0
2025-05-30 15:35:00,303.16,303.32,303.14,303.18,128188.0
2025-05-30 15:40:00,303.1709,303.43,303.1709,303.27,107823.0
2025-05-30 15:45:00,303.26,303.32,303.04,303.15,64421.0
2025-05-30 15:50:00,303.19,303.355,303.0356,303.0356,63720.0
2025-05-30 15:55:00,303.05,303.0895,302.94,303.05,37523.0
2025-05-30 16:00:00,303.089,303.25,303.0796,303.18,31015.0
2025-06-02 09:30:00,308.47,308.47,308.18,308.18,775.0
2025-06-02 09:35:00,308.35,308.35,308.15,308.15,1772.0
2025-06-02 09:40:00,308.27,308.37,308.27,308.34,978.0
2025-06-02 09:45:00,308.33,308.44,308.33,308.44,1158.0
2025-06-02 09:50:00,308.42,308.42,308.42,308.42,179.0
2025-06-02 09:55:00,308.5,308.5,308.5,308.5,1521.0
2025-06-02 10:00:00,308.48,308.69,308.48,308.64,1795.0
2025-06-02 10:05:00,308.66,308.81,308.49,308.8,3811.0
2025-06-02 10:10:00,308.8,308.8,308.36,308.45,1660.0
2025-06-02 10:15:00,308.5,308.7,308.5,308.7,314.0
2025-06-02 10:20:00,308.61,308.69,308.61,308.69,2355.0
2025-06-02 10:25:00,308.71,308.77,308.71,308.73,1453.0
2025-06-02 10:30:00,308.57,308.57,308.57,308.57,200.0
2025-06-02 10:40:00,308.59,308.59,308.3,308.3,713.0
2025-06-02 10:45:00,308.3,308.33,308.3,308.31,6062.0
2025-06-02 10:55:00,308.62,308.79,308.62,308.79,607.0
2025-06-02 11:00:00,308.5,308.56,308.47,308.5,3360.0
2025-06-02 11:05:00,308.35,308.6,308.35,308.6,3480.0
2025-06-02 11:10:00,308.6,308.62,308.55,308.56,3459.0
2025-06-02 11:15:00,308.65,308.7,308.65,308.7,1079.0
2025-06-02 11:20:00,308.67,309.01,308.67,308.93,3321.0
2025-06-02 11:25:00,309.0,309.09,308.97,309.04,30848.0
2025-06-02 11:30:00,309.09,309.45,309.09,309.15,18195.0
2025-06-02 11:35:00,309.27,309.65,309.27,309.65,5984.0
2025-06-02 11:40:00,309.53,309.55,309.39,309.39,6784.0
2025-06-02 11:45:00,309.3,309.43,309.14,309.14,980.0
2025-06-02 11:50:00,309.02,309.18,309.0,309.18,3559.0
2025-06-02 11:55:00,309.2,309.25,309.1,309.2,14290.0
2025-06-02 12:00:00,309.13,309.6934,305.0,309.1,107783.0
2025-06-02 12:05:00,309.14,309.6,309.14,309.6,24973.0
2025-06-02 12:10:00,309.5,309.6,309.4404,309.47,18549.0
2025-06-02 12:15:00,309.44,309.6399,309.34,309.57,35624.0
2025-06-02 12:20:00,309.6,309.89,309.4802,309.89,24418.0
2025-06-02 12:25:00,309.9,309.91,309.65,309.77,8472.0
2025-06-02 12:30:00,309.76,309.91,309.73,309.73,5845.0
2025-06-02 12:35:00,309.74,309.99,309.74,309.8,23052.0
2025-06-02 12:40:00,309.87,309.9,309.7,309.9,6835.0
2025-06-02 12:45:00,309.72,309.89,309.57,309.57,4507.0
2025-06-02 12:50:00,309.49,309.5,309.2701,309.2701,15864.0
2025-06-02 12:55:00,309.24,309.25,309.14,309.22,5780.0
2025-06-02 13:00:00,309.36,309.36,309.0604,309.0604,4047.0
2025-06-02 13:05:00,309.07,309.161,309.0,309.05,6907.0
2025-06-02 13:10:00,309.07,309.34,308.97,309.3,4678.0
2025-06-02 13:15:00,309.34,309.34,309.19,309.19,7555.0
2025-06-02 13:20:00,309.2985,309.2985,309.17,309.18,2111.0
2025-06-02 13:25:00,309.14,309.34,308.88,309.26,9738.0
2025-06-02 13:30:00,309.21,309.3799,308.72,309.29,451426.0
2025-06-02 13:35:00,309.27,309.66,309.11,309.52,445837.0
2025-06-02 13:40:00,309.54,310.27,309.54,310.2699,319491.0
2025-06-02 13:45:00,310.25,310.64,310.07,310.14,539110.0
2025-06-02 13:50:00,310.13,310.99,310.1012,310.95,283574.0
2025-06-02 13:55:00,310.96,311.11,310.61,310.6755,307743.0
2025-06-02 14:00:00,310.68,311.15,310.64,310.75,456609.0
2025-06-02 14:05:00,310.78,310.87,310.515,310.56,289706.0
2025-06-02 14:10:00,310.54,310.97,310.3,310.97,619500.0
2025-06-02 14:15:00,310.96,311.32,310.83,311.28,293792.0
2025-06-02 14:20:00,311.27,311.31,310.73,310.84,158611.0
2025-06-02 14:25:00,310.85,311.1,310.745,310.83,276191.0
2025-06-02 14:30:00,310.87,311.135,310.7238,311.01,150391.0
2025-06-02 14:35:00,310.99,311.29,310.88,310.99,178284.0
2025-06-02 14:40:00,311.0,311.28,310.95,311.27,133346.0
2025-06-02 14:45:00,311.27,311.27,311.04,311.115,155016.0
2025-06-02 14:50:00,311.12,311.26,311.03,311.25,105767.0
2025-06-02 14:55:00,311.2568,311.39,311.09,311.1,119773.0
2025-06-02 15:00:00,311.1,311.23,310.95,311.22,122944.0
2025-06-02 15:05:00,311.22,311.37,311.1782,311.22,122903.0
2025-06-02 15:10:00,311.21,311.21,310.8609,310.99,264680.0
2025-06-02 15:15:00,310.99,311.17,310.89,311.16,291169.0
2025-06-02 15:20:00,311.16,311.33,311.02,311.03,202695.0
2025-06-02 15:25:00,311.02,311.03,310.48,310.85,262474.0
2025-06-02 15:30:00,310.86,310.895,310.66,310.84,104713.0
2025-06-02 15:35:00,310.795,310.88,310.6454,310.88,150004.0
2025-06-02 15:40:00,310.86,311.0169,310.851,310.99,68704.0
2025-06-02 15:45:00,311.01,311.099,310.95,310.98,86946.0
2025-06-02 15:50:00,311.0,311.08,310.86,310.9,101323.0
2025-06-02 15:55:00,310.89,310.985,310.765,310.92,111146.0
2025-06-02 16:00:00,310.94,311.29,310.94,311.29,207204.0
2025-06-03 09:30:00,309.33,309.47,309.23,309.47,862.0
2025-06-03 09:40:00,309.54,309.54,309.54,309.54,121.0
2025-06-03 09:45:00,309.6,309.6,309.6,309.6,395.0
2025-06-03 09:50:00,309.51,309.51,309.36,309.36,543.0
2025-06-03 09:55:00,309.3,309.36,309.27,309.27,468.0
2025-06-03 10:10:00,309.3,309.47,309.3,309.4,789.0
2025-06-03 10:15:00,309.45,309.47,309.26,309.26,661.0
2025-06-03 10:20:00,309.23,309.23,309.23,309.23,106.0
2025-06-03 10:30:00,309.4,309.4,309.4,309.4,316.0
2025-06-03 10:35:00,309.39,309.4,309.38,309.4,1156.0
2025-06-03 10:40:00,309.43,309.48,309.39,309.39,1680.0
2025-06-03 10:45:00,309.3,309.3,309.3,309.3,327.0
2025-06-03 10:50:00,309.27,309.27,309.27,309.27,227.0
2025-06-03 11:00:00,309.31,309.37,309.2,309.37,2879.0
2025-06-03 11:05:00,309.32,309.35,309.24,309.24,2611.0
2025-06-03 11:10:00,309.16,309.25,309.11,309.25,1837.0
2025-06-03 11:15:00,309.36,309.37,309.3,309.31,2672.0
2025-06-03 11:20:00,309.35,309.35,309.3,309.3,5795.0
2025-06-03 11:25:00,309.34,309.45,309.3,309.34,12450.0
2025-06-03 11:30:00,309.4,309.4,309.36,309.36,519.0
2025-06-03 11:35:00,309.5,309.55,309.5,309.55,1939.0
2025-06-03 11:40:00,309.45,309.49,309.4,309.49,3118.0
2025-06-03 11:45:00,309.41,309.41,309.41,309.41,301.0
2025-06-03 11:50:00,309.5,309.65,309.44,309.62,2707.0
2025-06-03 11:55:00,309.58,309.58,309.51,309.51,1443.0
2025-06-03 12:00:00,309.36,310.3,309.0,309.32,29115.0
2025-06-03 12:05:00,309.25,309.2501,308.61,309.12,9826.0
2025-06-03 12:10:00,309.13,309.13,308.92,309.0,6212.0
2025-06-03 12:15:00,308.99,309.05,308.81,308.81,3234.0
2025-06-03 12:20:00,308.78,309.0,308.6,309.0,6143.0
2025-06-03 12:25:00,309.11,309.23,309.11,309.23,1281.0
2025-06-03 12:30:00,309.11,309.18,309.0,309.05,7379.0
2025-06-03 12:35:00,309.3,309.3,309.29,309.29,5838.0
2025-06-03 12:40:00,309.51,309.85,309.51,309.65,5275.0
2025-06-03 12:45:00,309.78,309.85,309.68,309.68,5039.0
2025-06-03 12:50:00,309.69,309.69,309.36,309.4,2990.0
2025-06-03 12:55:00,309.4,309.61,309.4,309.5,5108.0
2025-06-03 13:00:00,309.5478,309.73,309.43,309.72,13838.0
2025-06-03 13:05:00,309.8,309.8197,309.69,309.7997,14995.0
2025-06-03 13:10:00,309.65,309.7,309.55,309.68,5045.0
2025-06-03 13:15:00,309.61,309.74,309.54,309.54,10684.0
2025-06-03 13:20:00,309.69,309.75,309.61,309.7,8114.0
2025-06-03 13:25:00,309.74,309.78,309.45,309.54,8950.0
2025-06-03 13:30:00,309.56,309.56,308.88,309.14,306432.0
2025-06-03 13:35:00,309.11,309.34,308.91,309.03,309219.0
2025-06-03 13:40:00,309.02,309.06,308.62,308.89,264628.0
2025-06-03 13:45:00,308.88,308.89,307.91,308.15,422019.0
2025-06-03 13:50:00,308.17,308.47,307.87,308.1,278784.0
2025-06-03 13:55:00,308.115,308.35,308.1,308.32,97848.0
2025-06-03 14:00:00,308.31,308.36,307.3,307.4,410215.0
2025-06-03 14:05:00,307.4,307.82,307.15,307.65,380886.0
2025-06-03 14:10:00,307.66,307.94,307.66,307.6999,277506.0
2025-06-03 14:15:00,307.69,307.96,307.52,307.78,169884.0
2025-06-03 14:20:00,307.79,308.225,307.745,308.1199,209664.0
2025-06-03 14:25:00,308.1,308.4,308.035,308.38,182452.0
2025-06-03 14:30:00,308.3815,308.52,308.25,308.2745,178186.0
2025-06-03 14:35:00,308.28,308.64,308.27,308.4702,170164.0
2025-06-03 14:40:00,308.495,308.71,308.48,308.69,85591.0
2025-06-03 14:45:00,308.69,308.69,308.32,308.34,129974.0
2025-06-03 14:50:00,308.35,308.58,308.24,308.57,93510.0
2025-06-03 14:55:00,308.56,308.635,308.36,308.37,85001.0
2025-06-03 15:00:00,308.36,308.44,308.18,308.22,103629.0
2025-06-03 15:05:00,308.2,308.39,308.12,308.2,146045.0
2025-06-03 15:10:00,308.21,308.635,308.19,308.63,136696.0
2025-06-03 15:15:00,308.635,308.75,308.46,308.545,103982.0
2025-06-03 15:20:00,308.57,308.59,308.37,308.45,79123.0
2025-06-03 15:25:00,308.475,308.7,308.46,308.69,62593.0
2025-06-03 15:30:00,308.685,308.84,308.5547,308.7,127042.0
2025-06-03 15:35:00,308.68,308.86,308.64,308.74,110705.0
2025-06-03 15:40:00,308.75,308.79,308.63,308.75,117882.0
2025-06-03 15:45:00,308.75,308.81,308.42,308.44,133933.0
2025-06-03 15:50:00,308.45,308.7,308.44,308.65,91968.0
2025-06-03 15:55:00,308.66,308.75,308.64,308.71,75879.0
2025-06-03 16:00:00,308.74,308.78,308.55,308.615,61679.0
2025-06-04 09:30:00,310.03,310.03,309.88,309.92,768.0
2025-06-04 09:35:00,309.81,309.81,309.81,309.81,1050.0
2025-06-04 09:45:00,309.62,309.62,309.62,309.62,201.0
2025-06-04 09:50:00,309.71,309.71,309.71,309.71,276.0
2025-06-04 10:00:00,309.81,309.81,309.81,309.81,200.0
2025-06-04 10:15:00,309.63,309.63,309.63,309.63,204.0
2025-06-04 10:30:00,309.5,309.5,309.5,309.5,211.0
2025-06-04 10:35:00,309.46,309.46,309.46,309.46,110.0
2025-06-04 10:40:00,309.34,309.34,309.2,309.2,336.0
2025-06-04 10:45:00,309.11,309.11,308.65,308.8,4450.0
2025-06-04 10:50:00,308.79,308.79,308.49,308.49,1519.0
2025-06-04 10:55:00,308.77,308.8,308.75,308.75,1295.0
2025-06-04 11:00:00,308.86,308.86,308.71,308.71,5585.0
2025-06-04 11:05:00,308.7,308.75,308.65,308.65,5541.0
2025-06-04 11:10:00,308.8,308.87,308.8,308.86,1451.0
2025-06-04 11:15:00,308.66,308.66,308.66,308.66,240.0
2025-06-04 11:20:00,308.6,308.6,308.45,308.45,640.0
2025-06-04 11:25:00,308.31,308.33,308.2,308.33,2001.0
2025-06-04 11:45:00,308.67,308.67,308.55,308.55,202.0
2025-06-04 11:55:00,308.51,308.51,308.38,308.38,1271.0
2025-06-04 12:00:00,308.68,309.88,308.21,308.21,25460.0
2025-06-04 12:05:00,308.34,308.58,308.21,308.58,1880.0
2025-06-04 12:10:00,308.55,308.6399,308.5,308.6,11137.0
2025-06-04 12:15:00,308.6,309.5,308.5886,308.78,24014.0
2025-06-04 12:20:00,308.88,309.5,308.88,309.12,7679.0
2025-06-04 12:25:00,309.12,309.12,308.28,308.28,7617.0
2025-06-04 12:30:00,308.6903,309.19,308.6903,309.0,5271.0
2025-06-04 12:35:00,308.98,309.4,308.98,309.4,2995.0
2025-06-04 12:40:00,309.07,309.2,309.07,309.2,1193.0
2025-06-04 12:45:00,309.2,309.66,309.2,309.62,24076.0
2025-06-04 12:50:00,309.65,309.65,309.204,309.4,666.0
2025-06-04 12:55:00,309.55,309.55,309.43,309.46,6196.0
2025-06-04 13:00:00,309.5,309.62,309.38,309.62,5833.0
2025-06-04 13:05:00,309.67,309.84,309.67,309.69,24203.0
2025-06-04 13:10:00,309.74,309.75,309.5,309.52,9069.0
2025-06-04 13:15:00,309.46,309.46,309.459,309.46,539.0
2025-06-04 13:20:00,309.57,309.62,309.28,309.44,3529.0
2025-06-04 13:25:00,309.35,309.35,309.25,309.26,1991.0
2025-06-04 13:30:00,309.41,309.54,308.86,309.165,190939.0
2025-06-04 13:35:00,309.15,309.2464,308.87,309.23,145735.0
2025-06-04 13:40:00,309.225,309.32,308.79,308.955,191587.0
2025-06-04 13:45:00,308.96,309.07,308.81,308.92,81375.0
2025-06-04 13:50:00,308.93,309.18,308.74,309.0,81720.0
2025-06-04 13:55:00,308.99,309.03,308.85,308.87,63889.0
2025-06-04 14:00:00,308.91,309.52,308.76,309.47,265906.0
2025-06-04 14:05:00,309.48,310.16,309.25,310.04,415157.0
2025-06-04 14:10:00,310.06,310.3,309.9,310.24,200861.0
2025-06-04 14:15:00,310.24,310.4436,310.01,310.115,141575.0
2025-06-04 14:20:00,310.14,310.26,309.99,310.23,88633.0
2025-06-04 14:25:00,310.22,310.53,309.99,310.5278,97254.0
2025-06-04 14:30:00,310.5,310.8988,310.4688,310.8,103509.0
2025-06-04 14:35:00,310.8,311.42,310.73,311.35,135351.0
2025-06-04 14:40:00,311.34,311.88,311.33,311.7,243361.0
2025-06-04 14:45:00,311.69,311.79,311.5951,311.69,159365.0
2025-06-04 14:50:00,311.73,311.7999,311.43,311.5007,146570.0
2025-06-04 14:55:00,311.535,311.535,311.06,311.23,149268.0
2025-06-04 15:00:00,311.22,311.355,310.87,311.0,170416.0
2025-06-04 15:05:00,311.0,311.16,310.95,311.11,67659.0
2025-06-04 15:10:00,311.12,311.15,310.64,310.78,107096.0
2025-06-04 15:15:00,310.7852,310.94,310.56,310.804,71811.0
2025-06-04 15:20:00,310.81,310.92,310.75,310.79,82643.0
2025-06-04 15:25:00,310.79,310.98,310.72,310.94,106602.0
2025-06-04 15:30:00,310.94,310.99,310.81,310.83,82639.0
2025-06-04 15:35:00,310.79,310.815,310.49,310.55,99068.0
2025-06-04 15:40:00,310.54,310.88,310.54,310.83,60035.0
2025-06-04 15:45:00,310.8603,310.95,310.7654,310.85,33746.0
2025-06-04 15:50:00,310.8601,310.91,310.72,310.75,55828.0
2025-06-04 15:55:00,310.71,310.8,310.6131,310.69,41529.0
2025-06-04 16:00:00,310.71,311.0,310.7,310.91,42582.0
2025-06-05 09:30:00,312.13,312.21,311.77,311.77,4088.0
2025-06-05 09:35:00,311.89,311.89,311.85,311.85,418.0
2025-06-05 09:40:00,311.83,311.83,311.82,311.83,267.0
2025-06-05 09:45:00,311.77,311.9,311.77,311.9,905.0
2025-06-05 09:50:00,312.15,312.33,312.13,312.33,1725.0
2025-06-05 09:55:00,312.31,312.4,312.21,312.3,3052.0
2025-06-05 10:00:00,312.26,312.35,312.26,312.33,3998.0
2025-06-05 10:05:00,312.65,312.65,312.59,312.59,3264.0
2025-06-05 10:10:00,312.5,312.5,312.42,312.42,486.0
2025-06-05 10:20:00,312.32,312.4,312.29,312.4,1396.0
2025-06-05 10:25:00,312.67,312.86,312.67,312.8,2731.0
2025-06-05 10:30:00,312.81,313.0,312.77,312.77,3849.0
2025-06-05 10:35:00,312.78,312.93,312.69,312.93,542.0
2025-06-05 10:40:00,313.1,313.1,313.1,313.1,193.0
2025-06-05 10:45:00,313.13,313.15,313.12,313.14,3053.0
2025-06-05 10:50:00,313.15,313.15,312.94,313.0,2102.0
2025-06-05 11:00:00,313.13,313.27,313.06,313.27,4937.0
2025-06-05 11:05:00,313.36,313.5,313.33,313.39,5917.0
2025-06-05 11:10:00,313.4,313.46,313.24,313.46,5348.0
2025-06-05 11:15:00,313.5,313.52,313.3,313.3,3596.0
2025-06-05 11:20:00,313.09,313.09,312.97,313.0,2529.0
2025-06-05 11:25:00,313.19,313.19,312.76,312.76,1982.0
2025-06-05 11:30:00,312.89,312.89,312.7,312.79,1044.0
2025-06-05 11:35:00,312.9,312.9,312.58,312.58,1028.0
2025-06-05 11:40:00,312.64,312.76,312.55,312.75,7134.0
2025-06-05 11:45:00,312.73,312.88,312.67,312.67,3364.0
2025-06-05 11:50:00,312.66,312.66,312.49,312.54,7697.0
2025-06-05 11:55:00,312.54,312.54,312.53,312.53,2436.0
2025-06-05 12:00:00,313.42,313.5,309.9,312.68,23699.0
2025-06-05 12:05:00,312.84,312.87,312.79,312.87,1435.0
2025-06-05 12:10:00,312.84,312.84,312.78,312.78,515.0
2025-06-05 12:15:00,312.6901,312.93,312.6901,312.83,3511.0
2025-06-05 12:20:00,312.28,312.71,312.28,312.5797,4918.0
2025-06-05 12:25:00,312.86,312.87,312.5975,312.5975,1491.0
2025-06-05 12:30:00,313.0,313.16,312.88,313.15,5332.0
2025-06-05 12:35:00,313.1,313.1,312.42,312.5,21438.0
2025-06-05 12:40:00,312.5,312.75,312.5,312.66,3221.0
2025-06-05 12:45:00,312.72,312.81,311.47,311.8,17329.0
2025-06-05 12:50:00,311.53,311.67,311.15,311.46,21581.0
2025-06-05 12:55:00,311.45,311.73,311.3137,311.7,13846.0
2025-06-05 13:00:00,311.55,311.55,310.69,311.0,25479.0
2025-06-05 13:05:00,310.93,311.26,310.61,311.26,16005.0
2025-06-05 13:10:00,311.3501,311.7296,311.3501,311.5,11320.0
2025-06-05 13:15:00,311.47,311.69,311.29,311.69,8642.0
2025-06-05 13:20:00,311.6809,311.9,311.39,311.39,15509.0
2025-06-05 13:25:00,311.35,311.49,311.2,311.38,8603.0
2025-06-05 13:30:00,311.24,311.9389,311.2,311.7999,296147.0
2025-06-05 13:35:00,311.81,312.2,311.5248,312.0799,341826.0
2025-06-05 13:40:00,312.1123,312.16,311.7,311.8,114229.0
2025-06-05 13:45:00,311.85,311.85,311.22,311.2501,251017.0
2025-06-05 13:50:00,311.21,311.51,311.01,311.32,224725.0
2025-06-05 13:55:00,311.28,311.53,311.12,311.2,139893.0
2025-06-05 14:00:00,311.22,311.28,310.85,310.9,189027.0
2025-06-05 14:05:00,310.82,311.04,310.24,311.03,204872.0
2025-06-05 14:10:00,311.04,311.17,310.78,310.9,145758.0
2025-06-05 14:15:00,310.9,311.46,310.85,311.41,128138.0
2025-06-05 14:20:00,311.38,311.39,310.78,311.2,80843.0
2025-06-05 14:25:00,311.18,311.27,310.96,310.97,46754.0
2025-06-05 14:30:00,310.99,311.67,310.97,311.4305,45625.0
2025-06-05 14:35:00,311.45,311.62,311.09,311.43,183512.0
2025-06-05 14:40:00,311.4588,311.67,310.41,310.8899,275267.0
2025-06-05 14:45:00,310.76,310.89,309.95,310.2,212528.0
2025-06-05 14:50:00,310.22,310.66,310.13,310.32,111953.0
2025-06-05 14:55:00,310.3,310.43,309.9301,310.27,117308.0
2025-06-05 15:00:00,310.27,310.54,310.16,310.37,111291.0
2025-06-05 15:05:00,310.35,310.635,310.1,310.55,115111.0
2025-06-05 15:10:00,310.55,310.77,310.13,310.25,153334.0
2025-06-05 15:15:00,310.2446,310.2446,309.61,310.01,176205.0
2025-06-05 15:20:00,310.02,310.1,309.59,309.98,111981.0
2025-06-05 15:25:00,309.93,310.24,309.745,309.77,92459.0
2025-06-05 15:30:00,309.75,309.82,308.87,309.15,258440.0
2025-06-05 15:35:00,309.14,309.24,308.69,308.8405,146822.0
2025-06-05 15:40:00,308.78,308.9399,308.45,308.6904,121843.0
2025-06-05 15:45:00,308.69,308.716,307.9401,308.58,250931.0
2025-06-05 15:50:00,308.58,308.6045,307.7101,307.865,124453.0
2025-06-05 15:55:00,307.7844,308.26,307.6501,308.1412,129886.0
2025-06-05 16:00:00,308.08,308.1796,307.685,308.14,105648.0
2025-06-06 09:35:00,309.57,309.57,309.47,309.5,1100.0
2025-06-06 09:40:00,309.5,309.52,309.38,309.44,1220.0
2025-06-06 09:45:00,309.32,309.33,308.92,308.92,2065.0
2025-06-06 09:50:00,309.33,309.33,309.33,309.33,1260.0
2025-06-06 09:55:00,309.33,309.33,309.22,309.22,311.0
2025-06-06 10:00:00,309.44,309.44,309.44,309.44,201.0
2025-06-06 10:05:00,309.63,309.63,309.63,309.63,203.0
2025-06-06 10:25:00,309.41,309.45,309.37,309.38,1675.0
2025-06-06 10:30:00,309.39,309.4,309.39,309.4,1712.0
2025-06-06 10:35:00,309.4,309.4,309.4,309.4,547.0
2025-06-06 10:45:00,309.51,309.59,309.51,309.59,2804.0
2025-06-06 10:50:00,309.5,309.5,309.5,309.5,177.0
2025-06-06 10:55:00,309.68,309.7,309.68,309.7,346.0
2025-06-06 11:00:00,309.7,309.85,309.7,309.85,780.0
2025-06-06 11:05:00,309.85,309.85,309.82,309.85,673.0
2025-06-06 11:20:00,309.7,309.7,309.7,309.7,173.0
2025-06-06 11:25:00,309.72,309.72,309.72,309.72,200.0
2025-06-06 11:30:00,309.71,309.95,309.7,309.95,1536.0
2025-06-06 11:35:00,309.95,309.97,309.94,309.94,600.0
2025-06-06 11:45:00,309.75,309.75,309.75,309.75,296.0
2025-06-06 11:55:00,309.5,309.5,309.5,309.5,300.0
2025-06-06 12:00:00,309.66,310.98,309.4,309.4,16171.0
2025-06-06 12:05:00,309.5,309.5,309.488,309.488,1280.0
2025-06-06 12:10:00,309.37,309.44,309.3,309.31,2208.0
2025-06-06 12:15:00,309.32,309.32,309.29,309.3,1833.0
2025-06-06 12:20:00,309.45,309.5,309.3,309.42,8729.0
2025-06-06 12:25:00,309.3,309.3,309.05,309.05,4452.0
2025-06-06 12:30:00,308.89,309.99,308.63,309.59,15413.0
2025-06-06 12:35:00,309.2,309.48,308.8,308.8,4075.0
2025-06-06 12:40:00,308.56,308.9,308.1,308.9,18702.0
2025-06-06 12:45:00,308.89,309.33,308.89,309.33,3774.0
2025-06-06 12:50:00,309.47,309.5,309.36,309.4,4072.0
2025-06-06 12:55:00,309.34,309.34,308.97,309.0101,2450.0
2025-06-06 13:00:00,308.55,308.5997,308.43,308.43,5852.0
2025-06-06 13:05:00,308.66,309.15,308.54,309.15,5143.0
2025-06-06 13:10:00,309.2099,309.4,309.2099,309.37,1423.0
2025-06-06 13:15:00,309.41,309.59,309.1,309.13,6833.0
2025-06-06 13:20:00,309.02,309.02,308.59,308.69,16757.0
2025-06-06 13:25:00,308.89,309.19,308.75,309.01,21892.0
2025-06-06 13:30:00,309.09,309.14,308.43,309.0225,237109.0
2025-06-06 13:35:00,308.94,309.2,308.29,308.39,213562.0
2025-06-06 13:40:00,308.36,308.755,308.24,308.37,200341.0
2025-06-06 13:45:00,308.36,308.695,308.24,308.62,137782.0
2025-06-06 13:50:00,308.6101,308.8401,308.45,308.52,67439.0
2025-06-06 13:55:00,308.5,308.5,307.97,308.09,90817.0
2025-06-06 14:00:00,308.0,308.2,307.47,307.91,190820.0
2025-06-06 14:05:00,307.95,308.01,307.375,307.66,168901.0
2025-06-06 14:10:00,307.67,307.97,307.15,307.2084,123234.0
2025-06-06 14:15:00,307.23,307.36,306.24,306.28,231437.0
2025-06-06 14:20:00,306.29,306.4068,305.59,305.9224,223433.0
2025-06-06 14:25:00,305.965,306.37,305.8204,306.32,103495.0
2025-06-06 14:30:00,306.27,306.87,306.18,306.8,180291.0
2025-06-06 14:35:00,306.805,307.06,306.65,306.98,72497.0
2025-06-06 14:40:00,306.9989,307.24,306.89,307.2,109555.0
2025-06-06 14:45:00,307.19,307.19,306.8,306.88,109750.0
2025-06-06 14:50:00,306.88,306.95,306.45,306.491,84845.0
2025-06-06 14:55:00,306.5,306.593,306.14,306.461,71467.0
2025-06-06 15:00:00,306.46,306.56,306.3251,306.37,104344.0
2025-06-06 15:05:00,306.37,306.81,306.21,306.48,81971.0
2025-06-06 15:10:00,306.48,306.74,306.24,306.29,82881.0
2025-06-06 15:15:00,306.26,306.815,306.26,306.68,82002.0
2025-06-06 15:20:00,306.75,306.85,306.55,306.71,60660.0
2025-06-06 15:25:00,306.74,307.0,306.7,306.91,40269.0
2025-06-06 15:30:00,306.94,307.07,306.72,307.05,91044.0
2025-06-06 15:35:00,307.05,307.46,307.03,307.45,86100.0
2025-06-06 15:40:00,307.46,307.46,307.07,307.19,71595.0
2025-06-06 15:45:00,307.212,307.32,306.97,307.06,136122.0
2025-06-06 15:50:00,307.07,307.18,307.0,307.07,45420.0
2025-06-06 15:55:00,307.08,307.15,307.01,307.0293,45330.0
2025-06-06 16:00:00,307.01,307.05,306.89,306.91,69961.0
2025-06-09 09:30:00,305.85,305.85,305.82,305.82,317.0
2025-06-09 09:35:00,305.92,306.04,305.92,306.04,392.0
2025-06-09 09:45:00,306.05,306.09,306.05,306.09,231.0
2025-06-09 09:55:00,306.03,306.03,305.81,305.81,714.0
2025-06-09 10:05:00,305.75,305.85,305.75,305.85,495.0
2025-06-09 10:15:00,305.74,305.74,305.67,305.68,1000.0
2025-06-09 10:20:00,305.66,305.66,305.66,305.66,310.0
2025-06-09 10:25:00,305.73,305.73,305.6,305.6,508.0
2025-06-09 10:30:00,305.52,305.52,305.52,305.52,193.0
2025-06-09 10:35:00,305.51,305.51,305.51,305.51,1015.0
2025-06-09 10:40:00,305.43,305.43,305.31,305.31,999.0
2025-06-09 10:45:00,305.42,305.42,305.42,305.42,708.0
2025-06-09 10:50:00,305.2,305.2,305.2,305.2,3516.0
2025-06-09 11:00:00,305.41,305.41,305.41,305.41,768.0
2025-06-09 11:05:00,305.63,305.72,305.57,305.72,2786.0
2025-06-09 11:10:00,305.66,305.66,305.63,305.63,480.0
2025-06-09 11:15:00,305.74,305.74,305.64,305.64,688.0
2025-06-09 11:20:00,305.76,305.76,305.74,305.74,719.0
2025-06-09 11:25:00,305.7,305.81,305.7,305.81,509.0
2025-06-09 11:30:00,305.85,305.85,305.69,305.69,489.0
2025-06-09 11:35:00,305.98,305.98,305.98,305.98,1123.0
2025-06-09 11:45:00,306.0,306.01,305.85,305.85,2272.0
2025-06-09 11:50:00,305.75,305.75,305.39,305.39,3606.0
2025-06-09 12:00:00,305.6,306.71,304.9,305.76,38496.0
2025-06-09 12:05:00,305.51,305.51,305.51,305.51,305.0
2025-06-09 12:10:00,305.41,305.41,305.41,305.41,425.0
2025-06-09 12:15:00,305.44,305.44,305.44,305.44,145.0
2025-06-09 12:20:00,305.33,305.33,305.3,305.33,545.0
2025-06-09 12:25:00,305.45,305.61,305.39,305.61,2139.0
2025-06-09 12:30:00,305.7,306.05,305.7,306.05,1795.0
2025-06-09 12:35:00,305.97,306.19,305.87,306.19,804.0
2025-06-09 12:40:00,306.163,306.163,305.77,305.86,1738.0
2025-06-09 12:45:00,305.79,305.79,305.79,305.79,277.0
2025-06-09 12:50:00,305.7,305.7,305.48,305.48,1520.0
2025-06-09 12:55:00,305.86,305.86,305.86,305.86,314.0
2025-06-09 13:00:00,305.7212,305.7212,305.63,305.65,771.0
2025-06-09 13:05:00,305.58,305.64,305.45,305.64,4529.0
2025-06-09 13:10:00,305.56,305.56,305.56,305.56,305.0
2025-06-09 13:15:00,305.46,305.51,305.3,305.4285,3457.0
2025-06-09 13:20:00,305.39,305.4,305.09,305.15,5282.0
2025-06-09 13:25:00,305.28,305.38,305.28,305.38,5434.0
2025-06-09 13:30:00,305.39,305.72,305.2904,305.575,169592.0
2025-06-09 13:35:00,305.52,305.61,305.06,305.25,161302.0
2025-06-09 13:40:00,305.27,305.57,305.21,305.35,121545.0
2025-06-09 13:45:00,305.34,305.94,305.34,305.71,179682.0
2025-06-09 13:50:00,305.705,305.9316,305.67,305.92,98308.0
2025-06-09 13:55:00,305.92,306.07,305.75,305.84,73463.0
2025-06-09 14:00:00,305.85,306.02,305.68,306.02,69659.0
2025-06-09 14:05:00,306.0088,306.29,305.9101,306.2,107559.0
2025-06-09 14:10:00,306.22,306.53,306.09,306.46,89157.0
2025-06-09 14:15:00,306.48,306.54,306.17,306.22,171234.0
2025-06-09 14:20:00,306.23,306.27,306.01,306.19,90905.0
2025-06-09 14:25:00,306.17,306.2,305.95,306.1,73979.0
2025-06-09 14:30:00,306.1,306.14,305.86,305.86,76147.0
2025-06-09 14:35:00,305.82,305.89,305.66,305.7799,65704.0
2025-06-09 14:40:00,305.75,305.87,305.56,305.79,106672.0
2025-06-09 14:45:00,305.77,306.04,305.75,306.04,113540.0
2025-06-09 14:50:00,306.02,306.05,305.9,305.98,62329.0
2025-06-09 14:55:00,305.99,306.05,305.92,306.02,46386.0
2025-06-09 15:00:00,306.04,306.3,305.98,306.1502,101740.0
2025-06-09 15:05:00,306.13,306.28,306.05,306.28,48019.0
2025-06-09 15:10:00,306.29,306.3,306.15,306.22,31628.0
2025-06-09 15:15:00,306.26,306.52,306.24,306.5,70622.0
2025-06-09 15:20:00,306.52,306.88,306.45,306.87,103117.0
2025-06-09 15:25:00,306.86,306.9199,306.7307,306.9,136645.0
2025-06-09 15:30:00,306.93,306.95,306.77,306.85,64278.0
2025-06-09 15:35:00,306.855,306.86,306.69,306.81,80870.0
2025-06-09 15:40:00,306.81,307.0442,306.81,306.86,62084.0
2025-06-09 15:45:00,306.9,306.93,306.77,306.83,35354.0
2025-06-09 15:50:00,306.85,306.93,306.83,306.87,191762.0
2025-06-09 15:55:00,306.89,306.9,306.71,306.71,24531.0
2025-06-09 16:00:00,306.71,306.7452,306.62,306.73,46236.0
2025-06-10 09:30:00,306.73,306.73,306.73,306.73,114.0
2025-06-10 09:35:00,306.7,306.7,306.69,306.69,201.0
2025-06-10 09:50:00,306.66,306.66,306.62,306.62,202.0
2025-06-10 09:55:00,306.78,306.79,306.78,306.78,500.0
2025-06-10 10:00:00,306.81,306.81,306.81,306.81,100.0
2025-06-10 10:05:00,306.86,306.95,306.74,306.84,1482.0
2025-06-10 10:10:00,306.74,307.19,306.74,307.19,1173.0
2025-06-10 10:15:00,306.76,306.85,306.74,306.8,904.0
2025-06-10 10:20:00,306.77,306.94,306.77,306.94,1124.0
2025-06-10 10:25:00,307.17,307.21,307.16,307.17,705.0
2025-06-10 10:30:00,307.2,307.2,307.18,307.18,408.0
2025-06-10 10:35:00,307.23,307.31,307.23,307.31,999.0
2025-06-10 10:40:00,307.26,307.3,307.26,307.3,714.0
2025-06-10 10:45:00,307.23,307.23,307.23,307.23,212.0
2025-06-10 10:50:00,307.25,307.25,307.25,307.25,344.0
2025-06-10 10:55:00,307.28,307.28,307.28,307.28,143.0
2025-06-10 11:00:00,307.34,307.34,307.17,307.17,907.0
2025-06-10 11:05:00,307.35,307.45,307.35,307.45,901.0
2025-06-10 11:10:00,307.5,307.65,307.5,307.61,1556.0
2025-06-10 11:15:00,307.8,307.8,307.73,307.79,1241.0
2025-06-10 11:20:00,307.91,307.91,307.91,307.91,130.0
2025-06-10 11:25:00,307.74,307.75,307.72,307.72,404.0
2025-06-10 11:30:00,307.82,307.95,307.74,307.75,2607.0
2025-06-10 11:35:00,307.75,307.75,307.64,307.7,641.0
2025-06-10 11:40:00,307.65,307.7,307.48,307.53,1227.0
2025-06-10 11:45:00,307.48,307.48,307.42,307.42,1849.0
2025-06-10 11:50:00,307.42,307.42,307.37,307.37,1035.0
2025-06-10 11:55:00,307.19,307.26,307.12,307.19,1924.0
2025-06-10 12:00:00,307.91,307.9374,304.5,307.11,38121.0
2025-06-10 12:05:00,307.07,307.07,307.07,307.07,448.0
2025-06-10 12:10:00,307.04,307.04,306.8,306.8,1062.0
2025-06-10 12:15:00,306.87,307.18,306.87,307.18,9989.0
2025-06-10 12:20:00,307.33,307.48,307.33,307.48,2321.0
2025-06-10 12:25:00,307.5,307.5,307.32,307.4,2834.0
2025-06-10 12:30:00,307.75,307.8,307.75,307.8,407.0
2025-06-10 12:35:00,307.5,307.75,307.43,307.65,6244.0
2025-06-10 12:40:00,307.43,307.5699,307.35,307.55,2530.0
2025-06-10 12:45:00,307.69,307.75,307.69,307.74,898.0
2025-06-10 12:50:00,307.63,307.74,307.63,307.69,391.0
2025-06-10 12:55:00,307.61,307.7199,307.5,307.5,1361.0
2025-06-10 13:00:00,307.46,307.6,307.46,307.6,1968.0
2025-06-10 13:05:00,307.6,307.64,307.4304,307.5562,23114.0
2025-06-10 13:10:00,307.55,307.6801,307.55,307.6801,896.0
2025-06-10 13:15:00,307.65,307.8,307.65,307.8,1458.0
2025-06-10 13:20:00,307.9,308.12,307.87,308.12,12812.0
2025-06-10 13:25:00,308.15,308.34,307.96,308.3,16554.0
2025-06-10 13:30:00,308.31,308.43,308.1,308.1738,176562.0
2025-06-10 13:35:00,308.15,308.23,307.9856,308.19,103864.0
2025-06-10 13:40:00,308.21,308.47,308.12,308.43,62239.0
2025-06-10 13:45:00,308.45,308.6,308.27,308.36,101994.0
2025-06-10 13:50:00,308.36,308.41,308.2,308.38,52210.0
2025-06-10 13:55:00,308.4,308.41,308.07,308.0725,55554.0
2025-06-10 14:00:00,308.07,308.08,307.56,307.89,128210.0
2025-06-10 14:05:00,307.87,307.87,307.24,307.31,177774.0
2025-06-10 14:10:00,307.3,307.6,307.17,307.41,95139.0
2025-06-10 14:15:00,307.38,307.66,306.94,307.11,96108.0
2025-06-10 14:20:00,307.15,307.42,307.0,307.2406,139956.0
2025-06-10 14:25:00,307.23,307.31,307.1,307.18,153429.0
2025-06-10 14:30:00,307.16,307.165,306.95,307.005,160929.0
2025-06-10 14:35:00,307.0,307.17,306.895,307.15,199785.0
2025-06-10 14:40:00,307.14,307.15,306.74,306.8,112123.0
2025-06-10 14:45:00,306.79,307.06,306.62,306.87,94573.0
2025-06-10 14:50:00,306.81,306.88,306.42,306.64,132605.0
2025-06-10 14:55:00,306.645,306.81,306.545,306.69,83283.0
2025-06-10 15:00:00,306.71,306.71,306.33,306.33,217498.0
2025-06-10 15:05:00,306.34,306.74,306.34,306.64,91268.0
2025-06-10 15:10:00,306.6339,306.705,306.4,306.425,82477.0
2025-06-10 15:15:00,306.43,306.46,306.26,306.35,84270.0
2025-06-10 15:20:00,306.38,306.47,306.23,306.26,63312.0
2025-06-10 15:25:00,306.25,306.505,306.235,306.5,81921.0
2025-06-10 15:30:00,306.51,306.77,306.34,306.5,157109.0
2025-06-10 15:35:00,306.48,306.735,306.43,306.45,127487.0
2025-06-10 15:40:00,306.44,306.61,306.21,306.48,100367.0
2025-06-10 15:45:00,306.47,306.49,306.32,306.47,32740.0
2025-06-10 15:50:00,306.46,306.6694,306.425,306.655,36741.0
2025-06-10 15:55:00,306.66,306.68,306.465,306.5296,43024.0
2025-06-10 16:00:00,306.51,306.6201,306.4335,306.58,45103.0
2025-06-11 09:30:00,307.43,307.55,307.4,307.55,1002.0
2025-06-11 09:35:00,307.65,307.65,307.33,307.5,6379.0
2025-06-11 09:40:00,307.51,307.51,307.48,307.48,712.0
2025-06-11 09:45:00,307.47,307.47,307.47,307.47,791.0
2025-06-11 09:50:00,307.14,307.14,307.12,307.12,547.0
2025-06-11 10:05:00,307.35,307.4,307.17,307.3,3771.0
2025-06-11 10:10:00,307.25,307.25,307.16,307.16,3750.0
2025-06-11 10:30:00,306.97,306.97,306.9,306.9,615.0
2025-06-11 10:40:00,306.94,307.08,306.93,307.08,875.0
2025-06-11 10:50:00,306.91,306.91,306.91,306.91,167.0
2025-06-11 10:55:00,306.81,306.81,306.72,306.72,740.0
2025-06-11 11:00:00,306.79,306.8,306.5,306.5,3279.0
2025-06-11 11:10:00,306.9,306.9,306.89,306.9,1410.0
2025-06-11 11:20:00,306.9,306.9,306.88,306.88,302.0
2025-06-11 11:25:00,306.95,306.95,306.85,306.85,484.0
2025-06-11 11:30:00,306.86,307.01,306.85,307.01,842.0
2025-06-11 11:35:00,307.05,307.18,307.05,307.18,2725.0
2025-06-11 11:40:00,307.25,307.3,307.25,307.3,11400.0
2025-06-11 11:45:00,307.19,307.25,307.19,307.24,513.0
2025-06-11 11:55:00,307.02,307.15,307.0,307.14,1664.0
2025-06-11 12:00:00,306.72,308.37,306.72,306.89,19738.0
2025-06-11 12:05:00,306.73,306.73,306.71,306.71,438.0
2025-06-11 12:10:00,306.6,307.65,306.6,307.28,1933.0
2025-06-11 12:15:00,307.15,307.59,307.15,307.42,1383.0
2025-06-11 12:20:00,307.57,307.8399,307.5301,307.65,1500.0
2025-06-11 12:25:00,307.9899,308.21,307.8,307.8,10112.0
2025-06-11 12:30:00,308.18,309.3,307.5731,309.2799,30807.0
2025-06-11 12:35:00,309.35,309.65,309.31,309.64,20224.0
2025-06-11 12:40:00,309.23,309.35,308.99,309.0,8747.0
2025-06-11 12:45:00,309.09,309.24,308.6301,308.6301,4782.0
2025-06-11 12:50:00,308.71,308.72,307.92,308.01,31835.0
2025-06-11 12:55:00,308.008,308.09,307.18,307.5,27524.0
2025-06-11 13:00:00,307.6,307.7,307.15,307.32,30409.0
2025-06-11 13:05:00,307.37,307.81,307.18,307.81,12351.0
2025-06-11 13:10:00,307.84,307.86,307.52,307.86,45247.0
2025-06-11 13:15:00,307.9,308.15,307.9,308.15,34431.0
2025-06-11 13:20:00,308.0,308.0,307.75,307.75,39097.0
2025-06-11 13:25:00,307.7,307.9,307.5,307.54,26435.0
2025-06-11 13:30:00,307.5,307.58,307.16,307.46,339142.0
2025-06-11 13:35:00,307.45,307.71,307.34,307.58,257050.0
2025-06-11 13:40:00,307.58,307.67,307.07,307.07,182404.0
2025-06-11 13:45:00,307.04,307.24,306.56,307.08,226541.0
2025-06-11 13:50:00,307.1,307.3,306.96,307.25,60149.0
2025-06-11 13:55:00,307.21,307.21,306.71,306.78,78243.0
2025-06-11 14:00:00,306.8,307.15,306.72,306.9,134554.0
2025-06-11 14:05:00,306.9,307.115,306.79,307.07,140349.0
2025-06-11 14:10:00,307.03,307.21,306.84,306.97,84293.0
2025-06-11 14:15:00,307.01,307.32,306.96,307.3,67492.0
2025-06-11 14:20:00,307.295,307.35,307.11,307.23,63259.0
2025-06-11 14:25:00,307.25,307.26,306.98,307.1201,91665.0
2025-06-11 14:30:00,307.14,307.29,307.06,307.21,184037.0
2025-06-11 14:35:00,307.24,307.335,307.2,307.3,48824.0
2025-06-11 14:40:00,307.31,307.87,307.22,307.8093,179661.0
2025-06-11 14:45:00,307.81,307.85,307.56,307.6025,74942.0
2025-06-11 14:50:00,307.59,307.8,307.53,307.59,72613.0
2025-06-11 14:55:00,307.55,307.65,307.49,307.52,59235.0
2025-06-11 15:00:00,307.54,307.66,307.47,307.53,239311.0
2025-06-11 15:05:00,307.52,307.88,307.4599,307.745,85247.0
2025-06-11 15:10:00,307.74,307.92,307.59,307.86,62464.0
2025-06-11 15:15:00,307.8501,307.96,307.66,307.89,38948.0
2025-06-11 15:20:00,307.9,308.02,307.73,307.73,63280.0
2025-06-11 15:25:00,307.72,307.7801,307.62,307.75,52028.0
2025-06-11 15:30:00,307.745,307.75,307.44,307.57,84855.0
2025-06-11 15:35:00,307.565,307.82,307.56,307.65,66949.0
2025-06-11 15:40:00,307.6499,307.67,307.33,307.335,38519.0
2025-06-11 15:45:00,307.35,307.36,306.8175,307.1,110763.0
2025-06-11 15:50:00,307.1,307.23,306.955,307.07,139800.0
2025-06-11 15:55:00,307.06,307.175,306.97,307.1,46821.0
2025-06-11 16:00:00,307.13,307.24,307.07,307.2,50555.0
2025-06-12 09:30:00,309.57,309.57,309.57,309.57,260.0
2025-06-12 09:35:00,309.42,309.61,309.42,309.61,2747.0
2025-06-12 09:40:00,309.64,309.65,309.6,309.64,1317.0
2025-06-12 09:45:00,309.7,310.12,309.7,310.0,2860.0
2025-06-12 09:50:00,310.0,310.17,309.97,310.17,3698.0
2025-06-12 09:55:00,310.16,310.17,310.01,310.03,2131.0
2025-06-12 10:00:00,310.11,310.11,309.85,309.85,2805.0
2025-06-12 10:05:00,309.8,309.8,309.8,309.8,506.0
2025-06-12 10:10:00,309.87,310.16,309.87,310.15,1715.0
2025-06-12 10:15:00,310.16,310.75,310.15,310.67,4887.0
2025-06-12 10:20:00,310.69,310.96,310.69,310.96,3130.0
2025-06-12 10:25:00,310.95,311.35,310.87,311.35,4235.0
2025-06-12 10:30:00,311.36,311.59,311.36,311.49,3429.0
2025-06-12 10:35:00,311.72,311.89,311.68,311.68,6628.0
2025-06-12 10:40:00,311.58,311.64,311.58,311.6,1996.0
2025-06-12 10:45:00,311.6,311.77,311.6,311.65,2430.0
2025-06-12 10:50:00,311.79,311.79,311.65,311.65,466.0
2025-06-12 10:55:00,311.66,311.68,311.57,311.6,2970.0
2025-06-12 11:00:00,311.52,312.0,311.51,312.0,8144.0
2025-06-12 11:05:00,312.06,312.07,311.98,311.98,1850.0
2025-06-12 11:10:00,311.73,311.9,311.73,311.89,1717.0
2025-06-12 11:15:00,311.66,311.66,311.51,311.52,1272.0
2025-06-12 11:20:00,311.69,311.75,311.42,311.75,8096.0
2025-06-12 11:25:00,311.72,311.72,311.5,311.68,3627.0
2025-06-12 11:30:00,311.5,311.64,311.5,311.62,4789.0
2025-06-12 11:35:00,311.53,311.53,310.8,310.81,6546.0
2025-06-12 11:40:00,310.99,311.02,310.99,311.02,639.0
2025-06-12 11:45:00,311.12,311.15,311.02,311.15,1457.0
2025-06-12 11:50:00,311.16,311.32,311.15,311.32,1080.0
2025-06-12 11:55:00,311.25,311.35,311.25,311.35,3610.0
2025-06-12 12:00:00,311.8,312.24,307.81,311.19,68277.0
2025-06-12 12:05:00,311.2,311.7675,311.2,311.7675,14985.0
2025-06-12 12:10:00,311.6,311.73,311.46,311.47,33923.0
2025-06-12 12:15:00,311.29,311.5,311.29,311.3,12270.0
2025-06-12 12:20:00,311.35,311.62,311.35,311.5,29346.0
2025-06-12 12:25:00,311.6,311.83,311.5133,311.83,23906.0
2025-06-12 12:30:00,311.83,312.02,311.55,311.71,52463.0
2025-06-12 12:35:00,311.73,312.3999,311.72,312.29,17789.0
2025-06-12 12:40:00,312.29,312.29,312.0,312.23,10936.0
2025-06-12 12:45:00,312.05,312.13,311.9,312.05,11729.0
2025-06-12 12:50:00,312.05,312.29,311.71,312.13,68943.0
2025-06-12 12:55:00,312.04,312.25,312.02,312.15,25625.0
2025-06-12 13:00:00,312.05,312.54,312.0,312.5,49302.0
2025-06-12 13:05:00,312.45,312.61,312.14,312.35,6450.0
2025-06-12 13:10:00,312.19,312.3,311.5,311.59,10268.0
2025-06-12 13:15:00,311.54,311.87,311.54,311.87,6193.0
2025-06-12 13:20:00,311.88,311.88,311.55,311.55,6335.0
2025-06-12 13:25:00,311.52,311.68,311.29,311.64,23085.0
2025-06-12 13:30:00,311.74,312.14,311.41,312.07,550343.0
2025-06-12 13:35:00,312.08,312.595,312.06,312.26,296610.0
2025-06-12 13:40:00,312.31,313.09,312.3,313.06,313326.0
2025-06-12 13:45:00,313.09,313.1,312.33,312.41,343001.0
2025-06-12 13:50:00,312.42,312.55,312.02,312.37,217245.0
2025-06-12 13:55:00,312.37,312.52,312.11,312.46,234730.0
2025-06-12 14:00:00,312.46,312.56,312.08,312.28,322552.0
2025-06-12 14:05:00,312.3,312.48,312.15,312.35,205131.0
2025-06-12 14:10:00,312.33,312.47,311.77,312.05,349514.0
2025-06-12 14:15:00,312.01,312.21,311.87,312.03,181056.0
2025-06-12 14:20:00,312.05,312.4,311.83,312.38,130642.0
2025-06-12 14:25:00,312.39,312.51,311.87,312.17,177631.0
2025-06-12 14:30:00,312.18,312.33,311.8627,311.8627,164510.0
2025-06-12 14:35:00,311.86,312.04,311.77,311.89,111403.0
2025-06-12 14:40:00,311.8993,312.11,311.83,312.085,106688.0
2025-06-12 14:45:00,312.1,312.23,311.99,312.0801,107527.0
2025-06-12 14:50:00,312.07,312.17,311.855,311.935,91933.0
2025-06-12 14:55:00,311.92,312.04,311.64,311.71,134548.0
2025-06-12 15:00:00,311.71,311.87,311.6499,311.76,97275.0
2025-06-12 15:05:00,311.77,311.935,311.51,311.605,120083.0
2025-06-12 15:10:00,311.6025,311.61,311.21,311.36,197420.0
2025-06-12 15:15:00,311.36,311.78,311.15,311.705,171301.0
2025-06-12 15:20:00,311.7,312.1399,311.59,311.975,197019.0
2025-06-12 15:25:00,311.98,312.245,311.98,312.11,141833.0
2025-06-12 15:30:00,312.11,312.29,311.99,312.13,108121.0
2025-06-12 15:35:00,312.13,312.29,311.98,312.05,83206.0
2025-06-12 15:40:00,312.05,312.18,311.89,312.08,142200.0
2025-06-12 15:45:00,312.13,312.145,311.97,312.11,67202.0
2025-06-12 15:50:00,312.11,312.22,312.0,312.12,60409.0
2025-06-12 15:55:00,312.11,312.23,311.8699,311.88,56944.0
2025-06-12 16:00:00,311.9,311.99,311.76,311.965,59841.0
2025-06-13 09:30:00,315.46,315.53,315.14,315.53,1555.0
2025-06-13 09:35:00,315.42,315.62,315.42,315.47,2197.0
2025-06-13 09:40:00,315.43,315.62,315.42,315.62,1936.0
2025-06-13 09:45:00,315.59,315.59,315.52,315.52,256.0
2025-06-13 09:50:00,315.52,315.61,315.52,315.55,2162.0
2025-06-13 09:55:00,315.35,315.39,315.31,315.31,1823.0
2025-06-13 10:00:00,315.47,315.64,315.46,315.49,1547.0
2025-06-13 10:05:00,315.64,315.68,315.64,315.68,937.0
2025-06-13 10:10:00,315.62,315.62,315.08,315.08,3768.0
2025-06-13 10:15:00,315.04,315.26,314.97,314.97,6420.0
2025-06-13 10:20:00,314.99,314.99,314.66,314.73,8405.0
2025-06-13 10:25:00,314.94,315.35,314.94,315.35,1107.0
2025-06-13 10:30:00,315.36,315.52,315.0,315.0,2744.0
2025-06-13 10:35:00,314.81,314.81,314.6,314.7,4754.0
2025-06-13 10:40:00,314.69,314.89,314.69,314.89,1808.0
2025-06-13 10:45:00,314.7,314.7,314.7,314.7,192.0
2025-06-13 10:50:00,314.68,314.68,314.4,314.4,4078.0
2025-06-13 10:55:00,314.68,314.88,314.68,314.88,1087.0
2025-06-13 11:00:00,314.81,314.87,314.41,314.71,9087.0
2025-06-13 11:05:00,314.66,314.7,314.51,314.511,6200.0
2025-06-13 11:10:00,314.75,314.8,314.66,314.8,2268.0
2025-06-13 11:15:00,314.76,314.97,314.76,314.94,1833.0
2025-06-13 11:20:00,314.99,315.21,314.99,315.2,2107.0
2025-06-13 11:25:00,315.13,315.28,314.9,315.06,44405.0
2025-06-13 11:30:00,315.12,315.12,315.12,315.12,619.0
2025-06-13 11:35:00,315.17,315.21,315.0,315.2,4071.0
2025-06-13 11:40:00,315.15,315.25,315.15,315.21,1330.0
2025-06-13 11:45:00,315.33,315.4,315.33,315.38,2490.0
2025-06-13 11:50:00,315.21,315.28,315.07,315.07,4698.0
2025-06-13 11:55:00,315.19,315.33,315.17,315.33,8816.0
2025-06-13 12:00:00,314.82,316.11,314.0,315.3,113380.0
2025-06-13 12:05:00,315.5,315.75,315.5,315.56,14334.0
2025-06-13 12:10:00,315.5789,315.5789,315.35,315.5,7921.0
2025-06-13 12:15:00,315.41,315.75,315.3,315.34,2593.0
2025-06-13 12:20:00,315.56,315.57,315.23,315.23,3716.0
2025-06-13 12:25:00,315.51,315.8,315.51,315.6562,3720.0
2025-06-13 12:30:00,315.8,316.03,315.75,316.03,11627.0
2025-06-13 12:35:00,316.02,316.42,315.79,316.3299,73900.0
2025-06-13 12:40:00,316.1732,316.21,316.03,316.12,33790.0
2025-06-13 12:45:00,316.23,316.25,316.01,316.13,22210.0
2025-06-13 12:50:00,316.04,316.6,316.04,316.6,10569.0
2025-06-13 12:55:00,316.72,316.7978,316.62,316.65,25874.0
2025-06-13 13:00:00,316.63,317.03,316.59,316.95,33853.0
2025-06-13 13:05:00,316.86,316.87,316.57,316.57,9758.0
2025-06-13 13:10:00,316.56,317.06,316.51,317.01,16467.0
2025-06-13 13:15:00,317.04,317.18,316.71,316.71,12965.0
2025-06-13 13:20:00,316.91,317.2,316.89,317.14,18852.0
2025-06-13 13:25:00,317.13,317.35,317.07,317.24,20874.0
2025-06-13 13:30:00,317.26,317.27,316.87,317.1001,520449.0
2025-06-13 13:35:00,317.115,317.6,317.08,317.4,618195.0
2025-06-13 13:40:00,317.39,317.43,317.0101,317.13,396089.0
2025-06-13 13:45:00,317.14,317.199,316.61,316.935,348139.0
2025-06-13 13:50:00,316.935,316.965,316.39,316.39,342850.0
2025-06-13 13:55:00,316.41,316.8525,316.393,316.66,185038.0
2025-06-13 14:00:00,316.64,316.79,316.075,316.42,299032.0
2025-06-13 14:05:00,316.44,316.71,316.4,316.53,258312.0
2025-06-13 14:10:00,316.52,316.57,315.77,315.97,238741.0
2025-06-13 14:15:00,315.97,316.16,315.5,315.82,380875.0
2025-06-13 14:20:00,315.82,316.29,315.685,316.2499,254467.0
2025-06-13 14:25:00,316.26,316.595,316.12,316.58,193337.0
2025-06-13 14:30:00,316.58,316.625,316.3674,316.47,144214.0
2025-06-13 14:35:00,316.48,316.65,316.3,316.63,96117.0
2025-06-13 14:40:00,316.6388,316.66,316.435,316.61,110876.0
2025-06-13 14:45:00,316.62,316.9335,316.62,316.9,167737.0
2025-06-13 14:50:00,316.94,316.95,315.715,316.03,796178.0
2025-06-13 14:55:00,315.98,315.99,315.44,315.82,659624.0
2025-06-13 15:00:00,315.81,316.04,315.65,315.85,298550.0
2025-06-13 15:05:00,315.86,315.87,315.35,315.82,236091.0
2025-06-13 15:10:00,315.83,315.86,315.46,315.535,145039.0
2025-06-13 15:15:00,315.54,315.97,315.25,315.94,183543.0
2025-06-13 15:20:00,315.92,315.95,315.72,315.85,750010.0
2025-06-13 15:25:00,315.88,316.005,315.65,315.67,428088.0
2025-06-13 15:30:00,315.67,315.68,315.29,315.41,185294.0
2025-06-13 15:35:00,315.41,315.6,315.17,315.6,130181.0
2025-06-13 15:40:00,315.58,315.72,315.49,315.4999,536457.0
2025-06-13 15:45:00,315.51,315.6,315.4,315.47,135644.0
2025-06-13 15:50:00,315.48,315.61,315.4,315.56,84525.0
2025-06-13 15:55:00,315.54,315.72,315.51,315.68,63387.0
2025-06-13 16:00:00,315.7,315.86,315.6797,315.83,106188.0
2025-06-16 09:30:00,314.9,314.9,314.75,314.75,557.0
2025-06-16 09:35:00,314.76,314.99,314.76,314.99,351.0
2025-06-16 09:40:00,314.84,314.88,314.84,314.84,320.0
2025-06-16 09:45:00,314.81,314.82,314.65,314.82,2875.0
2025-06-16 09:50:00,314.46,314.46,314.46,314.46,1114.0
2025-06-16 09:55:00,314.5,314.5,314.5,314.5,271.0
2025-06-16 10:00:00,314.48,314.5,314.48,314.5,2763.0
2025-06-16 10:05:00,314.5,314.64,314.5,314.64,356.0
2025-06-16 10:15:00,314.46,314.56,314.35,314.35,551.0
2025-06-16 10:20:00,314.47,314.47,314.3,314.3,906.0
2025-06-16 10:30:00,314.56,314.59,314.56,314.59,371.0
2025-06-16 10:40:00,315.0,315.0,315.0,315.0,400.0
2025-06-16 10:45:00,315.0,315.0,315.0,315.0,303.0
2025-06-16 10:50:00,315.07,315.07,315.07,315.07,280.0
2025-06-16 10:55:00,315.22,315.22,315.0,315.16,2478.0
2025-06-16 11:00:00,315.15,315.26,315.13,315.22,2818.0
2025-06-16 11:05:00,315.26,315.29,315.0,315.0,3311.0
2025-06-16 11:10:00,315.0,315.07,315.0,315.07,1480.0
2025-06-16 11:15:00,315.14,315.14,315.13,315.13,500.0
2025-06-16 11:20:00,315.24,315.32,315.24,315.32,1060.0
2025-06-16 11:30:00,315.03,315.03,314.85,314.85,3157.0
2025-06-16 11:40:00,314.95,314.95,314.75,314.75,2204.0
2025-06-16 11:45:00,314.64,314.64,314.31,314.35,7218.0
2025-06-16 11:50:00,314.44,314.65,314.44,314.65,1754.0
2025-06-16 11:55:00,314.65,314.65,314.65,314.65,180.0
2025-06-16 12:00:00,315.17,316.29,314.34,314.51,68287.0
2025-06-16 12:05:00,314.73,314.73,314.73,314.73,266.0
2025-06-16 12:10:00,314.75,314.9,314.71,314.71,10554.0
2025-06-16 12:15:00,314.76,314.77,314.57,314.7,3552.0
2025-06-16 12:20:00,314.7,314.9,314.39,314.53,14127.0
2025-06-16 12:25:00,314.47,314.7522,314.38,314.5,7251.0
2025-06-16 12:30:00,314.49,314.7475,314.25,314.51,9028.0
2025-06-16 12:35:00,314.5,314.55,314.5,314.5215,854.0
2025-06-16 12:40:00,314.75,314.75,314.52,314.52,1267.0
2025-06-16 12:45:00,314.5,314.6,314.4,314.5,1820.0
2025-06-16 12:50:00,314.7609,314.9,314.7609,314.83,6315.0
2025-06-16 12:55:00,314.93,314.93,314.69,314.69,1692.0
2025-06-16 13:00:00,314.71,315.0,314.69,314.73,6321.0
2025-06-16 13:05:00,314.82,314.89,314.68,314.68,4170.0
2025-06-16 13:10:00,314.61,314.66,314.6001,314.65,2291.0
2025-06-16 13:15:00,314.59,314.7491,313.9,314.7491,42789.0
2025-06-16 13:20:00,314.69,314.75,314.38,314.52,17991.0
2025-06-16 13:25:00,314.59,314.76,314.41,314.76,16808.0
2025-06-16 13:30:00,314.8,314.87,314.53,314.66,272500.0
2025-06-16 13:35:00,314.6262,314.69,314.14,314.33,248511.0
2025-06-16 13:40:00,314.33,314.381,313.51,314.1,305689.0
2025-06-16 13:45:00,314.09,314.2,313.8,314.105,198065.0
2025-06-16 13:50:00,314.1,314.2,312.25,312.36,560698.0
2025-06-16 13:55:00,312.34,312.72,311.65,312.19,532348.0
2025-06-16 14:00:00,312.17,312.89,312.09,312.67,202846.0
2025-06-16 14:05:00,312.71,313.21,312.64,312.9,244976.0
2025-06-16 14:10:00,312.885,313.12,312.45,312.93,195547.0
2025-06-16 14:15:00,312.91,313.17,312.72,312.93,332863.0
2025-06-16 14:20:00,312.8703,313.0395,312.62,312.84,139586.0
2025-06-16 14:25:00,312.84,312.93,312.495,312.52,143838.0
2025-06-16 14:30:00,312.53,312.7,312.33,312.64,131756.0
2025-06-16 14:35:00,312.63,312.89,312.47,312.51,199282.0
2025-06-16 14:40:00,312.56,312.86,312.53,312.85,111686.0
2025-06-16 14:45:00,312.8379,313.03,312.66,312.97,73091.0
2025-06-16 14:50:00,312.96,313.165,312.88,312.9375,79302.0
2025-06-16 14:55:00,312.92,313.05,312.88,313.01,85133.0
2025-06-16 15:00:00,313.01,313.32,313.01,313.3,104352.0
2025-06-16 15:05:00,313.32,313.6,313.21,313.395,149891.0
2025-06-16 15:10:00,313.38,313.49,313.25,313.355,80792.0
2025-06-16 15:15:00,313.33,313.52,313.26,313.2977,64608.0
2025-06-16 15:20:00,313.34,313.47,313.3309,313.42,61395.0
2025-06-16 15:25:00,313.48,313.747,313.46,313.68,119725.0
2025-06-16 15:30:00,313.69,313.77,313.57,313.76,105185.0
2025-06-16 15:35:00,313.74,313.8,313.54,313.68,96518.0
2025-06-16 15:40:00,313.685,313.73,313.6181,313.64,68811.0
2025-06-16 15:45:00,313.635,313.73,313.48,313.59,91163.0
2025-06-16 15:50:00,313.54,313.61,313.38,313.57,65900.0
2025-06-16 15:55:00,313.6,313.85,313.58,313.68,110625.0
2025-06-16 16:00:00,313.7,313.75,313.49,313.58,66012.0
2025-06-17 09:30:00,311.41,311.52,311.41,311.52,12115.0
2025-06-17 09:40:00,311.6,311.8,311.6,311.8,200.0
2025-06-17 09:45:00,311.46,311.48,311.45,311.48,714.0
2025-06-17 09:50:00,311.61,311.61,311.61,311.61,162.0
2025-06-17 09:55:00,311.93,311.93,311.93,311.93,172.0
2025-06-17 10:05:00,311.95,311.95,311.94,311.94,525.0
2025-06-17 10:10:00,312.15,312.15,312.15,312.15,422.0
2025-06-17 10:15:00,312.55,312.62,312.55,312.62,1005.0
2025-06-17 10:20:00,312.84,312.84,312.84,312.84,590.0
2025-06-17 10:25:00,312.7,312.8,312.6,312.6,3334.0
2025-06-17 10:30:00,312.64,312.7,312.64,312.7,3901.0
2025-06-17 10:35:00,312.75,312.88,312.75,312.76,23191.0
2025-06-17 10:40:00,312.88,313.05,312.88,312.9,5958.0
2025-06-17 10:45:00,312.86,312.9,312.81,312.89,7147.0
2025-06-17 10:50:00,312.89,312.89,312.83,312.88,2188.0
2025-06-17 10:55:00,312.79,313.09,312.79,313.07,10677.0
2025-06-17 11:00:00,313.07,313.1,312.91,313.1,5876.0
2025-06-17 11:05:00,313.14,313.14,313.12,313.14,922.0
2025-06-17 11:10:00,313.04,313.1,313.04,313.1,861.0
2025-06-17 11:15:00,312.93,312.93,312.88,312.88,1007.0
2025-06-17 11:20:00,312.85,312.85,312.66,312.66,15335.0
2025-06-17 11:25:00,312.62,312.71,312.56,312.59,9043.0
2025-06-17 11:30:00,312.76,312.76,312.76,312.76,1026.0
2025-06-17 11:35:00,312.7,312.87,312.63,312.65,2240.0
2025-06-17 11:40:00,312.73,312.79,312.62,312.79,3505.0
2025-06-17 11:45:00,312.86,312.94,312.86,312.94,5891.0
2025-06-17 11:50:00,312.26,312.46,312.15,312.42,12211.0
2025-06-17 11:55:00,312.44,312.44,312.13,312.17,2987.0
2025-06-17 12:00:00,313.13,313.13,311.3598,312.06,59066.0
2025-06-17 12:05:00,312.0,312.0,311.69,311.69,6809.0
2025-06-17 12:10:00,312.0,312.01,311.83,311.83,21676.0
2025-06-17 12:15:00,311.78,311.96,311.7507,311.78,8719.0
2025-06-17 12:20:00,311.7503,312.1,311.7,312.0101,14866.0
2025-06-17 12:25:00,312.0,312.1795,312.0,312.0,1884.0
2025-06-17 12:30:00,312.2,312.28,312.01,312.28,14805.0
2025-06-17 12:35:00,312.21,312.21,311.8,312.08,10910.0
2025-06-17 12:40:00,312.06,312.24,311.91,311.91,7547.0
2025-06-17 12:45:00,311.98,312.1,311.81,311.9,6441.0
2025-06-17 12:50:00,311.8,311.8,311.76,311.76,745.0
2025-06-17 12:55:00,312.179,312.179,311.94,312.09,3455.0
2025-06-17 13:00:00,312.1,312.2,312.0,312.2,2451.0
2025-06-17 13:05:00,312.31,312.46,312.2,312.46,6927.0
2025-06-17 13:10:00,312.37,312.44,312.37,312.44,3016.0
2025-06-17 13:15:00,312.6301,312.7899,312.6301,312.73,6485.0
2025-06-17 13:20:00,312.7,312.79,312.63,312.77,6682.0
2025-06-17 13:25:00,312.78,312.84,312.57,312.66,13827.0
2025-06-17 13:30:00,312.66,313.0,312.56,312.94,209195.0
2025-06-17 13:35:00,312.93,312.96,312.43,312.72,175293.0
2025-06-17 13:40:00,312.73,312.96,312.47,312.875,214787.0
2025-06-17 13:45:00,312.81,312.81,312.14,312.31,133519.0
2025-06-17 13:50:00,312.33,312.5001,312.17,312.465,155599.0
2025-06-17 13:55:00,312.46,312.605,312.3293,312.36,90305.0
2025-06-17 14:00:00,312.36,312.5,312.13,312.15,160967.0
2025-06-17 14:05:00,312.14,312.26,311.81,312.19,272022.0
2025-06-17 14:10:00,312.175,312.37,311.9,311.94,72196.0
2025-06-17 14:15:00,311.93,312.11,311.8,312.1042,49058.0
2025-06-17 14:20:00,312.1,312.12,311.928,312.0,68410.0
2025-06-17 14:25:00,311.98,311.98,311.42,311.74,85228.0
2025-06-17 14:30:00,311.7,311.72,310.88,310.98,181910.0
2025-06-17 14:35:00,311.0,311.04,310.12,310.62,246900.0
2025-06-17 14:40:00,310.61,311.0612,310.4,310.98,178961.0
2025-06-17 14:45:00,310.98,311.32,310.77,311.27,106133.0
2025-06-17 14:50:00,311.23,311.75,311.16,311.69,124385.0
2025-06-17 14:55:00,311.72,311.98,311.6499,311.86,78448.0
2025-06-17 15:00:00,311.83,311.9299,311.7247,311.81,113544.0
2025-06-17 15:05:00,311.81,312.14,311.76,311.96,100289.0
2025-06-17 15:10:00,311.95,312.04,311.83,311.89,68359.0
2025-06-17 15:15:00,311.8775,312.04,311.81,311.925,38465.0
2025-06-17 15:20:00,311.92,312.0,311.7344,311.76,134960.0
2025-06-17 15:25:00,311.76,311.81,311.34,311.47,114614.0
2025-06-17 15:30:00,311.52,311.55,311.15,311.55,70136.0
2025-06-17 15:35:00,311.58,311.62,311.1671,311.18,94569.0
2025-06-17 15:40:00,311.24,311.26,311.03,311.2,59991.0
2025-06-17 15:45:00,311.19,311.27,310.85,310.85,43422.0
2025-06-17 15:50:00,310.88,311.01,310.66,310.8901,70156.0
2025-06-17 15:55:00,310.9136,311.34,310.9136,311.31,79341.0
2025-06-17 16:00:00,311.33,311.47,311.28,311.3863,20975.0
2025-06-18 09:35:00,311.53,311.53,311.53,311.53,523.0
2025-06-18 09:40:00,311.54,311.55,311.54,311.54,536.0
2025-06-18 09:50:00,311.28,311.4,311.19,311.4,1163.0
2025-06-18 09:55:00,311.16,311.16,311.13,311.13,2485.0
2025-06-18 10:10:00,311.31,311.32,311.31,311.32,1803.0
2025-06-18 10:15:00,311.35,311.35,311.35,311.35,143.0
2025-06-18 10:20:00,311.15,311.15,311.15,311.15,710.0
2025-06-18 10:25:00,311.2,311.2,311.15,311.15,520.0
2025-06-18 10:30:00,311.43,311.44,311.43,311.44,323.0
2025-06-18 10:35:00,311.63,311.73,311.5,311.5,1924.0
2025-06-18 10:40:00,311.3,311.3,311.3,311.3,174.0
2025-06-18 10:45:00,311.25,311.25,311.19,311.19,2469.0
2025-06-18 10:50:00,311.11,311.4,311.1,311.35,3654.0
2025-06-18 10:55:00,311.32,311.52,311.3,311.5,11041.0
2025-06-18 11:00:00,311.53,311.53,311.5,311.5,707.0
2025-06-18 11:05:00,311.6,311.67,311.6,311.67,1752.0
2025-06-18 11:10:00,311.66,311.66,311.66,311.66,588.0
2025-06-18 11:15:00,311.68,311.69,311.68,311.69,711.0
2025-06-18 11:25:00,311.92,311.93,311.87,311.93,3941.0
2025-06-18 11:30:00,312.0,312.04,311.99,312.04,2040.0
2025-06-18 11:35:00,312.0,312.0,311.94,311.94,5403.0
2025-06-18 11:40:00,311.8,311.8,311.77,311.77,1152.0
2025-06-18 11:45:00,311.58,311.81,311.51,311.81,3868.0
2025-06-18 11:50:00,311.89,311.98,311.89,311.94,2539.0
2025-06-18 11:55:00,311.87,311.87,311.4,311.4,1378.0
2025-06-18 12:00:00,311.6588,313.0,311.25,311.83,16428.0
2025-06-18 12:05:00,311.71,311.72,311.7,311.7,726.0
2025-06-18 12:10:00,311.93,311.93,311.87,311.87,366.0
2025-06-18 12:15:00,311.96,311.98,311.92,311.96,2914.0
2025-06-18 12:20:00,312.0,312.19,311.99,312.19,3678.0
2025-06-18 12:25:00,312.14,312.14,312.14,312.14,919.0
2025-06-18 12:30:00,312.08,312.3,311.95,312.29,9023.0
2025-06-18 12:35:00,312.28,312.29,312.12,312.12,9761.0
2025-06-18 12:40:00,312.19,312.36,312.19,312.36,4045.0
2025-06-18 12:45:00,312.27,312.27,312.0,312.0,1486.0
2025-06-18 12:50:00,312.13,312.13,311.9,311.9,4634.0
2025-06-18 12:55:00,311.96,312.12,311.96,312.12,846.0
2025-06-18 13:00:00,312.0001,312.25,312.0001,312.1705,2036.0
2025-06-18 13:05:00,312.3,312.3183,312.2701,312.28,2027.0
2025-06-18 13:10:00,312.36,312.56,312.36,312.5,4197.0
2025-06-18 13:15:00,312.55,312.589,312.46,312.48,1658.0
2025-06-18 13:20:00,312.5,312.61,312.45,312.48,6678.0
2025-06-18 13:25:00,312.51,312.82,312.51,312.82,9175.0
2025-06-18 13:30:00,312.89,312.98,312.5314,312.68,164839.0
2025-06-18 13:35:00,312.71,312.86,312.67,312.82,85707.0
2025-06-18 13:40:00,312.81,312.89,312.59,312.62,46602.0
2025-06-18 13:45:00,312.635,312.7,312.365,312.5,114597.0
2025-06-18 13:50:00,312.44,312.63,312.35,312.51,76400.0
2025-06-18 13:55:00,312.51,312.7,312.49,312.59,76381.0
2025-06-18 14:00:00,312.58,312.6,312.03,312.37,157220.0
2025-06-18 14:05:00,312.38,312.4,311.97,312.05,234281.0
2025-06-18 14:10:00,312.04,312.19,311.81,311.94,130509.0
2025-06-18 14:15:00,311.9,312.09,311.56,311.63,166747.0
2025-06-18 14:20:00,311.53,311.53,310.8825,311.28,208471.0
2025-06-18 14:25:00,311.28,311.76,311.15,311.6799,149629.0
2025-06-18 14:30:00,311.69,312.23,311.69,312.05,418704.0
2025-06-18 14:35:00,312.02,312.14,311.92,311.97,60038.0
2025-06-18 14:40:00,312.01,312.28,311.88,312.16,134788.0
2025-06-18 14:45:00,312.155,312.38,312.09,312.32,56993.0
2025-06-18 14:50:00,312.3,312.37,311.9401,312.03,61309.0
2025-06-18 14:55:00,312.03,312.08,311.93,312.065,78707.0
2025-06-18 15:00:00,312.07,312.28,312.0208,312.21,855801.0
2025-06-18 15:05:00,312.215,312.215,311.98,311.9999,26190.0
2025-06-18 15:10:00,312.01,312.1601,311.95,312.01,34745.0
2025-06-18 15:15:00,311.99,312.0,311.57,311.94,67954.0
2025-06-18 15:20:00,311.93,312.31,311.87,312.2802,124041.0
2025-06-18 15:25:00,312.31,312.31,312.11,312.163,38279.0
2025-06-18 15:30:00,312.12,312.24,312.11,312.16,626967.0
2025-06-18 15:35:00,312.17,312.27,312.14,312.26,14868.0
2025-06-18 15:40:00,312.27,312.27,312.0601,312.21,47331.0
2025-06-18 15:45:00,312.2,312.44,312.17,312.42,87138.0
2025-06-18 15:50:00,312.4209,312.54,312.3996,312.495,98261.0
2025-06-18 15:55:00,312.49,312.67,312.44,312.66,69970.0
2025-06-18 16:00:00,312.66,312.8,312.61,312.635,54670.0
2025-06-20 09:30:00,309.21,309.28,309.16,309.26,2564.0
2025-06-20 09:35:00,309.27,309.3,309.27,309.3,366.0
2025-06-20 09:40:00,309.36,309.43,309.36,309.39,2913.0
2025-06-20 09:45:00,309.39,309.39,309.28,309.28,1438.0
2025-06-20 09:50:00,309.18,309.18,309.18,309.18,130.0
2025-06-20 10:00:00,309.19,309.19,309.19,309.19,150.0
2025-06-20 10:05:00,309.23,309.24,309.16,309.24,882.0
2025-06-20 10:10:00,309.19,309.2,309.19,309.2,329.0
2025-06-20 10:15:00,309.25,309.36,309.25,309.36,991.0
2025-06-20 10:25:00,309.1,309.1,309.1,309.1,543.0
2025-06-20 10:35:00,309.07,309.07,309.06,309.06,250.0
2025-06-20 10:40:00,309.25,309.25,309.25,309.25,218.0
2025-06-20 10:45:00,309.24,309.24,309.24,309.24,115.0
2025-06-20 10:50:00,309.27,309.29,309.27,309.29,826.0
2025-06-20 10:55:00,309.13,309.13,309.13,309.13,150.0
2025-06-20 11:00:00,309.21,309.22,309.1,309.1,1391.0
2025-06-20 11:05:00,309.06,309.06,308.97,309.0,2235.0
2025-06-20 11:15:00,309.05,309.05,308.98,308.98,1053.0
2025-06-20 11:20:00,308.9,308.9,308.9,308.9,345.0
2025-06-20 11:25:00,308.8,308.81,308.76,308.8,2746.0
2025-06-20 11:30:00,308.85,308.85,308.83,308.84,671.0
2025-06-20 11:35:00,308.9,309.11,308.9,309.11,2114.0
2025-06-20 11:40:00,309.08,309.08,308.88,308.88,2015.0
2025-06-20 11:45:00,308.65,308.99,308.4,308.7,34952.0
2025-06-20 11:50:00,308.51,308.68,308.51,308.68,721.0
2025-06-20 11:55:00,308.65,308.65,308.35,308.35,2865.0
2025-06-20 12:00:00,308.94,309.295,307.88,308.6,31208.0
2025-06-20 12:05:00,308.66,308.66,308.25,308.3,1428.0
2025-06-20 12:10:00,308.35,308.49,308.35,308.4,2954.0
2025-06-20 12:15:00,308.63,308.7,308.39,308.39,13113.0
2025-06-20 12:20:00,308.38,308.95,308.38,308.7,2149.0
2025-06-20 12:25:00,308.62,308.62,308.39,308.39,4223.0
2025-06-20 12:30:00,308.3701,308.3701,307.96,307.96,6370.0
2025-06-20 12:35:00,308.2,308.4,308.2,308.2343,7373.0
2025-06-20 12:40:00,308.4,308.42,308.3,308.31,3934.0
2025-06-20 12:45:00,308.3,308.35,308.01,308.08,12104.0
2025-06-20 12:50:00,308.0,308.22,308.0,308.1,10658.0
2025-06-20 12:55:00,308.08,308.3,308.01,308.08,6403.0
2025-06-20 13:00:00,308.03,308.28,308.03,308.28,3396.0
2025-06-20 13:05:00,308.43,308.64,308.36,308.4,3027.0
2025-06-20 13:10:00,308.7002,308.97,308.7002,308.97,2718.0
2025-06-20 13:15:00,308.8414,308.91,308.74,308.9,2960.0
2025-06-20 13:20:00,308.88,309.21,308.8,309.16,26179.0
2025-06-20 13:25:00,309.18,309.34,309.17,309.31,22078.0
2025-06-20 13:30:00,309.33,309.7459,309.25,309.63,457432.0
2025-06-20 13:35:00,309.59,309.99,309.5001,309.9503,124857.0
2025-06-20 13:40:00,309.96,310.03,309.8,309.95,114172.0
2025-06-20 13:45:00,309.96,310.235,309.95,310.205,146561.0
2025-06-20 13:50:00,310.2,310.68,310.19,310.68,145148.0
2025-06-20 13:55:00,310.675,310.85,310.49,310.53,152208.0
2025-06-20 14:00:00,310.53,310.57,310.16,310.3,187138.0
2025-06-20 14:05:00,310.29,310.69,310.25,310.685,94014.0
2025-06-20 14:10:00,310.68,310.89,310.4884,310.58,112397.0
2025-06-20 14:15:00,310.5707,310.5952,310.312,310.4,68965.0
2025-06-20 14:20:00,310.39,310.3952,310.05,310.15,103003.0
2025-06-20 14:25:00,310.15,310.44,310.1199,310.31,82885.0
2025-06-20 14:30:00,310.32,310.39,310.14,310.2,85517.0
2025-06-20 14:35:00,310.21,310.26,310.08,310.13,63779.0
2025-06-20 14:40:00,310.1293,310.55,310.11,310.255,119311.0
2025-06-20 14:45:00,310.255,310.32,310.07,310.32,88455.0
2025-06-20 14:50:00,310.33,310.5,310.22,310.45,227529.0
2025-06-20 14:55:00,310.45,310.53,310.4,310.4199,314294.0
2025-06-20 15:00:00,310.42,310.66,310.42,310.59,115772.0
2025-06-20 15:05:00,310.575,310.575,310.33,310.3599,65513.0
2025-06-20 15:10:00,310.4,310.4054,310.2407,310.265,86114.0
2025-06-20 15:15:00,310.27,310.29,310.11,310.23,79291.0
2025-06-20 15:20:00,310.22,310.3501,310.1099,310.32,64707.0
2025-06-20 15:25:00,310.325,310.405,310.23,310.36,40884.0
2025-06-20 15:30:00,310.36,310.38,310.17,310.17,67883.0
2025-06-20 15:35:00,310.19,310.37,310.17,310.29,51803.0
2025-06-20 15:40:00,310.285,310.29,310.17,310.19,65529.0
2025-06-20 15:45:00,310.175,310.335,310.16,310.2,59197.0
2025-06-20 15:50:00,310.215,310.39,310.215,310.37,71515.0
2025-06-20 15:55:00,310.37,310.66,310.36,310.4883,223530.0
2025-06-20 16:00:00,310.5,310.52,310.36,310.44,48350.0
2025-06-23 09:30:00,309.9,310.0,309.9,309.92,3416.0
2025-06-23 09:35:00,309.75,309.75,309.75,309.75,245.0
2025-06-23 09:45:00,310.13,310.13,310.13,310.13,355.0
2025-06-23 10:00:00,310.27,310.27,310.1,310.1,1419.0
2025-06-23 10:05:00,310.01,310.01,310.0,310.0,646.0
2025-06-23 10:10:00,310.08,310.08,309.92,309.92,525.0
2025-06-23 10:15:00,310.24,310.24,310.24,310.24,415.0
2025-06-23 10:45:00,310.01,310.12,310.01,310.11,1324.0
2025-06-23 10:55:00,310.29,310.29,310.29,310.29,387.0
2025-06-23 11:00:00,310.35,310.57,310.35,310.52,1582.0
2025-06-23 11:05:00,310.63,310.7,310.63,310.7,2665.0
2025-06-23 11:10:00,310.8,310.9,310.79,310.9,2449.0
2025-06-23 11:15:00,310.97,311.11,310.97,311.09,1637.0
2025-06-23 11:20:00,311.1,311.45,311.0,311.07,5390.0
2025-06-23 11:25:00,311.13,311.15,311.1,311.15,2254.0
2025-06-23 11:30:00,311.41,311.41,311.04,311.04,1261.0
2025-06-23 11:35:00,311.11,311.11,311.04,311.04,695.0
2025-06-23 11:40:00,311.19,311.25,311.19,311.25,2704.0
2025-06-23 11:45:00,311.25,311.25,311.1,311.1,4106.0
2025-06-23 11:50:00,311.14,311.14,311.14,311.14,3036.0
2025-06-23 11:55:00,311.1,311.1,311.1,311.1,410.0
2025-06-23 12:00:00,310.73,311.69,308.5,311.2,42024.0
2025-06-23 12:05:00,311.08,311.2,310.74,310.74,3605.0
2025-06-23 12:10:00,310.5,310.55,310.33,310.4,6772.0
2025-06-23 12:15:00,310.39,310.39,309.85,309.85,12199.0
2025-06-23 12:20:00,309.8,310.0,309.6801,309.6801,5855.0
2025-06-23 12:30:00,309.81,309.81,309.45,309.56,5272.0
2025-06-23 12:35:00,309.41,309.73,309.2109,309.4,7879.0
2025-06-23 12:40:00,309.4,309.6,309.4,309.45,5553.0
2025-06-23 12:45:00,309.6699,309.7185,309.5,309.7185,3040.0
2025-06-23 12:50:00,309.71,309.9993,309.71,309.78,2762.0
2025-06-23 12:55:00,309.58,309.78,309.58,309.66,36533.0
2025-06-23 13:00:00,309.61,309.91,309.61,309.8,6138.0
2025-06-23 13:05:00,309.8,309.95,309.79,309.95,7233.0
2025-06-23 13:10:00,309.97,310.31,309.97,310.25,8588.0
2025-06-23 13:15:00,310.3101,310.3101,310.3,310.3,1478.0
2025-06-23 13:20:00,310.2501,310.3198,310.13,310.2001,105845.0
2025-06-23 13:25:00,310.29,310.32,310.17,310.32,5158.0
2025-06-23 13:30:00,310.34,310.9,310.31,310.86,232271.0
2025-06-23 13:35:00,310.85,311.155,310.84,311.09,201853.0
2025-06-23 13:40:00,311.04,311.84,311.04,311.5725,401654.0
2025-06-23 13:45:00,311.5,311.81,311.21,311.52,372115.0
2025-06-23 13:50:00,311.51,312.11,311.5,311.89,183773.0
2025-06-23 13:55:00,311.92,311.99,311.48,311.49,176447.0
2025-06-23 14:00:00,311.48,311.82,311.05,311.07,324965.0
2025-06-23 14:05:00,311.06,311.06,310.45,310.75,293953.0
2025-06-23 14:10:00,310.75,311.05,310.625,310.91,143427.0
2025-06-23 14:15:00,310.93,311.3,310.93,311.22,118229.0
2025-06-23 14:20:00,311.19,311.57,311.19,311.54,125057.0
2025-06-23 14:25:00,311.5,311.63,311.15,311.3,90234.0
2025-06-23 14:30:00,311.29,311.5601,311.18,311.5599,73572.0
2025-06-23 14:35:00,311.52,311.6,311.28,311.53,81292.0
2025-06-23 14:40:00,311.555,311.8,311.51,311.76,112751.0
2025-06-23 14:45:00,311.78,311.815,311.6975,311.76,219650.0
2025-06-23 14:50:00,311.77,311.96,311.72,311.84,200265.0
2025-06-23 14:55:00,311.85,312.04,311.84,311.9946,119592.0
2025-06-23 15:00:00,312.01,312.18,311.9482,311.95,109640.0
2025-06-23 15:05:00,311.95,312.015,311.84,311.9396,85772.0
2025-06-23 15:10:00,311.92,312.0901,311.85,312.075,68497.0
2025-06-23 15:15:00,312.07,312.24,312.03,312.11,100410.0
2025-06-23 15:20:00,312.105,312.21,312.05,312.11,72786.0
2025-06-23 15:25:00,312.1,312.16,311.99,312.15,82964.0
2025-06-23 15:30:00,312.15,312.28,311.99,312.14,73230.0
2025-06-23 15:35:00,312.15,312.3,312.06,312.15,79977.0
2025-06-23 15:40:00,312.16,312.1968,311.96,312.0,83630.0
2025-06-23 15:45:00,312.0,312.155,311.965,312.115,84814.0
2025-06-23 15:50:00,312.13,312.3,312.105,312.26,121352.0
2025-06-23 15:55:00,312.26,312.305,312.0498,312.05,96029.0
2025-06-23 16:00:00,312.08,312.1895,312.06,312.125,48491.0
2025-06-24 09:30:00,305.9,305.91,305.8,305.91,1900.0
2025-06-24 09:35:00,306.0,306.13,306.0,306.1,807.0
2025-06-24 09:40:00,306.0,306.05,305.98,306.0,1529.0
2025-06-24 09:45:00,306.17,306.17,305.98,305.99,2296.0
2025-06-24 09:50:00,306.05,306.05,305.75,305.75,1754.0
2025-06-24 09:55:00,305.81,305.81,305.81,305.81,258.0
2025-06-24 10:00:00,305.85,305.99,305.85,305.98,1179.0
2025-06-24 10:10:00,305.99,305.99,305.99,305.99,368.0
2025-06-24 10:25:00,306.28,306.29,306.28,306.29,950.0
2025-06-24 10:30:00,306.41,306.49,306.41,306.49,1124.0
2025-06-24 10:35:00,306.49,306.5,306.47,306.5,2605.0
2025-06-24 10:40:00,306.5,306.56,306.5,306.55,18189.0
2025-06-24 10:45:00,306.55,306.55,306.49,306.49,5541.0
2025-06-24 10:55:00,306.58,306.62,306.35,306.35,14605.0
2025-06-24 11:00:00,306.39,306.42,306.35,306.4,25244.0
2025-06-24 11:05:00,306.41,306.5,306.3,306.3,9313.0
2025-06-24 11:10:00,306.32,306.48,306.32,306.48,10754.0
2025-06-24 11:15:00,306.5,306.66,306.49,306.66,27713.0
2025-06-24 11:20:00,306.5,306.67,306.5,306.53,4138.0
2025-06-24 11:25:00,306.46,306.46,306.17,306.3,2167.0
2025-06-24 11:30:00,306.28,306.36,306.14,306.19,3391.0
2025-06-24 11:35:00,306.26,306.26,306.0,306.03,17985.0
2025-06-24 11:40:00,306.13,306.33,306.13,306.24,6671.0
2025-06-24 11:45:00,306.1,306.17,305.85,305.85,26363.0
2025-06-24 11:50:00,305.85,305.85,305.66,305.84,5860.0
2025-06-24 11:55:00,305.87,306.01,305.8,305.98,41212.0
2025-06-24 12:00:00,306.29,308.62,305.66,305.81,75531.0
2025-06-24 12:05:00,305.84,305.9978,305.74,305.85,3970.0
2025-06-24 12:10:00,305.89,305.99,305.17,305.22,29656.0
2025-06-24 12:15:00,305.18,305.44,305.1615,305.44,15467.0
2025-06-24 12:20:00,305.44,305.84,305.44,305.56,6759.0
2025-06-24 12:25:00,305.5,305.5,305.11,305.32,38700.0
2025-06-24 12:30:00,305.11,305.35,304.71,304.71,71582.0
2025-06-24 12:35:00,304.7,304.8,304.451,304.8,17913.0
2025-06-24 12:40:00,304.8,304.85,304.5,304.85,12999.0
2025-06-24 12:45:00,304.83,305.29,304.69,305.29,17562.0
2025-06-24 12:50:00,305.24,305.62,305.1033,305.62,8478.0
2025-06-24 12:55:00,305.63,305.63,305.26,305.28,3948.0
2025-06-24 13:00:00,305.58,305.65,305.14,305.2,17201.0
2025-06-24 13:05:00,305.3796,305.51,305.08,305.15,8755.0
2025-06-24 13:10:00,305.398,305.65,305.398,305.65,3099.0
2025-06-24 13:15:00,305.5,305.62,305.37,305.37,5258.0
2025-06-24 13:20:00,305.37,305.4,305.1116,305.16,7664.0
2025-06-24 13:25:00,305.15,305.19,304.98,304.98,20372.0
2025-06-24 13:30:00,305.07,305.26,304.51,304.83,810549.0
2025-06-24 13:35:00,304.81,304.91,304.03,304.05,417824.0
2025-06-24 13:40:00,304.07,304.2,303.59,303.91,510694.0
2025-06-24 13:45:00,303.895,304.27,303.54,303.82,304820.0
2025-06-24 13:50:00,303.83,304.14,303.77,304.1,333059.0
2025-06-24 13:55:00,304.11,304.2974,304.0,304.2199,182164.0
2025-06-24 14:00:00,304.18,304.57,303.9,304.38,377392.0
2025-06-24 14:05:00,304.41,304.75,304.21,304.615,253486.0
2025-06-24 14:10:00,304.62,304.78,304.48,304.78,221160.0
2025-06-24 14:15:00,304.77,304.95,304.4202,304.43,341690.0
2025-06-24 14:20:00,304.41,304.43,304.175,304.32,286168.0
2025-06-24 14:25:00,304.33,304.705,304.3031,304.447,154083.0
2025-06-24 14:30:00,304.45,304.82,304.45,304.6665,113083.0
2025-06-24 14:35:00,304.63,304.63,304.2,304.23,132440.0
2025-06-24 14:40:00,304.23,304.66,304.17,304.59,127916.0
2025-06-24 14:45:00,304.599,304.8365,304.55,304.74,205664.0
2025-06-24 14:50:00,304.76,304.76,304.52,304.61,108807.0
2025-06-24 14:55:00,304.62,304.67,304.35,304.43,165508.0
2025-06-24 15:00:00,304.4,304.405,303.98,304.05,220917.0
2025-06-24 15:05:00,304.04,304.2801,304.025,304.16,153594.0
2025-06-24 15:10:00,304.12,304.26,304.045,304.175,63250.0
2025-06-24 15:15:00,304.16,304.3899,304.16,304.3899,88382.0
2025-06-24 15:20:00,304.42,304.745,304.39,304.625,167862.0
2025-06-24 15:25:00,304.61,305.3,304.6,305.12,179476.0
2025-06-24 15:30:00,305.15,305.3699,305.1299,305.14,108037.0
2025-06-24 15:35:00,305.13,305.56,305.13,305.47,142314.0
2025-06-24 15:40:00,305.47,305.58,305.35,305.4101,83091.0
2025-06-24 15:45:00,305.42,305.44,305.23,305.3401,77608.0
2025-06-24 15:50:00,305.35,305.46,305.2151,305.38,80530.0
2025-06-24 15:55:00,305.38,305.4,305.17,305.23,49394.0
2025-06-24 16:00:00,305.235,305.3001,305.09,305.23,37781.0
2025-06-25 09:35:00,306.11,306.11,306.1,306.1,501.0
2025-06-25 09:55:00,306.24,306.24,306.24,306.24,441.0
2025-06-25 10:00:00,306.4,306.4,306.4,306.4,377.0
2025-06-25 10:15:00,306.51,306.62,306.51,306.61,721.0
2025-06-25 10:30:00,306.4,306.4,306.4,306.4,101.0
2025-06-25 10:35:00,306.38,306.38,306.38,306.38,205.0
2025-06-25 10:45:00,306.4,306.4,306.38,306.4,349.0
2025-06-25 10:50:00,306.5,306.5,306.39,306.39,479.0
2025-06-25 10:55:00,306.3,306.38,306.3,306.38,32952.0
2025-06-25 11:00:00,306.25,306.41,306.25,306.41,9632.0
2025-06-25 11:05:00,306.43,306.44,306.43,306.44,728.0
2025-06-25 11:10:00,306.65,306.65,306.65,306.65,327.0
2025-06-25 11:15:00,306.66,306.66,306.66,306.66,201.0
2025-06-25 11:20:00,306.6,306.6,306.6,306.6,330.0
2025-06-25 11:25:00,306.39,306.39,306.39,306.39,515.0
2025-06-25 11:30:00,306.36,306.58,306.36,306.58,1096.0
2025-06-25 11:35:00,306.59,306.59,306.35,306.41,1513.0
2025-06-25 11:40:00,306.39,306.4,306.39,306.39,1570.0
2025-06-25 11:45:00,306.26,306.26,306.05,306.11,2322.0
2025-06-25 11:50:00,306.18,306.2,306.18,306.2,1558.0
2025-06-25 11:55:00,306.12,306.12,306.08,306.08,667.0
2025-06-25 12:00:00,306.36,307.29,305.9942,306.15,43971.0
2025-06-25 12:05:00,306.06,306.26,306.01,306.26,6368.0
2025-06-25 12:10:00,306.15,306.3,306.15,306.3,380.0
2025-06-25 12:15:00,306.39,306.47,306.3,306.46,2747.0
2025-06-25 12:20:00,306.34,306.59,306.34,306.56,1957.0
2025-06-25 12:25:00,306.51,306.75,306.51,306.7,1042.0
2025-06-25 12:30:00,306.52,306.52,306.36,306.36,1200.0
2025-06-25 12:35:00,306.25,306.25,306.21,306.21,346.0
2025-06-25 12:40:00,306.14,306.14,305.7,305.7,11425.0
2025-06-25 12:45:00,305.71,305.71,305.71,305.71,371.0
2025-06-25 12:50:00,305.9565,305.9565,305.88,305.88,1477.0
2025-06-25 12:55:00,305.97,306.0,305.97,306.0,952.0
2025-06-25 13:00:00,305.9471,305.9471,305.67,305.67,3624.0
2025-06-25 13:05:00,305.6699,305.6699,305.48,305.53,15560.0
2025-06-25 13:10:00,305.51,305.54,305.26,305.4693,6212.0
2025-06-25 13:15:00,305.32,305.56,305.28,305.56,1694.0
2025-06-25 13:20:00,305.52,305.72,305.52,305.61,8192.0
2025-06-25 13:25:00,305.52,305.52,305.38,305.39,7435.0
2025-06-25 13:30:00,305.31,305.46,305.12,305.15,181436.0
2025-06-25 13:35:00,305.16,305.3588,305.12,305.18,112331.0
2025-06-25 13:40:00,305.1899,305.41,305.1671,305.39,93791.0
2025-06-25 13:45:00,305.38,305.625,305.37,305.425,117732.0
2025-06-25 13:50:00,305.42,305.46,305.26,305.39,103727.0
2025-06-25 13:55:00,305.41,305.53,305.31,305.36,62298.0
2025-06-25 14:00:00,305.33,305.75,305.13,305.71,104374.0
2025-06-25 14:05:00,305.7,306.04,305.68,305.81,149286.0
2025-06-25 14:10:00,305.82,306.04,305.8,305.83,131498.0
2025-06-25 14:15:00,305.84,306.12,305.77,305.82,128556.0
2025-06-25 14:20:00,305.81,306.01,305.715,305.82,97207.0
2025-06-25 14:25:00,305.84,306.03,305.7797,306.01,56602.0
2025-06-25 14:30:00,306.0201,306.15,305.93,306.0799,67686.0
2025-06-25 14:35:00,306.08,306.145,305.92,305.9307,37091.0
2025-06-25 14:40:00,305.9387,306.025,305.89,306.025,46477.0
2025-06-25 14:45:00,306.03,306.125,305.93,306.125,49830.0
2025-06-25 14:50:00,306.15,306.42,306.15,306.24,103423.0
2025-06-25 14:55:00,306.23,306.26,306.13,306.18,53700.0
2025-06-25 15:00:00,306.15,306.345,306.0949,306.31,45307.0
2025-06-25 15:05:00,306.3,306.335,306.24,306.28,43670.0
2025-06-25 15:10:00,306.265,306.404,306.215,306.3599,60153.0
2025-06-25 15:15:00,306.34,306.36,306.22,306.2365,47109.0
2025-06-25 15:20:00,306.23,306.29,306.125,306.2,30442.0
2025-06-25 15:25:00,306.215,306.2353,306.07,306.11,57493.0
2025-06-25 15:30:00,306.11,306.1388,306.0,306.08,35820.0
2025-06-25 15:35:00,306.09,306.29,306.09,306.29,57930.0
2025-06-25 15:40:00,306.28,306.46,306.27,306.3999,59139.0
2025-06-25 15:45:00,306.435,306.46,306.35,306.4071,40850.0
2025-06-25 15:50:00,306.4,306.47,306.34,306.42,39584.0
2025-06-25 15:55:00,306.45,306.51,306.31,306.38,83462.0
2025-06-25 16:00:00,306.38,306.55,306.24,306.5494,123569.0
2025-06-26 09:30:00,307.78,307.79,307.78,307.78,324.0
2025-06-26 09:40:00,307.78,307.78,307.78,307.78,101.0
2025-06-26 09:45:00,307.65,307.65,307.59,307.59,803.0
2025-06-26 09:55:00,307.65,307.65,307.65,307.65,159.0
2025-06-26 10:00:00,307.68,307.68,307.68,307.68,171.0
2025-06-26 10:10:00,307.52,307.52,307.5,307.5,473.0
2025-06-26 10:30:00,307.69,307.69,307.69,307.69,1001.0
2025-06-26 10:55:00,307.8,307.8,307.8,307.8,255.0
2025-06-26 11:00:00,307.98,307.98,307.87,307.92,4230.0
2025-06-26 11:05:00,307.78,307.78,307.78,307.78,329.0
2025-06-26 11:10:00,307.75,307.75,307.7,307.7,2299.0
2025-06-26 11:20:00,307.7,307.7,307.7,307.7,160.0
2025-06-26 11:25:00,307.56,307.56,307.56,307.56,260.0
2025-06-26 11:30:00,307.55,307.55,307.47,307.47,964.0
2025-06-26 11:35:00,307.17,307.17,307.14,307.17,4408.0
2025-06-26 11:40:00,307.01,307.08,307.0,307.01,1226.0
2025-06-26 11:45:00,307.0,307.0,306.82,306.99,4235.0
2025-06-26 11:50:00,307.11,307.2,307.0,307.02,1562.0
2025-06-26 11:55:00,306.9,306.98,306.86,306.92,3286.0
2025-06-26 12:00:00,308.03,308.25,306.81,307.09,22246.0
2025-06-26 12:05:00,307.1,307.14,306.8165,306.8165,4271.0
2025-06-26 12:10:00,307.15,307.3788,307.15,307.3788,631.0
2025-06-26 12:15:00,307.12,307.12,307.1,307.12,1453.0
2025-06-26 12:20:00,307.2,307.4,307.2,307.33,5715.0
2025-06-26 12:25:00,307.33,307.8,307.33,307.77,4300.0
2025-06-26 12:30:00,307.86,307.89,307.28,307.28,6287.0
2025-06-26 12:35:00,306.8,307.15,306.69,307.0,15028.0
2025-06-26 12:40:00,306.96,307.0301,306.77,307.0301,3815.0
2025-06-26 12:45:00,307.07,307.07,306.56,306.76,9723.0
2025-06-26 12:50:00,306.77,306.77,306.35,306.4,3983.0
2025-06-26 12:55:00,306.38,306.38,305.96,305.96,10065.0
2025-06-26 13:00:00,305.96,306.18,305.63,305.74,11900.0
2025-06-26 13:05:00,305.9299,306.19,305.58,305.58,9718.0
2025-06-26 13:10:00,305.57,305.78,305.49,305.7,7665.0
2025-06-26 13:15:00,305.71,306.22,305.65,306.22,10856.0
2025-06-26 13:20:00,306.27,306.27,305.99,306.02,2658.0
2025-06-26 13:25:00,306.16,306.16,305.71,305.71,18523.0
2025-06-26 13:30:00,305.77,305.92,305.1,305.1895,214517.0
2025-06-26 13:35:00,305.25,305.37,304.855,304.97,252332.0
2025-06-26 13:40:00,304.97,305.91,304.93,305.91,149283.0
2025-06-26 13:45:00,305.9107,306.39,305.77,306.28,148805.0
2025-06-26 13:50:00,306.32,306.5795,306.2,306.53,268012.0
2025-06-26 13:55:00,306.53,306.555,305.7893,305.7893,126249.0
2025-06-26 14:00:00,305.76,305.92,305.51,305.67,137912.0
2025-06-26 14:05:00,305.63,306.05,305.58,305.9448,125795.0
2025-06-26 14:10:00,305.92,306.0175,305.83,305.95,107406.0
2025-06-26 14:15:00,305.98,306.12,305.72,305.885,102573.0
2025-06-26 14:20:00,305.88,305.885,305.41,305.44,86892.0
2025-06-26 14:25:00,305.45,305.63,305.135,305.2,112046.0
2025-06-26 14:30:00,305.21,305.35,305.045,305.1948,169722.0
2025-06-26 14:35:00,305.2007,305.46,305.02,305.13,120294.0
2025-06-26 14:40:00,305.12,305.79,305.11,305.72,131939.0
2025-06-26 14:45:00,305.71,305.83,305.51,305.715,86058.0
2025-06-26 14:50:00,305.71,305.8,305.61,305.64,42644.0
2025-06-26 14:55:00,305.61,305.63,305.465,305.62,69939.0
2025-06-26 15:00:00,305.62,305.95,305.62,305.87,74827.0
2025-06-26 15:05:00,305.88,306.07,305.83,306.0,67040.0
2025-06-26 15:10:00,305.99,306.0998,305.88,306.0746,43947.0
2025-06-26 15:15:00,306.07,306.12,305.965,306.035,46320.0
2025-06-26 15:20:00,306.03,306.07,305.86,305.95,96890.0
2025-06-26 15:25:00,305.97,306.07,305.91,305.955,52399.0
2025-06-26 15:30:00,306.01,306.09,305.9,305.985,67421.0
2025-06-26 15:35:00,305.97,306.11,305.85,306.01,73608.0
2025-06-26 15:40:00,306.015,306.0872,305.89,306.06,64354.0
2025-06-26 15:45:00,306.06,306.08,305.9,306.02,64428.0
2025-06-26 15:50:00,306.0293,306.23,306.0293,306.17,73403.0
2025-06-26 15:55:00,306.17,306.24,306.15,306.22,48236.0
2025-06-26 16:00:00,306.23,306.25,306.14,306.21,56787.0
2025-06-27 09:30:00,302.71,302.72,302.71,302.71,972.0
2025-06-27 09:35:00,302.79,302.93,302.79,302.92,1332.0
2025-06-27 09:40:00,302.91,303.01,302.91,303.01,1195.0
2025-06-27 09:45:00,302.86,302.86,302.86,302.86,135.0
2025-06-27 09:50:00,302.83,302.83,302.75,302.75,544.0
2025-06-27 09:55:00,302.39,302.39,302.39,302.39,925.0
2025-06-27 10:00:00,302.52,302.56,302.52,302.56,419.0
2025-06-27 10:05:00,302.79,303.07,302.79,303.07,797.0
2025-06-27 10:10:00,303.04,303.04,302.94,302.94,1538.0
2025-06-27 10:35:00,302.89,302.89,302.85,302.85,217.0
2025-06-27 10:40:00,302.8,302.8,302.51,302.51,2861.0
2025-06-27 10:45:00,302.62,302.68,302.59,302.67,1733.0
2025-06-27 10:50:00,302.35,302.5,302.17,302.23,4729.0
2025-06-27 10:55:00,302.37,302.37,302.37,302.37,312.0
2025-06-27 11:00:00,302.71,302.85,302.63,302.8,20991.0
2025-06-27 11:05:00,302.9,302.91,302.55,302.55,4544.0
2025-06-27 11:10:00,302.63,302.63,302.5,302.5,2771.0
2025-06-27 11:15:00,302.6,302.6,302.55,302.6,2087.0
2025-06-27 11:20:00,302.69,302.69,302.4,302.4,1650.0
2025-06-27 11:25:00,302.5,302.51,302.5,302.51,345.0
2025-06-27 11:30:00,302.51,302.51,302.5,302.5,1006.0
2025-06-27 11:35:00,302.4,302.4,302.1,302.39,7501.0
2025-06-27 11:40:00,302.35,302.4,302.28,302.28,1145.0
2025-06-27 11:45:00,302.37,302.39,302.19,302.19,11523.0
2025-06-27 11:50:00,302.14,302.14,301.87,302.0,26594.0
2025-06-27 11:55:00,302.44,302.5,302.37,302.37,2610.0
2025-06-27 12:00:00,302.4,304.1,301.82,302.1,75693.0
2025-06-27 12:05:00,302.14,302.17,301.7,301.7,12409.0
2025-06-27 12:10:00,301.6,302.19,301.5,301.85,8593.0
2025-06-27 12:15:00,301.91,301.99,301.56,301.56,14597.0
2025-06-27 12:20:00,301.74,302.0,301.74,301.8404,11457.0
2025-06-27 12:25:00,302.1,302.27,302.1,302.27,3142.0
2025-06-27 12:30:00,302.01,302.1,301.7,301.98,9220.0
2025-06-27 12:35:00,301.71,301.71,301.38,301.47,13542.0
2025-06-27 12:40:00,301.5,301.63,301.35,301.45,10579.0
2025-06-27 12:45:00,301.5499,301.61,301.33,301.5501,40524.0
2025-06-27 12:50:00,301.575,301.721,301.35,301.35,6348.0
2025-06-27 12:55:00,301.53,301.53,301.14,301.19,9403.0
2025-06-27 13:00:00,301.26,301.26,300.62,300.62,37719.0
2025-06-27 13:05:00,300.6899,301.1,300.56,301.04,26510.0
2025-06-27 13:10:00,300.95,300.95,300.44,300.6,67986.0
2025-06-27 13:15:00,300.55,300.6,300.36,300.45,17390.0
2025-06-27 13:20:00,300.41,300.66,300.07,300.14,41485.0
2025-06-27 13:25:00,300.17,300.2683,299.93,300.04,59487.0
2025-06-27 13:30:00,300.03,300.61,299.89,300.41,946767.0
2025-06-27 13:35:00,300.44,300.71,300.17,300.295,548393.0
2025-06-27 13:40:00,300.29,300.82,300.26,300.78,448624.0
2025-06-27 13:45:00,300.79,301.29,300.64,301.1601,387469.0
2025-06-27 13:50:00,301.17,301.62,301.1539,301.55,294163.0
2025-06-27 13:55:00,301.56,301.64,301.36,301.64,270288.0
2025-06-27 14:00:00,301.63,301.73,301.3034,301.57,289179.0
2025-06-27 14:05:00,301.56,301.89,301.48,301.62,226262.0
2025-06-27 14:10:00,301.66,301.6901,301.2001,301.21,262791.0
2025-06-27 14:15:00,301.22,301.29,300.8346,300.845,236056.0
2025-06-27 14:20:00,300.8399,301.1767,300.75,301.16,238252.0
2025-06-27 14:25:00,301.17,301.68,301.16,301.65,192709.0
2025-06-27 14:30:00,301.67,301.95,301.49,301.4936,249508.0
2025-06-27 14:35:00,301.48,301.48,300.86,300.93,211348.0
2025-06-27 14:40:00,300.94,301.1605,300.83,301.03,166357.0
2025-06-27 14:45:00,301.0,301.07,300.64,300.81,213098.0
2025-06-27 14:50:00,300.81,301.14,300.65,300.76,128983.0
2025-06-27 14:55:00,300.76,301.44,300.65,301.4252,211514.0
2025-06-27 15:00:00,301.43,301.7101,301.362,301.54,185513.0
2025-06-27 15:05:00,301.52,301.64,301.36,301.58,106934.0
2025-06-27 15:10:00,301.58,301.6693,301.44,301.4651,90894.0
2025-06-27 15:15:00,301.465,301.555,301.4201,301.51,58884.0
2025-06-27 15:20:00,301.51,301.6,301.44,301.49,98191.0
2025-06-27 15:25:00,301.48,301.58,301.35,301.405,75026.0
2025-06-27 15:30:00,301.4012,301.6125,301.29,301.52,154868.0
2025-06-27 15:35:00,301.51,301.665,301.4,301.59,94314.0
2025-06-27 15:40:00,301.59,301.86,301.57,301.835,134935.0
2025-06-27 15:45:00,301.86,301.89,301.66,301.6901,219864.0
2025-06-27 15:50:00,301.685,301.69,301.575,301.68,61833.0
2025-06-27 15:55:00,301.685,301.7199,301.57,301.5901,71849.0
2025-06-27 16:00:00,301.62,301.765,301.61,301.685,103151.0
2025-06-30 09:30:00,302.56,302.56,302.1,302.16,6507.0
2025-06-30 09:35:00,302.4,302.4,302.4,302.4,545.0
2025-06-30 09:40:00,302.53,302.65,302.53,302.65,603.0
2025-06-30 09:45:00,302.71,302.77,302.71,302.77,403.0
2025-06-30 09:50:00,302.82,302.86,302.78,302.78,522.0
2025-06-30 09:55:00,302.72,302.75,302.72,302.75,228.0
2025-06-30 10:00:00,302.97,302.99,302.94,302.94,800.0
2025-06-30 10:05:00,302.75,302.75,302.75,302.75,196.0
2025-06-30 10:10:00,302.68,302.68,302.68,302.68,100.0
2025-06-30 10:15:00,302.75,302.75,302.75,302.75,100.0
2025-06-30 10:40:00,302.46,302.46,302.46,302.46,227.0
2025-06-30 10:45:00,302.46,302.46,302.43,302.43,402.0
2025-06-30 10:50:00,302.46,302.55,302.46,302.47,412.0
2025-06-30 10:55:00,302.47,302.49,302.47,302.49,354.0
2025-06-30 11:00:00,302.47,302.5,302.26,302.48,11491.0
2025-06-30 11:05:00,302.27,302.28,302.15,302.15,2468.0
2025-06-30 11:10:00,302.25,302.26,302.25,302.26,350.0
2025-06-30 11:15:00,302.15,302.29,302.11,302.11,1490.0
2025-06-30 11:20:00,302.0,302.0,301.78,301.78,2819.0
2025-06-30 11:25:00,301.75,301.81,301.72,301.72,3342.0
2025-06-30 11:30:00,301.83,301.98,301.79,301.94,642.0
2025-06-30 11:35:00,302.05,302.1,301.99,301.99,1079.0
2025-06-30 11:40:00,302.05,302.05,302.05,302.05,400.0
2025-06-30 11:45:00,302.05,302.06,301.94,301.94,1345.0
2025-06-30 11:55:00,302.14,302.14,302.08,302.09,696.0
2025-06-30 12:00:00,302.45,303.5804,301.7101,302.3,37240.0
2025-06-30 12:05:00,302.36,302.36,302.22,302.22,2002.0
2025-06-30 12:10:00,302.39,302.4,302.17,302.17,1267.0
2025-06-30 12:15:00,302.22,302.35,302.22,302.35,5234.0
2025-06-30 12:20:00,302.55,302.79,302.55,302.79,1582.0
2025-06-30 12:25:00,302.6,302.6,302.53,302.6,344.0
2025-06-30 12:30:00,302.44,302.767,302.3901,302.767,2803.0
2025-06-30 12:35:00,302.75,302.83,302.74,302.83,1433.0
2025-06-30 12:40:00,302.87,302.9925,302.8111,302.94,3628.0
2025-06-30 12:45:00,302.89,302.89,302.8,302.85,1688.0
2025-06-30 12:50:00,302.68,302.68,302.5,302.5,448.0
2025-06-30 12:55:00,302.54,302.54,302.39,302.39,705.0
2025-06-30 13:00:00,302.29,302.3799,302.29,302.3,920.0
2025-06-30 13:05:00,302.4604,302.59,302.4593,302.57,2598.0
2025-06-30 13:10:00,302.59,302.59,302.14,302.19,19335.0
2025-06-30 13:15:00,302.12,302.26,302.12,302.25,4159.0
2025-06-30 13:20:00,302.14,302.2,302.06,302.19,5001.0
2025-06-30 13:25:00,302.09,302.41,302.04,302.37,31051.0
2025-06-30 13:30:00,302.385,302.45,302.2499,302.32,230964.0
2025-06-30 13:35:00,302.32,302.32,301.95,302.075,125191.0
2025-06-30 13:40:00,302.0756,302.44,302.0756,302.43,77500.0
2025-06-30 13:45:00,302.42,302.59,302.4,302.56,101961.0
2025-06-30 13:50:00,302.5501,302.75,302.46,302.67,71492.0
2025-06-30 13:55:00,302.66,302.705,302.52,302.53,55813.0
2025-06-30 14:00:00,302.58,302.86,302.505,302.82,132962.0
2025-06-30 14:05:00,302.86,302.9,302.49,302.63,77311.0
2025-06-30 14:10:00,302.66,302.665,302.26,302.3,108573.0
2025-06-30 14:15:00,302.2962,302.2962,301.995,302.14,206549.0
2025-06-30 14:20:00,302.1399,302.5051,302.13,302.4797,146670.0
2025-06-30 14:25:00,302.49,302.57,302.425,302.55,59438.0
2025-06-30 14:30:00,302.53,302.84,302.44,302.83,76372.0
2025-06-30 14:35:00,302.83,302.96,302.71,302.755,203080.0
2025-06-30 14:40:00,302.745,302.86,302.6052,302.71,49640.0
2025-06-30 14:45:00,302.71,302.845,302.5452,302.5798,35437.0
2025-06-30 14:50:00,302.6,302.7,302.47,302.5901,53900.0
2025-06-30 14:55:00,302.6,302.735,302.57,302.68,93143.0
2025-06-30 15:00:00,302.685,302.93,302.57,302.7465,75373.0
2025-06-30 15:05:00,302.76,302.8,302.645,302.69,70691.0
2025-06-30 15:10:00,302.7,302.7,302.34,302.405,120975.0
2025-06-30 15:15:00,302.405,302.81,302.37,302.81,136822.0
2025-06-30 15:20:00,302.81,302.98,302.76,302.76,88951.0
2025-06-30 15:25:00,302.76,302.77,302.62,302.625,49734.0
2025-06-30 15:30:00,302.635,302.7,302.53,302.655,43550.0
2025-06-30 15:35:00,302.6575,302.72,302.6,302.64,41082.0
2025-06-30 15:40:00,302.65,302.72,302.58,302.64,36128.0
2025-06-30 15:45:00,302.6235,302.64,302.55,302.6,38482.0
2025-06-30 15:50:00,302.59,302.83,302.58,302.81,49783.0
2025-06-30 15:55:00,302.8035,302.8899,302.78,302.81,52253.0
2025-06-30 16:00:00,302.83,302.99,302.79,302.8148,50101.0
2025-07-01 09:30:00,307.99,308.15,307.99,308.13,1997.0
2025-07-01 09:40:00,308.16,308.24,308.16,308.24,1310.0
2025-07-01 09:50:00,308.28,308.41,308.28,308.39,1855.0
2025-07-01 09:55:00,308.29,308.33,308.15,308.15,1668.0
2025-07-01 10:00:00,308.2,308.25,308.13,308.25,1075.0
2025-07-01 10:05:00,308.3,308.3,308.15,308.15,1672.0
2025-07-01 10:10:00,308.17,308.29,308.17,308.29,1837.0
2025-07-01 10:15:00,308.37,308.41,308.37,308.41,584.0
2025-07-01 10:20:00,308.38,308.41,308.3,308.41,784.0
2025-07-01 10:30:00,308.33,308.35,308.24,308.25,1178.0
2025-07-01 10:35:00,308.22,308.22,308.2,308.2,453.0
2025-07-01 10:40:00,308.3,308.32,308.3,308.32,620.0
2025-07-01 10:45:00,308.38,308.6,308.38,308.6,31299.0
2025-07-01 10:50:00,308.46,308.46,308.44,308.44,483.0
2025-07-01 10:55:00,308.49,308.53,308.49,308.53,2315.0
2025-07-01 11:00:00,308.43,308.79,308.41,308.79,4259.0
2025-07-01 11:05:00,308.69,308.69,308.4,308.57,4007.0
2025-07-01 11:10:00,308.67,308.68,308.55,308.65,2659.0
2025-07-01 11:15:00,308.69,308.71,308.56,308.63,4217.0
2025-07-01 11:20:00,308.54,308.72,308.5,308.72,25423.0
2025-07-01 11:25:00,308.74,308.76,308.65,308.76,3164.0
2025-07-01 11:30:00,308.85,308.91,308.6,308.6,7207.0
2025-07-01 11:35:00,308.42,308.44,308.34,308.4,2696.0
2025-07-01 11:40:00,308.5,308.5,308.5,308.5,495.0
2025-07-01 11:45:00,308.5,308.58,308.48,308.58,691.0
2025-07-01 11:50:00,308.64,308.64,308.6,308.6,784.0
2025-07-01 11:55:00,308.51,308.66,308.49,308.54,869.0
2025-07-01 12:00:00,308.78,308.85,305.9,308.54,95418.0
2025-07-01 12:05:00,308.59,308.59,308.5,308.59,2569.0
2025-07-01 12:10:00,308.55,308.6,308.55,308.59,4303.0
2025-07-01 12:15:00,308.51,308.89,308.51,308.89,53319.0
2025-07-01 12:20:00,308.9,309.23,308.8506,308.99,18033.0
2025-07-01 12:25:00,308.95,309.0,308.7,308.7,52473.0
2025-07-01 12:30:00,308.81,309.0,308.35,308.98,13040.0
2025-07-01 12:35:00,308.04,309.06,308.04,308.92,2537.0
2025-07-01 12:40:00,308.93,309.32,308.8805,309.1199,11504.0
2025-07-01 12:45:00,309.11,309.16,308.8204,309.0,9877.0
2025-07-01 12:50:00,309.06,309.3,309.0,309.24,15928.0
2025-07-01 12:55:00,309.23,309.23,308.98,309.07,3589.0
2025-07-01 13:00:00,309.01,309.08,308.8,308.8,7010.0
2025-07-01 13:05:00,308.74,308.8,308.55,308.6,10028.0
2025-07-01 13:10:00,308.52,308.54,308.42,308.45,5748.0
2025-07-01 13:15:00,308.45,308.45,308.2312,308.41,9374.0
2025-07-01 13:20:00,308.42,308.53,308.38,308.38,5870.0
2025-07-01 13:25:00,308.43,308.5907,308.43,308.54,6133.0
2025-07-01 13:30:00,308.555,308.56,308.16,308.2734,318351.0
2025-07-01 13:35:00,308.25,308.65,308.16,308.28,211949.0
2025-07-01 13:40:00,308.25,308.41,308.23,308.28,148343.0
2025-07-01 13:45:00,308.29,308.6,308.07,308.47,247431.0
2025-07-01 13:50:00,308.475,308.64,308.19,308.55,167621.0
2025-07-01 13:55:00,308.53,308.82,308.47,308.7699,161007.0
2025-07-01 14:00:00,308.71,308.79,308.29,308.7794,220316.0
2025-07-01 14:05:00,308.77,309.0,308.57,308.59,152220.0
2025-07-01 14:10:00,308.6,308.71,308.41,308.4999,113284.0
2025-07-01 14:15:00,308.5,308.61,308.35,308.44,132667.0
2025-07-01 14:20:00,308.46,308.725,308.41,308.59,86687.0
2025-07-01 14:25:00,308.6,308.85,308.59,308.74,134432.0
2025-07-01 14:30:00,308.74,308.82,308.6725,308.69,82797.0
2025-07-01 14:35:00,308.67,308.72,308.54,308.71,155857.0
2025-07-01 14:40:00,308.7,308.75,308.22,308.33,278509.0
2025-07-01 14:45:00,308.325,308.36,308.16,308.27,152729.0
2025-07-01 14:50:00,308.28,308.35,308.0196,308.04,128268.0
2025-07-01 14:55:00,308.05,308.2099,308.01,308.2099,94335.0
2025-07-01 15:00:00,308.2,308.29,307.915,307.9699,148732.0
2025-07-01 15:05:00,307.98,308.26,307.93,308.23,131272.0
2025-07-01 15:10:00,308.23,308.26,307.87,307.88,105476.0
2025-07-01 15:15:00,307.8796,307.95,307.54,307.94,240204.0
2025-07-01 15:20:00,307.92,307.94,307.72,307.81,77525.0
2025-07-01 15:25:00,307.82,307.82,307.55,307.7,123085.0
2025-07-01 15:30:00,307.7,307.92,307.66,307.77,135687.0
2025-07-01 15:35:00,307.74,307.7902,307.63,307.7151,125597.0
2025-07-01 15:40:00,307.7207,307.84,307.72,307.81,71187.0
2025-07-01 15:45:00,307.815,307.875,307.64,307.79,144893.0
2025-07-01 15:50:00,307.77,307.77,307.44,307.4702,169007.0
2025-07-01 15:55:00,307.49,307.71,307.36,307.67,160414.0
2025-07-01 16:00:00,307.69,307.8426,307.64,307.6833,55714.0
2025-07-02 09:30:00,307.4,307.7,307.4,307.7,1806.0
2025-07-02 09:35:00,307.61,307.61,307.51,307.51,668.0
2025-07-02 09:40:00,307.67,307.67,307.66,307.66,330.0
2025-07-02 09:50:00,307.71,307.75,307.71,307.73,1215.0
2025-07-02 09:55:00,307.64,307.81,307.62,307.81,833.0
2025-07-02 10:05:00,307.94,307.94,307.94,307.94,198.0
2025-07-02 10:10:00,307.94,307.94,307.87,307.87,384.0
2025-07-02 10:15:00,307.74,307.74,307.64,307.65,499.0
2025-07-02 10:30:00,307.88,307.93,307.87,307.93,422.0
2025-07-02 10:35:00,307.98,308.02,307.98,308.02,1919.0
2025-07-02 10:40:00,308.11,308.11,307.97,307.97,458.0
2025-07-02 10:45:00,308.0,308.01,307.99,308.0,626.0
2025-07-02 10:50:00,307.91,308.1,307.9,307.96,5988.0
2025-07-02 10:55:00,307.98,308.08,307.96,308.08,1618.0
2025-07-02 11:00:00,308.01,308.24,307.99,308.22,3713.0
2025-07-02 11:05:00,308.13,308.13,307.99,307.99,250.0
2025-07-02 11:10:00,308.1,308.1,308.1,308.1,500.0
2025-07-02 11:15:00,307.88,307.9,307.74,307.74,1203.0
2025-07-02 11:20:00,307.97,307.97,307.97,307.97,361.0
2025-07-02 11:25:00,307.99,308.04,307.95,307.95,696.0
2025-07-02 11:30:00,307.98,307.98,307.98,307.98,109.0
2025-07-02 11:35:00,307.85,307.85,307.85,307.85,100.0
2025-07-02 11:55:00,307.55,307.55,307.55,307.55,2000.0
2025-07-02 12:00:00,308.34,308.34,306.5,307.8,17268.0
2025-07-02 12:05:00,307.85,307.88,307.71,307.71,1050.0
2025-07-02 12:10:00,307.391,307.45,307.391,307.45,397.0
2025-07-02 12:15:00,307.53,308.42,307.44,308.07,17009.0
2025-07-02 12:20:00,308.27,308.5,308.26,308.49,6964.0
2025-07-02 12:25:00,308.42,308.49,308.1,308.3299,967.0
2025-07-02 12:30:00,308.15,308.15,307.93,307.93,1745.0
2025-07-02 12:35:00,308.0,308.1,308.0,308.1,1012.0
2025-07-02 12:40:00,308.3,308.389,308.3,308.3,1584.0
2025-07-02 12:45:00,308.26,308.681,308.26,308.5,874.0
2025-07-02 12:50:00,308.6847,308.6847,308.48,308.5,3283.0
2025-07-02 12:55:00,308.4399,308.4399,308.27,308.27,644.0
2025-07-02 13:00:00,308.01,308.1,307.85,307.85,12339.0
2025-07-02 13:05:00,307.9,308.15,307.78,308.15,4973.0
2025-07-02 13:10:00,308.07,308.14,307.9099,307.9901,2018.0
2025-07-02 13:15:00,307.84,307.84,307.8199,307.8199,785.0
2025-07-02 13:20:00,307.91,307.91,307.69,307.69,2219.0
2025-07-02 13:25:00,307.91,308.008,307.91,307.98,6154.0
2025-07-02 13:30:00,308.035,308.06,307.735,307.85,231636.0
2025-07-02 13:35:00,307.85,307.9,307.48,307.55,158993.0
2025-07-02 13:40:00,307.55,307.95,307.55,307.915,82929.0
2025-07-02 13:45:00,307.88,307.88,307.2,307.32,115270.0
2025-07-02 13:50:00,307.28,307.43,307.16,307.21,159555.0
2025-07-02 13:55:00,307.201,307.32,307.08,307.29,123744.0
2025-07-02 14:00:00,307.3,307.4,307.11,307.24,256376.0
2025-07-02 14:05:00,307.225,307.3,307.02,307.13,142086.0
2025-07-02 14:10:00,307.13,307.2449,307.045,307.08,146202.0
2025-07-02 14:15:00,307.07,307.19,306.96,307.19,125906.0
2025-07-02 14:20:00,307.2,307.37,307.13,307.345,152120.0
2025-07-02 14:25:00,307.35,307.51,307.22,307.36,114752.0
2025-07-02 14:30:00,307.36,307.5,307.29,307.38,82700.0
2025-07-02 14:35:00,307.4,307.51,307.38,307.48,45533.0
2025-07-02 14:40:00,307.4793,307.61,307.29,307.6,73170.0
2025-07-02 14:45:00,307.6,307.78,307.46,307.5619,96482.0
2025-07-02 14:50:00,307.5619,307.77,307.48,307.73,118076.0
2025-07-02 14:55:00,307.72,307.85,307.66,307.8,163639.0
2025-07-02 15:00:00,307.84,307.86,307.78,307.805,61345.0
2025-07-02 15:05:00,307.8,307.87,307.6,307.69,89675.0
2025-07-02 15:10:00,307.705,307.87,307.58,307.8,94308.0
2025-07-02 15:15:00,307.77,307.85,307.42,307.71,178674.0
2025-07-02 15:20:00,307.72,307.75,307.545,307.545,49187.0
2025-07-02 15:25:00,307.55,307.75,307.4435,307.73,42896.0
2025-07-02 15:30:00,307.73,307.79,307.695,307.7446,65350.0
2025-07-02 15:35:00,307.745,307.84,307.74,307.78,87213.0
2025-07-02 15:40:00,307.8,307.81,307.581,307.69,32203.0
2025-07-02 15:45:00,307.68,307.78,307.5797,307.73,29902.0
2025-07-02 15:50:00,307.73,307.85,307.59,307.6099,48292.0
2025-07-02 15:55:00,307.58,307.65,307.535,307.63,30902.0
2025-07-02 16:00:00,307.67,307.98,307.67,307.95,115642.0
2025-07-03 09:30:00,308.61,308.62,308.6,308.6,928.0
2025-07-03 09:35:00,308.51,308.51,308.5,308.5,380.0
2025-07-03 09:45:00,308.12,308.3,308.12,308.3,1237.0
2025-07-03 09:55:00,308.2,308.2,308.2,308.2,105.0
2025-07-03 10:20:00,308.55,308.6,308.52,308.6,1195.0
2025-07-03 10:35:00,308.64,308.64,308.64,308.64,208.0
2025-07-03 10:50:00,309.11,309.11,309.11,309.11,260.0
2025-07-03 11:00:00,308.75,308.75,308.75,308.75,200.0
2025-07-03 11:05:00,308.7,308.7,308.6,308.6,472.0
2025-07-03 11:10:00,308.56,308.58,308.5,308.5,892.0
2025-07-03 11:15:00,308.52,308.52,308.38,308.38,3133.0
2025-07-03 11:20:00,308.49,308.54,308.49,308.5,2647.0
2025-07-03 11:25:00,308.42,308.42,308.42,308.42,612.0
2025-07-03 11:30:00,308.41,308.42,308.38,308.38,718.0
2025-07-03 11:35:00,308.27,308.35,308.25,308.34,819.0
2025-07-03 11:40:00,308.31,308.31,308.14,308.25,1383.0
2025-07-03 11:45:00,308.32,308.33,308.13,308.13,1308.0
2025-07-03 11:50:00,308.21,308.21,308.0,308.08,6802.0
2025-07-03 11:55:00,308.24,308.26,308.2,308.25,3583.0
2025-07-03 12:00:00,308.26,309.67,308.15,308.28,14893.0
2025-07-03 12:05:00,308.3,308.7346,308.09,308.19,1896.0
2025-07-03 12:10:00,308.06,308.41,308.0,308.33,3586.0
2025-07-03 12:15:00,308.5,308.7368,308.46,308.7368,5125.0
2025-07-03 12:20:00,308.8638,308.8638,308.49,308.49,640.0
2025-07-03 12:25:00,308.73,308.74,308.59,308.65,16119.0
2025-07-03 12:30:00,308.05,308.42,306.6,306.65,30342.0
2025-07-03 12:35:00,306.54,306.75,305.49,305.86,85036.0
2025-07-03 12:40:00,305.8,305.86,305.11,305.12,125772.0
2025-07-03 12:45:00,305.21,305.9665,305.15,305.6,11223.0
2025-07-03 12:50:00,305.78,305.9957,305.3062,305.989,8877.0
2025-07-03 12:55:00,305.99,306.41,305.99,306.06,19860.0
2025-07-03 13:00:00,306.22,306.72,306.1,306.66,17746.0
2025-07-03 13:05:00,306.7,306.8592,306.44,306.53,30079.0
2025-07-03 13:10:00,306.4,306.58,306.15,306.58,13541.0
2025-07-03 13:15:00,306.58,306.85,306.55,306.64,49571.0
2025-07-03 13:20:00,306.67,307.01,306.67,307.0,6773.0
2025-07-03 13:25:00,307.02,307.15,306.97,307.02,14431.0
2025-07-03 13:30:00,307.05,307.3244,306.965,307.225,227499.0
2025-07-03 13:35:00,307.238,307.3,306.8521,307.1,203681.0
2025-07-03 13:40:00,307.1,307.57,307.09,307.47,125970.0
2025-07-03 13:45:00,307.5,307.5,307.19,307.3301,93320.0
2025-07-03 13:50:00,307.33,307.33,307.17,307.24,68789.0
2025-07-03 13:55:00,307.25,307.4,307.02,307.05,110533.0
2025-07-03 14:00:00,307.01,307.08,306.47,306.91,141494.0
2025-07-03 14:05:00,306.9,307.08,306.62,307.05,112339.0
2025-07-03 14:10:00,307.05,307.21,306.84,306.92,105299.0
2025-07-03 14:15:00,306.91,307.0,306.51,306.5443,92944.0
2025-07-03 14:20:00,306.5571,306.62,306.18,306.38,196812.0
2025-07-03 14:25:00,306.35,306.56,306.28,306.56,69740.0
2025-07-03 14:30:00,306.57,306.76,306.4866,306.72,71144.0
2025-07-03 14:35:00,306.71,306.92,306.535,306.87,89133.0
2025-07-03 14:40:00,306.8793,306.89,306.3801,306.42,81039.0
2025-07-03 14:45:00,306.41,306.7,306.3345,306.7,42991.0
2025-07-03 14:50:00,306.69,306.7,306.3101,306.34,69136.0
2025-07-03 14:55:00,306.3365,306.46,306.2,306.29,97845.0
2025-07-03 15:00:00,306.295,306.395,306.15,306.37,76423.0
2025-07-03 15:05:00,306.38,306.48,306.265,306.45,55691.0
2025-07-03 15:10:00,306.45,306.68,306.41,306.545,92962.0
2025-07-03 15:15:00,306.5572,306.67,306.545,306.57,52905.0
2025-07-03 15:20:00,306.565,306.86,306.565,306.85,60152.0
2025-07-03 15:25:00,306.855,306.91,306.63,306.71,57807.0
2025-07-03 15:30:00,306.72,306.8,306.69,306.695,59073.0
2025-07-03 15:35:00,306.685,306.71,306.6,306.62,81385.0
2025-07-03 15:40:00,306.6163,306.64,306.505,306.6,77006.0
2025-07-03 15:45:00,306.59,306.6213,306.53,306.56,62983.0
2025-07-03 15:50:00,306.56,306.61,306.445,306.56,98162.0
2025-07-03 15:55:00,306.56,306.64,306.52,306.61,48492.0
2025-07-03 16:00:00,306.63,306.665,306.6,306.65,32259.0
2025-07-07 09:30:00,304.6,304.6,304.6,304.6,700.0
2025-07-07 09:35:00,304.62,304.62,304.62,304.62,245.0
2025-07-07 09:50:00,304.9,304.9,304.9,304.9,101.0
2025-07-07 10:10:00,304.88,304.88,304.88,304.88,200.0
2025-07-07 10:25:00,304.81,304.81,304.81,304.81,204.0
2025-07-07 10:30:00,304.72,304.72,304.7,304.72,339.0
2025-07-07 10:35:00,304.5,304.5,304.41,304.41,594.0
2025-07-07 10:40:00,304.2,304.2,303.8,303.8,7821.0
2025-07-07 10:45:00,303.74,304.11,303.74,304.0,1283.0
2025-07-07 10:50:00,304.11,304.19,304.11,304.19,697.0
2025-07-07 11:00:00,304.22,304.24,304.1,304.1,2602.0
2025-07-07 11:05:00,304.06,304.59,304.06,304.59,581.0
2025-07-07 11:10:00,304.5,304.5,304.41,304.41,884.0
2025-07-07 11:15:00,304.32,304.33,304.27,304.31,2356.0
2025-07-07 11:20:00,304.32,304.32,304.32,304.32,395.0
2025-07-07 11:25:00,304.25,304.25,304.25,304.25,490.0
2025-07-07 11:30:00,304.17,304.17,304.14,304.17,6700.0
2025-07-07 11:35:00,304.13,304.13,304.06,304.06,696.0
2025-07-07 11:40:00,304.13,304.23,303.92,304.04,23791.0
2025-07-07 11:45:00,304.26,304.31,304.24,304.24,9789.0
2025-07-07 11:50:00,304.24,304.41,304.09,304.41,19993.0
2025-07-07 11:55:00,304.48,304.48,304.08,304.08,457.0
2025-07-07 12:00:00,305.24,305.3,303.82,304.1801,40597.0
2025-07-07 12:05:00,304.33,304.38,304.33,304.38,1000.0
2025-07-07 12:10:00,304.35,304.35,304.25,304.25,4470.0
2025-07-07 12:15:00,304.25,304.4,304.01,304.39,18282.0
2025-07-07 12:20:00,304.1,304.65,304.1,304.48,8070.0
2025-07-07 12:25:00,304.48,304.48,304.3,304.34,3126.0
2025-07-07 12:30:00,304.3,304.41,304.3,304.41,1809.0
2025-07-07 12:35:00,304.48,304.79,304.48,304.79,5005.0
2025-07-07 12:40:00,304.85,304.89,304.85,304.85,2839.0
2025-07-07 12:45:00,304.95,305.0,304.9,305.0,2448.0
2025-07-07 12:50:00,305.0,305.08,305.0,305.0,1577.0
2025-07-07 12:55:00,304.94,304.95,304.8,304.81,2566.0
2025-07-07 13:00:00,304.7,304.94,304.7,304.93,5052.0
2025-07-07 13:05:00,304.9699,304.9699,304.75,304.75,2044.0
2025-07-07 13:10:00,304.65,304.68,304.6,304.64,2895.0
2025-07-07 13:15:00,304.7,304.92,304.7,304.863,54001.0
2025-07-07 13:20:00,304.88,304.98,304.88,304.97,1223.0
2025-07-07 13:25:00,304.9881,305.12,304.88,305.08,6624.0
2025-07-07 13:30:00,305.07,305.19,304.7253,304.83,279716.0
2025-07-07 13:35:00,304.8,304.97,304.53,304.63,146777.0
2025-07-07 13:40:00,304.5997,305.0599,304.57,305.0,92322.0
2025-07-07 13:45:00,305.03,305.11,304.93,304.96,257862.0
2025-07-07 13:50:00,304.97,305.56,304.95,305.38,167968.0
2025-07-07 13:55:00,305.37,305.57,305.31,305.51,159157.0
2025-07-07 14:00:00,305.52,305.56,305.21,305.25,140565.0
2025-07-07 14:05:00,305.3,305.57,305.2424,305.52,149472.0
2025-07-07 14:10:00,305.53,305.72,305.4701,305.55,110507.0
2025-07-07 14:15:00,305.55,305.75,305.54,305.68,105807.0
2025-07-07 14:20:00,305.67,305.6915,305.51,305.52,53471.0
2025-07-07 14:25:00,305.51,305.52,305.29,305.33,111947.0
2025-07-07 14:30:00,305.32,305.61,305.32,305.61,75293.0
2025-07-07 14:35:00,305.59,305.7,305.47,305.69,48889.0
2025-07-07 14:40:00,305.7,305.83,305.68,305.785,74810.0
2025-07-07 14:45:00,305.785,305.81,305.67,305.735,53163.0
2025-07-07 14:50:00,305.74,305.945,305.68,305.81,65042.0
2025-07-07 14:55:00,305.8,305.81,305.62,305.64,53027.0
2025-07-07 15:00:00,305.66,305.7993,305.6,305.63,33463.0
2025-07-07 15:05:00,305.6,305.66,305.48,305.64,40579.0
2025-07-07 15:10:00,305.66,305.74,305.59,305.73,27641.0
2025-07-07 15:15:00,305.73,305.77,305.6,305.6899,37776.0
2025-07-07 15:20:00,305.69,305.8593,305.68,305.82,39361.0
2025-07-07 15:25:00,305.805,305.82,305.6945,305.715,53862.0
2025-07-07 15:30:00,305.72,305.93,305.72,305.88,51770.0
2025-07-07 15:35:00,305.89,305.96,305.84,305.885,44899.0
2025-07-07 15:40:00,305.89,305.96,305.88,305.93,25640.0
2025-07-07 15:45:00,305.93,306.025,305.905,305.9207,49001.0
2025-07-07 15:50:00,305.955,305.98,305.8601,305.925,37362.0
2025-07-07 15:55:00,305.945,305.95,305.88,305.9,23345.0
2025-07-07 16:00:00,305.88,305.97,305.83,305.97,45409.0
2025-07-08 09:30:00,306.0,306.34,306.0,306.34,1947.0
2025-07-08 09:35:00,306.23,306.32,306.23,306.32,400.0
2025-07-08 09:40:00,306.32,306.32,306.32,306.32,100.0
2025-07-08 09:50:00,306.07,306.1,305.99,306.01,1483.0
2025-07-08 09:55:00,306.08,306.08,305.91,305.94,1275.0
2025-07-08 10:05:00,306.19,306.19,306.19,306.19,135.0
2025-07-08 10:15:00,306.16,306.16,306.16,306.16,342.0
2025-07-08 10:20:00,306.01,306.01,306.01,306.01,297.0
2025-07-08 10:35:00,306.24,306.25,306.24,306.25,401.0
2025-07-08 11:00:00,306.16,306.29,306.16,306.29,2242.0
2025-07-08 11:05:00,306.26,306.29,306.25,306.27,970.0
2025-07-08 11:10:00,306.29,306.29,306.26,306.27,433.0
2025-07-08 11:15:00,306.46,306.48,306.4,306.43,1308.0
2025-07-08 11:20:00,306.4,306.41,306.26,306.26,1636.0
2025-07-08 11:30:00,306.2,306.32,306.18,306.32,1671.0
2025-07-08 11:35:00,306.24,306.24,305.94,305.94,4722.0
2025-07-08 11:40:00,305.95,305.96,305.87,305.87,3965.0
2025-07-08 11:45:00,305.9,306.09,305.9,306.08,1301.0
2025-07-08 11:50:00,306.05,306.05,306.05,306.05,305.0
2025-07-08 11:55:00,306.2,306.2,306.2,306.2,500.0
2025-07-08 12:00:00,307.3,307.46,305.885,305.97,19183.0
2025-07-08 12:05:00,306.55,306.7,306.54,306.65,4114.0
2025-07-08 12:10:00,306.64,306.64,306.64,306.64,267.0
2025-07-08 12:15:00,306.69,306.69,306.61,306.61,1359.0
2025-07-08 12:20:00,306.45,306.45,306.45,306.45,375.0
2025-07-08 12:25:00,306.25,306.25,306.25,306.25,131.0
2025-07-08 12:40:00,306.52,306.52,306.52,306.52,1217.0
2025-07-08 12:45:00,306.4,306.48,306.4,306.47,1278.0
2025-07-08 12:50:00,306.5,306.51,306.46,306.51,928.0
2025-07-08 12:55:00,306.53,306.53,306.53,306.53,336.0
2025-07-08 13:00:00,306.5,306.5,306.37,306.41,1272.0
2025-07-08 13:05:00,306.29,306.39,306.1,306.11,17082.0
2025-07-08 13:10:00,306.18,306.18,305.87,305.95,17509.0
2025-07-08 13:15:00,305.88,306.05,305.76,305.95,22878.0
2025-07-08 13:20:00,306.0,306.2,306.0,306.14,3036.0
2025-07-08 13:25:00,306.15,306.36,306.15,306.36,3358.0
2025-07-08 13:30:00,306.3,306.445,306.1996,306.1996,227513.0
2025-07-08 13:35:00,306.15,306.28,305.94,306.27,181755.0
2025-07-08 13:40:00,306.28,306.3,305.93,305.97,69373.0
2025-07-08 13:45:00,305.96,306.03,305.31,305.46,178435.0
2025-07-08 13:50:00,305.46,305.58,305.31,305.4223,341913.0
2025-07-08 13:55:00,305.41,305.525,305.31,305.36,311314.0
2025-07-08 14:00:00,305.34,305.41,304.93,305.025,256106.0
2025-07-08 14:05:00,305.06,305.13,304.66,304.7202,241507.0
2025-07-08 14:10:00,304.73,304.9101,304.42,304.5,436819.0
2025-07-08 14:15:00,304.51,304.64,304.38,304.63,268621.0
2025-07-08 14:20:00,304.64,304.65,304.02,304.08,220573.0
2025-07-08 14:25:00,304.094116,304.515,304.03,304.4,172161.0
2025-07-08 14:30:00,304.39,304.39,303.99,304.08,378419.0
2025-07-08 14:35:00,304.07,304.2175,303.68,304.08,323997.0
2025-07-08 14:40:00,304.08,304.155,303.49,303.73,284076.0
2025-07-08 14:45:00,303.74,303.9,303.4834,303.61,125139.0
2025-07-08 14:50:00,303.6,303.7,303.42,303.5,161047.0
2025-07-08 14:55:00,303.51,303.71,303.47,303.63,118880.0
2025-07-08 15:00:00,303.65,303.7907,303.35,303.44,192588.0
2025-07-08 15:05:00,303.44,303.6,303.14,303.185,206847.0
2025-07-08 15:10:00,303.19,303.29,302.77,303.185,308348.0
2025-07-08 15:15:00,303.165,303.54,302.935,303.35,159465.0
2025-07-08 15:20:00,303.33,303.58,303.29,303.545,242022.0
2025-07-08 15:25:00,303.545,303.71,303.51,303.63,104713.0
2025-07-08 15:30:00,303.65,303.78,303.526,303.55,124938.0
2025-07-08 15:35:00,303.59,303.66,303.47,303.64,141286.0
2025-07-08 15:40:00,303.64,303.77,303.5405,303.68,138914.0
2025-07-08 15:45:00,303.68,303.865,303.68,303.865,84346.0
2025-07-08 15:50:00,303.86,303.995,303.83,303.84,93303.0
2025-07-08 15:55:00,303.84,303.96,303.755,303.77,84171.0
2025-07-08 16:00:00,303.8,303.86,303.64,303.855,85027.0
2025-07-09 09:30:00,302.87,302.94,302.87,302.94,457.0
2025-07-09 09:40:00,303.0,303.0,302.94,302.94,463.0
2025-07-09 09:45:00,302.99,302.99,302.95,302.95,306.0
2025-07-09 09:50:00,302.93,302.93,302.85,302.85,572.0
2025-07-09 10:00:00,303.2,303.21,303.2,303.2,481.0
2025-07-09 10:10:00,303.07,303.07,303.07,303.07,245.0
2025-07-09 10:20:00,303.01,303.01,303.01,303.01,330.0
2025-07-09 10:55:00,303.42,303.42,303.42,303.42,554.0
2025-07-09 11:00:00,303.51,303.51,303.44,303.44,826.0
2025-07-09 11:05:00,303.49,303.5,303.49,303.5,300.0
2025-07-09 11:15:00,303.35,303.35,303.25,303.35,2088.0
2025-07-09 11:20:00,303.3,303.3,303.02,303.06,3638.0
2025-07-09 11:25:00,303.01,303.01,302.9,302.9,1260.0
2025-07-09 11:30:00,302.86,302.86,302.7,302.7,1837.0
2025-07-09 11:35:00,302.65,302.65,302.62,302.62,672.0
2025-07-09 11:40:00,302.76,302.89,302.65,302.65,2916.0
2025-07-09 11:45:00,302.75,302.75,302.67,302.67,532.0
2025-07-09 11:50:00,302.61,302.61,302.61,302.61,200.0
2025-07-09 11:55:00,302.5,302.5,302.45,302.45,1939.0
2025-07-09 12:00:00,302.7,303.86,302.5205,302.85,14706.0
2025-07-09 12:05:00,302.8,303.17,302.8,303.17,7227.0
2025-07-09 12:10:00,303.07,303.07,303.05,303.05,483.0
2025-07-09 12:15:00,303.25,303.31,303.12,303.2,6222.0
2025-07-09 12:20:00,303.1,303.1,302.95,303.0,3650.0
2025-07-09 12:25:00,303.06,303.06,303.06,303.06,128.0
2025-07-09 12:30:00,303.2,303.36,303.2,303.36,6661.0
2025-07-09 12:35:00,303.37,303.5,303.25,303.43,7391.0
2025-07-09 12:40:00,303.47,303.49,303.42,303.42,1079.0
2025-07-09 12:45:00,303.36,303.45,303.3,303.36,5255.0
2025-07-09 12:50:00,303.4,303.65,303.4,303.5999,4016.0
2025-07-09 12:55:00,303.62,303.7,303.5001,303.6,4395.0
2025-07-09 13:00:00,303.5,303.78,303.5,303.61,10657.0
2025-07-09 13:05:00,303.6,303.6,303.49,303.56,5609.0
2025-07-09 13:10:00,303.63,303.89,303.62,303.79,3594.0
2025-07-09 13:15:00,303.79,303.79,303.74,303.74,727.0
2025-07-09 13:20:00,303.74,303.87,303.7,303.72,9243.0
2025-07-09 13:25:00,303.64,303.67,303.6,303.6,1544.0
2025-07-09 13:30:00,303.58,303.89,303.48,303.79,224501.0
2025-07-09 13:35:00,303.77,303.81,303.36,303.36,174329.0
2025-07-09 13:40:00,303.36,303.73,303.23,303.64,229355.0
2025-07-09 13:45:00,303.61,303.83,303.35,303.8,182521.0
2025-07-09 13:50:00,303.79,304.28,303.77,304.23,389741.0
2025-07-09 13:55:00,304.25,304.45,303.95,304.01,209450.0
2025-07-09 14:00:00,304.0,304.25,303.93,304.21,230288.0
2025-07-09 14:05:00,304.21,304.5,304.16,304.4,118885.0
2025-07-09 14:10:00,304.43,304.57,304.295,304.52,85191.0
2025-07-09 14:15:00,304.55,304.79,304.54,304.585,127482.0
2025-07-09 14:20:00,304.59,304.68,304.45,304.565,129500.0
2025-07-09 14:25:00,304.55,304.77,304.53,304.67,72630.0
2025-07-09 14:30:00,304.63,304.93,304.6,304.91,92835.0
2025-07-09 14:35:00,304.95,305.125,304.79,304.97,150756.0
2025-07-09 14:40:00,304.958,305.03,304.84,304.96,123209.0
2025-07-09 14:45:00,304.97,305.01,304.82,304.85,204359.0
2025-07-09 14:50:00,304.865,305.07,304.81,305.05,57217.0
2025-07-09 14:55:00,305.08,305.17,305.04,305.11,81679.0
2025-07-09 15:00:00,305.12,305.17,304.95,305.01,105113.0
2025-07-09 15:05:00,305.01,305.0101,304.73,304.75,85893.0
2025-07-09 15:10:00,304.75,304.83,304.6601,304.7,49316.0
2025-07-09 15:15:00,304.7,304.78,304.66,304.7399,76523.0
2025-07-09 15:20:00,304.71,304.845,304.63,304.71,51364.0
2025-07-09 15:25:00,304.72,304.9099,304.72,304.76,50533.0
2025-07-09 15:30:00,304.74,304.895,304.74,304.82,65365.0
2025-07-09 15:35:00,304.82,304.82,304.55,304.56,76179.0
2025-07-09 15:40:00,304.55,304.83,304.55,304.8,46049.0
2025-07-09 15:45:00,304.81,304.92,304.635,304.91,50766.0
2025-07-09 15:50:00,304.92,304.97,304.8151,304.91,53992.0
2025-07-09 15:55:00,304.8901,304.925,304.83,304.85,21791.0
2025-07-09 16:00:00,304.86,304.95,304.75,304.76,35789.0
2025-07-10 09:30:00,306.32,306.32,306.32,306.32,205.0
2025-07-10 09:50:00,306.32,306.32,306.32,306.32,100.0
2025-07-10 09:55:00,306.31,306.32,306.31,306.32,2000.0
2025-07-10 10:05:00,306.16,306.16,306.16,306.16,101.0
2025-07-10 10:10:00,306.05,306.05,306.05,306.05,177.0
2025-07-10 10:15:00,306.06,306.06,306.06,306.06,233.0
2025-07-10 10:35:00,306.25,306.33,306.25,306.33,535.0
2025-07-10 10:45:00,306.36,306.36,306.36,306.36,276.0
2025-07-10 11:00:00,306.32,306.4,306.32,306.4,1452.0
2025-07-10 11:05:00,306.4,306.4,306.4,306.4,2254.0
2025-07-10 11:10:00,306.51,306.55,306.49,306.49,595.0
2025-07-10 11:15:00,306.59,306.6,306.49,306.59,2206.0
2025-07-10 11:20:00,306.33,306.53,306.33,306.53,700.0
2025-07-10 11:25:00,306.51,306.51,306.51,306.51,1409.0
2025-07-10 11:30:00,306.4,306.4,306.35,306.4,2509.0
2025-07-10 11:35:00,306.32,306.32,306.26,306.26,900.0
2025-07-10 11:40:00,306.2,306.2,306.2,306.2,100.0
2025-07-10 11:50:00,306.0,306.0,305.81,305.81,271.0
2025-07-10 11:55:00,305.65,305.72,305.65,305.72,1921.0
2025-07-10 12:00:00,306.39,306.6404,305.4,305.63,16592.0
2025-07-10 12:05:00,305.52,305.79,305.52,305.79,698.0
2025-07-10 12:15:00,305.76,305.8,305.76,305.8,490.0
2025-07-10 12:20:00,305.65,305.85,305.5,305.85,1248.0
2025-07-10 12:25:00,305.8,305.9,305.5005,305.9,5443.0
2025-07-10 12:30:00,305.621,305.8,305.6,305.76,3685.0
2025-07-10 12:35:00,305.88,306.08,305.88,305.9686,1467.0
2025-07-10 12:40:00,306.05,306.05,305.9,305.9,1674.0
2025-07-10 12:45:00,306.0,306.0881,305.6152,306.0881,1720.0
2025-07-10 12:50:00,306.099,306.2099,306.099,306.2,496.0
2025-07-10 12:55:00,306.2,306.25,306.05,306.25,14541.0
2025-07-10 13:00:00,306.388,306.59,306.29,306.43,14098.0
2025-07-10 13:05:00,306.41,306.41,306.2,306.34,31134.0
2025-07-10 13:10:00,306.31,306.44,306.27,306.42,10704.0
2025-07-10 13:15:00,306.45,306.6,306.43,306.44,4212.0
2025-07-10 13:20:00,306.27,306.27,306.0,306.1199,1975.0
2025-07-10 13:25:00,306.17,306.17,306.17,306.17,170.0
2025-07-10 13:30:00,306.11,306.23,305.88,306.175,334026.0
2025-07-10 13:35:00,306.15,306.46,306.13,306.44,174020.0
2025-07-10 13:40:00,306.47,306.51,305.81,305.855,188734.0
2025-07-10 13:45:00,305.84,305.87,305.39,305.71,179969.0
2025-07-10 13:50:00,305.71,305.71,305.28,305.47,103384.0
2025-07-10 13:55:00,305.49,305.51,304.99,305.04,116823.0
2025-07-10 14:00:00,305.07,305.205,304.82,305.2,101837.0
2025-07-10 14:05:00,305.21,305.37,305.12,305.33,93118.0
2025-07-10 14:10:00,305.33,305.69,305.2814,305.65,79302.0
2025-07-10 14:15:00,305.64,305.88,305.56,305.6601,267610.0
2025-07-10 14:20:00,305.66,305.69,305.44,305.49,206023.0
2025-07-10 14:25:00,305.48,305.48,305.13,305.15,85494.0
2025-07-10 14:30:00,305.14,305.395,305.08,305.355,78424.0
2025-07-10 14:35:00,305.3,305.38,305.265,305.29,56022.0
2025-07-10 14:40:00,305.285,305.51,305.21,305.35,62750.0
2025-07-10 14:45:00,305.32,305.63,305.3,305.629,88591.0
2025-07-10 14:50:00,305.62,305.62,305.41,305.42,59438.0
2025-07-10 14:55:00,305.42,305.42,305.2,305.26,51098.0
2025-07-10 15:00:00,305.25,305.5,305.23,305.5,44613.0
2025-07-10 15:05:00,305.485,305.59,305.48,305.54,54544.0
2025-07-10 15:10:00,305.525,305.61,305.5096,305.5593,42665.0
2025-07-10 15:15:00,305.56,305.72,305.545,305.605,59340.0
2025-07-10 15:20:00,305.61,305.835,305.61,305.825,102574.0
2025-07-10 15:25:00,305.82,305.8899,305.765,305.7975,91488.0
2025-07-10 15:30:00,305.8,305.84,305.73,305.75,55806.0
2025-07-10 15:35:00,305.75,305.815,305.655,305.78,73650.0
2025-07-10 15:40:00,305.77,305.78,305.665,305.69,65022.0
2025-07-10 15:45:00,305.68,305.725,305.61,305.69,36591.0
2025-07-10 15:50:00,305.68,305.81,305.65,305.75,36014.0
2025-07-10 15:55:00,305.76,305.795,305.66,305.69,94886.0
2025-07-10 16:00:00,305.69,305.69,305.56,305.645,74377.0
2025-07-11 09:30:00,307.1,307.33,307.1,307.15,867.0
2025-07-11 09:35:00,307.21,307.21,307.21,307.21,200.0
2025-07-11 09:40:00,307.23,307.23,307.22,307.22,500.0
2025-07-11 09:50:00,307.47,307.52,307.47,307.52,981.0
2025-07-11 09:55:00,307.52,307.63,307.52,307.63,857.0
2025-07-11 10:00:00,307.71,307.86,307.71,307.86,910.0
2025-07-11 10:05:00,307.78,307.81,307.78,307.81,485.0
2025-07-11 10:15:00,307.9,307.95,307.81,307.95,2102.0
2025-07-11 10:20:00,307.82,307.82,307.81,307.82,250.0
2025-07-11 10:25:00,308.0,308.34,308.0,308.25,5424.0
2025-07-11 10:30:00,308.09,308.09,308.09,308.09,102.0
2025-07-11 10:35:00,308.22,308.28,308.21,308.28,437.0
2025-07-11 10:40:00,308.36,308.39,308.36,308.36,1397.0
2025-07-11 10:50:00,308.26,308.45,308.26,308.4,3159.0
2025-07-11 10:55:00,308.23,308.23,308.15,308.15,1424.0
2025-07-11 11:00:00,308.11,308.22,307.92,308.2,4169.0
2025-07-11 11:05:00,308.01,308.01,308.01,308.01,180.0
2025-07-11 11:10:00,308.11,308.36,308.11,308.36,2051.0
2025-07-11 11:15:00,308.21,308.32,308.11,308.11,920.0
2025-07-11 11:20:00,308.05,308.07,308.05,308.07,1100.0
2025-07-11 11:25:00,308.0,308.14,307.82,308.14,2043.0
2025-07-11 11:30:00,308.05,308.3,308.05,308.3,1082.0
2025-07-11 11:35:00,308.3,308.43,307.82,308.43,3224.0
2025-07-11 11:40:00,308.45,308.45,308.45,308.45,646.0
2025-07-11 11:45:00,308.48,308.58,308.48,308.58,2067.0
2025-07-11 11:50:00,308.35,308.46,308.35,308.39,5415.0
2025-07-11 11:55:00,308.36,308.43,308.27,308.27,3789.0
2025-07-11 12:00:00,308.0,308.5329,306.71,308.51,82196.0
2025-07-11 12:05:00,308.4399,308.4399,308.4399,308.4399,138.0
2025-07-11 12:10:00,308.36,308.51,308.15,308.16,1430.0
2025-07-11 12:15:00,308.04,308.27,308.04,308.27,8468.0
2025-07-11 12:20:00,308.4,308.41,308.4,308.41,1124.0
2025-07-11 12:30:00,308.45,308.6786,308.45,308.6,6829.0
2025-07-11 12:35:00,308.68,308.84,308.17,308.6299,11728.0
2025-07-11 12:40:00,308.63,308.92,308.63,308.9,4176.0
2025-07-11 12:45:00,308.9718,309.12,308.9718,309.12,5889.0
2025-07-11 12:50:00,309.12,309.12,309.02,309.09,11787.0
2025-07-11 12:55:00,309.1,309.15,309.04,309.15,6453.0
2025-07-11 13:00:00,309.14,309.25,309.14,309.19,1702.0
2025-07-11 13:05:00,309.28,309.31,309.08,309.3,9599.0
2025-07-11 13:10:00,309.26,309.26,309.083,309.083,4641.0
2025-07-11 13:15:00,309.12,309.31,309.08,309.31,10734.0
2025-07-11 13:20:00,309.05,309.05,308.65,308.65,3744.0
2025-07-11 13:25:00,308.74,308.94,308.74,308.94,1728.0
2025-07-11 13:30:00,308.855,309.25,308.5701,309.17,296405.0
2025-07-11 13:35:00,309.22,309.38,308.82,309.345,204731.0
2025-07-11 13:40:00,309.345,309.43,308.77,308.85,154147.0
2025-07-11 13:45:00,308.86,309.07,308.5701,308.86,181058.0
2025-07-11 13:50:00,308.87,309.13,308.7425,308.94,114074.0
2025-07-11 13:55:00,308.94,308.99,308.68,308.76,98084.0
2025-07-11 14:00:00,308.73,309.0,308.67,308.805,201346.0
2025-07-11 14:05:00,308.82,309.05,308.8,308.88,97571.0
2025-07-11 14:10:00,308.9,308.92,308.74,308.89,103676.0
2025-07-11 14:15:00,308.91,308.95,308.5945,308.64,121798.0
2025-07-11 14:20:00,308.62,308.935,308.618,308.91,173534.0
2025-07-11 14:25:00,308.93,309.08,308.86,309.04,94866.0
2025-07-11 14:30:00,309.04,309.37,309.0301,309.17,162656.0
2025-07-11 14:35:00,309.16,309.39,309.155,309.25,176795.0
2025-07-11 14:40:00,309.21,309.51,309.17,309.48,103394.0
2025-07-11 14:45:00,309.46,309.54,309.32,309.54,68502.0
2025-07-11 14:50:00,309.54,309.85,309.51,309.79,197261.0
2025-07-11 14:55:00,309.81,309.81,309.52,309.5801,109304.0
2025-07-11 15:00:00,309.59,309.87,309.58,309.8,147946.0
2025-07-11 15:05:00,309.8,309.9286,309.79,309.79,182841.0
2025-07-11 15:10:00,309.7998,309.98,309.74,309.96,122447.0
2025-07-11 15:15:00,309.955,310.205,309.785,310.205,209240.0
2025-07-11 15:20:00,310.21,310.28,309.94,310.025,192266.0
2025-07-11 15:25:00,310.0275,310.11,310.01,310.04,93945.0
2025-07-11 15:30:00,310.0514,310.07,309.8199,309.85,170630.0
2025-07-11 15:35:00,309.85,309.86,309.44,309.54,210037.0
2025-07-11 15:40:00,309.55,309.77,309.41,309.4199,234004.0
2025-07-11 15:45:00,309.42,309.55,309.37,309.44,113453.0
2025-07-11 15:50:00,309.42,309.5,309.2145,309.4047,79563.0
2025-07-11 15:55:00,309.4,309.5,309.35,309.39,52035.0
2025-07-11 16:00:00,309.38,309.46,309.26,309.3401,62157.0
2025-07-14 09:30:00,310.1,310.1,310.09,310.09,202.0
2025-07-14 09:50:00,310.23,310.24,310.23,310.24,863.0
2025-07-14 09:55:00,310.21,310.34,310.19,310.34,905.0
2025-07-14 10:00:00,310.47,310.6,310.47,310.58,5512.0
2025-07-14 10:05:00,310.69,310.69,310.69,310.69,1554.0
2025-07-14 10:10:00,310.8,310.8,310.8,310.8,220.0
2025-07-14 10:15:00,310.68,310.72,310.66,310.66,322.0
2025-07-14 10:25:00,310.59,310.59,310.5,310.5,1510.0
2025-07-14 10:40:00,310.53,310.53,310.53,310.53,467.0
2025-07-14 10:50:00,310.51,310.6,310.51,310.6,713.0
2025-07-14 11:00:00,310.54,310.6,310.25,310.56,3328.0
2025-07-14 11:05:00,310.67,310.67,310.6,310.6,652.0
2025-07-14 11:10:00,310.48,310.48,310.48,310.48,368.0
2025-07-14 11:15:00,310.53,310.6,310.5,310.54,7717.0
2025-07-14 11:20:00,310.45,310.45,310.45,310.45,280.0
2025-07-14 11:25:00,310.35,310.35,310.35,310.35,101.0
2025-07-14 11:30:00,310.47,310.59,310.47,310.52,7854.0
2025-07-14 11:35:00,310.52,310.52,310.47,310.47,697.0
2025-07-14 11:40:00,310.47,310.47,310.47,310.47,675.0
2025-07-14 11:45:00,310.25,310.25,310.25,310.25,917.0
2025-07-14 11:50:00,310.2,310.2,310.2,310.2,547.0
2025-07-14 11:55:00,310.18,310.18,310.0,310.0,1600.0
2025-07-14 12:00:00,310.86,310.86,308.85,309.5,21651.0
2025-07-14 12:05:00,309.91,309.91,309.7,309.7,1138.0
2025-07-14 12:10:00,309.72,309.72,309.72,309.72,105.0
2025-07-14 12:15:00,309.5589,309.65,309.5589,309.65,483.0
2025-07-14 12:20:00,309.61,309.61,309.4,309.4,2230.0
2025-07-14 12:25:00,309.2611,309.2611,309.2124,309.2124,380.0
2025-07-14 12:30:00,309.2,309.48,309.1,309.48,5040.0
2025-07-14 12:35:00,309.14,309.14,308.5,308.62,61297.0
2025-07-14 12:40:00,308.5,308.81,308.5,308.64,6767.0
2025-07-14 12:45:00,308.69,308.69,308.69,308.69,338.0
2025-07-14 12:50:00,308.57,308.66,308.54,308.6,1412.0
2025-07-14 12:55:00,308.8,308.8,308.57,308.62,8267.0
2025-07-14 13:00:00,308.51,308.74,308.49,308.5,4124.0
2025-07-14 13:05:00,308.64,308.71,308.62,308.65,1305.0
2025-07-14 13:10:00,308.53,308.79,308.51,308.76,1600.0
2025-07-14 13:15:00,308.98,309.0,308.8,308.8,3951.0
2025-07-14 13:20:00,308.78,309.0,308.7,308.99,6711.0
2025-07-14 13:25:00,309.03,309.12,308.98,309.04,3995.0
2025-07-14 13:30:00,309.07,309.31,309.02,309.24,159625.0
2025-07-14 13:35:00,309.21,309.31,309.15,309.25,142142.0
2025-07-14 13:40:00,309.245,309.305,309.01,309.22,100735.0
2025-07-14 13:45:00,309.22,309.33,309.11,309.3,85959.0
2025-07-14 13:50:00,309.32,309.38,309.21,309.21,54799.0
2025-07-14 13:55:00,309.2,309.21,308.995,309.05,47694.0
2025-07-14 14:00:00,309.04,309.13,308.68,308.78,207563.0
2025-07-14 14:05:00,308.8,309.03,308.8,309.0,79260.0
2025-07-14 14:10:00,309.0,309.04,308.72,308.73,64838.0
2025-07-14 14:15:00,308.7,308.8,308.58,308.58,106456.0
2025-07-14 14:20:00,308.55,308.56,308.09,308.3352,283140.0
2025-07-14 14:25:00,308.33,308.745,308.32,308.73,80215.0
2025-07-14 14:30:00,308.75,308.75,308.33,308.33,75623.0
2025-07-14 14:35:00,308.33,308.39,307.98,307.99,94040.0
2025-07-14 14:40:00,307.97,307.97,307.74,307.81,115980.0
2025-07-14 14:45:00,307.81,308.02,307.73,308.0,52539.0
2025-07-14 14:50:00,308.02,308.11,307.79,307.8499,80784.0
2025-07-14 14:55:00,307.85,307.96,307.76,307.91,58684.0
2025-07-14 15:00:00,307.92,308.18,307.86,308.17,77325.0
2025-07-14 15:05:00,308.16,308.41,308.16,308.4099,101764.0
2025-07-14 15:10:00,308.41,308.4952,308.31,308.41,37255.0
2025-07-14 15:15:00,308.4117,308.455,308.14,308.18,42036.0
2025-07-14 15:20:00,308.19,308.315,308.14,308.275,69874.0
2025-07-14 15:25:00,308.28,308.4,308.265,308.295,65213.0
2025-07-14 15:30:00,308.3,308.4113,308.3,308.36,57571.0
2025-07-14 15:35:00,308.37,308.52,308.29,308.4108,118029.0
2025-07-14 15:40:00,308.4,308.42,308.26,308.3702,97904.0
2025-07-14 15:45:00,308.41,308.4191,308.2,308.255,75800.0
2025-07-14 15:50:00,308.27,308.38,308.22,308.225,60139.0
2025-07-14 15:55:00,308.215,308.24,308.07,308.12,79381.0
2025-07-14 16:00:00,308.12,308.26,307.95,307.98,55360.0
2025-07-15 09:30:00,309.64,309.82,309.64,309.81,1654.0
2025-07-15 09:45:00,309.59,309.59,309.59,309.59,1118.0
2025-07-15 09:50:00,309.6,309.66,309.6,309.66,798.0
2025-07-15 09:55:00,309.69,309.74,309.69,309.74,303.0
2025-07-15 10:00:00,309.82,309.86,309.82,309.86,535.0
2025-07-15 10:05:00,309.97,310.03,309.95,309.95,3151.0
2025-07-15 10:15:00,309.87,309.87,309.87,309.87,160.0
2025-07-15 10:20:00,310.0,310.0,310.0,310.0,302.0
2025-07-15 10:25:00,309.81,309.81,309.8,309.8,200.0
2025-07-15 10:50:00,309.73,309.73,309.72,309.73,348.0
2025-07-15 11:00:00,309.45,309.55,309.45,309.55,554.0
2025-07-15 11:05:00,309.41,309.41,309.4,309.4,786.0
2025-07-15 11:10:00,309.47,309.48,309.47,309.48,404.0
2025-07-15 11:15:00,309.54,309.54,309.54,309.54,139.0
2025-07-15 11:20:00,309.39,309.39,309.38,309.38,5003.0
2025-07-15 11:25:00,309.37,309.37,309.33,309.33,359.0
2025-07-15 11:35:00,309.2,309.25,309.2,309.25,660.0
2025-07-15 11:40:00,309.22,309.22,309.22,309.22,170.0
2025-07-15 11:45:00,309.01,309.23,308.99,309.07,5748.0
2025-07-15 11:50:00,309.06,309.06,309.06,309.06,100.0
2025-07-15 11:55:00,309.06,309.06,309.06,309.06,101.0
2025-07-15 12:00:00,309.23,309.95,308.7127,308.9,60123.0
2025-07-15 12:05:00,308.9,308.9,308.88,308.88,330.0
2025-07-15 12:10:00,308.8,308.8,308.8,308.8,512.0
2025-07-15 12:15:00,308.701,308.701,308.53,308.62,2719.0
2025-07-15 12:20:00,308.53,308.98,308.53,308.98,1614.0
2025-07-15 12:25:00,309.0,309.03,308.92,309.03,5024.0
2025-07-15 12:30:00,309.36,309.49,309.2,309.49,3203.0
2025-07-15 12:35:00,308.7,309.0,308.4699,308.4699,4789.0
2025-07-15 12:40:00,308.28,308.59,308.24,308.57,2605.0
2025-07-15 12:45:00,308.95,308.95,308.65,308.84,948.0
2025-07-15 12:50:00,308.93,308.93,308.66,308.66,1012.0
2025-07-15 12:55:00,308.68,308.68,308.68,308.68,925.0
2025-07-15 13:00:00,308.5,308.69,308.26,308.64,15091.0
2025-07-15 13:05:00,308.75,308.75,308.3799,308.42,5193.0
2025-07-15 13:10:00,308.23,308.4099,308.17,308.22,8195.0
2025-07-15 13:15:00,308.26,308.26,307.9,308.0,4215.0
2025-07-15 13:20:00,308.03,308.03,307.87,307.87,6406.0
2025-07-15 13:25:00,307.91,307.91,307.49,307.74,9592.0
2025-07-15 13:30:00,307.73,307.82,307.31,307.54,167396.0
2025-07-15 13:35:00,307.53,307.54,307.12,307.35,115498.0
2025-07-15 13:40:00,307.38,307.57,307.28,307.5,76286.0
2025-07-15 13:45:00,307.51,307.78,307.2,307.61,186729.0
2025-07-15 13:50:00,307.6,307.99,307.59,307.99,126737.0
2025-07-15 13:55:00,308.0,308.34,307.91,308.24,108969.0
2025-07-15 14:00:00,308.27,308.35,307.93,307.97,252692.0
2025-07-15 14:05:00,307.93,308.3107,307.86,308.22,89047.0
2025-07-15 14:10:00,308.22,308.3898,308.185,308.29,78243.0
2025-07-15 14:15:00,308.27,308.3,308.035,308.0751,77917.0
2025-07-15 14:20:00,308.06,308.39,307.98,308.2202,67319.0
2025-07-15 14:25:00,308.23,308.4701,308.19,308.28,44285.0
2025-07-15 14:30:00,308.26,308.645,308.26,308.64,134525.0
2025-07-15 14:35:00,308.67,308.74,308.55,308.5599,67694.0
2025-07-15 14:40:00,308.56,308.66,308.425,308.55,78550.0
2025-07-15 14:45:00,308.53,308.59,308.2925,308.33,67687.0
2025-07-15 14:50:00,308.36,308.36,308.14,308.24,60737.0
2025-07-15 14:55:00,308.32,308.43,308.21,308.3698,42466.0
2025-07-15 15:00:00,308.37,308.561,308.305,308.33,62535.0
2025-07-15 15:05:00,308.31,308.33,308.16,308.27,80353.0
2025-07-15 15:10:00,308.28,308.2901,308.12,308.14,81713.0
2025-07-15 15:15:00,308.14,308.16,307.84,307.87,54681.0
2025-07-15 15:20:00,307.85,307.88,307.62,307.67,136631.0
2025-07-15 15:25:00,307.68,307.68,306.93,307.11,234774.0
2025-07-15 15:30:00,307.07,307.08,306.33,306.38,358800.0
2025-07-15 15:35:00,306.34,306.71,306.29,306.71,249262.0
2025-07-15 15:40:00,306.72,307.035,306.72,306.84,94493.0
2025-07-15 15:45:00,306.8,306.82,306.66,306.7,43273.0
2025-07-15 15:50:00,306.6523,306.67,306.49,306.55,91590.0
2025-07-15 15:55:00,306.54,306.72,306.52,306.62,93460.0
2025-07-15 16:00:00,306.6,306.61,306.35,306.41,234303.0
2025-07-16 09:30:00,307.61,307.61,307.6,307.6,370.0
2025-07-16 09:40:00,307.64,307.69,307.64,307.69,1111.0
2025-07-16 09:45:00,307.75,307.76,307.74,307.74,551.0
2025-07-16 09:50:00,307.73,307.73,307.73,307.73,100.0
2025-07-16 10:05:00,307.61,307.66,307.48,307.61,1198.0
2025-07-16 10:15:00,307.48,307.48,307.48,307.48,934.0
2025-07-16 10:30:00,307.58,307.58,307.54,307.58,1402.0
2025-07-16 10:50:00,307.41,307.53,307.41,307.53,557.0
2025-07-16 10:55:00,307.36,307.36,307.15,307.15,1787.0
2025-07-16 11:00:00,307.16,307.2,307.16,307.2,667.0
2025-07-16 11:05:00,307.3,307.3,307.3,307.3,102.0
2025-07-16 11:10:00,307.23,307.28,307.22,307.28,711.0
2025-07-16 11:15:00,307.25,307.25,307.25,307.25,300.0
2025-07-16 11:20:00,307.03,307.06,307.01,307.06,1078.0
2025-07-16 11:30:00,307.33,307.33,307.33,307.33,211.0
2025-07-16 11:40:00,307.28,307.43,307.28,307.43,1278.0
2025-07-16 11:45:00,307.42,307.55,307.42,307.55,750.0
2025-07-16 11:50:00,307.49,307.56,307.49,307.55,491.0
2025-07-16 11:55:00,307.68,307.68,307.68,307.68,682.0
2025-07-16 12:00:00,307.2,307.73,307.0,307.53,9933.0
2025-07-16 12:05:00,307.63,307.63,307.63,307.63,163.0
2025-07-16 12:10:00,307.64,307.65,307.63,307.63,1207.0
2025-07-16 12:15:00,307.35,307.35,307.21,307.21,2039.0
2025-07-16 12:20:00,307.22,307.22,307.22,307.22,213.0
2025-07-16 12:25:00,307.1,307.1,307.1,307.1,101.0
2025-07-16 12:30:00,307.72,307.72,306.92,307.051,14044.0
2025-07-16 12:35:00,307.3899,307.3899,307.0601,307.0601,656.0
2025-07-16 12:40:00,307.5,307.5,307.09,307.26,3157.0
2025-07-16 12:45:00,307.05,307.1584,306.7709,306.78,13201.0
2025-07-16 12:50:00,307.01,307.01,307.01,307.01,338.0
2025-07-16 12:55:00,307.21,307.21,307.11,307.11,299.0
2025-07-16 13:00:00,307.15,307.31,307.15,307.26,14714.0
2025-07-16 13:05:00,307.22,307.27,307.06,307.06,6707.0
2025-07-16 13:10:00,307.0504,307.11,307.01,307.05,10131.0
2025-07-16 13:15:00,307.14,307.56,307.11,307.5499,18580.0
2025-07-16 13:20:00,307.55,307.55,307.34,307.4,2056.0
2025-07-16 13:25:00,307.47,307.51,307.12,307.12,2524.0
2025-07-16 13:30:00,307.11,307.115,306.75,306.75,114925.0
2025-07-16 13:35:00,306.74,306.74,306.42,306.551,159734.0
2025-07-16 13:40:00,306.56,306.81,306.41,306.44,102496.0
2025-07-16 13:45:00,306.42,306.455,306.08,306.18,129852.0
2025-07-16 13:50:00,306.15,306.35,305.97,306.09,202997.0
2025-07-16 13:55:00,306.07,306.435,306.04,306.43,116154.0
2025-07-16 14:00:00,306.42,306.43,306.07,306.355,231294.0
2025-07-16 14:05:00,306.35,306.54,306.185,306.23,147321.0
2025-07-16 14:10:00,306.23,306.45,306.18,306.32,103862.0
2025-07-16 14:15:00,306.34,306.36,305.94,306.13,117513.0
2025-07-16 14:20:00,306.13,306.6208,306.0699,306.575,130562.0
2025-07-16 14:25:00,306.5651,306.655,306.26,306.2635,113642.0
2025-07-16 14:30:00,306.27,306.27,305.73,305.97,173281.0
2025-07-16 14:35:00,305.97,306.3301,305.93,306.22,158718.0
2025-07-16 14:40:00,306.22,306.32,305.9955,306.26,131016.0
2025-07-16 14:45:00,306.26,306.54,306.18,306.46,79048.0
2025-07-16 14:50:00,306.46,307.27,306.15,307.23,309440.0
2025-07-16 14:55:00,307.25,307.89,306.72,307.46,562943.0
2025-07-16 15:00:00,307.44,308.17,307.38,308.145,476653.0
2025-07-16 15:05:00,308.135,308.9412,308.13,308.69,389025.0
2025-07-16 15:10:00,308.74,308.96,308.36,308.44,262767.0
2025-07-16 15:15:00,308.475,310.46,308.265,310.39,1606273.0
2025-07-16 15:20:00,310.39,310.56,309.94,310.19,651540.0
2025-07-16 15:25:00,310.19,310.45,309.715,309.785,582371.0
2025-07-16 15:30:00,309.81,311.09,309.8,310.77,993462.0
2025-07-16 15:35:00,310.78,310.78,309.925,310.2201,462467.0
2025-07-16 15:40:00,310.24,310.49,309.26,309.52,461475.0
2025-07-16 15:45:00,309.51,309.72,309.02,309.37,350481.0
2025-07-16 15:50:00,309.41,310.07,309.23,309.28,361328.0
2025-07-16 15:55:00,309.29,309.52,307.27,307.93,2071905.0
2025-07-16 16:00:00,307.98,308.08,307.54,307.86,527341.0
2025-07-17 09:40:00,306.51,306.51,306.51,306.51,310.0
2025-07-17 09:45:00,306.56,306.56,306.56,306.56,320.0
2025-07-17 09:55:00,306.18,306.18,306.18,306.18,488.0
2025-07-17 10:00:00,306.46,306.48,306.46,306.48,368.0
2025-07-17 10:10:00,306.39,306.4,306.39,306.4,220.0
2025-07-17 10:15:00,306.34,306.34,306.32,306.32,220.0
2025-07-17 10:30:00,306.57,306.66,306.57,306.66,488.0
2025-07-17 10:40:00,306.76,306.76,306.76,306.76,330.0
2025-07-17 10:45:00,306.71,306.71,306.68,306.68,600.0
2025-07-17 10:50:00,306.61,306.61,306.43,306.43,1365.0
2025-07-17 10:55:00,306.26,306.26,306.25,306.26,586.0
2025-07-17 11:00:00,306.25,306.25,306.0,306.1,2268.0
2025-07-17 11:05:00,306.4,306.4,306.4,306.4,601.0
2025-07-17 11:10:00,306.42,306.42,306.42,306.42,100.0
2025-07-17 11:15:00,306.46,306.46,306.4,306.4,1210.0
2025-07-17 11:20:00,306.3,306.32,306.25,306.26,1204.0
2025-07-17 11:30:00,306.25,306.25,306.25,306.25,166.0
2025-07-17 11:35:00,306.22,306.22,306.16,306.22,2550.0
2025-07-17 11:40:00,306.18,306.21,306.13,306.21,2498.0
2025-07-17 11:45:00,306.2,306.2,306.1,306.1,8742.0
2025-07-17 11:50:00,306.05,306.11,305.98,306.11,7573.0
2025-07-17 11:55:00,306.12,306.25,306.09,306.14,10828.0
2025-07-17 12:00:00,306.49,307.63,306.0,306.2,41471.0
2025-07-17 12:05:00,306.1,306.25,305.95,306.25,935.0
2025-07-17 12:10:00,306.18,306.35,306.18,306.3,719.0
2025-07-17 12:15:00,306.2,306.21,306.03,306.14,4962.0
2025-07-17 12:20:00,306.31,306.48,306.31,306.48,794.0
2025-07-17 12:25:00,306.4,306.5,306.32,306.48,10156.0
2025-07-17 12:30:00,306.32,306.32,305.03,305.39,47585.0
2025-07-17 12:35:00,305.5499,305.7,305.27,305.57,4123.0
2025-07-17 12:40:00,305.43,305.43,305.1,305.1,7491.0
2025-07-17 12:45:00,305.08,305.1755,304.92,305.0,17886.0
2025-07-17 12:50:00,305.0005,305.21,304.84,304.85,30583.0
2025-07-17 12:55:00,304.85,305.2878,304.8,305.2799,38667.0
2025-07-17 13:00:00,305.12,305.25,304.92,304.99,16417.0
2025-07-17 13:05:00,305.06,305.34,305.01,305.34,35426.0
2025-07-17 13:10:00,305.28,305.4,305.07,305.4,7408.0
2025-07-17 13:15:00,305.45,305.61,305.45,305.61,31101.0
2025-07-17 13:20:00,305.56,305.67,305.37,305.37,11374.0
2025-07-17 13:25:00,305.35,305.52,305.22,305.5,30031.0
2025-07-17 13:30:00,305.5,305.53,305.12,305.19,226071.0
2025-07-17 13:35:00,305.18,305.7591,305.17,305.55,213494.0
2025-07-17 13:40:00,305.47,305.54,305.26,305.33,123195.0
2025-07-17 13:45:00,305.36,305.5,305.28,305.41,128568.0
2025-07-17 13:50:00,305.39,305.75,305.39,305.6501,116193.0
2025-07-17 13:55:00,305.645,305.8717,305.61,305.65,318867.0
2025-07-17 14:00:00,305.64,305.81,305.54,305.7,182358.0
2025-07-17 14:05:00,305.7099,306.035,305.68,305.99,107473.0
2025-07-17 14:10:00,306.0,306.23,305.99,306.13,210916.0
2025-07-17 14:15:00,306.13,306.5,306.13,306.48,143022.0
2025-07-17 14:20:00,306.48,306.59,306.28,306.39,150067.0
2025-07-17 14:25:00,306.38,306.655,306.335,306.635,128986.0
2025-07-17 14:30:00,306.67,306.92,306.6,306.79,93225.0
2025-07-17 14:35:00,306.8,306.99,306.68,306.905,82085.0
2025-07-17 14:40:00,306.9,307.05,306.84,306.91,80107.0
2025-07-17 14:45:00,306.89,306.95,306.72,306.93,95331.0
2025-07-17 14:50:00,306.93,307.09,306.8899,306.99,48257.0
2025-07-17 14:55:00,307.0,307.15,306.96,307.03,121218.0
2025-07-17 15:00:00,307.05,307.19,306.99,307.08,174500.0
2025-07-17 15:05:00,307.08,307.11,306.82,306.865,415363.0
2025-07-17 15:10:00,306.862,307.065,306.85,306.96,74380.0
2025-07-17 15:15:00,306.95,306.99,306.76,306.99,31975.0
2025-07-17 15:20:00,307.0,307.105,306.925,307.105,46000.0
2025-07-17 15:25:00,307.115,307.39,307.06,307.29,65509.0
2025-07-17 15:30:00,307.26,307.37,307.16,307.31,33860.0
2025-07-17 15:35:00,307.34,307.35,307.14,307.28,162922.0
2025-07-17 15:40:00,307.29,307.34,307.23,307.31,40598.0
2025-07-17 15:45:00,307.3,307.34,307.25,307.32,20759.0
2025-07-17 15:50:00,307.32,307.42,307.3,307.36,24377.0
2025-07-17 15:55:00,307.37,307.38,307.2,307.265,57722.0
2025-07-17 16:00:00,307.25,307.29,307.16,307.1801,53652.0
2025-07-18 09:30:00,308.72,308.78,308.26,308.69,3107.0
2025-07-18 09:35:00,308.86,308.99,308.86,308.99,1332.0
2025-07-18 09:40:00,308.92,308.92,308.92,308.92,430.0
2025-07-18 09:50:00,308.84,308.84,308.84,308.84,100.0
2025-07-18 09:55:00,308.77,308.77,308.77,308.77,500.0
2025-07-18 10:00:00,308.49,308.49,308.49,308.49,175.0
2025-07-18 10:05:00,308.44,308.44,308.44,308.44,250.0
2025-07-18 10:10:00,308.58,308.7,308.58,308.67,1271.0
2025-07-18 10:20:00,308.58,308.58,308.58,308.58,101.0
2025-07-18 10:35:00,308.77,308.77,308.77,308.77,176.0
2025-07-18 10:40:00,308.78,308.78,308.78,308.78,405.0
2025-07-18 10:50:00,308.68,308.68,308.68,308.68,108.0
2025-07-18 11:00:00,308.7,308.78,308.62,308.78,1202.0
2025-07-18 11:05:00,308.65,308.83,308.65,308.83,2297.0
2025-07-18 11:10:00,308.79,308.79,308.79,308.79,110.0
2025-07-18 11:15:00,308.72,308.79,308.72,308.78,1055.0
2025-07-18 11:20:00,308.83,308.84,308.83,308.84,560.0
2025-07-18 11:25:00,308.73,308.91,308.73,308.91,934.0
2025-07-18 11:35:00,308.83,308.83,308.83,308.83,315.0
2025-07-18 11:40:00,308.98,309.12,308.98,309.12,28961.0
2025-07-18 11:45:00,309.17,309.24,309.12,309.24,3264.0
2025-07-18 11:55:00,308.95,309.01,308.95,309.01,362.0
2025-07-18 12:00:00,308.89,309.2393,306.99,309.22,34263.0
2025-07-18 12:05:00,309.31,309.31,309.14,309.14,1251.0
2025-07-18 12:10:00,309.39,309.39,309.38,309.38,479.0
2025-07-18 12:15:00,309.32,309.32,309.3,309.3,437.0
2025-07-18 12:20:00,309.38,309.43,309.3,309.36,3931.0
2025-07-18 12:25:00,309.14,309.27,309.14,309.27,3616.0
2025-07-18 12:30:00,309.4,309.42,309.27,309.42,2431.0
2025-07-18 12:35:00,309.3701,309.3701,309.3701,309.3701,316.0
2025-07-18 12:40:00,309.35,309.68,309.35,309.68,1435.0
2025-07-18 12:45:00,309.6,309.6,309.6,309.6,109.0
2025-07-18 12:50:00,309.5399,309.5399,309.48,309.48,1147.0
2025-07-18 12:55:00,309.47,309.47,309.43,309.43,663.0
2025-07-18 13:00:00,309.37,309.37,309.15,309.19,3496.0
2025-07-18 13:05:00,309.25,309.37,309.22,309.22,619.0
2025-07-18 13:10:00,309.44,309.47,309.4,309.47,2773.0
2025-07-18 13:15:00,309.44,309.46,309.4101,309.46,916.0
2025-07-18 13:20:00,309.28,309.28,309.09,309.12,6390.0
2025-07-18 13:25:00,309.3,309.41,309.27,309.27,5463.0
2025-07-18 13:30:00,309.24,309.31,308.865,309.1,258269.0
2025-07-18 13:35:00,309.11,309.14,308.73,308.84,116820.0
2025-07-18 13:40:00,308.84,309.03,308.77,309.01,107897.0
2025-07-18 13:45:00,309.015,309.03,308.83,308.9,90313.0
2025-07-18 13:50:00,308.92,309.12,308.89,308.95,69954.0
2025-07-18 13:55:00,308.96,309.23,308.96,309.04,95471.0
2025-07-18 14:00:00,309.05,309.2,308.97,309.09,96681.0
2025-07-18 14:05:00,309.07,309.37,309.04,309.18,96212.0
2025-07-18 14:10:00,309.16,309.26,308.99,309.005,154789.0
2025-07-18 14:15:00,309.0,309.01,308.64,308.835,113985.0
2025-07-18 14:20:00,308.83,309.05,308.8,309.05,60723.0
2025-07-18 14:25:00,309.0494,309.08,308.88,308.91,57510.0
2025-07-18 14:30:00,308.9,309.05,308.87,309.04,65424.0
2025-07-18 14:35:00,309.04,309.18,308.98,309.012408,69087.0
2025-07-18 14:40:00,309.0273,309.1402,308.98,308.98,37804.0
2025-07-18 14:45:00,308.98,309.12,308.9297,309.0,53154.0
2025-07-18 14:50:00,309.0,309.01,308.91,308.9753,49648.0
2025-07-18 14:55:00,308.97,309.005,308.92,308.9501,191033.0
2025-07-18 15:00:00,308.96,308.9899,308.855,308.94,62713.0
2025-07-18 15:05:00,308.9,308.92,308.791,308.91,42803.0
2025-07-18 15:10:00,308.9104,309.065,308.76,308.79,157438.0
2025-07-18 15:15:00,308.79,308.92,308.75,308.9,65738.0
2025-07-18 15:20:00,308.87,308.9,308.79,308.9,36404.0
2025-07-18 15:25:00,308.89,308.915,308.81,308.875,48560.0
2025-07-18 15:30:00,308.87,308.87,308.73,308.76,46690.0
2025-07-18 15:35:00,308.75,308.925,308.75,308.9,31783.0
2025-07-18 15:40:00,308.87,309.02,308.87,308.99,48289.0
2025-07-18 15:45:00,308.99,309.1,308.9299,308.975,47568.0
2025-07-18 15:50:00,308.98,309.01,308.85,308.93,42621.0
2025-07-18 15:55:00,308.9401,308.9401,308.85,308.86,43033.0
2025-07-18 16:00:00,308.86,308.98,308.86,308.97,44638.0
2025-07-21 09:35:00,309.78,309.78,309.78,309.78,1939.0
2025-07-21 09:40:00,309.75,309.75,309.75,309.75,123.0
2025-07-21 10:10:00,310.13,310.13,310.13,310.13,313.0
2025-07-21 10:30:00,309.9,309.9,309.78,309.78,1619.0
2025-07-21 10:35:00,309.75,309.75,309.75,309.75,247.0
2025-07-21 10:45:00,309.79,309.79,309.79,309.79,116.0
2025-07-21 11:00:00,310.0,310.05,310.0,310.05,2604.0
2025-07-21 11:05:00,310.09,310.09,310.09,310.09,595.0
2025-07-21 11:10:00,310.01,310.31,310.01,310.31,1867.0
2025-07-21 11:15:00,310.39,310.47,310.39,310.41,7037.0
2025-07-21 11:20:00,310.49,310.49,310.49,310.49,721.0
2025-07-21 11:25:00,310.5,310.7,310.5,310.7,1177.0
2025-07-21 11:35:00,310.47,310.47,310.06,310.06,654.0
2025-07-21 11:40:00,310.65,310.71,310.65,310.71,743.0
2025-07-21 11:45:00,310.75,310.75,310.75,310.75,284.0
2025-07-21 11:55:00,310.85,310.9,310.85,310.9,1563.0
2025-07-21 12:00:00,310.23,311.0,308.8,311.0,27979.0
2025-07-21 12:05:00,310.95,310.99,310.95,310.99,855.0
2025-07-21 12:10:00,310.94,311.02,310.84,310.84,4436.0
2025-07-21 12:15:00,310.79,311.21,310.79,311.21,13068.0
2025-07-21 12:20:00,311.21,311.3,311.1,311.28,2939.0
2025-07-21 12:25:00,311.49,311.78,311.1994,311.59,16484.0
2025-07-21 12:30:00,311.5,311.7802,311.5,311.7802,2071.0
2025-07-21 12:35:00,311.74,311.7493,311.2332,311.71,1746.0
2025-07-21 12:40:00,311.7,311.983,311.7,311.983,7442.0
2025-07-21 12:45:00,311.85,311.9,311.81,311.87,1759.0
2025-07-21 12:50:00,311.97,312.09,311.97,312.09,9947.0
2025-07-21 12:55:00,311.99,312.12,311.93,311.93,2846.0
2025-07-21 13:00:00,311.85,312.0,311.77,312.0,3997.0
2025-07-21 13:05:00,312.1,312.12,312.0,312.0,11521.0
2025-07-21 13:10:00,311.99,312.0,311.92,311.95,1659.0
2025-07-21 13:15:00,311.97,312.12,311.84,312.12,4038.0
2025-07-21 13:20:00,312.0,312.1999,312.0,312.04,10188.0
2025-07-21 13:25:00,311.91,311.92,311.8501,311.91,4436.0
2025-07-21 13:30:00,311.88,311.96,311.61,311.93,284703.0
2025-07-21 13:35:00,311.91,312.16,311.71,312.06,222141.0
2025-07-21 13:40:00,312.09,312.2,312.005,312.1691,149253.0
2025-07-21 13:45:00,312.15,312.7099,312.14,312.3481,285293.0
2025-07-21 13:50:00,312.35,312.39,312.09,312.18,134685.0
2025-07-21 13:55:00,312.175,312.28,311.915,312.0601,158809.0
2025-07-21 14:00:00,312.05,312.15,311.88,312.09,308842.0
2025-07-21 14:05:00,312.07,312.42,312.04,312.37,262919.0
2025-07-21 14:10:00,312.38,312.6849,312.34,312.65,139715.0
2025-07-21 14:15:00,312.66,312.76,312.57,312.64,138704.0
2025-07-21 14:20:00,312.62,312.79,312.59,312.755,197657.0
2025-07-21 14:25:00,312.77,312.98,312.76,312.91,172107.0
2025-07-21 14:30:00,312.93,313.14,312.92,313.1199,162513.0
2025-07-21 14:35:00,313.09,313.19,313.07,313.135,132672.0
2025-07-21 14:40:00,313.14,313.31,313.02,313.1098,268891.0
2025-07-21 14:45:00,313.105,313.1258,312.89,313.0071,171915.0
2025-07-21 14:50:00,313.01,313.1391,312.955,313.1391,95243.0
2025-07-21 14:55:00,313.14,313.25,312.88,313.17,423370.0
2025-07-21 15:00:00,313.17,313.225,313.055,313.105,77035.0
2025-07-21 15:05:00,313.11,313.185,313.02,313.06,144094.0
2025-07-21 15:10:00,313.06,313.08,312.835,312.835,130330.0
2025-07-21 15:15:00,312.83,313.04,312.7115,313.03,102522.0
2025-07-21 15:20:00,313.02,313.235,312.995,313.22,137788.0
2025-07-21 15:25:00,313.215,313.25,313.115,313.16,265166.0
2025-07-21 15:30:00,313.17,313.213,313.0675,313.14,109873.0
2025-07-21 15:35:00,313.17,313.17,312.8,312.85,112526.0
2025-07-21 15:40:00,312.845,312.9601,312.8,312.8299,63722.0
2025-07-21 15:45:00,312.83,313.0898,312.83,313.03,82108.0
2025-07-21 15:50:00,313.015,313.08,312.905,312.9601,58941.0
2025-07-21 15:55:00,312.98,313.1082,312.95,312.97,68472.0
2025-07-21 16:00:00,312.98,313.08,312.91,312.96,61578.0
2025-07-22 09:30:00,311.82,311.82,311.82,311.82,204.0
2025-07-22 09:55:00,311.91,311.91,311.91,311.91,268.0
2025-07-22 10:15:00,311.92,311.92,311.92,311.92,101.0
2025-07-22 10:25:00,312.11,312.11,312.11,312.11,101.0
2025-07-22 10:50:00,311.95,311.95,311.95,311.95,197.0
2025-07-22 11:00:00,312.0,312.09,312.0,312.01,1890.0
2025-07-22 11:05:00,311.999,311.999,311.94,311.96,1506.0
2025-07-22 11:15:00,312.09,312.09,312.09,312.09,552.0
2025-07-22 11:20:00,312.05,312.05,312.05,312.05,537.0
2025-07-22 11:35:00,312.09,312.09,312.08,312.08,2595.0
2025-07-22 11:45:00,312.09,312.24,312.09,312.24,1986.0
2025-07-22 11:50:00,312.23,312.31,312.23,312.3,1859.0
2025-07-22 11:55:00,312.24,312.25,312.24,312.25,3100.0
2025-07-22 12:00:00,312.01,312.48,311.7,312.32,15040.0
2025-07-22 12:05:00,312.48,312.83,312.48,312.7655,2219.0
2025-07-22 12:10:00,312.57,312.648,312.51,312.53,2291.0
2025-07-22 12:15:00,312.67,312.71,312.6103,312.6103,6853.0
2025-07-22 12:20:00,312.8,313.09,312.8,313.09,7001.0
2025-07-22 12:25:00,313.12,313.2224,313.1,313.18,2517.0
2025-07-22 12:30:00,313.19,313.26,313.0,313.0,2013.0
2025-07-22 12:35:00,313.0,313.0,313.0,313.0,1393.0
2025-07-22 12:40:00,313.19,313.7995,313.19,313.58,9367.0
2025-07-22 12:45:00,313.43,313.45,313.43,313.45,674.0
2025-07-22 12:50:00,313.2,313.4,313.2,313.4,1607.0
2025-07-22 12:55:00,313.5,313.8,313.5,313.8,9106.0
2025-07-22 13:00:00,313.8,314.12,313.8,314.01,9990.0
2025-07-22 13:05:00,314.02,314.37,314.01,314.37,9417.0
2025-07-22 13:10:00,314.3,314.4,314.12,314.12,9917.0
2025-07-22 13:15:00,314.0,314.38,314.0,314.2196,6677.0
2025-07-22 13:20:00,314.26,314.5,314.22,314.36,8166.0
2025-07-22 13:25:00,314.38,314.59,314.38,314.55,12163.0
2025-07-22 13:30:00,314.48,314.78,314.47,314.602,353381.0
2025-07-22 13:35:00,314.61,314.65,314.33,314.64,146280.0
2025-07-22 13:40:00,314.65,314.82,314.6,314.68,241072.0
2025-07-22 13:45:00,314.69,314.99,314.69,314.895,412007.0
2025-07-22 13:50:00,314.9,315.03,314.66,314.67,314113.0
2025-07-22 13:55:00,314.69,314.69,314.21,314.2813,349444.0
2025-07-22 14:00:00,314.26,314.32,313.62,314.1694,336893.0
2025-07-22 14:05:00,314.17,314.31,313.92,314.19,196263.0
2025-07-22 14:10:00,314.18,314.66,314.14,314.58,105932.0
2025-07-22 14:15:00,314.59,314.85,314.58,314.71,138639.0
2025-07-22 14:20:00,314.7,315.04,314.64,314.98,194902.0
2025-07-22 14:25:00,314.97,315.3,314.95,315.16,358745.0
2025-07-22 14:30:00,315.15,315.645,315.14,315.39,335155.0
2025-07-22 14:35:00,315.39,315.72,315.29,315.5875,289139.0
2025-07-22 14:40:00,315.58,315.68,315.45,315.55,124309.0
2025-07-22 14:45:00,315.54,315.58,315.1602,315.46,229394.0
2025-07-22 14:50:00,315.46,315.67,315.45,315.62,143772.0
2025-07-22 14:55:00,315.6504,315.7,315.52,315.565,161986.0
2025-07-22 15:00:00,315.56,315.89,315.35,315.88,357689.0
2025-07-22 15:05:00,315.88,315.97,315.56,315.58,186943.0
2025-07-22 15:10:00,315.59,315.81,315.42,315.71,148040.0
2025-07-22 15:15:00,315.72,315.75,315.42,315.495,160433.0
2025-07-22 15:20:00,315.505,315.73,315.5,315.69,101806.0
2025-07-22 15:25:00,315.67,315.71,315.49,315.49,69116.0
2025-07-22 15:30:00,315.48,315.618,315.385,315.4,117702.0
2025-07-22 15:35:00,315.3907,315.65,315.3907,315.57,98393.0
2025-07-22 15:40:00,315.58,315.63,315.36,315.415,84074.0
2025-07-22 15:45:00,315.41,315.54,315.36,315.439,48870.0
2025-07-22 15:50:00,315.42,315.57,315.32,315.55,128775.0
2025-07-22 15:55:00,315.54,315.65,315.51,315.585,62244.0
2025-07-22 16:00:00,315.59,315.69,315.55,315.64,81484.0
2025-07-23 09:30:00,316.01,316.01,316.01,316.01,104.0
2025-07-23 09:35:00,316.14,316.33,316.14,316.33,577.0
2025-07-23 09:45:00,316.06,316.06,316.01,316.01,278.0
2025-07-23 09:55:00,316.01,316.01,316.01,316.01,153.0
2025-07-23 10:00:00,316.05,316.05,316.05,316.05,597.0
2025-07-23 10:05:00,315.7,315.7,315.7,315.7,101.0
2025-07-23 10:15:00,315.41,315.41,315.25,315.25,502.0
2025-07-23 10:20:00,315.31,315.31,315.31,315.31,203.0
2025-07-23 10:30:00,315.14,315.14,315.14,315.14,554.0
2025-07-23 10:35:00,315.3,315.3,315.3,315.3,1086.0
2025-07-23 10:40:00,315.51,315.51,315.51,315.51,107.0
2025-07-23 10:45:00,315.2,315.2,315.2,315.2,375.0
2025-07-23 10:50:00,315.19,315.24,315.19,315.23,359.0
2025-07-23 11:00:00,315.24,315.25,315.1,315.19,1295.0
2025-07-23 11:05:00,315.11,315.11,315.04,315.04,1111.0
2025-07-23 11:15:00,315.11,315.11,315.01,315.01,3583.0
2025-07-23 11:20:00,315.06,315.27,315.06,315.27,1878.0
2025-07-23 11:25:00,315.25,315.43,315.25,315.39,2623.0
2025-07-23 11:30:00,315.49,315.67,315.49,315.67,575.0
2025-07-23 11:35:00,315.65,315.65,315.65,315.65,710.0
2025-07-23 11:40:00,315.77,315.79,315.53,315.62,2121.0
2025-07-23 11:45:00,315.89,315.9,315.89,315.9,3500.0
2025-07-23 11:55:00,315.77,315.83,315.77,315.77,362.0
2025-07-23 12:00:00,315.7,315.91,314.64,315.91,43092.0
2025-07-23 12:05:00,315.95,315.99,315.78,315.78,11608.0
2025-07-23 12:10:00,315.71,315.71,315.7,315.7,270.0
2025-07-23 12:15:00,315.62,315.68,315.62,315.68,728.0
2025-07-23 12:20:00,315.38,315.38,315.38,315.38,503.0
2025-07-23 12:25:00,315.35,315.48,315.24,315.3902,1345.0
2025-07-23 12:30:00,315.48,315.6,315.4,315.4,997.0
2025-07-23 12:35:00,315.4,315.42,315.29,315.4112,1145.0
2025-07-23 12:40:00,315.5,315.59,315.5,315.5,2628.0
2025-07-23 12:45:00,315.6,315.6,315.6,315.6,482.0
2025-07-23 12:50:00,315.29,315.3,315.11,315.11,3196.0
2025-07-23 12:55:00,315.07,315.14,315.0,315.14,4876.0
2025-07-23 13:00:00,314.9,314.9,314.35,314.39,11413.0
2025-07-23 13:05:00,314.47,314.51,314.33,314.37,6274.0
2025-07-23 13:10:00,314.58,314.67,314.45,314.52,12238.0
2025-07-23 13:15:00,314.65,314.65,314.47,314.48,4746.0
2025-07-23 13:20:00,314.46,314.51,313.93,314.1999,14705.0
2025-07-23 13:25:00,314.18,314.24,313.92,313.98,10607.0
2025-07-23 13:30:00,314.0,314.15,313.66,313.7,247221.0
2025-07-23 13:35:00,313.71,314.05,313.7,313.8,127409.0
2025-07-23 13:40:00,313.775,314.31,313.735,314.29,85144.0
2025-07-23 13:45:00,314.28,314.4104,314.2202,314.29,132644.0
2025-07-23 13:50:00,314.26,314.4688,314.21,314.4,139206.0
2025-07-23 13:55:00,314.38,314.465,314.28,314.4,117824.0
2025-07-23 14:00:00,314.39,314.7,314.36,314.665,154274.0
2025-07-23 14:05:00,314.68,314.955,314.68,314.92,94169.0
2025-07-23 14:10:00,314.92,314.96,314.62,314.67,135252.0
2025-07-23 14:15:00,314.67,314.68,314.42,314.48,113223.0
2025-07-23 14:20:00,314.485,314.4904,314.26,314.3,129735.0
2025-07-23 14:25:00,314.3,314.34,314.108963,314.24,178696.0
2025-07-23 14:30:00,314.24,314.49,314.13,314.49,118473.0
2025-07-23 14:35:00,314.49,314.64,314.41,314.635,106988.0
2025-07-23 14:40:00,314.64,314.665,314.43,314.45,71827.0
2025-07-23 14:45:00,314.45,314.59,314.3102,314.355,53576.0
2025-07-23 14:50:00,314.34,314.43,314.21,314.4,83328.0
2025-07-23 14:55:00,314.42,314.49,314.21,314.36,105952.0
2025-07-23 15:00:00,314.3796,314.3796,314.07,314.1,55275.0
2025-07-23 15:05:00,314.0898,314.4304,314.0898,314.425,71445.0
2025-07-23 15:10:00,314.41,314.54,314.37,314.515,84972.0
2025-07-23 15:15:00,314.525,314.58,314.22,314.3,76137.0
2025-07-23 15:20:00,314.28,314.385,314.25,314.3514,52795.0
2025-07-23 15:25:00,314.37,314.39,314.22,314.25,42638.0
2025-07-23 15:30:00,314.28,314.36,314.22,314.23,43305.0
2025-07-23 15:35:00,314.21,314.285,314.1396,314.1752,76410.0
2025-07-23 15:40:00,314.18,314.205,314.04,314.075,177708.0
2025-07-23 15:45:00,314.07,314.13,313.905,313.9099,125252.0
2025-07-23 15:50:00,313.91,314.1101,313.765,313.8,155345.0
2025-07-23 15:55:00,313.75,313.81,312.94,312.94,478379.0
2025-07-23 16:00:00,312.93,312.94,311.8,311.89,707654.0
2025-07-24 09:30:00,309.7,309.8,309.57,309.8,1751.0
2025-07-24 09:35:00,309.81,309.85,309.8,309.8,565.0
2025-07-24 09:40:00,309.64,309.64,309.64,309.64,258.0
2025-07-24 09:50:00,309.64,309.68,309.59,309.68,1995.0
2025-07-24 09:55:00,309.61,309.63,309.61,309.63,297.0
2025-07-24 10:05:00,309.7,309.7,309.7,309.7,101.0
2025-07-24 10:20:00,309.75,309.85,309.75,309.85,329.0
2025-07-24 10:30:00,309.66,309.66,309.65,309.65,460.0
2025-07-24 10:40:00,309.67,309.67,309.65,309.65,864.0
2025-07-24 10:45:00,310.01,310.08,309.99,310.08,694.0
2025-07-24 10:50:00,309.92,309.92,309.85,309.85,3565.0
2025-07-24 11:00:00,309.81,309.81,309.76,309.76,1157.0
2025-07-24 11:05:00,309.86,309.86,309.84,309.84,213.0
2025-07-24 11:10:00,309.78,309.78,309.78,309.78,301.0
2025-07-24 11:15:00,309.88,310.0,309.88,309.99,2642.0
2025-07-24 11:20:00,309.78,309.78,309.75,309.75,2792.0
2025-07-24 11:25:00,309.7,309.7,309.7,309.7,1852.0
2025-07-24 11:30:00,309.62,309.62,309.5,309.52,3033.0
2025-07-24 11:35:00,309.82,309.82,309.82,309.82,1107.0
2025-07-24 11:40:00,309.82,309.82,309.57,309.57,4846.0
2025-07-24 11:45:00,309.59,309.62,309.55,309.62,3543.0
2025-07-24 11:50:00,309.61,309.77,309.6,309.6,8086.0
2025-07-24 11:55:00,309.7,309.7,309.7,309.7,625.0
2025-07-24 12:00:00,309.7,311.56,309.18,309.44,35589.0
2025-07-24 12:05:00,309.4501,309.7,309.4501,309.69,1041.0
2025-07-24 12:10:00,309.7,309.7,309.56,309.56,1333.0
2025-07-24 12:15:00,309.52,309.65,309.52,309.6,4124.0
2025-07-24 12:20:00,309.57,309.66,309.51,309.66,719.0
2025-07-24 12:25:00,309.65,309.68,309.57,309.57,1488.0
2025-07-24 12:30:00,309.51,309.51,309.4,309.47,818.0
2025-07-24 12:35:00,309.64,309.81,309.58,309.58,4453.0
2025-07-24 12:40:00,309.4,309.4,309.21,309.38,2142.0
2025-07-24 12:45:00,309.3,309.42,308.9099,308.9099,10116.0
2025-07-24 12:50:00,308.85,308.93,308.7199,308.7199,4828.0
2025-07-24 12:55:00,308.88,308.88,308.73,308.75,2528.0
2025-07-24 13:00:00,308.75,308.98,308.6,308.98,21644.0
2025-07-24 13:05:00,308.9699,309.27,308.9,309.27,15716.0
2025-07-24 13:10:00,309.2,309.3099,309.12,309.2,2593.0
2025-07-24 13:15:00,309.13,309.2,309.0,309.0,9371.0
2025-07-24 13:20:00,308.9999,309.14,308.9999,309.0801,2174.0
2025-07-24 13:25:00,309.11,309.43,309.11,309.26,7727.0
2025-07-24 13:30:00,309.29,309.44,309.06,309.3692,306982.0
2025-07-24 13:35:00,309.38,309.76,309.2489,309.7497,204627.0
2025-07-24 13:40:00,309.72,310.14,309.68,310.0572,196547.0
2025-07-24 13:45:00,310.03,310.51,309.86,310.48,214661.0
2025-07-24 13:50:00,310.47,310.48,310.14,310.2,224013.0
2025-07-24 13:55:00,310.2,310.35,309.86,310.0448,190920.0
2025-07-24 14:00:00,310.02,310.29,309.89,310.03,170761.0
2025-07-24 14:05:00,310.0556,310.24,309.905,310.13,143608.0
2025-07-24 14:10:00,310.15,310.44,310.14,310.3952,112512.0
2025-07-24 14:15:00,310.39,310.7151,310.26,310.6571,149974.0
2025-07-24 14:20:00,310.67,310.705,310.475,310.525,98100.0
2025-07-24 14:25:00,310.5601,310.62,310.47,310.59,168453.0
2025-07-24 14:30:00,310.6,310.85,310.59,310.71,212901.0
2025-07-24 14:35:00,310.72,310.94,310.69,310.93,97913.0
2025-07-24 14:40:00,310.94,310.99,310.79,310.89,101177.0
2025-07-24 14:45:00,310.88,310.885,310.71,310.83,75116.0
2025-07-24 14:50:00,310.81,310.9,310.66,310.83,76053.0
2025-07-24 14:55:00,310.83,310.83,310.53,310.67,137391.0
2025-07-24 15:00:00,310.66,310.68,310.4445,310.56,93015.0
2025-07-24 15:05:00,310.565,310.73,310.53,310.5701,85328.0
2025-07-24 15:10:00,310.56,310.635,310.39,310.39,126714.0
2025-07-24 15:15:00,310.4,310.55,310.345,310.53,110138.0
2025-07-24 15:20:00,310.5,310.71,310.3599,310.7052,60628.0
2025-07-24 15:25:00,310.69,310.78,310.63,310.74,76249.0
2025-07-24 15:30:00,310.75,310.81,310.64,310.6593,79138.0
2025-07-24 15:35:00,310.6452,310.75,310.61,310.6307,52104.0
2025-07-24 15:40:00,310.64,310.755,310.61,310.6399,43941.0
2025-07-24 15:45:00,310.625,310.69,310.5299,310.535,71529.0
2025-07-24 15:50:00,310.55,310.55,310.405,310.5147,32441.0
2025-07-24 15:55:00,310.52,310.61,310.52,310.56,35277.0
2025-07-24 16:00:00,310.55,310.67,310.525,310.63,32825.0
2025-07-25 09:30:00,308.33,308.41,308.33,308.41,501.0
2025-07-25 09:35:00,308.35,308.38,308.35,308.38,814.0
2025-07-25 09:40:00,308.3,308.3,308.3,308.3,240.0
2025-07-25 10:05:00,308.24,308.24,308.23,308.23,230.0
2025-07-25 10:15:00,308.15,308.2,308.15,308.2,606.0
2025-07-25 10:30:00,307.92,307.92,307.92,307.92,541.0
2025-07-25 10:45:00,307.91,307.91,307.91,307.91,588.0
2025-07-25 10:50:00,307.91,307.91,307.91,307.91,500.0
2025-07-25 10:55:00,307.85,307.85,307.8,307.8,726.0
2025-07-25 11:00:00,307.91,308.07,307.91,308.07,1386.0
2025-07-25 11:05:00,308.05,308.05,307.86,308.03,1569.0
2025-07-25 11:10:00,307.93,307.93,307.84,307.84,3926.0
2025-07-25 11:15:00,307.85,307.85,307.72,307.72,3207.0
2025-07-25 11:20:00,307.75,307.79,307.71,307.71,1212.0
2025-07-25 11:25:00,307.71,307.73,307.59,307.59,14156.0
2025-07-25 11:30:00,307.62,307.62,307.52,307.52,418.0
2025-07-25 11:35:00,307.66,307.66,307.6,307.6,2432.0
2025-07-25 11:40:00,307.59,307.59,307.5,307.55,4234.0
2025-07-25 11:50:00,307.93,307.93,307.85,307.85,1215.0
2025-07-25 11:55:00,307.65,307.72,307.65,307.68,5539.0
2025-07-25 12:00:00,307.52,309.54,307.52,307.75,32265.0
2025-07-25 12:05:00,307.73,307.85,307.73,307.85,1475.0
2025-07-25 12:10:00,307.85,307.93,307.68,307.68,1477.0
2025-07-25 12:15:00,307.95,308.0,307.95,307.98,737.0
2025-07-25 12:20:00,308.01,308.01,307.6,307.6266,3827.0
2025-07-25 12:25:00,307.71,307.8,307.71,307.8,1211.0
2025-07-25 12:30:00,307.71,307.8346,307.5,307.5,14023.0
2025-07-25 12:35:00,307.58,307.58,307.44,307.51,3074.0
2025-07-25 12:40:00,307.45,307.5,307.27,307.37,16930.0
2025-07-25 12:45:00,307.79,307.79,307.3001,307.3001,2991.0
2025-07-25 12:50:00,307.54,307.54,307.35,307.5,8826.0
2025-07-25 12:55:00,307.46,307.7,307.46,307.7,4401.0
2025-07-25 13:00:00,307.67,307.7,307.46,307.46,4192.0
2025-07-25 13:05:00,307.7,307.8483,307.45,307.81,5100.0
2025-07-25 13:10:00,307.58,307.58,307.43,307.5,7250.0
2025-07-25 13:15:00,307.48,307.55,307.31,307.47,14878.0
2025-07-25 13:20:00,307.5499,307.76,307.34,307.76,6240.0
2025-07-25 13:25:00,307.76,307.86,307.72,307.85,3217.0
2025-07-25 13:30:00,307.82,308.1799,307.77,308.0686,211906.0
2025-07-25 13:35:00,308.08,308.31,307.98,308.01,249974.0
2025-07-25 13:40:00,307.99,308.05,307.58,307.62,216170.0
2025-07-25 13:45:00,307.63,308.05,307.63,307.96,98441.0
2025-07-25 13:50:00,307.97,308.0598,307.85,308.0,95372.0
2025-07-25 13:55:00,308.02,308.12,307.94,307.97,118830.0
2025-07-25 14:00:00,307.97,308.05,307.79,307.97,168747.0
2025-07-25 14:05:00,307.95,308.03,307.75,307.8148,89281.0
2025-07-25 14:10:00,307.79,307.805,307.58,307.595,183284.0
2025-07-25 14:15:00,307.58,307.615,307.04,307.245,337380.0
2025-07-25 14:20:00,307.25,307.5299,307.16,307.43,234268.0
2025-07-25 14:25:00,307.43,307.5,307.32,307.4,124877.0
2025-07-25 14:30:00,307.4,307.47,307.295,307.3,134596.0
2025-07-25 14:35:00,307.27,307.34,306.89,306.94,294266.0
2025-07-25 14:40:00,306.94,307.35,306.94,307.24,144736.0
2025-07-25 14:45:00,307.24,307.255,306.93,306.935,190763.0
2025-07-25 14:50:00,306.91,307.11,306.71,306.93,268887.0
2025-07-25 14:55:00,306.91,307.04,306.82,306.84,161168.0
2025-07-25 15:00:00,306.84,306.92,306.5,306.735,291565.0
2025-07-25 15:05:00,306.74,306.97,306.68,306.97,176176.0
2025-07-25 15:10:00,306.975,307.02,306.77,306.885,134053.0
2025-07-25 15:15:00,306.88,307.21,306.845,307.01,150803.0
2025-07-25 15:20:00,306.99,307.035,306.84,306.93,88213.0
2025-07-25 15:25:00,306.93,306.98,306.66,306.695,168459.0
2025-07-25 15:30:00,306.69,306.76,306.53,306.71,169580.0
2025-07-25 15:35:00,306.7,306.88,306.62,306.66,85545.0
2025-07-25 15:40:00,306.67,306.67,306.2,306.39,257591.0
2025-07-25 15:45:00,306.4,306.64,306.36,306.55,141084.0
2025-07-25 15:50:00,306.52,306.6,306.44,306.53,111692.0
2025-07-25 15:55:00,306.525,306.62,306.45,306.47,72458.0
2025-07-25 16:00:00,306.46,306.63,306.36,306.56,101851.0
2025-07-28 09:45:00,307.38,307.38,307.38,307.38,783.0
2025-07-28 09:50:00,307.26,307.26,307.26,307.26,500.0
2025-07-28 09:55:00,307.35,307.35,307.35,307.35,209.0
2025-07-28 10:05:00,307.26,307.26,307.26,307.26,201.0
2025-07-28 10:15:00,307.26,307.26,307.2,307.2,889.0
2025-07-28 10:20:00,307.3,307.3,307.3,307.3,200.0
2025-07-28 10:30:00,307.27,307.27,307.27,307.27,511.0
2025-07-28 10:35:00,307.13,307.13,307.13,307.13,434.0
2025-07-28 10:40:00,307.24,307.24,307.24,307.24,109.0
2025-07-28 10:45:00,307.28,307.28,307.28,307.28,175.0
2025-07-28 10:55:00,307.23,307.23,307.23,307.23,634.0
2025-07-28 11:00:00,307.25,307.28,307.25,307.28,1681.0
2025-07-28 11:05:00,307.34,307.34,307.22,307.22,1692.0
2025-07-28 11:15:00,307.2,307.2,307.18,307.18,599.0
2025-07-28 11:20:00,307.2,307.25,307.17,307.25,1475.0
2025-07-28 11:25:00,307.14,307.14,307.14,307.14,235.0
2025-07-28 11:30:00,307.19,307.23,307.19,307.2,1725.0
2025-07-28 11:40:00,307.2,307.2,307.15,307.15,629.0
2025-07-28 11:45:00,307.37,307.38,307.37,307.38,682.0
2025-07-28 11:55:00,307.25,307.25,307.25,307.25,1521.0
2025-07-28 12:00:00,307.27,307.96,306.85,307.4538,23080.0
2025-07-28 12:05:00,307.44,307.45,307.44,307.44,869.0
2025-07-28 12:10:00,307.2,307.2,307.0,307.0,1789.0
2025-07-28 12:15:00,306.88,306.88,306.7663,306.7663,1215.0
2025-07-28 12:25:00,306.77,306.77,306.6,306.6,7696.0
2025-07-28 12:30:00,306.58,306.59,306.4,306.59,9002.0
2025-07-28 12:35:00,306.4285,306.4285,306.4285,306.4285,209.0
2025-07-28 12:40:00,306.42,306.45,306.39,306.45,1315.0
2025-07-28 12:45:00,306.41,306.41,306.35,306.35,762.0
2025-07-28 12:50:00,306.38,306.56,306.26,306.55,4591.0
2025-07-28 12:55:00,306.582,306.582,306.5,306.54,1075.0
2025-07-28 13:00:00,306.53,306.7,306.501,306.67,4420.0
2025-07-28 13:05:00,306.57,306.63,306.53,306.63,2519.0
2025-07-28 13:10:00,306.59,306.66,306.59,306.66,470.0
2025-07-28 13:15:00,306.6,306.68,306.59,306.68,2004.0
2025-07-28 13:20:00,306.61,306.66,306.5,306.66,3660.0
2025-07-28 13:25:00,306.54,306.54,306.37,306.43,4863.0
2025-07-28 13:30:00,306.44,306.58,305.97,306.14,234808.0
2025-07-28 13:35:00,306.1,306.38,306.01,306.2722,188169.0
2025-07-28 13:40:00,306.27,306.41,305.9225,305.9275,186832.0
2025-07-28 13:45:00,305.92,305.96,305.43,305.51,301804.0
2025-07-28 13:50:00,305.48,305.59,304.41,304.485,626410.0
2025-07-28 13:55:00,304.4607,304.78,304.06,304.0996,367544.0
2025-07-28 14:00:00,304.08,304.72,304.05,304.565,353825.0
2025-07-28 14:05:00,304.565,304.6,304.32,304.38,199056.0
2025-07-28 14:10:00,304.36,304.7003,304.31,304.665,113012.0
2025-07-28 14:15:00,304.68,304.8501,304.59,304.65,149990.0
2025-07-28 14:20:00,304.68,304.88,304.53,304.77,125748.0
2025-07-28 14:25:00,304.8,305.205,304.62,304.9802,197909.0
2025-07-28 14:30:00,304.98,305.17,304.94,304.98,104292.0
2025-07-28 14:35:00,304.98,305.05,304.67,304.92,100559.0
2025-07-28 14:40:00,304.89,305.09,304.89,305.08,78758.0
2025-07-28 14:45:00,305.1,305.26,304.98,305.01,111413.0
2025-07-28 14:50:00,305.01,305.02,304.79,304.84,248985.0
2025-07-28 14:55:00,304.81,304.81,304.449,304.63,104682.0
2025-07-28 15:00:00,304.63,304.77,304.5,304.73,92414.0
2025-07-28 15:05:00,304.7203,304.85,304.66,304.75,71187.0
2025-07-28 15:10:00,304.7687,304.93,304.7687,304.81,41955.0
2025-07-28 15:15:00,304.81,304.92,304.74,304.84,39684.0
2025-07-28 15:20:00,304.87,305.11,304.77,305.11,88753.0
2025-07-28 15:25:00,305.11,305.29,305.08,305.16,57384.0
2025-07-28 15:30:00,305.1875,305.45,305.11,305.35,70991.0
2025-07-28 15:35:00,305.37,305.495,305.33,305.39,68189.0
2025-07-28 15:40:00,305.43,305.43,305.33,305.33,34496.0
2025-07-28 15:45:00,305.32,305.34,305.195,305.255,74290.0
2025-07-28 15:50:00,305.245,305.39,305.19,305.23,53477.0
2025-07-28 15:55:00,305.24,305.333,305.24,305.28,134835.0
2025-07-28 16:00:00,305.26,305.27,305.12,305.1701,51313.0
2025-07-29 09:30:00,306.22,306.22,306.14,306.14,4846.0
2025-07-29 09:35:00,306.26,306.36,306.26,306.36,1637.0
2025-07-29 09:50:00,306.5,306.5,306.5,306.5,757.0
2025-07-29 09:55:00,306.34,306.34,306.27,306.27,4178.0
2025-07-29 10:00:00,306.28,306.28,306.2,306.2,1235.0
2025-07-29 10:05:00,306.12,306.12,306.12,306.12,210.0
2025-07-29 10:15:00,306.07,306.07,306.06,306.07,300.0
2025-07-29 10:30:00,306.18,306.24,306.18,306.24,607.0
2025-07-29 10:40:00,306.15,306.15,306.14,306.15,304.0
2025-07-29 10:45:00,306.2,306.2,306.12,306.12,4671.0
2025-07-29 10:50:00,306.08,306.08,306.08,306.08,416.0
2025-07-29 10:55:00,306.08,306.08,306.06,306.06,674.0
2025-07-29 11:00:00,305.86,305.86,305.8,305.8,2350.0
2025-07-29 11:05:00,305.61,305.72,305.61,305.72,254.0
2025-07-29 11:10:00,305.68,305.68,305.57,305.66,1322.0
2025-07-29 11:15:00,305.72,305.72,305.72,305.72,208.0
2025-07-29 11:20:00,305.7,305.7,305.7,305.7,204.0
2025-07-29 11:35:00,305.68,305.68,305.51,305.51,2193.0
2025-07-29 11:40:00,305.39,305.4,305.39,305.4,874.0
2025-07-29 11:45:00,305.5,305.6,305.5,305.6,1947.0
2025-07-29 11:50:00,305.5,305.52,305.5,305.5,385.0
2025-07-29 11:55:00,305.41,305.41,305.36,305.36,2113.0
2025-07-29 12:00:00,305.39,306.4,305.0,305.56,18329.0
2025-07-29 12:05:00,305.71,305.71,305.71,305.71,275.0
2025-07-29 12:10:00,305.81,305.81,305.75,305.75,1244.0
2025-07-29 12:15:00,305.75,305.75,305.7,305.7,786.0
2025-07-29 12:20:00,305.57,305.93,305.57,305.93,6708.0
2025-07-29 12:25:00,305.93,305.97,305.93,305.97,569.0
2025-07-29 12:30:00,305.7,305.7,305.7,305.7,203.0
2025-07-29 12:45:00,305.97,306.0,305.92,305.92,1424.0
2025-07-29 12:50:00,306.0,306.05,305.99,305.99,942.0
2025-07-29 13:00:00,305.98,306.0,305.98,306.0,644.0
2025-07-29 13:05:00,305.88,305.88,305.88,305.88,586.0
2025-07-29 13:10:00,305.8113,305.8113,305.8113,305.8113,214.0
2025-07-29 13:15:00,305.97,305.97,305.97,305.97,219.0
2025-07-29 13:20:00,305.94,305.94,305.94,305.94,694.0
2025-07-29 13:25:00,305.98,305.98,305.7,305.82,5026.0
2025-07-29 13:30:00,305.8,305.89,305.27,305.29,162427.0
2025-07-29 13:35:00,305.29,305.55,305.09,305.42,192597.0
2025-07-29 13:40:00,305.41,305.825,305.31,305.74,98186.0
2025-07-29 13:45:00,305.75,305.81,305.27,305.36,94706.0
2025-07-29 13:50:00,305.37,305.56,305.21,305.56,125833.0
2025-07-29 13:55:00,305.58,305.6024,305.4,305.48,45775.0
2025-07-29 14:00:00,305.54,305.68,305.1,305.1,65272.0
2025-07-29 14:05:00,305.07,305.48,304.985,305.4,134735.0
2025-07-29 14:10:00,305.41,305.56,305.25,305.535,56469.0
2025-07-29 14:15:00,305.56,305.74,305.5,305.6,47389.0
2025-07-29 14:20:00,305.61,306.14,305.61,306.03,141591.0
2025-07-29 14:25:00,306.07,306.19,306.0,306.1666,167402.0
2025-07-29 14:30:00,306.13,306.2,306.01,306.16,86699.0
2025-07-29 14:35:00,306.15,306.46,306.15,306.29,96290.0
2025-07-29 14:40:00,306.295,306.49,306.2396,306.4,115999.0
2025-07-29 14:45:00,306.41,306.62,306.35,306.49,76619.0
2025-07-29 14:50:00,306.5,306.53,306.36,306.43,81772.0
2025-07-29 14:55:00,306.4425,306.54,306.34,306.54,72825.0
2025-07-29 15:00:00,306.55,306.78,306.37,306.77,71775.0
2025-07-29 15:05:00,306.79,307.03,306.74,306.78,107771.0
2025-07-29 15:10:00,306.78,306.83,306.59,306.625,87041.0
2025-07-29 15:15:00,306.6354,306.69,306.4,306.5196,116139.0
2025-07-29 15:20:00,306.51,306.59,306.32,306.35,78192.0
2025-07-29 15:25:00,306.34,306.3593,306.14,306.24,64870.0
2025-07-29 15:30:00,306.27,306.36,306.06,306.128,164224.0
2025-07-29 15:35:00,306.1401,306.19,306.02,306.1447,65912.0
2025-07-29 15:40:00,306.14,306.19,305.945,305.97,74644.0
2025-07-29 15:45:00,305.96,306.075,305.77,305.92,93628.0
2025-07-29 15:50:00,305.94,305.9799,305.77,305.77,52337.0
2025-07-29 15:55:00,305.75,305.85,305.7097,305.8,53768.0
2025-07-29 16:00:00,305.8,305.9,305.6601,305.83,45485.0
2025-07-30 09:30:00,306.82,306.83,306.82,306.83,438.0
2025-07-30 09:35:00,306.67,306.67,306.67,306.67,193.0
2025-07-30 09:40:00,306.73,306.74,306.73,306.74,500.0
2025-07-30 09:45:00,306.73,306.78,306.72,306.72,2086.0
2025-07-30 09:55:00,306.9,306.9,306.79,306.79,968.0
2025-07-30 10:00:00,306.82,306.82,306.6,306.6,762.0
2025-07-30 10:10:00,306.6,306.74,306.58,306.62,2407.0
2025-07-30 10:15:00,306.74,306.74,306.74,306.74,504.0
2025-07-30 10:30:00,306.62,306.62,306.6,306.62,724.0
2025-07-30 10:40:00,306.47,306.47,306.47,306.47,712.0
2025-07-30 10:45:00,306.53,306.53,306.53,306.53,137.0
2025-07-30 11:00:00,306.62,306.82,306.61,306.77,2389.0
2025-07-30 11:10:00,306.3,306.3,306.3,306.3,386.0
2025-07-30 11:25:00,306.58,306.58,306.53,306.53,209.0
2025-07-30 11:30:00,306.5,306.5,306.49,306.49,301.0
2025-07-30 11:35:00,306.51,306.51,306.46,306.46,1800.0
2025-07-30 11:40:00,306.35,306.39,306.3,306.3,3452.0
2025-07-30 11:50:00,306.31,306.4,306.31,306.4,609.0
2025-07-30 12:00:00,306.16,306.85,306.16,306.85,6743.0
2025-07-30 12:05:00,306.8499,306.8499,306.73,306.73,370.0
2025-07-30 12:15:00,306.42,306.44,306.32,306.32,1458.0
2025-07-30 12:20:00,306.51,306.69,306.5,306.55,7304.0
2025-07-30 12:25:00,306.79,306.79,306.3,306.3,1842.0
2025-07-30 12:30:00,306.32,306.44,306.0,306.02,9276.0
2025-07-30 12:35:00,306.0014,306.0014,306.0014,306.0014,226.0
2025-07-30 12:40:00,306.07,306.17,306.0,306.0347,1764.0
2025-07-30 12:45:00,306.0001,306.0001,305.7,305.7,6091.0
2025-07-30 12:50:00,305.7,305.7,305.12,305.12,16494.0
2025-07-30 12:55:00,305.13,305.14,305.0,305.14,7834.0
2025-07-30 13:00:00,305.12,305.27,305.01,305.05,6545.0
2025-07-30 13:05:00,305.0,305.2,304.85,305.01,5020.0
2025-07-30 13:10:00,305.1,305.1,304.69,304.72,24136.0
2025-07-30 13:15:00,304.75,304.95,304.58,304.95,53967.0
2025-07-30 13:20:00,304.96,304.96,304.72,304.72,10610.0
2025-07-30 13:25:00,304.72,304.8,304.29,304.33,14611.0
2025-07-30 13:30:00,304.42,304.65,304.035,304.58,256955.0
2025-07-30 13:35:00,304.52,304.61,304.19,304.28,169725.0
2025-07-30 13:40:00,304.27,304.4,303.97,304.17,213790.0
2025-07-30 13:45:00,304.18,304.4941,304.16,304.445,137861.0
2025-07-30 13:50:00,304.45,304.455,303.97,304.0375,143552.0
2025-07-30 13:55:00,304.05,304.2,303.74,304.18,190236.0
2025-07-30 14:00:00,304.2,304.36,304.13,304.2099,223504.0
2025-07-30 14:05:00,304.18,304.54,304.18,304.5,197501.0
2025-07-30 14:10:00,304.5,304.65,304.4064,304.48,120859.0
2025-07-30 14:15:00,304.46,304.48,304.28,304.42,132688.0
2025-07-30 14:20:00,304.41,304.54,304.18,304.1999,146565.0
2025-07-30 14:25:00,304.2,304.22,304.05,304.06,77854.0
2025-07-30 14:30:00,304.07,304.15,304.02,304.09,69706.0
2025-07-30 14:35:00,304.09,304.3,304.07,304.2007,124925.0
2025-07-30 14:40:00,304.205,304.39,304.14,304.32,104539.0
2025-07-30 14:45:00,304.32,304.475,304.2596,304.27,67836.0
2025-07-30 14:50:00,304.28,304.28,304.08,304.15,39918.0
2025-07-30 14:55:00,304.14,304.17,304.04,304.1074,52414.0
2025-07-30 15:00:00,304.0953,304.2,304.05,304.06,268934.0
2025-07-30 15:05:00,304.06,304.06,303.91,303.9191,71793.0
2025-07-30 15:10:00,303.92,304.01,303.79,303.94,81761.0
2025-07-30 15:15:00,303.95,303.98,303.73,303.75,44295.0
2025-07-30 15:20:00,303.73,303.74,303.02,303.29,358429.0
2025-07-30 15:25:00,303.265,303.2899,303.04,303.22,330164.0
2025-07-30 15:30:00,303.22,303.24,302.94,303.03,156932.0
2025-07-30 15:35:00,303.015,303.17,302.83,303.11,147662.0
2025-07-30 15:40:00,303.1,303.27,303.06,303.22,70952.0
2025-07-30 15:45:00,303.23,303.3201,303.11,303.14,172511.0
2025-07-30 15:50:00,303.15,303.17,302.98,303.01,99595.0
2025-07-30 15:55:00,303.01,303.035,302.9,303.01,121873.0
2025-07-30 16:00:00,303.01,303.33,302.97,303.32,133681.0
2025-07-31 09:30:00,304.36,304.36,304.36,304.36,100.0
2025-07-31 09:35:00,304.42,304.42,304.42,304.42,302.0
2025-07-31 09:40:00,304.38,304.38,304.38,304.38,256.0
2025-07-31 09:45:00,304.44,304.5,304.4,304.5,909.0
2025-07-31 09:50:00,304.54,304.54,304.53,304.53,207.0
2025-07-31 09:55:00,304.56,304.56,304.55,304.56,305.0
2025-07-31 10:10:00,304.39,304.41,304.39,304.41,857.0
2025-07-31 10:15:00,304.26,304.26,304.26,304.26,353.0
2025-07-31 10:20:00,304.11,304.11,304.11,304.11,110.0
2025-07-31 10:25:00,304.25,304.32,304.18,304.19,1406.0
2025-07-31 10:30:00,304.36,304.41,304.36,304.4,1403.0
2025-07-31 10:35:00,304.0,304.03,304.0,304.03,1271.0
2025-07-31 10:45:00,303.74,303.79,303.74,303.78,1091.0
2025-07-31 10:50:00,303.7,303.7,303.5,303.5,1293.0
2025-07-31 10:55:00,303.4,303.49,303.4,303.49,857.0
2025-07-31 11:00:00,303.57,303.57,303.57,303.57,507.0
2025-07-31 11:05:00,303.7,303.82,303.7,303.82,486.0
2025-07-31 11:10:00,303.92,304.05,303.87,303.9,3551.0
2025-07-31 11:15:00,303.86,304.0,303.86,304.0,8268.0
2025-07-31 11:20:00,304.0,304.08,304.0,304.08,839.0
2025-07-31 11:25:00,304.11,304.12,304.0,304.06,1678.0
2025-07-31 11:30:00,304.05,304.25,304.05,304.25,1262.0
2025-07-31 11:35:00,304.49,304.5,304.35,304.35,2465.0
2025-07-31 11:40:00,304.26,304.3,304.22,304.3,623.0
2025-07-31 11:45:00,304.27,304.27,304.27,304.27,106.0
2025-07-31 11:50:00,304.4,304.45,304.35,304.44,806.0
2025-07-31 11:55:00,304.33,304.5,304.33,304.5,1805.0
2025-07-31 12:00:00,303.44,305.1,303.33,304.32,28986.0
2025-07-31 12:05:00,304.0166,304.34,304.0166,304.3,5084.0
2025-07-31 12:10:00,304.3,304.469,304.3,304.45,2567.0
2025-07-31 12:15:00,304.5484,304.5484,304.32,304.32,1110.0
2025-07-31 12:20:00,304.2,304.5,304.2,304.5,1759.0
2025-07-31 12:25:00,304.34,304.4799,304.34,304.4799,4248.0
2025-07-31 12:30:00,304.4,304.66,304.25,304.66,4892.0
2025-07-31 12:35:00,304.58,304.72,304.58,304.72,13442.0
2025-07-31 12:40:00,304.72,304.72,304.4901,304.4901,3951.0
2025-07-31 12:45:00,304.67,304.8927,304.4,304.5901,16892.0
2025-07-31 12:50:00,304.91,304.91,304.59,304.59,3361.0
2025-07-31 12:55:00,304.73,304.73,304.35,304.35,4437.0
2025-07-31 13:00:00,304.6,304.68,304.27,304.3,13382.0
2025-07-31 13:05:00,304.28,304.41,304.28,304.41,6036.0
2025-07-31 13:10:00,304.3,304.6,304.3,304.6,70457.0
2025-07-31 13:15:00,304.65,304.68,304.52,304.59,3828.0
2025-07-31 13:20:00,304.6,304.7,304.5,304.7,7916.0
2025-07-31 13:25:00,304.68,304.74,304.42,304.66,10870.0
2025-07-31 13:30:00,304.59,304.61,304.36,304.46,459474.0
2025-07-31 13:35:00,304.46,304.59,304.33,304.46,268547.0
2025-07-31 13:40:00,304.43,304.445,304.06,304.12,307461.0
2025-07-31 13:45:00,304.12,304.24,303.89,304.01,179612.0
2025-07-31 13:50:00,303.99,304.19,303.92,304.065,196944.0
2025-07-31 13:55:00,304.06,304.21,303.86,303.93,171439.0
2025-07-31 14:00:00,303.93,303.94,303.66,303.87,266165.0
2025-07-31 14:05:00,303.88,304.03,303.74,303.74,152616.0
2025-07-31 14:10:00,303.74,303.89,303.68,303.875,161274.0
2025-07-31 14:15:00,303.88,304.1,303.435,303.6,215391.0
2025-07-31 14:20:00,303.6,303.675,303.41,303.53,170625.0
2025-07-31 14:25:00,303.51,303.5401,303.41,303.485,79926.0
2025-07-31 14:30:00,303.49,303.5,303.18,303.2401,132649.0
2025-07-31 14:35:00,303.24,303.47,303.02,303.47,133055.0
2025-07-31 14:40:00,303.48,303.66,303.43,303.59,122045.0
2025-07-31 14:45:00,303.58,303.58,303.2191,303.2191,130288.0
2025-07-31 14:50:00,303.215,303.4701,303.17,303.425,125255.0
2025-07-31 14:55:00,303.41,303.5928,303.41,303.48,137979.0
2025-07-31 15:00:00,303.47,303.51,303.085,303.225,164232.0
2025-07-31 15:05:00,303.245,303.45,303.01,303.37,112433.0
2025-07-31 15:10:00,303.375,303.5,303.26,303.48,59386.0
2025-07-31 15:15:00,303.49,303.69,303.49,303.65,106170.0
2025-07-31 15:20:00,303.66,303.74,303.465,303.48,140534.0
2025-07-31 15:25:00,303.49,303.58,303.36,303.41,51468.0
2025-07-31 15:30:00,303.4,303.56,303.34,303.51,70438.0
2025-07-31 15:35:00,303.5,303.64,303.31,303.35,56760.0
2025-07-31 15:40:00,303.37,303.3908,303.16,303.22,85899.0
2025-07-31 15:45:00,303.23,303.31,303.17,303.17,44311.0
2025-07-31 15:50:00,303.17,303.39,303.16,303.39,52204.0
2025-07-31 15:55:00,303.39,303.44,303.305,303.4,49144.0
2025-07-31 16:00:00,303.39,303.41,303.01,303.08,61486.0
2025-08-01 09:30:00,303.34,303.4,303.34,303.4,215.0
2025-08-01 09:35:00,303.43,303.43,303.4,303.4,216.0
2025-08-01 09:40:00,303.42,303.46,303.42,303.44,966.0
2025-08-01 09:45:00,303.55,303.55,303.55,303.55,100.0
2025-08-01 10:00:00,303.53,303.53,303.53,303.53,661.0
2025-08-01 10:05:00,303.46,303.46,303.46,303.46,103.0
2025-08-01 10:10:00,303.44,303.55,303.33,303.49,1209.0
2025-08-01 10:30:00,303.34,303.56,303.34,303.56,658.0
2025-08-01 10:35:00,303.58,303.67,303.5,303.58,2148.0
2025-08-01 10:40:00,303.44,303.47,303.44,303.47,547.0
2025-08-01 10:45:00,303.5,303.72,303.5,303.72,714.0
2025-08-01 10:50:00,303.73,304.18,303.73,304.05,9762.0
2025-08-01 10:55:00,303.91,303.91,303.78,303.79,734.0
2025-08-01 11:00:00,303.77,303.98,303.77,303.9,2643.0
2025-08-01 11:05:00,303.81,303.95,303.74,303.91,3617.0
2025-08-01 11:10:00,303.91,303.99,303.86,303.96,6771.0
2025-08-01 11:15:00,303.99,303.99,303.86,303.86,257.0
2025-08-01 11:30:00,303.91,303.91,303.91,303.91,932.0
2025-08-01 11:35:00,303.98,304.0,303.98,304.0,882.0
2025-08-01 11:40:00,303.87,303.87,303.85,303.85,849.0
2025-08-01 11:45:00,303.67,303.8,303.64,303.75,3215.0
2025-08-01 11:50:00,303.7,303.7,303.7,303.7,538.0
2025-08-01 11:55:00,303.8,303.8,303.8,303.8,964.0
2025-08-01 12:00:00,303.9,304.018,302.65,303.67,26570.0
2025-08-01 12:05:00,303.65,303.75,303.65,303.74,387.0
2025-08-01 12:10:00,303.99,304.0,303.8,303.92,6192.0
2025-08-01 12:15:00,303.92,304.17,303.92,304.0,30353.0
2025-08-01 12:20:00,304.11,304.27,304.11,304.27,7732.0
2025-08-01 12:25:00,304.25,304.29,304.0,304.0,8390.0
2025-08-01 12:30:00,304.38,306.7,304.38,306.38,61342.0
2025-08-01 12:35:00,306.5,307.1,306.49,306.8,27052.0
2025-08-01 12:40:00,306.93,307.69,306.6439,307.6,50061.0
2025-08-01 12:45:00,307.61,308.04,307.54,307.93,57482.0
2025-08-01 12:50:00,307.85,308.0,307.25,307.45,39990.0
2025-08-01 12:55:00,307.64,307.75,307.1996,307.63,5497.0
2025-08-01 13:00:00,307.71,308.0,307.55,308.0,57407.0
2025-08-01 13:05:00,308.0,308.08,307.59,308.03,37511.0
2025-08-01 13:10:00,308.1,308.57,308.1,308.57,22428.0
2025-08-01 13:15:00,308.55,308.88,308.44,308.75,17398.0
2025-08-01 13:20:00,308.76,308.8994,308.4701,308.63,26057.0
2025-08-01 13:25:00,308.62,308.71,308.4012,308.63,25570.0
2025-08-01 13:30:00,308.61,308.77,308.01,308.1501,632553.0
2025-08-01 13:35:00,308.19,308.42,307.74,307.8901,414075.0
2025-08-01 13:40:00,307.9,308.34,307.73,308.26,203205.0
2025-08-01 13:45:00,308.2249,308.47,307.74,307.84,179568.0
2025-08-01 13:50:00,307.84,307.96,307.52,307.71,258505.0
2025-08-01 13:55:00,307.719,307.77,307.45,307.735,225824.0
2025-08-01 14:00:00,307.77,308.63,307.76,307.99,320659.0
2025-08-01 14:05:00,307.99,308.53,307.99,308.49,242773.0
2025-08-01 14:10:00,308.5,308.62,308.31,308.39,209605.0
2025-08-01 14:15:00,308.42,308.86,308.31,308.7467,289451.0
2025-08-01 14:20:00,308.75,308.95,308.6,308.725,199122.0
2025-08-01 14:25:00,308.72,308.8,308.045,308.12,172862.0
2025-08-01 14:30:00,308.115,308.1701,307.82,307.87,183945.0
2025-08-01 14:35:00,307.88,308.05,307.7492,307.82,177452.0
2025-08-01 14:40:00,307.774,308.05,307.69,308.047,151241.0
2025-08-01 14:45:00,308.01,308.29,307.99,308.225,171055.0
2025-08-01 14:50:00,308.24,308.24,307.7,307.97,113698.0
2025-08-01 14:55:00,307.95,308.12,307.72,308.12,61899.0
2025-08-01 15:00:00,308.13,308.18,307.73,307.99,309515.0
2025-08-01 15:05:00,308.0,308.42,307.96,308.41,332387.0
2025-08-01 15:10:00,308.41,308.58,308.38,308.445,218823.0
2025-08-01 15:15:00,308.415,308.543037,308.38,308.535,76689.0
2025-08-01 15:20:00,308.535,308.59,308.39,308.53,277058.0
2025-08-01 15:25:00,308.5,308.55,308.4,308.46,271112.0
2025-08-01 15:30:00,308.46,308.625,308.3935,308.6074,217027.0
2025-08-01 15:35:00,308.6,308.61,308.24,308.35,160086.0
2025-08-01 15:40:00,308.37,308.44,308.22,308.39,151754.0
2025-08-01 15:45:00,308.4,308.49,308.32,308.3595,62698.0
2025-08-01 15:50:00,308.33,308.54,308.27,308.5199,40080.0
2025-08-01 15:55:00,308.52,308.558,308.32,308.39,44182.0
2025-08-01 16:00:00,308.38,308.46,308.14,308.15,82911.0
2025-08-04 09:30:00,309.49,309.49,309.49,309.49,100.0
2025-08-04 09:35:00,309.35,309.41,309.34,309.41,900.0
2025-08-04 09:40:00,309.24,309.24,309.18,309.22,1696.0
2025-08-04 09:55:00,309.31,309.31,309.13,309.15,1665.0
2025-08-04 10:05:00,309.19,309.19,309.19,309.19,369.0
2025-08-04 10:15:00,309.2,309.2,309.2,309.2,232.0
2025-08-04 10:20:00,309.0,309.0,308.77,308.77,611.0
2025-08-04 10:25:00,309.2,309.2,309.2,309.2,100.0
2025-08-04 10:30:00,309.11,309.27,309.09,309.27,1300.0
2025-08-04 10:40:00,309.11,309.25,309.11,309.25,373.0
2025-08-04 10:45:00,309.2,309.2,309.2,309.2,100.0
2025-08-04 10:50:00,309.12,309.18,309.12,309.18,398.0
2025-08-04 10:55:00,309.18,309.18,309.18,309.18,156.0
2025-08-04 11:00:00,309.2,309.34,309.19,309.34,1182.0
2025-08-04 11:05:00,309.5,309.71,309.45,309.46,7370.0
2025-08-04 11:10:00,309.62,309.8,309.62,309.8,1039.0
2025-08-04 11:15:00,309.84,309.94,309.84,309.94,1515.0
2025-08-04 11:20:00,309.97,310.0,309.97,310.0,3881.0
2025-08-04 11:25:00,310.1,310.11,310.1,310.11,1043.0
2025-08-04 11:30:00,310.1,310.15,310.08,310.08,6768.0
2025-08-04 11:35:00,310.08,310.1,309.98,310.06,4277.0
2025-08-04 11:40:00,310.16,310.16,310.15,310.15,301.0
2025-08-04 11:45:00,310.14,310.14,310.14,310.14,260.0
2025-08-04 11:50:00,310.13,310.36,310.13,310.26,3325.0
2025-08-04 11:55:00,310.2,310.35,310.18,310.35,8638.0
2025-08-04 12:00:00,309.35,310.35,308.78,310.33,36950.0
2025-08-04 12:05:00,310.39,310.4,310.31,310.31,1656.0
2025-08-04 12:10:00,310.3399,310.3399,310.01,310.17,4921.0
2025-08-04 12:15:00,310.12,310.21,310.03,310.21,1288.0
2025-08-04 12:20:00,310.0002,310.2399,310.0002,310.15,6360.0
2025-08-04 12:25:00,310.07,310.1,309.84,309.84,8086.0
2025-08-04 12:30:00,309.8,309.8,309.5,309.73,1485.0
2025-08-04 12:35:00,309.7996,309.7996,309.49,309.63,2119.0
2025-08-04 12:40:00,309.61,309.7,309.5274,309.5274,4321.0
2025-08-04 12:45:00,309.79,310.11,309.79,310.1,27219.0
2025-08-04 12:50:00,310.06,310.21,310.05,310.05,2922.0
2025-08-04 12:55:00,310.11,310.18,310.11,310.18,1937.0
2025-08-04 13:00:00,310.11,310.5,310.11,310.5,7865.0
2025-08-04 13:05:00,310.43,310.4517,310.3905,310.44,2163.0
2025-08-04 13:10:00,310.46,310.62,310.44,310.62,3532.0
2025-08-04 13:15:00,310.65,310.81,310.65,310.8,26733.0
2025-08-04 13:20:00,310.83,310.98,310.8,310.86,15759.0
2025-08-04 13:25:00,310.87,310.9,310.63,310.86,12006.0
2025-08-04 13:30:00,310.8,311.0555,310.75,310.84,382693.0
2025-08-04 13:35:00,310.85,310.96,310.61,310.9,187123.0
2025-08-04 13:40:00,310.91,311.02,310.74,310.88,156707.0
2025-08-04 13:45:00,310.86,311.46,310.86,311.415,235489.0
2025-08-04 13:50:00,311.41,311.74,311.36,311.72,124516.0
2025-08-04 13:55:00,311.74,311.74,311.475,311.57,260303.0
2025-08-04 14:00:00,311.6,311.67,311.26,311.28,167690.0
2025-08-04 14:05:00,311.2886,311.45,311.1,311.26,101993.0
2025-08-04 14:10:00,311.31,311.3306,310.9301,311.0,68400.0
2025-08-04 14:15:00,311.01,311.05,310.86,310.9274,56932.0
2025-08-04 14:20:00,310.92,311.01,310.76,310.9798,87738.0
2025-08-04 14:25:00,310.95,311.12,310.9,311.02,57055.0
2025-08-04 14:30:00,311.0199,311.21,311.0197,311.21,79416.0
2025-08-04 14:35:00,311.1996,311.24,311.05,311.11,84973.0
2025-08-04 14:40:00,311.1191,311.17,310.95,310.95,43060.0
2025-08-04 14:45:00,310.93,310.93,310.64,310.64,190747.0
2025-08-04 14:50:00,310.64,310.64,310.48,310.511,92426.0
2025-08-04 14:55:00,310.53,310.81,310.52,310.675,101097.0
2025-08-04 15:00:00,310.65,310.8,310.53,310.8,96192.0
2025-08-04 15:05:00,310.79,310.82,310.44,310.6,72762.0
2025-08-04 15:10:00,310.61,310.71,310.4802,310.68,68147.0
2025-08-04 15:15:00,310.69,310.7651,310.6,310.68,81567.0
2025-08-04 15:20:00,310.68,310.69,310.44,310.48,50263.0
2025-08-04 15:25:00,310.5,310.66,310.48,310.54,37592.0
2025-08-04 15:30:00,310.5,310.65,310.37,310.573,78385.0
2025-08-04 15:35:00,310.56,310.79,310.553,310.77,47077.0
2025-08-04 15:40:00,310.775,310.84,310.68,310.835,41248.0
2025-08-04 15:45:00,310.84,310.87,310.755,310.8,43309.0
2025-08-04 15:50:00,310.78,310.83,310.69,310.71,137939.0
2025-08-04 15:55:00,310.71,310.79,310.685,310.7125,57185.0
2025-08-04 16:00:00,310.72,310.8601,310.67,310.79,158316.0
2025-08-05 09:30:00,309.83,309.83,309.75,309.77,7413.0
2025-08-05 09:40:00,309.67,309.67,309.56,309.56,2636.0
2025-08-05 09:50:00,309.55,309.55,309.55,309.55,438.0
2025-08-05 09:55:00,309.39,309.44,309.39,309.4,1341.0
2025-08-05 10:00:00,309.41,309.5,309.41,309.49,1152.0
2025-08-05 10:05:00,309.56,309.56,309.23,309.23,1979.0
2025-08-05 10:10:00,309.15,309.19,308.94,308.94,2001.0
2025-08-05 10:15:00,308.9,308.9,308.9,308.9,1252.0
2025-08-05 10:20:00,309.02,309.02,309.02,309.02,399.0
2025-08-05 10:30:00,309.05,309.05,309.05,309.05,918.0
2025-08-05 10:35:00,309.1,309.12,309.1,309.12,555.0
2025-08-05 10:40:00,309.2,309.21,309.09,309.21,4898.0
2025-08-05 10:45:00,309.2,309.2,309.1,309.1,2213.0
2025-08-05 10:50:00,309.03,309.05,309.0,309.0,6714.0
2025-08-05 10:55:00,309.0,309.0,308.9,308.9,3382.0
2025-08-05 11:00:00,308.82,308.83,308.65,308.76,5588.0
2025-08-05 11:05:00,308.79,308.79,308.79,308.79,100.0
2025-08-05 11:10:00,308.76,308.8,308.7,308.76,4421.0
2025-08-05 11:15:00,308.68,308.68,308.67,308.67,1353.0
2025-08-05 11:20:00,308.75,308.75,308.75,308.75,677.0
2025-08-05 11:30:00,308.65,308.71,308.5,308.5,3464.0
2025-08-05 11:35:00,308.57,308.7,308.57,308.69,1790.0
2025-08-05 11:40:00,308.56,308.57,308.56,308.57,464.0
2025-08-05 11:45:00,308.74,308.79,308.74,308.78,762.0
2025-08-05 11:50:00,308.79,308.81,308.74,308.79,16528.0
2025-08-05 11:55:00,308.8,308.8,308.65,308.7,4190.0
2025-08-05 12:00:00,310.54,310.59,308.42,308.53,27872.0
2025-08-05 12:05:00,308.72,308.88,308.72,308.88,3819.0
2025-08-05 12:10:00,308.7,308.7,308.7,308.7,5137.0
2025-08-05 12:15:00,308.62,308.8,308.62,308.78,1571.0
2025-08-05 12:20:00,308.94,309.32,308.94,309.27,5068.0
2025-08-05 12:25:00,309.31,309.8179,309.2656,309.8179,1165.0
2025-08-05 12:30:00,309.86,309.86,309.58,309.84,2856.0
2025-08-05 12:35:00,309.78,309.99,309.78,309.9892,3090.0
2025-08-05 12:40:00,309.69,309.82,309.65,309.75,11023.0
2025-08-05 12:45:00,309.74,309.8,309.74,309.74,1196.0
2025-08-05 12:50:00,309.8,309.89,309.8,309.89,7301.0
2025-08-05 12:55:00,310.0,310.0,309.99,309.99,1710.0
2025-08-05 13:00:00,310.0599,310.1405,309.96,310.1285,25783.0
2025-08-05 13:05:00,310.04,310.15,310.04,310.12,1268.0
2025-08-05 13:10:00,310.1,310.22,310.07,310.22,3747.0
2025-08-05 13:15:00,310.2001,310.27,310.2001,310.27,2786.0
2025-08-05 13:20:00,310.31,310.36,310.31,310.36,1638.0
2025-08-05 13:25:00,310.37,310.44,310.33,310.33,1309.0
2025-08-05 13:30:00,310.37,310.8873,310.22,310.8873,155515.0
2025-08-05 13:35:00,310.9,311.23,310.85,311.08,129718.0
2025-08-05 13:40:00,311.08,311.1855,310.94,310.956,107178.0
2025-08-05 13:45:00,310.954,311.08,310.8,310.9901,78357.0
2025-08-05 13:50:00,310.99,311.0,310.62,310.62,69745.0
2025-08-05 13:55:00,310.64,310.83,310.53,310.68,61655.0
2025-08-05 14:00:00,310.69,311.34,310.54,310.9195,262600.0
2025-08-05 14:05:00,310.905,311.04,310.75,310.79,129713.0
2025-08-05 14:10:00,310.77,310.77,310.38,310.58,142352.0
2025-08-05 14:15:00,310.62,311.02,310.59,310.94,114850.0
2025-08-05 14:20:00,310.95,311.45,310.8391,311.43,129077.0
2025-08-05 14:25:00,311.467,311.47,311.17,311.26,128414.0
2025-08-05 14:30:00,311.26,311.46,311.14,311.44,154226.0
2025-08-05 14:35:00,311.42,311.54,311.34,311.52,218569.0
2025-08-05 14:40:00,311.52,311.68,311.39,311.64,125728.0
2025-08-05 14:45:00,311.63,311.67,311.49,311.586974,95460.0
2025-08-05 14:50:00,311.59,311.86,311.58,311.84,239012.0
2025-08-05 14:55:00,311.8487,311.87,311.73,311.76,199499.0
2025-08-05 15:00:00,311.75,311.87,311.66,311.7097,98413.0
2025-08-05 15:05:00,311.755,311.95,311.755,311.89,89653.0
2025-08-05 15:10:00,311.88,311.89,311.72,311.84,129559.0
2025-08-05 15:15:00,311.85,312.02,311.81,311.99,107346.0
2025-08-05 15:20:00,311.98,311.9878,311.78,311.79,67816.0
2025-08-05 15:25:00,311.78,311.8093,311.59,311.6983,52401.0
2025-08-05 15:30:00,311.7,311.855,311.45,311.4893,74268.0
2025-08-05 15:35:00,311.495,311.74,311.47,311.685,87634.0
2025-08-05 15:40:00,311.68,311.86,311.61,311.86,59259.0
2025-08-05 15:45:00,311.87,312.1,311.86,312.09,185091.0
2025-08-05 15:50:00,312.1,312.2,312.0851,312.14,79850.0
2025-08-05 15:55:00,312.14,312.18,312.11,312.145,115614.0
2025-08-05 16:00:00,312.155,312.24,312.14,312.19,75346.0
2025-08-06 09:30:00,309.71,309.73,309.65,309.71,533.0
2025-08-06 09:40:00,309.7,309.7,309.7,309.7,334.0
2025-08-06 09:45:00,309.52,309.55,309.51,309.54,2738.0
2025-08-06 09:50:00,309.4,309.4,309.26,309.4,1510.0
2025-08-06 09:55:00,309.42,309.42,309.28,309.28,1173.0
2025-08-06 10:00:00,309.25,309.25,309.25,309.25,813.0
2025-08-06 10:05:00,309.5,309.5,309.5,309.5,300.0
2025-08-06 10:10:00,309.41,309.52,309.41,309.48,1541.0
2025-08-06 10:20:00,309.75,309.87,309.75,309.87,645.0
2025-08-06 10:25:00,309.99,309.99,309.87,309.87,305.0
2025-08-06 10:30:00,309.74,309.74,309.63,309.63,1054.0
2025-08-06 10:40:00,309.65,309.68,309.41,309.47,4109.0
2025-08-06 10:45:00,309.6,309.6,309.6,309.6,1000.0
2025-08-06 10:50:00,309.81,309.81,309.81,309.81,600.0
2025-08-06 10:55:00,309.71,309.71,309.71,309.71,574.0
2025-08-06 11:00:00,309.56,309.56,309.56,309.56,101.0
2025-08-06 11:05:00,309.59,309.62,309.59,309.62,650.0
2025-08-06 11:10:00,309.69,309.72,309.69,309.72,1944.0
2025-08-06 11:15:00,309.81,309.82,309.73,309.73,1976.0
2025-08-06 11:20:00,309.79,309.89,309.75,309.87,2643.0
2025-08-06 11:25:00,309.99,310.04,309.96,310.04,11558.0
2025-08-06 11:30:00,310.05,310.05,310.0,310.01,704.0
2025-08-06 11:35:00,310.0,310.0,310.0,310.0,752.0
2025-08-06 11:40:00,310.07,310.09,310.0,310.0,1443.0
2025-08-06 11:45:00,309.9,309.9,309.85,309.85,495.0
2025-08-06 11:50:00,309.85,309.9,309.81,309.9,3371.0
2025-08-06 11:55:00,309.8,309.8,309.8,309.8,130.0
2025-08-06 12:00:00,309.72,311.01,309.4,309.72,19416.0
2025-08-06 12:05:00,309.73,309.73,309.73,309.73,111.0
2025-08-06 12:10:00,309.6,309.6397,309.47,309.47,2616.0
2025-08-06 12:15:00,309.59,309.64,309.51,309.51,1097.0
2025-08-06 12:20:00,309.73,309.78,309.73,309.78,710.0
2025-08-06 12:25:00,309.8,309.862,309.8,309.862,497.0
2025-08-06 12:30:00,309.78,309.78,309.78,309.78,641.0
2025-08-06 12:35:00,309.61,309.7792,309.5,309.7792,2474.0
2025-08-06 12:40:00,309.5,309.8799,309.5,309.8799,1249.0
2025-08-06 12:45:00,309.81,309.81,309.6391,309.6391,1693.0
2025-08-06 12:50:00,309.89,310.15,309.89,310.15,2336.0
2025-08-06 12:55:00,310.14,310.31,310.14,310.31,784.0
2025-08-06 13:00:00,310.17,310.4,310.1536,310.34,4228.0
2025-08-06 13:05:00,310.29,310.3,310.18,310.3,3565.0
2025-08-06 13:10:00,310.33,310.33,310.13,310.13,4080.0
2025-08-06 13:15:00,310.17,310.3699,310.17,310.3699,1457.0
2025-08-06 13:20:00,310.36,310.36,310.18,310.18,2643.0
2025-08-06 13:25:00,310.2,310.27,310.16,310.27,3045.0
2025-08-06 13:30:00,310.32,310.41,309.93,310.01,238022.0
2025-08-06 13:35:00,310.02,310.09,309.84,310.01,274556.0
2025-08-06 13:40:00,310.0,310.14,309.9,309.955,77992.0
2025-08-06 13:45:00,309.96,310.12,309.9,310.07,224130.0
2025-08-06 13:50:00,310.06,310.63,310.03,310.6,183621.0
2025-08-06 13:55:00,310.6,310.64,310.43,310.4762,92978.0
2025-08-06 14:00:00,310.43,310.67,310.41,310.64,85930.0
2025-08-06 14:05:00,310.6499,310.68,310.355,310.395,91270.0
2025-08-06 14:10:00,310.4,310.5,310.25,310.4799,62483.0
2025-08-06 14:15:00,310.48,310.7,310.4,310.56,66174.0
2025-08-06 14:20:00,310.5608,310.9,310.56,310.84,92601.0
2025-08-06 14:25:00,310.85,310.91,310.77,310.87,49435.0
2025-08-06 14:30:00,310.87,311.0,310.78,310.85,68219.0
2025-08-06 14:35:00,310.86,310.9507,310.73,310.94,61515.0
2025-08-06 14:40:00,310.9491,311.0,310.77,310.98,70699.0
2025-08-06 14:45:00,310.985,311.07,310.985,311.05,57013.0
2025-08-06 14:50:00,311.06,311.07,310.85,310.98,51983.0
2025-08-06 14:55:00,310.98,311.16,310.98,311.16,108369.0
2025-08-06 15:00:00,311.17,311.24,311.1,311.15,64987.0
2025-08-06 15:05:00,311.13,311.1301,310.98,311.11,46443.0
2025-08-06 15:10:00,311.13,311.18,311.03,311.06,38862.0
2025-08-06 15:15:00,311.06,311.08,310.86,310.965,50949.0
2025-08-06 15:20:00,310.98,311.01,310.88,310.91,296928.0
2025-08-06 15:25:00,310.901,310.945,310.83,310.9,38474.0
2025-08-06 15:30:00,310.93,310.94,310.78,310.8,65729.0
2025-08-06 15:35:00,310.8079,310.84,310.51,310.65,63190.0
2025-08-06 15:40:00,310.62,310.82,310.32,310.8,93933.0
2025-08-06 15:45:00,310.81,311.01,310.81,310.89,109417.0
2025-08-06 15:50:00,310.89,311.12,310.89,311.09,56672.0
2025-08-06 15:55:00,311.08,311.14,310.99,311.0,30248.0
2025-08-06 16:00:00,311.02,311.09,310.9497,311.04,49105.0
2025-08-07 09:30:00,310.9,310.92,310.67,310.76,38232.0
2025-08-07 09:35:00,310.75,310.84,310.71,310.76,16849.0
2025-08-07 09:40:00,310.79,310.81,310.79,310.81,1422.0
2025-08-07 09:50:00,311.0,311.06,310.98,310.98,5607.0
2025-08-07 09:55:00,310.98,310.98,310.98,310.98,10088.0
2025-08-07 10:05:00,310.99,311.0,310.88,310.88,3377.0
2025-08-07 10:10:00,310.88,310.88,310.88,310.88,1010.0
2025-08-07 10:25:00,310.75,310.75,310.75,310.75,833.0
2025-08-07 10:30:00,310.77,310.77,310.77,310.77,172.0
2025-08-07 10:35:00,310.83,310.83,310.82,310.82,286.0
2025-08-07 10:45:00,310.9,310.9,310.9,310.9,2903.0
2025-08-07 10:50:00,310.7,310.7,310.55,310.55,15455.0
2025-08-07 11:00:00,310.6,310.64,310.5,310.5,1631.0
2025-08-07 11:05:00,310.59,310.67,310.59,310.65,881.0
2025-08-07 11:10:00,310.66,311.17,310.66,310.94,4442.0
2025-08-07 11:20:00,311.18,311.36,311.18,311.29,3065.0
2025-08-07 11:25:00,311.22,311.45,311.2,311.44,5584.0
2025-08-07 11:30:00,311.33,311.38,311.21,311.31,5573.0
2025-08-07 11:35:00,311.29,311.32,310.87,310.88,2845.0
2025-08-07 11:40:00,310.89,311.11,310.84,311.09,1860.0
2025-08-07 11:45:00,310.96,311.02,310.82,310.99,1867.0
2025-08-07 11:50:00,311.0,311.09,310.94,310.94,1633.0
2025-08-07 11:55:00,310.9,311.0,310.9,310.92,1199.0
2025-08-07 12:00:00,311.16,312.9,310.4852,311.15,59259.0
2025-08-07 12:05:00,311.0,311.14,311.0,311.0,3683.0
2025-08-07 12:10:00,310.95,311.0,310.86,310.87,1921.0
2025-08-07 12:15:00,311.01,311.43,311.01,311.28,2091.0
2025-08-07 12:20:00,311.2,311.26,311.0,311.2,2501.0
2025-08-07 12:25:00,311.25,311.26,311.1,311.26,3619.0
2025-08-07 12:30:00,311.5,311.85,311.5,311.85,3087.0
2025-08-07 12:35:00,311.95,312.12,311.85,311.85,2085.0
2025-08-07 12:40:00,311.68,311.72,311.68,311.72,1980.0
2025-08-07 12:45:00,311.09,311.47,311.09,311.2,3014.0
2025-08-07 12:50:00,311.35,311.5,311.35,311.5,757.0
2025-08-07 12:55:00,311.3,311.3,311.21,311.21,1530.0
2025-08-07 13:00:00,311.2,311.63,311.2,311.63,2349.0
2025-08-07 13:05:00,311.47,311.47,311.39,311.39,1401.0
2025-08-07 13:10:00,311.28,311.4801,311.28,311.4801,497.0
2025-08-07 13:15:00,311.61,311.61,311.28,311.28,2760.0
2025-08-07 13:20:00,311.55,311.75,311.2,311.75,1200.0
2025-08-07 13:25:00,311.73,311.84,311.7,311.76,4518.0
2025-08-07 13:30:00,311.72,311.99,311.72,311.9512,195457.0
2025-08-07 13:35:00,311.97,312.18,311.76,311.83,549634.0
2025-08-07 13:40:00,311.84,312.25,311.75,312.2,466728.0
2025-08-07 13:45:00,312.19,312.49,311.84,311.89,327497.0
2025-08-07 13:50:00,311.88,312.36,311.86,312.11,128761.0
2025-08-07 13:55:00,312.12,312.14,311.62,311.65,186330.0
2025-08-07 14:00:00,311.62,311.64,311.29,311.56,225093.0
2025-08-07 14:05:00,311.56,311.95,310.7,311.26,420704.0
2025-08-07 14:10:00,311.27,312.13,311.05,312.12,327337.0
2025-08-07 14:15:00,312.14,312.16,311.55,311.69,379294.0
2025-08-07 14:20:00,311.74,311.92,311.17,311.29,249360.0
2025-08-07 14:25:00,311.34,311.66,311.24,311.405,150959.0
2025-08-07 14:30:00,311.4,311.77,311.29,311.7601,146031.0
2025-08-07 14:35:00,311.7601,311.93,311.59,311.89,117192.0
2025-08-07 14:40:00,311.9,312.03,311.81,311.8716,85026.0
2025-08-07 14:45:00,311.89,311.99,311.72,311.87,421831.0
2025-08-07 14:50:00,311.85,311.9697,311.76,311.94,48003.0
2025-08-07 14:55:00,311.93,312.05,311.7307,311.9,47380.0
2025-08-07 15:00:00,311.93,312.02,311.78,311.96,111455.0
2025-08-07 15:05:00,311.91,312.12,311.895,312.01,51970.0
2025-08-07 15:10:00,312.05,312.09,311.94,312.06,30909.0
2025-08-07 15:15:00,312.0769,312.15,311.868,311.9,39828.0
2025-08-07 15:20:00,311.9,311.91,311.795,311.8016,21372.0
2025-08-07 15:25:00,311.78,311.81,311.605,311.74,27121.0
2025-08-07 15:30:00,311.7784,311.95,311.765,311.92,24627.0
2025-08-07 15:35:00,311.9199,311.9822,311.8,311.8399,26045.0
2025-08-07 15:40:00,311.85,311.85,311.67,311.77,61809.0
2025-08-07 15:45:00,311.75,311.9439,311.75,311.92,25803.0
2025-08-07 15:50:00,311.91,312.11,311.9081,312.11,40160.0
2025-08-07 15:55:00,312.0751,312.18,312.06,312.11,53184.0
2025-08-07 16:00:00,312.12,312.32,312.12,312.24,167908.0
2025-08-08 09:35:00,313.06,313.1,313.06,313.1,1046.0
2025-08-08 09:40:00,313.1,313.12,313.1,313.12,827.0
2025-08-08 09:50:00,313.15,313.15,313.14,313.14,2323.0
2025-08-08 09:55:00,313.1,313.18,313.09,313.15,5684.0
2025-08-08 10:00:00,313.11,313.14,313.09,313.14,3592.0
2025-08-08 10:05:00,313.0,313.01,313.0,313.01,2340.0
2025-08-08 10:10:00,312.89,312.9,312.89,312.9,220.0
2025-08-08 10:15:00,312.71,312.71,312.55,312.55,13198.0
2025-08-08 10:20:00,312.45,312.52,312.3,312.52,1797.0
2025-08-08 10:25:00,312.4,312.45,312.04,312.04,3073.0
2025-08-08 10:30:00,312.15,312.15,312.15,312.15,550.0
2025-08-08 10:35:00,312.0,312.3,312.0,312.3,408.0
2025-08-08 10:40:00,312.15,312.35,312.0,312.35,761.0
2025-08-08 10:50:00,312.28,312.28,312.23,312.23,463.0
2025-08-08 10:55:00,312.13,312.13,312.0,312.0,711.0
2025-08-08 11:00:00,311.78,312.05,311.66,312.01,1916.0
2025-08-08 11:10:00,311.85,311.85,311.85,311.85,306.0
2025-08-08 11:15:00,311.74,311.84,311.5,311.5,4719.0
2025-08-08 11:20:00,311.51,311.62,311.35,311.35,3892.0
2025-08-08 11:25:00,311.5,311.73,311.47,311.47,1885.0
2025-08-08 11:30:00,311.56,311.96,311.56,311.95,5730.0
2025-08-08 11:35:00,311.95,311.95,311.8,311.85,10533.0
2025-08-08 11:40:00,311.85,311.85,311.85,311.85,100.0
2025-08-08 11:45:00,312.24,312.24,311.93,311.93,2112.0
2025-08-08 11:50:00,311.98,312.05,311.78,311.78,4502.0
2025-08-08 11:55:00,311.72,311.78,311.66,311.76,5103.0
2025-08-08 12:00:00,311.95,313.28,311.56,311.8,46396.0
2025-08-08 12:05:00,311.88,312.0,311.88,311.95,3156.0
2025-08-08 12:10:00,311.92,312.3493,311.6668,311.6668,5888.0
2025-08-08 12:15:00,311.81,311.84,311.79,311.84,2487.0
2025-08-08 12:20:00,312.25,312.45,312.24,312.45,2503.0
2025-08-08 12:25:00,312.37,312.67,312.3,312.67,33301.0
2025-08-08 12:30:00,312.67,313.13,312.67,313.09,42408.0
2025-08-08 12:35:00,313.1,313.32,312.97,313.1995,22548.0
2025-08-08 12:40:00,313.1,313.2,312.93,312.98,15966.0
2025-08-08 12:45:00,313.0,313.1785,311.9,312.74,46091.0
2025-08-08 12:50:00,312.77,312.77,312.34,312.69,23493.0
2025-08-08 12:55:00,312.75,312.75,312.28,312.3,13088.0
2025-08-08 13:00:00,312.51,312.51,311.95,312.13,8910.0
2025-08-08 13:05:00,312.11,313.2,312.11,312.42,25245.0
2025-08-08 13:10:00,312.51,312.936,312.51,312.56,8688.0
2025-08-08 13:15:00,312.46,312.99,312.3,312.45,4828.0
2025-08-08 13:20:00,312.3,312.429,312.0,312.0,8357.0
2025-08-08 13:25:00,312.01,312.34,312.01,312.3,15180.0
2025-08-08 13:30:00,312.35,312.79,312.2,312.235,349909.0
2025-08-08 13:35:00,312.2,312.74,312.1,312.59,271810.0
2025-08-08 13:40:00,312.615,312.88,312.57,312.7503,176266.0
2025-08-08 13:45:00,312.77,313.0,312.705,312.88,270913.0
2025-08-08 13:50:00,312.91,313.11,312.83,313.03,555130.0
2025-08-08 13:55:00,313.03,313.26,312.9901,313.09,371399.0
2025-08-08 14:00:00,313.095,313.19,312.53,312.81,355176.0
2025-08-08 14:05:00,312.81,312.83,311.62,312.085,635950.0
2025-08-08 14:10:00,312.1,312.33,311.78,311.96,360943.0
2025-08-08 14:15:00,311.96,312.19,311.77,312.07,218283.0
2025-08-08 14:20:00,312.09,312.18,311.85,312.04,157455.0
2025-08-08 14:25:00,312.06,312.1,311.5,311.52,223459.0
2025-08-08 14:30:00,311.5,311.94,311.35,311.91,249998.0
2025-08-08 14:35:00,311.9,312.03,311.8,311.9063,109116.0
2025-08-08 14:40:00,311.9401,311.98,311.82,311.8621,100622.0
2025-08-08 14:45:00,311.86,312.05,311.78,311.89,108914.0
2025-08-08 14:50:00,311.87,312.12,311.87,312.07,91349.0
2025-08-08 14:55:00,312.08,312.27,312.04,312.21,132331.0
2025-08-08 15:00:00,312.21,312.42,312.209,312.272,145885.0
2025-08-08 15:05:00,312.25,312.36,312.0337,312.14,74278.0
2025-08-08 15:10:00,312.15,312.33,312.1,312.26,102233.0
2025-08-08 15:15:00,312.25,312.52,312.12,312.44,167080.0
2025-08-08 15:20:00,312.43,312.62,312.35,312.49,79583.0
2025-08-08 15:25:00,312.49,312.57,312.3543,312.46,79477.0
2025-08-08 15:30:00,312.46,312.51,312.23,312.37,155117.0
2025-08-08 15:35:00,312.38,312.58,312.38,312.52,106968.0
2025-08-08 15:40:00,312.51,312.55,312.245,312.385,113100.0
2025-08-08 15:45:00,312.38,312.54,312.26,312.525,160276.0
2025-08-08 15:50:00,312.525,312.59,312.4,312.52,201948.0
2025-08-08 15:55:00,312.535,312.64,312.47,312.64,61150.0
2025-08-08 16:00:00,312.65,312.75,312.5797,312.73,47338.0
2025-08-11 09:30:00,309.56,309.56,309.56,309.56,293.0
2025-08-11 09:35:00,309.39,309.42,309.37,309.42,1117.0
2025-08-11 09:40:00,309.37,309.37,309.37,309.37,213.0
2025-08-11 09:45:00,309.33,309.36,309.33,309.33,227.0
2025-08-11 09:50:00,309.06,309.09,308.81,308.81,2777.0
2025-08-11 09:55:00,308.87,308.87,308.82,308.82,250.0
2025-08-11 10:00:00,308.82,308.82,308.8,308.8,291.0
2025-08-11 10:05:00,309.21,309.21,309.21,309.21,263.0
2025-08-11 10:10:00,309.31,309.31,309.31,309.31,103.0
2025-08-11 10:20:00,309.8,309.85,309.8,309.85,407.0
2025-08-11 10:25:00,309.81,309.85,309.63,309.66,2003.0
2025-08-11 10:40:00,309.41,309.41,309.41,309.41,150.0
2025-08-11 10:45:00,309.5,309.5,309.42,309.42,362.0
2025-08-11 10:50:00,309.4,309.59,309.4,309.59,282.0
2025-08-11 10:55:00,309.36,309.36,309.26,309.26,702.0
2025-08-11 11:00:00,309.39,309.51,309.16,309.21,8712.0
2025-08-11 11:05:00,309.26,309.26,309.0,309.02,1633.0
2025-08-11 11:10:00,308.9,308.9,308.9,308.9,1526.0
2025-08-11 11:15:00,308.95,309.0,308.85,308.86,1240.0
2025-08-11 11:20:00,309.0,309.04,308.75,308.75,3698.0
2025-08-11 11:25:00,308.75,308.8,308.5,308.58,3572.0
2025-08-11 11:30:00,308.67,308.67,308.55,308.55,347.0
2025-08-11 11:35:00,308.5,308.55,308.5,308.55,3258.0
2025-08-11 11:40:00,308.56,308.68,308.54,308.64,1431.0
2025-08-11 11:45:00,308.85,308.93,308.82,308.82,2849.0
2025-08-11 11:50:00,308.66,308.66,308.66,308.66,547.0
2025-08-11 11:55:00,308.92,308.96,308.9,308.96,1816.0
2025-08-11 12:00:00,309.3,311.34,308.5,309.2382,55547.0
2025-08-11 12:05:00,308.98,309.2431,308.91,309.06,4517.0
2025-08-11 12:10:00,309.04,309.08,308.75,308.75,9663.0
2025-08-11 12:15:00,308.82,308.96,308.8,308.93,10057.0
2025-08-11 12:20:00,308.8,309.1,308.7,309.1,6912.0
2025-08-11 12:25:00,308.95,308.95,308.25,308.25,13665.0
2025-08-11 12:30:00,308.21,308.6568,307.8533,308.4,9638.0
2025-08-11 12:35:00,308.36,308.87,308.3005,308.8,3528.0
2025-08-11 12:40:00,308.8,308.89,308.78,308.86,2342.0
2025-08-11 12:45:00,308.99,309.07,308.78,309.01,2547.0
2025-08-11 12:50:00,308.86,309.17,308.86,309.0,3269.0
2025-08-11 12:55:00,309.09,309.1698,309.05,309.16,2383.0
2025-08-11 13:00:00,309.16,309.26,308.87,308.88,20805.0
2025-08-11 13:05:00,308.71,308.71,308.57,308.57,9895.0
2025-08-11 13:10:00,308.57,308.74,308.5,308.58,9441.0
2025-08-11 13:15:00,308.55,308.7671,308.37,308.5,12614.0
2025-08-11 13:20:00,313.05,313.05,308.4,308.64,6002.0
2025-08-11 13:25:00,308.52,308.63,308.45,308.5,24630.0
2025-08-11 13:30:00,308.62,309.1,308.45,309.0784,347814.0
2025-08-11 13:35:00,309.02,309.08,308.67,308.88,197302.0
2025-08-11 13:40:00,308.875,309.28,308.855,309.23,275253.0
2025-08-11 13:45:00,309.235,309.5,309.235,309.4376,201372.0
2025-08-11 13:50:00,309.42,309.56,309.37,309.47,170494.0
2025-08-11 13:55:00,309.47,309.66,309.23,309.26,253458.0
2025-08-11 14:00:00,309.23,309.33,309.05,309.12,276217.0
2025-08-11 14:05:00,309.13,309.26,309.02,309.05,166368.0
2025-08-11 14:10:00,309.02,309.26,308.9,309.24,220525.0
2025-08-11 14:15:00,309.25,309.29,308.96,309.0701,104604.0
2025-08-11 14:20:00,309.05,309.24,308.89,308.96,96603.0
2025-08-11 14:25:00,308.94,309.01,308.6245,308.65,99248.0
2025-08-11 14:30:00,308.64,308.7,308.43,308.52,115981.0
2025-08-11 14:35:00,308.53,308.5371,307.94,307.96,149220.0
2025-08-11 14:40:00,307.955,308.35,307.68,308.15,161476.0
2025-08-11 14:45:00,308.17,308.28,307.98,308.28,110746.0
2025-08-11 14:50:00,308.28,308.37,308.15,308.2,101995.0
2025-08-11 14:55:00,308.21,308.26,308.03,308.11,80892.0
2025-08-11 15:00:00,308.15,308.4,308.1,308.19,79917.0
2025-08-11 15:05:00,308.195,308.22,308.01,308.13,64276.0
2025-08-11 15:10:00,308.13,308.21,308.01,308.1209,59650.0
2025-08-11 15:15:00,308.1563,308.22,308.12,308.175,48637.0
2025-08-11 15:20:00,308.18,308.42,308.15,308.34,123201.0
2025-08-11 15:25:00,308.335,308.48,308.3303,308.46,37296.0
2025-08-11 15:30:00,308.47,308.63,308.44,308.62,87154.0
2025-08-11 15:35:00,308.63,308.7,308.52,308.59,104521.0
2025-08-11 15:40:00,308.61,308.61,308.3,308.44,100394.0
2025-08-11 15:45:00,308.42,308.44,308.26,308.42,117404.0
2025-08-11 15:50:00,308.43,308.46,308.3,308.3997,70417.0
2025-08-11 15:55:00,308.43,308.43,308.265,308.42,55486.0
2025-08-11 16:00:00,308.43,308.51,308.19,308.22,87982.0
2025-08-12 09:40:00,308.3,308.3,308.3,308.3,100.0
2025-08-12 09:55:00,308.01,308.02,308.0,308.0,2286.0
2025-08-12 10:00:00,307.97,307.97,307.97,307.97,191.0
2025-08-12 10:05:00,308.11,308.14,308.11,308.14,1150.0
2025-08-12 10:25:00,308.49,308.49,308.49,308.49,268.0
2025-08-12 10:45:00,308.0,308.0,308.0,308.0,415.0
2025-08-12 11:00:00,308.01,308.01,307.75,307.75,2578.0
2025-08-12 11:05:00,308.0,308.0,308.0,308.0,185.0
2025-08-12 11:10:00,307.95,307.95,307.95,307.95,6500.0
2025-08-12 11:15:00,307.86,307.86,307.86,307.86,627.0
2025-08-12 11:20:00,307.5,307.63,307.25,307.52,4188.0
2025-08-12 11:25:00,307.79,307.82,307.71,307.82,7855.0
2025-08-12 11:30:00,307.85,307.9,307.75,307.75,5095.0
2025-08-12 11:35:00,307.64,307.65,307.64,307.65,333.0
2025-08-12 11:40:00,307.98,308.1,307.98,308.1,6734.0
2025-08-12 11:45:00,308.14,308.14,308.14,308.14,1160.0
2025-08-12 11:50:00,308.14,308.25,308.14,308.25,3166.0
2025-08-12 12:00:00,309.01,309.01,307.25,308.08,44557.0
2025-08-12 12:05:00,308.05,308.18,308.05,308.18,2055.0
2025-08-12 12:10:00,308.0,308.01,307.95,308.0,7137.0
2025-08-12 12:15:00,307.8,307.88,307.8,307.88,2020.0
2025-08-12 12:20:00,307.86,307.86,307.5,307.5,2592.0
2025-08-12 12:25:00,308.3,308.3,307.23,307.6,7157.0
2025-08-12 12:30:00,308.3,308.77,308.0,308.69,21676.0
2025-08-12 12:35:00,308.31,308.36,307.89,308.25,6817.0
2025-08-12 12:40:00,308.21,308.79,307.79,308.61,8089.0
2025-08-12 12:45:00,308.58,309.24,308.57,309.24,12683.0
2025-08-12 12:50:00,309.2385,309.2385,308.43,308.43,5978.0
2025-08-12 12:55:00,308.45,308.45,308.4,308.45,1036.0
2025-08-12 13:00:00,308.74,309.0,308.31,308.53,4371.0
2025-08-12 13:05:00,308.51,308.51,308.21,308.4,13385.0
2025-08-12 13:10:00,308.41,308.41,307.78,307.98,8540.0
2025-08-12 13:15:00,308.22,308.25,308.1,308.1,1089.0
2025-08-12 13:20:00,308.01,308.13,308.0039,308.0039,1045.0
2025-08-12 13:25:00,308.15,308.37,307.98,308.22,7515.0
2025-08-12 13:30:00,308.22,308.5,308.13,308.1985,142448.0
2025-08-12 13:35:00,308.2135,308.22,307.61,307.61,179457.0
2025-08-12 13:40:00,307.62,309.0,307.54,308.87,448200.0
2025-08-12 13:45:00,308.88,309.1,308.06,308.49,781379.0
2025-08-12 13:50:00,308.501,308.54,307.84,308.07,410823.0
2025-08-12 13:55:00,308.065,308.3,307.96,308.0,281510.0
2025-08-12 14:00:00,308.0,308.11,307.7,307.76,277372.0
2025-08-12 14:05:00,307.78,307.95,307.76,307.83,99928.0
2025-08-12 14:10:00,307.77,307.77,307.14,307.159,197448.0
2025-08-12 14:15:00,307.15,307.2,306.71,306.88,340304.0
2025-08-12 14:20:00,306.87,307.08,306.75,307.01,210626.0
2025-08-12 14:25:00,307.0,307.3,306.95,307.1,139257.0
2025-08-12 14:30:00,307.09,307.39,306.92,307.31,131510.0
2025-08-12 14:35:00,307.32,307.42,307.15,307.21,82193.0
2025-08-12 14:40:00,307.21,307.35,307.14,307.21,63888.0
2025-08-12 14:45:00,307.19,307.2,306.8299,306.84,122766.0
2025-08-12 14:50:00,306.85,307.14,306.84,307.02,115138.0
2025-08-12 14:55:00,307.0,307.3975,306.86,307.29,135996.0
2025-08-12 15:00:00,307.3,307.665,307.27,307.58,79455.0
2025-08-12 15:05:00,307.61,307.7,307.55,307.67,48789.0
2025-08-12 15:10:00,307.64,307.97,307.63,307.82,88905.0
2025-08-12 15:15:00,307.81,308.07,307.71,308.03,101666.0
2025-08-12 15:20:00,308.03,308.33,308.0,308.3108,159142.0
2025-08-12 15:25:00,308.31,309.305,308.28,308.89,429621.0
2025-08-12 15:30:00,308.93,309.22,308.45,308.59,324276.0
2025-08-12 15:35:00,308.59,308.78,308.51,308.67,129499.0
2025-08-12 15:40:00,308.66,308.88,308.61,308.77,121391.0
2025-08-12 15:45:00,308.78,308.785,308.62,308.64,60881.0
2025-08-12 15:50:00,308.66,308.85,308.34,308.52,114291.0
2025-08-12 15:55:00,308.51,308.64,308.41,308.43,84538.0
2025-08-12 16:00:00,308.43,308.49,308.28,308.3601,127164.0
2025-08-13 09:30:00,309.6,309.72,309.6,309.68,1972.0
2025-08-13 09:35:00,309.68,309.75,309.66,309.69,1222.0
2025-08-13 09:40:00,309.84,309.96,309.84,309.94,1763.0
2025-08-13 09:45:00,309.87,309.87,309.76,309.76,1264.0
2025-08-13 09:50:00,309.85,309.89,309.83,309.83,448.0
2025-08-13 09:55:00,309.78,309.78,309.76,309.76,497.0
2025-08-13 10:00:00,309.98,309.98,309.79,309.79,481.0
2025-08-13 10:05:00,309.72,309.72,309.72,309.72,107.0
2025-08-13 10:10:00,309.83,309.83,309.83,309.83,111.0
2025-08-13 10:15:00,309.85,309.85,309.85,309.85,221.0
2025-08-13 10:25:00,309.72,309.72,309.72,309.72,203.0
2025-08-13 10:30:00,309.85,309.85,309.85,309.85,1156.0
2025-08-13 10:35:00,309.92,309.98,309.92,309.98,1131.0
2025-08-13 10:40:00,309.95,309.99,309.88,309.88,600.0
2025-08-13 10:45:00,309.88,309.88,309.71,309.71,1821.0
2025-08-13 10:50:00,310.0,310.0,309.98,310.0,874.0
2025-08-13 10:55:00,309.85,309.85,309.85,309.85,341.0
2025-08-13 11:00:00,309.95,310.0,309.8,309.8,3245.0
2025-08-13 11:05:00,309.71,309.71,309.65,309.65,2558.0
2025-08-13 11:10:00,309.56,309.58,309.56,309.58,1258.0
2025-08-13 11:15:00,309.53,309.53,309.52,309.52,490.0
2025-08-13 11:20:00,309.5,309.5,309.5,309.5,210.0
2025-08-13 11:25:00,309.4,309.4,309.38,309.38,377.0
2025-08-13 11:30:00,309.31,309.31,309.31,309.31,320.0
2025-08-13 11:35:00,309.3,309.35,309.3,309.35,1176.0
2025-08-13 11:40:00,309.39,309.39,309.39,309.39,176.0
2025-08-13 11:45:00,309.45,309.45,309.4,309.4,522.0
2025-08-13 11:50:00,309.4,309.4,309.4,309.4,355.0
2025-08-13 11:55:00,309.48,309.48,309.44,309.44,303.0
2025-08-13 12:00:00,309.87,310.0,308.68,309.6,40325.0
2025-08-13 12:05:00,309.45,309.45,309.09,309.09,5924.0
2025-08-13 12:10:00,309.1497,309.23,309.1497,309.22,1665.0
2025-08-13 12:15:00,309.06,309.07,309.06,309.07,1235.0
2025-08-13 12:20:00,309.5,309.52,309.48,309.48,1398.0
2025-08-13 12:30:00,309.15,309.4005,309.0,309.4005,3005.0
2025-08-13 12:35:00,309.22,309.3,309.22,309.3,415.0
2025-08-13 12:40:00,309.2,309.2,309.18,309.18,210.0
2025-08-13 12:45:00,309.0015,309.4963,309.0015,309.4963,783.0
2025-08-13 12:50:00,309.2,309.2,309.2,309.2,177.0
2025-08-13 12:55:00,309.3,309.3,309.3,309.3,110.0
2025-08-13 13:00:00,309.0,309.0,308.87,308.87,5458.0
2025-08-13 13:05:00,309.07,309.07,308.9,308.9,1014.0
2025-08-13 13:10:00,308.8418,309.09,308.8418,309.09,6965.0
2025-08-13 13:15:00,309.14,309.14,308.91,308.91,3665.0
2025-08-13 13:20:00,308.99,309.1,308.88,309.1,6471.0
2025-08-13 13:25:00,309.0,309.1,308.94,309.1,4062.0
2025-08-13 13:30:00,309.1,309.2499,309.05,309.0938,143823.0
2025-08-13 13:35:00,309.13,309.605,309.13,309.54,163794.0
2025-08-13 13:40:00,309.5186,309.6,309.32,309.58,92299.0
2025-08-13 13:45:00,309.6,309.76,309.39,309.56,127886.0
2025-08-13 13:50:00,309.58,309.93,309.58,309.86,54302.0
2025-08-13 13:55:00,309.84,309.91,309.74,309.83,159762.0
2025-08-13 14:00:00,309.835,310.1696,309.66,309.9696,113923.0
2025-08-13 14:05:00,309.93,310.39,309.815,310.16,162719.0
2025-08-13 14:10:00,310.16,310.225,309.94,310.0,104728.0
2025-08-13 14:15:00,310.014,310.06,309.74,309.9101,72055.0
2025-08-13 14:20:00,309.9,310.03,309.78,309.8188,56756.0
2025-08-13 14:25:00,309.79,309.9698,309.68,309.84,266564.0
2025-08-13 14:30:00,309.8324,309.95,309.7466,309.94,30677.0
2025-08-13 14:35:00,309.95,309.98,309.81,309.93,37941.0
2025-08-13 14:40:00,309.925,309.96,309.6754,309.72,23646.0
2025-08-13 14:45:00,309.76,309.76,309.47,309.61,48295.0
2025-08-13 14:50:00,309.61,309.69,309.5003,309.5597,29713.0
2025-08-13 14:55:00,309.55,309.6599,309.48,309.6599,27271.0
2025-08-13 15:00:00,309.66,309.7,309.3901,309.4576,42554.0
2025-08-13 15:05:00,309.47,309.57,309.29,309.4,34793.0
2025-08-13 15:10:00,309.36,309.44,309.17,309.22,37671.0
2025-08-13 15:15:00,309.21,309.22,309.0,309.09,49124.0
2025-08-13 15:20:00,309.0702,309.19,308.98,309.14,33391.0
2025-08-13 15:25:00,309.1376,309.1376,308.985,308.985,25136.0
2025-08-13 15:30:00,308.97,309.11,308.8612,308.955,43997.0
2025-08-13 15:35:00,308.95,309.05,308.93,308.975,42726.0
2025-08-13 15:40:00,308.9651,309.04,308.9,308.94,44320.0
2025-08-13 15:45:00,308.95,309.1,308.92,309.0965,46189.0
2025-08-13 15:50:00,309.09,309.12,309.03,309.04,76492.0
2025-08-13 15:55:00,309.07,309.17,309.07,309.17,36708.0
2025-08-13 16:00:00,309.18,309.23,309.14,309.14,137046.0
2025-08-14 09:30:00,308.97,309.02,308.97,309.02,286.0
2025-08-14 09:40:00,308.94,308.94,308.94,308.94,260.0
2025-08-14 09:45:00,308.83,308.83,308.83,308.83,135.0
2025-08-14 09:55:00,309.09,309.09,308.98,308.98,363.0
2025-08-14 10:10:00,308.93,309.0,308.92,308.98,1209.0
2025-08-14 10:15:00,309.02,309.02,309.01,309.02,310.0
2025-08-14 10:20:00,309.0,309.0,309.0,309.0,200.0
2025-08-14 10:25:00,309.09,309.22,309.09,309.22,735.0
2025-08-14 10:30:00,309.23,309.23,309.23,309.23,100.0
2025-08-14 10:40:00,308.87,308.87,308.87,308.87,195.0
2025-08-14 10:45:00,308.67,308.67,308.67,308.67,235.0
2025-08-14 11:05:00,308.88,308.88,308.88,308.88,200.0
2025-08-14 11:10:00,308.92,308.92,308.77,308.77,725.0
2025-08-14 11:15:00,308.67,308.67,308.67,308.67,326.0
2025-08-14 11:25:00,309.189,309.189,308.89,308.9,465.0
2025-08-14 11:50:00,308.83,308.83,308.82,308.82,615.0
2025-08-14 11:55:00,308.87,308.88,308.87,308.88,1014.0
2025-08-14 12:00:00,308.0,309.8,308.0,309.0,18036.0
2025-08-14 12:05:00,309.0,309.2424,309.0,309.09,616.0
2025-08-14 12:15:00,308.6271,308.6271,308.6271,308.6271,513.0
2025-08-14 12:20:00,308.8,309.0,308.69,309.0,3408.0
2025-08-14 12:25:00,308.8,309.0,308.68,308.68,3886.0
2025-08-14 12:30:00,308.52,308.52,307.9,308.16,16491.0
2025-08-14 12:35:00,308.56,308.56,308.2,308.51,10996.0
2025-08-14 12:40:00,308.35,308.3999,308.3,308.3999,1579.0
2025-08-14 12:45:00,308.81,308.99,308.68,308.68,6734.0
2025-08-14 12:50:00,308.65,308.84,308.5,308.84,5372.0
2025-08-14 12:55:00,308.4,308.48,308.33,308.4101,2998.0
2025-08-14 13:00:00,308.43,308.6801,308.25,308.6801,5358.0
2025-08-14 13:05:00,308.75,308.9,308.69,308.7,11718.0
2025-08-14 13:10:00,308.8,308.93,308.74,308.88,3363.0
2025-08-14 13:15:00,308.67,308.89,308.67,308.85,3856.0
2025-08-14 13:20:00,308.65,308.65,308.05,308.05,13979.0
2025-08-14 13:25:00,308.0,308.14,307.95,308.0,7264.0
2025-08-14 13:30:00,307.925,308.28,307.85,308.06,172886.0
2025-08-14 13:35:00,308.03,308.28,307.98,308.23,52513.0
2025-08-14 13:40:00,308.24,308.34,308.04,308.2,47084.0
2025-08-14 13:45:00,308.2,308.25,307.88,308.035,203707.0
2025-08-14 13:50:00,308.05,308.1495,307.9,308.1495,79800.0
2025-08-14 13:55:00,308.11,308.17,307.79,307.83,57967.0
2025-08-14 14:00:00,307.8691,307.98,307.61,307.91,87899.0
2025-08-14 14:05:00,307.91,307.95,306.96,307.1174,268873.0
2025-08-14 14:10:00,307.11,307.38,306.94,307.29,119532.0
2025-08-14 14:15:00,307.26,307.85,307.2,307.8083,90272.0
2025-08-14 14:20:00,307.81,307.98,307.64,307.895,58337.0
2025-08-14 14:25:00,307.9,307.99,307.73,307.88,59240.0
2025-08-14 14:30:00,307.92,308.045,307.77,307.88,41265.0
2025-08-14 14:35:00,307.86,307.94,307.64,307.74,36424.0
2025-08-14 14:40:00,307.71,307.79,307.49,307.52,61032.0
2025-08-14 14:45:00,307.53,307.65,307.37,307.45,57034.0
2025-08-14 14:50:00,307.44,307.68,307.43,307.56,36315.0
2025-08-14 14:55:00,307.56,307.61,307.4,307.4976,33914.0
2025-08-14 15:00:00,307.54,307.6,307.13,307.19,58183.0
2025-08-14 15:05:00,307.17,307.3395,307.03,307.1755,68267.0
2025-08-14 15:10:00,307.1796,307.26,307.13,307.16,30826.0
2025-08-14 15:15:00,307.15,307.3999,307.14,307.37,36775.0
2025-08-14 15:20:00,307.37,307.3799,307.08,307.12,36968.0
2025-08-14 15:25:00,307.1101,307.48,307.11,307.4,41991.0
2025-08-14 15:30:00,307.42,307.49,307.2675,307.49,102464.0
2025-08-14 15:35:00,307.5,307.63,307.41,307.47,35499.0
2025-08-14 15:40:00,307.42,307.6999,307.41,307.495,72254.0
2025-08-14 15:45:00,307.51,307.65,307.43,307.59,22768.0
2025-08-14 15:50:00,307.61,307.71,307.47,307.61,91199.0
2025-08-14 15:55:00,307.62,307.64,307.53,307.61,15520.0
2025-08-14 16:00:00,307.63,307.63,307.42,307.49,24719.0
2025-08-15 09:30:00,307.92,307.92,307.84,307.84,334.0
2025-08-15 09:35:00,307.79,307.84,307.79,307.84,200.0
2025-08-15 09:45:00,307.78,307.78,307.78,307.78,100.0
2025-08-15 09:50:00,307.75,307.75,307.75,307.75,100.0
2025-08-15 10:00:00,307.62,307.62,307.62,307.62,117.0
2025-08-15 10:25:00,307.32,307.32,307.32,307.32,1452.0
2025-08-15 11:00:00,307.47,307.49,307.47,307.47,710.0
2025-08-15 11:15:00,307.51,307.56,307.51,307.56,277.0
2025-08-15 11:20:00,307.45,307.45,307.45,307.45,112.0
2025-08-15 11:25:00,307.5,307.5,307.49,307.5,1868.0
2025-08-15 11:30:00,307.59,307.75,307.59,307.75,742.0
2025-08-15 11:45:00,307.75,307.75,307.75,307.75,200.0
2025-08-15 12:00:00,307.65,308.0,307.31,308.0,7293.0
2025-08-15 12:05:00,307.62,307.8853,307.5,307.5,652.0
2025-08-15 12:10:00,307.5,307.5,307.5,307.5,112.0
2025-08-15 12:15:00,307.7,307.7,307.32,307.32,1678.0
2025-08-15 12:25:00,307.33,307.34,307.3,307.3,566.0
2025-08-15 12:30:00,307.19,307.2,307.0,307.16,2935.0
2025-08-15 12:35:00,307.4,307.4,307.4,307.4,182.0
2025-08-15 12:40:00,307.8,307.9,307.75,307.845,1906.0
2025-08-15 12:45:00,307.84,307.85,307.84,307.85,2198.0
2025-08-15 12:50:00,307.7,307.7,307.65,307.66,940.0
2025-08-15 13:00:00,307.9,308.05,307.71,307.73,3705.0
2025-08-15 13:05:00,307.69,307.7,307.67,307.67,2140.0
2025-08-15 13:10:00,307.62,307.62,307.61,307.61,1114.0
2025-08-15 13:15:00,307.65,307.65,307.25,307.31,4749.0
2025-08-15 13:20:00,307.47,307.63,307.47,307.63,676.0
2025-08-15 13:25:00,307.3499,307.3499,307.25,307.25,1558.0
2025-08-15 13:30:00,307.34,307.54,307.1,307.17,138453.0
2025-08-15 13:35:00,307.14,307.41,307.14,307.17,49562.0
2025-08-15 13:40:00,307.15,307.21,307.0426,307.185,55431.0
2025-08-15 13:45:00,307.15,307.175,306.96,307.07,116788.0
2025-08-15 13:50:00,307.1,307.1,306.87,307.01,115842.0
2025-08-15 13:55:00,306.97,307.255,306.95,307.1,47877.0
2025-08-15 14:00:00,307.05,307.32,307.02,307.2803,58080.0
2025-08-15 14:05:00,307.27,307.6199,307.27,307.34,58399.0
2025-08-15 14:10:00,307.33,307.52,307.32,307.385,33734.0
2025-08-15 14:15:00,307.4,307.78,307.37,307.69,647971.0
2025-08-15 14:20:00,307.685,307.78,307.59,307.62,98197.0
2025-08-15 14:25:00,307.63,307.6525,307.3694,307.3694,146424.0
2025-08-15 14:30:00,307.38,307.655,307.37,307.5741,87735.0
2025-08-15 14:35:00,307.59,307.76,307.58,307.71,29844.0
2025-08-15 14:40:00,307.7175,307.84,307.68,307.71,54257.0
2025-08-15 14:45:00,307.72,307.73,307.56,307.705,159984.0
2025-08-15 14:50:00,307.71,307.87,307.635,307.72,77965.0
2025-08-15 14:55:00,307.725,307.8,307.69,307.7,55078.0
2025-08-15 15:00:00,307.71,307.9,307.7,307.83,62010.0
2025-08-15 15:05:00,307.89,307.96,307.72,307.86,69418.0
2025-08-15 15:10:00,307.86,307.867,307.74,307.7521,48931.0
2025-08-15 15:15:00,307.76,307.89,307.71,307.89,108092.0
2025-08-15 15:20:00,307.87,307.89,307.74,307.8603,38021.0
2025-08-15 15:25:00,307.82,307.9,307.7651,307.8347,41817.0
2025-08-15 15:30:00,307.85,308.0,307.85,307.86,58982.0
2025-08-15 15:35:00,307.87,307.9804,307.8149,307.895,51907.0
2025-08-15 15:40:00,307.87,307.9,307.73,307.7879,105067.0
2025-08-15 15:45:00,307.7601,307.87,307.66,307.81,102064.0
2025-08-15 15:50:00,307.81,307.8307,307.68,307.7445,50210.0
2025-08-15 15:55:00,307.7401,307.77,307.68,307.75,29045.0
2025-08-15 16:00:00,307.72,307.75,307.64,307.67,25512.0
2025-08-18 09:30:00,308.27,308.27,308.27,308.27,187.0
2025-08-18 09:35:00,308.51,308.57,308.51,308.57,370.0
2025-08-18 09:40:00,308.38,308.38,308.33,308.35,611.0
2025-08-18 09:45:00,308.35,308.39,308.35,308.39,322.0
2025-08-18 09:50:00,308.33,308.33,308.33,308.33,1062.0
2025-08-18 09:55:00,308.46,308.46,308.46,308.46,497.0
2025-08-18 10:00:00,308.4,308.4,308.4,308.4,125.0
2025-08-18 10:15:00,308.45,308.45,308.45,308.45,101.0
2025-08-18 10:30:00,308.3,308.3,308.3,308.3,132.0
2025-08-18 10:50:00,308.2,308.27,308.2,308.27,1349.0
2025-08-18 11:00:00,308.15,308.23,308.15,308.23,773.0
2025-08-18 11:05:00,308.18,308.31,308.18,308.31,448.0
2025-08-18 11:10:00,308.3,308.3,308.28,308.28,529.0
2025-08-18 11:30:00,308.24,308.24,308.24,308.24,100.0
2025-08-18 11:35:00,308.26,308.26,308.26,308.26,107.0
2025-08-18 11:50:00,308.1,308.1,308.02,308.02,1014.0
2025-08-18 11:55:00,308.05,308.05,308.04,308.04,1181.0
2025-08-18 12:00:00,308.25,309.09,307.97,308.46,17654.0
2025-08-18 12:05:00,307.9755,307.9755,307.9755,307.9755,174.0
2025-08-18 12:10:00,308.1,308.15,308.07,308.07,1012.0
2025-08-18 12:15:00,308.1,308.1,308.1,308.1,2078.0
2025-08-18 12:25:00,308.17,308.2,308.17,308.2,520.0
2025-08-18 12:30:00,308.06,308.1,308.03,308.1,11305.0
2025-08-18 12:35:00,308.08,308.24,308.08,308.24,1883.0
2025-08-18 12:40:00,308.24,308.37,308.24,308.27,445.0
2025-08-18 12:45:00,308.18,308.18,308.18,308.18,212.0
2025-08-18 12:50:00,308.15,308.2547,307.96,308.01,3509.0
2025-08-18 13:00:00,307.83,307.83,307.7,307.8,1257.0
2025-08-18 13:05:00,307.83,307.8601,307.77,307.77,3336.0
2025-08-18 13:10:00,307.6799,307.8301,307.66,307.66,1478.0
2025-08-18 13:15:00,307.56,307.76,307.56,307.63,6524.0
2025-08-18 13:20:00,307.74,307.8601,307.6801,307.8601,9887.0
2025-08-18 13:25:00,307.88,307.88,307.69,307.77,9691.0
2025-08-18 13:30:00,307.79,307.89,307.52,307.56,201194.0
2025-08-18 13:35:00,307.55,307.62,307.31,307.36,191193.0
2025-08-18 13:40:00,307.38,307.65,307.32,307.505,70658.0
2025-08-18 13:45:00,307.505,307.51,307.36,307.42,149048.0
2025-08-18 13:50:00,307.4,307.43,307.24,307.25,128103.0
2025-08-18 13:55:00,307.24,307.3,307.11,307.19,189490.0
2025-08-18 14:00:00,307.185,307.21,306.8,307.21,240952.0
2025-08-18 14:05:00,307.2175,307.35,307.08,307.09,87908.0
2025-08-18 14:10:00,307.08,307.16,306.9,307.08,96208.0
2025-08-18 14:15:00,307.09,307.19,307.035,307.13,121571.0
2025-08-18 14:20:00,307.15,307.24,307.05,307.2,114615.0
2025-08-18 14:25:00,307.19,307.24,307.08,307.11,130991.0
2025-08-18 14:30:00,307.1,307.39,307.095,307.339,56321.0
2025-08-18 14:35:00,307.31,307.343,307.03,307.165,579076.0
2025-08-18 14:40:00,307.19,307.26,307.1199,307.1199,25420.0
2025-08-18 14:45:00,307.1,307.13,306.97,307.11,50361.0
2025-08-18 14:50:00,307.1,307.15,306.87,306.89,32916.0
2025-08-18 14:55:00,306.89,307.01,306.8601,307.0,38774.0
2025-08-18 15:00:00,307.01,307.075,306.845,306.845,44804.0
2025-08-18 15:05:00,306.83,306.97,306.8,306.94,31752.0
2025-08-18 15:10:00,306.9599,307.05,306.87,307.0,25410.0
2025-08-18 15:15:00,307.02,307.075,306.945,306.945,15146.0
2025-08-18 15:20:00,306.97,307.12,306.9005,306.9758,29951.0
2025-08-18 15:25:00,307.0,307.05,306.96,307.05,25874.0
2025-08-18 15:30:00,307.0387,307.04,306.9,306.96,44454.0
2025-08-18 15:35:00,306.96,307.11,306.95,307.0986,51824.0
2025-08-18 15:40:00,307.09,307.1177,307.05,307.07,31230.0
2025-08-18 15:45:00,307.0583,307.1842,307.05,307.1842,57577.0
2025-08-18 15:50:00,307.18,307.22,306.97,307.04,143171.0
2025-08-18 15:55:00,307.04,307.16,307.04,307.13,52783.0
2025-08-18 16:00:00,307.13,307.14,306.905,306.91,69336.0
2025-08-19 09:40:00,307.44,307.44,307.44,307.44,269.0
2025-08-19 09:45:00,307.44,307.44,307.38,307.38,7367.0
2025-08-19 09:50:00,307.45,307.45,307.43,307.43,2480.0
2025-08-19 10:00:00,307.45,307.47,307.45,307.47,19892.0
2025-08-19 10:05:00,307.69,307.69,307.69,307.69,108.0
2025-08-19 10:10:00,307.72,307.75,307.72,307.75,1100.0
2025-08-19 10:15:00,307.75,307.9,307.75,307.87,2341.0
2025-08-19 10:20:00,307.95,307.95,307.93,307.93,1065.0
2025-08-19 10:25:00,307.78,307.78,307.78,307.78,103.0
2025-08-19 10:30:00,307.89,307.9,307.84,307.84,1366.0
2025-08-19 11:00:00,307.78,307.88,307.76,307.85,1504.0
2025-08-19 11:05:00,307.86,307.95,307.86,307.95,728.0
2025-08-19 11:25:00,307.65,307.66,307.65,307.65,475.0
2025-08-19 11:40:00,307.5,307.64,307.5,307.63,924.0
2025-08-19 11:45:00,307.66,307.7,307.66,307.67,3127.0
2025-08-19 11:50:00,307.68,307.68,307.55,307.55,1951.0
2025-08-19 11:55:00,307.55,307.55,307.55,307.55,1601.0
2025-08-19 12:00:00,307.74,307.95,307.12,307.45,7292.0
2025-08-19 12:05:00,307.2644,307.2644,307.2644,307.2644,130.0
2025-08-19 12:10:00,307.86,307.86,307.3,307.3,375.0
2025-08-19 12:15:00,307.4685,307.4685,307.42,307.42,375.0
2025-08-19 12:20:00,307.42,307.42,307.41,307.41,397.0
2025-08-19 12:30:00,307.17,307.17,307.17,307.17,292.0
2025-08-19 12:45:00,307.1,307.2,307.1,307.2,502.0
2025-08-19 13:00:00,307.03,307.03,307.01,307.01,21663.0
2025-08-19 13:05:00,306.98,306.98,306.66,306.66,2968.0
2025-08-19 13:10:00,306.53,306.55,306.18,306.3,21732.0
2025-08-19 13:15:00,306.69,306.83,306.55,306.68,24817.0
2025-08-19 13:20:00,306.55,306.67,306.53,306.67,1219.0
2025-08-19 13:25:00,306.7799,306.8985,306.7,306.76,5139.0
2025-08-19 13:30:00,306.76,307.1414,306.72,307.091,83032.0
2025-08-19 13:35:00,307.12,307.3,307.01,307.12,104251.0
2025-08-19 13:40:00,307.1,307.34,307.1,307.3109,64530.0
2025-08-19 13:45:00,307.33,307.4788,307.16,307.18,56981.0
2025-08-19 13:50:00,307.17,307.25,307.05,307.18,70576.0
2025-08-19 13:55:00,307.19,307.2599,306.946,306.95,35306.0
2025-08-19 14:00:00,306.95,307.205,306.8,307.165,39181.0
2025-08-19 14:05:00,307.1,307.24,307.03,307.23,114563.0
2025-08-19 14:10:00,307.2,307.2,306.94,307.03,34471.0
2025-08-19 14:15:00,307.0263,307.16,306.94,307.1,38123.0
2025-08-19 14:20:00,307.11,307.18,307.0201,307.14,19399.0
2025-08-19 14:25:00,307.06,307.11,306.99,307.1,16506.0
2025-08-19 14:30:00,307.11,307.19,306.76,306.82,32228.0
2025-08-19 14:35:00,306.83,306.86,306.39,306.4357,162182.0
2025-08-19 14:40:00,306.39,306.48,306.18,306.2146,75263.0
2025-08-19 14:45:00,306.24,306.3,305.92,306.04,100147.0
2025-08-19 14:50:00,306.005,306.0399,305.745,305.8406,93955.0
2025-08-19 14:55:00,305.81,306.18,305.8,306.16,64537.0
2025-08-19 15:00:00,306.18,306.27,305.8103,305.93,50137.0
2025-08-19 15:05:00,305.9,306.04,305.82,305.938627,58574.0
2025-08-19 15:10:00,305.95,306.04,305.83,305.96,62710.0
2025-08-19 15:15:00,305.94,306.12,305.87,306.08,39176.0
2025-08-19 15:20:00,306.07,306.21,306.06,306.14,36112.0
2025-08-19 15:25:00,306.125,306.3,306.06,306.09,57630.0
2025-08-19 15:30:00,306.07,306.24,306.07,306.21,43809.0
2025-08-19 15:35:00,306.22,306.25,306.175,306.175,30663.0
2025-08-19 15:40:00,306.2,306.23,305.89,305.96,35536.0
2025-08-19 15:45:00,305.97,306.01,305.81,305.87,56575.0
2025-08-19 15:50:00,305.88,305.97,305.83,305.85,65497.0
2025-08-19 15:55:00,305.845,305.94,305.8356,305.915,30274.0
2025-08-19 16:00:00,305.92,306.05,305.905,306.02,42873.0
2025-08-20 09:35:00,306.26,306.26,306.26,306.26,515.0
2025-08-20 09:45:00,306.23,306.23,306.23,306.23,114.0
2025-08-20 09:55:00,306.27,306.27,306.27,306.27,100.0
2025-08-20 10:10:00,306.23,306.23,306.23,306.23,340.0
2025-08-20 10:20:00,306.12,306.12,306.12,306.12,390.0
2025-08-20 10:25:00,306.27,306.27,306.27,306.27,256.0
2025-08-20 10:30:00,306.3,306.4,306.3,306.35,13315.0
2025-08-20 10:45:00,306.31,306.31,306.31,306.31,264.0
2025-08-20 10:50:00,306.32,306.32,306.2,306.2,2530.0
2025-08-20 11:05:00,306.3,306.4,306.3,306.4,866.0
2025-08-20 11:10:00,306.4,306.5,306.4,306.5,2181.0
2025-08-20 11:15:00,306.5,306.66,306.5,306.53,1451.0
2025-08-20 11:35:00,306.7,306.7,306.7,306.7,740.0
2025-08-20 11:40:00,306.59,306.65,306.53,306.53,2527.0
2025-08-20 11:45:00,306.58,306.64,306.55,306.61,1038.0
2025-08-20 11:50:00,306.59,306.7,306.59,306.7,2531.0
2025-08-20 11:55:00,306.68,306.8,306.67,306.78,11556.0
2025-08-20 12:00:00,306.4485,306.95,305.5,306.91,13628.0
2025-08-20 12:05:00,307.0,307.0,306.99,306.99,1406.0
2025-08-20 12:10:00,306.99,307.0,306.98,307.0,5487.0
2025-08-20 12:15:00,307.1403,307.1403,306.91,307.1,2387.0
2025-08-20 12:20:00,307.2003,307.33,307.0,307.28,10741.0
2025-08-20 12:25:00,307.1403,307.34,307.1,307.33,14970.0
2025-08-20 12:30:00,307.34,307.64,307.3,307.5,3998.0
2025-08-20 12:35:00,307.4025,307.6,307.4025,307.6,2742.0
2025-08-20 12:40:00,307.58,307.6,307.3854,307.3854,1378.0
2025-08-20 12:45:00,307.45,307.76,307.45,307.61,12089.0
2025-08-20 12:50:00,307.65,307.76,307.5,307.76,4558.0
2025-08-20 12:55:00,307.71,307.95,307.71,307.81,3790.0
2025-08-20 13:00:00,307.7,307.77,307.55,307.77,5327.0
2025-08-20 13:05:00,307.67,307.7098,307.51,307.7098,3059.0
2025-08-20 13:10:00,307.71,307.74,307.63,307.69,3478.0
2025-08-20 13:15:00,307.76,307.76,307.72,307.74,4603.0
2025-08-20 13:20:00,307.57,307.6,307.5,307.5,12403.0
2025-08-20 13:25:00,307.45,307.53,307.42,307.45,6797.0
2025-08-20 13:30:00,307.54,307.8301,307.54,307.765,223205.0
2025-08-20 13:35:00,307.77,307.805,307.66,307.72,169419.0
2025-08-20 13:40:00,307.725,308.26,307.68,308.13,271985.0
2025-08-20 13:45:00,308.12,308.12,307.59,307.6,64684.0
2025-08-20 13:50:00,307.61,307.81,307.52,307.76,96545.0
2025-08-20 13:55:00,307.74,308.04,307.7,307.96,84853.0
2025-08-20 14:00:00,307.9499,308.04,307.7,307.82,283712.0
2025-08-20 14:05:00,307.83,307.88,307.545,307.63,179008.0
2025-08-20 14:10:00,307.62,307.75,307.5701,307.68,88220.0
2025-08-20 14:15:00,307.69,307.78,307.51,307.7792,82858.0
2025-08-20 14:20:00,307.785358,307.82,307.7,307.75,338907.0
2025-08-20 14:25:00,307.75,307.97,307.6701,307.93,201006.0
2025-08-20 14:30:00,307.95,308.13,307.92,308.07,135548.0
2025-08-20 14:35:00,308.09,308.15,307.97,308.1177,93450.0
2025-08-20 14:40:00,308.11,308.13,308.02,308.09,70455.0
2025-08-20 14:45:00,308.09,308.47,308.05,308.38,191888.0
2025-08-20 14:50:00,308.37,308.37,308.13,308.2,61051.0
2025-08-20 14:55:00,308.23,308.3,308.14,308.14,50987.0
2025-08-20 15:00:00,308.16,308.16,307.98,307.99,80312.0
2025-08-20 15:05:00,307.99,308.03,307.7899,307.79,52809.0
2025-08-20 15:10:00,307.795,307.91,307.71,307.74,64573.0
2025-08-20 15:15:00,307.755,307.78,307.62,307.71,65328.0
2025-08-20 15:20:00,307.72,307.73,307.555,307.56,74074.0
2025-08-20 15:25:00,307.56,307.64,307.44,307.64,225874.0
2025-08-20 15:30:00,307.6298,307.66,307.49,307.54,43386.0
2025-08-20 15:35:00,307.51,307.71,307.51,307.66,37965.0
2025-08-20 15:40:00,307.68,307.785,307.53,307.555,18560.0
2025-08-20 15:45:00,307.58,307.65,307.565,307.565,18277.0
2025-08-20 15:50:00,307.52,307.5338,307.4,307.415,36542.0
2025-08-20 15:55:00,307.43,307.59,307.43,307.57,33687.0
2025-08-20 16:00:00,307.5598,307.82,307.5598,307.787,32559.0
2025-08-21 09:40:00,307.41,307.41,307.41,307.41,235.0
2025-08-21 10:05:00,307.4,307.4,307.38,307.38,355.0
2025-08-21 10:30:00,307.18,307.18,307.18,307.18,152.0
2025-08-21 10:35:00,307.0,307.02,306.99,306.99,2427.0
2025-08-21 10:40:00,306.8,306.8,306.42,306.53,2392.0
2025-08-21 10:45:00,306.51,306.54,306.5,306.54,618.0
2025-08-21 10:50:00,306.46,306.46,306.46,306.46,205.0
2025-08-21 10:55:00,306.39,306.39,306.33,306.33,902.0
2025-08-21 11:00:00,306.47,306.48,306.09,306.23,2344.0
2025-08-21 11:10:00,306.26,306.32,306.25,306.28,1413.0
2025-08-21 11:20:00,306.5,306.56,306.5,306.56,905.0
2025-08-21 11:25:00,306.69,306.69,306.5,306.5,1178.0
2025-08-21 11:30:00,306.53,306.53,306.51,306.52,431.0
2025-08-21 11:35:00,306.57,306.74,306.57,306.74,2618.0
2025-08-21 11:40:00,306.69,306.79,306.64,306.79,2806.0
2025-08-21 11:50:00,306.82,306.82,306.82,306.82,205.0
2025-08-21 11:55:00,306.79,306.79,306.76,306.76,500.0
2025-08-21 12:00:00,306.09,307.44,306.09,307.1501,14145.0
2025-08-21 12:05:00,307.25,307.39,307.24,307.39,1450.0
2025-08-21 12:10:00,307.48,307.6,307.4,307.6,4816.0
2025-08-21 12:15:00,307.48,307.48,307.48,307.48,1014.0
2025-08-21 12:20:00,307.48,307.48,307.0,307.0,950.0
2025-08-21 12:30:00,307.64,307.8,307.05,307.8,22512.0
2025-08-21 12:35:00,307.8,307.8,307.68,307.7,1202.0
2025-08-21 12:40:00,307.4586,307.4586,307.38,307.38,286.0
2025-08-21 12:45:00,307.3901,307.5401,307.3901,307.5401,957.0
2025-08-21 12:50:00,307.41,307.41,307.41,307.41,203.0
2025-08-21 12:55:00,307.5,307.5,307.5,307.5,102.0
2025-08-21 13:00:00,307.7,307.75,307.6,307.6,2111.0
2025-08-21 13:05:00,307.54,307.56,307.36,307.56,2279.0
2025-08-21 13:10:00,307.58,307.58,307.58,307.58,236.0
2025-08-21 13:15:00,307.66,307.75,307.66,307.75,3370.0
2025-08-21 13:20:00,307.83,307.9,307.8087,307.9,3822.0
2025-08-21 13:25:00,307.8,307.9,307.73,307.89,2993.0
2025-08-21 13:30:00,307.86,308.12,307.86,308.04,147826.0
2025-08-21 13:35:00,308.04,308.0999,307.86,307.97,106228.0
2025-08-21 13:40:00,307.99,308.0,307.88,307.91,49911.0
2025-08-21 13:45:00,307.91,307.91,307.0314,307.41,248149.0
2025-08-21 13:50:00,307.42,307.48,307.15,307.21,122549.0
2025-08-21 13:55:00,307.23,307.36,307.16,307.32,77222.0
2025-08-21 14:00:00,307.31,307.62,307.2,307.34,145684.0
2025-08-21 14:05:00,307.34,307.73,307.32,307.63,91507.0
2025-08-21 14:10:00,307.64,307.9,307.62,307.85,94928.0
2025-08-21 14:15:00,307.84,307.86,307.695,307.775,129241.0
2025-08-21 14:20:00,307.78,307.87,307.62,307.8,89026.0
2025-08-21 14:25:00,307.82,307.925,307.789,307.86,49839.0
2025-08-21 14:30:00,307.87,308.0,307.85,307.96,61562.0
2025-08-21 14:35:00,307.96,308.15,307.87,308.06,99326.0
2025-08-21 14:40:00,308.07,308.075,307.66,307.68,79988.0
2025-08-21 14:45:00,307.68,307.74,307.56,307.63,202346.0
2025-08-21 14:50:00,307.65,307.785,307.59,307.7707,41416.0
2025-08-21 14:55:00,307.775,307.86,307.6697,307.7916,128727.0
2025-08-21 15:00:00,307.7997,307.89,307.6099,307.6099,66101.0
2025-08-21 15:05:00,307.605,307.605,307.41,307.4999,76259.0
2025-08-21 15:10:00,307.52,307.57,307.28,307.3,58148.0
2025-08-21 15:15:00,307.29,307.38,307.17,307.34,46830.0
2025-08-21 15:20:00,307.34,307.45,307.265,307.3607,49003.0
2025-08-21 15:25:00,307.34,307.83,307.34,307.69,151250.0
2025-08-21 15:30:00,307.7,307.7719,307.52,307.71,52492.0
2025-08-21 15:35:00,307.71,307.96,307.67,307.88,70615.0
2025-08-21 15:40:00,307.87,307.96,307.79,307.945,55578.0
2025-08-21 15:45:00,307.95,308.0,307.8281,307.88,52359.0
2025-08-21 15:50:00,307.87,307.88,307.725,307.735,36508.0
2025-08-21 15:55:00,307.74,307.77,307.685,307.72,26825.0
2025-08-21 16:00:00,307.76,307.765,307.625,307.68,23277.0
2025-08-22 09:30:00,306.44,306.5,306.44,306.5,555.0
2025-08-22 09:40:00,306.7,306.7,306.7,306.7,660.0
2025-08-22 10:00:00,306.6,306.6,306.6,306.6,100.0
2025-08-22 10:15:00,306.63,306.63,306.63,306.63,140.0
2025-08-22 10:20:00,306.6,306.6,306.6,306.6,107.0
2025-08-22 10:50:00,306.67,306.67,306.67,306.67,273.0
2025-08-22 11:00:00,306.7,306.7,306.7,306.7,250.0
2025-08-22 11:05:00,306.57,306.57,306.52,306.52,358.0
2025-08-22 11:10:00,306.58,306.58,306.5,306.5,1719.0
2025-08-22 11:15:00,306.45,306.45,306.45,306.45,322.0
2025-08-22 11:20:00,306.39,306.49,306.36,306.49,571.0
2025-08-22 11:30:00,306.55,306.57,306.55,306.56,300.0
2025-08-22 11:35:00,306.59,306.68,306.59,306.68,1287.0
2025-08-22 11:40:00,306.51,306.65,306.45,306.51,7778.0
2025-08-22 11:45:00,306.5,306.67,306.43,306.43,3485.0
2025-08-22 11:50:00,306.49,306.52,306.38,306.42,2887.0
2025-08-22 11:55:00,306.42,306.44,306.4,306.44,509.0
2025-08-22 12:00:00,306.52,306.81,306.26,306.35,8375.0
2025-08-22 12:05:00,306.42,306.42,306.33,306.42,482.0
2025-08-22 12:10:00,306.37,306.38,306.12,306.19,3166.0
2025-08-22 12:15:00,306.12,306.35,306.12,306.35,401.0
2025-08-22 12:20:00,306.38,306.44,306.35,306.44,340.0
2025-08-22 12:25:00,306.27,306.32,306.21,306.21,559.0
2025-08-22 12:30:00,306.14,306.14,305.7501,305.93,5624.0
2025-08-22 12:35:00,306.02,306.1,305.8,305.8,1777.0
2025-08-22 12:40:00,306.01,306.05,306.01,306.05,513.0
2025-08-22 12:45:00,306.11,306.11,306.11,306.11,165.0
2025-08-22 12:55:00,306.0,306.05,306.0,306.05,1293.0
2025-08-22 13:00:00,306.07,306.15,306.07,306.08,768.0
2025-08-22 13:05:00,306.04,306.2203,306.0,306.15,1618.0
2025-08-22 13:10:00,306.2001,306.24,306.15,306.15,1904.0
2025-08-22 13:15:00,306.07,306.39,306.07,306.26,1471.0
2025-08-22 13:20:00,306.36,306.3601,306.36,306.3601,743.0
2025-08-22 13:25:00,306.3699,306.51,306.3699,306.46,7312.0
2025-08-22 13:30:00,306.52,306.7,306.43,306.66,120520.0
2025-08-22 13:35:00,306.65,306.93,306.61,306.93,59932.0
2025-08-22 13:40:00,306.94,307.1371,306.81,306.9,116701.0
2025-08-22 13:45:00,306.89,306.99,306.735,306.87,76516.0
2025-08-22 13:50:00,306.85,307.03,306.831,306.92,78238.0
2025-08-22 13:55:00,306.89,307.09,306.85,306.9,60919.0
2025-08-22 14:00:00,306.92,308.91,306.905,308.22,456014.0
2025-08-22 14:05:00,308.22,308.97,308.2,308.83,259743.0
2025-08-22 14:10:00,308.83,309.46,308.83,309.21,218630.0
2025-08-22 14:15:00,309.23,310.01,309.05,309.81,388639.0
2025-08-22 14:20:00,309.88,309.9399,309.21,309.5,179164.0
2025-08-22 14:25:00,309.46,309.9462,309.46,309.84,224056.0
2025-08-22 14:30:00,309.85,310.54,309.85,310.51,380573.0
2025-08-22 14:35:00,310.53,310.62,310.35,310.47,176677.0
2025-08-22 14:40:00,310.49,310.66,310.33,310.56,138094.0
2025-08-22 14:45:00,310.545,310.76,310.45,310.59,191581.0
2025-08-22 14:50:00,310.6,310.875,310.555,310.6,167315.0
2025-08-22 14:55:00,310.62,310.705,310.5,310.595,118791.0
2025-08-22 15:00:00,310.6,310.9075,310.51,310.8908,111593.0
2025-08-22 15:05:00,310.9,310.97,310.62,310.68,236834.0
2025-08-22 15:10:00,310.7,310.89,310.64,310.82,141794.0
2025-08-22 15:15:00,310.8001,310.9199,310.59,310.66,108301.0
2025-08-22 15:20:00,310.67,310.905,310.67,310.86,132996.0
2025-08-22 15:25:00,310.86,310.98,310.8,310.86,197444.0
2025-08-22 15:30:00,310.86,311.0201,310.81,311.0,117056.0
2025-08-22 15:35:00,311.005,311.025,310.73,310.81,124215.0
2025-08-22 15:40:00,310.82,310.85,310.37,310.37,158884.0
2025-08-22 15:45:00,310.38,310.5,310.03,310.0603,256961.0
2025-08-22 15:50:00,310.07,310.19,309.985,310.18,83349.0
2025-08-22 15:55:00,310.21,310.4391,309.99,310.04,46204.0
2025-08-22 16:00:00,310.05,310.35,310.05,310.31,25532.0
2025-08-25 09:30:00,309.57,309.67,309.57,309.67,472.0
2025-08-25 09:40:00,309.88,309.89,309.88,309.89,1260.0
2025-08-25 09:45:00,309.93,309.93,309.93,309.93,279.0
2025-08-25 10:00:00,310.0,310.0,310.0,310.0,300.0
2025-08-25 10:10:00,310.05,310.06,310.01,310.01,1016.0
2025-08-25 10:15:00,309.96,309.96,309.96,309.96,100.0
2025-08-25 10:25:00,309.9,309.9,309.9,309.9,200.0
2025-08-25 10:30:00,309.9,309.91,309.9,309.91,340.0
2025-08-25 10:35:00,310.0,310.0,310.0,310.0,100.0
2025-08-25 11:00:00,309.87,309.87,309.83,309.87,573.0
2025-08-25 11:05:00,310.04,310.08,310.03,310.03,1401.0
2025-08-25 11:15:00,310.0,310.0,309.97,309.97,464.0
2025-08-25 11:20:00,310.0,310.0,310.0,310.0,450.0
2025-08-25 11:25:00,310.08,310.12,310.08,310.12,2058.0
2025-08-25 11:30:00,310.13,310.13,310.13,310.13,121.0
2025-08-25 11:50:00,310.26,310.26,310.25,310.25,300.0
2025-08-25 12:00:00,309.8,310.39,309.62,310.22,24025.0
2025-08-25 12:05:00,310.19,310.19,310.19,310.19,353.0
2025-08-25 12:10:00,310.2,310.2,310.13,310.17,573.0
2025-08-25 12:15:00,310.25,310.25,310.25,310.25,110.0
2025-08-25 12:20:00,310.28,310.28,310.23,310.23,486.0
2025-08-25 12:25:00,310.2,310.34,310.13,310.13,881.0
2025-08-25 12:30:00,310.2,310.2,309.98,310.1,2754.0
2025-08-25 12:35:00,309.96,309.96,309.88,309.88,1183.0
2025-08-25 12:40:00,310.0,310.0,309.9,309.9,768.0
2025-08-25 12:45:00,310.07,310.07,310.07,310.07,527.0
2025-08-25 12:50:00,309.96,309.98,309.76,309.76,783.0
2025-08-25 12:55:00,309.81,309.84,309.76,309.81,3920.0
2025-08-25 13:00:00,309.77,309.7899,309.66,309.69,4190.0
2025-08-25 13:05:00,309.6104,309.6104,309.58,309.58,1601.0
2025-08-25 13:10:00,309.57,309.69,309.57,309.69,5978.0
2025-08-25 13:15:00,309.73,309.74,309.73,309.74,907.0
2025-08-25 13:20:00,309.77,309.83,309.71,309.72,9063.0
2025-08-25 13:25:00,309.66,309.78,309.59,309.74,6385.0
2025-08-25 13:30:00,309.67,310.0,309.67,309.93,130914.0
2025-08-25 13:35:00,309.946,310.06,309.85,310.03,61383.0
2025-08-25 13:40:00,310.04,310.1,309.94,310.0984,73480.0
2025-08-25 13:45:00,310.1,310.24,309.94,310.2299,64821.0
2025-08-25 13:50:00,310.225,310.4,310.21,310.29,126601.0
2025-08-25 13:55:00,310.2888,310.36,310.24,310.35,57875.0
2025-08-25 14:00:00,310.36,310.56,310.34,310.53,68322.0
2025-08-25 14:05:00,310.54,310.56,310.28,310.37,91927.0
2025-08-25 14:10:00,310.365,310.65,310.36,310.61,39559.0
2025-08-25 14:15:00,310.61,310.66,310.45,310.57,43269.0
2025-08-25 14:20:00,310.58,310.6,310.385,310.51,43649.0
2025-08-25 14:25:00,310.5288,310.59,310.1904,310.35,85475.0
2025-08-25 14:30:00,310.39,310.6454,310.381,310.4,61404.0
2025-08-25 14:35:00,310.42,310.615,310.42,310.5479,33894.0
2025-08-25 14:40:00,310.54,310.6701,310.52,310.65,32246.0
2025-08-25 14:45:00,310.67,310.74,310.65,310.69,19066.0
2025-08-25 14:50:00,310.6999,310.78,310.635,310.65,58005.0
2025-08-25 14:55:00,310.65,310.72,310.625,310.685,22718.0
2025-08-25 15:00:00,310.68,310.805,310.66,310.67,46754.0
2025-08-25 15:05:00,310.675,310.81,310.65,310.7477,38390.0
2025-08-25 15:10:00,310.75,310.8316,310.73,310.78,47256.0
2025-08-25 15:15:00,310.78,310.79,310.65,310.665,77554.0
2025-08-25 15:20:00,310.65,310.84,310.615,310.72,46741.0
2025-08-25 15:25:00,310.7403,310.7403,310.63,310.64,28696.0
2025-08-25 15:30:00,310.65,310.6599,310.505,310.6,35939.0
2025-08-25 15:35:00,310.59,310.595,310.49,310.5,36895.0
2025-08-25 15:40:00,310.49,310.5416,310.43,310.5416,36709.0
2025-08-25 15:45:00,310.55,310.69,310.5,310.61,34396.0
2025-08-25 15:50:00,310.61,310.66,310.55,310.6403,19473.0
2025-08-25 15:55:00,310.64,310.65,310.57,310.631,24879.0
2025-08-25 16:00:00,310.6,310.63,310.56,310.61,11664.0
2025-08-26 09:30:00,310.7,310.7,310.5,310.64,3447.0
2025-08-26 09:45:00,310.47,310.47,310.47,310.47,106.0
2025-08-26 09:55:00,310.33,310.35,310.3,310.3,1657.0
2025-08-26 10:15:00,310.49,310.53,310.49,310.53,1382.0
2025-08-26 10:20:00,310.51,310.54,310.5,310.54,2090.0
2025-08-26 10:30:00,310.15,310.15,310.14,310.14,276.0
2025-08-26 10:35:00,310.14,310.14,310.0,310.1,3606.0
2025-08-26 10:40:00,310.1,310.1,310.1,310.1,241.0
2025-08-26 10:45:00,310.26,310.26,310.26,310.26,250.0
2025-08-26 11:00:00,310.39,310.5,310.39,310.5,1414.0
2025-08-26 11:05:00,310.54,310.75,310.54,310.75,591.0
2025-08-26 11:10:00,310.87,310.87,310.87,310.87,502.0
2025-08-26 11:20:00,310.9,310.9,310.89,310.89,820.0
2025-08-26 11:25:00,310.97,311.0,310.92,310.99,2397.0
2025-08-26 11:30:00,310.99,311.08,310.99,311.08,1249.0
2025-08-26 11:35:00,311.02,311.02,310.99,311.02,1528.0
2025-08-26 11:40:00,311.04,311.07,310.97,311.05,3032.0
2025-08-26 11:45:00,311.07,311.15,311.0,311.04,7343.0
2025-08-26 11:50:00,311.03,311.03,310.94,310.94,528.0
2025-08-26 11:55:00,310.88,310.96,310.88,310.9,1985.0
2025-08-26 12:00:00,311.06,311.17,310.09,310.95,27927.0
2025-08-26 12:05:00,310.95,310.99,310.8,310.88,4135.0
2025-08-26 12:10:00,310.93,311.04,310.93,311.0,3844.0
2025-08-26 12:15:00,310.8,310.91,310.8,310.91,435.0
2025-08-26 12:20:00,311.04,311.15,310.9901,310.9901,2355.0
2025-08-26 12:25:00,311.05,311.071,311.05,311.071,397.0
2025-08-26 12:30:00,310.8,310.91,310.66,310.9,6986.0
2025-08-26 12:35:00,310.91,310.91,310.91,310.91,106.0
2025-08-26 12:40:00,310.85,311.05,310.85,311.0,1988.0
2025-08-26 12:45:00,311.05,311.0983,310.94,310.94,3536.0
2025-08-26 12:50:00,310.91,310.91,310.8,310.8,1347.0
2025-08-26 12:55:00,310.77,310.779,310.46,310.46,4413.0
2025-08-26 13:00:00,310.49,310.67,310.32,310.32,3150.0
2025-08-26 13:05:00,310.37,310.56,310.3001,310.47,3042.0
2025-08-26 13:10:00,310.49,310.6176,310.49,310.6176,787.0
2025-08-26 13:15:00,310.52,310.53,310.42,310.49,5173.0
2025-08-26 13:20:00,310.5,310.51,310.36,310.51,8511.0
2025-08-26 13:25:00,310.4,310.6,310.4,310.6,10725.0
2025-08-26 13:30:00,310.62,310.86,310.6,310.77,150989.0
2025-08-26 13:35:00,310.83,311.0288,310.82,310.86,111146.0
2025-08-26 13:40:00,310.85,311.03,310.84,310.9409,91201.0
2025-08-26 13:45:00,310.95,310.96,310.52,310.595,85281.0
2025-08-26 13:50:00,310.595,310.97,310.58,310.8699,48106.0
2025-08-26 13:55:00,310.87,310.8988,310.72,310.815,69365.0
2025-08-26 14:00:00,310.78,310.83,310.46,310.6,128988.0
2025-08-26 14:05:00,310.6,310.72,310.37,310.44,92326.0
2025-08-26 14:10:00,310.42,310.58,310.31,310.395,23864.0
2025-08-26 14:15:00,310.41,310.69,310.305,310.69,43511.0
2025-08-26 14:20:00,310.7,310.845,310.61,310.77,54754.0
2025-08-26 14:25:00,310.75,310.8,310.5712,310.66,52276.0
2025-08-26 14:30:00,310.67,310.8,310.6509,310.73,34862.0
2025-08-26 14:35:00,310.74,310.92,310.675,310.7,46309.0
2025-08-26 14:40:00,310.69,310.85,310.645,310.845,28205.0
2025-08-26 14:45:00,310.8446,311.06,310.82,311.05,140652.0
2025-08-26 14:50:00,311.04,311.1,310.98,311.07,54870.0
2025-08-26 14:55:00,311.08,311.16,311.06,311.14,50958.0
2025-08-26 15:00:00,311.16,311.2801,311.06,311.19,50943.0
2025-08-26 15:05:00,311.2,311.27,311.08,311.15,72371.0
2025-08-26 15:10:00,311.16,311.39,311.12,311.33,53621.0
2025-08-26 15:15:00,311.32,311.33,311.17,311.23,90900.0
2025-08-26 15:20:00,311.23,311.48,311.2,311.42,675745.0
2025-08-26 15:25:00,311.41,311.54,311.36,311.38,109433.0
2025-08-26 15:30:00,311.37,311.46,311.35,311.46,44067.0
2025-08-26 15:35:00,311.46,311.58,311.46,311.53,271525.0
2025-08-26 15:40:00,311.53,311.6498,311.51,311.64,148504.0
2025-08-26 15:45:00,311.68,311.76,311.6,311.67,367131.0
2025-08-26 15:50:00,311.67,311.7358,311.56,311.73,37227.0
2025-08-26 15:55:00,311.74,312.05,311.74,311.81,295746.0
2025-08-26 16:00:00,311.83,311.86,311.7,311.81,86179.0
2025-08-27 09:50:00,311.1,311.1,311.01,311.01,3187.0
2025-08-27 09:55:00,310.97,310.97,310.97,310.97,100.0
2025-08-27 10:20:00,311.09,311.09,311.09,311.09,202.0
2025-08-27 10:25:00,310.95,310.95,310.95,310.95,196.0
2025-08-27 10:30:00,310.75,310.75,310.75,310.75,589.0
2025-08-27 10:35:00,310.75,310.75,310.75,310.75,553.0
2025-08-27 10:40:00,310.94,310.94,310.9,310.9,652.0
2025-08-27 10:45:00,310.82,310.82,310.82,310.82,115.0
2025-08-27 11:00:00,310.93,310.94,310.78,310.85,1185.0
2025-08-27 11:05:00,310.9,310.9,310.78,310.78,1692.0
2025-08-27 11:10:00,310.87,310.9,310.85,310.9,637.0
2025-08-27 11:15:00,310.85,310.85,310.85,310.85,130.0
2025-08-27 11:20:00,310.77,310.78,310.77,310.78,233.0
2025-08-27 11:25:00,310.75,310.75,310.7,310.72,798.0
2025-08-27 11:30:00,310.72,310.77,310.72,310.76,1106.0
2025-08-27 11:35:00,310.76,310.77,310.58,310.67,4172.0
2025-08-27 11:40:00,310.67,310.75,310.66,310.66,987.0
2025-08-27 11:45:00,310.68,310.81,310.62,310.81,3746.0
2025-08-27 11:50:00,310.85,311.0,310.8,310.98,3647.0
2025-08-27 11:55:00,310.88,310.95,310.88,310.95,1081.0
2025-08-27 12:00:00,310.6,311.99,310.6,310.95,25287.0
2025-08-27 12:05:00,310.88,310.88,310.75,310.85,500.0
2025-08-27 12:10:00,310.81,310.89,310.79,310.89,4202.0
2025-08-27 12:15:00,310.88,310.88,310.88,310.88,311.0
2025-08-27 12:20:00,310.89,311.19,310.89,311.19,4701.0
2025-08-27 12:25:00,311.26,311.35,311.2,311.35,917.0
2025-08-27 12:30:00,311.25,311.3,311.24,311.24,999.0
2025-08-27 12:35:00,311.2,311.3,311.2,311.3,1617.0
2025-08-27 12:40:00,311.29,311.29,311.1301,311.1301,1401.0
2025-08-27 12:50:00,311.35,311.35,311.3,311.34,1625.0
2025-08-27 12:55:00,311.31,311.3908,311.3,311.3908,5485.0
2025-08-27 13:00:00,311.37,311.42,311.35,311.35,1677.0
2025-08-27 13:05:00,311.28,311.53,311.28,311.53,3886.0
2025-08-27 13:10:00,311.5,311.5,311.5,311.5,274.0
2025-08-27 13:15:00,311.4,311.5999,311.4,311.55,3765.0
2025-08-27 13:20:00,311.49,311.54,311.49,311.5,3385.0
2025-08-27 13:25:00,311.5,311.5,311.41,311.45,7868.0
2025-08-27 13:30:00,311.39,311.4,310.96,311.05,142299.0
2025-08-27 13:35:00,311.04,311.33,311.0,311.3,65056.0
2025-08-27 13:40:00,311.31,311.35,310.96,311.035,34696.0
2025-08-27 13:45:00,310.97,311.015,310.77,310.83,60145.0
2025-08-27 13:50:00,310.88,311.0264,310.81,311.0,57994.0
2025-08-27 13:55:00,311.005,311.07,310.94,310.99,56957.0
2025-08-27 14:00:00,310.9863,311.11,310.86,310.935,84377.0
2025-08-27 14:05:00,310.905,311.1791,310.83,311.045,51625.0
2025-08-27 14:10:00,311.05,311.15,311.03,311.1393,32900.0
2025-08-27 14:15:00,311.1674,311.25,311.092,311.235,39479.0
2025-08-27 14:20:00,311.24,311.39,311.23,311.355,40539.0
2025-08-27 14:25:00,311.3442,311.505,311.34,311.48,38111.0
2025-08-27 14:30:00,311.4551,311.54,311.365,311.365,35266.0
2025-08-27 14:35:00,311.399,311.49,311.271,311.4,56873.0
2025-08-27 14:40:00,311.44,311.535,311.4189,311.5256,39018.0
2025-08-27 14:45:00,311.505,311.58,311.48,311.4801,29317.0
2025-08-27 14:50:00,311.49,311.67,311.49,311.67,42044.0
2025-08-27 14:55:00,311.685,311.82,311.6,311.7705,38537.0
2025-08-27 15:00:00,311.81,311.84,311.68,311.72,50465.0
2025-08-27 15:05:00,311.72,311.91,311.71,311.91,39294.0
2025-08-27 15:10:00,311.9,312.15,311.9,312.05,83571.0
2025-08-27 15:15:00,312.04,312.13,311.86,311.8714,55745.0
2025-08-27 15:20:00,311.895,312.09,311.89,311.92,54030.0
2025-08-27 15:25:00,311.94,311.97,311.775,311.91,40712.0
2025-08-27 15:30:00,311.92,311.98,311.91,311.92,67158.0
2025-08-27 15:35:00,311.94,312.07,311.84,312.06,63738.0
2025-08-27 15:40:00,312.05,312.06,311.9534,312.025,33019.0
2025-08-27 15:45:00,312.01,312.01,311.79,311.81,55817.0
2025-08-27 15:50:00,311.83,311.84,311.765,311.82,38961.0
2025-08-27 15:55:00,311.82,311.9632,311.8105,311.94,24205.0
2025-08-27 16:00:00,311.94,312.01,311.89,311.99,39360.0
2025-08-28 09:30:00,312.81,312.81,312.76,312.76,1351.0
2025-08-28 10:00:00,312.6,312.6,312.6,312.6,471.0
2025-08-28 10:05:00,312.41,312.41,312.4,312.4,441.0
2025-08-28 10:10:00,312.45,312.45,312.45,312.45,468.0
2025-08-28 10:15:00,312.43,312.48,312.43,312.48,264.0
2025-08-28 10:20:00,312.43,312.43,312.43,312.43,214.0
2025-08-28 10:25:00,312.58,312.58,312.58,312.58,299.0
2025-08-28 10:35:00,312.47,312.47,312.47,312.47,192.0
2025-08-28 10:45:00,312.71,312.71,312.71,312.71,250.0
2025-08-28 11:00:00,312.63,312.63,312.63,312.63,300.0
2025-08-28 11:15:00,312.65,312.65,312.65,312.65,400.0
2025-08-28 11:20:00,313.0,313.0,313.0,313.0,2240.0
2025-08-28 11:25:00,313.27,313.27,313.27,313.27,996.0
2025-08-28 11:30:00,313.26,313.51,313.24,313.51,6609.0
2025-08-28 11:35:00,313.48,313.48,313.48,313.48,175.0
2025-08-28 11:40:00,313.25,313.3,313.24,313.3,1119.0
2025-08-28 11:45:00,313.44,313.44,313.44,313.44,103.0
2025-08-28 11:50:00,313.35,313.38,313.29,313.38,1699.0
2025-08-28 11:55:00,313.4,313.4,313.22,313.22,2424.0
2025-08-28 12:00:00,313.47,313.48,312.0,313.27,20575.0
2025-08-28 12:05:00,313.39,313.51,313.26,313.5,3541.0
2025-08-28 12:10:00,313.6,313.7,313.45,313.45,1546.0
2025-08-28 12:15:00,313.52,313.6,313.52,313.56,2567.0
2025-08-28 12:20:00,313.699,313.7,313.52,313.6951,2949.0
2025-08-28 12:25:00,313.7,313.7,313.57,313.57,1141.0
2025-08-28 12:30:00,313.25,313.4,313.11,313.11,3830.0
2025-08-28 12:35:00,313.1903,313.33,313.0,313.0,4321.0
2025-08-28 12:40:00,313.4457,313.4457,313.0014,313.0014,1329.0
2025-08-28 12:45:00,313.21,313.21,313.0,313.0,470.0
2025-08-28 12:50:00,312.97,313.44,312.75,312.75,29506.0
2025-08-28 12:55:00,312.7804,312.92,312.62,312.65,7621.0
2025-08-28 13:00:00,312.62,312.68,312.6,312.64,7874.0
2025-08-28 13:05:00,312.68,312.68,312.36,312.56,8217.0
2025-08-28 13:10:00,312.62,312.78,312.5601,312.77,1618.0
2025-08-28 13:15:00,312.79,312.95,312.79,312.94,1057.0
2025-08-28 13:20:00,312.98,313.2906,312.98,313.29,1434.0
2025-08-28 13:25:00,313.15,313.39,313.0519,313.39,1975.0
2025-08-28 13:30:00,313.32,313.5385,313.1873,313.48,182649.0
2025-08-28 13:35:00,313.51,313.54,313.07,313.34,102903.0
2025-08-28 13:40:00,313.37,313.65,313.36,313.47,73186.0
2025-08-28 13:45:00,313.43,313.7,313.31,313.65,85050.0
2025-08-28 13:50:00,313.64,313.9,313.64,313.83,239886.0
2025-08-28 13:55:00,313.85,313.91,313.5906,313.62,227743.0
2025-08-28 14:00:00,313.62,313.8881,313.5201,313.82,71210.0
2025-08-28 14:05:00,313.8,313.9036,313.68,313.825,101027.0
2025-08-28 14:10:00,313.8,314.02,313.8,314.01,150624.0
2025-08-28 14:15:00,314.005,314.05,313.8304,313.88,79479.0
2025-08-28 14:20:00,313.8804,313.92,313.63,313.8099,43886.0
2025-08-28 14:25:00,313.81,314.02,313.77,313.941,53935.0
2025-08-28 14:30:00,313.91,313.985,313.85,313.94,39810.0
2025-08-28 14:35:00,313.96,313.97,313.845,313.97,240359.0
2025-08-28 14:40:00,313.971,314.15,313.92,314.0,72800.0
2025-08-28 14:45:00,314.0,314.11,313.9301,314.01,65908.0
2025-08-28 14:50:00,314.0,314.0297,313.88,313.9901,70767.0
2025-08-28 14:55:00,313.99,314.0959,313.95,314.02,171033.0
2025-08-28 15:00:00,314.01,314.11,313.96,314.0,48834.0
2025-08-28 15:05:00,314.0,314.06,313.94,313.945,49744.0
2025-08-28 15:10:00,313.95,314.0272,313.92,313.98,46939.0
2025-08-28 15:15:00,313.97,313.98,313.7501,313.7501,48200.0
2025-08-28 15:20:00,313.75,313.75,313.42,313.62,80172.0
2025-08-28 15:25:00,313.65,313.6999,313.472,313.5,92590.0
2025-08-28 15:30:00,313.4993,313.62,313.34,313.61,110759.0
2025-08-28 15:35:00,313.61,313.625,313.49,313.495,65452.0
2025-08-28 15:40:00,313.52,313.57,313.43,313.5,24446.0
2025-08-28 15:45:00,313.51,313.68,313.4999,313.68,34114.0
2025-08-28 15:50:00,313.69,313.8433,313.675,313.8261,44510.0
2025-08-28 15:55:00,313.82,313.91,313.75,313.91,27576.0
2025-08-28 16:00:00,313.94,314.0,313.86,313.875,55245.0
2025-08-29 09:30:00,313.84,313.84,313.79,313.8,1059.0
2025-08-29 09:40:00,313.8,313.8,313.8,313.8,1232.0
2025-08-29 09:45:00,313.8,313.81,313.78,313.81,3289.0
2025-08-29 09:50:00,313.78,313.78,313.77,313.77,231.0
2025-08-29 09:55:00,313.72,313.72,313.72,313.72,146.0
2025-08-29 10:00:00,313.68,313.68,313.65,313.65,884.0
2025-08-29 10:10:00,313.71,313.71,313.71,313.71,145.0
2025-08-29 10:15:00,313.64,313.66,313.61,313.61,1500.0
2025-08-29 10:20:00,313.58,313.58,313.57,313.58,2034.0
2025-08-29 10:25:00,313.69,313.74,313.6,313.6,2144.0
2025-08-29 10:35:00,313.67,313.78,313.66,313.78,2695.0
2025-08-29 10:40:00,313.77,313.77,313.77,313.77,633.0
2025-08-29 10:55:00,313.5,313.5,313.5,313.5,1186.0
2025-08-29 11:00:00,313.47,313.48,313.47,313.48,700.0
2025-08-29 11:05:00,313.51,313.51,313.44,313.45,4991.0
2025-08-29 11:10:00,313.46,313.52,313.43,313.47,3812.0
2025-08-29 11:15:00,313.53,313.53,313.52,313.52,794.0
2025-08-29 11:20:00,313.6,313.63,313.51,313.55,5229.0
2025-08-29 11:30:00,313.74,313.75,313.74,313.75,445.0
2025-08-29 11:35:00,313.82,313.82,313.8,313.8,358.0
2025-08-29 11:40:00,313.78,313.78,313.78,313.78,290.0
2025-08-29 11:45:00,313.78,313.9,313.78,313.9,1590.0
2025-08-29 11:50:00,313.88,314.15,313.88,314.09,2538.0
2025-08-29 11:55:00,313.94,314.09,313.94,314.09,5494.0
2025-08-29 12:00:00,313.62,314.32,313.4401,313.84,18393.0
2025-08-29 12:05:00,314.05,314.05,314.02,314.02,274.0
2025-08-29 12:10:00,313.8763,313.9,313.8763,313.9,1677.0
2025-08-29 12:15:00,313.8056,313.85,313.7,313.85,2709.0
2025-08-29 12:20:00,314.0299,314.0299,313.98,313.98,705.0
2025-08-29 12:25:00,313.98,313.98,313.8,313.8,554.0
2025-08-29 12:30:00,313.98,314.2,313.82,314.17,17116.0
2025-08-29 12:35:00,314.13,314.35,314.07,314.07,3888.0
2025-08-29 12:40:00,314.28,314.36,314.21,314.36,1163.0
2025-08-29 12:45:00,314.41,314.41,314.4,314.4,782.0
2025-08-29 12:55:00,314.55,314.55,314.44,314.44,638.0
2025-08-29 13:00:00,314.6,314.7,314.6,314.7,1509.0
2025-08-29 13:05:00,314.64,314.64,314.47,314.47,11518.0
2025-08-29 13:10:00,314.47,314.71,314.47,314.7,4064.0
2025-08-29 13:15:00,314.9,314.9,314.85,314.8899,1326.0
2025-08-29 13:20:00,314.75,315.0,314.71,314.84,1507.0
2025-08-29 13:25:00,314.7,314.9982,314.38,314.38,1424.0
2025-08-29 13:30:00,314.72,314.99,314.64,314.984,176945.0
2025-08-29 13:35:00,314.9846,315.3,314.95,315.24,370838.0
2025-08-29 13:40:00,315.21,315.4851,315.21,315.34,155899.0
2025-08-29 13:45:00,315.32,315.46,315.21,315.38,211996.0
2025-08-29 13:50:00,315.38,315.529,315.37,315.485,146481.0
2025-08-29 13:55:00,315.5,315.75,315.47,315.69,131409.0
2025-08-29 14:00:00,315.72,315.96,315.71,315.95,356037.0
2025-08-29 14:05:00,315.96,316.13,315.75,315.96,312427.0
2025-08-29 14:10:00,316.06,316.49,316.0438,316.34,308566.0
2025-08-29 14:15:00,316.29,316.4445,316.0312,316.11,388654.0
2025-08-29 14:20:00,316.0904,316.32,316.0904,316.25,140889.0
2025-08-29 14:25:00,316.23,316.4,316.2,316.367,161055.0
2025-08-29 14:30:00,316.38,316.68,316.38,316.505,166095.0
2025-08-29 14:35:00,316.495,316.76,316.47,316.5945,183403.0
2025-08-29 14:40:00,316.57,316.67,316.39,316.405,102043.0
2025-08-29 14:45:00,316.405,316.5499,316.15,316.53,141443.0
2025-08-29 14:50:00,316.56,316.65,316.44,316.567,159890.0
2025-08-29 14:55:00,316.58,316.8682,316.54,316.85,363171.0
2025-08-29 15:00:00,316.85,316.9,316.725,316.86,337934.0
2025-08-29 15:05:00,316.86,316.93,316.67,316.839,397944.0
2025-08-29 15:10:00,316.825,316.99,316.76,316.97,172053.0
2025-08-29 15:15:00,316.98,317.29,316.96,317.21,350941.0
2025-08-29 15:20:00,317.22,317.34,317.15,317.2346,413595.0
2025-08-29 15:25:00,317.235,317.25,316.97,317.19,434741.0
2025-08-29 15:30:00,317.2,317.325,317.15,317.2,298401.0
2025-08-29 15:35:00,317.25,317.33,317.21,317.33,95553.0
2025-08-29 15:40:00,317.33,317.47,317.21,317.43,125930.0
2025-08-29 15:45:00,317.43,317.47,317.29,317.32,226361.0
2025-08-29 15:50:00,317.32,317.46,317.32,317.37,195727.0
2025-08-29 15:55:00,317.36,317.45,317.23,317.24,181487.0
2025-08-29 16:00:00,317.25,317.44,317.145,317.2884,113478.0
2025-09-02 09:30:00,320.37,320.39,320.21,320.25,3257.0
2025-09-02 09:35:00,320.2,320.32,320.2,320.26,12152.0
2025-09-02 09:45:00,320.19,320.19,320.19,320.19,503.0
2025-09-02 09:50:00,320.28,320.28,320.09,320.12,2305.0
2025-09-02 09:55:00,320.22,320.28,320.22,320.28,612.0
2025-09-02 10:00:00,320.05,320.06,320.01,320.01,1283.0
2025-09-02 10:05:00,320.21,320.21,320.21,320.21,176.0
2025-09-02 10:10:00,320.57,320.67,320.5,320.5,4599.0
2025-09-02 10:20:00,320.41,320.48,320.32,320.43,2206.0
2025-09-02 10:25:00,320.35,320.41,320.34,320.35,5319.0
2025-09-02 10:30:00,320.4,320.41,320.4,320.41,652.0
2025-09-02 10:35:00,320.57,320.78,320.56,320.78,3456.0
2025-09-02 10:40:00,320.73,320.75,320.68,320.75,4541.0
2025-09-02 10:45:00,320.75,320.82,320.61,320.69,4167.0
2025-09-02 10:50:00,320.68,320.78,320.67,320.78,1239.0
2025-09-02 10:55:00,320.83,320.99,320.83,320.99,9345.0
2025-09-02 11:00:00,320.86,320.96,320.82,320.88,7458.0
2025-09-02 11:05:00,320.8,321.0,320.73,320.74,5612.0
2025-09-02 11:10:00,320.79,320.79,320.7,320.7,11325.0
2025-09-02 11:15:00,320.66,320.66,320.44,320.44,16174.0
2025-09-02 11:20:00,320.34,320.42,320.31,320.39,11226.0
2025-09-02 11:25:00,320.4,320.41,320.26,320.26,6510.0
2025-09-02 11:30:00,320.28,320.36,320.2,320.3,4292.0
2025-09-02 11:35:00,320.35,320.56,320.33,320.47,5654.0
2025-09-02 11:40:00,320.65,320.86,320.65,320.69,2232.0
2025-09-02 11:45:00,320.7,320.88,320.7,320.8,6686.0
2025-09-02 11:50:00,320.8,321.1,320.77,321.0,20265.0
2025-09-02 11:55:00,320.91,321.29,320.85,321.29,17641.0
2025-09-02 12:00:00,320.915,322.12,319.63,321.55,137194.0
2025-09-02 12:05:00,321.68,321.68,321.2,321.47,6175.0
2025-09-02 12:10:00,321.45,321.46,321.2001,321.38,12556.0
2025-09-02 12:15:00,321.38,321.38,320.5,320.5,15769.0
2025-09-02 12:20:00,320.88,321.08,320.7,321.0248,35309.0
2025-09-02 12:25:00,320.62,320.9413,320.5,320.7,9003.0
2025-09-02 12:30:00,320.9998,321.37,320.64,320.64,5286.0
2025-09-02 12:35:00,320.59,320.59,320.0,320.0,28233.0
2025-09-02 12:40:00,319.85,320.3,319.85,320.15,20245.0
2025-09-02 12:45:00,320.12,320.479,320.0735,320.1,14777.0
2025-09-02 12:50:00,320.35,320.95,320.35,320.8,8250.0
2025-09-02 12:55:00,320.8,321.0,320.55,320.72,14416.0
2025-09-02 13:00:00,320.85,320.87,320.46,320.46,12617.0
2025-09-02 13:05:00,320.7727,320.7727,320.28,320.28,12653.0
2025-09-02 13:10:00,320.5,320.97,320.5,320.7,7095.0
2025-09-02 13:15:00,320.68,320.95,320.5,320.6,13874.0
2025-09-02 13:20:00,320.58,320.8954,320.5,320.6,14174.0
2025-09-02 13:25:00,320.71,320.94,320.5,320.94,37021.0
2025-09-02 13:30:00,320.82,321.23,320.24,320.64,747866.0
2025-09-02 13:35:00,320.64,321.08,320.64,320.91,565569.0
2025-09-02 13:40:00,320.9,321.41,320.84,321.325,590206.0
2025-09-02 13:45:00,321.31,321.65,321.0601,321.0984,639495.0
2025-09-02 13:50:00,321.11,321.23,320.63,321.11,480554.0
2025-09-02 13:55:00,321.11,321.54,321.0,321.35,481049.0
2025-09-02 14:00:00,321.42,321.72,321.13,321.63,718694.0
2025-09-02 14:05:00,321.62,322.18,321.28,322.04,671999.0
2025-09-02 14:10:00,322.04,322.14,321.59,322.02,414824.0
2025-09-02 14:15:00,322.05,322.23,321.8903,322.21,272439.0
2025-09-02 14:20:00,322.2,322.4,322.0199,322.34,352869.0
2025-09-02 14:25:00,322.33,322.7028,322.319,322.45,435187.0
2025-09-02 14:30:00,322.47,322.4999,321.82,322.25,345985.0
2025-09-02 14:35:00,322.25,322.72,322.25,322.5381,226707.0
2025-09-02 14:40:00,322.5563,323.27,322.54,323.165,312269.0
2025-09-02 14:45:00,323.18,323.4867,323.05,323.17,574236.0
2025-09-02 14:50:00,323.18,323.41,322.98,323.27,290632.0
2025-09-02 14:55:00,323.26,323.3975,323.19,323.27,196462.0
2025-09-02 15:00:00,323.26,323.45,323.12,323.44,171770.0
2025-09-02 15:05:00,323.42,323.77,323.39,323.65,351026.0
2025-09-02 15:10:00,323.64,323.66,323.13,323.28,275228.0
2025-09-02 15:15:00,323.3,323.4428,323.18,323.43,242168.0
2025-09-02 15:20:00,323.44,323.585,323.27,323.34,191374.0
2025-09-02 15:25:00,323.3692,323.46,323.31,323.415,210210.0
2025-09-02 15:30:00,323.43,323.64,323.36,323.49,215302.0
2025-09-02 15:35:00,323.48,323.62,323.36,323.36,370987.0
2025-09-02 15:40:00,323.37,323.63,323.3,323.56,131830.0
2025-09-02 15:45:00,323.57,323.9536,323.55,323.8545,234178.0
2025-09-02 15:50:00,323.85,323.96,323.77,323.8106,107993.0
2025-09-02 15:55:00,323.82,324.11,323.815,324.1,169600.0
2025-09-02 16:00:00,324.105,324.22,323.9,324.13,171684.0
2025-09-03 09:30:00,325.83,325.9,325.79,325.79,1801.0
2025-09-03 09:35:00,325.68,325.68,325.68,325.68,383.0
2025-09-03 09:45:00,325.6,325.6,325.6,325.6,388.0
2025-09-03 09:50:00,325.55,325.55,325.41,325.5,1992.0
2025-09-03 09:55:00,325.4,325.4,325.4,325.4,240.0
2025-09-03 10:00:00,325.42,325.46,325.39,325.39,1667.0
2025-09-03 10:05:00,325.44,325.44,325.44,325.44,545.0
2025-09-03 10:10:00,325.3,325.3,325.27,325.27,1722.0
2025-09-03 10:15:00,325.22,325.22,325.22,325.22,497.0
2025-09-03 10:20:00,325.5,325.5,325.41,325.41,560.0
2025-09-03 10:25:00,325.59,325.6,325.59,325.6,1176.0
2025-09-03 10:30:00,325.73,325.74,325.73,325.74,1390.0
2025-09-03 10:35:00,325.67,325.67,325.67,325.67,212.0
2025-09-03 10:40:00,325.55,325.55,325.55,325.55,114.0
2025-09-03 10:55:00,325.99,325.99,325.99,325.99,402.0
2025-09-03 11:00:00,325.9,326.06,325.9,326.06,8876.0
2025-09-03 11:05:00,326.15,326.15,326.06,326.07,2303.0
2025-09-03 11:10:00,326.15,326.59,326.15,326.59,2464.0
2025-09-03 11:15:00,326.48,326.5,326.31,326.5,3548.0
2025-09-03 11:20:00,326.43,326.49,326.38,326.45,2786.0
2025-09-03 11:25:00,326.4,326.4,326.4,326.4,311.0
2025-09-03 11:30:00,326.49,326.67,326.4,326.66,5922.0
2025-09-03 11:35:00,326.79,326.79,326.55,326.6,3205.0
2025-09-03 11:40:00,326.55,326.72,326.55,326.7,12992.0
2025-09-03 11:45:00,326.71,326.71,326.55,326.55,13661.0
2025-09-03 11:50:00,326.5,326.5,326.5,326.5,528.0
2025-09-03 11:55:00,326.43,326.57,326.33,326.54,3015.0
2025-09-03 12:00:00,326.04,326.7933,324.75,326.7,93589.0
2025-09-03 12:05:00,326.65,326.65,326.4,326.54,5280.0
2025-09-03 12:10:00,326.35,326.49,326.35,326.39,6447.0
2025-09-03 12:15:00,326.23,326.23,326.06,326.06,9984.0
2025-09-03 12:20:00,326.06,326.49,326.0,326.38,34959.0
2025-09-03 12:25:00,326.39,326.6,326.1667,326.6,4247.0
2025-09-03 12:30:00,326.5925,326.5925,326.2482,326.51,4324.0
2025-09-03 12:35:00,326.58,326.58,326.4,326.5,1400.0
2025-09-03 12:40:00,326.55,326.55,326.49,326.49,2683.0
2025-09-03 12:45:00,326.3106,326.5,326.31,326.5,7954.0
2025-09-03 12:50:00,326.53,326.65,326.44,326.65,5333.0
2025-09-03 12:55:00,326.67,326.9,326.67,326.85,14523.0
2025-09-03 13:00:00,326.9,327.2,326.9,327.08,15220.0
2025-09-03 13:05:00,327.09,327.31,327.01,327.31,71144.0
2025-09-03 13:10:00,327.31,327.48,327.1504,327.48,70892.0
2025-09-03 13:15:00,327.4,327.49,327.14,327.2707,21303.0
2025-09-03 13:20:00,327.31,327.46,327.25,327.42,11621.0
2025-09-03 13:25:00,327.45,327.8,327.3,327.75,21936.0
2025-09-03 13:30:00,327.76,327.86,327.16,327.47,523710.0
2025-09-03 13:35:00,327.46,327.5,326.81,327.15,345811.0
2025-09-03 13:40:00,327.15,327.22,326.7301,326.965,256413.0
2025-09-03 13:45:00,326.97,327.23,326.81,327.08,217270.0
2025-09-03 13:50:00,327.08,327.275,326.91,327.135,134232.0
2025-09-03 13:55:00,327.15,327.34,327.12,327.21,142039.0
2025-09-03 14:00:00,327.23,327.65,327.22,327.3213,269878.0
2025-09-03 14:05:00,327.345,327.5295,326.98,327.26,259842.0
2025-09-03 14:10:00,327.3,327.4,327.12,327.18,258910.0
2025-09-03 14:15:00,327.22,327.81,327.2,327.68,181271.0
2025-09-03 14:20:00,327.69,328.25,327.64,328.2,316467.0
2025-09-03 14:25:00,328.205,328.29,327.94,328.06,506549.0
2025-09-03 14:30:00,328.075,328.215,327.68,327.885,363967.0
2025-09-03 14:35:00,327.9,328.14,327.8202,327.87,202126.0
2025-09-03 14:40:00,327.8887,327.99,327.74,327.92,124529.0
2025-09-03 14:45:00,327.91,328.13,327.86,327.87,119320.0
2025-09-03 14:50:00,327.88,328.0,327.22,327.27,181775.0
2025-09-03 14:55:00,327.25,327.645,327.2112,327.56,184334.0
2025-09-03 15:00:00,327.57,327.719,327.5,327.6972,117546.0
2025-09-03 15:05:00,327.69,327.87,327.6599,327.835,102653.0
2025-09-03 15:10:00,327.85,328.0899,327.85,328.05,137866.0
2025-09-03 15:15:00,328.06,328.18,327.9355,328.08,224359.0
2025-09-03 15:20:00,328.08,328.18,327.965,328.158,99068.0
2025-09-03 15:25:00,328.15,328.21,328.08,328.1607,69850.0
2025-09-03 15:30:00,328.172,328.41,328.14,328.29,128651.0
2025-09-03 15:35:00,328.2932,328.34,327.96,328.02,203450.0
2025-09-03 15:40:00,328.03,328.17,327.84,328.125,140801.0
2025-09-03 15:45:00,328.11,328.17,327.87,328.035,91118.0
2025-09-03 15:50:00,328.04,328.2,328.0102,328.1576,76813.0
2025-09-03 15:55:00,328.13,328.265,328.07,328.09,108779.0
2025-09-03 16:00:00,328.11,328.12,327.9409,328.06,106780.0
2025-09-04 09:30:00,325.79,325.79,325.7,325.79,1670.0
2025-09-04 09:40:00,325.75,325.75,325.7,325.72,2490.0
2025-09-04 09:45:00,325.58,325.58,325.5,325.51,11343.0
2025-09-04 09:50:00,325.69,325.7,325.6,325.6,3996.0
2025-09-04 09:55:00,325.59,325.59,325.5,325.53,2089.0
2025-09-04 10:05:00,326.35,326.35,326.35,326.35,422.0
2025-09-04 10:10:00,326.32,326.32,326.26,326.26,1140.0
2025-09-04 10:20:00,326.01,326.01,325.97,325.97,1594.0
2025-09-04 10:25:00,325.95,325.96,325.55,325.55,4095.0
2025-09-04 10:30:00,326.03,326.03,326.03,326.03,327.0
2025-09-04 10:45:00,325.94,325.96,325.94,325.96,460.0
2025-09-04 10:50:00,325.9,325.9,325.89,325.89,747.0
2025-09-04 10:55:00,325.95,325.95,325.95,325.95,171.0
2025-09-04 11:00:00,325.92,325.95,325.7,325.7,2057.0
2025-09-04 11:05:00,325.63,325.72,325.55,325.72,1788.0
2025-09-04 11:10:00,325.65,325.75,325.65,325.75,970.0
2025-09-04 11:15:00,325.84,325.84,325.77,325.77,1426.0
2025-09-04 11:20:00,325.66,325.66,325.5,325.5,1480.0
2025-09-04 11:30:00,325.8,325.98,325.8,325.98,1962.0
2025-09-04 11:35:00,325.97,326.0,325.97,326.0,819.0
2025-09-04 11:40:00,326.3,326.31,326.2,326.28,3401.0
2025-09-04 11:45:00,326.4,326.4,326.31,326.31,1240.0
2025-09-04 11:50:00,326.43,326.66,326.31,326.31,8532.0
2025-09-04 11:55:00,326.15,326.27,326.11,326.27,5366.0
2025-09-04 12:00:00,325.52,326.5597,324.4,326.43,64039.0
2025-09-04 12:05:00,326.4,326.6499,326.4,326.6499,3013.0
2025-09-04 12:10:00,326.55,326.58,326.5,326.5799,5275.0
2025-09-04 12:15:00,326.59,326.9,326.51,326.51,17938.0
2025-09-04 12:20:00,326.43,326.6,326.4,326.4,12422.0
2025-09-04 12:25:00,326.41,326.45,326.25,326.25,14388.0
2025-09-04 12:30:00,326.35,326.4,326.2,326.25,5214.0
2025-09-04 12:35:00,326.15,326.29,325.9,326.29,16353.0
2025-09-04 12:40:00,326.38,326.55,326.1993,326.35,11258.0
2025-09-04 12:45:00,326.29,326.45,326.0003,326.4,6562.0
2025-09-04 12:50:00,326.39,326.41,326.0891,326.4,4325.0
2025-09-04 12:55:00,326.35,326.55,326.1134,326.55,1340.0
2025-09-04 13:00:00,326.5,326.5,325.92,325.92,10585.0
2025-09-04 13:05:00,326.0,326.48,325.8,326.07,16020.0
2025-09-04 13:10:00,326.2,326.39,326.1,326.36,7699.0
2025-09-04 13:15:00,326.45,326.7993,326.45,326.67,6624.0
2025-09-04 13:20:00,326.8,326.96,326.7517,326.96,6347.0
2025-09-04 13:25:00,327.0,327.18,327.0,327.06,11132.0
2025-09-04 13:30:00,327.03,327.26,326.78,327.0805,403289.0
2025-09-04 13:35:00,327.11,327.56,327.03,327.49,339690.0
2025-09-04 13:40:00,327.47,327.5,326.652,326.89,225319.0
2025-09-04 13:45:00,326.88,326.89,326.12,326.3,400464.0
2025-09-04 13:50:00,326.31,326.59,326.08,326.375,189308.0
2025-09-04 13:55:00,326.36,326.52,326.2612,326.39,129880.0
2025-09-04 14:00:00,326.34,326.37,325.35,325.4857,718603.0
2025-09-04 14:05:00,325.5,326.01,325.5,325.8407,319008.0
2025-09-04 14:10:00,325.85,326.35,325.72,326.24,188421.0
2025-09-04 14:15:00,326.18,326.24,325.6,325.68,234388.0
2025-09-04 14:20:00,325.67,325.79,325.3514,325.55,172874.0
2025-09-04 14:25:00,325.565,325.94,325.51,325.93,276985.0
2025-09-04 14:30:00,325.9176,326.1,325.79,325.94,117997.0
2025-09-04 14:35:00,325.95,326.25,325.8,326.125,275460.0
2025-09-04 14:40:00,326.13,326.35,326.09,326.25,98396.0
2025-09-04 14:45:00,326.26,326.31,325.87,325.88,258507.0
2025-09-04 14:50:00,325.87,326.2299,325.8401,326.11,240195.0
2025-09-04 14:55:00,326.105,326.33,326.09,326.32,96665.0
2025-09-04 15:00:00,326.32,326.42,326.14,326.36,128980.0
2025-09-04 15:05:00,326.35,326.61,326.35,326.56,113959.0
2025-09-04 15:10:00,326.58,326.63,326.42,326.4232,166367.0
2025-09-04 15:15:00,326.43,326.6,326.38,326.4988,86346.0
2025-09-04 15:20:00,326.48,326.53,326.21,326.22,158770.0
2025-09-04 15:25:00,326.215,326.27,326.01,326.16,72800.0
2025-09-04 15:30:00,326.1691,326.535,326.1691,326.435,109396.0
2025-09-04 15:35:00,326.45,326.57,326.29,326.56,109809.0
2025-09-04 15:40:00,326.57,326.79,326.57,326.715,155962.0
2025-09-04 15:45:00,326.73,326.89,326.73,326.81,113526.0
2025-09-04 15:50:00,326.81,326.95,326.75,326.9367,131696.0
2025-09-04 15:55:00,326.93,327.04,326.89,326.9999,88718.0
2025-09-04 16:00:00,327.02,327.17,326.99,327.0,117979.0
2025-09-05 09:35:00,326.62,326.85,326.62,326.85,812.0
2025-09-05 09:40:00,326.85,326.85,326.85,326.85,300.0
2025-09-05 09:45:00,327.02,327.02,327.02,327.02,542.0
2025-09-05 10:00:00,327.0,327.0,326.96,326.96,1200.0
2025-09-05 10:15:00,326.88,326.96,326.88,326.94,917.0
2025-09-05 10:25:00,327.0,327.0,327.0,327.0,956.0
2025-09-05 10:55:00,326.99,327.0,326.99,327.0,341.0
2025-09-05 11:00:00,327.08,327.08,327.08,327.08,1396.0
2025-09-05 11:10:00,327.1,327.1,327.1,327.1,976.0
2025-09-05 11:15:00,327.11,327.11,327.0,327.0,1704.0
2025-09-05 11:25:00,326.86,326.86,326.86,326.86,491.0
2025-09-05 11:45:00,326.86,326.86,326.86,326.86,765.0
2025-09-05 11:50:00,326.73,326.74,326.62,326.62,2440.0
2025-09-05 11:55:00,326.9,326.9,326.9,326.9,561.0
2025-09-05 12:00:00,326.93,327.84,326.32,326.7,31331.0
2025-09-05 12:05:00,326.91,327.15,326.66,327.0,7907.0
2025-09-05 12:10:00,327.09,327.09,326.9,326.9,7964.0
2025-09-05 12:15:00,326.92,326.92,326.824,326.88,1639.0
2025-09-05 12:20:00,326.83,327.0,326.7012,326.7012,31324.0
2025-09-05 12:25:00,327.12,327.33,326.7,327.16,6249.0
2025-09-05 12:30:00,327.33,329.8299,327.33,329.42,139516.0
2025-09-05 12:35:00,329.39,330.19,329.01,330.02,74519.0
2025-09-05 12:40:00,329.89,330.1193,329.38,329.85,26350.0
2025-09-05 12:45:00,329.95,329.95,328.84,329.6297,11219.0
2025-09-05 12:50:00,329.63,329.63,329.19,329.6,10047.0
2025-09-05 12:55:00,329.6999,329.79,329.2784,329.63,11068.0
2025-09-05 13:00:00,329.7,329.78,329.1004,329.1011,19171.0
2025-09-05 13:05:00,329.21,329.39,329.0,329.16,10064.0
2025-09-05 13:10:00,329.1,329.75,329.06,329.75,14158.0
2025-09-05 13:15:00,329.66,330.0,329.5,329.94,14056.0
2025-09-05 13:20:00,329.99,329.99,329.09,329.75,40309.0
2025-09-05 13:25:00,329.78,329.78,329.5,329.5,32486.0
2025-09-05 13:30:00,329.53,329.64,329.08,329.61,379280.0
2025-09-05 13:35:00,329.605,329.86,329.335,329.41,257912.0
2025-09-05 13:40:00,329.49,330.04,329.4,329.995,357143.0
2025-09-05 13:45:00,329.98,330.74,329.89,330.595,559191.0
2025-09-05 13:50:00,330.6,330.94,330.507,330.61,378883.0
2025-09-05 13:55:00,330.6,330.95,330.465,330.89,311946.0
2025-09-05 14:00:00,330.87,331.155,330.68,331.13,394311.0
2025-09-05 14:05:00,331.13,331.24,330.77,330.77,324375.0
2025-09-05 14:10:00,330.78,330.945,330.65,330.75,361420.0
2025-09-05 14:15:00,330.76,331.0,330.31,330.47,331028.0
2025-09-05 14:20:00,330.42,330.73,330.04,330.052,286812.0
2025-09-05 14:25:00,330.06,330.185,329.34,329.43,472670.0
2025-09-05 14:30:00,329.45,329.89,329.45,329.78,334388.0
2025-09-05 14:35:00,329.79,330.14,328.93,329.16,374477.0
2025-09-05 14:40:00,329.19,329.59,329.02,329.565,279601.0
2025-09-05 14:45:00,329.58,329.97,329.52,329.9,236002.0
2025-09-05 14:50:00,329.92,330.1,329.8,329.89,195651.0
2025-09-05 14:55:00,329.87,330.53,329.84,330.5,275500.0
2025-09-05 15:00:00,330.51,330.7,330.3,330.64,269978.0
2025-09-05 15:05:00,330.615,330.65,330.05,330.19,154810.0
2025-09-05 15:10:00,330.16,330.29,329.91,329.95,154074.0
2025-09-05 15:15:00,329.96,330.18,329.7,330.04,156926.0
2025-09-05 15:20:00,330.06,330.53,330.04,330.42,148905.0
2025-09-05 15:25:00,330.45,330.47,330.3,330.4,92297.0
2025-09-05 15:30:00,330.41,330.53,330.37,330.47,144285.0
2025-09-05 15:35:00,330.48,330.72,330.41,330.59,234797.0
2025-09-05 15:40:00,330.6,330.86,330.54,330.8235,112818.0
2025-09-05 15:45:00,330.83,330.985,330.73,330.91,258291.0
2025-09-05 15:50:00,330.92,330.96,330.78,330.88,112581.0
2025-09-05 15:55:00,330.89,330.9,330.625,330.63,225511.0
2025-09-05 16:00:00,330.64,330.99,330.57,330.9886,141614.0
2025-09-08 09:30:00,332.45,332.45,332.45,332.45,163.0
2025-09-08 09:35:00,332.49,332.56,332.49,332.56,561.0
2025-09-08 09:40:00,332.68,332.78,332.67,332.78,1836.0
2025-09-08 09:45:00,332.67,332.67,332.67,332.67,374.0
2025-09-08 09:50:00,332.7,332.7,332.7,332.7,243.0
2025-09-08 10:10:00,332.8,333.3,332.8,333.3,5927.0
2025-09-08 10:15:00,333.25,333.35,332.99,332.99,5898.0
2025-09-08 10:20:00,332.93,333.08,332.93,333.08,1751.0
2025-09-08 10:25:00,333.08,333.14,333.08,333.14,2263.0
2025-09-08 10:30:00,333.08,333.1,332.97,333.04,2047.0
2025-09-08 10:35:00,332.97,333.0,332.84,332.9,3411.0
2025-09-08 10:40:00,332.97,332.98,332.85,332.87,7715.0
2025-09-08 10:45:00,332.92,332.92,332.83,332.83,2680.0
2025-09-08 10:50:00,332.68,332.68,332.68,332.68,847.0
2025-09-08 10:55:00,332.73,332.74,332.73,332.74,1620.0
2025-09-08 11:00:00,332.62,332.9,332.62,332.9,6032.0
2025-09-08 11:05:00,332.8,332.8,332.75,332.75,805.0
2025-09-08 11:10:00,332.8,332.8,332.71,332.71,2658.0
2025-09-08 11:15:00,332.77,332.9,332.71,332.9,6585.0
2025-09-08 11:20:00,332.9,333.0,332.9,333.0,5279.0
2025-09-08 11:25:00,332.85,332.85,332.85,332.85,1820.0
2025-09-08 11:30:00,332.91,333.0,332.91,333.0,2990.0
2025-09-08 11:35:00,332.88,332.88,332.85,332.85,2781.0
2025-09-08 11:40:00,332.8,332.9,332.63,332.8,5671.0
2025-09-08 11:45:00,332.61,332.8,332.58,332.8,5453.0
2025-09-08 11:50:00,332.8,333.05,332.8,333.05,7461.0
2025-09-08 11:55:00,332.96,333.18,332.96,333.11,15612.0
2025-09-08 12:00:00,332.62,333.47,329.65,333.33,68150.0
2025-09-08 12:05:00,333.3575,333.3575,333.02,333.05,3870.0
2025-09-08 12:10:00,333.044,333.044,332.6522,333.0,6884.0
2025-09-08 12:15:00,333.0,333.3399,332.86,333.174,1775.0
2025-09-08 12:20:00,332.89,332.9995,332.89,332.9995,449.0
2025-09-08 12:25:00,332.8302,333.04,332.8302,332.99,7336.0
2025-09-08 12:30:00,332.8041,333.3494,332.8041,333.15,10114.0
2025-09-08 12:35:00,333.1,333.19,333.09,333.12,4421.0
2025-09-08 12:40:00,333.15,333.2399,333.12,333.19,3683.0
2025-09-08 12:45:00,333.26,333.35,333.13,333.35,3999.0
2025-09-08 12:50:00,333.3494,333.74,333.25,333.74,27940.0
2025-09-08 12:55:00,333.6,333.79,333.56,333.59,14996.0
2025-09-08 13:00:00,333.59,334.0981,333.59,333.71,16612.0
2025-09-08 13:05:00,333.81,333.97,333.61,333.95,21542.0
2025-09-08 13:10:00,334.08,334.3,333.92,334.25,32804.0
2025-09-08 13:15:00,334.14,334.16,333.73,333.81,28385.0
2025-09-08 13:20:00,333.77,333.9,333.62,333.8097,40261.0
2025-09-08 13:25:00,333.78,333.89,333.65,333.67,45011.0
2025-09-08 13:30:00,333.66,333.8,333.23,333.7476,660019.0
2025-09-08 13:35:00,333.75,333.88,333.51,333.6238,289462.0
2025-09-08 13:40:00,333.64,334.33,333.56,334.3,297758.0
2025-09-08 13:45:00,334.3,334.62,334.25,334.4801,364807.0
2025-09-08 13:50:00,334.48,334.81,334.44,334.48,383051.0
2025-09-08 13:55:00,334.49,334.62,334.01,334.44,505516.0
2025-09-08 14:00:00,334.44,334.69,334.29,334.585,383125.0
2025-09-08 14:05:00,334.59,334.85,334.47,334.81,411781.0
2025-09-08 14:10:00,334.8,334.845,334.5199,334.6,225601.0
2025-09-08 14:15:00,334.57,334.72,334.3101,334.39,284423.0
2025-09-08 14:20:00,334.409,334.43,334.06,334.21,273571.0
2025-09-08 14:25:00,334.19,334.4399,334.08,334.17,166488.0
2025-09-08 14:30:00,334.16,334.31,334.06,334.26,151796.0
2025-09-08 14:35:00,334.25,334.62,334.23,334.54,133636.0
2025-09-08 14:40:00,334.58,334.7516,334.57,334.7,208456.0
2025-09-08 14:45:00,334.73,334.93,334.67,334.7992,224741.0
2025-09-08 14:50:00,334.8,334.98,334.645,334.96,292868.0
2025-09-08 14:55:00,334.95,335.14,334.92,335.13,464087.0
2025-09-08 15:00:00,335.14,335.47,335.1,335.45,258696.0
2025-09-08 15:05:00,335.46,335.5,335.119,335.43,238400.0
2025-09-08 15:10:00,335.45,335.67,335.405,335.58,420253.0
2025-09-08 15:15:00,335.5804,335.6,335.26,335.285,525880.0
2025-09-08 15:20:00,335.28,335.4,335.11,335.2361,336345.0
2025-09-08 15:25:00,335.21,335.23,334.74,334.745,353857.0
2025-09-08 15:30:00,334.76,334.89,334.51,334.8,606043.0
2025-09-08 15:35:00,334.77,334.77,334.4381,334.56,196612.0
2025-09-08 15:40:00,334.54,334.756442,334.54,334.69,195778.0
2025-09-08 15:45:00,334.71,335.0499,334.71,335.04,130711.0
2025-09-08 15:50:00,335.05,335.1066,334.95,335.0383,173710.0
2025-09-08 15:55:00,335.0499,335.0499,334.95,334.99,139503.0
2025-09-08 16:00:00,334.99,335.05,334.68,334.8604,195404.0
2025-09-09 09:35:00,336.25,336.25,336.19,336.19,988.0
2025-09-09 09:40:00,336.3,336.31,336.3,336.31,555.0
2025-09-09 09:45:00,336.34,336.34,336.3,336.3,786.0
2025-09-09 09:50:00,336.29,336.29,336.29,336.29,100.0
2025-09-09 09:55:00,336.33,336.34,336.33,336.34,523.0
2025-09-09 10:00:00,336.4,336.4,336.35,336.36,3171.0
2025-09-09 10:05:00,336.36,336.36,336.32,336.32,617.0
2025-09-09 10:15:00,336.32,336.32,336.32,336.32,202.0
2025-09-09 10:30:00,336.26,336.26,336.25,336.25,1130.0
2025-09-09 10:35:00,336.22,336.22,336.22,336.22,153.0
2025-09-09 10:40:00,336.1,336.1,336.07,336.07,1122.0
2025-09-09 10:45:00,335.97,335.97,335.95,335.95,574.0
2025-09-09 11:00:00,336.13,336.35,336.13,336.23,1542.0
2025-09-09 11:10:00,336.25,336.39,336.25,336.32,5372.0
2025-09-09 11:15:00,336.28,336.3,336.25,336.3,1473.0
2025-09-09 11:20:00,336.37,336.37,336.31,336.31,1170.0
2025-09-09 11:25:00,336.19,336.2,336.19,336.2,911.0
2025-09-09 11:30:00,336.29,336.29,336.2,336.2,3143.0
2025-09-09 11:35:00,336.17,336.25,336.17,336.22,764.0
2025-09-09 11:45:00,336.2,336.2,336.1,336.1,1282.0
2025-09-09 11:50:00,336.14,336.14,335.96,335.96,1841.0
2025-09-09 11:55:00,335.9,335.9,335.8,335.8,1892.0
2025-09-09 12:00:00,336.42,336.86,334.91,335.93,54226.0
2025-09-09 12:05:00,336.08,336.49,336.08,336.34,2254.0
2025-09-09 12:10:00,336.39,336.45,336.1988,336.45,2797.0
2025-09-09 12:15:00,336.3699,336.37,336.21,336.25,2348.0
2025-09-09 12:20:00,336.28,336.49,335.95,336.15,6165.0
2025-09-09 12:25:00,335.91,336.06,335.91,336.06,3937.0
2025-09-09 12:30:00,335.93,336.0,335.8,335.98,8233.0
2025-09-09 12:35:00,335.9,336.0,335.6,335.6,4585.0
2025-09-09 12:40:00,335.68,335.83,335.54,335.83,2196.0
2025-09-09 12:45:00,335.76,335.79,335.54,335.54,4131.0
2025-09-09 12:50:00,335.6,335.82,335.5601,335.8,9055.0
2025-09-09 12:55:00,335.89,335.89,335.8,335.8,2347.0
2025-09-09 13:00:00,335.73,336.25,335.72,336.25,33399.0
2025-09-09 13:05:00,336.23,336.23,335.83,336.06,21367.0
2025-09-09 13:10:00,336.06,336.4799,336.06,336.26,7556.0
2025-09-09 13:15:00,336.27,336.45,336.26,336.35,7891.0
2025-09-09 13:20:00,336.56,336.58,336.37,336.58,13438.0
2025-09-09 13:25:00,336.6,337.1,336.6,337.01,34495.0
2025-09-09 13:30:00,337.03,337.3,336.74,337.213,453667.0
2025-09-09 13:35:00,337.27,337.64,337.24,337.365,384116.0
2025-09-09 13:40:00,337.33,337.46,337.01,337.25,307791.0
2025-09-09 13:45:00,337.23,337.62,337.04,337.56,189999.0
2025-09-09 13:50:00,337.5799,337.64,337.31,337.35,281473.0
2025-09-09 13:55:00,337.34,337.69,337.31,337.46,347956.0
2025-09-09 14:00:00,337.47,338.31,336.42,336.94,1582397.0
2025-09-09 14:05:00,336.87,337.18,335.225,335.8,1939799.0
2025-09-09 14:10:00,335.83,336.175,335.495,336.16,1143476.0
2025-09-09 14:15:00,336.155,336.64,335.93,335.95,611401.0
2025-09-09 14:20:00,335.95,336.31,335.53,336.22,750493.0
2025-09-09 14:25:00,336.22,336.29,335.92,336.255,213087.0
2025-09-09 14:30:00,336.2524,336.4,335.09,335.2003,425591.0
2025-09-09 14:35:00,335.2,335.25,334.68,335.19,623764.0
2025-09-09 14:40:00,335.2,335.715,335.16,335.655,308156.0
2025-09-09 14:45:00,335.645,335.92,335.34,335.49,280598.0
2025-09-09 14:50:00,335.48,335.72,335.3599,335.575,370234.0
2025-09-09 14:55:00,335.58,335.75,335.459,335.54,209089.0
2025-09-09 15:00:00,335.6099,335.67,335.16,335.19,203084.0
2025-09-09 15:05:00,335.1601,335.35,335.04,335.25,200284.0
2025-09-09 15:10:00,335.24,335.26,334.62,334.62,257141.0
2025-09-09 15:15:00,334.62,334.72,333.85,334.41,711212.0
2025-09-09 15:20:00,334.37,335.05,334.36,334.99,330498.0
2025-09-09 15:25:00,335.01,335.23,334.935,335.11,210497.0
2025-09-09 15:30:00,335.13,335.22,334.92,334.95,118311.0
2025-09-09 15:35:00,334.95,335.1,334.725,334.95,257930.0
2025-09-09 15:40:00,334.93,335.455,334.925,335.3801,546815.0
2025-09-09 15:45:00,335.37,335.55,335.28,335.53,396726.0
2025-09-09 15:50:00,335.52,335.55,335.335,335.42,340283.0
2025-09-09 15:55:00,335.4,335.65,335.24,335.61,233074.0
2025-09-09 16:00:00,335.6,335.77,335.485,335.555,347252.0
2025-09-10 09:35:00,335.89,335.9,335.88,335.88,1074.0
2025-09-10 09:40:00,336.0,336.11,336.0,336.11,2817.0
2025-09-10 09:45:00,336.15,336.3,336.15,336.3,1241.0
2025-09-10 09:50:00,336.46,336.52,336.46,336.5,3294.0
2025-09-10 09:55:00,336.45,336.49,336.45,336.49,2051.0
2025-09-10 10:00:00,336.35,336.46,336.34,336.46,874.0
2025-09-10 10:05:00,336.3,336.3,336.3,336.3,407.0
2025-09-10 10:10:00,336.3,336.39,336.3,336.33,2275.0
2025-09-10 10:20:00,336.48,336.48,336.48,336.48,393.0
2025-09-10 10:30:00,336.43,336.52,336.43,336.52,482.0
2025-09-10 10:35:00,336.61,336.61,336.61,336.61,618.0
2025-09-10 10:40:00,336.5,336.5,336.5,336.5,310.0
2025-09-10 10:45:00,336.47,336.5,336.47,336.5,661.0
2025-09-10 10:55:00,336.54,336.56,336.54,336.56,754.0
2025-09-10 11:00:00,336.43,336.54,336.04,336.05,9990.0
2025-09-10 11:05:00,336.16,336.28,336.16,336.27,1873.0
2025-09-10 11:10:00,336.34,336.4,336.34,336.4,772.0
2025-09-10 11:15:00,336.49,336.59,336.46,336.46,7902.0
2025-09-10 11:20:00,336.46,336.54,336.46,336.54,1097.0
2025-09-10 11:25:00,336.47,336.54,336.47,336.52,3218.0
2025-09-10 11:30:00,336.31,336.31,336.28,336.28,8257.0
2025-09-10 11:35:00,336.2,336.23,336.15,336.2,2082.0
2025-09-10 11:40:00,336.1,336.1,335.98,335.98,2111.0
2025-09-10 11:45:00,335.93,336.1,335.93,336.1,7388.0
2025-09-10 11:50:00,336.0,336.0,335.97,335.97,938.0
2025-09-10 11:55:00,335.9,335.93,335.9,335.93,1652.0
2025-09-10 12:00:00,335.6,336.6362,334.8,335.93,63630.0
2025-09-10 12:05:00,335.91,336.1,335.91,336.01,8383.0
2025-09-10 12:10:00,335.86,335.96,335.85,335.85,4003.0
2025-09-10 12:15:00,335.89,335.9992,335.8,335.9992,735.0
2025-09-10 12:20:00,335.8413,336.01,335.8405,335.9,3817.0
2025-09-10 12:25:00,335.91,335.97,335.75,335.8,25515.0
2025-09-10 12:30:00,335.8,336.69,335.8,336.2,53311.0
2025-09-10 12:35:00,336.17,336.4681,335.31,335.89,38269.0
2025-09-10 12:40:00,335.86,336.0,335.6,336.0,10283.0
2025-09-10 12:45:00,336.0,336.0,335.39,335.46,99942.0
2025-09-10 12:50:00,335.37,335.61,334.9929,335.31,23068.0
2025-09-10 12:55:00,335.35,335.61,335.3,335.34,5762.0
2025-09-10 13:00:00,335.46,335.61,335.1706,335.61,13206.0
2025-09-10 13:05:00,335.6,335.8789,335.25,335.7,7389.0
2025-09-10 13:10:00,335.68,335.68,335.5,335.55,2772.0
2025-09-10 13:15:00,335.55,335.9,335.55,335.85,10492.0
2025-09-10 13:20:00,335.72,335.75,335.63,335.7,7989.0
2025-09-10 13:25:00,335.72,335.77,335.66,335.73,9706.0
2025-09-10 13:30:00,335.73,336.18,335.71,336.14,260430.0
2025-09-10 13:35:00,336.13,336.38,335.8405,335.9739,242487.0
2025-09-10 13:40:00,335.97,336.07,335.9,336.0099,171140.0
2025-09-10 13:45:00,335.99,336.01,335.68,335.98,136244.0
2025-09-10 13:50:00,336.0,336.1,335.86,336.04,236398.0
2025-09-10 13:55:00,336.03,336.14,335.95,336.09,120768.0
2025-09-10 14:00:00,336.1,336.27,335.92,336.26,202569.0
2025-09-10 14:05:00,336.26,336.33,336.16,336.24,158249.0
2025-09-10 14:10:00,336.25,336.38,336.11,336.35,104667.0
2025-09-10 14:15:00,336.36,336.49,336.33,336.44,170378.0
2025-09-10 14:20:00,336.445,336.445,336.1334,336.145,143315.0
2025-09-10 14:25:00,336.14,336.29,336.02,336.22,135342.0
2025-09-10 14:30:00,336.21,336.5,336.19,336.45,138163.0
2025-09-10 14:35:00,336.46,336.48,336.3799,336.4166,132009.0
2025-09-10 14:40:00,336.415,336.43,335.87,335.9,219096.0
2025-09-10 14:45:00,335.88,335.92,335.51,335.52,111456.0
2025-09-10 14:50:00,335.53,335.6954,335.42,335.4525,127507.0
2025-09-10 14:55:00,335.45,335.799,335.44,335.7791,85937.0
2025-09-10 15:00:00,335.775,335.7993,335.505,335.51,108817.0
2025-09-10 15:05:00,335.52,335.67,335.4,335.6,125806.0
2025-09-10 15:10:00,335.62,335.85,335.61,335.78,101321.0
2025-09-10 15:15:00,335.79,335.81,335.6533,335.72,165350.0
2025-09-10 15:20:00,335.71,335.89,335.04,335.09,345977.0
2025-09-10 15:25:00,335.09,335.49,334.93,335.45,213048.0
2025-09-10 15:30:00,335.47,335.66,335.46,335.625,284858.0
2025-09-10 15:35:00,335.625,335.8,335.56,335.735,426229.0
2025-09-10 15:40:00,335.75,335.77,335.64,335.74,241823.0
2025-09-10 15:45:00,335.75,335.86,335.75,335.785,72463.0
2025-09-10 15:50:00,335.79,335.84,335.74,335.7799,38779.0
2025-09-10 15:55:00,335.7693,335.77,335.42,335.46,88769.0
2025-09-10 16:00:00,335.469,335.68,335.32,335.37,147351.0
2025-09-11 09:30:00,332.86,332.86,332.86,332.86,339.0
2025-09-11 09:35:00,333.04,333.07,333.01,333.06,1635.0
2025-09-11 09:40:00,333.01,333.07,333.01,333.06,607.0
2025-09-11 09:50:00,333.26,333.62,333.26,333.31,9006.0
2025-09-11 09:55:00,333.24,333.29,333.23,333.29,500.0
2025-09-11 10:00:00,333.29,333.31,333.27,333.3,2393.0
2025-09-11 10:05:00,333.2,333.35,333.14,333.35,1648.0
2025-09-11 10:15:00,333.46,333.55,333.41,333.41,2974.0
2025-09-11 10:20:00,333.41,333.42,333.41,333.42,588.0
2025-09-11 10:25:00,333.31,333.31,333.31,333.31,312.0
2025-09-11 10:30:00,333.21,333.21,333.16,333.16,310.0
2025-09-11 10:35:00,333.45,333.58,333.4,333.4,3591.0
2025-09-11 10:40:00,333.41,333.41,333.19,333.22,1454.0
2025-09-11 10:50:00,333.55,333.58,333.42,333.45,8285.0
2025-09-11 10:55:00,333.4,333.4,333.26,333.26,368.0
2025-09-11 11:00:00,333.35,333.38,333.25,333.28,4098.0
2025-09-11 11:05:00,333.21,333.21,333.21,333.21,125.0
2025-09-11 11:10:00,333.15,333.2,333.15,333.2,699.0
2025-09-11 11:15:00,333.2,333.2,333.2,333.2,559.0
2025-09-11 11:20:00,333.2,333.2,333.2,333.2,101.0
2025-09-11 11:30:00,333.14,333.18,333.14,333.18,1226.0
2025-09-11 11:35:00,333.18,333.18,333.0,333.0,7298.0
2025-09-11 11:40:00,332.85,332.9,332.75,332.75,2819.0
2025-09-11 11:45:00,332.9,332.94,332.9,332.91,750.0
2025-09-11 11:50:00,332.96,332.96,332.83,332.83,625.0
2025-09-11 11:55:00,332.98,332.98,332.98,332.98,114.0
2025-09-11 12:00:00,333.3,334.67,332.67,332.78,42554.0
2025-09-11 12:05:00,333.16,333.2894,333.03,333.15,17323.0
2025-09-11 12:10:00,333.02,333.21,333.0,333.21,7374.0
2025-09-11 12:15:00,333.1319,333.14,332.8,333.06,2067.0
2025-09-11 12:20:00,333.1,333.5,333.1,333.5,17006.0
2025-09-11 12:25:00,333.62,333.7581,333.0508,333.17,4950.0
2025-09-11 12:30:00,333.13,335.1984,332.56,334.99,70533.0
2025-09-11 12:35:00,334.99,335.4831,333.9942,334.8,37057.0
2025-09-11 12:40:00,335.02,335.44,334.32,334.5,10082.0
2025-09-11 12:45:00,334.5,334.54,333.85,334.1,7609.0
2025-09-11 12:50:00,334.15,334.15,333.8,333.8772,18289.0
2025-09-11 12:55:00,333.97,334.06,333.81,333.9,8252.0
2025-09-11 13:00:00,334.03,334.55,333.95,334.39,8275.0
2025-09-11 13:05:00,334.35,334.64,334.35,334.56,10012.0
2025-09-11 13:10:00,334.56,334.63,334.5,334.5,9151.0
2025-09-11 13:15:00,334.33,334.33,333.51,333.61,17895.0
2025-09-11 13:20:00,333.6299,334.0,333.26,333.8,14944.0
2025-09-11 13:25:00,333.82,333.82,333.32,333.35,26498.0
2025-09-11 13:30:00,333.37,333.82,333.341,333.45,249999.0
2025-09-11 13:35:00,333.45,333.6,332.97,333.54,277073.0
2025-09-11 13:40:00,333.55,334.1,333.37,333.95,112429.0
2025-09-11 13:45:00,333.965,334.27,333.76,333.94,182006.0
2025-09-11 13:50:00,333.94,334.31,333.89,334.21,109331.0
2025-09-11 13:55:00,334.24,334.371,334.0499,334.08,153338.0
2025-09-11 14:00:00,334.05,334.16,333.7,333.8,200708.0
2025-09-11 14:05:00,333.76,334.38,333.76,334.36,153547.0
2025-09-11 14:10:00,334.325,334.4,334.21,334.33,95543.0
2025-09-11 14:15:00,334.34,334.72,334.28,334.65,252133.0
2025-09-11 14:20:00,334.66,334.66,334.455,334.6492,137873.0
2025-09-11 14:25:00,334.66,334.765,334.48,334.515,127701.0
2025-09-11 14:30:00,334.5131,334.54,334.29,334.3483,104258.0
2025-09-11 14:35:00,334.3301,334.42,334.1,334.13,153527.0
2025-09-11 14:40:00,334.13,334.18,333.775,333.8,154512.0
2025-09-11 14:45:00,333.76,334.0312,333.76,334.0,157041.0
2025-09-11 14:50:00,334.01,334.11,333.9082,333.97,84860.0
2025-09-11 14:55:00,333.94,334.04,333.85,333.99,46343.0
2025-09-11 15:00:00,334.0,334.31,334.0,334.22,93819.0
2025-09-11 15:05:00,334.22,334.38,334.18,334.185,53970.0
2025-09-11 15:10:00,334.18,334.42,334.1799,334.42,68752.0
2025-09-11 15:15:00,334.425,334.6727,334.39,334.665,79408.0
2025-09-11 15:20:00,334.665,334.88,334.6,334.87,96570.0
2025-09-11 15:25:00,334.875,334.88,334.62,334.6747,272637.0
2025-09-11 15:30:00,334.66,334.8,334.59,334.595,135977.0
2025-09-11 15:35:00,334.58,334.62,334.36,334.46,162319.0
2025-09-11 15:40:00,334.44,334.53,334.4,334.46,109646.0
2025-09-11 15:45:00,334.4649,334.4649,334.25,334.29,115921.0
2025-09-11 15:50:00,334.3,334.34,334.21,334.23,299568.0
2025-09-11 15:55:00,334.27,334.37,334.165,334.335,130871.0
2025-09-11 16:00:00,334.34,334.72,334.325,334.565,150186.0
2025-09-12 09:30:00,335.55,335.55,335.55,335.55,201.0
2025-09-12 09:35:00,335.44,335.44,335.44,335.44,283.0
2025-09-12 09:45:00,335.56,335.56,335.56,335.56,760.0
2025-09-12 09:50:00,335.53,335.56,335.53,335.56,329.0
2025-09-12 10:10:00,335.8,335.8,335.7,335.7,2214.0
2025-09-12 10:15:00,335.95,335.95,335.95,335.95,1001.0
2025-09-12 10:20:00,336.1,336.1,336.01,336.01,821.0
2025-09-12 10:25:00,336.04,336.04,336.01,336.04,223.0
2025-09-12 10:40:00,335.96,335.96,335.93,335.93,802.0
2025-09-12 10:45:00,335.85,335.85,335.85,335.85,488.0
2025-09-12 10:50:00,336.03,336.19,336.03,336.1,1912.0
2025-09-12 10:55:00,336.17,336.17,336.11,336.11,952.0
2025-09-12 11:00:00,336.02,336.06,336.02,336.06,459.0
2025-09-12 11:05:00,336.02,336.02,336.0,336.0,1656.0
2025-09-12 11:20:00,335.87,336.01,335.87,336.01,365.0
2025-09-12 11:25:00,335.81,335.84,335.81,335.81,3342.0
2025-09-12 11:30:00,335.84,335.86,335.84,335.84,768.0
2025-09-12 11:35:00,335.86,335.86,335.77,335.77,829.0
2025-09-12 11:40:00,335.78,335.78,335.78,335.78,236.0
2025-09-12 11:55:00,335.75,335.75,335.75,335.75,439.0
2025-09-12 12:00:00,336.13,343.13,335.149,335.65,24319.0
2025-09-12 12:05:00,335.58,335.6,335.56,335.56,1753.0
2025-09-12 12:10:00,335.66,335.66,335.55,335.55,575.0
2025-09-12 12:15:00,335.65,335.8995,335.6005,335.61,1239.0
2025-09-12 12:20:00,335.6,335.6,335.45,335.45,1748.0
2025-09-12 12:25:00,335.35,335.3851,335.17,335.17,1561.0
2025-09-12 12:30:00,335.44,335.44,334.8,334.92,4844.0
2025-09-12 12:35:00,335.06,335.17,335.0,335.06,3557.0
2025-09-12 12:40:00,335.0,335.02,334.98,335.01,1377.0
2025-09-12 12:45:00,335.0,335.33,334.93,335.33,2105.0
2025-09-12 12:50:00,335.27,335.51,335.27,335.5,2664.0
2025-09-12 12:55:00,335.5001,335.5001,335.5001,335.5001,324.0
2025-09-12 13:00:00,335.57,335.75,335.43,335.75,2464.0
2025-09-12 13:05:00,335.8,335.9,335.8,335.84,4636.0
2025-09-12 13:10:00,335.85,336.01,335.85,335.96,5376.0
2025-09-12 13:15:00,335.93,336.0,335.81,336.0,3959.0
2025-09-12 13:20:00,336.03,336.03,335.89,335.9,2813.0
2025-09-12 13:25:00,335.99,335.99,335.88,335.88,3757.0
2025-09-12 13:30:00,335.88,336.1,335.7,336.045,203493.0
2025-09-12 13:35:00,336.04,336.06,335.735,336.0,131629.0
2025-09-12 13:40:00,335.99,336.24,335.93,336.08,113915.0
2025-09-12 13:45:00,336.06,336.2,335.68,335.97,167086.0
2025-09-12 13:50:00,335.99,336.24,335.945,336.15,133423.0
2025-09-12 13:55:00,336.2,336.22,335.94,336.03,101601.0
2025-09-12 14:00:00,336.0,336.28,335.96,336.23,157111.0
2025-09-12 14:05:00,336.23,336.305,335.95,336.085,77759.0
2025-09-12 14:10:00,336.16,336.28,336.09,336.19,74480.0
2025-09-12 14:15:00,336.2,336.36,336.1495,336.3,125732.0
2025-09-12 14:20:00,336.31,336.39,336.255,336.355,107691.0
2025-09-12 14:25:00,336.35,336.38,336.2,336.24,93343.0
2025-09-12 14:30:00,336.26,336.325,336.12,336.16,76129.0
2025-09-12 14:35:00,336.15,336.15,335.8664,335.99,126384.0
2025-09-12 14:40:00,336.03,336.055,335.89,336.0025,109220.0
2025-09-12 14:45:00,335.985,336.0083,335.7601,335.9005,277514.0
2025-09-12 14:50:00,335.905,335.99,335.82,335.8799,98039.0
2025-09-12 14:55:00,335.865,335.96,335.765,335.8,83612.0
2025-09-12 15:00:00,335.81,335.825,335.68,335.76,182002.0
2025-09-12 15:05:00,335.73,335.73,335.5,335.58,228829.0
2025-09-12 15:10:00,335.56,335.63,335.23,335.44,108236.0
2025-09-12 15:15:00,335.42,335.6,335.41,335.46,70389.0
2025-09-12 15:20:00,335.45,335.4969,335.33,335.4,70163.0
2025-09-12 15:25:00,335.415,335.49,335.29,335.48,42353.0
2025-09-12 15:30:00,335.465,335.675,335.465,335.65,71535.0
2025-09-12 15:35:00,335.65,335.73,335.58,335.59,109025.0
2025-09-12 15:40:00,335.6,335.75,335.597399,335.715,59441.0
2025-09-12 15:45:00,335.71,335.7199,335.53,335.6,52113.0
2025-09-12 15:50:00,335.5999,335.685,335.5999,335.655,32019.0
2025-09-12 15:55:00,335.64,335.65,335.39,335.4812,53438.0
2025-09-12 16:00:00,335.48,335.545,335.445,335.445,56996.0
2025-09-15 09:30:00,334.95,334.95,334.95,334.95,161.0
2025-09-15 09:40:00,334.83,334.86,334.83,334.86,367.0
2025-09-15 09:45:00,334.85,334.85,334.79,334.79,454.0
2025-09-15 09:55:00,334.98,334.98,334.98,334.98,353.0
2025-09-15 10:05:00,335.34,335.34,335.34,335.34,228.0
2025-09-15 10:10:00,335.47,335.47,335.47,335.47,2021.0
2025-09-15 10:15:00,335.47,335.47,335.47,335.47,538.0
2025-09-15 10:20:00,335.6,335.61,335.45,335.45,1137.0
2025-09-15 10:25:00,335.52,335.58,335.52,335.58,491.0
2025-09-15 10:35:00,335.5,335.5,335.47,335.48,1067.0
2025-09-15 10:50:00,335.07,335.1,335.07,335.1,749.0
2025-09-15 10:55:00,335.03,335.03,335.03,335.03,522.0
2025-09-15 11:00:00,335.12,335.17,335.0,335.0,1559.0
2025-09-15 11:10:00,335.24,335.24,335.24,335.24,253.0
2025-09-15 11:15:00,335.3,335.3,335.3,335.3,100.0
2025-09-15 11:20:00,335.41,335.46,335.41,335.46,452.0
2025-09-15 11:25:00,335.46,335.46,335.46,335.46,304.0
2025-09-15 11:40:00,335.6,335.6,335.6,335.6,110.0
2025-09-15 11:45:00,335.64,335.64,335.43,335.51,2744.0
2025-09-15 11:50:00,335.4,335.48,335.4,335.48,352.0
2025-09-15 11:55:00,335.41,335.41,335.4,335.4,420.0
2025-09-15 12:00:00,335.07,335.63,334.51,335.45,33004.0
2025-09-15 12:05:00,335.5,335.5,335.23,335.37,1509.0
2025-09-15 12:10:00,335.2,335.21,335.1,335.1,1616.0
2025-09-15 12:15:00,335.1,335.1,334.8551,335.0,3496.0
2025-09-15 12:20:00,335.03,335.1823,335.0,335.0,1460.0
2025-09-15 12:25:00,335.0,335.0,334.834,334.9,1189.0
2025-09-15 12:30:00,334.82,335.14,334.82,335.12,3487.0
2025-09-15 12:35:00,335.27,335.4255,335.27,335.4146,1105.0
2025-09-15 12:40:00,335.45,335.45,335.41,335.41,1077.0
2025-09-15 12:45:00,335.49,335.8,335.36,335.75,1740.0
2025-09-15 12:50:00,335.99,336.2,335.81,335.85,2294.0
2025-09-15 12:55:00,335.81,336.0685,335.8,336.0685,1706.0
2025-09-15 13:00:00,336.06,336.06,335.8,335.8,2669.0
2025-09-15 13:05:00,335.9301,336.0204,335.81,335.92,3504.0
2025-09-15 13:10:00,335.78,335.98,335.75,335.92,1364.0
2025-09-15 13:15:00,335.93,335.97,335.83,335.97,2938.0
2025-09-15 13:20:00,336.03,336.27,336.03,336.1,17980.0
2025-09-15 13:25:00,336.1,336.35,336.08,336.35,13961.0
2025-09-15 13:30:00,336.31,336.495,336.23,336.42,278418.0
2025-09-15 13:35:00,336.42,337.08,336.42,337.08,357408.0
2025-09-15 13:40:00,337.11,337.31,337.02,337.172,228135.0
2025-09-15 13:45:00,337.18,337.295,336.84,336.95,165313.0
2025-09-15 13:50:00,336.96,337.2089,336.83,336.95,111941.0
2025-09-15 13:55:00,336.97,337.0,336.57,336.62,111114.0
2025-09-15 14:00:00,336.66,336.86,336.32,336.8024,167128.0
2025-09-15 14:05:00,336.8009,336.9,336.6,336.82,119965.0
2025-09-15 14:10:00,336.83,336.98,336.8,336.9,198656.0
2025-09-15 14:15:00,336.91,336.91,336.55,336.6,103024.0
2025-09-15 14:20:00,336.62,336.85,336.62,336.68,41401.0
2025-09-15 14:25:00,336.675,336.82,336.64,336.69,51238.0
2025-09-15 14:30:00,336.69,336.89,336.605,336.795,101088.0
2025-09-15 14:35:00,336.8,337.09,336.785,337.0,99938.0
2025-09-15 14:40:00,336.9875,337.09,336.81,337.09,53213.0
2025-09-15 14:45:00,337.07,337.16,336.97,337.1,67653.0
2025-09-15 14:50:00,337.12,337.195,337.06,337.19,189880.0
2025-09-15 14:55:00,337.2,337.265,337.15,337.22,90030.0
2025-09-15 15:00:00,337.23,337.39,337.1909,337.36,123401.0
2025-09-15 15:05:00,337.3693,337.42,337.195,337.378,91852.0
2025-09-15 15:10:00,337.36,337.43,337.21,337.35,66736.0
2025-09-15 15:15:00,337.36,337.4099,337.25,337.34,146118.0
2025-09-15 15:20:00,337.34,337.48,337.325,337.41,53479.0
2025-09-15 15:25:00,337.4,337.6137,337.4,337.5801,124262.0
2025-09-15 15:30:00,337.588,337.6,337.47,337.53,98912.0
2025-09-15 15:35:00,337.52,337.6199,337.4924,337.6001,100895.0
2025-09-15 15:40:00,337.61,337.745,337.59,337.6957,122561.0
2025-09-15 15:45:00,337.69,338.18,337.69,338.165,204248.0
2025-09-15 15:50:00,338.16,338.67,338.09,338.59,304924.0
2025-09-15 15:55:00,338.6,338.925,338.55,338.8,314146.0
2025-09-15 16:00:00,338.78,338.82,338.52,338.69,151541.0
2025-09-16 09:30:00,340.1,340.11,340.1,340.11,406.0
2025-09-16 09:35:00,340.2,340.25,340.2,340.25,879.0
2025-09-16 09:45:00,340.33,340.33,340.33,340.33,116.0
2025-09-16 09:50:00,340.41,340.41,340.41,340.41,345.0
2025-09-16 09:55:00,340.38,340.5,340.35,340.5,4467.0
2025-09-16 10:00:00,340.41,340.41,340.36,340.36,584.0
2025-09-16 10:05:00,340.35,340.36,340.35,340.36,1079.0
2025-09-16 10:10:00,340.3,340.3,340.3,340.3,140.0
2025-09-16 10:15:00,340.28,340.28,340.2,340.27,1051.0
2025-09-16 10:20:00,340.25,340.25,340.25,340.25,135.0
2025-09-16 10:25:00,340.36,340.37,340.34,340.34,557.0
2025-09-16 10:30:00,340.32,340.33,340.32,340.32,350.0
2025-09-16 10:35:00,340.25,340.25,340.2,340.2,8220.0
2025-09-16 10:40:00,340.21,340.21,340.21,340.21,207.0
2025-09-16 10:45:00,340.09,340.09,340.09,340.09,300.0
2025-09-16 10:50:00,340.21,340.21,340.0,340.0,2197.0
2025-09-16 10:55:00,339.99,339.99,339.99,339.99,316.0
2025-09-16 11:00:00,339.95,340.05,339.9,339.93,2084.0
2025-09-16 11:05:00,339.88,339.88,339.88,339.88,534.0
2025-09-16 11:15:00,339.88,339.88,339.77,339.77,846.0
2025-09-16 11:20:00,339.76,339.76,339.75,339.75,841.0
2025-09-16 11:25:00,339.81,339.9,339.81,339.9,933.0
2025-09-16 11:30:00,339.92,339.99,339.82,339.98,3023.0
2025-09-16 11:35:00,339.97,339.97,339.97,339.97,143.0
2025-09-16 11:45:00,340.24,340.37,340.2,340.37,4841.0
2025-09-16 11:50:00,340.4,340.5,340.4,340.5,2605.0
2025-09-16 11:55:00,340.3,340.3,340.27,340.27,783.0
2025-09-16 12:00:00,339.93,340.44,338.86,340.15,30585.0
2025-09-16 12:05:00,340.23,340.3954,340.23,340.28,1156.0
2025-09-16 12:10:00,340.2,340.4055,340.17,340.2,1362.0
2025-09-16 12:15:00,340.04,340.3,339.94,340.28,3826.0
2025-09-16 12:20:00,340.28,340.28,339.8903,339.8903,3857.0
2025-09-16 12:25:00,339.93,339.93,339.82,339.82,1732.0
2025-09-16 12:30:00,339.78,339.8,339.45,339.8,38187.0
2025-09-16 12:35:00,339.9,340.0,339.51,339.7753,7437.0
2025-09-16 12:40:00,339.51,339.55,339.45,339.55,9136.0
2025-09-16 12:45:00,339.56,339.68,339.55,339.55,152623.0
2025-09-16 12:50:00,339.69,339.72,339.5,339.5,4537.0
2025-09-16 12:55:00,339.5,339.6,339.4303,339.51,5621.0
2025-09-16 13:00:00,339.5,339.5,339.24,339.36,10791.0
2025-09-16 13:05:00,339.3,339.39,339.3,339.39,2225.0
2025-09-16 13:10:00,339.33,339.5,339.26,339.48,3448.0
2025-09-16 13:15:00,339.45,339.53,339.21,339.34,10199.0
2025-09-16 13:20:00,339.49,339.84,339.46,339.84,15701.0
2025-09-16 13:25:00,339.79,340.09,339.79,340.09,32483.0
2025-09-16 13:30:00,340.09,340.19,339.83,340.19,344984.0
2025-09-16 13:35:00,340.185,340.465,340.12,340.45,193610.0
2025-09-16 13:40:00,340.44,340.45,339.89,339.96,152680.0
2025-09-16 13:45:00,339.95,340.34,339.95,340.2,105585.0
2025-09-16 13:50:00,340.21,340.43,340.17,340.3727,121151.0
2025-09-16 13:55:00,340.3825,340.3825,340.115,340.17,170798.0
2025-09-16 14:00:00,340.17,340.32,340.06,340.1575,179337.0
2025-09-16 14:05:00,340.1545,340.34,339.99,340.31,212229.0
2025-09-16 14:10:00,340.3,340.55,340.275,340.535,173762.0
2025-09-16 14:15:00,340.53,340.88,340.43,340.78,639471.0
2025-09-16 14:20:00,340.77,340.77,340.4499,340.61,314605.0
2025-09-16 14:25:00,340.6,340.63,339.83,339.91,284954.0
2025-09-16 14:30:00,339.93,340.1,339.54,339.73,300358.0
2025-09-16 14:35:00,339.74,340.2,339.7101,340.0799,339775.0
2025-09-16 14:40:00,340.0893,340.11,339.5996,339.6,176970.0
2025-09-16 14:45:00,339.61,339.74,339.47,339.62,206430.0
2025-09-16 14:50:00,339.62,339.63,339.27,339.52,235307.0
2025-09-16 14:55:00,339.55,339.55,339.25,339.31,176391.0
2025-09-16 15:00:00,339.33,339.45,339.21,339.28,289319.0
2025-09-16 15:05:00,339.25,339.2501,338.72,338.76,455078.0
2025-09-16 15:10:00,338.76,339.15,338.76,339.1462,177287.0
2025-09-16 15:15:00,339.1,339.32,339.065,339.28,112987.0
2025-09-16 15:20:00,339.2982,339.56,339.09,339.14,133624.0
2025-09-16 15:25:00,339.13,339.23,338.89,338.92,126206.0
2025-09-16 15:30:00,338.93,338.97,338.68,338.71,198779.0
2025-09-16 15:35:00,338.7,338.895,338.62,338.895,336658.0
2025-09-16 15:40:00,338.9,338.9003,338.635,338.75,90110.0
2025-09-16 15:45:00,338.75,339.18,338.736442,339.13,175511.0
2025-09-16 15:50:00,339.14,339.29,339.0799,339.24,102469.0
2025-09-16 15:55:00,339.265,339.38,339.22,339.32,79686.0
2025-09-16 16:00:00,339.32,339.44,339.29,339.375,105765.0
2025-09-17 09:40:00,337.72,337.72,337.6,337.6,350.0
2025-09-17 09:50:00,337.63,337.63,337.63,337.63,113.0
2025-09-17 09:55:00,337.72,337.72,337.67,337.67,542.0
2025-09-17 10:00:00,337.61,337.65,337.61,337.65,224.0
2025-09-17 10:05:00,337.56,337.56,337.3,337.3,1136.0
2025-09-17 10:10:00,337.2,337.2,337.0,337.0,3703.0
2025-09-17 10:20:00,337.44,337.44,337.43,337.44,2000.0
2025-09-17 10:30:00,337.31,337.31,337.28,337.28,741.0
2025-09-17 10:35:00,337.45,337.45,337.45,337.45,106.0
2025-09-17 10:40:00,337.33,337.33,337.32,337.32,404.0
2025-09-17 10:45:00,337.44,337.5,337.15,337.15,1843.0
2025-09-17 10:50:00,337.0,337.16,336.97,337.16,1795.0
2025-09-17 10:55:00,337.07,337.07,337.03,337.03,300.0
2025-09-17 11:00:00,337.54,337.54,336.93,337.0,4418.0
2025-09-17 11:05:00,337.0,337.15,336.91,337.15,1349.0
2025-09-17 11:10:00,337.24,337.24,337.24,337.24,355.0
2025-09-17 11:20:00,337.3,337.59,337.3,337.59,702.0
2025-09-17 11:25:00,337.6,337.6,337.6,337.6,684.0
2025-09-17 11:30:00,337.55,337.57,337.55,337.56,2429.0
2025-09-17 11:35:00,337.55,337.55,337.5,337.5,1822.0
2025-09-17 11:40:00,337.41,337.6,337.41,337.6,972.0
2025-09-17 11:45:00,337.63,337.72,337.63,337.72,720.0
2025-09-17 11:50:00,337.45,337.45,337.4,337.4,2191.0
2025-09-17 11:55:00,337.3,337.34,337.3,337.34,1147.0
2025-09-17 12:00:00,337.16,339.1,336.86,337.6995,44711.0
2025-09-17 12:05:00,337.67,337.9,337.67,337.8799,5698.0
2025-09-17 12:10:00,337.88,337.94,337.8479,337.8479,1198.0
2025-09-17 12:15:00,337.8,337.83,337.8,337.8,722.0
2025-09-17 12:20:00,337.95,337.95,337.85,337.9,1612.0
2025-09-17 12:25:00,337.93,337.94,337.8165,337.8165,658.0
2025-09-17 12:30:00,337.924,337.97,337.9,337.9,3732.0
2025-09-17 12:35:00,337.93,338.19,337.92,338.19,2254.0
2025-09-17 12:40:00,338.28,338.28,338.23,338.23,2271.0
2025-09-17 12:45:00,338.2203,338.5074,338.2203,338.5074,2978.0
2025-09-17 12:50:00,338.39,338.58,338.39,338.58,2666.0
2025-09-17 12:55:00,338.56,338.6481,338.55,338.6481,6538.0
2025-09-17 13:00:00,338.57,338.57,338.37,338.37,5067.0
2025-09-17 13:05:00,338.3,338.42,338.05,338.42,22454.0
2025-09-17 13:10:00,338.3748,338.56,338.3748,338.56,1097.0
2025-09-17 13:15:00,338.6,338.64,338.37,338.4,8988.0
2025-09-17 13:20:00,338.36,338.45,338.2,338.31,11295.0
2025-09-17 13:25:00,338.32,338.48,338.19,338.48,15073.0
2025-09-17 13:30:00,338.53,338.788,338.41,338.73,212926.0
2025-09-17 13:35:00,338.73,338.99,338.69,338.72,143953.0
2025-09-17 13:40:00,338.7388,338.8,338.55,338.65,120876.0
2025-09-17 13:45:00,338.66,338.67,338.45,338.67,80561.0
2025-09-17 13:50:00,338.685,338.71,338.375,338.5,75837.0
2025-09-17 13:55:00,338.5065,338.635,338.42,338.63,81688.0
2025-09-17 14:00:00,338.62,338.83,338.44,338.6693,109419.0
2025-09-17 14:05:00,338.695,338.8475,338.555,338.8372,101577.0
2025-09-17 14:10:00,338.84,339.13,338.805,339.1083,98104.0
2025-09-17 14:15:00,339.11,339.2,338.98,339.01,86253.0
2025-09-17 14:20:00,338.98,339.06,338.9,339.03,151647.0
2025-09-17 14:25:00,339.05,339.05,338.9,339.0001,55393.0
2025-09-17 14:30:00,339.01,339.22,339.0043,339.0499,54247.0
2025-09-17 14:35:00,339.04,339.22,339.0,339.19,68022.0
2025-09-17 14:40:00,339.21,339.23,339.05,339.22,55107.0
2025-09-17 14:45:00,339.23,339.31,339.175,339.21,77520.0
2025-09-17 14:50:00,339.22,339.22,338.96,338.965,88878.0
2025-09-17 14:55:00,338.965,339.135,338.945,339.13,136779.0
2025-09-17 15:00:00,339.13,339.21,339.08,339.1,96023.0
2025-09-17 15:05:00,339.06,339.22,339.055,339.17,101760.0
2025-09-17 15:10:00,339.1885,339.395,339.14,339.22,94666.0
2025-09-17 15:15:00,339.22,339.34,339.17,339.185,65565.0
2025-09-17 15:20:00,339.18,339.3,339.17,339.28,70835.0
2025-09-17 15:25:00,339.2793,339.28,339.13,339.22,50671.0
2025-09-17 15:30:00,339.22,339.29,339.13,339.2,79479.0
2025-09-17 15:35:00,339.22,339.4,339.195,339.2891,150358.0
2025-09-17 15:40:00,339.3,339.32,339.15,339.18,44615.0
2025-09-17 15:45:00,339.18,339.2,339.09,339.1351,49079.0
2025-09-17 15:50:00,339.1365,339.1899,339.01,339.01,41843.0
2025-09-17 15:55:00,339.0,339.135,338.99,339.12,110187.0
2025-09-17 16:00:00,339.13,339.28,339.13,339.275,86459.0
2025-09-18 09:30:00,337.82,337.82,337.82,337.82,147.0
2025-09-18 09:35:00,337.81,337.95,337.81,337.95,2491.0
2025-09-18 09:40:00,337.86,337.86,337.71,337.71,31733.0
2025-09-18 09:45:00,337.9,337.9,337.9,337.9,1044.0
2025-09-18 09:50:00,337.7,337.7,337.7,337.7,668.0
2025-09-18 09:55:00,337.8,337.81,337.79,337.79,1137.0
2025-09-18 10:00:00,337.85,337.91,337.77,337.78,1593.0
2025-09-18 10:10:00,337.53,337.53,337.52,337.52,431.0
2025-09-18 10:20:00,337.4,337.4,337.4,337.4,4950.0
2025-09-18 10:30:00,337.6,337.6,337.6,337.6,248.0
2025-09-18 10:35:00,337.54,337.54,337.4,337.4,1459.0
2025-09-18 10:45:00,337.42,337.43,337.42,337.43,605.0
2025-09-18 10:50:00,337.5,337.5,337.5,337.5,108.0
2025-09-18 10:55:00,337.44,337.46,337.3,337.3,1599.0
2025-09-18 11:00:00,337.32,337.5,337.32,337.45,1717.0
2025-09-18 11:05:00,337.5,337.5,337.5,337.5,1033.0
2025-09-18 11:10:00,337.56,337.56,337.38,337.38,874.0
2025-09-18 11:15:00,337.48,337.74,337.48,337.73,2697.0
2025-09-18 11:20:00,337.7,337.7,337.56,337.56,593.0
2025-09-18 11:25:00,337.45,337.45,337.31,337.31,936.0
2025-09-18 11:30:00,337.29,337.29,337.27,337.27,926.0
2025-09-18 11:35:00,337.56,337.59,337.5,337.5,967.0
2025-09-18 11:40:00,337.5,337.5,337.5,337.5,163.0
2025-09-18 11:45:00,337.48,337.48,337.28,337.28,1497.0
2025-09-18 11:50:00,337.3,337.5,337.3,337.5,631.0
2025-09-18 12:00:00,337.48,337.94,334.5,336.68,47317.0
2025-09-18 12:05:00,337.56,337.63,337.4,337.63,1479.0
2025-09-18 12:10:00,337.37,337.64,337.3,337.59,1735.0
2025-09-18 12:15:00,337.2649,337.6,337.2649,337.3263,807.0
2025-09-18 12:20:00,337.79,337.85,337.72,337.72,3155.0
2025-09-18 12:25:00,337.61,337.8999,337.61,337.8938,1124.0
2025-09-18 12:30:00,337.37,337.7784,337.26,337.26,6390.0
2025-09-18 12:35:00,337.25,337.5,337.19,337.49,2871.0
2025-09-18 12:40:00,337.3862,337.3862,337.3862,337.3862,350.0
2025-09-18 12:45:00,337.591,337.69,337.59,337.6,5596.0
2025-09-18 12:50:00,337.3,337.49,337.25,337.38,4509.0
2025-09-18 12:55:00,337.4,337.5,337.06,337.06,8060.0
2025-09-18 13:00:00,337.0,337.0,336.73,337.0,13397.0
2025-09-18 13:05:00,336.95,336.95,336.3952,336.58,8735.0
2025-09-18 13:10:00,336.62,336.6325,336.43,336.63,3408.0
2025-09-18 13:15:00,336.7,336.87,336.7,336.71,3478.0
2025-09-18 13:20:00,336.64,336.7,336.26,336.42,13630.0
2025-09-18 13:25:00,336.39,336.39,336.07,336.1613,18187.0
2025-09-18 13:30:00,336.22,336.32,335.56,335.62,381186.0
2025-09-18 13:35:00,335.5894,335.6802,334.79,335.0,727146.0
2025-09-18 13:40:00,335.0,335.0001,333.98,333.99,695849.0
2025-09-18 13:45:00,334.02,334.7,333.81,334.58,819824.0
2025-09-18 13:50:00,334.57,335.145,334.49,334.5,676063.0
2025-09-18 13:55:00,334.485,335.2,334.43,335.16,345183.0
2025-09-18 14:00:00,335.155,335.5251,335.08,335.4708,416787.0
2025-09-18 14:05:00,335.495,335.51,334.83,335.02,322086.0
2025-09-18 14:10:00,335.0097,335.38,334.99,335.03,269771.0
2025-09-18 14:15:00,335.02,335.04,334.5751,334.73,359730.0
2025-09-18 14:20:00,334.76,334.9,334.43,334.58,229341.0
2025-09-18 14:25:00,334.58,334.735,334.48,334.535,182561.0
2025-09-18 14:30:00,334.54,334.87,334.51,334.73,307189.0
2025-09-18 14:35:00,334.74,335.28,334.72,335.22,214975.0
2025-09-18 14:40:00,335.2,335.27,335.05,335.1246,183197.0
2025-09-18 14:45:00,335.135,335.53,334.97,335.405,172607.0
2025-09-18 14:50:00,335.4,335.53,335.01,335.06,298438.0
2025-09-18 14:55:00,335.07,335.14,334.78,334.8,168697.0
2025-09-18 15:00:00,334.7975,335.11,334.78,334.87,263771.0
2025-09-18 15:05:00,334.91,335.08,334.76,334.8,152177.0
2025-09-18 15:10:00,334.8,334.91,334.66,334.89,132798.0
2025-09-18 15:15:00,334.88,335.11,334.82,335.0607,133059.0
2025-09-18 15:20:00,335.08,335.16,334.8601,334.96,105386.0
2025-09-18 15:25:00,334.9791,335.0,334.812,334.895,152114.0
2025-09-18 15:30:00,334.9,335.0499,334.84,334.92,103192.0
2025-09-18 15:35:00,334.935,335.065,334.89,335.0,120553.0
2025-09-18 15:40:00,334.99,335.02,334.9,334.97,105481.0
2025-09-18 15:45:00,334.96,335.0106,334.8799,334.99,168372.0
2025-09-18 15:50:00,334.97,334.9982,334.86,334.92,104320.0
2025-09-18 15:55:00,334.93,335.1196,334.885,335.07,99101.0
2025-09-18 16:00:00,335.08,335.22,335.035,335.09,141862.0
2025-09-19 10:05:00,336.7,336.71,336.7,336.71,602.0
2025-09-19 10:10:00,336.62,336.62,336.61,336.61,773.0
2025-09-19 10:15:00,336.77,336.77,336.77,336.77,100.0
2025-09-19 10:25:00,336.62,336.62,336.62,336.62,507.0
2025-09-19 10:30:00,336.61,336.61,336.61,336.61,200.0
2025-09-19 10:40:00,336.45,336.45,336.45,336.45,753.0
2025-09-19 10:50:00,336.55,336.55,336.55,336.55,243.0
2025-09-19 10:55:00,336.5,336.5,336.5,336.5,229.0
2025-09-19 11:00:00,336.48,336.48,336.48,336.48,323.0
2025-09-19 11:05:00,336.4,336.41,336.4,336.41,442.0
2025-09-19 11:10:00,336.3,336.32,336.3,336.32,1155.0
2025-09-19 11:15:00,336.19,336.3,336.13,336.13,1070.0
2025-09-19 11:20:00,336.13,336.13,336.13,336.13,153.0
2025-09-19 11:25:00,336.08,336.08,336.0,336.0,3183.0
2025-09-19 11:40:00,335.91,335.91,335.75,335.75,1214.0
2025-09-19 11:55:00,335.66,335.66,335.6,335.6,465.0
2025-09-19 12:00:00,336.5,336.88,335.5,336.0,24997.0
2025-09-19 12:05:00,335.89,336.17,335.69,336.17,2834.0
2025-09-19 12:10:00,335.97,336.0,335.97,336.0,654.0
2025-09-19 12:15:00,336.0,336.0,336.0,336.0,351.0
2025-09-19 12:20:00,335.93,335.93,335.84,335.86,1001.0
2025-09-19 12:25:00,335.9,335.9,335.9,335.9,212.0
2025-09-19 12:30:00,335.968,335.9861,335.968,335.9861,426.0
2025-09-19 12:35:00,335.82,335.88,335.78,335.88,594.0
2025-09-19 12:40:00,335.73,335.9809,335.73,335.9809,697.0
2025-09-19 12:45:00,335.7,335.78,335.7,335.78,594.0
2025-09-19 12:50:00,335.7,335.8,335.5,335.8,3014.0
2025-09-19 12:55:00,335.9,335.91,335.81,335.85,1727.0
2025-09-19 13:00:00,335.8,335.8,335.41,335.7262,5887.0
2025-09-19 13:05:00,335.73,335.73,335.56,335.63,3440.0
2025-09-19 13:10:00,335.69,336.2897,335.69,336.28,11959.0
2025-09-19 13:15:00,336.21,336.37,336.15,336.37,4238.0
2025-09-19 13:20:00,336.28,336.33,336.23,336.3101,2840.0
2025-09-19 13:25:00,336.25,336.46,336.24,336.46,7990.0
2025-09-19 13:30:00,336.51,336.6289,336.3119,336.55,198883.0
2025-09-19 13:35:00,336.6,336.77,336.42,336.46,143366.0
2025-09-19 13:40:00,336.45,336.64,336.325,336.57,165868.0
2025-09-19 13:45:00,336.585,336.7019,336.3645,336.7019,105913.0
2025-09-19 13:50:00,336.71,336.95,336.71,336.925,121751.0
2025-09-19 13:55:00,336.925,337.285,336.83,337.21,236538.0
2025-09-19 14:00:00,337.2,337.27,336.99,337.04,160257.0
2025-09-19 14:05:00,337.05,337.07,336.81,336.925,167327.0
2025-09-19 14:10:00,336.92,337.12,336.84,336.93,128793.0
2025-09-19 14:15:00,336.939,336.98,336.55,336.67,148293.0
2025-09-19 14:20:00,336.68,337.0584,336.55,337.0584,159267.0
2025-09-19 14:25:00,337.055,337.295,337.04,337.25,159420.0
2025-09-19 14:30:00,337.27,337.38,337.12,337.1335,178312.0
2025-09-19 14:35:00,337.13,337.41,337.0946,337.38,168303.0
2025-09-19 14:40:00,337.38,337.41,337.16,337.295,121386.0
2025-09-19 14:45:00,337.29,337.415,337.18,337.3,89938.0
2025-09-19 14:50:00,337.31,337.645,337.24,337.62,229861.0
2025-09-19 14:55:00,337.58,337.7401,337.47,337.5294,211338.0
2025-09-19 15:00:00,337.56,337.8399,337.4275,337.69,208810.0
2025-09-19 15:05:00,337.68,337.69,337.4546,337.545,154591.0
2025-09-19 15:10:00,337.545,338.02,337.39,338.02,308711.0
2025-09-19 15:15:00,338.02,338.11,337.92,338.08,141753.0
2025-09-19 15:20:00,338.09,338.345,338.09,338.22,241057.0
2025-09-19 15:25:00,338.22,338.2903,337.87,337.93,280388.0
2025-09-19 15:30:00,337.93,337.93,337.59,337.79,273575.0
2025-09-19 15:35:00,337.8,337.9,337.67,337.72,165924.0
2025-09-19 15:40:00,337.725,337.85,337.685,337.81,118118.0
2025-09-19 15:45:00,337.8,337.84,337.66,337.675,112557.0
2025-09-19 15:50:00,337.67,337.95,337.665,337.9,97171.0
2025-09-19 15:55:00,337.9002,337.925,337.8456,337.875,62973.0
2025-09-19 16:00:00,337.88,338.09,337.88,338.03,652052.0
2025-09-22 09:30:00,342.81,342.81,342.6,342.6,1220.0
2025-09-22 09:35:00,342.5,342.53,342.5,342.53,1133.0
2025-09-22 09:40:00,342.53,342.58,342.52,342.52,356.0
2025-09-22 09:45:00,342.45,342.65,342.45,342.65,709.0
2025-09-22 09:55:00,342.7,342.7,342.7,342.7,258.0
2025-09-22 10:10:00,342.7,342.74,342.66,342.66,826.0
2025-09-22 10:20:00,342.89,342.89,342.89,342.89,202.0
2025-09-22 10:30:00,342.87,342.87,342.87,342.87,808.0
2025-09-22 10:35:00,342.86,342.86,342.77,342.77,1087.0
2025-09-22 10:40:00,342.85,342.88,342.85,342.88,1028.0
2025-09-22 10:45:00,343.02,343.05,342.91,343.05,8500.0
2025-09-22 10:50:00,343.09,343.1,343.09,343.09,1137.0
2025-09-22 10:55:00,343.05,343.05,343.0,343.05,5209.0
2025-09-22 11:00:00,343.0,343.01,342.86,342.89,16420.0
2025-09-22 11:05:00,342.95,343.02,342.93,343.0,3827.0
2025-09-22 11:10:00,343.01,343.1,343.01,343.02,6428.0
2025-09-22 11:15:00,343.06,343.09,343.02,343.09,4654.0
2025-09-22 11:20:00,343.04,343.13,342.96,342.96,7590.0
2025-09-22 11:25:00,343.01,343.01,342.95,342.95,1153.0
2025-09-22 11:30:00,343.0,343.05,342.96,342.98,1684.0
2025-09-22 11:35:00,342.94,343.0,342.91,342.91,7896.0
2025-09-22 11:40:00,342.9,342.9,342.57,342.57,16421.0
2025-09-22 11:45:00,342.58,342.64,342.57,342.64,7531.0
2025-09-22 11:50:00,342.72,342.72,342.64,342.65,1663.0
2025-09-22 11:55:00,342.6,342.83,342.53,342.83,7655.0
2025-09-22 12:00:00,342.95,343.14,339.84,342.8,65167.0
2025-09-22 12:05:00,342.75,342.78,342.65,342.65,804.0
2025-09-22 12:10:00,342.66,342.66,342.5,342.5,4886.0
2025-09-22 12:15:00,342.47,342.65,342.2,342.2,13341.0
2025-09-22 12:20:00,342.26,342.26,341.75,341.75,6126.0
2025-09-22 12:25:00,341.75,342.0,341.7,342.0,16183.0
2025-09-22 12:30:00,341.95,342.1,341.83,342.1,7094.0
2025-09-22 12:35:00,342.15,342.3193,341.96,342.0588,14317.0
2025-09-22 12:40:00,342.01,342.1695,341.9,342.05,8556.0
2025-09-22 12:45:00,341.8779,342.3,341.8779,342.27,9601.0
2025-09-22 12:50:00,342.5,342.66,342.28,342.5,12987.0
2025-09-22 12:55:00,342.5,342.6,342.46,342.5299,13861.0
2025-09-22 13:00:00,342.48,342.81,342.39,342.6,18695.0
2025-09-22 13:05:00,342.57,342.85,342.57,342.64,9003.0
2025-09-22 13:10:00,342.68,342.75,342.49,342.61,13709.0
2025-09-22 13:15:00,342.6,342.77,342.485,342.74,9551.0
2025-09-22 13:20:00,342.74,342.87,342.67,342.8,20553.0
2025-09-22 13:25:00,342.78,342.82,342.62,342.68,57151.0
2025-09-22 13:30:00,342.75,342.89,342.11,342.14,443138.0
2025-09-22 13:35:00,342.13,342.61,342.0557,342.425,206992.0
2025-09-22 13:40:00,342.425,342.78,342.04,342.18,304105.0
2025-09-22 13:45:00,342.195,342.22,341.84,341.89,270436.0
2025-09-22 13:50:00,341.94,342.475,341.9,342.4,199755.0
2025-09-22 13:55:00,342.4323,342.635,342.355,342.61,353162.0
2025-09-22 14:00:00,342.62,342.72,342.14,342.24,234554.0
2025-09-22 14:05:00,342.26,342.695,342.16,342.65,184727.0
2025-09-22 14:10:00,342.65,342.65,342.377,342.39,219878.0
2025-09-22 14:15:00,342.39,342.5406,342.23,342.265,162114.0
2025-09-22 14:20:00,342.2624,342.49,342.12,342.445,198012.0
2025-09-22 14:25:00,342.45,342.59,342.26,342.53,156816.0
2025-09-22 14:30:00,342.575,342.58,342.32,342.37,85691.0
2025-09-22 14:35:00,342.38,342.49,342.14,342.35,105289.0
2025-09-22 14:40:00,342.335,342.36,342.12,342.34,60917.0
2025-09-22 14:45:00,342.33,342.47,342.32,342.39,84975.0
2025-09-22 14:50:00,342.39,342.9384,342.38,342.8706,177123.0
2025-09-22 14:55:00,342.88,342.99,342.78,342.92,187694.0
2025-09-22 15:00:00,342.93,342.98,342.72,342.88,172469.0
2025-09-22 15:05:00,342.87,343.11,342.85,343.074,153704.0
2025-09-22 15:10:00,343.06,343.06,342.86,342.89,135168.0
2025-09-22 15:15:00,342.9001,343.0203,342.81,343.0087,101110.0
2025-09-22 15:20:00,343.0015,343.27,342.93,343.2699,128828.0
2025-09-22 15:25:00,343.24,343.49,343.13,343.45,150070.0
2025-09-22 15:30:00,343.45,343.64,343.43,343.59,303386.0
2025-09-22 15:35:00,343.59,343.7,343.375,343.66,182720.0
2025-09-22 15:40:00,343.66,343.66,343.5187,343.62,66906.0
2025-09-22 15:45:00,343.63,343.81,343.63,343.81,99984.0
2025-09-22 15:50:00,343.82,343.895,343.76,343.79,111220.0
2025-09-22 15:55:00,343.8,343.91,343.8,343.8793,133075.0
2025-09-22 16:00:00,343.88,344.09,343.81,344.08,143832.0
2025-09-23 09:30:00,348.39,348.6,348.3,348.47,4357.0
2025-09-23 09:35:00,348.4,348.4,348.16,348.32,3257.0
2025-09-23 09:40:00,348.03,348.03,347.84,347.84,2732.0
2025-09-23 09:45:00,347.88,348.06,347.88,348.02,2295.0
2025-09-23 09:50:00,348.06,348.23,348.06,348.2,2400.0
2025-09-23 09:55:00,348.52,348.52,348.3,348.48,848.0
2025-09-23 10:00:00,348.63,348.63,348.28,348.28,1932.0
2025-09-23 10:10:00,348.33,348.51,348.33,348.51,1073.0
2025-09-23 10:15:00,348.51,348.51,348.51,348.51,359.0
2025-09-23 10:20:00,348.53,348.62,348.52,348.59,1463.0
2025-09-23 10:25:00,348.43,348.45,348.37,348.37,2127.0
2025-09-23 10:35:00,348.33,348.36,348.33,348.35,629.0
2025-09-23 10:40:00,348.21,348.27,348.21,348.27,377.0
2025-09-23 10:45:00,348.2,348.2,348.17,348.17,410.0
2025-09-23 10:50:00,348.08,348.08,348.06,348.06,547.0
2025-09-23 10:55:00,348.08,348.21,348.08,348.21,948.0
2025-09-23 11:00:00,348.18,348.24,348.13,348.13,3342.0
2025-09-23 11:05:00,348.17,348.22,348.16,348.2,819.0
2025-09-23 11:10:00,348.1,348.13,347.84,347.84,4357.0
2025-09-23 11:15:00,348.17,348.21,348.17,348.21,881.0
2025-09-23 11:20:00,348.1,348.42,348.1,348.34,25083.0
2025-09-23 11:25:00,348.3,348.69,348.25,348.66,9687.0
2025-09-23 11:30:00,348.67,348.67,348.27,348.27,3113.0
2025-09-23 11:35:00,348.26,348.26,348.25,348.25,867.0
2025-09-23 11:40:00,348.25,348.25,348.21,348.21,1204.0
2025-09-23 11:45:00,348.25,348.28,348.12,348.12,5842.0
2025-09-23 11:50:00,347.97,348.03,347.96,347.96,8182.0
2025-09-23 11:55:00,348.21,348.26,348.21,348.26,806.0
2025-09-23 12:00:00,346.5,348.8,344.51,347.95,54714.0
2025-09-23 12:05:00,348.02,348.02,347.8613,347.98,3959.0
2025-09-23 12:10:00,348.0,348.0,347.62,347.82,28466.0
2025-09-23 12:15:00,347.95,348.2917,347.91,348.195,15975.0
2025-09-23 12:20:00,348.18,348.32,348.0,348.05,2512.0
2025-09-23 12:25:00,348.0,348.0,347.73,347.92,6320.0
2025-09-23 12:30:00,347.99,348.39,347.99,348.2,1919.0
2025-09-23 12:35:00,348.1,348.25,348.1,348.25,3041.0
2025-09-23 12:40:00,348.22,348.36,348.0117,348.36,2463.0
2025-09-23 12:45:00,348.36,348.3993,348.123,348.3993,9569.0
2025-09-23 12:50:00,348.3,348.3839,348.25,348.35,3510.0
2025-09-23 12:55:00,348.33,348.39,348.23,348.3,16224.0
2025-09-23 13:00:00,348.27,348.54,348.22,348.3,10339.0
2025-09-23 13:05:00,348.3,348.43,348.2,348.38,4094.0
2025-09-23 13:10:00,348.4,348.65,348.31,348.5,13533.0
2025-09-23 13:15:00,348.56,348.57,348.19,348.19,7853.0
2025-09-23 13:20:00,348.14,348.28,348.04,348.13,37594.0
2025-09-23 13:25:00,348.21,348.4889,348.16,348.32,18690.0
2025-09-23 13:30:00,348.23,348.51,347.96,348.445,345443.0
2025-09-23 13:35:00,348.44,348.61,348.4,348.545,326610.0
2025-09-23 13:40:00,348.5496,348.75,348.24,348.41,420737.0
2025-09-23 13:45:00,348.41,348.51,347.83,347.83,279297.0
2025-09-23 13:50:00,347.84,347.84,347.36,347.805,584860.0
2025-09-23 13:55:00,347.83,348.325,347.67,348.28,231959.0
2025-09-23 14:00:00,348.29,348.38,347.74,347.74,464846.0
2025-09-23 14:05:00,347.74,347.76,347.34,347.68,341973.0
2025-09-23 14:10:00,347.69,347.94,347.595,347.6551,108581.0
2025-09-23 14:15:00,347.6896,347.73,347.11,347.27,271280.0
2025-09-23 14:20:00,347.26,347.31,346.76,346.86,245789.0
2025-09-23 14:25:00,346.91,347.21,346.85,347.11,169124.0
2025-09-23 14:30:00,347.12,347.52,347.12,347.52,294544.0
2025-09-23 14:35:00,347.49,347.51,347.1,347.38,171650.0
2025-09-23 14:40:00,347.38,347.414,347.13,347.295,83648.0
2025-09-23 14:45:00,347.3,347.38,347.1,347.35,95153.0
2025-09-23 14:50:00,347.34,347.4925,347.25,347.365,75386.0
2025-09-23 14:55:00,347.35,347.51,347.27,347.37,79302.0
2025-09-23 15:00:00,347.37,347.45,347.28,347.41,93577.0
2025-09-23 15:05:00,347.36,347.5601,347.29,347.54,88500.0
2025-09-23 15:10:00,347.55,347.8999,347.53,347.85,126698.0
2025-09-23 15:15:00,347.86,347.98,347.8,347.925,127454.0
2025-09-23 15:20:00,347.92,347.92,347.71,347.71,134251.0
2025-09-23 15:25:00,347.7,347.95,347.69,347.95,161515.0
2025-09-23 15:30:00,347.96,348.11,347.8193,347.8193,134114.0
2025-09-23 15:35:00,347.8,347.93,347.7999,347.89,72644.0
2025-09-23 15:40:00,347.89,347.96,347.825,347.86,110762.0
2025-09-23 15:45:00,347.8699,347.9,347.57,347.64,106232.0
2025-09-23 15:50:00,347.6494,347.73,347.5182,347.56,120165.0
2025-09-23 15:55:00,347.54,347.88,347.47,347.85,230770.0
2025-09-23 16:00:00,347.86,347.92,347.8,347.89,54157.0
2025-09-24 09:35:00,346.68,346.68,346.68,346.68,164.0
2025-09-24 09:40:00,346.5,346.5,346.47,346.47,979.0
2025-09-24 09:45:00,346.81,346.81,346.81,346.81,100.0
2025-09-24 10:00:00,346.76,346.76,346.76,346.76,312.0
2025-09-24 10:05:00,346.6,346.62,346.6,346.6,910.0
2025-09-24 10:10:00,346.5,346.5,346.5,346.5,396.0
2025-09-24 10:15:00,346.54,346.54,346.5,346.5,590.0
2025-09-24 10:20:00,346.3,346.31,346.18,346.31,3300.0
2025-09-24 10:25:00,346.18,346.28,346.06,346.28,3416.0
2025-09-24 10:30:00,346.45,346.5,346.44,346.5,1272.0
2025-09-24 10:35:00,346.44,346.44,346.44,346.44,311.0
2025-09-24 10:40:00,346.41,346.41,346.41,346.41,129.0
2025-09-24 10:50:00,346.06,346.06,346.05,346.06,643.0
2025-09-24 10:55:00,346.13,346.15,346.13,346.15,507.0
2025-09-24 11:00:00,346.26,346.43,346.26,346.4,3645.0
2025-09-24 11:05:00,346.2,346.2,346.2,346.2,539.0
2025-09-24 11:10:00,346.1,346.23,346.09,346.23,540.0
2025-09-24 11:15:00,346.62,346.62,346.46,346.46,1495.0
2025-09-24 11:20:00,346.54,346.54,346.54,346.54,500.0
2025-09-24 11:30:00,346.51,346.51,346.5,346.51,520.0
2025-09-24 11:35:00,346.85,346.94,346.77,346.94,1004.0
2025-09-24 11:40:00,346.86,346.86,346.82,346.82,400.0
2025-09-24 11:45:00,346.86,346.86,346.78,346.79,5361.0
2025-09-24 11:50:00,346.79,346.79,346.79,346.79,155.0
2025-09-24 11:55:00,346.85,346.9,346.85,346.9,972.0
2025-09-24 12:00:00,346.68,347.75,346.04,346.95,41566.0
2025-09-24 12:05:00,346.9,346.9293,346.6395,346.9293,1460.0
2025-09-24 12:10:00,346.76,346.91,346.6,346.6,8925.0
2025-09-24 12:15:00,346.8,347.0,346.74,347.0,1900.0
2025-09-24 12:20:00,347.06,347.06,346.5,346.54,2500.0
2025-09-24 12:25:00,346.7301,346.76,346.66,346.66,1131.0
2025-09-24 12:30:00,346.63,346.7869,346.54,346.7869,1611.0
2025-09-24 12:35:00,346.5,346.71,346.45,346.65,2329.0
2025-09-24 12:40:00,346.64,346.64,346.53,346.54,2401.0
2025-09-24 12:45:00,346.6,346.98,346.6,346.81,2702.0
2025-09-24 12:50:00,346.84,346.94,346.71,346.71,4983.0
2025-09-24 12:55:00,346.84,347.0,346.84,347.0,495.0
2025-09-24 13:00:00,346.74,346.89,346.74,346.75,5701.0
2025-09-24 13:05:00,346.89,347.0,346.89,346.95,2226.0
2025-09-24 13:10:00,346.98,347.0,346.9,346.91,1544.0
2025-09-24 13:15:00,347.13,347.13,346.96,347.0,7740.0
2025-09-24 13:20:00,346.98,347.25,346.98,347.08,5410.0
2025-09-24 13:25:00,347.03,347.11,346.81,346.81,23473.0
2025-09-24 13:30:00,346.7,346.8299,346.34,346.34,307909.0
2025-09-24 13:35:00,346.34,346.6,346.205,346.54,154249.0
2025-09-24 13:40:00,346.52,346.66,346.15,346.3019,123425.0
2025-09-24 13:45:00,346.2805,346.34,345.95,346.155,187914.0
2025-09-24 13:50:00,346.135,346.57,346.115,346.36,209446.0
2025-09-24 13:55:00,346.37,346.4,346.08,346.165,203372.0
2025-09-24 14:00:00,346.18,346.5,345.94,346.33,279580.0
2025-09-24 14:05:00,346.33,346.45,345.63,345.84,156256.0
2025-09-24 14:10:00,345.83,346.1,345.79,346.01,177895.0
2025-09-24 14:15:00,346.0,346.26,345.9,345.92,97674.0
2025-09-24 14:20:00,345.94,345.97,345.505,345.635,145473.0
2025-09-24 14:25:00,345.635,345.99,345.45,345.94,177428.0
2025-09-24 14:30:00,345.93,346.055,345.52,345.6506,361006.0
2025-09-24 14:35:00,345.65,345.76,345.4605,345.545,127258.0
2025-09-24 14:40:00,345.5191,345.88,345.46,345.63,125460.0
2025-09-24 14:45:00,345.63,345.77,345.42,345.56,96938.0
2025-09-24 14:50:00,345.5222,345.62,345.1,345.395,126247.0
2025-09-24 14:55:00,345.36,345.42,345.26,345.35,264550.0
2025-09-24 15:00:00,345.36,345.7,345.36,345.65,84491.0
2025-09-24 15:05:00,345.6319,345.64,345.45,345.63,126430.0
2025-09-24 15:10:00,345.62,345.62,345.3147,345.55,125497.0
2025-09-24 15:15:00,345.5401,345.71,345.5401,345.63,78937.0
2025-09-24 15:20:00,345.64,345.73,345.55,345.6544,86083.0
2025-09-24 15:25:00,345.66,345.68,345.24,345.24,144680.0
2025-09-24 15:30:00,345.23,345.2798,344.77,344.78,263172.0
2025-09-24 15:35:00,344.77,344.98,344.6,344.935,300987.0
2025-09-24 15:40:00,344.94,344.97,344.45,344.7001,129227.0
2025-09-24 15:45:00,344.71,344.76,344.55,344.695,150510.0
2025-09-24 15:50:00,344.65,344.82,344.4207,344.61,130788.0
2025-09-24 15:55:00,344.635,344.74,344.2,344.3,118220.0
2025-09-24 16:00:00,344.32,344.6,344.14,344.59,382525.0
2025-09-25 09:40:00,345.33,345.33,345.33,345.33,510.0
2025-09-25 09:45:00,345.81,345.95,345.81,345.95,1016.0
2025-09-25 09:50:00,345.96,345.96,345.9,345.9,671.0
2025-09-25 09:55:00,345.61,345.64,345.56,345.64,2561.0
2025-09-25 10:00:00,345.66,345.78,345.66,345.78,581.0
2025-09-25 10:10:00,345.7,345.7,345.7,345.7,920.0
2025-09-25 10:15:00,345.7,345.71,345.69,345.7,1397.0
2025-09-25 10:20:00,345.72,345.79,345.72,345.79,266.0
2025-09-25 10:25:00,345.75,345.75,345.75,345.75,115.0
2025-09-25 10:30:00,345.7,345.72,345.61,345.72,4731.0
2025-09-25 10:40:00,345.75,345.75,345.72,345.75,762.0
2025-09-25 10:45:00,345.76,345.93,345.76,345.92,6363.0
2025-09-25 10:50:00,345.97,346.03,345.97,346.0,4510.0
2025-09-25 10:55:00,345.95,345.95,345.67,345.69,1255.0
2025-09-25 11:00:00,345.8,345.8,344.89,345.19,4381.0
2025-09-25 11:05:00,345.02,345.04,344.68,344.75,5765.0
2025-09-25 11:10:00,344.51,344.56,344.23,344.45,15163.0
2025-09-25 11:15:00,344.64,344.76,344.64,344.76,1053.0
2025-09-25 11:20:00,344.89,344.97,344.77,344.77,5456.0
2025-09-25 11:25:00,344.97,345.12,344.97,345.12,4039.0
2025-09-25 11:30:00,345.07,345.26,345.07,345.26,15872.0
2025-09-25 11:35:00,345.16,345.26,345.16,345.18,10289.0
2025-09-25 11:40:00,345.03,345.03,345.03,345.03,5100.0
2025-09-25 11:45:00,345.15,345.3,345.15,345.15,4079.0
2025-09-25 11:55:00,345.2,345.4,345.18,345.4,7035.0
2025-09-25 12:00:00,345.28,346.09,343.56,345.1452,53581.0
2025-09-25 12:05:00,345.3,345.42,345.0,345.42,7019.0
2025-09-25 12:10:00,345.42,345.42,345.2,345.26,5668.0
2025-09-25 12:15:00,345.271,345.44,345.2562,345.42,3673.0
2025-09-25 12:20:00,345.43,345.6497,345.32,345.6497,5700.0
2025-09-25 12:25:00,345.41,345.5335,345.3,345.5,4106.0
2025-09-25 12:30:00,345.25,345.26,344.53,344.53,35971.0
2025-09-25 12:35:00,344.5,344.68,343.71,344.18,20534.0
2025-09-25 12:40:00,343.97,344.45,343.96,344.35,14864.0
2025-09-25 12:45:00,344.24,344.24,343.65,343.6701,10042.0
2025-09-25 12:50:00,343.71,343.72,343.25,343.3985,22225.0
2025-09-25 12:55:00,343.47,344.13,343.47,344.0,12775.0
2025-09-25 13:00:00,344.07,344.07,343.55,344.07,33410.0
2025-09-25 13:05:00,344.11,344.26,343.72,343.72,17654.0
2025-09-25 13:10:00,343.77,343.97,343.6,343.8,14071.0
2025-09-25 13:15:00,343.74,344.33,343.73,344.33,24101.0
2025-09-25 13:20:00,344.39,344.63,344.3053,344.46,35640.0
2025-09-25 13:25:00,344.38,344.44,344.2,344.36,48736.0
2025-09-25 13:30:00,344.39,344.44,343.78,343.78,406968.0
2025-09-25 13:35:00,343.77,344.01,343.28,343.35,343918.0
2025-09-25 13:40:00,343.33,343.35,342.71,342.855,250515.0
2025-09-25 13:45:00,342.85,343.09,342.48,342.75,273333.0
2025-09-25 13:50:00,342.74,343.05,342.47,342.96,192301.0
2025-09-25 13:55:00,342.92,343.55,342.76,343.52,139960.0
2025-09-25 14:00:00,343.52,343.65,342.7742,342.97,293459.0
2025-09-25 14:05:00,342.99,343.3,342.72,342.95,135122.0
2025-09-25 14:10:00,342.94,343.275,342.92,343.1812,141185.0
2025-09-25 14:15:00,343.17,343.42,342.8,343.42,280862.0
2025-09-25 14:20:00,343.4,343.81,343.36,343.7292,191990.0
2025-09-25 14:25:00,343.73,343.79,343.25,343.5399,120764.0
2025-09-25 14:30:00,343.53,343.58,343.3,343.53,150049.0
2025-09-25 14:35:00,343.53,343.55,342.825,342.845,136681.0
2025-09-25 14:40:00,342.8588,343.03,342.67,342.98,111047.0
2025-09-25 14:45:00,342.985,343.14,342.89,343.04,72150.0
2025-09-25 14:50:00,343.025,343.025,342.6,342.76,96420.0
2025-09-25 14:55:00,342.75,343.5,342.7199,343.345,211511.0
2025-09-25 15:00:00,343.35,343.37,343.02,343.07,107580.0
2025-09-25 15:05:00,343.06,343.35,343.04,343.33,146979.0
2025-09-25 15:10:00,343.33,343.71,343.33,343.6601,184585.0
2025-09-25 15:15:00,343.68,343.95,343.66,343.915,173204.0
2025-09-25 15:20:00,343.92,344.03,343.47,343.485,219840.0
2025-09-25 15:25:00,343.48,343.54,343.2263,343.23,223984.0
2025-09-25 15:30:00,343.22,343.5825,343.095,343.56,231976.0
2025-09-25 15:35:00,343.5599,343.6213,343.41,343.55,118192.0
2025-09-25 15:40:00,343.55,343.83,343.325,343.735,97674.0
2025-09-25 15:45:00,343.74,343.75,343.49,343.54,144710.0
2025-09-25 15:50:00,343.56,343.63,343.46,343.5351,114698.0
2025-09-25 15:55:00,343.53,343.7345,343.5,343.72,77139.0
2025-09-25 16:00:00,343.73,343.8529,343.66,343.77,81869.0
2025-09-26 09:30:00,345.04,345.04,345.01,345.01,794.0
2025-09-26 09:45:00,345.1,345.1,345.1,345.1,325.0
2025-09-26 10:00:00,345.51,345.51,345.46,345.46,891.0
2025-09-26 10:05:00,345.57,345.57,345.57,345.57,321.0
2025-09-26 10:15:00,345.27,345.3,345.27,345.3,1561.0
2025-09-26 10:35:00,345.11,345.14,345.0,345.0,1360.0
2025-09-26 10:40:00,344.78,344.78,344.78,344.78,159.0
2025-09-26 10:45:00,344.73,344.73,344.53,344.53,1318.0
2025-09-26 10:55:00,344.8,344.8,344.8,344.8,130.0
2025-09-26 11:00:00,344.78,344.86,344.78,344.86,2097.0
2025-09-26 11:05:00,344.76,344.81,344.75,344.81,557.0
2025-09-26 11:10:00,344.86,344.86,344.86,344.86,200.0
2025-09-26 11:25:00,345.26,345.3,345.22,345.22,14624.0
2025-09-26 11:30:00,345.22,345.22,345.22,345.22,320.0
2025-09-26 11:45:00,345.33,345.33,345.29,345.29,617.0
2025-09-26 11:50:00,345.26,345.29,345.26,345.29,412.0
2025-09-26 11:55:00,345.09,345.11,345.05,345.05,472.0
2025-09-26 12:00:00,345.45,345.56,344.35,345.2,27280.0
2025-09-26 12:05:00,345.27,345.27,345.27,345.27,442.0
2025-09-26 12:10:00,345.36,345.36,345.35,345.35,2319.0
2025-09-26 12:15:00,345.32,345.33,345.32,345.33,522.0
2025-09-26 12:20:00,345.45,345.45,345.18,345.19,1438.0
2025-09-26 12:25:00,345.18,345.18,345.18,345.18,3127.0
2025-09-26 12:30:00,345.05,345.75,345.0,345.5,5883.0
2025-09-26 12:35:00,345.54,345.8,345.41,345.41,5306.0
2025-09-26 12:40:00,345.16,345.2,345.04,345.04,1741.0
2025-09-26 12:45:00,345.32,345.63,345.32,345.5,3200.0
2025-09-26 12:50:00,345.58,345.58,345.28,345.28,2258.0
2025-09-26 12:55:00,345.32,345.32,345.21,345.21,353.0
2025-09-26 13:00:00,345.44,345.49,345.31,345.46,3777.0
2025-09-26 13:05:00,345.67,346.3,345.64,346.03,11602.0
2025-09-26 13:10:00,346.19,346.5,346.16,346.41,8982.0
2025-09-26 13:15:00,346.5,346.62,346.21,346.28,15179.0
2025-09-26 13:20:00,346.17,346.17,345.6,345.68,12656.0
2025-09-26 13:25:00,345.66,345.89,345.59,345.89,8344.0
2025-09-26 13:30:00,345.83,345.915,345.314,345.7679,247744.0
2025-09-26 13:35:00,345.76,346.1244,345.55,345.65,139778.0
2025-09-26 13:40:00,345.6,346.02,345.45,345.91,99285.0
2025-09-26 13:45:00,345.91,346.27,345.87,345.94,117806.0
2025-09-26 13:50:00,345.943,346.19,345.8379,346.08,114336.0
2025-09-26 13:55:00,346.15,346.32,345.85,346.26,123117.0
2025-09-26 14:00:00,346.23,347.03,346.22,346.91,406453.0
2025-09-26 14:05:00,346.91,347.4,346.835,347.39,352446.0
2025-09-26 14:10:00,347.41,347.43,347.1497,347.2,189981.0
2025-09-26 14:15:00,347.2,347.78,347.145,347.69,247086.0
2025-09-26 14:20:00,347.67,347.95,347.535,347.93,281941.0
2025-09-26 14:25:00,347.94,348.25,347.65,347.6994,308137.0
2025-09-26 14:30:00,347.68,348.045,347.5925,348.01,209643.0
2025-09-26 14:35:00,348.03,348.055,347.69,347.775,189158.0
2025-09-26 14:40:00,347.77,347.91,347.39,347.59,185517.0
2025-09-26 14:45:00,347.61,347.685,347.26,347.61,205669.0
2025-09-26 14:50:00,347.62,347.665,347.35,347.64,148046.0
2025-09-26 14:55:00,347.65,347.9219,347.53,347.83,161595.0
2025-09-26 15:00:00,347.82,347.8504,347.505,347.78,155680.0
2025-09-26 15:05:00,347.79,347.885,347.38,347.47,190254.0
2025-09-26 15:10:00,347.49,347.57,347.26,347.4299,143653.0
2025-09-26 15:15:00,347.42,347.57,347.365,347.5,133577.0
2025-09-26 15:20:00,347.49,347.6456,347.37,347.55,101573.0
2025-09-26 15:25:00,347.57,347.86,347.5487,347.85,195050.0
2025-09-26 15:30:00,347.8519,347.94,347.8,347.8294,102341.0
2025-09-26 15:35:00,347.82,347.835,347.48,347.66,132869.0
2025-09-26 15:40:00,347.66,347.78,347.52,347.53,118903.0
2025-09-26 15:45:00,347.51,347.89,347.49,347.83,73301.0
2025-09-26 15:50:00,347.835,347.98,347.75,347.9144,94986.0
2025-09-26 15:55:00,347.9,348.01,347.815,347.94,76046.0
2025-09-26 16:00:00,347.94,348.01,347.74,347.9435,105569.0
2025-09-29 09:30:00,351.17,351.19,350.95,350.96,7191.0
2025-09-29 09:35:00,350.64,350.64,350.64,350.64,137.0
2025-09-29 09:40:00,350.75,350.76,350.63,350.63,787.0
2025-09-29 09:45:00,350.67,350.67,350.52,350.53,1875.0
2025-09-29 09:50:00,350.66,350.66,350.52,350.52,1194.0
2025-09-29 09:55:00,350.42,350.42,350.39,350.39,1176.0
2025-09-29 10:00:00,350.55,350.57,350.55,350.57,604.0
2025-09-29 10:10:00,350.4,350.68,350.4,350.68,4096.0
2025-09-29 10:20:00,350.91,351.18,350.88,351.18,4742.0
2025-09-29 10:25:00,351.15,351.29,351.15,351.16,3700.0
2025-09-29 10:30:00,351.19,351.19,351.09,351.09,1601.0
2025-09-29 10:35:00,351.37,351.37,351.37,351.37,374.0
2025-09-29 10:40:00,351.32,351.32,351.32,351.32,155.0
2025-09-29 10:45:00,351.33,351.44,351.31,351.4,1693.0
2025-09-29 10:50:00,351.26,351.3,351.22,351.25,1061.0
2025-09-29 10:55:00,351.3,351.43,351.3,351.35,1532.0
2025-09-29 11:00:00,351.34,351.4,351.27,351.27,5940.0
2025-09-29 11:05:00,351.36,351.39,351.32,351.39,1848.0
2025-09-29 11:10:00,351.4,351.49,351.37,351.48,8733.0
2025-09-29 11:15:00,351.49,352.0,351.49,351.86,245104.0
2025-09-29 11:20:00,351.82,351.93,351.74,351.76,53985.0
2025-09-29 11:25:00,351.99,352.1,351.9,351.9,12724.0
2025-09-29 11:30:00,351.96,352.05,351.96,352.05,4149.0
2025-09-29 11:35:00,352.09,352.1,351.93,351.93,7123.0
2025-09-29 11:40:00,352.0,352.37,352.0,352.26,14096.0
2025-09-29 11:45:00,352.26,352.26,352.0,352.09,6263.0
2025-09-29 11:50:00,352.23,352.27,352.2,352.27,9132.0
2025-09-29 11:55:00,352.32,352.61,352.32,352.39,8360.0
2025-09-29 12:00:00,351.3,352.61,349.27,352.07,126854.0
2025-09-29 12:05:00,352.19,352.33,351.8573,352.05,8410.0
2025-09-29 12:10:00,352.27,352.27,351.85,351.9081,40708.0
2025-09-29 12:15:00,352.0,352.01,351.76,352.0,17044.0
2025-09-29 12:20:00,351.9238,352.0379,351.53,351.53,6363.0
2025-09-29 12:25:00,351.59,351.6,351.3,351.32,22763.0
2025-09-29 12:30:00,351.3311,351.3311,350.9,351.09,18478.0
2025-09-29 12:35:00,351.12,351.26,351.08,351.26,8721.0
2025-09-29 12:40:00,351.35,351.49,351.28,351.33,1832.0
2025-09-29 12:45:00,351.28,351.42,351.17,351.41,6258.0
2025-09-29 12:50:00,351.46,351.46,351.0,351.0,23381.0
2025-09-29 12:55:00,350.93,351.06,350.86,350.98,3955.0
2025-09-29 13:00:00,351.25,351.25,350.61,350.61,25059.0
2025-09-29 13:05:00,350.78,351.09,350.65,351.04,17884.0
2025-09-29 13:10:00,351.0,351.31,350.99,351.27,8288.0
2025-09-29 13:15:00,351.34,351.66,351.34,351.57,9335.0
2025-09-29 13:20:00,351.62,351.85,351.62,351.77,14422.0
2025-09-29 13:25:00,351.8,351.8,351.57,351.78,12710.0
2025-09-29 13:30:00,351.79,352.05,351.44,351.99,457961.0
2025-09-29 13:35:00,351.98,352.19,351.665,352.1799,312786.0
2025-09-29 13:40:00,352.1847,352.33,352.06,352.14,358696.0
2025-09-29 13:45:00,352.17,352.27,351.67,351.72,294925.0
2025-09-29 13:50:00,351.71,351.975,351.5,351.82,405734.0
2025-09-29 13:55:00,351.82,351.98,351.56,351.72,244406.0
2025-09-29 14:00:00,351.71,352.29,351.52,352.2305,328944.0
2025-09-29 14:05:00,352.25,352.38,352.06,352.27,259143.0
2025-09-29 14:10:00,352.26,352.57,352.02,352.1,304066.0
2025-09-29 14:15:00,352.12,352.17,351.52,351.52,237728.0
2025-09-29 14:20:00,351.5,351.96,351.28,351.94,248469.0
2025-09-29 14:25:00,351.94,352.35,351.935,352.21,207037.0
2025-09-29 14:30:00,352.215,352.23,352.0,352.07,191502.0
2025-09-29 14:35:00,352.05,352.38,352.03,352.15,217902.0
2025-09-29 14:40:00,352.14,352.29,352.1,352.2,192773.0
2025-09-29 14:45:00,352.205,352.21,351.9,352.05,109110.0
2025-09-29 14:50:00,352.04,352.37,351.9413,352.25,278152.0
2025-09-29 14:55:00,352.23,352.38,352.19,352.3451,228138.0
2025-09-29 15:00:00,352.35,352.77,352.34,352.6,317124.0
2025-09-29 15:05:00,352.6199,352.72,351.91,352.22,272522.0
2025-09-29 15:10:00,352.23,352.3,351.79,351.964,220978.0
2025-09-29 15:15:00,351.96,352.17,351.84,352.13,266045.0
2025-09-29 15:20:00,352.16,352.4,352.03,352.359,111419.0
2025-09-29 15:25:00,352.38,352.49,352.32,352.45,141308.0
2025-09-29 15:30:00,352.48,352.48,351.67,352.23,285892.0
2025-09-29 15:35:00,352.24,352.46,352.14,352.4,248151.0
2025-09-29 15:40:00,352.39,352.6,352.31,352.57,200337.0
2025-09-29 15:45:00,352.56,352.8,352.54,352.72,267311.0
2025-09-29 15:50:00,352.71,352.82,352.5,352.69,119527.0
2025-09-29 15:55:00,352.7,352.75,352.48,352.56,136845.0
2025-09-29 16:00:00,352.56,352.56,352.35,352.37,123989.0
2025-09-30 09:30:00,350.27,350.27,350.18,350.18,820.0
2025-09-30 09:35:00,349.85,349.85,349.85,349.85,207.0
2025-09-30 09:40:00,349.87,349.98,349.87,349.98,754.0
2025-09-30 09:45:00,349.51,349.51,349.12,349.37,2316.0
2025-09-30 09:50:00,349.46,349.83,349.45,349.58,2022.0
2025-09-30 09:55:00,349.5,349.7,349.5,349.65,1295.0
2025-09-30 10:00:00,349.65,350.02,349.65,350.01,1666.0
2025-09-30 10:05:00,350.11,350.3,350.11,350.16,2784.0
2025-09-30 10:10:00,350.19,350.19,350.07,350.07,1456.0
2025-09-30 10:15:00,350.17,350.17,350.15,350.17,781.0
2025-09-30 10:20:00,350.47,350.55,350.47,350.52,2534.0
2025-09-30 10:25:00,350.49,350.49,350.07,350.08,10673.0
2025-09-30 10:35:00,350.28,350.65,350.23,350.58,2345.0
2025-09-30 10:40:00,350.5,350.69,350.5,350.69,1312.0
2025-09-30 10:45:00,350.63,350.9,350.63,350.9,2387.0
2025-09-30 10:50:00,351.0,351.06,351.0,351.0,2571.0
2025-09-30 10:55:00,351.03,351.03,350.9,350.9,697.0
2025-09-30 11:00:00,350.9,350.95,350.75,350.75,5421.0
2025-09-30 11:05:00,350.78,350.97,350.64,350.68,7049.0
2025-09-30 11:10:00,350.6,350.66,350.39,350.5,7784.0
2025-09-30 11:15:00,350.3,350.32,350.22,350.32,2434.0
2025-09-30 11:20:00,350.5,350.5,350.5,350.5,409.0
2025-09-30 11:25:00,350.66,350.7,350.6,350.7,5778.0
2025-09-30 11:30:00,350.59,350.61,350.59,350.59,3408.0
2025-09-30 11:35:00,351.3,351.3,351.1,351.28,3705.0
2025-09-30 11:40:00,351.28,351.3,351.08,351.08,10234.0
2025-09-30 11:45:00,351.12,351.25,350.96,351.1,5791.0
2025-09-30 11:50:00,351.1,351.1,351.1,351.1,274.0
2025-09-30 11:55:00,351.29,351.29,351.15,351.15,2006.0
2025-09-30 12:00:00,352.07,356.27,349.3,351.17,145248.0
2025-09-30 12:05:00,350.96,350.96,350.767,350.94,6710.0
2025-09-30 12:10:00,351.18,351.18,351.0,351.01,19276.0
2025-09-30 12:15:00,350.9576,351.25,350.9,351.0,8565.0
2025-09-30 12:20:00,351.25,351.47,350.86,351.12,4334.0
2025-09-30 12:25:00,350.97,351.0,350.86,351.0,5122.0
2025-09-30 12:30:00,350.96,351.02,350.85,351.02,5052.0
2025-09-30 12:35:00,351.26,351.34,351.12,351.28,2597.0
2025-09-30 12:40:00,351.25,351.25,350.6,350.7,6575.0
2025-09-30 12:45:00,350.93,351.49,350.93,351.49,5332.0
2025-09-30 12:50:00,351.35,351.69,351.3,351.6675,6661.0
2025-09-30 12:55:00,351.65,351.66,351.35,351.51,7256.0
2025-09-30 13:00:00,351.52,351.52,351.0501,351.14,40513.0
2025-09-30 13:05:00,351.09,351.27,351.03,351.1013,9614.0
2025-09-30 13:10:00,351.11,351.23,351.05,351.23,7330.0
2025-09-30 13:15:00,351.35,351.4885,351.29,351.3564,19212.0
2025-09-30 13:20:00,351.45,351.45,350.85,350.98,29990.0
2025-09-30 13:25:00,350.94,351.31,350.85,351.15,11664.0
2025-09-30 13:30:00,351.13,351.6183,350.865,351.37,386320.0
2025-09-30 13:35:00,351.39,351.945,351.37,351.8325,229426.0
2025-09-30 13:40:00,351.86,352.09,351.61,352.07,127770.0
2025-09-30 13:45:00,352.08,352.45,352.0556,352.44,259796.0
2025-09-30 13:50:00,352.44,352.5,352.02,352.05,242022.0
2025-09-30 13:55:00,352.06,352.21,351.84,352.0,208770.0
2025-09-30 14:00:00,351.96,352.38,351.65,352.38,217526.0
2025-09-30 14:05:00,352.38,353.32,352.38,353.305,313108.0
2025-09-30 14:10:00,353.29,354.08,353.24,353.75,686231.0
2025-09-30 14:15:00,353.77,354.325,353.65,354.29,368104.0
2025-09-30 14:20:00,354.29,354.59,353.855,354.53,291648.0
2025-09-30 14:25:00,354.54,354.54,353.755,353.8099,169894.0
2025-09-30 14:30:00,353.83,354.185,353.6501,353.759924,154194.0
2025-09-30 14:35:00,353.76,354.16,353.75,354.04,145283.0
2025-09-30 14:40:00,354.085,354.37,353.95,354.37,133461.0
2025-09-30 14:45:00,354.39,354.43,354.1929,354.3,179464.0
2025-09-30 14:50:00,354.27,354.76,353.9702,354.76,190340.0
2025-09-30 14:55:00,354.76,354.78,354.6,354.76,163324.0
2025-09-30 15:00:00,354.76,354.77,353.9709,354.0,197600.0
2025-09-30 15:05:00,354.01,354.12,352.9213,353.075,287040.0
2025-09-30 15:10:00,353.06,353.73,352.795,353.03,248234.0
2025-09-30 15:15:00,353.03,353.18,352.6504,353.12,210116.0
2025-09-30 15:20:00,353.1001,353.46,353.1001,353.439,110542.0
2025-09-30 15:25:00,353.37,353.4099,352.93,353.0188,110209.0
2025-09-30 15:30:00,352.99,353.35,352.965,353.34,108152.0
2025-09-30 15:35:00,353.35,353.61,352.98,353.33,116812.0
2025-09-30 15:40:00,353.22,353.53,353.02,353.36,113215.0
2025-09-30 15:45:00,353.39,353.42,353.07,353.41,106889.0
2025-09-30 15:50:00,353.45,353.52,353.2,353.29,130913.0
2025-09-30 15:55:00,353.3,353.42,353.09,353.4,124733.0
2025-09-30 16:00:00,353.43,353.65,353.31,353.63,73346.0
2025-10-01 09:30:00,357.53,357.58,357.53,357.58,587.0
2025-10-01 09:40:00,357.83,358.03,357.81,358.03,4095.0
2025-10-01 09:45:00,357.48,357.82,357.48,357.82,4242.0
2025-10-01 09:50:00,357.95,358.1,357.95,358.1,3191.0
2025-10-01 09:55:00,358.0,358.0,358.0,358.0,5471.0
2025-10-01 10:05:00,357.7,357.85,357.7,357.85,482.0
2025-10-01 10:15:00,357.85,357.85,357.85,357.85,415.0
2025-10-01 10:35:00,357.62,357.64,357.62,357.62,1584.0
2025-10-01 10:50:00,357.8,357.8,357.8,357.8,219.0
2025-10-01 10:55:00,357.82,357.82,357.7,357.71,2038.0
2025-10-01 11:00:00,357.94,358.0,357.65,357.83,22092.0
2025-10-01 11:05:00,357.86,357.86,357.61,357.62,6729.0
2025-10-01 11:10:00,357.56,357.56,357.43,357.43,973.0
2025-10-01 11:15:00,357.51,357.55,357.45,357.45,3114.0
2025-10-01 11:20:00,357.44,357.57,357.44,357.52,3115.0
2025-10-01 11:25:00,357.41,357.42,357.35,357.4,3699.0
2025-10-01 11:30:00,357.16,357.16,356.9,357.15,57567.0
2025-10-01 11:35:00,357.07,357.18,357.07,357.12,1825.0
2025-10-01 11:40:00,357.2,357.25,357.2,357.25,3785.0
2025-10-01 11:45:00,357.4,357.42,357.3,357.35,5854.0
2025-10-01 11:50:00,357.35,357.35,357.35,357.35,2771.0
2025-10-01 11:55:00,357.4,357.44,357.3,357.3,2743.0
2025-10-01 12:00:00,357.89,358.38,354.74,357.4,109665.0
2025-10-01 12:05:00,357.3,357.58,357.3,357.5544,4916.0
2025-10-01 12:10:00,357.4,357.59,357.4,357.59,3477.0
2025-10-01 12:15:00,357.59,358.19,357.59,357.97,63464.0
2025-10-01 12:20:00,357.99,358.01,357.3,357.36,19305.0
2025-10-01 12:25:00,357.15,357.2189,356.5362,356.9,12009.0
2025-10-01 12:30:00,356.76,357.49,356.76,356.79,26684.0
2025-10-01 12:35:00,356.9399,357.02,356.6047,356.76,8679.0
2025-10-01 12:40:00,356.75,356.8891,356.3,356.68,18524.0
2025-10-01 12:45:00,356.66,356.87,356.3,356.3,8848.0
2025-10-01 12:50:00,356.4019,356.46,356.2199,356.44,8736.0
2025-10-01 12:55:00,356.3,356.3,355.7035,356.01,24550.0
2025-10-01 13:00:00,356.2,356.28,356.12,356.15,5664.0
2025-10-01 13:05:00,356.08,356.4,355.94,356.4,33039.0
2025-10-01 13:10:00,356.4001,356.57,355.79,355.79,25874.0
2025-10-01 13:15:00,355.68,356.15,355.62,356.06,14850.0
2025-10-01 13:20:00,356.0,356.1987,355.8,355.85,23601.0
2025-10-01 13:25:00,355.85,356.22,355.8,356.19,47207.0
2025-10-01 13:30:00,356.17,356.89,356.17,356.63,798322.0
2025-10-01 13:35:00,356.66,356.67,356.0935,356.34,343374.0
2025-10-01 13:40:00,356.33,356.6789,356.32,356.47,219764.0
2025-10-01 13:45:00,356.43,356.66,356.16,356.22,184808.0
2025-10-01 13:50:00,356.17,356.56,355.96,356.4601,185579.0
2025-10-01 13:55:00,356.45,356.535,356.275,356.44,116581.0
2025-10-01 14:00:00,356.4,356.75,356.16,356.255,248645.0
2025-10-01 14:05:00,356.25,356.51,356.11,356.3,178031.0
2025-10-01 14:10:00,356.31,356.4,355.94,356.18,244647.0
2025-10-01 14:15:00,356.17,356.46,356.09,356.45,140862.0
2025-10-01 14:20:00,356.47,356.5,356.14,356.27,156863.0
2025-10-01 14:25:00,356.28,356.72,356.28,356.67,150283.0
2025-10-01 14:30:00,356.68,356.96,356.62,356.93,180105.0
2025-10-01 14:35:00,356.94,356.9722,356.73,356.9,193527.0
2025-10-01 14:40:00,356.9,356.94,356.62,356.85,151165.0
2025-10-01 14:45:00,356.82,356.92,354.91,355.8323,1167452.0
2025-10-01 14:50:00,355.83,356.33,355.72,356.15,440967.0
2025-10-01 14:55:00,356.15,356.49,356.12,356.445,262393.0
2025-10-01 15:00:00,356.43,356.81,356.15,356.357,339535.0
2025-10-01 15:05:00,356.34,356.72,355.975,356.6,218655.0
2025-10-01 15:10:00,356.64,356.665,355.82,356.0975,248831.0
2025-10-01 15:15:00,356.06,356.1336,355.4887,355.56,177588.0
2025-10-01 15:20:00,355.5766,355.73,355.28,355.45,283523.0
2025-10-01 15:25:00,355.41,355.67,355.17,355.19,292290.0
2025-10-01 15:30:00,355.19,355.62,355.05,355.45,238247.0
2025-10-01 15:35:00,355.44,355.64,355.24,355.39,203974.0
2025-10-01 15:40:00,355.4,355.83,355.4,355.69,110928.0
2025-10-01 15:45:00,355.68,355.82,355.585,355.79,128899.0
2025-10-01 15:50:00,355.78,356.05,355.62,356.02,170618.0
2025-10-01 15:55:00,356.01,356.17,355.96,356.03,142020.0
2025-10-01 16:00:00,356.01,356.05,355.35,355.72,111915.0
2025-10-02 09:30:00,356.63,356.67,356.63,356.67,325.0
2025-10-02 09:35:00,356.73,356.73,356.73,356.73,206.0
2025-10-02 09:40:00,356.9,356.9,356.9,356.9,278.0
2025-10-02 09:50:00,356.67,356.67,356.67,356.67,311.0
2025-10-02 10:05:00,356.99,357.0,356.99,357.0,736.0
2025-10-02 10:15:00,356.9,356.96,356.9,356.96,1378.0
2025-10-02 10:20:00,357.0,357.28,357.0,357.28,1937.0
2025-10-02 10:35:00,357.07,357.07,357.06,357.07,782.0
2025-10-02 11:00:00,357.15,357.15,357.01,357.07,4056.0
2025-10-02 11:05:00,357.11,357.16,357.11,357.16,2696.0
2025-10-02 11:10:00,357.24,357.28,357.24,357.28,2503.0
2025-10-02 11:15:00,357.33,357.5,357.33,357.5,1737.0
2025-10-02 11:20:00,357.45,357.45,357.45,357.45,878.0
2025-10-02 11:25:00,357.4,357.4,357.4,357.4,436.0
2025-10-02 11:30:00,357.25,357.36,357.25,357.34,1476.0
2025-10-02 11:35:00,357.5,357.5,357.5,357.5,187.0
2025-10-02 11:45:00,357.41,357.41,357.39,357.39,1916.0
2025-10-02 11:50:00,357.4,357.45,357.36,357.45,1661.0
2025-10-02 11:55:00,357.45,357.55,357.45,357.51,4096.0
2025-10-02 12:00:00,356.79,357.7,355.44,357.64,66420.0
2025-10-02 12:05:00,357.77,358.11,357.75,357.93,10480.0
2025-10-02 12:10:00,358.0079,358.0079,357.4901,357.5404,5462.0
2025-10-02 12:15:00,357.61,357.7,357.07,357.2031,24399.0
2025-10-02 12:20:00,357.2,357.34,357.1601,357.34,2021.0
2025-10-02 12:25:00,357.15,357.17,357.0138,357.0138,1611.0
2025-10-02 12:30:00,357.07,357.48,357.07,357.48,9843.0
2025-10-02 12:35:00,357.46,357.77,357.46,357.6,16749.0
2025-10-02 12:40:00,357.59,357.59,357.19,357.23,3867.0
2025-10-02 12:45:00,357.25,357.44,357.14,357.24,4066.0
2025-10-02 12:50:00,357.18,357.33,357.0604,357.22,3814.0
2025-10-02 12:55:00,357.3101,357.63,357.24,357.35,1411.0
2025-10-02 13:00:00,357.47,357.9,357.47,357.86,14613.0
2025-10-02 13:05:00,357.93,357.9384,357.78,357.84,9207.0
2025-10-02 13:10:00,357.9,358.099,357.9,358.0687,12931.0
2025-10-02 13:15:00,358.0095,358.05,357.74,357.97,35823.0
2025-10-02 13:20:00,357.96,358.24,357.9,358.22,17212.0
2025-10-02 13:25:00,358.14,358.25,357.98,358.24,12126.0
2025-10-02 13:30:00,358.26,358.67,357.99,358.21,298607.0
2025-10-02 13:35:00,358.18,358.19,357.2793,357.3,275994.0
2025-10-02 13:40:00,357.31,357.53,357.08,357.2994,228735.0
2025-10-02 13:45:00,357.3,357.7039,356.76,356.77,323349.0
2025-10-02 13:50:00,356.79,356.87,356.435,356.71,260788.0
2025-10-02 13:55:00,356.76,356.8,356.55,356.55,118526.0
2025-10-02 14:00:00,356.55,356.72,356.16,356.42,426775.0
2025-10-02 14:05:00,356.41,356.66,356.1,356.455,256622.0
2025-10-02 14:10:00,356.44,356.7,356.02,356.2,289523.0
2025-10-02 14:15:00,356.18,356.25,355.65,355.75,394876.0
2025-10-02 14:20:00,355.74,355.76,355.3,355.57,277760.0
2025-10-02 14:25:00,355.56,355.57,354.92,355.5,359512.0
2025-10-02 14:30:00,355.5,355.7,354.79,354.88,241893.0
2025-10-02 14:35:00,354.87,354.96,353.615,353.73,637676.0
2025-10-02 14:40:00,353.7,353.7883,352.96,353.12,549055.0
2025-10-02 14:45:00,353.14,353.38,352.23,352.369,556193.0
2025-10-02 14:50:00,352.32,352.96,351.9201,352.185,394218.0
2025-10-02 14:55:00,352.17,353.3754,352.15,353.29,422919.0
2025-10-02 15:00:00,353.29,353.74,352.71,353.01,412060.0
2025-10-02 15:05:00,353.02,353.14,352.65,352.93,256202.0
2025-10-02 15:10:00,352.94,353.1,352.4205,352.97,325787.0
2025-10-02 15:15:00,352.98,352.98,352.34,352.797,247324.0
2025-10-02 15:20:00,352.79,352.93,352.48,352.81,188246.0
2025-10-02 15:25:00,352.82,353.25,352.78,352.9307,126572.0
2025-10-02 15:30:00,352.93,352.93,352.18,352.25,305766.0
2025-10-02 15:35:00,352.26,352.455,351.4,351.715,454603.0
2025-10-02 15:40:00,351.7,352.84,351.63,352.83,238258.0
2025-10-02 15:45:00,352.81,352.94,352.54,352.72,87141.0
2025-10-02 15:50:00,352.71,352.7195,352.07,352.235,158862.0
2025-10-02 15:55:00,352.2,352.4099,352.16,352.219,95742.0
2025-10-02 16:00:00,352.2,352.86,352.11,352.79,140409.0
2025-10-03 09:40:00,355.23,355.23,355.23,355.23,122.0
2025-10-03 09:55:00,355.64,355.69,355.64,355.69,1148.0
2025-10-03 10:00:00,355.67,355.67,355.62,355.62,700.0
2025-10-03 10:05:00,355.7,355.7,355.7,355.7,471.0
2025-10-03 10:10:00,355.68,355.68,355.68,355.68,162.0
2025-10-03 10:15:00,355.56,355.56,355.56,355.56,278.0
2025-10-03 10:20:00,355.47,355.47,355.47,355.47,217.0
2025-10-03 10:25:00,355.56,355.56,355.56,355.56,179.0
2025-10-03 10:45:00,355.67,355.67,355.67,355.67,514.0
2025-10-03 10:50:00,355.88,355.92,355.82,355.85,5424.0
2025-10-03 11:00:00,355.67,355.83,355.6,355.8,2817.0
2025-10-03 11:10:00,355.7,355.7,355.51,355.54,4135.0
2025-10-03 11:15:00,355.24,355.25,355.05,355.05,2329.0
2025-10-03 11:20:00,355.16,355.16,355.16,355.16,270.0
2025-10-03 11:30:00,355.02,355.02,354.78,354.78,2874.0
2025-10-03 11:40:00,355.3,355.3,355.3,355.3,838.0
2025-10-03 11:45:00,355.31,355.39,355.31,355.39,520.0
2025-10-03 11:50:00,355.51,355.51,355.51,355.51,463.0
2025-10-03 11:55:00,355.46,355.46,355.46,355.46,414.0
2025-10-03 12:00:00,355.45,355.9,353.8,355.47,29390.0
2025-10-03 12:05:00,355.63,355.72,355.5,355.5,2393.0
2025-10-03 12:10:00,355.46,355.6996,355.32,355.5,6712.0
2025-10-03 12:15:00,355.62,355.62,355.39,355.39,1861.0
2025-10-03 12:20:00,355.37,355.46,355.35,355.46,898.0
2025-10-03 12:25:00,355.5685,355.5685,355.4,355.43,958.0
2025-10-03 12:30:00,355.52,356.09,355.52,356.0486,7464.0
2025-10-03 12:35:00,355.98,356.23,355.8111,355.91,36233.0
2025-10-03 12:40:00,355.88,356.2955,355.87,356.21,9214.0
2025-10-03 12:45:00,356.34,356.3499,356.11,356.22,4415.0
2025-10-03 12:50:00,356.25,356.27,356.1,356.27,2390.0
2025-10-03 12:55:00,356.15,356.54,356.15,356.46,11082.0
2025-10-03 13:00:00,356.53,356.64,356.35,356.35,6179.0
2025-10-03 13:05:00,356.3,356.66,356.16,356.66,6382.0
2025-10-03 13:10:00,356.6,356.86,356.55,356.81,11456.0
2025-10-03 13:15:00,356.76,357.06,356.73,357.01,30085.0
2025-10-03 13:20:00,357.05,357.48,357.02,357.3,39523.0
2025-10-03 13:25:00,357.3,357.4,357.17,357.2,22355.0
2025-10-03 13:30:00,357.12,357.5,356.39,357.45,537344.0
2025-10-03 13:35:00,357.46,357.5699,357.21,357.405,314810.0
2025-10-03 13:40:00,357.4,357.77,357.29,357.745,302204.0
2025-10-03 13:45:00,357.74,358.03599,357.15,357.4,363683.0
2025-10-03 13:50:00,357.41,357.63,357.09,357.46,303866.0
2025-10-03 13:55:00,357.45,357.52,357.25,357.3401,269073.0
2025-10-03 14:00:00,357.375,357.77,357.01,357.05,577408.0
2025-10-03 14:05:00,357.05,357.25,356.25,356.67,366540.0
2025-10-03 14:10:00,356.71,357.0,355.8,355.87,478002.0
2025-10-03 14:15:00,355.865,356.68,355.84,356.56,235747.0
2025-10-03 14:20:00,356.54,356.78,356.41,356.65,154288.0
2025-10-03 14:25:00,356.63,357.08,356.5,357.0,186735.0
2025-10-03 14:30:00,356.99,357.08,356.66,356.77,158527.0
2025-10-03 14:35:00,356.76,356.91,356.42,356.57,134165.0
2025-10-03 14:40:00,356.53,356.75,356.41,356.61,133190.0
2025-10-03 14:45:00,356.62,357.12,356.56,357.12,116057.0
2025-10-03 14:50:00,357.16,357.19,356.71,356.76,169244.0
2025-10-03 14:55:00,356.7845,357.0894,356.78,357.055,170631.0
2025-10-03 15:00:00,357.08,357.24,356.76,356.95,147558.0
2025-10-03 15:05:00,356.94,357.26,356.49,356.76,166339.0
2025-10-03 15:10:00,356.77,357.13,356.665,357.13,111630.0
2025-10-03 15:15:00,357.15,357.1838,356.92,357.03,115989.0
2025-10-03 15:20:00,357.04,357.68,357.01,357.61,193459.0
2025-10-03 15:25:00,357.6,357.93,357.5249,357.81,210370.0
2025-10-03 15:30:00,357.8,357.86,357.44,357.56,308909.0
2025-10-03 15:35:00,357.57,357.885,357.56,357.695,107215.0
2025-10-03 15:40:00,357.69,357.77,357.45,357.71,168881.0
2025-10-03 15:45:00,357.72,357.77,357.565,357.705,93886.0
2025-10-03 15:50:00,357.72,358.02,357.7,357.92,139788.0
2025-10-03 15:55:00,357.93,358.14,357.905,357.935,107825.0
2025-10-03 16:00:00,357.95,357.96,357.68,357.8431,161325.0
2025-10-06 09:30:00,362.77,362.77,362.77,362.77,437.0
2025-10-06 09:40:00,362.43,362.43,362.43,362.43,134.0
2025-10-06 10:00:00,362.67,362.79,362.67,362.79,856.0
2025-10-06 10:05:00,362.18,362.18,362.02,362.08,7163.0
2025-10-06 10:10:00,362.35,362.55,362.35,362.45,7547.0
2025-10-06 10:15:00,362.45,362.45,362.45,362.45,105.0
2025-10-06 10:20:00,362.59,362.84,362.59,362.84,1345.0
2025-10-06 10:25:00,362.51,362.51,362.51,362.51,373.0
2025-10-06 10:30:00,362.55,362.7,362.55,362.7,4295.0
2025-10-06 10:35:00,362.8,363.03,362.8,362.99,14646.0
2025-10-06 10:40:00,362.91,362.93,362.9,362.9,20339.0
2025-10-06 10:45:00,363.12,363.12,363.02,363.02,12490.0
2025-10-06 10:50:00,362.89,363.14,362.89,363.14,4573.0
2025-10-06 10:55:00,362.93,362.93,362.87,362.87,2263.0
2025-10-06 11:00:00,362.75,362.8,362.52,362.61,6450.0
2025-10-06 11:05:00,362.6,362.73,362.46,362.46,3245.0
2025-10-06 11:10:00,362.19,362.34,362.16,362.34,3658.0
2025-10-06 11:15:00,362.17,362.17,362.1,362.1,1350.0
2025-10-06 11:20:00,362.13,362.13,362.13,362.13,378.0
2025-10-06 11:25:00,362.22,362.3,362.14,362.3,2163.0
2025-10-06 11:30:00,362.44,362.44,362.37,362.37,803.0
2025-10-06 11:35:00,362.53,362.6,362.51,362.6,1047.0
2025-10-06 11:40:00,362.14,362.3,362.14,362.19,6045.0
2025-10-06 11:45:00,362.12,362.33,362.1,362.33,6308.0
2025-10-06 11:50:00,362.05,362.05,361.78,362.02,33851.0
2025-10-06 11:55:00,362.2,362.5,362.2,362.5,20816.0
2025-10-06 12:00:00,362.8,363.47,361.01,362.2,68974.0
2025-10-06 12:05:00,362.1101,362.45,362.1,362.39,9498.0
2025-10-06 12:10:00,362.38,362.63,362.38,362.63,22153.0
2025-10-06 12:15:00,362.6,362.8,362.53,362.59,11290.0
2025-10-06 12:20:00,362.38,362.38,361.75,361.75,21368.0
2025-10-06 12:25:00,362.14,362.14,361.55,361.65,7073.0
2025-10-06 12:30:00,361.8099,361.8099,361.44,361.67,17927.0
2025-10-06 12:35:00,361.7,361.7,361.3,361.53,6115.0
2025-10-06 12:40:00,361.59,361.85,361.52,361.75,2741.0
2025-10-06 12:45:00,361.81,362.0,361.8,361.95,5558.0
2025-10-06 12:50:00,362.1,362.29,362.09,362.23,6285.0
2025-10-06 12:55:00,362.36,362.4699,362.0,362.0,10128.0
2025-10-06 13:00:00,362.12,362.28,362.08,362.17,3167.0
2025-10-06 13:05:00,362.08,362.08,361.77,362.06,16594.0
2025-10-06 13:10:00,362.21,362.2496,361.94,362.11,9071.0
2025-10-06 13:15:00,362.1,362.3,361.94,361.94,15714.0
2025-10-06 13:20:00,362.19,362.3,362.05,362.11,10132.0
2025-10-06 13:25:00,362.2,362.22,361.86,362.0,30657.0
2025-10-06 13:30:00,362.16,362.16,361.45,361.53,591158.0
2025-10-06 13:35:00,361.5,362.54,361.37,362.39,552302.0
2025-10-06 13:40:00,362.4,363.04,362.36,363.015,408922.0
2025-10-06 13:45:00,363.02,363.18,362.64,362.88,353333.0
2025-10-06 13:50:00,362.88,363.2425,362.83,362.89,215609.0
2025-10-06 13:55:00,362.89,363.1,362.76,362.98,246403.0
2025-10-06 14:00:00,362.97,363.5,362.73,363.08,480267.0
2025-10-06 14:05:00,363.095,363.3395,362.58,363.335,260467.0
2025-10-06 14:10:00,363.35,363.51,363.26,363.33,287429.0
2025-10-06 14:15:00,363.36,363.5,363.2,363.37,252557.0
2025-10-06 14:20:00,363.4,363.48211,363.0,363.21,254679.0
2025-10-06 14:25:00,363.22,363.48,363.0206,363.33,251917.0
2025-10-06 14:30:00,363.31,363.99,363.21,363.945,310803.0
2025-10-06 14:35:00,363.93,364.1296,363.64,363.94,245031.0
2025-10-06 14:40:00,363.9291,364.3,363.85,364.22,277484.0
2025-10-06 14:45:00,364.23,364.33,363.93,363.99,281501.0
2025-10-06 14:50:00,363.99,364.2,363.87,364.1905,147357.0
2025-10-06 14:55:00,364.2,364.34,363.92,363.9891,171918.0
2025-10-06 15:00:00,363.99,364.15,363.65,364.04,199155.0
2025-10-06 15:05:00,364.03,364.26,363.6,363.609,370566.0
2025-10-06 15:10:00,363.58,363.94,363.44,363.93,312157.0
2025-10-06 15:15:00,363.97,364.21,363.66,363.67,331481.0
2025-10-06 15:20:00,363.661,363.765,363.3206,363.4712,268862.0
2025-10-06 15:25:00,363.47,363.55,363.3499,363.4899,364117.0
2025-10-06 15:30:00,363.46,363.7,363.31,363.7,130112.0
2025-10-06 15:35:00,363.69,363.88,363.6,363.87,206146.0
2025-10-06 15:40:00,363.8614,364.26,363.845,364.15,175598.0
2025-10-06 15:45:00,364.15,364.26,363.96,364.07,195638.0
2025-10-06 15:50:00,364.0626,364.4,364.01,364.37,189889.0
2025-10-06 15:55:00,364.39,364.78,364.36,364.65,340774.0
2025-10-06 16:00:00,364.68,364.8,364.5599,364.65,113574.0
2025-10-07 09:30:00,364.32,364.54,364.3,364.54,12065.0
2025-10-07 09:35:00,364.56,364.6,364.45,364.45,3043.0
2025-10-07 09:40:00,364.42,364.54,364.42,364.53,747.0
2025-10-07 09:45:00,364.53,364.53,364.33,364.33,3835.0
2025-10-07 09:50:00,364.25,364.25,364.06,364.06,6151.0
2025-10-07 09:55:00,364.22,364.29,364.22,364.29,299.0
2025-10-07 10:00:00,364.0,364.15,363.97,364.12,5803.0
2025-10-07 10:05:00,364.21,364.21,364.01,364.09,4011.0
2025-10-07 10:10:00,364.18,364.18,364.13,364.13,1207.0
2025-10-07 10:15:00,364.35,364.35,364.16,364.16,677.0
2025-10-07 10:20:00,364.22,364.29,364.22,364.29,535.0
2025-10-07 10:25:00,364.14,364.14,364.14,364.14,813.0
2025-10-07 10:30:00,364.2,364.2,364.2,364.2,504.0
2025-10-07 10:55:00,364.24,364.24,364.24,364.24,748.0
2025-10-07 11:00:00,364.51,364.55,364.39,364.55,2644.0
2025-10-07 11:05:00,364.51,364.53,364.4,364.45,2245.0
2025-10-07 11:10:00,364.45,364.6,364.4,364.6,27182.0
2025-10-07 11:15:00,364.65,364.65,364.45,364.45,690.0
2025-10-07 11:20:00,364.3,364.3,364.2,364.22,5614.0
2025-10-07 11:25:00,364.25,364.25,364.12,364.15,1953.0
2025-10-07 11:30:00,364.22,364.22,364.12,364.12,1548.0
2025-10-07 11:35:00,364.35,364.6,364.35,364.6,1494.0
2025-10-07 11:40:00,364.75,364.94,364.72,364.94,3607.0
2025-10-07 11:45:00,364.9,365.0,364.9,364.95,4378.0
2025-10-07 11:50:00,364.77,365.0,364.71,364.96,2957.0
2025-10-07 11:55:00,364.99,365.25,364.99,365.09,4005.0
2025-10-07 12:00:00,364.54,365.92,363.2,365.25,64944.0
2025-10-07 12:05:00,365.29,365.4,365.29,365.4,3107.0
2025-10-07 12:10:00,365.5,365.5,365.32,365.32,4795.0
2025-10-07 12:15:00,365.4,365.55,365.37,365.38,8674.0
2025-10-07 12:20:00,365.25,365.34,364.96,364.96,9317.0
2025-10-07 12:25:00,364.94,365.0077,364.9,365.0077,6670.0
2025-10-07 12:30:00,365.06,365.26,364.88,365.07,5541.0
2025-10-07 12:35:00,365.26,365.5,365.23,365.43,2430.0
2025-10-07 12:40:00,365.47,365.7,365.41,365.7,6920.0
2025-10-07 12:45:00,365.7,365.8,365.5,365.76,8237.0
2025-10-07 12:50:00,365.71,366.08,365.7,366.0,21950.0
2025-10-07 12:55:00,366.0,366.24,366.0,366.18,22945.0
2025-10-07 13:00:00,366.2104,366.47,366.12,366.35,34482.0
2025-10-07 13:05:00,366.39,366.68,366.39,366.66,22276.0
2025-10-07 13:10:00,366.7,366.7,366.4308,366.6,25853.0
2025-10-07 13:15:00,366.55,366.79,366.32,366.68,27857.0
2025-10-07 13:20:00,366.71,366.71,366.04,366.24,40186.0
2025-10-07 13:25:00,366.24,366.59,366.24,366.54,53360.0
2025-10-07 13:30:00,366.508,366.58,365.7,365.7,612119.0
2025-10-07 13:35:00,365.7,365.92,365.46,365.65,544182.0
2025-10-07 13:40:00,365.64,365.79,365.38,365.585,261678.0
2025-10-07 13:45:00,365.585,366.3799,365.55,366.2244,363404.0
2025-10-07 13:50:00,366.23,366.33,365.785,366.155,311506.0
2025-10-07 13:55:00,366.165,366.295,366.07,366.17,284644.0
2025-10-07 14:00:00,366.17,366.285,365.8206,365.83,439211.0
2025-10-07 14:05:00,365.85,365.99,365.3,365.495,348157.0
2025-10-07 14:10:00,365.49,365.9086,365.245,365.47,299090.0
2025-10-07 14:15:00,365.47,366.1,365.19,365.9599,245437.0
2025-10-07 14:20:00,365.9591,366.02,365.54,365.705,199269.0
2025-10-07 14:25:00,365.7113,366.11,365.6288,366.07,322331.0
2025-10-07 14:30:00,366.08,366.62,366.02,366.57,189766.0
2025-10-07 14:35:00,366.575,366.89,366.36,366.4899,239046.0
2025-10-07 14:40:00,366.47,366.68,366.17,366.185,259130.0
2025-10-07 14:45:00,366.19,366.835,366.19,366.76,167590.0
2025-10-07 14:50:00,366.77,366.84,366.52,366.8,137608.0
2025-10-07 14:55:00,366.7997,366.88,366.61,366.755,315642.0
2025-10-07 15:00:00,366.76,366.92,366.32,366.6086,343952.0
2025-10-07 15:05:00,366.6,366.639,366.15,366.35,264035.0
2025-10-07 15:10:00,366.37,367.01,366.37,366.87,227783.0
2025-10-07 15:15:00,366.87,367.26,366.8,367.075,286699.0
2025-10-07 15:20:00,367.08,367.27,367.02,367.0901,194172.0
2025-10-07 15:25:00,367.0888,367.14,366.67,366.7,190430.0
2025-10-07 15:30:00,366.71,366.765,366.51,366.72,184802.0
2025-10-07 15:35:00,366.71,366.77,365.905,365.99,247142.0
2025-10-07 15:40:00,366.01,366.08,365.44,365.52,351167.0
2025-10-07 15:45:00,365.51,365.62,364.605,364.7,559626.0
2025-10-07 15:50:00,364.71,365.3,364.55,364.88,466430.0
2025-10-07 15:55:00,364.855,365.008,364.56,364.96,217993.0
2025-10-07 16:00:00,365.0,365.5375,364.975,365.52,228523.0
2025-10-08 09:30:00,371.31,371.31,371.0,371.0,7723.0
2025-10-08 09:35:00,371.58,371.61,371.44,371.61,4627.0
2025-10-08 09:45:00,371.9,372.29,371.9,372.29,4847.0
2025-10-08 09:55:00,372.45,372.45,372.39,372.39,1395.0
2025-10-08 10:00:00,372.52,372.6,372.42,372.44,2351.0
2025-10-08 10:05:00,372.4,372.44,372.3,372.35,5697.0
2025-10-08 10:10:00,372.41,372.41,372.34,372.34,1286.0
2025-10-08 10:15:00,372.29,372.3,372.16,372.16,1694.0
2025-10-08 10:20:00,372.3,372.3,372.25,372.26,1582.0
2025-10-08 10:25:00,372.13,372.13,371.72,371.88,7612.0
2025-10-08 10:30:00,371.93,371.93,371.5,371.5,20123.0
2025-10-08 10:35:00,371.13,371.35,371.11,371.35,4107.0
2025-10-08 10:50:00,371.48,371.7,371.45,371.6,10581.0
2025-10-08 10:55:00,371.5,371.52,371.5,371.52,274.0
2025-10-08 11:00:00,371.45,371.59,371.1,371.3,9105.0
2025-10-08 11:05:00,371.17,371.35,371.11,371.3,6922.0
2025-10-08 11:10:00,371.5,371.5,371.39,371.45,4900.0
2025-10-08 11:15:00,371.42,371.44,371.25,371.25,2104.0
2025-10-08 11:20:00,371.44,371.44,371.44,371.44,478.0
2025-10-08 11:25:00,371.36,371.39,371.36,371.39,2007.0
2025-10-08 11:30:00,371.3,371.3,371.12,371.16,39064.0
2025-10-08 11:35:00,371.13,371.28,371.05,371.28,18473.0
2025-10-08 11:40:00,371.36,371.64,371.36,371.42,13185.0
2025-10-08 11:45:00,371.35,371.4,371.25,371.33,7073.0
2025-10-08 11:50:00,371.45,371.45,371.29,371.4,2370.0
2025-10-08 11:55:00,371.5,371.6,371.5,371.6,3881.0
2025-10-08 12:00:00,371.62,372.5451,369.73,372.0,147505.0
2025-10-08 12:05:00,371.9,372.3897,371.9,372.35,11669.0
2025-10-08 12:10:00,372.35,372.35,372.18,372.2951,27757.0
2025-10-08 12:15:00,372.2899,372.3,371.91,372.3,15742.0
2025-10-08 12:20:00,372.22,372.24,371.604,371.74,18779.0
2025-10-08 12:25:00,371.69,371.8,371.3658,371.8,11503.0
2025-10-08 12:30:00,372.0,372.0,371.54,371.57,10240.0
2025-10-08 12:35:00,371.68,371.68,371.0,371.1,26793.0
2025-10-08 12:40:00,371.12,371.25,370.86,371.25,25111.0
2025-10-08 12:45:00,371.27,371.609,371.27,371.609,4124.0
2025-10-08 12:50:00,371.45,371.69,371.3001,371.3001,6036.0
2025-10-08 12:55:00,371.3053,371.9,371.3053,371.73,27755.0
2025-10-08 13:00:00,371.72,372.15,371.69,372.15,38922.0
2025-10-08 13:05:00,372.15,372.3699,372.1297,372.22,12526.0
2025-10-08 13:10:00,372.31,372.68,372.25,372.37,49205.0
2025-10-08 13:15:00,372.39,372.39,372.16,372.18,19675.0
2025-10-08 13:20:00,372.18,372.18,371.78,371.89,52551.0
2025-10-08 13:25:00,371.87,372.08,371.62,371.6887,58838.0
2025-10-08 13:30:00,371.65,371.73,370.86,370.94,1144552.0
2025-10-08 13:35:00,370.98,371.2896,370.5,371.02,699293.0
2025-10-08 13:40:00,371.03,371.39,370.78,370.84,400031.0
2025-10-08 13:45:00,370.82,371.24,370.63,371.201,299807.0
2025-10-08 13:50:00,371.198,371.58,371.118,371.47,400900.0
2025-10-08 13:55:00,371.45,371.83,371.26,371.62,245696.0
2025-10-08 14:00:00,371.6,372.12,371.58,371.924,409744.0
2025-10-08 14:05:00,371.95,372.06,371.36,371.75,555961.0
2025-10-08 14:10:00,371.74,372.25,371.69,372.02,642904.0
2025-10-08 14:15:00,372.02,372.0496,371.74,372.01,321826.0
2025-10-08 14:20:00,372.0287,372.04,371.555,371.6,235194.0
2025-10-08 14:25:00,371.59,372.35,371.59,372.2,266667.0
2025-10-08 14:30:00,372.215,372.26,371.76,371.85,276494.0
2025-10-08 14:35:00,371.85,372.3,371.72,372.17,208613.0
2025-10-08 14:40:00,372.15,372.15,371.74,372.0,180405.0
2025-10-08 14:45:00,371.98,372.2699,371.89,372.21,129224.0
2025-10-08 14:50:00,372.21,372.31,372.07,372.175,505916.0
2025-10-08 14:55:00,372.17,372.62,372.035,372.5387,307095.0
2025-10-08 15:00:00,372.55,372.69,372.3238,372.58,492656.0
2025-10-08 15:05:00,372.59,372.79,372.21,372.38,431567.0
2025-10-08 15:10:00,372.37,372.49,371.58,371.71,380279.0
2025-10-08 15:15:00,371.7,372.0,371.5001,371.76,389475.0
2025-10-08 15:20:00,371.78,372.31,371.67,372.255,244160.0
2025-10-08 15:25:00,372.27,372.32,372.085,372.19,194049.0
2025-10-08 15:30:00,372.23,372.37,372.01,372.0545,186735.0
2025-10-08 15:35:00,372.06,372.535,372.06,372.44,322647.0
2025-10-08 15:40:00,372.43,372.515,372.27,372.36,161991.0
2025-10-08 15:45:00,372.39,372.47,372.26,372.47,126347.0
2025-10-08 15:50:00,372.48,372.6,372.385,372.43,138260.0
2025-10-08 15:55:00,372.43,372.43,372.21,372.29,376461.0
2025-10-08 16:00:00,372.31,372.51,372.17,372.25,157371.0
2025-10-09 09:30:00,371.47,371.47,371.44,371.44,1119.0
2025-10-09 09:35:00,371.54,371.54,371.54,371.54,1330.0
2025-10-09 09:40:00,371.61,371.61,371.2,371.39,964.0
2025-10-09 09:45:00,371.21,371.38,371.21,371.38,2951.0
2025-10-09 09:50:00,371.4,371.42,371.39,371.4,1313.0
2025-10-09 09:55:00,371.5,371.5,371.5,371.5,514.0
2025-10-09 10:05:00,371.59,371.59,371.36,371.36,952.0
2025-10-09 10:10:00,371.49,371.49,371.49,371.49,257.0
2025-10-09 10:15:00,371.5,371.5,371.21,371.21,2389.0
2025-10-09 10:20:00,371.43,371.5,371.35,371.5,1711.0
2025-10-09 10:40:00,371.54,371.54,371.54,371.54,110.0
2025-10-09 10:45:00,371.51,371.55,371.5,371.55,640.0
2025-10-09 10:50:00,371.67,371.72,371.66,371.72,1629.0
2025-10-09 10:55:00,371.84,371.97,371.81,371.97,3333.0
2025-10-09 11:00:00,371.99,372.25,371.75,371.75,11061.0
2025-10-09 11:05:00,371.8,371.8,371.75,371.75,1011.0
2025-10-09 11:10:00,371.6,371.6,371.56,371.56,1856.0
2025-10-09 11:15:00,371.5,371.5,371.2,371.24,23326.0
2025-10-09 11:20:00,371.25,371.25,371.13,371.13,7412.0
2025-10-09 11:25:00,371.2,371.26,371.09,371.26,2453.0
2025-10-09 11:30:00,371.55,371.66,371.55,371.66,589.0
2025-10-09 11:35:00,371.51,371.7,371.51,371.68,870.0
2025-10-09 11:40:00,371.86,372.01,371.86,372.0,6164.0
2025-10-09 11:45:00,372.2,372.2,372.2,372.2,658.0
2025-10-09 11:50:00,372.13,372.13,372.0,372.0,1937.0
2025-10-09 11:55:00,371.92,372.18,371.88,372.13,7226.0
2025-10-09 12:00:00,371.75,372.3,370.2,371.8,63873.0
2025-10-09 12:05:00,371.85,372.05,371.85,371.94,3271.0
2025-10-09 12:10:00,371.86,371.86,371.6,371.7896,2014.0
2025-10-09 12:15:00,371.8,371.95,371.65,371.89,3134.0
2025-10-09 12:20:00,371.71,371.71,371.5,371.5,3395.0
2025-10-09 12:25:00,371.76,371.88,371.67,371.67,3072.0
2025-10-09 12:30:00,371.8,371.922,371.7401,371.8,5364.0
2025-10-09 12:35:00,371.87,371.95,371.78,371.81,5390.0
2025-10-09 12:40:00,371.81,372.13,371.79,372.13,7066.0
2025-10-09 12:45:00,372.15,372.39,372.0,372.0,16715.0
2025-10-09 12:50:00,371.89,372.5,371.87,372.46,16907.0
2025-10-09 12:55:00,372.63,372.9,372.54,372.9,17725.0
2025-10-09 13:00:00,372.85,373.1,372.73,372.97,21939.0
2025-10-09 13:05:00,373.04,373.2301,372.91,372.97,36582.0
2025-10-09 13:10:00,373.04,373.3,372.98,373.1,35145.0
2025-10-09 13:15:00,373.08,373.08,372.48,372.74,25047.0
2025-10-09 13:20:00,372.84,373.25,372.6,373.25,26312.0
2025-10-09 13:25:00,373.26,373.29,373.05,373.18,21242.0
2025-10-09 13:30:00,373.135,373.22,372.27,372.382,613815.0
2025-10-09 13:35:00,372.38,372.5765,371.9,371.982695,486013.0
2025-10-09 13:40:00,371.99,372.0,370.81,370.83,649915.0
2025-10-09 13:45:00,370.87,371.19,369.69,370.47,1460929.0
2025-10-09 13:50:00,370.46,370.75,369.86,369.955,566709.0
2025-10-09 13:55:00,369.97,370.521,369.45,369.47,951703.0
2025-10-09 14:00:00,369.51,370.25,369.08,370.04,977864.0
2025-10-09 14:05:00,370.05,370.64,369.76,370.48,461360.0
2025-10-09 14:10:00,370.4503,370.47,369.8,370.15,289852.0
2025-10-09 14:15:00,370.1385,370.64,369.975,370.01,329043.0
2025-10-09 14:20:00,370.03,370.06,368.73,368.8951,649966.0
2025-10-09 14:25:00,368.88,369.46,368.53,368.55,560111.0
2025-10-09 14:30:00,368.55,369.21,368.29,368.5,555560.0
2025-10-09 14:35:00,368.49,369.3681,368.34,369.24,334736.0
2025-10-09 14:40:00,369.21,369.41,368.69,369.0,433724.0
2025-10-09 14:45:00,369.01,369.78,368.58,369.78,394092.0
2025-10-09 14:50:00,369.77,370.58,369.76,370.34,311725.0
2025-10-09 14:55:00,370.34,370.6,370.075,370.12,275270.0
2025-10-09 15:00:00,370.09,370.22,369.75,370.11,223961.0
2025-10-09 15:05:00,370.1,370.2,369.58,370.08,260701.0
2025-10-09 15:10:00,370.045,370.55,370.03,370.27,1310506.0
2025-10-09 15:15:00,370.275,370.61,370.1,370.53,282343.0
2025-10-09 15:20:00,370.5425,370.56,369.65,369.91,241914.0
2025-10-09 15:25:00,369.93,370.0,369.36,369.41,144989.0
2025-10-09 15:30:00,369.39,369.62,369.0405,369.045,244868.0
2025-10-09 15:35:00,369.06,369.06,368.65,368.82,345505.0
2025-10-09 15:40:00,368.81,369.14,368.55,368.74,331949.0
2025-10-09 15:45:00,368.71,369.33,368.71,369.29,131589.0
2025-10-09 15:50:00,369.3,369.49,369.1,369.355,113810.0
2025-10-09 15:55:00,369.335,369.57,369.1994,369.28,67313.0
2025-10-09 16:00:00,369.27,369.84,369.23,369.69,116655.0
2025-10-10 09:30:00,367.9,367.9,367.9,367.9,272.0
2025-10-10 09:35:00,368.08,368.08,368.08,368.08,650.0
2025-10-10 09:40:00,368.1,368.5,368.1,368.49,5612.0
2025-10-10 09:45:00,368.4,368.69,368.39,368.39,8071.0
2025-10-10 09:50:00,368.39,368.39,368.0,368.03,2376.0
2025-10-10 09:55:00,367.91,368.0,367.82,367.82,3718.0
2025-10-10 10:00:00,367.71,367.71,367.35,367.5,5665.0
2025-10-10 10:05:00,367.75,367.75,367.6,367.6,3428.0
2025-10-10 10:10:00,367.6,367.7,367.49,367.49,6278.0
2025-10-10 10:15:00,367.52,367.61,367.35,367.61,2697.0
2025-10-10 10:25:00,367.67,367.74,367.67,367.74,343.0
2025-10-10 10:30:00,367.95,368.01,367.95,368.01,1807.0
2025-10-10 10:35:00,368.05,368.05,368.02,368.02,1220.0
2025-10-10 10:40:00,368.01,368.01,368.0,368.0,720.0
2025-10-10 10:45:00,367.94,367.96,367.85,367.96,689.0
2025-10-10 10:50:00,368.01,368.13,367.89,367.89,1487.0
2025-10-10 10:55:00,367.81,367.81,367.6,367.62,1141.0
2025-10-10 11:00:00,367.58,367.8,367.58,367.72,2160.0
2025-10-10 11:05:00,367.89,368.0,367.89,367.9,1214.0
2025-10-10 11:10:00,368.0,368.05,367.95,368.05,3549.0
2025-10-10 11:15:00,368.13,368.13,367.97,367.97,3957.0
2025-10-10 11:20:00,367.8,367.8,367.72,367.75,1447.0
2025-10-10 11:25:00,367.99,368.0,367.99,368.0,3275.0
2025-10-10 11:30:00,367.75,367.75,367.5,367.51,1913.0
2025-10-10 11:35:00,367.59,367.75,367.39,367.75,1419.0
2025-10-10 11:40:00,367.55,367.55,367.5,367.5,350.0
2025-10-10 11:45:00,367.45,367.56,366.7,367.45,6212.0
2025-10-10 11:50:00,367.63,367.66,367.4,367.4,1026.0
2025-10-10 11:55:00,367.28,367.28,367.06,367.06,1394.0
2025-10-10 12:00:00,367.03,368.69,364.0,367.08,74020.0
2025-10-10 12:05:00,367.03,367.03,366.87,367.02,1937.0
2025-10-10 12:10:00,366.91,367.3785,366.8371,367.3785,4796.0
2025-10-10 12:15:00,367.21,367.5,367.0,367.26,12758.0
2025-10-10 12:20:00,367.0,367.4613,366.8786,366.8786,4496.0
2025-10-10 12:25:00,367.0233,367.5,367.02,367.02,3781.0
2025-10-10 12:30:00,367.47,367.47,366.74,366.74,9509.0
2025-10-10 12:35:00,366.7467,367.07,366.73,367.07,7820.0
2025-10-10 12:40:00,367.08,367.08,366.79,366.85,7795.0
2025-10-10 12:45:00,366.81,366.81,366.35,366.35,15319.0
2025-10-10 12:50:00,366.66,367.0,366.61,367.0,8119.0
2025-10-10 12:55:00,367.0,367.1,366.81,366.89,3890.0
2025-10-10 13:00:00,366.72,366.74,366.26,366.3,13333.0
2025-10-10 13:05:00,366.4,367.01,366.35,367.0,6418.0
2025-10-10 13:10:00,367.03,367.09,366.8,367.09,8110.0
2025-10-10 13:15:00,367.0,367.25,366.91,367.13,11719.0
2025-10-10 13:20:00,367.11,367.34,367.01,367.27,7592.0
2025-10-10 13:25:00,367.39,367.66,367.27,367.59,15955.0
2025-10-10 13:30:00,367.54,367.99,367.05,367.69,544763.0
2025-10-10 13:35:00,367.7,367.9576,367.08,367.53,321951.0
2025-10-10 13:40:00,367.54,367.82,367.451393,367.51,245349.0
2025-10-10 13:45:00,367.505,367.51,366.35,366.49,471562.0
2025-10-10 13:50:00,366.5,366.94,366.28,366.37,303032.0
2025-10-10 13:55:00,366.41,366.57,365.8417,366.315,432142.0
2025-10-10 14:00:00,366.25,366.39,365.64,365.74,361393.0
2025-10-10 14:05:00,365.75,366.369,365.44,366.33,337302.0
2025-10-10 14:10:00,366.34,366.51,365.91,366.34,304580.0
2025-10-10 14:15:00,366.33,366.76,365.98,366.6875,264951.0
2025-10-10 14:20:00,366.7,366.9553,366.69,366.7713,239466.0
2025-10-10 14:25:00,366.76,366.82,366.4,366.56,219929.0
2025-10-10 14:30:00,366.56,367.0291,366.39,366.6,202886.0
2025-10-10 14:35:00,366.63,367.0,366.3,366.995,116202.0
2025-10-10 14:40:00,367.0,367.08,366.4,366.45,160757.0
2025-10-10 14:45:00,366.48,367.02,366.3163,367.005,135713.0
2025-10-10 14:50:00,367.03,367.1,366.78,366.93,203726.0
2025-10-10 14:55:00,366.93,367.61,366.62,367.2075,497379.0
2025-10-10 15:00:00,367.21,367.95,367.05,367.8784,799129.0
2025-10-10 15:05:00,367.77,369.23,367.74,369.08,851981.0
2025-10-10 15:10:00,369.1,369.165,368.33,369.03,380342.0
2025-10-10 15:15:00,369.0,369.4274,368.68,368.907,398243.0
2025-10-10 15:20:00,368.92,369.56,368.435,369.53,432344.0
2025-10-10 15:25:00,369.54,370.0,369.45,369.68,509887.0
2025-10-10 15:30:00,369.675,370.31,369.16,369.2012,774968.0
2025-10-10 15:35:00,369.22,370.06,369.16,369.47,435520.0
2025-10-10 15:40:00,369.47,369.67,368.6047,368.826,508454.0
2025-10-10 15:45:00,368.85,368.86,367.6,368.39,724853.0
2025-10-10 15:50:00,368.42,368.75,368.03,368.35,303506.0
2025-10-10 15:55:00,368.37,368.5,367.86,367.94,224081.0
2025-10-10 16:00:00,367.9575,368.021,367.28,367.77,255362.0
2025-10-13 09:30:00,374.74,374.75,374.68,374.69,1083.0
2025-10-13 09:35:00,374.69,374.76,374.66,374.76,1336.0
2025-10-13 09:40:00,374.7,374.89,374.7,374.77,622.0
2025-10-13 09:45:00,374.99,375.04,374.98,375.0,2264.0
2025-10-13 09:50:00,375.09,375.39,375.09,375.39,1343.0
2025-10-13 10:00:00,375.1,375.1,374.8,375.1,2147.0
2025-10-13 10:05:00,375.1,375.14,375.04,375.04,1360.0
2025-10-13 10:10:00,374.76,374.76,374.7,374.7,1021.0
2025-10-13 10:15:00,374.78,374.9,374.78,374.81,448.0
2025-10-13 10:20:00,374.8,374.83,374.8,374.8,1085.0
2025-10-13 10:25:00,374.87,375.0,374.84,375.0,5712.0
2025-10-13 10:30:00,375.05,375.05,375.03,375.03,486.0
2025-10-13 10:35:00,375.19,375.3,375.19,375.3,741.0
2025-10-13 10:40:00,375.39,375.42,375.3,375.31,2017.0
2025-10-13 10:45:00,375.42,375.47,375.25,375.47,1885.0
2025-10-13 10:50:00,375.64,375.99,375.64,375.66,7038.0
2025-10-13 10:55:00,375.69,375.69,375.55,375.55,682.0
2025-10-13 11:00:00,375.52,375.62,375.16,375.16,31500.0
2025-10-13 11:05:00,375.3,375.55,375.3,375.48,4702.0
2025-10-13 11:10:00,375.47,375.75,375.47,375.6,15357.0
2025-10-13 11:15:00,375.65,375.85,375.53,375.8,5193.0
2025-10-13 11:20:00,375.72,375.72,375.47,375.47,897.0
2025-10-13 11:25:00,375.56,375.56,375.54,375.54,716.0
2025-10-13 11:30:00,375.28,375.3,375.15,375.26,2644.0
2025-10-13 11:35:00,375.26,375.3,375.16,375.2,4908.0
2025-10-13 11:40:00,375.24,375.26,375.13,375.13,1643.0
2025-10-13 11:45:00,375.2,375.25,375.1,375.11,5851.0
2025-10-13 11:50:00,375.1,375.1,375.0,375.0,4664.0
2025-10-13 11:55:00,374.92,375.0,374.87,374.87,1622.0
2025-10-13 12:00:00,373.98,375.99,372.96,375.0,137769.0
2025-10-13 12:05:00,374.9,375.0685,374.8048,375.01,5080.0
2025-10-13 12:10:00,375.05,375.15,374.8022,374.91,10511.0
2025-10-13 12:15:00,374.99,375.3,374.94,375.3,8615.0
2025-10-13 12:20:00,375.29,375.6581,375.13,375.45,9369.0
2025-10-13 12:25:00,375.7,375.82,375.6,375.7627,13013.0
2025-10-13 12:30:00,375.77,375.98,375.67,375.7,14516.0
2025-10-13 12:35:00,375.71,375.73,375.17,375.2438,11438.0
2025-10-13 12:40:00,375.4,375.61,375.2,375.26,7860.0
2025-10-13 12:45:00,375.49,375.49,375.1,375.2699,7749.0
2025-10-13 12:50:00,375.0509,375.2885,375.05,375.21,4919.0
2025-10-13 12:55:00,375.14,375.5,375.14,375.44,7061.0
2025-10-13 13:00:00,375.34,375.73,375.32,375.51,9219.0
2025-10-13 13:05:00,375.73,376.0,375.67,375.98,12731.0
2025-10-13 13:10:00,375.99,376.2,375.9609,376.15,16229.0
2025-10-13 13:15:00,376.13,376.3,376.04,376.16,14680.0
2025-10-13 13:20:00,376.13,376.4201,375.83,376.42,26839.0
2025-10-13 13:25:00,376.47,376.67,376.45,376.47,49027.0
2025-10-13 13:30:00,376.5,376.7,375.5797,376.2902,919046.0
2025-10-13 13:35:00,376.3,376.31,375.68,376.22,358110.0
2025-10-13 13:40:00,376.215,376.34,375.66,376.027,318207.0
2025-10-13 13:45:00,376.0275,376.64,376.0275,376.52,362178.0
2025-10-13 13:50:00,376.53,376.87,376.47,376.87,353315.0
2025-10-13 13:55:00,376.87,376.88,376.505,376.735,331448.0
2025-10-13 14:00:00,376.72,376.95,376.6,376.83,408422.0
2025-10-13 14:05:00,376.83,376.88,376.46,376.8012,264145.0
2025-10-13 14:10:00,376.81,376.94,376.54,376.5635,188060.0
2025-10-13 14:15:00,376.58,376.79,376.42,376.77,272972.0
2025-10-13 14:20:00,376.75,377.03,376.7,376.81,437012.0
2025-10-13 14:25:00,376.7826,376.97,376.75,376.82,219275.0
2025-10-13 14:30:00,376.8593,377.17,376.85,377.07,240002.0
2025-10-13 14:35:00,377.04,377.28,376.96,377.16,225224.0
2025-10-13 14:40:00,377.14,377.19,376.885,377.0353,262641.0
2025-10-13 14:45:00,377.05,377.39,377.03,377.26,270879.0
2025-10-13 14:50:00,377.25,377.64,377.23,377.5,223445.0
2025-10-13 14:55:00,377.48,377.48,377.05,377.07,173305.0
2025-10-13 15:00:00,377.05,377.28,376.98,377.24,300561.0
2025-10-13 15:05:00,377.25,377.29,376.55,376.72,414389.0
2025-10-13 15:10:00,376.72,377.11,376.72,377.02,282556.0
2025-10-13 15:15:00,377.03,377.33,377.03,377.28,208763.0
2025-10-13 15:20:00,377.29,377.36,377.07,377.08,188511.0
2025-10-13 15:25:00,377.09,377.181,376.63,376.69,144575.0
2025-10-13 15:30:00,376.67,377.07,376.63,376.84,113412.0
2025-10-13 15:35:00,376.84,377.18,376.84,377.16,103369.0
2025-10-13 15:40:00,377.17,377.31,377.16,377.29,166061.0
2025-10-13 15:45:00,377.285,377.41,377.14,377.14,179192.0
2025-10-13 15:50:00,377.11,377.54,377.08,377.5,423357.0
2025-10-13 15:55:00,377.5,377.98,377.46,377.735,212382.0
2025-10-13 16:00:00,377.76,378.16,377.76,377.9805,184398.0
2025-10-14 09:30:00,381.17,381.2,381.01,381.01,3586.0
2025-10-14 09:35:00,380.96,380.97,380.67,380.77,3728.0
2025-10-14 09:40:00,380.78,380.8,380.75,380.8,1705.0
2025-10-14 09:45:00,380.25,380.44,380.0,380.44,19469.0
2025-10-14 09:50:00,380.23,380.23,379.63,379.63,3518.0
2025-10-14 09:55:00,379.63,380.0,379.41,380.0,3600.0
2025-10-14 10:00:00,379.68,380.0,379.56,379.85,6072.0
2025-10-14 10:05:00,380.0,380.0,379.78,379.8,11907.0
2025-10-14 10:10:00,379.9,379.9,379.68,379.8,11802.0
2025-10-14 10:15:00,379.75,380.0,379.75,379.95,6705.0
2025-10-14 10:20:00,379.85,380.61,379.85,380.55,14328.0
2025-10-14 10:25:00,380.8,380.94,380.8,380.94,1312.0
2025-10-14 10:30:00,381.21,381.3,381.21,381.22,1048.0
2025-10-14 10:35:00,381.05,381.12,380.9,381.05,6477.0
2025-10-14 10:40:00,381.05,381.19,380.8,380.9,7861.0
2025-10-14 10:45:00,380.5,380.5,379.99,380.33,22520.0
2025-10-14 10:50:00,380.48,380.72,380.35,380.45,2858.0
2025-10-14 10:55:00,380.39,380.58,380.07,380.08,5306.0
2025-10-14 11:00:00,380.13,380.49,380.03,380.3,5436.0
2025-10-14 11:05:00,380.34,380.34,380.03,380.3,3446.0
2025-10-14 11:10:00,380.11,380.11,380.0,380.1,2990.0
2025-10-14 11:15:00,380.24,380.25,380.0,380.25,4243.0
2025-10-14 11:20:00,380.3,380.76,380.3,380.74,8813.0
2025-10-14 11:25:00,380.67,380.73,380.3,380.3,8008.0
2025-10-14 11:30:00,380.11,380.22,380.11,380.22,727.0
2025-10-14 11:35:00,380.01,380.01,379.88,379.9,4608.0
2025-10-14 11:40:00,379.9,380.0,379.9,379.99,2799.0
2025-10-14 11:45:00,379.81,379.81,379.8,379.8,1321.0
2025-10-14 11:50:00,379.76,379.98,379.76,379.98,1491.0
2025-10-14 11:55:00,379.98,380.0,379.91,379.95,5807.0
2025-10-14 12:00:00,380.02,384.73,376.38,379.97,297852.0
2025-10-14 12:05:00,380.19,380.19,379.75,379.9,4571.0
2025-10-14 12:10:00,380.0,380.14,379.85,380.01,3945.0
2025-10-14 12:15:00,380.06,380.45,379.78,380.38,8644.0
2025-10-14 12:20:00,379.9736,380.03,379.33,379.35,6780.0
2025-10-14 12:25:00,379.11,379.27,378.85,379.1,28045.0
2025-10-14 12:30:00,379.0,379.04,378.172,378.5082,43334.0
2025-10-14 12:35:00,378.54,378.75,378.28,378.3289,13931.0
2025-10-14 12:40:00,378.16,378.5,377.8,378.14,32063.0
2025-10-14 12:45:00,378.15,378.5,378.05,378.24,15866.0
2025-10-14 12:50:00,378.02,378.17,377.85,377.99,13808.0
2025-10-14 12:55:00,377.86,378.0,377.64,377.74,14359.0
2025-10-14 13:00:00,377.68,377.91,377.13,377.91,23872.0
2025-10-14 13:05:00,377.88,377.9018,377.34,377.7,18980.0
2025-10-14 13:10:00,377.66,378.5,377.5,378.5,75665.0
2025-10-14 13:15:00,378.5,379.1,378.19,378.19,42890.0
2025-10-14 13:20:00,378.1384,378.36,377.85,377.85,43682.0
2025-10-14 13:25:00,377.82,378.44,377.79,378.29,59830.0
2025-10-14 13:30:00,378.21,378.7,377.9,378.26,579066.0
2025-10-14 13:35:00,378.29,379.23,377.935,379.13,499925.0
2025-10-14 13:40:00,379.12,379.96,379.05,379.805,542820.0
2025-10-14 13:45:00,379.82,380.02,379.27,379.53,315077.0
2025-10-14 13:50:00,379.54,379.62,378.73,378.91,333220.0
2025-10-14 13:55:00,378.94,379.62,378.59,379.515,382261.0
2025-10-14 14:00:00,379.49,380.18,379.46,379.9,442646.0
2025-10-14 14:05:00,379.93,380.1381,379.23,380.1,373417.0
2025-10-14 14:10:00,380.105,380.74,380.06,380.485,367204.0
2025-10-14 14:15:00,380.49,380.66,380.0,380.0924,194971.0
2025-10-14 14:20:00,380.1,380.39,379.84,379.94,198857.0
2025-10-14 14:25:00,379.95,380.41,379.72,380.38,168488.0
2025-10-14 14:30:00,380.34,380.57,380.12,380.52,145160.0
2025-10-14 14:35:00,380.54,380.77,379.94,380.19,181163.0
2025-10-14 14:40:00,380.19,380.347,379.85,380.105,175803.0
2025-10-14 14:45:00,380.12,380.51,380.06,380.08,226655.0
2025-10-14 14:50:00,380.08,380.101,379.71,379.91,149795.0
2025-10-14 14:55:00,379.9,380.2399,379.81,379.98,126811.0
2025-10-14 15:00:00,380.0,380.43,379.71,380.31,122911.0
2025-10-14 15:05:00,380.24,380.5124,380.17,380.4809,110949.0
2025-10-14 15:10:00,380.53,381.1,380.41,381.09,208647.0
2025-10-14 15:15:00,381.07,381.08,380.76,380.8301,126323.0
2025-10-14 15:20:00,380.8399,380.99,380.59,380.82,150179.0
2025-10-14 15:25:00,380.77,380.91,380.71,380.8019,70861.0
2025-10-14 15:30:00,380.79,381.21,380.69,381.025,241397.0
2025-10-14 15:35:00,381.03,381.25,380.96,381.08,191781.0
2025-10-14 15:40:00,381.01,381.12,380.81,380.92,227364.0
2025-10-14 15:45:00,380.89,381.03,380.67,380.68,178429.0
2025-10-14 15:50:00,380.685,380.889,380.2,380.25,151344.0
2025-10-14 15:55:00,380.29,380.84,380.24,380.81,178088.0
2025-10-14 16:00:00,380.8,381.13,380.68,380.79,135674.0
2025-10-15 09:30:00,385.64,385.92,385.55,385.66,5168.0
2025-10-15 09:35:00,385.84,386.1,385.51,385.74,4782.0
2025-10-15 09:40:00,385.78,385.92,385.63,385.7,2075.0
2025-10-15 09:45:00,385.82,385.82,385.8,385.8,1121.0
2025-10-15 09:50:00,385.83,385.96,385.71,385.71,1071.0
2025-10-15 09:55:00,385.87,385.87,385.87,385.87,1183.0
2025-10-15 10:00:00,385.88,386.02,385.71,385.88,3539.0
2025-10-15 10:05:00,385.85,386.35,385.85,386.35,1675.0
2025-10-15 10:10:00,386.4,386.51,386.4,386.44,731.0
2025-10-15 10:15:00,386.88,387.02,386.88,386.99,1897.0
2025-10-15 10:20:00,386.8,386.9,386.1,386.17,4172.0
2025-10-15 10:25:00,386.25,386.66,386.25,386.56,4818.0
2025-10-15 10:30:00,386.54,386.55,386.54,386.55,655.0
2025-10-15 10:35:00,386.37,386.37,386.3,386.3,2452.0
2025-10-15 10:40:00,386.24,386.24,385.6,385.6,2750.0
2025-10-15 10:45:00,385.91,386.08,385.65,386.08,2197.0
2025-10-15 10:50:00,386.15,386.33,386.12,386.14,1177.0
2025-10-15 10:55:00,386.33,386.65,386.33,386.65,2210.0
2025-10-15 11:00:00,386.52,386.74,386.26,386.26,5744.0
2025-10-15 11:05:00,386.36,386.51,386.25,386.51,9575.0
2025-10-15 11:10:00,386.64,386.64,386.51,386.6,1146.0
2025-10-15 11:15:00,386.65,386.65,386.5,386.5,855.0
2025-10-15 11:20:00,386.59,386.63,386.52,386.63,779.0
2025-10-15 11:25:00,386.59,386.75,386.59,386.7,1378.0
2025-10-15 11:30:00,386.65,386.65,386.38,386.39,2652.0
2025-10-15 11:35:00,386.35,386.7,386.35,386.7,1807.0
2025-10-15 11:40:00,386.7,386.83,386.28,386.33,6796.0
2025-10-15 11:45:00,386.25,386.25,386.0,386.01,18735.0
2025-10-15 11:50:00,386.02,386.33,385.89,386.33,25282.0
2025-10-15 11:55:00,386.25,386.46,386.2,386.27,21458.0
2025-10-15 12:00:00,387.39,388.17,384.31,386.86,125553.0
2025-10-15 12:05:00,386.5,386.63,386.32,386.32,4421.0
2025-10-15 12:10:00,386.25,386.3998,385.8,385.8,11760.0
2025-10-15 12:15:00,385.74,385.74,384.99,385.35,34256.0
2025-10-15 12:20:00,385.25,385.25,384.58,384.71,23537.0
2025-10-15 12:25:00,384.8901,385.0,384.67,384.99,6084.0
2025-10-15 12:30:00,384.75,385.0,384.3518,384.97,14245.0
2025-10-15 12:35:00,385.2,385.5,385.05,385.37,5557.0
2025-10-15 12:40:00,385.1742,385.5362,385.05,385.05,3911.0
2025-10-15 12:45:00,385.07,385.49,384.7,384.7,13617.0
2025-10-15 12:50:00,384.93,385.49,384.7,385.47,5818.0
2025-10-15 12:55:00,385.43,385.75,385.29,385.55,12688.0
2025-10-15 13:00:00,385.53,385.53,384.91,385.3,67835.0
2025-10-15 13:05:00,385.3138,385.56,385.1,385.29,18341.0
2025-10-15 13:10:00,385.33,386.2,385.31,386.14,48086.0
2025-10-15 13:15:00,386.12,386.25,385.88,385.9796,18504.0
2025-10-15 13:20:00,385.87,385.93,385.49,385.58,32461.0
2025-10-15 13:25:00,385.58,386.0,385.58,385.92,49631.0
2025-10-15 13:30:00,385.93,386.08,384.92,385.255,666318.0
2025-10-15 13:35:00,385.2,385.88,384.96,385.77,356452.0
2025-10-15 13:40:00,385.84,386.3674,385.7,386.025,404749.0
2025-10-15 13:45:00,386.05,386.13,385.3,385.93,387489.0
2025-10-15 13:50:00,385.94,386.25,385.69,385.99,442029.0
2025-10-15 13:55:00,385.97,386.0799,385.6515,385.73,368421.0
2025-10-15 14:00:00,385.72,386.94,385.7,386.61,506051.0
2025-10-15 14:05:00,386.6,387.05,386.4801,387.05,280000.0
2025-10-15 14:10:00,387.06,387.6199,386.97,387.23,534886.0
2025-10-15 14:15:00,387.23,387.34,386.85,387.3,352970.0
2025-10-15 14:20:00,387.29,387.545,387.17,387.33,263071.0
2025-10-15 14:25:00,387.335,387.41,386.92597,387.0332,242907.0
2025-10-15 14:30:00,387.03,387.15,386.55,386.58,198326.0
2025-10-15 14:35:00,386.55,386.68,386.07,386.2,213879.0
2025-10-15 14:40:00,386.15,386.48,385.932,386.31,195052.0
2025-10-15 14:45:00,386.3,386.81,386.25,386.64,261894.0
2025-10-15 14:50:00,386.64,386.67,385.96,386.04,174099.0
2025-10-15 14:55:00,386.04,386.5,385.6731,386.47,277257.0
2025-10-15 15:00:00,386.46,386.625,385.88,386.07,242640.0
2025-10-15 15:05:00,386.08,386.59,386.04,386.5,189224.0
2025-10-15 15:10:00,386.51,386.6399,386.05,386.33,227716.0
2025-10-15 15:15:00,386.37,386.6,386.2,386.6,158933.0
2025-10-15 15:20:00,386.6,386.6299,386.255,386.52,251029.0
2025-10-15 15:25:00,386.57,386.78,386.48,386.61,216199.0
2025-10-15 15:30:00,386.59,386.64,385.34,385.55,239691.0
2025-10-15 15:35:00,385.58,385.89,385.075,385.83,523518.0
2025-10-15 15:40:00,385.77,386.29,385.68,386.03,287293.0
2025-10-15 15:45:00,386.025,386.38,385.47,385.59,191395.0
2025-10-15 15:50:00,385.6,385.6,384.59,385.6,476403.0
2025-10-15 15:55:00,385.59,385.96,385.29,385.66,172813.0
2025-10-15 16:00:00,385.69,385.81,385.3804,385.75,108960.0
2025-10-16 09:30:00,388.73,388.73,388.73,388.73,202.0
2025-10-16 09:40:00,388.64,388.83,388.64,388.83,629.0
2025-10-16 09:45:00,389.16,389.16,389.16,389.16,688.0
2025-10-16 09:50:00,389.01,389.5,389.0,389.5,4942.0
2025-10-16 09:55:00,389.5,390.18,389.5,390.09,12069.0
2025-10-16 10:00:00,390.12,390.39,390.0,390.09,6139.0
2025-10-16 10:05:00,389.98,390.26,389.93,390.1,2074.0
2025-10-16 10:10:00,390.01,390.05,389.78,389.78,1312.0
2025-10-16 10:15:00,390.0,390.24,390.0,390.07,4016.0
2025-10-16 10:20:00,390.0,390.19,390.0,390.16,892.0
2025-10-16 10:25:00,389.83,389.91,389.77,389.91,1923.0
2025-10-16 10:30:00,389.85,389.85,389.7,389.85,2788.0
2025-10-16 10:35:00,389.7,389.97,389.7,389.8,13530.0
2025-10-16 10:40:00,389.81,390.09,389.8,389.95,7079.0
2025-10-16 10:45:00,389.97,390.15,389.97,390.15,10812.0
2025-10-16 10:50:00,390.08,390.31,389.96,390.3,3392.0
2025-10-16 10:55:00,390.2,390.55,390.0,390.37,35784.0
2025-10-16 11:00:00,390.27,390.41,390.02,390.02,8754.0
2025-10-16 11:05:00,390.18,390.5,390.18,390.44,4200.0
2025-10-16 11:10:00,390.48,390.48,390.35,390.35,6634.0
2025-10-16 11:15:00,390.32,390.5,390.3,390.5,3056.0
2025-10-16 11:20:00,390.42,390.55,390.42,390.49,3111.0
2025-10-16 11:25:00,390.58,390.67,390.4,390.45,8448.0
2025-10-16 11:30:00,390.5,390.6,390.43,390.43,3890.0
2025-10-16 11:35:00,390.42,390.45,390.36,390.4,3326.0
2025-10-16 11:40:00,390.6,390.76,390.54,390.71,8625.0
2025-10-16 11:45:00,390.71,390.75,390.41,390.41,5785.0
2025-10-16 11:50:00,390.31,390.32,390.12,390.19,3612.0
2025-10-16 11:55:00,390.33,390.39,390.18,390.18,4006.0
2025-10-16 12:00:00,390.4,390.8169,386.88,390.3,174362.0
2025-10-16 12:05:00,390.23,390.5,390.1,390.27,7938.0
2025-10-16 12:10:00,390.46,390.54,390.25,390.4624,7569.0
2025-10-16 12:15:00,390.55,390.55,390.16,390.16,9145.0
2025-10-16 12:20:00,390.25,390.25,389.9061,389.9061,9195.0
2025-10-16 12:25:00,389.95,390.07,389.61,390.0685,12023.0
2025-10-16 12:30:00,390.06,390.75,390.06,390.68,14507.0
2025-10-16 12:35:00,390.65,391.0948,389.45,389.81,44722.0
2025-10-16 12:40:00,389.73,390.04,388.96,389.87,40813.0
2025-10-16 12:45:00,389.66,390.09,389.36,390.0,23364.0
2025-10-16 12:50:00,390.09,390.1,389.63,389.9887,13449.0
2025-10-16 12:55:00,389.96,390.01,389.5032,389.75,10530.0
2025-10-16 13:00:00,389.75,390.52,389.75,390.23,20883.0
2025-10-16 13:05:00,390.3388,390.55,390.18,390.32,20077.0
2025-10-16 13:10:00,390.39,390.68,390.25,390.62,14492.0
2025-10-16 13:15:00,390.66,390.96,390.45,390.92,23420.0
2025-10-16 13:20:00,390.89,391.42,390.71,391.41,86506.0
2025-10-16 13:25:00,391.37,391.43,390.72,391.17,76867.0
2025-10-16 13:30:00,391.15,391.25,390.55,390.79,857608.0
2025-10-16 13:35:00,390.76,391.67,390.615,391.25,684343.0
2025-10-16 13:40:00,391.25,391.82,390.98,391.54,490391.0
2025-10-16 13:45:00,391.55,391.63,391.18,391.29,253359.0
2025-10-16 13:50:00,391.3,391.69,391.16,391.29,366594.0
2025-10-16 13:55:00,391.28,391.28,390.4,390.68,629845.0
2025-10-16 14:00:00,390.66,391.72,390.6,391.57,687152.0
2025-10-16 14:05:00,391.595,392.19,391.4676,391.99,455442.0
2025-10-16 14:10:00,392.01,392.46,391.85,392.42,407032.0
2025-10-16 14:15:00,392.41,392.42,391.9612,392.2,451637.0
2025-10-16 14:20:00,392.2,392.2,391.75,391.865,377073.0
2025-10-16 14:25:00,391.86,392.29,391.53,392.24,378919.0
2025-10-16 14:30:00,392.2,392.635,392.16,392.5394,347212.0
2025-10-16 14:35:00,392.52,392.59,391.7801,391.87,360104.0
2025-10-16 14:40:00,391.8501,392.23,391.79,391.9,241326.0
2025-10-16 14:45:00,391.9,392.02,391.4,391.75,322345.0
2025-10-16 14:50:00,391.78,392.42,391.63,392.21,192948.0
2025-10-16 14:55:00,392.24,392.34,392.015,392.23,191139.0
2025-10-16 15:00:00,392.23,392.3699,392.02,392.22,333126.0
2025-10-16 15:05:00,392.22,393.05,392.2,392.8466,565192.0
2025-10-16 15:10:00,392.84,392.865,392.52,392.82,266489.0
2025-10-16 15:15:00,392.83,393.14,392.81,392.96,256044.0
2025-10-16 15:20:00,392.97,393.09,392.76,393.02,180599.0
2025-10-16 15:25:00,393.04,393.2,392.78,393.04,463528.0
2025-10-16 15:30:00,393.05,393.14,392.77,392.88,199885.0
2025-10-16 15:35:00,392.89,393.18,392.84,393.0099,165627.0
2025-10-16 15:40:00,392.95,393.16,392.57,392.89,205435.0
2025-10-16 15:45:00,392.885,392.93,392.74,392.88,165031.0
2025-10-16 15:50:00,392.89,393.45,392.8131,393.39,555370.0
2025-10-16 15:55:00,393.4,393.438,392.87,393.2,270697.0
2025-10-16 16:00:00,393.22,393.345,392.77,393.16,223111.0
2025-10-17 09:30:00,399.06,399.08,399.06,399.08,960.0
2025-10-17 09:35:00,399.05,399.75,399.05,399.59,5118.0
2025-10-17 09:40:00,399.68,399.81,399.3,399.3,4737.0
2025-10-17 09:45:00,399.1,399.32,399.0,399.05,5434.0
2025-10-17 09:50:00,399.17,399.27,399.15,399.27,1758.0
2025-10-17 09:55:00,399.2,399.45,399.2,399.21,2355.0
2025-10-17 10:00:00,399.32,399.44,399.29,399.35,3552.0
2025-10-17 10:05:00,399.42,399.5,399.24,399.24,5928.0
2025-10-17 10:10:00,399.26,399.45,399.17,399.17,5829.0
2025-10-17 10:15:00,399.34,399.4,399.3,399.34,3918.0
2025-10-17 10:20:00,399.16,399.37,399.01,399.22,12800.0
2025-10-17 10:25:00,399.29,399.45,399.23,399.33,7560.0
2025-10-17 10:30:00,399.45,399.45,398.35,398.44,17057.0
2025-10-17 10:35:00,398.38,398.77,397.51,397.7,33443.0
2025-10-17 10:40:00,397.83,398.6,397.52,398.58,18656.0
2025-10-17 10:45:00,398.47,399.17,398.39,399.13,8714.0
2025-10-17 10:50:00,399.11,399.12,398.43,398.45,21877.0
2025-10-17 10:55:00,398.07,398.43,398.0,398.19,5317.0
2025-10-17 11:00:00,398.25,398.9,398.14,398.9,50396.0
2025-10-17 11:05:00,398.87,399.0,398.37,398.52,29039.0
2025-10-17 11:10:00,398.5,398.6,397.25,397.48,68928.0
2025-10-17 11:15:00,397.35,398.51,397.3,398.27,56971.0
2025-10-17 11:20:00,398.49,398.65,398.01,398.11,15732.0
2025-10-17 11:25:00,398.13,398.13,397.62,397.64,11908.0
2025-10-17 11:30:00,397.6,397.6,396.17,396.4,104157.0
2025-10-17 11:35:00,396.55,397.46,396.18,397.39,56435.0
2025-10-17 11:40:00,397.3,397.5,396.01,396.39,42827.0
2025-10-17 11:45:00,396.4,396.96,396.3,396.35,29482.0
2025-10-17 11:50:00,396.39,396.57,395.6,395.74,40028.0
2025-10-17 11:55:00,395.97,396.0,394.47,394.5,126704.0
2025-10-17 12:00:00,394.5,402.89,394.1,394.59,475956.0
2025-10-17 12:05:00,394.51,396.43,394.51,395.77,74282.0
2025-10-17 12:10:00,395.81,397.18,395.5,397.11,90707.0
2025-10-17 12:15:00,397.06,397.1975,396.3203,396.37,67563.0
2025-10-17 12:20:00,396.26,396.2986,395.0515,395.1,50711.0
2025-10-17 12:25:00,395.07,395.78,394.91,395.01,40461.0
2025-10-17 12:30:00,394.88,396.69,394.8,396.67,57957.0
2025-10-17 12:35:00,396.59,396.9,396.2703,396.5,40124.0
2025-10-17 12:40:00,396.4519,397.13,396.3,397.13,42511.0
2025-10-17 12:45:00,397.04,397.44,396.93,397.43,59941.0
2025-10-17 12:50:00,397.35,397.49,397.01,397.08,37170.0
2025-10-17 12:55:00,397.16,397.4687,396.62,397.08,200865.0
2025-10-17 13:00:00,397.01,397.01,395.83,395.9701,89961.0
2025-10-17 13:05:00,395.95,396.45,395.78,396.31,86524.0
2025-10-17 13:10:00,396.36,396.9775,396.161,396.92,57427.0
2025-10-17 13:15:00,396.88,397.29,396.0,396.4283,66565.0
2025-10-17 13:20:00,396.34,397.01,396.34,396.57,53603.0
2025-10-17 13:25:00,396.58,397.25,396.57,397.16,76834.0
2025-10-17 13:30:00,397.14,397.28,394.6,395.13,1996244.0
2025-10-17 13:35:00,395.11,395.16,391.69,393.83,3432782.0
2025-10-17 13:40:00,393.87,394.78,393.42,394.32,1433371.0
2025-10-17 13:45:00,394.312,395.29,393.68,394.0,1189553.0
2025-10-17 13:50:00,394.01,394.9,393.57,394.78,720263.0
2025-10-17 13:55:00,394.75,394.86,393.04,393.2,831711.0
2025-10-17 14:00:00,393.23,393.3,389.76,390.03,2601794.0
2025-10-17 14:05:00,390.06,390.8,388.76,389.9,2536328.0
2025-10-17 14:10:00,389.92,391.28,388.01,388.1075,2129936.0
2025-10-17 14:15:00,388.16,390.33,388.093,389.78,1579277.0
2025-10-17 14:20:00,389.84,389.92,387.95,388.84,1180594.0
2025-10-17 14:25:00,388.88,390.67,388.8,390.25,1150321.0
2025-10-17 14:30:00,390.27,390.88,389.7,389.72,968058.0
2025-10-17 14:35:00,389.77,391.94,389.25,391.94,1526366.0
2025-10-17 14:40:00,391.935,392.56,391.45,391.87,1110842.0
2025-10-17 14:45:00,391.92,391.96,390.82,391.43,569674.0
2025-10-17 14:50:00,391.46,392.0,391.32,391.93,522907.0
2025-10-17 14:55:00,391.96,391.99,390.48,390.92,631915.0
2025-10-17 15:00:00,390.91,391.9193,390.59,391.44,439849.0
2025-10-17 15:05:00,391.44,391.67,390.54,391.23,394999.0
2025-10-17 15:10:00,391.22,391.5,390.12,390.4,587856.0
2025-10-17 15:15:00,390.37,391.0,389.83,390.03,589013.0
2025-10-17 15:20:00,390.1,390.53,389.31,390.25,458709.0
2025-10-17 15:25:00,390.26,390.97,390.0205,390.89,441406.0
2025-10-17 15:30:00,390.89,391.45,390.7,391.45,349598.0
2025-10-17 15:35:00,391.46,391.92,391.28,391.42,340056.0
2025-10-17 15:40:00,391.5,391.88,391.18,391.575,357762.0
2025-10-17 15:45:00,391.54,391.64,390.59,390.64,328913.0
2025-10-17 15:50:00,390.72,390.96,390.27,390.69,270741.0
2025-10-17 15:55:00,390.7,390.84,389.76,389.87,404816.0
2025-10-17 16:00:00,389.87,390.61,389.61,390.35,381875.0
2025-10-20 09:30:00,391.2,391.3,391.2,391.3,2588.0
2025-10-20 09:35:00,391.29,391.5,391.29,391.5,1747.0
2025-10-20 09:40:00,391.62,391.75,391.5,391.75,4853.0
2025-10-20 09:45:00,391.72,392.22,391.72,392.21,7824.0
2025-10-20 09:50:00,392.0,392.28,392.0,392.28,1709.0
2025-10-20 10:00:00,391.89,391.92,391.5,391.5,3185.0
2025-10-20 10:05:00,391.26,391.26,390.8,390.88,13421.0
2025-10-20 10:10:00,390.74,391.33,390.74,391.33,984.0
2025-10-20 10:15:00,391.45,391.76,391.45,391.46,1131.0
2025-10-20 10:30:00,391.65,391.65,391.43,391.43,886.0
2025-10-20 10:35:00,391.4,391.4,391.4,391.4,512.0
2025-10-20 10:40:00,391.77,391.77,391.76,391.77,2579.0
2025-10-20 10:45:00,391.8,391.94,391.8,391.94,1432.0
2025-10-20 10:50:00,391.94,391.94,391.79,391.79,769.0
2025-10-20 10:55:00,391.89,391.9,391.21,391.6,3721.0
2025-10-20 11:00:00,391.46,391.66,391.33,391.41,5157.0
2025-10-20 11:05:00,391.58,391.65,391.3,391.65,1636.0
2025-10-20 11:10:00,391.7,391.7,391.51,391.52,3286.0
2025-10-20 11:15:00,391.81,392.01,391.81,392.0,8344.0
2025-10-20 11:20:00,392.06,392.23,391.97,392.2,2278.0
2025-10-20 11:25:00,392.1,392.31,392.1,392.25,5268.0
2025-10-20 11:30:00,392.25,392.38,392.01,392.01,4956.0
2025-10-20 11:35:00,392.18,392.42,392.18,392.42,4344.0
2025-10-20 11:40:00,392.25,392.3,392.04,392.3,2791.0
2025-10-20 11:45:00,392.37,392.52,392.3,392.52,6570.0
2025-10-20 11:50:00,392.56,392.63,392.56,392.63,2115.0
2025-10-20 11:55:00,392.61,393.4,392.61,393.4,62141.0
2025-10-20 12:00:00,391.39,393.98,388.75,393.55,198361.0
2025-10-20 12:05:00,393.55,393.7,393.0,393.68,114418.0
2025-10-20 12:10:00,393.79,394.19,393.0503,394.0,90097.0
2025-10-20 12:15:00,393.94,395.35,393.6829,395.14,42473.0
2025-10-20 12:20:00,395.01,395.5997,394.8,395.2,100128.0
2025-10-20 12:25:00,395.34,395.5,394.49,395.14,128911.0
2025-10-20 12:30:00,395.1,396.21,395.0,396.2,128520.0
2025-10-20 12:35:00,396.16,397.46,396.16,397.32,209603.0
2025-10-20 12:40:00,397.4,397.83,396.88,397.45,138779.0
2025-10-20 12:45:00,397.41,397.52,396.82,397.1,132720.0
2025-10-20 12:50:00,397.22,397.74,396.8,397.39,96055.0
2025-10-20 12:55:00,397.38,398.44,397.15,397.81,213739.0
2025-10-20 13:00:00,397.88,397.91,397.0,397.25,83616.0
2025-10-20 13:05:00,397.24,397.9,396.88,397.6,134294.0
2025-10-20 13:10:00,397.74,398.0,397.3,397.45,147504.0
2025-10-20 13:15:00,397.44,397.72,397.27,397.67,37602.0
2025-10-20 13:20:00,397.61,397.74,397.05,397.27,74149.0
2025-10-20 13:25:00,397.3,397.52,397.02,397.43,82095.0
2025-10-20 13:30:00,397.45,397.53,396.05,396.34,1670513.0
2025-10-20 13:35:00,396.35,396.77,395.86,396.68,709885.0
2025-10-20 13:40:00,396.66,397.22,396.28,396.38,586225.0
2025-10-20 13:45:00,396.44,397.1088,395.7901,397.04,512262.0
2025-10-20 13:50:00,397.07,397.29,396.53,396.78,477907.0
2025-10-20 13:55:00,396.79,396.87,395.59,395.73,559404.0
2025-10-20 14:00:00,395.7,395.81,394.98,395.18,581927.0
2025-10-20 14:05:00,395.22,396.57,395.22,396.55,371123.0
2025-10-20 14:10:00,396.5845,397.23,396.54,397.16,507972.0
2025-10-20 14:15:00,397.17,397.9699,397.15,397.945,1093072.0
2025-10-20 14:20:00,397.93,398.93,397.81,398.41,1277678.0
2025-10-20 14:25:00,398.46,398.72,394.2,398.112,857108.0
2025-10-20 14:30:00,398.12,398.47,397.56,397.57,242910.0
2025-10-20 14:35:00,397.59,398.32,397.23,398.15,294853.0
2025-10-20 14:40:00,398.1,398.25,397.9175,397.9814,220194.0
2025-10-20 14:45:00,397.97,398.7588,397.922,398.56,468377.0
2025-10-20 14:50:00,398.57,398.75,398.29,398.4575,183738.0
2025-10-20 14:55:00,398.5,398.92,398.355,398.7,240460.0
2025-10-20 15:00:00,398.7746,399.32,398.67,399.24,431028.0
2025-10-20 15:05:00,399.21,399.57,399.055,399.5,332495.0
2025-10-20 15:10:00,399.5,400.09,399.5,399.96,566990.0
2025-10-20 15:15:00,399.95,400.81,399.92,400.76,608507.0
2025-10-20 15:20:00,400.7902,400.82,399.862,399.99,390188.0
2025-10-20 15:25:00,399.94,400.0409,399.5,399.86,342726.0
2025-10-20 15:30:00,399.9,400.27,399.77,400.1329,357837.0
2025-10-20 15:35:00,400.14,400.35,399.855,400.095,260465.0
2025-10-20 15:40:00,400.12,400.405,399.76,400.28,355116.0
2025-10-20 15:45:00,400.3056,400.41,400.035,400.26,472919.0
2025-10-20 15:50:00,400.24,400.43,400.01,400.3801,263486.0
2025-10-20 15:55:00,400.39,400.415,400.0,400.2,357692.0
2025-10-20 16:00:00,400.235,400.235,399.62,399.77,216005.0
2025-10-21 09:30:00,392.97,393.5,392.95,393.5,4971.0
2025-10-21 09:35:00,393.08,393.13,392.6,392.6,2497.0
2025-10-21 09:40:00,392.65,392.84,392.65,392.84,1027.0
2025-10-21 09:45:00,392.97,393.19,392.97,393.18,1078.0
2025-10-21 09:50:00,392.88,392.99,392.5,392.6,10996.0
2025-10-21 09:55:00,392.6,392.74,392.35,392.35,3529.0
2025-10-21 10:00:00,392.4,392.51,392.2,392.48,16104.0
2025-10-21 10:05:00,392.2,392.46,392.0,392.0,5857.0
2025-10-21 10:10:00,392.15,392.16,391.5,391.77,6312.0
2025-10-21 10:15:00,391.78,392.0,391.05,391.1,28347.0
2025-10-21 10:20:00,391.2,392.14,391.2,392.12,5532.0
2025-10-21 10:25:00,392.0,392.55,392.0,392.43,2011.0
2025-10-21 10:30:00,392.36,392.36,391.58,391.78,6389.0
2025-10-21 10:35:00,391.8,392.3,391.76,392.3,3155.0
2025-10-21 10:40:00,392.29,392.29,391.99,391.99,1026.0
2025-10-21 10:45:00,391.97,392.11,391.74,391.9,4808.0
2025-10-21 10:50:00,392.04,392.08,391.65,391.65,9784.0
2025-10-21 10:55:00,391.65,392.0,391.31,391.37,10615.0
2025-10-21 11:00:00,391.53,392.13,391.4,392.12,38136.0
2025-10-21 11:05:00,392.16,392.27,391.81,392.27,18582.0
2025-10-21 11:10:00,392.23,392.81,392.23,392.65,5180.0
2025-10-21 11:15:00,392.68,393.07,392.06,392.1,14690.0
2025-10-21 11:20:00,392.1,392.28,391.78,392.09,14433.0
2025-10-21 11:25:00,392.06,392.5,392.06,392.5,4233.0
2025-10-21 11:30:00,392.38,392.5,392.24,392.25,15375.0
2025-10-21 11:35:00,392.28,392.56,392.08,392.2,17906.0
2025-10-21 11:40:00,392.14,392.3,391.49,391.5,16044.0
2025-10-21 11:45:00,391.52,391.98,391.52,391.98,11857.0
2025-10-21 11:50:00,391.9,391.9,391.25,391.35,18587.0
2025-10-21 11:55:00,391.28,391.37,390.62,391.29,33421.0
2025-10-21 12:00:00,391.65,400.01,390.5659,391.5,276312.0
2025-10-21 12:05:00,391.45,391.5,390.63,390.63,26871.0
2025-10-21 12:10:00,391.14,391.14,387.83,388.67,198843.0
2025-10-21 12:15:00,388.65,389.4,388.58,389.26,64720.0
2025-10-21 12:20:00,389.25,389.5242,388.47,388.55,48699.0
2025-10-21 12:25:00,388.55,389.37,388.2504,389.17,120816.0
2025-10-21 12:30:00,389.0,389.13,387.98,388.22,83117.0
2025-10-21 12:35:00,388.25,388.7,388.08,388.7,50275.0
2025-10-21 12:40:00,388.45,388.8614,388.0,388.21,41230.0
2025-10-21 12:45:00,388.08,388.5,386.99,388.04,100695.0
2025-10-21 12:50:00,388.0,388.0569,387.2,387.2,58078.0
2025-10-21 12:55:00,387.24,387.9749,387.24,387.59,42998.0
2025-10-21 13:00:00,387.45,387.45,385.7794,386.73,211551.0
2025-10-21 13:05:00,386.77,387.3,386.47,386.53,86354.0
2025-10-21 13:10:00,386.67,386.82,385.54,386.24,194703.0
2025-10-21 13:15:00,386.17,387.18,386.13,386.89,102587.0
2025-10-21 13:20:00,386.9,387.4,386.54,387.01,113322.0
2025-10-21 13:25:00,387.0,387.0,386.44,386.7,67061.0
2025-10-21 13:30:00,386.54,387.16,385.6,386.465,2220101.0
2025-10-21 13:35:00,386.45,388.89,386.34,388.61,1612609.0
2025-10-21 13:40:00,388.6,388.86,386.64,387.05,1093964.0
2025-10-21 13:45:00,387.06,387.3899,383.66,385.01,1943189.0
2025-10-21 13:50:00,385.035,385.035,383.44,384.32,1548976.0
2025-10-21 13:55:00,384.3,384.77,383.66,384.05,955592.0
2025-10-21 14:00:00,384.05,384.34,383.23,384.135,1276371.0
2025-10-21 14:05:00,384.25,385.45,383.62,383.94,1163069.0
2025-10-21 14:10:00,383.9,384.86,383.7558,384.78,539417.0
2025-10-21 14:15:00,384.74,384.8,383.211,383.34,769511.0
2025-10-21 14:20:00,383.35,383.63,381.73,382.0542,1553311.0
2025-10-21 14:25:00,382.083,382.63,380.08,380.62,1559936.0
2025-10-21 14:30:00,380.69,380.72,379.23,380.38,2060296.0
2025-10-21 14:35:00,380.38,380.48,378.54,378.95,1277527.0
2025-10-21 14:40:00,378.92,379.4099,377.0705,377.37,2195609.0
2025-10-21 14:45:00,377.395,378.57,375.65,378.54,2972552.0
2025-10-21 14:50:00,378.54,379.57,378.26,379.419,1265541.0
2025-10-21 14:55:00,379.34,381.03,378.8,380.75,1006733.0
2025-10-21 15:00:00,380.74,381.09,379.35,379.915,830597.0
2025-10-21 15:05:00,379.94,380.96,379.575,380.69,516890.0
2025-10-21 15:10:00,380.74,381.92,380.5,381.0,640082.0
2025-10-21 15:15:00,380.9801,381.19,380.125,380.57,435912.0
2025-10-21 15:20:00,380.555,380.63,379.05,380.28,482712.0
2025-10-21 15:25:00,380.32,380.52,379.55,379.5894,409337.0
2025-10-21 15:30:00,379.57,380.27,379.4,379.9,280120.0
2025-10-21 15:35:00,379.8838,380.25,379.5,379.5865,391168.0
2025-10-21 15:40:00,379.62,381.2599,379.58,381.17,432336.0
2025-10-21 15:45:00,381.2199,381.63,380.86,380.96,467922.0
2025-10-21 15:50:00,380.98,381.35,380.61,381.08,330067.0
2025-10-21 15:55:00,381.12,381.5,380.37,380.7903,350774.0
2025-10-21 16:00:00,380.83,381.32,380.16,380.98,772481.0
2025-10-22 09:30:00,374.99,375.58,374.99,375.15,8838.0
2025-10-22 09:35:00,374.58,375.0,374.5,374.9,17930.0
2025-10-22 09:40:00,374.7,374.81,373.82,374.0,7856.0
2025-10-22 09:45:00,373.71,374.39,373.71,373.97,9870.0
2025-10-22 09:50:00,373.79,374.07,373.71,374.07,4935.0
2025-10-22 09:55:00,374.15,374.48,374.15,374.21,3825.0
2025-10-22 10:00:00,374.51,375.0,373.92,374.88,6375.0
2025-10-22 10:05:00,374.16,374.16,373.92,374.0,2355.0
2025-10-22 10:10:00,374.42,374.67,374.42,374.67,2425.0
2025-10-22 10:15:00,375.01,375.01,374.42,374.58,1220.0
2025-10-22 10:20:00,374.87,375.75,374.87,375.75,9531.0
2025-10-22 10:25:00,375.77,375.78,375.27,375.78,6689.0
2025-10-22 10:30:00,375.83,376.11,375.83,376.09,1419.0
2025-10-22 10:35:00,375.76,375.88,374.0,374.08,12539.0
2025-10-22 10:40:00,373.82,373.88,372.33,373.1,32858.0
2025-10-22 10:45:00,373.2,373.6,372.84,373.4,4869.0
2025-10-22 10:50:00,373.4,373.4,371.14,371.42,26809.0
2025-10-22 10:55:00,371.38,371.59,370.26,371.36,50535.0
2025-10-22 11:00:00,371.37,371.41,369.49,370.44,83852.0
2025-10-22 11:05:00,370.61,371.69,370.61,370.75,63028.0
2025-10-22 11:10:00,370.49,371.0,370.17,371.0,25556.0
2025-10-22 11:15:00,370.94,371.5,370.61,371.27,22600.0
2025-10-22 11:20:00,371.39,372.22,371.39,371.77,23039.0
2025-10-22 11:25:00,371.91,372.15,369.89,369.89,33783.0
2025-10-22 11:30:00,370.0,370.74,369.85,370.4,16079.0
2025-10-22 11:35:00,370.34,370.8,369.72,369.84,25062.0
2025-10-22 11:40:00,369.75,370.1,369.46,370.03,22282.0
2025-10-22 11:45:00,370.06,371.1,370.06,370.9,35257.0
2025-10-22 11:50:00,371.09,371.09,370.0,370.2,53621.0
2025-10-22 11:55:00,370.06,370.62,369.5,370.49,92079.0
2025-10-22 12:00:00,377.03,382.75,369.44,371.99,424648.0
2025-10-22 12:05:00,371.78,371.98,370.7,370.7,36844.0
2025-10-22 12:10:00,370.7,371.49,370.61,371.38,11406.0
2025-10-22 12:15:00,371.48,371.8,371.4,371.5019,19173.0
2025-10-22 12:20:00,371.6,371.65,370.51,371.0,34977.0
2025-10-22 12:25:00,370.8,372.35,370.79,372.21,24188.0
2025-10-22 12:30:00,372.1012,372.72,372.0,372.1,33038.0
2025-10-22 12:35:00,372.4,372.73,372.4,372.69,90264.0
2025-10-22 12:40:00,372.6,372.74,372.12,372.12,54991.0
2025-10-22 12:45:00,372.29,372.95,371.51,371.5138,47211.0
2025-10-22 12:50:00,371.5325,371.85,370.61,370.8,29532.0
2025-10-22 12:55:00,370.88,371.21,370.2,371.21,39297.0
2025-10-22 13:00:00,371.35,374.21,371.2712,374.07,125527.0
2025-10-22 13:05:00,374.04,374.1,372.87,373.36,66352.0
2025-10-22 13:10:00,373.33,374.35,373.33,373.9947,93681.0
2025-10-22 13:15:00,373.91,374.3,373.53,374.0,49865.0
2025-10-22 13:20:00,374.01,374.01,373.0,373.57,74038.0
2025-10-22 13:25:00,373.6,373.86,372.79,372.79,86562.0
2025-10-22 13:30:00,372.75,373.57,372.31,373.4484,1680156.0
2025-10-22 13:35:00,373.38,375.54,373.36,375.49,1064119.0
2025-10-22 13:40:00,375.495,375.89,374.56,374.57,783156.0
2025-10-22 13:45:00,374.58,375.17,373.87,374.44,539775.0
2025-10-22 13:50:00,374.41,375.41,374.33,375.2491,376211.0
2025-10-22 13:55:00,375.25,375.45,374.7201,375.06,272126.0
2025-10-22 14:00:00,375.06,375.28,374.4267,374.7818,508057.0
2025-10-22 14:05:00,374.86,374.91,373.47,373.63,445512.0
2025-10-22 14:10:00,373.68,374.13,373.1838,373.921,332062.0
2025-10-22 14:15:00,373.92,374.6899,373.52,374.0999,298554.0
2025-10-22 14:20:00,374.17,374.18,372.4341,372.5409,552376.0
2025-10-22 14:25:00,372.53,373.54,372.35,373.1,366144.0
2025-10-22 14:30:00,373.18,373.4,371.32,371.78,743210.0
2025-10-22 14:35:00,371.78,372.14,371.18,371.33,314632.0
2025-10-22 14:40:00,371.36,371.81,370.21,370.78,642044.0
2025-10-22 14:45:00,370.73,370.82,369.34,370.2,1102029.0
2025-10-22 14:50:00,370.19,370.59,369.01,369.175,1147306.0
2025-10-22 14:55:00,369.23,369.69,368.93,369.435,921067.0
2025-10-22 15:00:00,369.435,370.71,369.4014,370.57,531751.0
2025-10-22 15:05:00,370.565,371.6394,370.24,371.315,636124.0
2025-10-22 15:10:00,371.34,372.14,371.1975,371.58,401614.0
2025-10-22 15:15:00,371.6195,372.06,371.34,371.66,259308.0
2025-10-22 15:20:00,371.68,372.4,371.28,371.5,248410.0
2025-10-22 15:25:00,371.4617,371.55,370.57,370.6886,338553.0
2025-10-22 15:30:00,370.75,370.92,370.13,370.88,386255.0
2025-10-22 15:35:00,370.91,371.78,370.83,371.07,191518.0
2025-10-22 15:40:00,371.085,371.755,370.96,371.15,243426.0
2025-10-22 15:45:00,371.16,371.7801,371.1,371.75,161807.0
2025-10-22 15:50:00,371.67,371.78,371.24,371.561,109918.0
2025-10-22 15:55:00,371.61,372.32,371.36,371.38,231113.0
2025-10-22 16:00:00,371.42,371.43,370.78,370.915,179754.0
2025-10-23 09:30:00,379.05,379.4,379.05,379.32,2345.0
2025-10-23 09:35:00,379.35,379.35,378.98,379.0,2813.0
2025-10-23 09:40:00,378.6,378.6,378.35,378.5,666.0
2025-10-23 09:50:00,378.86,378.98,378.86,378.98,342.0
2025-10-23 09:55:00,379.3,379.3,379.16,379.16,966.0
2025-10-23 10:00:00,379.46,379.46,379.46,379.46,175.0
2025-10-23 10:05:00,379.25,379.25,378.9,378.9,570.0
2025-10-23 10:10:00,378.8,379.13,378.8,379.12,2667.0
2025-10-23 10:15:00,378.87,378.87,378.83,378.83,314.0
2025-10-23 10:20:00,378.74,378.77,378.7,378.7,768.0
2025-10-23 10:25:00,378.78,378.78,378.0,378.07,7256.0
2025-10-23 10:30:00,378.19,378.38,377.99,378.38,1389.0
2025-10-23 10:35:00,378.59,378.59,378.57,378.57,499.0
2025-10-23 10:40:00,378.6,378.6,378.45,378.57,1428.0
2025-10-23 10:45:00,378.03,378.03,377.69,378.0,1934.0
2025-10-23 10:50:00,378.13,378.13,377.63,377.69,1212.0
2025-10-23 10:55:00,377.86,378.1,377.86,378.1,1239.0
2025-10-23 11:00:00,378.15,379.0,377.89,378.8,5873.0
2025-10-23 11:05:00,378.77,378.77,378.2,378.58,2985.0
2025-10-23 11:10:00,378.59,378.71,378.59,378.69,3147.0
2025-10-23 11:15:00,378.63,378.68,378.41,378.41,2837.0
2025-10-23 11:20:00,378.39,378.39,378.35,378.35,10073.0
2025-10-23 11:25:00,378.29,378.54,378.29,378.4,13570.0
2025-10-23 11:30:00,378.4,378.54,378.16,378.35,11206.0
2025-10-23 11:35:00,378.39,378.49,378.07,378.07,4520.0
2025-10-23 11:40:00,378.64,378.65,378.45,378.45,1390.0
2025-10-23 11:45:00,378.45,378.69,378.4,378.4,1127.0
2025-10-23 11:50:00,378.58,378.66,378.58,378.6,996.0
2025-10-23 11:55:00,378.5,378.5,377.91,377.94,3055.0
2025-10-23 12:00:00,378.69,380.5,375.47,378.4,121742.0
2025-10-23 12:05:00,378.7,378.7,378.2,378.2,11351.0
2025-10-23 12:10:00,378.1,378.4,377.5,377.5,10557.0
2025-10-23 12:15:00,377.86,378.1,377.5774,377.9,2447.0
2025-10-23 12:20:00,377.58,377.62,377.1,377.28,9916.0
2025-10-23 12:25:00,377.35,377.99,377.2901,377.96,1682.0
2025-10-23 12:30:00,378.0,379.1155,378.0,378.89,27310.0
2025-10-23 12:35:00,378.99,379.29,378.8,379.29,7006.0
2025-10-23 12:40:00,379.4,379.7,378.91,378.91,18263.0
2025-10-23 12:45:00,379.0,379.46,378.898,379.3,47071.0
2025-10-23 12:50:00,379.2,379.8776,379.2,379.7741,9694.0
2025-10-23 12:55:00,379.7531,379.754,379.4,379.5,9100.0
2025-10-23 13:00:00,379.53,380.0,379.53,379.71,19933.0
2025-10-23 13:05:00,379.8,380.48,379.8,380.16,23830.0
2025-10-23 13:10:00,380.28,380.38,380.15,380.35,17813.0
2025-10-23 13:15:00,380.3,380.93,379.96,380.83,50546.0
2025-10-23 13:20:00,380.87,381.48,380.86,381.45,105806.0
2025-10-23 13:25:00,381.41,381.73,381.31,381.47,46808.0
2025-10-23 13:30:00,381.46,381.53,380.07,380.78,775787.0
2025-10-23 13:35:00,380.85,381.33,380.34,380.97,423628.0
2025-10-23 13:40:00,380.9506,381.7699,380.77,381.7699,233327.0
2025-10-23 13:45:00,381.75,381.855,380.74,380.8006,547014.0
2025-10-23 13:50:00,380.83,381.78,380.6122,381.66,343943.0
2025-10-23 13:55:00,381.61,381.75,380.97,381.2701,607105.0
2025-10-23 14:00:00,381.24,381.72,380.85,381.42,281538.0
2025-10-23 14:05:00,381.45,382.25,381.45,382.075,543053.0
2025-10-23 14:10:00,382.06,382.0781,381.02,381.02,435123.0
2025-10-23 14:15:00,381.06,381.11,380.46,380.73,495718.0
2025-10-23 14:20:00,380.73,381.53,380.55,381.44,278256.0
2025-10-23 14:25:00,381.45,381.58,381.05,381.535,162840.0
2025-10-23 14:30:00,381.47,381.57,381.11,381.3601,101471.0
2025-10-23 14:35:00,381.405,381.58,381.08,381.09,126213.0
2025-10-23 14:40:00,381.1216,381.45,380.8875,381.28,133143.0
2025-10-23 14:45:00,381.284,381.94,380.875,381.58,249118.0
2025-10-23 14:50:00,381.61,381.9634,381.42,381.48,222014.0
2025-10-23 14:55:00,381.48,381.61,380.96,381.6,172443.0
2025-10-23 15:00:00,381.62,381.94,381.6,381.7665,114551.0
2025-10-23 15:05:00,381.75,381.83,381.28,381.58,392338.0
2025-10-23 15:10:00,381.61,381.78,381.0493,381.26,116050.0
2025-10-23 15:15:00,381.24,381.6,381.12,381.36,129533.0
2025-10-23 15:20:00,381.34,381.35,380.6,380.9,203350.0
2025-10-23 15:25:00,380.8967,381.52,380.87,381.29,161808.0
2025-10-23 15:30:00,381.3578,381.5,381.11,381.11,83155.0
2025-10-23 15:35:00,381.16,381.2,380.75,381.04,191680.0
2025-10-23 15:40:00,381.01,381.1637,380.92,381.1336,78630.0
2025-10-23 15:45:00,381.1,381.155,380.62,380.6827,118233.0
2025-10-23 15:50:00,380.67,381.1599,380.66,381.0996,102658.0
2025-10-23 15:55:00,381.115,381.34,380.93,381.01,107195.0
2025-10-23 16:00:00,381.0,381.65,380.98,381.47,131379.0
2025-10-24 09:30:00,374.57,374.6,374.57,374.6,499.0
2025-10-24 09:35:00,374.51,374.51,374.51,374.51,248.0
2025-10-24 09:40:00,374.21,374.5,374.11,374.5,1634.0
2025-10-24 09:45:00,374.55,374.6,374.55,374.6,318.0
2025-10-24 09:50:00,374.25,374.31,373.08,373.08,2563.0
2025-10-24 09:55:00,373.06,373.54,373.06,373.54,962.0
2025-10-24 10:00:00,373.48,374.39,373.48,374.39,2358.0
2025-10-24 10:10:00,374.22,374.43,374.22,374.43,559.0
2025-10-24 10:15:00,374.21,374.21,374.21,374.21,223.0
2025-10-24 10:20:00,374.12,374.12,373.94,373.97,1957.0
2025-10-24 10:25:00,373.97,373.97,373.59,373.59,1908.0
2025-10-24 10:30:00,373.3,373.32,373.25,373.25,1951.0
2025-10-24 10:35:00,373.23,373.79,373.23,373.79,1448.0
2025-10-24 10:45:00,373.52,373.52,373.48,373.48,522.0
2025-10-24 10:55:00,373.34,373.34,373.0,373.08,6294.0
2025-10-24 11:00:00,373.05,373.35,372.25,372.4,38619.0
2025-10-24 11:05:00,372.87,373.5,372.73,373.5,2930.0
2025-10-24 11:10:00,373.6,373.601,373.5,373.5,1874.0
2025-10-24 11:15:00,373.35,373.5,373.34,373.5,3902.0
2025-10-24 11:20:00,373.4,373.4,373.22,373.22,1974.0
2025-10-24 11:25:00,373.14,373.29,373.09,373.09,7306.0
2025-10-24 11:30:00,373.26,373.52,373.15,373.52,3159.0
2025-10-24 11:35:00,373.4,373.4,373.11,373.11,2542.0
2025-10-24 11:40:00,373.19,373.41,373.19,373.25,1371.0
2025-10-24 11:45:00,373.56,374.01,373.42,374.0,10160.0
2025-10-24 11:50:00,374.15,374.2,373.59,373.59,16370.0
2025-10-24 11:55:00,373.59,373.64,373.5,373.64,4681.0
2025-10-24 12:00:00,374.5,378.99,372.19,373.8,114128.0
2025-10-24 12:05:00,373.81,374.0,373.5208,374.0,8778.0
2025-10-24 12:10:00,373.86,373.9984,373.65,373.65,8030.0
2025-10-24 12:15:00,373.9996,373.9996,373.7,373.7,6793.0
2025-10-24 12:20:00,373.89,373.89,373.65,373.65,1993.0
2025-10-24 12:25:00,373.65,373.83,373.6,373.6,4809.0
2025-10-24 12:30:00,373.9,376.93,373.83,376.34,94426.0
2025-10-24 12:35:00,376.35,376.38,374.8503,375.52,43354.0
2025-10-24 12:40:00,375.27,375.875,375.1098,375.75,10105.0
2025-10-24 12:45:00,375.5,375.67,374.95,375.04,15518.0
2025-10-24 12:50:00,375.0063,375.8018,374.96,375.8018,13337.0
2025-10-24 12:55:00,375.5701,375.5701,375.07,375.5,17029.0
2025-10-24 13:00:00,375.65,376.43,375.2369,376.15,47078.0
2025-10-24 13:05:00,376.25,378.3,376.24,378.2918,156155.0
2025-10-24 13:10:00,378.09,378.62,377.8,378.5304,17675.0
2025-10-24 13:15:00,378.39,379.16,378.1985,378.9,41669.0
2025-10-24 13:20:00,378.94,379.2,378.51,378.6,33717.0
2025-10-24 13:25:00,378.61,378.97,378.38,378.5,24404.0
2025-10-24 13:30:00,378.51,379.12,378.0801,378.88,468823.0
2025-10-24 13:35:00,378.845,379.0,378.3036,378.3501,263657.0
2025-10-24 13:40:00,378.35,378.3892,377.075,377.635,428455.0
2025-10-24 13:45:00,377.48,378.08,376.81,377.75,293046.0
2025-10-24 13:50:00,377.71,378.0499,377.1,377.9932,185990.0
2025-10-24 13:55:00,378.02,378.1,377.4,377.85,504058.0
2025-10-24 14:00:00,377.92,378.1,377.4174,377.901,268896.0
2025-10-24 14:05:00,378.0,378.9,377.81,378.5995,266939.0
2025-10-24 14:10:00,378.6008,380.43,378.52,380.19,298211.0
2025-10-24 14:15:00,380.09,380.48,379.42,379.74,207526.0
2025-10-24 14:20:00,379.71,380.105,379.39,379.67,209096.0
2025-10-24 14:25:00,379.7,379.7,379.04,379.4,115367.0
2025-10-24 14:30:00,379.43,379.879,379.301,379.67,192957.0
2025-10-24 14:35:00,379.6507,379.8878,379.2101,379.7,63443.0
2025-10-24 14:40:00,379.6894,380.1492,379.62,379.955,124343.0
2025-10-24 14:45:00,379.99,380.13,379.19,379.2917,140955.0
2025-10-24 14:50:00,379.33,379.43,378.32,379.04,198015.0
2025-10-24 14:55:00,379.04,379.28,378.63,378.82,164730.0
2025-10-24 15:00:00,378.82,379.11,378.59,379.01,78667.0
2025-10-24 15:05:00,379.1,379.35,378.7309,379.125,94281.0
2025-10-24 15:10:00,379.1192,379.355,378.9436,378.9436,85189.0
2025-10-24 15:15:00,378.96,379.0314,378.4,378.92,120495.0
2025-10-24 15:20:00,378.95,379.86,378.95,379.72,285455.0
2025-10-24 15:25:00,379.72,379.81,379.44,379.56,126329.0
2025-10-24 15:30:00,379.57,379.91,379.53,379.7501,62141.0
2025-10-24 15:35:00,379.72,379.99,379.37,379.945,93808.0
2025-10-24 15:40:00,379.96,380.01,379.4801,379.71,62189.0
2025-10-24 15:45:00,379.71,379.9181,379.11,379.58,117366.0
2025-10-24 15:50:00,379.54,380.16,379.48,379.875,109225.0
2025-10-24 15:55:00,379.86,380.14,379.67,380.04,126369.0
2025-10-24 16:00:00,380.04,380.17,379.72,379.86,99512.0
2025-10-27 09:30:00,371.6,371.6,371.6,371.6,390.0
2025-10-27 09:35:00,371.65,372.5,371.65,372.5,5152.0
2025-10-27 09:40:00,371.61,372.0,371.56,372.0,3030.0
2025-10-27 09:45:00,371.85,372.18,371.77,371.77,1859.0
2025-10-27 09:50:00,371.95,371.95,371.95,371.95,641.0
2025-10-27 09:55:00,371.87,371.87,371.67,371.67,690.0
2025-10-27 10:00:00,371.5,372.0,371.5,372.0,20285.0
2025-10-27 10:05:00,372.2,372.2,372.2,372.2,223.0
2025-10-27 10:10:00,372.39,372.44,372.0,372.0,3988.0
2025-10-27 10:15:00,371.9,372.09,371.9,371.95,624.0
2025-10-27 10:20:00,372.03,372.03,371.85,371.85,891.0
2025-10-27 10:25:00,371.85,371.85,371.28,371.28,37863.0
2025-10-27 10:30:00,371.2,371.26,370.8,370.88,16514.0
2025-10-27 10:35:00,371.29,372.27,371.29,371.83,11936.0
2025-10-27 10:40:00,371.8,372.0,371.57,371.57,1769.0
2025-10-27 10:45:00,371.83,371.9,371.83,371.89,1537.0
2025-10-27 10:50:00,371.6,371.6,371.5,371.51,1441.0
2025-10-27 10:55:00,371.35,371.5,371.35,371.38,846.0
2025-10-27 11:00:00,371.64,371.91,371.22,371.22,9853.0
2025-10-27 11:05:00,371.4,371.51,370.77,371.06,21266.0
2025-10-27 11:10:00,371.15,371.15,370.05,370.75,15369.0
2025-10-27 11:15:00,370.9,371.0,370.64,371.0,16741.0
2025-10-27 11:20:00,371.01,371.05,370.64,370.64,41518.0
2025-10-27 11:25:00,370.8,370.9,370.69,370.85,19939.0
2025-10-27 11:30:00,370.75,370.81,370.26,370.36,21814.0
2025-10-27 11:35:00,370.49,370.66,369.35,369.44,62063.0
2025-10-27 11:40:00,369.5,370.13,369.5,369.8,22392.0
2025-10-27 11:45:00,370.0,370.84,370.0,370.5,7134.0
2025-10-27 11:50:00,370.57,370.59,370.21,370.41,19559.0
2025-10-27 11:55:00,370.4,370.41,370.1,370.2,3357.0
2025-10-27 12:00:00,371.55,375.81,369.4701,371.08,165327.0
2025-10-27 12:05:00,371.0,371.1536,370.7004,370.99,9714.0
2025-10-27 12:10:00,370.95,371.28,370.6563,371.1439,31128.0
2025-10-27 12:15:00,371.1,371.33,371.07,371.13,22779.0
2025-10-27 12:20:00,371.34,371.61,371.01,371.56,13555.0
2025-10-27 12:25:00,371.72,371.8349,371.3,371.3,9843.0
2025-10-27 12:30:00,371.27,371.27,370.7925,370.84,3564.0
2025-10-27 12:35:00,371.0,371.21,370.9505,370.9505,7390.0
2025-10-27 12:40:00,371.21,371.25,371.03,371.18,3149.0
2025-10-27 12:45:00,371.21,372.09,371.1042,372.09,15852.0
2025-10-27 12:50:00,372.2,372.44,371.554,371.554,20763.0
2025-10-27 12:55:00,371.73,372.29,371.51,372.24,18362.0
2025-10-27 13:00:00,372.32,372.63,372.31,372.4,49083.0
2025-10-27 13:05:00,372.3692,372.3692,371.72,371.79,23540.0
2025-10-27 13:10:00,371.73,371.9,371.57,371.6298,16948.0
2025-10-27 13:15:00,371.65,371.75,371.39,371.56,10998.0
2025-10-27 13:20:00,371.64,372.037,371.58,371.63,24720.0
2025-10-27 13:25:00,371.57,371.7,370.88,371.05,86838.0
2025-10-27 13:30:00,371.13,371.59,369.885,370.95,1035219.0
2025-10-27 13:35:00,370.97,371.565,370.825,371.01,406927.0
2025-10-27 13:40:00,371.03,371.06,369.6,370.3,637208.0
2025-10-27 13:45:00,370.25,370.49,369.17,369.7,527456.0
2025-10-27 13:50:00,369.7036,370.38,369.59,369.6575,296234.0
2025-10-27 13:55:00,369.66,370.05,369.45,369.98,387274.0
2025-10-27 14:00:00,370.01,370.12,368.5,368.93,795467.0
2025-10-27 14:05:00,369.01,369.64,367.94,368.62,903445.0
2025-10-27 14:10:00,368.575,368.86,368.28,368.435,426011.0
2025-10-27 14:15:00,368.42,368.69,366.88,367.35,800088.0
2025-10-27 14:20:00,367.33,367.63,366.59,367.31,795335.0
2025-10-27 14:25:00,367.31,368.46,366.87,367.87,482333.0
2025-10-27 14:30:00,367.8825,368.02,367.16,367.512,322533.0
2025-10-27 14:35:00,367.557,367.61,366.41,366.77,404110.0
2025-10-27 14:40:00,366.77,367.9,366.7414,367.53,705403.0
2025-10-27 14:45:00,367.515,367.9035,367.2,367.51,253544.0
2025-10-27 14:50:00,367.5055,367.74,366.65,366.955,284732.0
2025-10-27 14:55:00,366.915,366.9606,366.53,366.8634,411049.0
2025-10-27 15:00:00,366.85,366.9,365.8,366.17,531369.0
2025-10-27 15:05:00,366.195,366.34,365.36,365.62,506335.0
2025-10-27 15:10:00,365.62,366.17,365.34,366.02,595370.0
2025-10-27 15:15:00,366.01,366.6,365.74,366.28,219889.0
2025-10-27 15:20:00,366.2999,366.6,365.985,366.26,158689.0
2025-10-27 15:25:00,366.275,366.94,366.02,366.7973,248512.0
2025-10-27 15:30:00,366.8,367.44,366.64,366.905,271908.0
2025-10-27 15:35:00,366.9585,367.18,366.7375,366.78,161225.0
2025-10-27 15:40:00,366.81,366.93,366.11,366.36,272349.0
2025-10-27 15:45:00,366.34,366.705,366.29,366.51,228153.0
2025-10-27 15:50:00,366.53,367.13,366.42,366.85,254472.0
2025-10-27 15:55:00,366.855,367.1299,366.665,367.08,202796.0
2025-10-27 16:00:00,367.07,367.36,366.7847,367.01,133753.0
2025-10-28 09:30:00,359.26,359.41,359.0,359.1,23447.0
2025-10-28 09:35:00,359.04,359.04,358.75,358.88,4332.0
2025-10-28 09:40:00,358.95,359.7,358.85,359.69,9853.0
2025-10-28 09:45:00,359.68,359.83,359.25,359.25,42498.0
2025-10-28 09:50:00,359.25,359.38,358.96,358.96,14201.0
2025-10-28 09:55:00,358.92,359.19,358.68,359.19,7457.0
2025-10-28 10:00:00,359.25,359.48,359.2,359.48,6881.0
2025-10-28 10:05:00,359.42,359.44,359.2,359.2,2523.0
2025-10-28 10:10:00,359.37,359.37,359.1,359.1,3804.0
2025-10-28 10:15:00,359.05,359.37,358.85,359.37,6178.0
2025-10-28 10:20:00,359.33,359.33,358.68,358.84,4889.0
2025-10-28 10:25:00,359.3,359.66,359.3,359.31,6329.0
2025-10-28 10:30:00,359.43,360.09,359.43,360.09,16356.0
2025-10-28 10:35:00,360.14,360.29,359.9,360.29,18771.0
2025-10-28 10:40:00,360.1,360.8,360.1,360.38,8965.0
2025-10-28 10:45:00,360.3,361.0,360.3,361.0,4419.0
2025-10-28 10:50:00,361.05,361.65,360.78,361.23,7902.0
2025-10-28 10:55:00,361.15,361.32,361.04,361.1,11404.0
2025-10-28 11:00:00,361.4,361.63,360.31,360.31,17894.0
2025-10-28 11:05:00,360.3,360.35,360.08,360.35,6136.0
2025-10-28 11:10:00,360.4,360.4,360.0,360.22,9523.0
2025-10-28 11:15:00,360.3,360.64,359.9,360.47,8207.0
2025-10-28 11:20:00,360.47,360.6,360.44,360.6,12414.0
2025-10-28 11:25:00,360.65,360.65,360.5,360.62,5301.0
2025-10-28 11:30:00,360.66,361.27,360.66,361.0,19678.0
2025-10-28 11:35:00,361.0,361.14,360.94,360.99,21365.0
2025-10-28 11:40:00,361.06,361.47,361.06,361.47,2986.0
2025-10-28 11:45:00,361.49,361.54,361.37,361.44,5061.0
2025-10-28 11:50:00,361.42,361.58,361.42,361.48,3430.0
2025-10-28 11:55:00,361.46,361.46,360.98,361.02,11606.0
2025-10-28 12:00:00,361.21,367.01,357.7,361.51,244912.0
2025-10-28 12:05:00,361.16,361.26,360.9,361.26,19630.0
2025-10-28 12:10:00,361.18,361.28,361.0,361.28,26885.0
2025-10-28 12:15:00,361.29,361.54,361.25,361.51,11452.0
2025-10-28 12:20:00,361.42,361.43,361.1,361.26,17983.0
2025-10-28 12:25:00,361.1326,361.5,360.85,361.04,13121.0
2025-10-28 12:30:00,360.77,360.9,360.53,360.9,26404.0
2025-10-28 12:35:00,360.75,361.26,360.572,360.69,26251.0
2025-10-28 12:40:00,360.64,360.739,360.25,360.47,27991.0
2025-10-28 12:45:00,360.31,360.35,359.7011,359.83,19994.0
2025-10-28 12:50:00,359.83,359.85,359.38,359.74,36546.0
2025-10-28 12:55:00,359.7814,360.08,359.5128,359.96,15114.0
2025-10-28 13:00:00,359.96,361.37,359.96,361.36,43062.0
2025-10-28 13:05:00,361.4,361.5,360.91,361.2,35681.0
2025-10-28 13:10:00,361.12,361.2,360.82,360.9,56337.0
2025-10-28 13:15:00,360.91,361.92,360.89,361.8583,55724.0
2025-10-28 13:20:00,361.84,361.9064,361.2113,361.52,44554.0
2025-10-28 13:25:00,361.58,361.9,361.33,361.75,61017.0
2025-10-28 13:30:00,361.81,361.88,360.94,360.96,1149936.0
2025-10-28 13:35:00,361.0,361.55,360.82,361.11,456500.0
2025-10-28 13:40:00,361.12,361.13,360.12,360.82,668583.0
2025-10-28 13:45:00,360.87,361.69,360.582,361.67,414742.0
2025-10-28 13:50:00,361.66,362.17,361.65,361.955,515291.0
2025-10-28 13:55:00,361.91,362.5599,361.72,362.3999,350254.0
2025-10-28 14:00:00,362.375,362.76,362.32,362.62,299553.0
2025-10-28 14:05:00,362.62,362.89,362.52,362.62,370096.0
2025-10-28 14:10:00,362.61,362.86,361.9801,362.419,401399.0
2025-10-28 14:15:00,362.44,362.71,362.34,362.4,220168.0
2025-10-28 14:20:00,362.45,362.79,362.43,362.59,188987.0
2025-10-28 14:25:00,362.59,363.485,362.59,363.44,400110.0
2025-10-28 14:30:00,363.46,363.495,362.95,363.28,222838.0
2025-10-28 14:35:00,363.3,363.36,362.86,362.95,201080.0
2025-10-28 14:40:00,362.9014,363.2,362.44,363.035,187260.0
2025-10-28 14:45:00,362.99,363.47,362.7107,363.36,120159.0
2025-10-28 14:50:00,363.353,363.75,363.1605,363.34,200490.0
2025-10-28 14:55:00,363.34,363.69,363.2012,363.43,177715.0
2025-10-28 15:00:00,363.415,363.85,363.16,363.67,185502.0
2025-10-28 15:05:00,363.6501,363.94,363.41,363.845,210509.0
2025-10-28 15:10:00,363.855,364.35,363.79,364.24,242595.0
2025-10-28 15:15:00,364.28,364.41,364.09,364.21,213777.0
2025-10-28 15:20:00,364.205,364.39,364.0601,364.355,206554.0
2025-10-28 15:25:00,364.33,364.4,364.0101,364.2,114005.0
2025-10-28 15:30:00,364.2,364.8,364.11,364.62,274278.0
2025-10-28 15:35:00,364.62,364.7241,364.43,364.71,103449.0
2025-10-28 15:40:00,364.67,364.81,364.62,364.68,142845.0
2025-10-28 15:45:00,364.6827,365.0,364.66,364.88,102535.0
2025-10-28 15:50:00,364.91,365.24,364.77,364.8,270797.0
2025-10-28 15:55:00,364.84,365.0483,364.66,364.7999,138873.0
2025-10-28 16:00:00,364.81,364.84,363.81,364.07,335476.0
2025-10-29 09:30:00,369.49,369.91,369.49,369.91,929.0
2025-10-29 09:35:00,369.76,369.76,369.59,369.59,1249.0
2025-10-29 09:40:00,369.77,369.77,369.77,369.77,476.0
2025-10-29 09:45:00,369.99,370.51,369.99,370.51,7335.0
2025-10-29 09:50:00,370.59,370.66,370.53,370.54,2832.0
2025-10-29 09:55:00,370.48,370.54,370.3,370.3,4799.0
2025-10-29 10:00:00,370.3,370.3,370.19,370.19,1876.0
2025-10-29 10:05:00,369.81,370.02,369.7,370.0,1840.0
2025-10-29 10:10:00,370.0,370.2,370.0,370.2,813.0
2025-10-29 10:15:00,370.17,370.6,370.17,370.6,1164.0
2025-10-29 10:20:00,370.58,370.61,370.5,370.61,611.0
2025-10-29 10:25:00,370.58,370.58,370.38,370.45,684.0
2025-10-29 10:30:00,370.2,370.2,370.2,370.2,2072.0
2025-10-29 10:35:00,370.23,370.56,370.0,370.56,6105.0
2025-10-29 10:40:00,370.58,370.69,370.36,370.54,4563.0
2025-10-29 10:45:00,370.41,370.7,370.41,370.45,2942.0
2025-10-29 10:50:00,370.3,370.31,370.3,370.31,563.0
2025-10-29 10:55:00,370.3,370.3,370.2,370.2,425.0
2025-10-29 11:00:00,370.11,370.51,370.01,370.4,7211.0
2025-10-29 11:05:00,370.4,370.48,370.4,370.42,1583.0
2025-10-29 11:10:00,370.41,370.6,370.4,370.44,2500.0
2025-10-29 11:15:00,370.1,370.1,369.8,369.84,4523.0
2025-10-29 11:20:00,369.84,370.25,369.84,370.0,2502.0
2025-10-29 11:25:00,370.0,370.05,369.65,369.65,4740.0
2025-10-29 11:30:00,369.8,369.8,369.39,369.39,2968.0
2025-10-29 11:35:00,369.72,369.72,369.39,369.64,5574.0
2025-10-29 11:40:00,369.72,369.75,369.72,369.75,2569.0
2025-10-29 11:45:00,369.46,369.6,369.36,369.6,2601.0
2025-10-29 11:50:00,369.5,369.55,369.42,369.55,3293.0
2025-10-29 11:55:00,369.4,369.77,369.35,369.5,3448.0
2025-10-29 12:00:00,370.4,370.85,363.55,369.51,108847.0
2025-10-29 12:05:00,369.63,369.779,369.3324,369.66,5702.0
2025-10-29 12:10:00,369.75,370.63,369.65,370.61,35563.0
2025-10-29 12:15:00,370.4057,370.79,370.0,370.5,13146.0
2025-10-29 12:20:00,370.24,370.6993,370.0909,370.6,10885.0
2025-10-29 12:25:00,370.5,370.58,370.35,370.5,6353.0
2025-10-29 12:30:00,370.4,370.55,370.4,370.5,7884.0
2025-10-29 12:35:00,370.38,370.4335,370.2,370.2,3269.0
2025-10-29 12:40:00,370.0118,370.25,370.0,370.0207,3559.0
2025-10-29 12:45:00,370.15,370.4,370.1,370.4,1716.0
2025-10-29 12:50:00,370.4,370.5,370.09,370.2,7157.0
2025-10-29 12:55:00,370.34,370.35,370.08,370.16,4782.0
2025-10-29 13:00:00,370.23,370.23,369.4,369.4,12525.0
2025-10-29 13:05:00,369.38,369.72,369.38,369.47,6077.0
2025-10-29 13:10:00,369.56,369.82,368.98,369.17,26376.0
2025-10-29 13:15:00,369.18,369.69,369.17,369.5161,12060.0
2025-10-29 13:20:00,369.56,369.6,369.4107,369.6,11306.0
2025-10-29 13:25:00,369.7,369.75,369.54,369.75,12615.0
2025-10-29 13:30:00,369.65,369.78,368.7864,368.94,630526.0
2025-10-29 13:35:00,368.95,369.15,368.35,368.5725,632766.0
2025-10-29 13:40:00,368.6,368.83,368.2,368.66,260771.0
2025-10-29 13:45:00,368.62,368.83,368.24,368.615,217700.0
2025-10-29 13:50:00,368.65,369.1,368.31,368.9632,252950.0
2025-10-29 13:55:00,368.96,369.3,368.85,369.21,206532.0
2025-10-29 14:00:00,369.17,369.8593,369.11,369.64,242792.0
2025-10-29 14:05:00,369.6,370.08,369.58,369.905,329387.0
2025-10-29 14:10:00,369.8838,369.91,369.38,369.56,158488.0
2025-10-29 14:15:00,369.57,369.81,369.4726,369.665,135939.0
2025-10-29 14:20:00,369.66,369.88,369.365,369.606,108964.0
2025-10-29 14:25:00,369.6,369.73,369.49,369.54,145667.0
2025-10-29 14:30:00,369.53,369.96,369.51,369.585,97744.0
2025-10-29 14:35:00,369.61,369.8,369.0804,369.2775,102027.0
2025-10-29 14:40:00,369.31,369.31,368.86,368.95,138637.0
2025-10-29 14:45:00,368.95,369.36,368.7,369.36,128492.0
2025-10-29 14:50:00,369.35,369.42,368.99,369.165,79475.0
2025-10-29 14:55:00,369.19,369.2,368.74,368.84,128225.0
2025-10-29 15:00:00,368.79,369.0,368.45,368.76,172384.0
2025-10-29 15:05:00,368.82,369.015,368.59,368.95,83523.0
2025-10-29 15:10:00,369.0,369.12,368.67,368.885,61843.0
2025-10-29 15:15:00,368.92,368.94,368.48,368.718,69446.0
2025-10-29 15:20:00,368.75,368.815,368.4984,368.64,77701.0
2025-10-29 15:25:00,368.71,368.9199,368.11,368.615,117996.0
2025-10-29 15:30:00,368.59,368.78,368.5,368.51,70170.0
2025-10-29 15:35:00,368.47,368.73,368.31,368.49,90019.0
2025-10-29 15:40:00,368.49,368.56,368.26,368.415,55040.0
2025-10-29 15:45:00,368.395,368.395,367.6101,367.76,140425.0
2025-10-29 15:50:00,367.73,367.745,366.99,367.295,300845.0
2025-10-29 15:55:00,367.24,367.6,367.06,367.39,64424.0
2025-10-29 16:00:00,367.33,367.5529,367.25,367.428,67873.0
2025-10-30 09:30:00,368.31,368.4,368.23,368.4,762.0
2025-10-30 09:35:00,368.25,368.5,368.25,368.4,21716.0
2025-10-30 09:40:00,368.27,368.3,368.0,368.2,9641.0
2025-10-30 09:45:00,368.04,368.04,367.5,367.5,1249.0
2025-10-30 09:50:00,367.4,367.91,367.01,367.51,31819.0
2025-10-30 09:55:00,367.66,367.9,367.4,367.88,7115.0
2025-10-30 10:00:00,367.7,367.9,367.53,367.77,6182.0
2025-10-30 10:05:00,367.88,367.88,367.61,367.61,527.0
2025-10-30 10:15:00,367.67,367.72,367.28,367.28,2473.0
2025-10-30 10:20:00,367.13,367.13,366.33,366.6,3141.0
2025-10-30 10:25:00,367.02,367.05,366.72,366.72,2415.0
2025-10-30 10:30:00,366.83,366.84,366.1,366.1,2118.0
2025-10-30 10:35:00,366.0,366.15,365.58,366.15,6197.0
2025-10-30 10:45:00,366.51,366.51,366.14,366.28,457.0
2025-10-30 10:50:00,366.3,366.5,366.3,366.5,936.0
2025-10-30 10:55:00,366.53,366.53,366.4,366.4,640.0
2025-10-30 11:00:00,366.31,366.53,366.3,366.53,3435.0
2025-10-30 11:05:00,366.21,366.32,366.1,366.1,5115.0
2025-10-30 11:10:00,366.0,366.1,365.88,366.1,3442.0
2025-10-30 11:15:00,365.72,365.72,365.37,365.37,828.0
2025-10-30 11:20:00,365.25,365.3,364.8,365.2,8577.0
2025-10-30 11:25:00,365.15,365.18,364.79,364.79,3388.0
2025-10-30 11:30:00,364.91,365.45,364.91,365.4,1666.0
2025-10-30 11:35:00,365.61,365.67,365.35,365.52,11465.0
2025-10-30 11:40:00,365.34,365.42,365.22,365.4,7287.0
2025-10-30 11:45:00,365.52,365.58,365.23,365.23,2045.0
2025-10-30 11:50:00,365.41,365.49,365.37,365.37,10919.0
2025-10-30 11:55:00,365.5,365.69,365.49,365.69,994.0
2025-10-30 12:00:00,364.8,368.79,362.28,365.92,148194.0
2025-10-30 12:05:00,365.96,366.15,365.91,366.0,15824.0
2025-10-30 12:10:00,366.08,366.3,365.6,366.3,3427.0
2025-10-30 12:15:00,366.15,366.89,366.0074,366.21,6585.0
2025-10-30 12:20:00,366.04,366.3,366.0,366.0,2195.0
2025-10-30 12:25:00,366.48,366.48,365.47,365.5729,41054.0
2025-10-30 12:30:00,365.26,365.5,364.88,365.25,30127.0
2025-10-30 12:35:00,365.56,366.03,364.9237,365.0937,19908.0
2025-10-30 12:40:00,365.72,366.0,365.47,365.83,13825.0
2025-10-30 12:45:00,366.2,366.2,364.9461,365.02,13037.0
2025-10-30 12:50:00,364.92,365.45,364.8929,365.31,10232.0
2025-10-30 12:55:00,365.36,365.8105,364.4,364.42,28924.0
2025-10-30 13:00:00,364.4277,365.5,364.31,365.5,6459.0
2025-10-30 13:05:00,365.57,365.79,365.25,365.33,7936.0
2025-10-30 13:10:00,365.66,365.71,365.5,365.54,6084.0
2025-10-30 13:15:00,365.69,365.79,365.33,365.33,10136.0
2025-10-30 13:20:00,365.71,365.71,365.273,365.67,5097.0
2025-10-30 13:25:00,365.5,365.56,365.16,365.18,6460.0
2025-10-30 13:30:00,365.09,365.99,364.87,365.1,344710.0
2025-10-30 13:35:00,365.11,365.6142,364.665,365.06,222562.0
2025-10-30 13:40:00,365.04,365.62,364.5,365.59,269559.0
2025-10-30 13:45:00,365.58,366.21,365.52,365.67,244406.0
2025-10-30 13:50:00,365.68,367.0,365.62,366.8001,256427.0
2025-10-30 13:55:00,366.87,367.5,366.8,367.49,285115.0
2025-10-30 14:00:00,367.58,368.0,367.181,367.731,229672.0
2025-10-30 14:05:00,367.74,369.195,367.65,368.785,370584.0
2025-10-30 14:10:00,368.8,369.26,368.37,368.96,341825.0
2025-10-30 14:15:00,368.9301,369.1307,368.32,368.5301,261744.0
2025-10-30 14:20:00,368.54,368.79,367.59,368.16,254546.0
2025-10-30 14:25:00,368.21,368.24,367.51,367.73,136606.0
2025-10-30 14:30:00,367.74,368.0,367.2001,367.5,127249.0
2025-10-30 14:35:00,367.5,367.51,366.81,367.05,129650.0
2025-10-30 14:40:00,367.11,367.4,366.66,367.3,171307.0
2025-10-30 14:45:00,367.3,368.15,366.96,367.88,244953.0
2025-10-30 14:50:00,367.87,367.99,367.5,367.6,119166.0
2025-10-30 14:55:00,367.62,367.78,367.01,367.6027,55069.0
2025-10-30 15:00:00,367.58,367.91,367.07,367.48,139371.0
2025-10-30 15:05:00,367.56,367.6,366.85,367.57,118527.0
2025-10-30 15:10:00,367.59,368.3,367.59,367.95,136617.0
2025-10-30 15:15:00,367.91,368.16,367.74,368.04,75740.0
2025-10-30 15:20:00,368.005,368.02,367.61,367.627,84640.0
2025-10-30 15:25:00,367.64,367.94,367.475,367.785,85489.0
2025-10-30 15:30:00,367.78,368.1799,367.74,368.12,62990.0
2025-10-30 15:35:00,368.1,368.28,367.8,368.04,42039.0
2025-10-30 15:40:00,368.0439,368.4299,367.85,368.4,82774.0
2025-10-30 15:45:00,368.39,368.76,368.1301,368.47,168305.0
2025-10-30 15:50:00,368.46,368.51,368.31,368.384,1104659.0
2025-10-30 15:55:00,368.43,368.6216,367.99,368.08,66495.0
2025-10-30 16:00:00,368.06,368.3,367.49,367.6625,687102.0
2025-10-31 09:30:00,367.92,368.98,367.92,368.98,537.0
2025-10-31 09:35:00,368.51,368.51,368.5,368.5,460.0
2025-10-31 09:40:00,368.28,368.28,368.28,368.28,223.0
2025-10-31 09:45:00,368.37,368.37,368.37,368.37,412.0
2025-10-31 09:50:00,368.01,368.3,368.01,368.3,1890.0
2025-10-31 09:55:00,368.42,368.76,368.42,368.76,1875.0
2025-10-31 10:00:00,368.87,368.87,368.87,368.87,284.0
2025-10-31 10:10:00,369.93,369.93,369.79,369.79,734.0
2025-10-31 10:15:00,369.3,369.3,369.3,369.3,121.0
2025-10-31 10:20:00,369.58,369.58,369.58,369.58,208.0
2025-10-31 10:25:00,369.13,369.13,369.13,369.13,251.0
2025-10-31 10:30:00,369.14,369.24,369.14,369.24,301.0
2025-10-31 10:35:00,369.01,369.01,369.01,369.01,359.0
2025-10-31 10:40:00,369.32,369.32,368.99,368.99,416.0
2025-10-31 10:45:00,368.91,368.91,368.2,368.51,24595.0
2025-10-31 10:50:00,368.54,368.61,368.42,368.61,19436.0
2025-10-31 10:55:00,368.36,368.61,368.32,368.61,1556.0
2025-10-31 11:00:00,368.67,368.72,368.55,368.55,4736.0
2025-10-31 11:05:00,368.74,368.75,368.4,368.4,2048.0
2025-10-31 11:10:00,368.44,368.44,368.44,368.44,276.0
2025-10-31 11:15:00,368.54,368.58,368.49,368.49,2788.0
2025-10-31 11:20:00,368.23,368.23,368.11,368.11,713.0
2025-10-31 11:25:00,368.44,368.62,368.44,368.62,1325.0
2025-10-31 11:30:00,368.49,368.59,368.32,368.32,1702.0
2025-10-31 11:35:00,368.16,368.16,368.16,368.16,235.0
2025-10-31 11:40:00,368.69,368.69,368.67,368.67,3238.0
2025-10-31 11:45:00,368.8,368.8,368.63,368.63,1292.0
2025-10-31 11:50:00,368.88,368.88,368.88,368.88,290.0
2025-10-31 11:55:00,368.83,368.83,368.83,368.83,277.0
2025-10-31 12:00:00,368.2056,370.5,367.14,368.89,61468.0
2025-10-31 12:05:00,368.81,368.99,368.81,368.81,1554.0
2025-10-31 12:10:00,369.0,369.2883,369.0,369.11,4134.0
2025-10-31 12:15:00,369.15,369.3997,369.15,369.3997,7003.0
2025-10-31 12:20:00,369.16,370.19,369.16,370.19,5078.0
2025-10-31 12:25:00,370.13,370.13,370.0,370.0,10055.0
2025-10-31 12:30:00,369.75,369.75,369.2,369.7,2742.0
2025-10-31 12:35:00,369.58,370.64,369.4744,370.4,13481.0
2025-10-31 12:40:00,370.52,371.0,370.4,370.7,18982.0
2025-10-31 12:45:00,370.61,371.26,370.6,370.9,13636.0
2025-10-31 12:50:00,370.99,370.99,370.01,370.24,25680.0
2025-10-31 12:55:00,370.26,370.26,369.8314,370.07,3213.0
2025-10-31 13:00:00,370.04,370.47,370.04,370.4,4831.0
2025-10-31 13:05:00,370.43,370.69,370.31,370.63,6805.0
2025-10-31 13:10:00,370.85,371.1,370.69,370.86,6736.0
2025-10-31 13:15:00,370.83,370.84,370.65,370.65,4390.0
2025-10-31 13:20:00,370.61,370.73,370.46,370.73,3065.0
2025-10-31 13:25:00,370.73,370.88,370.4,370.4,9379.0
2025-10-31 13:30:00,370.47,370.6625,369.74,369.96,351906.0
2025-10-31 13:35:00,370.03,370.23,369.46,369.77,181562.0
2025-10-31 13:40:00,369.79,369.84,369.16,369.45,254400.0
2025-10-31 13:45:00,369.45,370.1,369.42,369.77,187210.0
2025-10-31 13:50:00,369.82,369.9,368.93,369.38,135595.0
2025-10-31 13:55:00,369.3251,369.68,369.0901,369.55,142225.0
2025-10-31 14:00:00,369.6,370.52,369.52,370.42,160794.0
2025-10-31 14:05:00,370.41,370.5,369.93,369.93,127508.0
2025-10-31 14:10:00,369.91,370.29,369.68,369.8,117540.0
2025-10-31 14:15:00,369.75,370.325,369.73,370.325,63649.0
2025-10-31 14:20:00,370.31,370.3935,369.73,370.22,90371.0
2025-10-31 14:25:00,370.2,370.22,369.34,369.41,127488.0
2025-10-31 14:30:00,369.32,369.96,369.2,369.89,99849.0
2025-10-31 14:35:00,369.92,369.98,369.32,369.4187,868695.0
2025-10-31 14:40:00,369.46,369.62,369.33,369.57,45461.0
2025-10-31 14:45:00,369.5419,369.5419,369.06,369.25,49769.0
2025-10-31 14:50:00,369.28,369.75,368.97,369.75,56125.0
2025-10-31 14:55:00,369.793,370.06,369.63,369.91,74167.0
2025-10-31 15:00:00,369.895,369.895,368.81,369.3,216649.0
2025-10-31 15:05:00,369.27,369.38,368.88,369.145,105840.0
2025-10-31 15:10:00,369.13,369.5717,368.92,369.5717,113880.0
2025-10-31 15:15:00,369.62,369.75,369.34,369.44,127548.0
2025-10-31 15:20:00,369.435,369.6328,369.33,369.6,57362.0
2025-10-31 15:25:00,369.65,369.71,369.33,369.64,95569.0
2025-10-31 15:30:00,369.6138,369.95,369.48,369.9302,61976.0
2025-10-31 15:35:00,369.96,370.0824,369.715,369.79,64889.0
2025-10-31 15:40:00,369.82,370.04,369.6,369.87,131627.0
2025-10-31 15:45:00,369.92,369.93,369.2,369.54,173863.0
2025-10-31 15:50:00,369.52,370.04,369.495,370.01,129462.0
2025-10-31 15:55:00,369.89,369.91,369.0204,369.18,180311.0
2025-10-31 16:00:00,369.18,369.42,368.46,368.49,153982.0
