timestamp,Open,High,Low,Close,Volume
2025-05-06 09:30:00,196.89,197.04,196.89,196.97,3506.0
2025-05-06 09:35:00,196.98,196.98,196.98,196.98,167.0
2025-05-06 09:45:00,196.81,196.9,196.79,196.9,10775.0
2025-05-06 09:50:00,197.02,197.09,197.02,197.09,758.0
2025-05-06 09:55:00,197.1,197.14,197.06,197.14,1108.0
2025-05-06 10:00:00,197.11,197.13,197.06,197.08,3172.0
2025-05-06 10:15:00,197.23,197.23,197.19,197.23,2027.0
2025-05-06 10:20:00,197.26,197.26,197.23,197.23,426.0
2025-05-06 10:30:00,197.27,197.39,197.26,197.39,461.0
2025-05-06 10:35:00,197.44,197.51,197.44,197.51,1523.0
2025-05-06 10:40:00,197.46,197.46,197.46,197.46,1006.0
2025-05-06 10:45:00,197.37,197.44,197.37,197.44,1734.0
2025-05-06 10:50:00,197.51,197.51,197.51,197.51,323.0
2025-05-06 10:55:00,197.54,197.55,197.54,197.55,3288.0
2025-05-06 11:00:00,197.6,197.66,197.51,197.66,24513.0
2025-05-06 11:05:00,197.68,197.68,197.62,197.65,2668.0
2025-05-06 11:10:00,197.71,197.71,197.66,197.66,10397.0
2025-05-06 11:15:00,197.49,197.52,197.41,197.41,6949.0
2025-05-06 11:20:00,197.36,197.39,197.11,197.11,20473.0
2025-05-06 11:25:00,197.14,197.14,196.94,197.02,23421.0
2025-05-06 11:30:00,197.06,197.14,196.98,197.14,7738.0
2025-05-06 11:35:00,197.15,197.3,197.15,197.23,3685.0
2025-05-06 11:40:00,197.24,197.26,197.14,197.22,2122.0
2025-05-06 11:45:00,197.21,197.22,197.16,197.16,1882.0
2025-05-06 11:50:00,197.0,197.0,196.8,196.87,40607.0
2025-05-06 11:55:00,196.9,196.96,196.85,196.96,16378.0
2025-05-06 12:00:00,197.27,198.6,196.8396,197.2,25545.0
2025-05-06 12:05:00,197.19,197.23,197.14,197.15,8063.0
2025-05-06 12:10:00,197.25,197.25,197.07,197.21,2916.0
2025-05-06 12:15:00,197.25,197.25,197.16,197.21,8456.0
2025-05-06 12:20:00,197.15,197.19,197.15,197.18,1480.0
2025-05-06 12:25:00,197.14,197.14,197.0,197.06,16999.0
2025-05-06 12:30:00,197.05,197.05,196.79,196.8,14682.0
2025-05-06 12:35:00,196.8,196.8499,196.75,196.8,39920.0
2025-05-06 12:40:00,196.8,196.93,196.75,196.88,6252.0
2025-05-06 12:45:00,196.78,197.0,196.77,197.0,5740.0
2025-05-06 12:50:00,196.99,197.14,196.96,197.13,5056.0
2025-05-06 12:55:00,197.16,197.24,197.16,197.23,11344.0
2025-05-06 13:00:00,197.24,197.24,197.09,197.1,18931.0
2025-05-06 13:05:00,197.11,197.11,197.0,197.05,17457.0
2025-05-06 13:10:00,197.01,197.01,196.9,196.95,12716.0
2025-05-06 13:15:00,196.94,196.98,196.81,196.89,8226.0
2025-05-06 13:20:00,196.89,196.89,196.67,196.67,20619.0
2025-05-06 13:25:00,196.7,196.7,196.48,196.57,22920.0
2025-05-06 13:30:00,196.59,197.37,196.38,197.36,1100170.0
2025-05-06 13:35:00,197.36,197.57,197.215,197.4,566732.0
2025-05-06 13:40:00,197.39,197.41,196.72,196.77,557629.0
2025-05-06 13:45:00,196.78,197.02,195.98,196.05,632906.0
2025-05-06 13:50:00,196.05,196.12,195.64,196.11,555355.0
2025-05-06 13:55:00,196.12,196.46,196.08,196.34,466198.0
2025-05-06 14:00:00,196.37,196.79,196.32,196.55,243175.0
2025-05-06 14:05:00,196.58,196.81,196.37,196.78,251424.0
2025-05-06 14:10:00,196.79,197.2,196.69,197.02,224276.0
2025-05-06 14:15:00,197.03,197.42,197.005,197.35,515140.0
2025-05-06 14:20:00,197.35,197.94,197.35,197.82,662064.0
2025-05-06 14:25:00,197.83,197.9599,197.65,197.93,248597.0
2025-05-06 14:30:00,197.92,197.96,197.75,197.86,178757.0
2025-05-06 14:35:00,197.87,197.99,197.7,197.8358,231799.0
2025-05-06 14:40:00,197.86,197.9043,197.75,197.81,91491.0
2025-05-06 14:45:00,197.8,198.01,197.78,197.85,167146.0
2025-05-06 14:50:00,197.85,197.85,197.475,197.475,228850.0
2025-05-06 14:55:00,197.47,197.72,197.42,197.657,178188.0
2025-05-06 15:00:00,197.64,197.91,197.64,197.75,129539.0
2025-05-06 15:05:00,197.73,197.85,197.585,197.615,82682.0
2025-05-06 15:10:00,197.6301,197.89,197.56,197.885,121403.0
2025-05-06 15:15:00,197.89,197.93,197.6901,197.92,155724.0
2025-05-06 15:20:00,197.93,198.19,197.91,198.13,94557.0
2025-05-06 15:25:00,198.105,198.27,198.0,198.24,378484.0
2025-05-06 15:30:00,198.25,198.255,197.94,198.21,69644.0
2025-05-06 15:35:00,198.215,198.26,198.13,198.26,87880.0
2025-05-06 15:40:00,198.25,198.27,197.79,197.82,196528.0
2025-05-06 15:45:00,197.85,198.0201,197.77,197.97,54598.0
2025-05-06 15:50:00,197.9801,197.985,197.665,197.72,136440.0
2025-05-06 15:55:00,197.72,197.8,197.68,197.72,75385.0
2025-05-06 16:00:00,197.715,198.05,197.71,197.995,67577.0
2025-05-07 09:30:00,198.57,198.57,198.57,198.57,709.0
2025-05-07 09:50:00,198.77,198.77,198.74,198.74,290.0
2025-05-07 09:55:00,198.69,198.72,198.64,198.64,547.0
2025-05-07 10:00:00,198.63,198.64,198.56,198.57,1779.0
2025-05-07 10:10:00,198.75,198.75,198.75,198.75,1020.0
2025-05-07 10:15:00,198.79,198.79,198.76,198.77,1356.0
2025-05-07 10:25:00,198.78,198.78,198.78,198.78,204.0
2025-05-07 10:35:00,198.72,198.72,198.72,198.72,140.0
2025-05-07 10:40:00,198.74,198.85,198.74,198.85,1067.0
2025-05-07 10:50:00,198.89,198.9,198.81,198.89,2055.0
2025-05-07 10:55:00,198.82,198.82,198.82,198.82,260.0
2025-05-07 11:00:00,198.85,198.93,198.76,198.87,12426.0
2025-05-07 11:05:00,198.86,198.87,198.81,198.85,9168.0
2025-05-07 11:10:00,198.82,198.82,198.81,198.81,1203.0
2025-05-07 11:15:00,198.86,198.88,198.8,198.84,954.0
2025-05-07 11:20:00,198.88,198.88,198.79,198.84,2003.0
2025-05-07 11:25:00,198.67,198.69,198.66,198.66,5368.0
2025-05-07 11:30:00,198.65,198.65,198.64,198.64,1183.0
2025-05-07 11:35:00,198.61,198.61,198.6,198.6,378.0
2025-05-07 11:40:00,198.5,198.5,198.35,198.35,7349.0
2025-05-07 11:45:00,198.33,198.5,198.33,198.39,6525.0
2025-05-07 11:50:00,198.53,198.53,198.51,198.51,1245.0
2025-05-07 11:55:00,198.58,198.6,198.56,198.56,3495.0
2025-05-07 12:00:00,198.53,198.8999,197.98,198.66,26351.0
2025-05-07 12:05:00,198.59,198.59,198.37,198.38,14580.0
2025-05-07 12:10:00,198.39,198.42,198.26,198.31,19076.0
2025-05-07 12:15:00,198.32,198.52,198.32,198.52,6153.0
2025-05-07 12:20:00,198.54,198.55,198.45,198.47,18036.0
2025-05-07 12:25:00,198.45,198.45,198.24,198.29,20845.0
2025-05-07 12:30:00,198.29,198.42,198.27,198.3199,5926.0
2025-05-07 12:35:00,198.25,198.36,198.23,198.36,11633.0
2025-05-07 12:40:00,198.41,198.56,198.38,198.56,11219.0
2025-05-07 12:45:00,198.52,198.54,198.4,198.44,14261.0
2025-05-07 12:50:00,198.47,198.53,198.47,198.47,3588.0
2025-05-07 12:55:00,198.45,198.45,198.23,198.26,6756.0
2025-05-07 13:00:00,198.23,198.23,198.09,198.14,11230.0
2025-05-07 13:05:00,198.17,198.17,198.01,198.07,15952.0
2025-05-07 13:10:00,198.08,198.1093,197.93,197.99,4862.0
2025-05-07 13:15:00,197.99,198.13,197.96,198.02,5526.0
2025-05-07 13:20:00,198.0,198.16,198.0,198.1,7392.0
2025-05-07 13:25:00,198.11,198.11,197.96,198.1,6076.0
2025-05-07 13:30:00,198.1,198.35,197.59,197.75,569448.0
2025-05-07 13:35:00,197.71,197.93,197.52,197.86,572312.0
2025-05-07 13:40:00,197.87,198.55,197.77,198.4768,368382.0
2025-05-07 13:45:00,198.452,198.46,197.72,197.78,457369.0
2025-05-07 13:50:00,197.76,198.19,197.67,198.01,367171.0
2025-05-07 13:55:00,198.01,198.32,197.98,198.15,149718.0
2025-05-07 14:00:00,198.16,198.22,198.015,198.07,95527.0
2025-05-07 14:05:00,198.08,198.16,197.85,197.88,123233.0
2025-05-07 14:10:00,197.88,197.9,197.455,197.51,214573.0
2025-05-07 14:15:00,197.52,197.58,197.385,197.485,209678.0
2025-05-07 14:20:00,197.48,197.63,197.24,197.45,234958.0
2025-05-07 14:25:00,197.44,197.665,197.245,197.61,247149.0
2025-05-07 14:30:00,197.62,197.79,197.59,197.66,96732.0
2025-05-07 14:35:00,197.68,197.8,197.62,197.775,160176.0
2025-05-07 14:40:00,197.78,197.82,197.64,197.815,46516.0
2025-05-07 14:45:00,197.8,197.96,197.7603,197.81,116704.0
2025-05-07 14:50:00,197.8,197.84,197.21,197.27,247602.0
2025-05-07 14:55:00,197.25,197.29,197.085,197.21,205164.0
2025-05-07 15:00:00,197.19,197.24,196.905,197.18,210679.0
2025-05-07 15:05:00,197.19,197.4,197.06,197.3201,355988.0
2025-05-07 15:10:00,197.3,197.39,197.02,197.09,87824.0
2025-05-07 15:15:00,197.12,197.49,197.09,197.41,135942.0
2025-05-07 15:20:00,197.42,197.615,197.26,197.55,146656.0
2025-05-07 15:25:00,197.56,197.6,197.41,197.565,59293.0
2025-05-07 15:30:00,197.54,197.725,197.48,197.5901,93069.0
2025-05-07 15:35:00,197.615,197.825,197.48,197.74,82474.0
2025-05-07 15:40:00,197.76,197.99,197.72,197.9648,123454.0
2025-05-07 15:45:00,197.97,198.005,197.54,197.57,191295.0
2025-05-07 15:50:00,197.54,197.7107,197.44,197.65,188119.0
2025-05-07 15:55:00,197.69,197.86,197.67,197.755,63323.0
2025-05-07 16:00:00,197.75,197.82,197.69,197.79,53098.0
2025-05-08 09:30:00,200.03,200.08,200.03,200.08,994.0
2025-05-08 09:35:00,200.11,200.14,200.11,200.14,802.0
2025-05-08 09:40:00,200.2,200.21,200.18,200.18,2009.0
2025-05-08 09:45:00,200.23,200.25,200.2,200.25,2414.0
2025-05-08 09:50:00,200.3,200.3,200.3,200.3,125.0
2025-05-08 09:55:00,200.19,200.21,200.18,200.21,326.0
2025-05-08 10:00:00,200.13,200.18,200.13,200.18,860.0
2025-05-08 10:05:00,200.26,200.27,200.26,200.27,1338.0
2025-05-08 10:15:00,200.25,200.34,200.25,200.34,3875.0
2025-05-08 10:20:00,200.33,200.35,200.32,200.35,845.0
2025-05-08 10:25:00,200.41,200.41,200.41,200.41,200.0
2025-05-08 10:30:00,200.42,200.42,200.31,200.31,2217.0
2025-05-08 10:35:00,200.37,200.38,200.3,200.31,5112.0
2025-05-08 10:40:00,200.38,200.43,200.38,200.4,15486.0
2025-05-08 10:45:00,200.44,200.44,200.44,200.44,243.0
2025-05-08 10:50:00,200.49,200.49,200.43,200.43,1574.0
2025-05-08 10:55:00,200.5,200.62,200.5,200.53,41638.0
2025-05-08 11:00:00,200.53,200.58,200.34,200.37,11661.0
2025-05-08 11:05:00,200.44,200.45,200.4,200.41,1134.0
2025-05-08 11:10:00,200.35,200.35,200.25,200.33,2238.0
2025-05-08 11:15:00,200.3,200.3,200.22,200.22,1651.0
2025-05-08 11:20:00,200.22,200.22,200.14,200.14,11075.0
2025-05-08 11:25:00,200.16,200.18,200.14,200.14,2661.0
2025-05-08 11:30:00,200.18,200.18,200.15,200.15,322.0
2025-05-08 11:35:00,200.16,200.28,200.11,200.11,9051.0
2025-05-08 11:40:00,200.18,200.24,199.98,199.98,1923.0
2025-05-08 11:45:00,200.0,200.0,199.9,200.0,3235.0
2025-05-08 11:50:00,200.02,200.08,200.02,200.04,1779.0
2025-05-08 11:55:00,200.13,200.21,200.06,200.06,14451.0
2025-05-08 12:00:00,200.25,200.521,198.83,200.28,29853.0
2025-05-08 12:05:00,200.28,200.31,200.17,200.17,5610.0
2025-05-08 12:10:00,200.17,200.21,199.93,199.93,3269.0
2025-05-08 12:15:00,199.95,200.0,199.93,199.96,7068.0
2025-05-08 12:20:00,200.05,200.11,200.0,200.03,4103.0
2025-05-08 12:25:00,199.98,200.02,199.86,199.94,48801.0
2025-05-08 12:30:00,200.02,200.12,200.02,200.03,6623.0
2025-05-08 12:35:00,200.04,200.05,199.29,199.42,67705.0
2025-05-08 12:40:00,199.39,199.55,199.33,199.47,43958.0
2025-05-08 12:45:00,199.52,199.82,199.49,199.81,19821.0
2025-05-08 12:50:00,199.79,199.84,199.66,199.66,72037.0
2025-05-08 12:55:00,199.67,199.75,199.67,199.75,5478.0
2025-05-08 13:00:00,199.75,199.8299,199.71,199.81,9951.0
2025-05-08 13:05:00,199.8,199.8699,199.72,199.73,4696.0
2025-05-08 13:10:00,199.64,199.65,199.53,199.55,23737.0
2025-05-08 13:15:00,199.57,199.64,199.49,199.64,12747.0
2025-05-08 13:20:00,199.65,199.85,199.65,199.8,57014.0
2025-05-08 13:25:00,199.81,199.83,199.66,199.74,113283.0
2025-05-08 13:30:00,199.77,200.02,199.3,199.42,625668.0
2025-05-08 13:35:00,199.38,199.55,199.08,199.19,384115.0
2025-05-08 13:40:00,199.2,199.28,199.01,199.18,195810.0
2025-05-08 13:45:00,199.1925,199.23,198.83,198.87,340465.0
2025-05-08 13:50:00,198.87,199.07,198.82,199.01,269118.0
2025-05-08 13:55:00,199.0,199.27,198.925,199.08,232187.0
2025-05-08 14:00:00,199.09,199.465,198.97,199.33,221245.0
2025-05-08 14:05:00,199.3309,199.395,198.95,199.08,174548.0
2025-05-08 14:10:00,199.08,199.13,198.65,198.75,399255.0
2025-05-08 14:15:00,198.76,198.97,198.65,198.85,330834.0
2025-05-08 14:20:00,198.85,199.22,198.78,199.15,267024.0
2025-05-08 14:25:00,199.14,199.57,199.11,199.48,1245865.0
2025-05-08 14:30:00,199.5,199.88,199.48,199.71,332169.0
2025-05-08 14:35:00,199.695,199.79,199.3,199.31,391291.0
2025-05-08 14:40:00,199.29,199.38,199.0801,199.34,139678.0
2025-05-08 14:45:00,199.355,199.41,198.92,198.95,461633.0
2025-05-08 14:50:00,198.93,199.231,198.47,198.655,511943.0
2025-05-08 14:55:00,198.655,198.74,198.26,198.58,351868.0
2025-05-08 15:00:00,198.56,198.8,198.36,198.43,270731.0
2025-05-08 15:05:00,198.43,199.085,198.4,199.07,168921.0
2025-05-08 15:10:00,199.08,199.23,199.06,199.17,707851.0
2025-05-08 15:15:00,199.17,199.4401,199.15,199.435,116109.0
2025-05-08 15:20:00,199.445,200.05,199.43,200.02,514018.0
2025-05-08 15:25:00,200.03,200.73,200.03,200.415,1516964.0
2025-05-08 15:30:00,200.43,200.84,200.15,200.84,478833.0
2025-05-08 15:35:00,200.83,200.91,200.54,200.9,493640.0
2025-05-08 15:40:00,200.88,201.66,200.85,201.64,948683.0
2025-05-08 15:45:00,201.66,202.06,201.59,202.0207,1110235.0
2025-05-08 15:50:00,202.0099,202.1038,201.65,201.89,1295933.0
2025-05-08 15:55:00,201.88,201.91,201.53,201.6,340565.0
2025-05-08 16:00:00,201.59,201.81,201.56,201.65,221157.0
2025-05-09 09:30:00,200.68,200.68,200.68,200.68,327.0
2025-05-09 09:35:00,200.85,200.85,200.83,200.85,2507.0
2025-05-09 09:40:00,200.9,200.9,200.9,200.9,10019.0
2025-05-09 09:45:00,200.93,200.93,200.86,200.86,1209.0
2025-05-09 09:50:00,200.93,200.93,200.87,200.87,1036.0
2025-05-09 09:55:00,200.94,201.02,200.94,201.01,1343.0
2025-05-09 10:00:00,200.99,201.1,200.99,201.05,1724.0
2025-05-09 10:05:00,201.1,201.12,201.1,201.12,2736.0
2025-05-09 10:10:00,201.21,201.24,201.21,201.24,251.0
2025-05-09 10:15:00,201.25,201.25,201.22,201.22,1791.0
2025-05-09 10:20:00,201.34,201.34,201.25,201.25,4300.0
2025-05-09 10:25:00,201.3,201.3,201.3,201.3,986.0
2025-05-09 10:30:00,201.36,201.64,201.36,201.64,4966.0
2025-05-09 10:35:00,201.57,201.64,201.54,201.63,2093.0
2025-05-09 10:40:00,201.63,201.65,201.62,201.65,2007.0
2025-05-09 10:50:00,201.53,201.58,201.51,201.58,1360.0
2025-05-09 10:55:00,201.55,201.55,201.4,201.41,480.0
2025-05-09 11:00:00,201.4,201.4,201.3,201.32,3465.0
2025-05-09 11:05:00,201.32,201.5,201.32,201.44,1612.0
2025-05-09 11:10:00,201.54,201.57,201.54,201.56,1103.0
2025-05-09 11:15:00,201.58,201.65,201.56,201.61,1003.0
2025-05-09 11:20:00,201.56,201.58,201.53,201.55,1082.0
2025-05-09 11:25:00,201.51,202.11,200.53,201.08,45506.0
2025-05-09 11:30:00,201.09,201.28,200.97,201.15,12592.0
2025-05-09 11:35:00,201.18,201.21,200.82,201.05,45074.0
2025-05-09 11:40:00,201.05,201.35,201.0,201.335,52242.0
2025-05-09 11:45:00,201.4,201.69,201.4,201.66,8218.0
2025-05-09 11:50:00,201.62,201.65,201.44,201.5,9469.0
2025-05-09 11:55:00,201.5,201.59,201.49,201.49,11137.0
2025-05-09 12:00:00,201.53,201.67,200.78,201.67,23274.0
2025-05-09 12:05:00,201.75,201.86,201.74,201.82,7774.0
2025-05-09 12:10:00,201.77,201.77,201.43,201.48,6602.0
2025-05-09 12:15:00,201.51,201.53,201.41,201.5,6199.0
2025-05-09 12:20:00,201.49,201.53,201.41,201.49,2216.0
2025-05-09 12:25:00,201.48,201.48,201.4,201.4,2179.0
2025-05-09 12:30:00,201.48,201.59,201.44,201.59,2225.0
2025-05-09 12:35:00,201.61,201.74,201.59,201.74,7356.0
2025-05-09 12:40:00,201.74,201.98,201.73,201.73,29812.0
2025-05-09 12:45:00,201.74,201.83,201.71,201.77,16999.0
2025-05-09 12:50:00,201.67,201.69,201.611,201.611,7687.0
2025-05-09 12:55:00,201.66,201.669,201.56,201.579,5324.0
2025-05-09 13:00:00,201.68,201.94,201.68,201.92,14062.0
2025-05-09 13:05:00,201.93,201.93,201.59,201.64,6848.0
2025-05-09 13:10:00,201.65,201.65,201.44,201.44,5692.0
2025-05-09 13:15:00,201.44,201.52,201.38,201.42,4681.0
2025-05-09 13:20:00,201.42,201.42,201.31,201.35,8283.0
2025-05-09 13:25:00,201.35,201.54,201.26,201.54,18647.0
2025-05-09 13:30:00,201.54,202.0,201.48,201.98,679563.0
2025-05-09 13:35:00,201.97,202.21,201.89,201.98,345085.0
2025-05-09 13:40:00,202.0,202.28,201.8,201.87,421685.0
2025-05-09 13:45:00,201.865,202.23,201.7699,201.8499,245595.0
2025-05-09 13:50:00,201.84,202.04,201.64,202.03,338094.0
2025-05-09 13:55:00,201.98,202.14,201.91,202.1,167186.0
2025-05-09 14:00:00,202.08,202.21,201.99,202.17,143873.0
2025-05-09 14:05:00,202.16,202.27,201.92,202.23,155794.0
2025-05-09 14:10:00,202.22,202.25,201.72,201.87,137425.0
2025-05-09 14:15:00,201.86,202.0,201.61,201.61,233253.0
2025-05-09 14:20:00,201.63,201.77,201.43,201.44,237484.0
2025-05-09 14:25:00,201.44,201.49,200.81,200.915,282725.0
2025-05-09 14:30:00,200.91,201.24,200.87,200.965,307591.0
2025-05-09 14:35:00,200.955,200.97,200.36,200.57,337761.0
2025-05-09 14:40:00,200.56,200.95,200.4,200.93,330576.0
2025-05-09 14:45:00,200.935,201.13,200.81,201.0802,313920.0
2025-05-09 14:50:00,201.08,201.3,200.78,200.94,183736.0
2025-05-09 14:55:00,200.95,201.225,200.92,201.12,101114.0
2025-05-09 15:00:00,201.12,201.17,200.99,201.105,134234.0
2025-05-09 15:05:00,201.11,201.33,201.08,201.305,113784.0
2025-05-09 15:10:00,201.29,201.29,200.88,200.95,82438.0
2025-05-09 15:15:00,200.94,201.12,200.8,200.93,144120.0
2025-05-09 15:20:00,200.925,200.95,200.62,200.68,370575.0
2025-05-09 15:25:00,200.6699,200.83,200.535,200.75,245683.0
2025-05-09 15:30:00,200.75,200.81,200.535,200.79,250341.0
2025-05-09 15:35:00,200.8,200.94,200.68,200.7476,112377.0
2025-05-09 15:40:00,200.72,200.72,200.52,200.68,115083.0
2025-05-09 15:45:00,200.67,200.72,200.45,200.65,316135.0
2025-05-09 15:50:00,200.67,200.97,200.62,200.76,258672.0
2025-05-09 15:55:00,200.71,200.83,200.66,200.73,120161.0
2025-05-09 16:00:00,200.72,200.75,200.26,200.2647,142832.0
2025-05-12 09:30:00,208.68,209.22,208.66,209.22,14070.0
2025-05-12 09:35:00,209.23,209.4,209.11,209.13,11059.0
2025-05-12 09:40:00,209.07,209.15,208.98,209.05,6533.0
2025-05-12 09:45:00,209.07,209.28,209.07,209.27,14806.0
2025-05-12 09:50:00,209.28,209.54,209.28,209.43,6677.0
2025-05-12 09:55:00,209.42,209.73,209.4,209.55,32097.0
2025-05-12 10:00:00,209.66,209.69,209.29,209.33,10493.0
2025-05-12 10:05:00,209.44,209.59,209.39,209.4,3329.0
2025-05-12 10:10:00,209.28,209.82,209.24,209.75,33748.0
2025-05-12 10:15:00,209.83,210.04,209.8,209.87,8400.0
2025-05-12 10:20:00,209.89,209.94,209.66,209.94,47578.0
2025-05-12 10:25:00,209.88,210.03,209.88,209.93,19104.0
2025-05-12 10:30:00,209.96,210.63,209.85,210.63,74318.0
2025-05-12 10:35:00,210.58,210.58,210.17,210.26,54111.0
2025-05-12 10:40:00,210.26,210.4,210.25,210.3,31688.0
2025-05-12 10:45:00,210.33,210.68,210.23,210.59,99029.0
2025-05-12 10:50:00,210.59,210.87,210.56,210.78,152871.0
2025-05-12 10:55:00,210.8,211.06,210.6,211.04,95196.0
2025-05-12 11:00:00,211.03,211.05,210.4,210.7,51061.0
2025-05-12 11:05:00,210.68,210.79,210.57,210.65,41038.0
2025-05-12 11:10:00,210.68,210.69,210.2,210.29,26682.0
2025-05-12 11:15:00,210.32,210.6,210.279,210.42,9341.0
2025-05-12 11:20:00,210.37,210.58,210.25,210.58,8236.0
2025-05-12 11:25:00,210.67,210.88,210.64,210.81,8746.0
2025-05-12 11:30:00,210.71,210.88,210.63,210.75,69175.0
2025-05-12 11:35:00,210.73,211.0,210.66,210.95,102952.0
2025-05-12 11:40:00,210.97,210.97,210.38,210.38,51071.0
2025-05-12 11:45:00,210.3,210.33,209.94,210.05,27011.0
2025-05-12 11:50:00,210.06,210.14,209.7,209.8,63123.0
2025-05-12 11:55:00,209.83,209.9,209.69,209.76,75744.0
2025-05-12 12:00:00,210.63,211.81,204.66,210.05,357034.0
2025-05-12 12:05:00,209.98,209.98,209.76,209.83,81160.0
2025-05-12 12:10:00,209.83,210.11,209.82,210.11,45444.0
2025-05-12 12:15:00,210.09,210.23,210.01,210.19,40043.0
2025-05-12 12:20:00,210.18,210.3,210.12,210.29,20714.0
2025-05-12 12:25:00,210.23,210.23,210.09,210.1101,27446.0
2025-05-12 12:30:00,210.16,210.24,210.05,210.11,67605.0
2025-05-12 12:35:00,210.12,210.13,209.81,209.81,26077.0
2025-05-12 12:40:00,209.8,209.82,209.5308,209.58,33221.0
2025-05-12 12:45:00,209.55,209.55,209.44,209.5,26511.0
2025-05-12 12:50:00,209.5,209.58,209.41,209.46,50552.0
2025-05-12 12:55:00,209.48,209.49,209.12,209.2,92040.0
2025-05-12 13:00:00,209.22,209.47,209.19,209.2,62704.0
2025-05-12 13:05:00,209.22,209.22,208.94,208.96,90796.0
2025-05-12 13:10:00,208.96,209.39,208.96,209.28,39280.0
2025-05-12 13:15:00,209.27,209.46,209.25,209.3,23590.0
2025-05-12 13:20:00,209.3,209.58,209.29,209.4,17204.0
2025-05-12 13:25:00,209.44,209.57,208.78,208.85,83302.0
2025-05-12 13:30:00,208.84,209.73,208.24,209.2512,2339989.0
2025-05-12 13:35:00,209.26,209.36,208.63,208.92,994064.0
2025-05-12 13:40:00,208.925,209.18,208.62,208.955,944075.0
2025-05-12 13:45:00,208.91,209.0,208.53,208.63,1010218.0
2025-05-12 13:50:00,208.66,209.43,208.585,209.13,1130170.0
2025-05-12 13:55:00,209.14,209.15,208.28,208.37,700243.0
2025-05-12 14:00:00,208.43,208.86,208.3,208.4,584887.0
2025-05-12 14:05:00,208.3994,208.51,207.95,207.96,357415.0
2025-05-12 14:10:00,208.0,208.155,207.9,208.0,415295.0
2025-05-12 14:15:00,208.0,208.1,207.51,207.51,694258.0
2025-05-12 14:20:00,207.535,207.58,207.05,207.1302,262899.0
2025-05-12 14:25:00,207.155,207.155,206.175,206.31,702067.0
2025-05-12 14:30:00,206.32,206.675,205.82,206.48,783882.0
2025-05-12 14:35:00,206.49,206.98,206.31,206.96,301142.0
2025-05-12 14:40:00,206.94,207.23,206.87,207.15,524404.0
2025-05-12 14:45:00,207.1298,207.23,206.91,207.11,240223.0
2025-05-12 14:50:00,207.13,207.275,207.08,207.14,446996.0
2025-05-12 14:55:00,207.15,207.21,206.59,206.6,276282.0
2025-05-12 15:00:00,206.6,206.805,206.53,206.71,366692.0
2025-05-12 15:05:00,206.7115,206.85,206.46,206.49,155418.0
2025-05-12 15:10:00,206.5,206.79,206.44,206.6599,147418.0
2025-05-12 15:15:00,206.64,206.69,206.4,206.51,284705.0
2025-05-12 15:20:00,206.52,206.6,206.08,206.24,555006.0
2025-05-12 15:25:00,206.26,206.67,206.13,206.585,300336.0
2025-05-12 15:30:00,206.59,206.87,206.54,206.65,449038.0
2025-05-12 15:35:00,206.65,206.78,206.43,206.52,248363.0
2025-05-12 15:40:00,206.53,206.82,206.32,206.635,398842.0
2025-05-12 15:45:00,206.635,206.69,206.44,206.59,167841.0
2025-05-12 15:50:00,206.6,206.62,206.19,206.36,99560.0
2025-05-12 15:55:00,206.385,206.49,206.2,206.35,95551.0
2025-05-12 16:00:00,206.36,206.66,206.26,206.64,148327.0
2025-05-13 09:40:00,207.66,207.71,207.64,207.71,1880.0
2025-05-13 09:45:00,207.8,207.85,207.8,207.81,1924.0
2025-05-13 09:55:00,207.82,207.9,207.79,207.9,2329.0
2025-05-13 10:00:00,207.8,207.8,207.8,207.8,539.0
2025-05-13 10:05:00,207.76,207.82,207.76,207.82,1780.0
2025-05-13 10:10:00,207.95,207.95,207.95,207.95,168.0
2025-05-13 10:15:00,207.86,207.86,207.65,207.65,773.0
2025-05-13 10:20:00,207.74,207.74,207.74,207.74,102.0
2025-05-13 10:25:00,207.71,207.71,207.67,207.67,1946.0
2025-05-13 10:30:00,207.74,207.84,207.71,207.71,1946.0
2025-05-13 10:35:00,207.7,207.82,207.7,207.82,45382.0
2025-05-13 10:40:00,207.81,207.94,207.8,207.91,11022.0
2025-05-13 10:45:00,207.85,207.85,207.83,207.83,397.0
2025-05-13 10:50:00,207.8,207.92,207.8,207.92,1006.0
2025-05-13 10:55:00,207.95,208.03,207.94,207.94,1518.0
2025-05-13 11:00:00,207.81,207.831,207.751,207.756,12928.0
2025-05-13 11:05:00,207.821,207.876,207.821,207.86,15531.0
2025-05-13 11:10:00,207.96,208.07,207.96,208.0,7294.0
2025-05-13 11:15:00,208.02,208.1,208.02,208.1,447.0
2025-05-13 11:20:00,208.11,208.13,207.92,208.13,30497.0
2025-05-13 11:25:00,207.9,207.92,207.9,207.92,531.0
2025-05-13 11:30:00,207.89,207.96,207.76,207.79,3451.0
2025-05-13 11:35:00,207.83,207.98,207.83,207.98,512.0
2025-05-13 11:40:00,208.04,208.08,208.04,208.08,3939.0
2025-05-13 11:45:00,208.15,208.15,208.15,208.15,103.0
2025-05-13 11:50:00,208.17,208.17,208.17,208.17,217.0
2025-05-13 11:55:00,208.31,208.4,208.31,208.4,1529.0
2025-05-13 12:00:00,207.82,208.48,206.76,208.39,56338.0
2025-05-13 12:05:00,208.4598,208.4598,208.22,208.22,4911.0
2025-05-13 12:10:00,208.31,208.37,208.3,208.3,9140.0
2025-05-13 12:15:00,208.43,208.43,208.32,208.32,2303.0
2025-05-13 12:20:00,208.31,208.56,208.31,208.35,43221.0
2025-05-13 12:25:00,208.38,208.63,208.23,208.63,51830.0
2025-05-13 12:30:00,208.69,209.73,208.52,209.03,202200.0
2025-05-13 12:35:00,209.01,209.17,208.89,208.96,40277.0
2025-05-13 12:40:00,209.01,209.08,208.8,208.88,107883.0
2025-05-13 12:45:00,208.86,209.04,208.71,209.04,17171.0
2025-05-13 12:50:00,209.03,209.07,208.96,209.07,7360.0
2025-05-13 12:55:00,209.06,209.15,209.0,209.05,5248.0
2025-05-13 13:00:00,209.06,209.28,208.88,209.06,63433.0
2025-05-13 13:05:00,209.11,209.28,209.05,209.21,15915.0
2025-05-13 13:10:00,209.17,209.29,209.04,209.12,35908.0
2025-05-13 13:15:00,209.1,209.27,209.04,209.24,11126.0
2025-05-13 13:20:00,209.19,209.32,209.19,209.31,10389.0
2025-05-13 13:25:00,209.31,209.31,208.95,208.97,54904.0
2025-05-13 13:30:00,208.93,209.43,208.6,208.73,1251583.0
2025-05-13 13:35:00,208.77,209.115,208.64,209.0,633166.0
2025-05-13 13:40:00,209.0,209.18,208.604,208.7,588599.0
2025-05-13 13:45:00,208.7,208.9499,208.51,208.62,544177.0
2025-05-13 13:50:00,208.62,208.77,208.49,208.53,358341.0
2025-05-13 13:55:00,208.525,208.74,208.38,208.42,583058.0
2025-05-13 14:00:00,208.42,208.63,208.36,208.55,406655.0
2025-05-13 14:05:00,208.56,208.58,208.3,208.485,294729.0
2025-05-13 14:10:00,208.49,208.7,208.43,208.65,447406.0
2025-05-13 14:15:00,208.645,209.02,208.48,208.69,583855.0
2025-05-13 14:20:00,208.7,208.7174,208.33,208.48,324230.0
2025-05-13 14:25:00,208.47,208.67,208.15,208.15,252424.0
2025-05-13 14:30:00,208.17,208.41,207.96,208.36,476577.0
2025-05-13 14:35:00,208.36,208.52,208.3,208.51,231492.0
2025-05-13 14:40:00,208.54,208.575,207.965,208.03,242872.0
2025-05-13 14:45:00,208.04,208.31,207.97,208.125,319044.0
2025-05-13 14:50:00,208.13,208.58,208.105,208.4,418343.0
2025-05-13 14:55:00,208.395,208.7,208.3856,208.6,307338.0
2025-05-13 15:00:00,208.61,208.62,208.39,208.53,301360.0
2025-05-13 15:05:00,208.52,208.87,208.44,208.775,331807.0
2025-05-13 15:10:00,208.765,208.92,208.69,208.69,216192.0
2025-05-13 15:15:00,208.71,208.91,208.68,208.88,246176.0
2025-05-13 15:20:00,208.9,208.99,208.78,208.91,135719.0
2025-05-13 15:25:00,208.93,209.33,208.93,209.09,369466.0
2025-05-13 15:30:00,209.09,209.28,209.03,209.155,360565.0
2025-05-13 15:35:00,209.155,209.16,208.96,208.97,409445.0
2025-05-13 15:40:00,208.965,209.27,208.925,209.24,150272.0
2025-05-13 15:45:00,209.27,209.33,208.7984,209.04,715272.0
2025-05-13 15:50:00,209.03,209.03,208.83,208.85,143805.0
2025-05-13 15:55:00,208.85,209.11,208.85,209.04,112692.0
2025-05-13 16:00:00,209.05,209.0612,208.59,208.61,169377.0
2025-05-14 09:30:00,208.25,208.31,208.23,208.28,1935.0
2025-05-14 09:35:00,208.24,208.24,208.18,208.18,491.0
2025-05-14 09:40:00,208.21,208.21,208.13,208.14,888.0
2025-05-14 09:45:00,208.21,208.27,208.21,208.27,331.0
2025-05-14 10:00:00,208.0,208.01,208.0,208.01,3200.0
2025-05-14 10:05:00,208.01,208.01,207.95,207.95,504.0
2025-05-14 10:15:00,207.9,207.93,207.9,207.92,2825.0
2025-05-14 10:20:00,207.94,207.96,207.9,207.9,2202.0
2025-05-14 10:25:00,208.03,208.03,208.02,208.02,570.0
2025-05-14 10:30:00,208.01,208.07,208.01,208.05,1440.0
2025-05-14 10:35:00,208.02,208.02,208.02,208.02,259.0
2025-05-14 10:40:00,208.03,208.03,208.03,208.03,840.0
2025-05-14 10:45:00,207.99,208.02,207.98,207.98,977.0
2025-05-14 10:50:00,208.1,208.18,208.1,208.15,763.0
2025-05-14 10:55:00,208.16,208.16,208.09,208.09,547.0
2025-05-14 11:00:00,208.08,208.3,208.04,208.3,8540.0
2025-05-14 11:05:00,208.31,208.43,208.27,208.43,20654.0
2025-05-14 11:10:00,208.43,208.44,208.4,208.43,13109.0
2025-05-14 11:15:00,208.46,208.52,208.42,208.52,4281.0
2025-05-14 11:20:00,208.53,208.65,208.53,208.65,3653.0
2025-05-14 11:25:00,208.66,208.74,208.64,208.67,7723.0
2025-05-14 11:30:00,208.8,208.82,208.72,208.77,5100.0
2025-05-14 11:35:00,208.75,208.82,208.75,208.82,3377.0
2025-05-14 11:40:00,208.78,208.79,208.72,208.72,3239.0
2025-05-14 11:45:00,208.72,208.72,208.6,208.6,3440.0
2025-05-14 11:50:00,208.58,208.58,208.58,208.58,477.0
2025-05-14 11:55:00,208.56,208.56,208.46,208.5,2560.0
2025-05-14 12:00:00,208.44,208.77,208.02,208.25,27648.0
2025-05-14 12:05:00,208.27,208.3,208.13,208.13,16815.0
2025-05-14 12:10:00,208.1401,208.3,208.12,208.17,8857.0
2025-05-14 12:15:00,208.19,208.55,208.19,208.55,5352.0
2025-05-14 12:20:00,208.56,208.67,208.48,208.66,6604.0
2025-05-14 12:25:00,208.69,208.72,208.68,208.7,5308.0
2025-05-14 12:30:00,208.68,208.82,208.68,208.7,11347.0
2025-05-14 12:35:00,208.66,208.66,208.52,208.57,9021.0
2025-05-14 12:40:00,208.52,208.54,208.37,208.46,7505.0
2025-05-14 12:45:00,208.46,208.46,208.36,208.4,5227.0
2025-05-14 12:50:00,208.36,208.44,208.32,208.39,18699.0
2025-05-14 12:55:00,208.37,208.56,208.36,208.53,8974.0
2025-05-14 13:00:00,208.48,208.48,208.2,208.3,17117.0
2025-05-14 13:05:00,208.32,208.32,208.14,208.21,10558.0
2025-05-14 13:10:00,208.25,208.42,208.23,208.38,52655.0
2025-05-14 13:15:00,208.37,208.37,208.15,208.17,34077.0
2025-05-14 13:20:00,208.24,208.3,208.15,208.22,69373.0
2025-05-14 13:25:00,208.22,208.23,208.03,208.03,31695.0
2025-05-14 13:30:00,208.04,208.54,207.9,208.22,1130141.0
2025-05-14 13:35:00,208.22,208.42,208.09,208.26,867325.0
2025-05-14 13:40:00,208.25,208.44,207.95,207.99,581896.0
2025-05-14 13:45:00,208.01,208.1,207.41,207.665,675820.0
2025-05-14 13:50:00,207.68,207.85,207.395,207.62,802757.0
2025-05-14 13:55:00,207.61,207.61,207.17,207.45,530436.0
2025-05-14 14:00:00,207.46,207.69,207.28,207.645,432016.0
2025-05-14 14:05:00,207.65,207.75,207.39,207.51,327165.0
2025-05-14 14:10:00,207.52,207.61,207.15,207.52,318058.0
2025-05-14 14:15:00,207.51,207.53,207.18,207.39,544627.0
2025-05-14 14:20:00,207.39,207.71,207.3,207.7,254740.0
2025-05-14 14:25:00,207.67,207.755,207.55,207.565,281058.0
2025-05-14 14:30:00,207.57,207.77,207.425,207.5691,424825.0
2025-05-14 14:35:00,207.56,207.63,207.33,207.38,256950.0
2025-05-14 14:40:00,207.39,207.66,207.29,207.4548,359207.0
2025-05-14 14:45:00,207.46,207.555,207.39,207.51,354556.0
2025-05-14 14:50:00,207.52,207.62,207.415,207.58,360598.0
2025-05-14 14:55:00,207.58,207.615,207.26,207.31,278992.0
2025-05-14 15:00:00,207.31,207.34,206.605,206.68,532125.0
2025-05-14 15:05:00,206.68,206.86,206.53,206.84,490699.0
2025-05-14 15:10:00,206.83,207.035,206.76,207.0,646712.0
2025-05-14 15:15:00,207.01,207.08,206.88,206.94,359097.0
2025-05-14 15:20:00,206.93,207.39,206.91,207.375,317375.0
2025-05-14 15:25:00,207.375,207.535,207.27,207.5,209685.0
2025-05-14 15:30:00,207.49,207.58,207.32,207.56,212817.0
2025-05-14 15:35:00,207.56,207.58,207.27,207.29,208097.0
2025-05-14 15:40:00,207.29,207.405,207.21,207.2699,140228.0
2025-05-14 15:45:00,207.27,207.43,207.22,207.315,219398.0
2025-05-14 15:50:00,207.31,207.35,207.16,207.32,203572.0
2025-05-14 15:55:00,207.32,207.52,207.27,207.48,210875.0
2025-05-14 16:00:00,207.46,207.66,207.36,207.65,389667.0
2025-05-15 09:30:00,206.28,206.33,206.27,206.33,8252.0
2025-05-15 09:35:00,206.24,206.24,206.24,206.24,297.0
2025-05-15 09:40:00,206.35,206.35,206.33,206.33,442.0
2025-05-15 09:45:00,206.32,206.42,206.32,206.42,439.0
2025-05-15 09:50:00,206.42,206.5,206.42,206.47,878.0
2025-05-15 09:55:00,206.44,206.47,206.44,206.47,584.0
2025-05-15 10:05:00,206.22,206.22,206.19,206.19,1238.0
2025-05-15 10:10:00,206.18,206.18,206.05,206.09,2977.0
2025-05-15 10:25:00,206.07,206.19,206.07,206.19,947.0
2025-05-15 10:35:00,206.16,206.16,206.16,206.16,601.0
2025-05-15 10:40:00,206.25,206.25,206.22,206.22,2053.0
2025-05-15 10:45:00,206.17,206.22,206.15,206.19,1437.0
2025-05-15 10:50:00,206.28,206.35,206.27,206.35,632.0
2025-05-15 10:55:00,206.31,206.34,206.28,206.31,1945.0
2025-05-15 11:00:00,206.34,206.44,206.3,206.44,7848.0
2025-05-15 11:05:00,206.37,206.37,206.29,206.29,2788.0
2025-05-15 11:10:00,206.26,206.3,206.17,206.17,40090.0
2025-05-15 11:15:00,206.18,206.23,206.18,206.23,286.0
2025-05-15 11:20:00,206.21,206.21,206.04,206.1,57910.0
2025-05-15 11:25:00,206.11,206.23,206.11,206.23,5751.0
2025-05-15 11:30:00,206.26,206.28,206.26,206.27,1003.0
2025-05-15 11:35:00,206.4,206.4,206.32,206.34,1561.0
2025-05-15 11:40:00,206.311,206.38,206.3,206.37,3754.0
2025-05-15 11:45:00,206.41,206.44,206.33,206.41,12805.0
2025-05-15 11:50:00,206.44,206.44,206.38,206.39,3549.0
2025-05-15 11:55:00,206.45,206.6,206.45,206.59,5709.0
2025-05-15 12:00:00,206.25,206.84,206.1301,206.79,25250.0
2025-05-15 12:05:00,206.79,206.8,206.58,206.58,14857.0
2025-05-15 12:10:00,206.57,206.62,206.56,206.62,4165.0
2025-05-15 12:15:00,206.61,206.65,206.45,206.4509,8370.0
2025-05-15 12:20:00,206.41,206.47,206.35,206.37,8035.0
2025-05-15 12:25:00,206.35,206.47,206.29,206.46,38516.0
2025-05-15 12:30:00,206.47,206.96,206.31,206.96,136212.0
2025-05-15 12:35:00,206.96,206.98,206.7315,206.78,14391.0
2025-05-15 12:40:00,206.78,207.22,206.78,207.11,16450.0
2025-05-15 12:45:00,207.07,207.07,206.58,206.63,17736.0
2025-05-15 12:50:00,206.53,206.57,206.34,206.5,19718.0
2025-05-15 12:55:00,206.53,206.6,206.52,206.6,5101.0
2025-05-15 13:00:00,206.55,206.7,206.5,206.67,16910.0
2025-05-15 13:05:00,206.61,206.85,206.61,206.83,13799.0
2025-05-15 13:10:00,206.81,206.81,206.61,206.61,4562.0
2025-05-15 13:15:00,206.61,206.66,206.57,206.58,9615.0
2025-05-15 13:20:00,206.55,206.55,206.43,206.5,7240.0
2025-05-15 13:25:00,206.5,206.6,206.48,206.58,5027.0
2025-05-15 13:30:00,206.58,207.08,206.41,206.82,1068413.0
2025-05-15 13:35:00,206.83,206.97,206.45,206.495,590371.0
2025-05-15 13:40:00,206.49,206.6209,206.405,206.52,301708.0
2025-05-15 13:45:00,206.54,206.56,206.19,206.24,285464.0
2025-05-15 13:50:00,206.2399,206.39,206.04,206.21,296641.0
2025-05-15 13:55:00,206.21,206.43,206.145,206.22,258411.0
2025-05-15 14:00:00,206.25,206.53,206.19,206.43,301856.0
2025-05-15 14:05:00,206.42,206.43,206.09,206.11,262769.0
2025-05-15 14:10:00,206.11,206.14,205.84,205.92,335651.0
2025-05-15 14:15:00,205.9215,206.15,205.675,206.115,262557.0
2025-05-15 14:20:00,206.15,206.34,206.07,206.15,325814.0
2025-05-15 14:25:00,206.13,206.17,205.775,205.7901,228135.0
2025-05-15 14:30:00,205.8,205.87,205.51,205.59,365554.0
2025-05-15 14:35:00,205.59,205.7,205.39,205.67,199961.0
2025-05-15 14:40:00,205.67,205.9625,205.66,205.89,219261.0
2025-05-15 14:45:00,205.9,206.06,205.74,205.74,196649.0
2025-05-15 14:50:00,205.74,205.93,205.65,205.87,175558.0
2025-05-15 14:55:00,205.87,206.22,205.855,206.2,343615.0
2025-05-15 15:00:00,206.21,206.44,206.14,206.43,271740.0
2025-05-15 15:05:00,206.435,206.56,206.38,206.435,211225.0
2025-05-15 15:10:00,206.43,206.775,206.43,206.66,506443.0
2025-05-15 15:15:00,206.67,206.83,206.6401,206.75,294445.0
2025-05-15 15:20:00,206.77,207.06,206.72,206.96,196643.0
2025-05-15 15:25:00,206.95,207.005,206.795,206.92,238097.0
2025-05-15 15:30:00,206.93,206.96,206.81,206.895,95598.0
2025-05-15 15:35:00,206.89,206.99,206.82,206.99,110423.0
2025-05-15 15:40:00,207.0,207.29,207.0,207.268,182252.0
2025-05-15 15:45:00,207.265,207.365,207.23,207.26,244025.0
2025-05-15 15:50:00,207.27,207.28,207.09,207.16,151727.0
2025-05-15 15:55:00,207.15,207.37,207.15,207.34,95633.0
2025-05-15 16:00:00,207.33,207.47,207.27,207.37,218845.0
2025-05-16 09:30:00,208.98,208.99,208.96,208.97,916.0
2025-05-16 09:35:00,208.96,208.97,208.96,208.97,434.0
2025-05-16 09:40:00,208.95,208.98,208.95,208.98,581.0
2025-05-16 09:45:00,209.0,209.02,208.92,208.99,3268.0
2025-05-16 09:50:00,209.02,209.07,208.98,209.07,1834.0
2025-05-16 09:55:00,209.05,209.23,209.05,209.23,1790.0
2025-05-16 10:00:00,209.1,209.11,209.07,209.07,1199.0
2025-05-16 10:05:00,209.08,209.17,209.08,209.17,577.0
2025-05-16 10:10:00,209.19,209.2,209.19,209.19,622.0
2025-05-16 10:15:00,209.2,209.32,209.2,209.32,10813.0
2025-05-16 10:20:00,209.33,209.68,209.3,209.62,28395.0
2025-05-16 10:25:00,209.6,209.65,209.53,209.65,3649.0
2025-05-16 10:30:00,209.72,209.77,209.66,209.66,11600.0
2025-05-16 10:35:00,209.63,209.63,209.63,209.63,155.0
2025-05-16 10:40:00,209.66,209.77,209.66,209.74,2458.0
2025-05-16 10:45:00,209.7,209.73,209.7,209.72,3846.0
2025-05-16 10:50:00,209.68,209.68,209.55,209.55,794.0
2025-05-16 10:55:00,209.51,209.55,209.49,209.49,3609.0
2025-05-16 11:00:00,209.49,209.51,209.42,209.5,9192.0
2025-05-16 11:05:00,209.49,209.49,209.42,209.46,1666.0
2025-05-16 11:10:00,209.45,209.52,209.43,209.48,1531.0
2025-05-16 11:15:00,209.55,209.7,209.54,209.69,12346.0
2025-05-16 11:20:00,209.65,209.65,209.6,209.65,1309.0
2025-05-16 11:25:00,209.63,209.71,209.54,209.59,20321.0
2025-05-16 11:30:00,209.54,209.56,209.42,209.46,3882.0
2025-05-16 11:35:00,209.42,209.42,209.41,209.41,731.0
2025-05-16 11:40:00,209.43,209.43,209.4,209.421,1457.0
2025-05-16 11:45:00,209.43,209.58,209.42,209.49,13289.0
2025-05-16 11:50:00,209.51,209.53,209.46,209.53,3476.0
2025-05-16 11:55:00,209.47,209.65,209.47,209.65,3289.0
2025-05-16 12:00:00,209.47,209.61,208.22,209.29,26318.0
2025-05-16 12:05:00,209.3207,209.43,209.32,209.43,5229.0
2025-05-16 12:10:00,209.43,209.54,209.36,209.54,12117.0
2025-05-16 12:15:00,209.53,209.7,209.53,209.69,2150.0
2025-05-16 12:20:00,209.69,209.75,209.61,209.73,3353.0
2025-05-16 12:25:00,209.72,209.73,209.6,209.61,7300.0
2025-05-16 12:30:00,209.61,209.61,209.44,209.46,12280.0
2025-05-16 12:35:00,209.47,209.47,209.25,209.29,21858.0
2025-05-16 12:40:00,209.35,209.35,209.25,209.25,3234.0
2025-05-16 12:45:00,209.2508,209.44,209.2508,209.35,4939.0
2025-05-16 12:50:00,209.35,209.36,209.17,209.18,8953.0
2025-05-16 12:55:00,209.19,209.29,209.16,209.22,18501.0
2025-05-16 13:00:00,209.26,209.34,209.13,209.29,19910.0
2025-05-16 13:05:00,209.32,209.35,209.23,209.25,5217.0
2025-05-16 13:10:00,209.23,209.33,209.2,209.28,11060.0
2025-05-16 13:15:00,209.29,209.29,209.16,209.21,3720.0
2025-05-16 13:20:00,209.21,209.21,209.07,209.13,16210.0
2025-05-16 13:25:00,209.12,209.13,208.41,208.42,375881.0
2025-05-16 13:30:00,208.42,208.53,207.81,207.86,1282134.0
2025-05-16 13:35:00,207.865,208.32,207.865,208.23,422262.0
2025-05-16 13:40:00,208.23,208.3,207.94,208.3,340640.0
2025-05-16 13:45:00,208.31,208.53,208.31,208.52,185205.0
2025-05-16 13:50:00,208.525,208.81,208.5001,208.76,275304.0
2025-05-16 13:55:00,208.76,209.09,208.75,208.89,321267.0
2025-05-16 14:00:00,208.87,208.89,208.3,208.49,713754.0
2025-05-16 14:05:00,208.49,208.54,208.09,208.36,425218.0
2025-05-16 14:10:00,208.355,208.4,208.05,208.095,285946.0
2025-05-16 14:15:00,208.1,208.45,208.095,208.25,232671.0
2025-05-16 14:20:00,208.25,208.58,208.16,208.43,323120.0
2025-05-16 14:25:00,208.45,208.625,208.25,208.32,431847.0
2025-05-16 14:30:00,208.32,208.36,208.1,208.3512,352138.0
2025-05-16 14:35:00,208.3513,208.395,208.16,208.22,426119.0
2025-05-16 14:40:00,208.23,208.25,207.78,207.84,349017.0
2025-05-16 14:45:00,207.84,208.2401,207.798,208.23,272616.0
2025-05-16 14:50:00,208.25,208.42,208.17,208.34,207735.0
2025-05-16 14:55:00,208.33,208.44,208.26,208.3,207829.0
2025-05-16 15:00:00,208.31,208.52,208.31,208.49,1519835.0
2025-05-16 15:05:00,208.5,208.58,208.36,208.37,148565.0
2025-05-16 15:10:00,208.37,208.63,208.37,208.56,166830.0
2025-05-16 15:15:00,208.55,208.62,208.32,208.375,127905.0
2025-05-16 15:20:00,208.3802,208.44,208.2251,208.255,187632.0
2025-05-16 15:25:00,208.255,208.385,208.2,208.31,416462.0
2025-05-16 15:30:00,208.31,208.54,208.295,208.513542,512399.0
2025-05-16 15:35:00,208.52,208.605,208.43,208.545,223028.0
2025-05-16 15:40:00,208.55,208.65,208.47,208.57,477063.0
2025-05-16 15:45:00,208.57,208.62,208.47,208.5001,226546.0
2025-05-16 15:50:00,208.5,208.73,208.46,208.675,314348.0
2025-05-16 15:55:00,208.665,208.75,208.6,208.7,293996.0
2025-05-16 16:00:00,208.69,208.99,208.685,208.955,272407.0
2025-05-19 09:30:00,206.65,206.76,206.65,206.74,3105.0
2025-05-19 09:35:00,206.68,206.79,206.62,206.64,3931.0
2025-05-19 09:40:00,206.73,206.74,206.73,206.74,1020.0
2025-05-19 09:45:00,206.58,206.58,206.48,206.48,715.0
2025-05-19 09:50:00,206.48,206.48,206.44,206.44,2253.0
2025-05-19 09:55:00,206.44,206.45,206.44,206.44,608.0
2025-05-19 10:00:00,206.49,206.5,206.37,206.38,2033.0
2025-05-19 10:05:00,206.35,206.35,206.21,206.21,2870.0
2025-05-19 10:10:00,206.23,206.37,206.23,206.32,4261.0
2025-05-19 10:15:00,206.34,206.34,206.25,206.25,1162.0
2025-05-19 10:20:00,206.32,206.46,206.32,206.45,1756.0
2025-05-19 10:25:00,206.51,206.81,206.51,206.62,14798.0
2025-05-19 10:30:00,206.72,206.73,206.72,206.73,1552.0
2025-05-19 10:35:00,206.87,206.92,206.82,206.91,12390.0
2025-05-19 10:40:00,206.95,207.08,206.95,207.07,36372.0
2025-05-19 10:45:00,207.02,207.06,206.86,206.96,5251.0
2025-05-19 10:50:00,206.98,207.01,206.94,206.96,1581.0
2025-05-19 10:55:00,206.93,206.93,206.89,206.91,2313.0
2025-05-19 11:00:00,206.94,207.04,206.88,206.89,7402.0
2025-05-19 11:05:00,207.0,207.05,206.97,206.97,755.0
2025-05-19 11:10:00,207.02,207.04,206.99,207.02,3901.0
2025-05-19 11:15:00,207.02,207.1,207.0,207.09,3071.0
2025-05-19 11:20:00,207.07,207.18,207.06,207.1,4078.0
2025-05-19 11:25:00,207.15,207.2,206.97,206.97,3750.0
2025-05-19 11:30:00,206.98,206.98,206.79,206.8,6285.0
2025-05-19 11:35:00,206.85,206.85,206.74,206.74,37953.0
2025-05-19 11:40:00,206.71,206.81,206.71,206.76,6101.0
2025-05-19 11:45:00,206.87,206.98,206.85,206.98,6473.0
2025-05-19 11:50:00,207.0,207.08,206.94,207.04,5076.0
2025-05-19 11:55:00,206.97,207.12,206.96,207.11,12210.0
2025-05-19 12:00:00,207.0,207.89,206.7001,207.07,47029.0
2025-05-19 12:05:00,207.0,207.05,206.9,207.05,7302.0
2025-05-19 12:10:00,207.03,207.14,206.95,207.13,7104.0
2025-05-19 12:15:00,207.07,207.07,206.84,206.94,4527.0
2025-05-19 12:20:00,206.98,207.05,206.95,206.99,12896.0
2025-05-19 12:25:00,206.91,206.94,206.73,206.73,10241.0
2025-05-19 12:30:00,206.7,206.78,206.61,206.75,21571.0
2025-05-19 12:35:00,206.76,207.06,206.76,207.05,27792.0
2025-05-19 12:40:00,207.1,207.22,207.1,207.2,18323.0
2025-05-19 12:45:00,207.19,207.19,206.95,206.99,18091.0
2025-05-19 12:50:00,206.99,207.03,206.91,207.02,11668.0
2025-05-19 12:55:00,206.98,207.03,206.97,206.99,5799.0
2025-05-19 13:00:00,207.02,207.0601,206.93,206.93,385947.0
2025-05-19 13:05:00,206.96,206.98,206.9,206.9,8062.0
2025-05-19 13:10:00,206.9,206.96,206.47,206.61,65614.0
2025-05-19 13:15:00,206.59,206.59,206.28,206.47,244439.0
2025-05-19 13:20:00,206.52,206.6,206.32,206.52,47793.0
2025-05-19 13:25:00,206.45,206.74,206.3,206.73,48582.0
2025-05-19 13:30:00,206.8,207.32,206.26,207.21,1644032.0
2025-05-19 13:35:00,207.23,207.6,207.17,207.55,686526.0
2025-05-19 13:40:00,207.55,207.67,207.29,207.38,689933.0
2025-05-19 13:45:00,207.38,207.65,207.28,207.44,588607.0
2025-05-19 13:50:00,207.44,207.51,207.185,207.31,914180.0
2025-05-19 13:55:00,207.34,207.475,207.13,207.1891,579436.0
2025-05-19 14:00:00,207.18,207.61,207.125,207.57,499950.0
2025-05-19 14:05:00,207.57,207.82,207.49,207.7714,434591.0
2025-05-19 14:10:00,207.78,207.86,207.65,207.81,250685.0
2025-05-19 14:15:00,207.79,208.13,207.79,208.07,318451.0
2025-05-19 14:20:00,208.0675,208.07,207.855,207.86,263950.0
2025-05-19 14:25:00,207.87,207.87,207.43,207.67,208137.0
2025-05-19 14:30:00,207.68,207.8699,207.51,207.84,331446.0
2025-05-19 14:35:00,207.84,207.95,207.75,207.81,153493.0
2025-05-19 14:40:00,207.8,207.95,207.75,207.81,141093.0
2025-05-19 14:45:00,207.8,207.89,207.59,207.63,128424.0
2025-05-19 14:50:00,207.63,207.9,207.55,207.825,289915.0
2025-05-19 14:55:00,207.82,207.83,207.53,207.55,556542.0
2025-05-19 15:00:00,207.56,207.91,207.55,207.87,150365.0
2025-05-19 15:05:00,207.87,207.92,207.65,207.85,101936.0
2025-05-19 15:10:00,207.84,208.02,207.83,207.9,141605.0
2025-05-19 15:15:00,207.9,208.01,207.84,207.92,293176.0
2025-05-19 15:20:00,207.92,208.02,207.868,207.92,318957.0
2025-05-19 15:25:00,207.9,207.93,207.675,207.675,122127.0
2025-05-19 15:30:00,207.68,207.89,207.64,207.665,217286.0
2025-05-19 15:35:00,207.665,208.005,207.645,207.985,212202.0
2025-05-19 15:40:00,207.99,208.15,207.99,208.045,183366.0
2025-05-19 15:45:00,208.055,208.11,207.85,207.865,178088.0
2025-05-19 15:50:00,207.855,207.94,207.76,207.85,234979.0
2025-05-19 15:55:00,207.845,208.02,207.8,207.99,182526.0
2025-05-19 16:00:00,207.98,208.2,207.96,208.18,527108.0
2025-05-20 09:30:00,208.27,208.3,208.27,208.3,488.0
2025-05-20 09:35:00,208.32,208.32,208.32,208.32,161.0
2025-05-20 09:45:00,208.25,208.25,208.21,208.21,686.0
2025-05-20 09:55:00,208.19,208.2,208.19,208.2,1802.0
2025-05-20 10:00:00,208.22,208.23,208.14,208.23,7975.0
2025-05-20 10:05:00,208.22,208.31,208.22,208.31,1251.0
2025-05-20 10:10:00,208.32,208.32,208.3,208.3,1659.0
2025-05-20 10:15:00,208.41,208.43,208.41,208.42,908.0
2025-05-20 10:20:00,208.31,208.31,208.25,208.25,3809.0
2025-05-20 10:40:00,208.12,208.14,208.1,208.14,6714.0
2025-05-20 10:50:00,208.31,208.39,208.31,208.39,1226.0
2025-05-20 10:55:00,208.39,208.53,208.38,208.52,6650.0
2025-05-20 11:00:00,208.49,208.49,208.44,208.46,1628.0
2025-05-20 11:05:00,208.46,208.46,208.46,208.46,179.0
2025-05-20 11:10:00,208.49,208.5,208.43,208.45,1759.0
2025-05-20 11:15:00,208.48,208.49,208.48,208.49,3309.0
2025-05-20 11:20:00,208.48,208.63,208.48,208.62,2688.0
2025-05-20 11:30:00,208.74,208.78,208.73,208.74,3389.0
2025-05-20 11:35:00,208.78,208.81,208.78,208.81,947.0
2025-05-20 11:40:00,208.83,208.85,208.81,208.81,4024.0
2025-05-20 11:45:00,208.79,208.88,208.77,208.88,4688.0
2025-05-20 11:50:00,208.89,208.92,208.89,208.91,1322.0
2025-05-20 11:55:00,208.83,208.86,208.77,208.86,1091.0
2025-05-20 12:00:00,208.84,208.89,207.89,208.78,20881.0
2025-05-20 12:05:00,208.88,209.04,208.88,209.04,3043.0
2025-05-20 12:10:00,208.92,209.05,208.91,209.05,2800.0
2025-05-20 12:15:00,209.07,209.09,209.04,209.08,1323.0
2025-05-20 12:20:00,209.1,209.14,209.06,209.08,4380.0
2025-05-20 12:25:00,208.9,209.0001,208.87,209.0001,1988.0
2025-05-20 12:30:00,208.96,208.96,208.78,208.82,10012.0
2025-05-20 12:35:00,208.81,208.81,208.62,208.66,8992.0
2025-05-20 12:40:00,208.66,208.68,208.65,208.66,10590.0
2025-05-20 12:45:00,208.61,208.67,208.59,208.66,6425.0
2025-05-20 12:50:00,208.66,208.68,208.6,208.68,1892.0
2025-05-20 12:55:00,208.68,208.7993,208.68,208.7993,8473.0
2025-05-20 13:00:00,208.78,208.9,208.78,208.8606,3665.0
2025-05-20 13:05:00,208.88,208.95,208.86,208.93,7083.0
2025-05-20 13:10:00,208.97,208.97,208.69,208.75,5386.0
2025-05-20 13:15:00,208.76,208.85,208.7,208.71,2098.0
2025-05-20 13:20:00,208.85,208.93,208.74,208.74,5066.0
2025-05-20 13:25:00,208.71,208.74,208.53,208.63,15123.0
2025-05-20 13:30:00,208.66,208.68,208.34,208.54,748106.0
2025-05-20 13:35:00,208.55,208.64,208.29,208.54,678113.0
2025-05-20 13:40:00,208.54,208.61,208.27,208.355,272008.0
2025-05-20 13:45:00,208.36,208.5,208.03,208.1,477806.0
2025-05-20 13:50:00,208.1,208.59,207.96,208.525,366708.0
2025-05-20 13:55:00,208.51,208.605,208.28,208.345,265581.0
2025-05-20 14:00:00,208.35,208.65,208.32,208.575,327284.0
2025-05-20 14:05:00,208.57,208.68,208.49,208.5,249190.0
2025-05-20 14:10:00,208.48,208.73,208.43,208.67,246705.0
2025-05-20 14:15:00,208.66,208.72,208.525,208.68,257813.0
2025-05-20 14:20:00,208.68,208.9,208.61,208.77,869644.0
2025-05-20 14:25:00,208.78,208.96,208.6912,208.77,167162.0
2025-05-20 14:30:00,208.75,208.915,208.58,208.66,173135.0
2025-05-20 14:35:00,208.64,209.17,208.63,209.13,461507.0
2025-05-20 14:40:00,209.1399,209.22,209.04,209.21,148664.0
2025-05-20 14:45:00,209.2,209.315,209.135,209.14,265818.0
2025-05-20 14:50:00,209.13,209.16,208.91,208.94,201641.0
2025-05-20 14:55:00,208.95,208.98,208.71,208.7299,178046.0
2025-05-20 15:00:00,208.725,208.86,208.6,208.775,317415.0
2025-05-20 15:05:00,208.775,208.94,208.68,208.93,268803.0
2025-05-20 15:10:00,208.92,209.075,208.89,209.06,221849.0
2025-05-20 15:15:00,209.06,209.225,209.05,209.18,201489.0
2025-05-20 15:20:00,209.185,209.26,209.12,209.12,362230.0
2025-05-20 15:25:00,209.105,209.24,209.025,209.215,163639.0
2025-05-20 15:30:00,209.21,209.285,209.08,209.25,240076.0
2025-05-20 15:35:00,209.25,209.25,209.092,209.12,194347.0
2025-05-20 15:40:00,209.135,209.135,208.905,208.945,191353.0
2025-05-20 15:45:00,208.95,209.135,208.87,209.08,180074.0
2025-05-20 15:50:00,209.085,209.13,208.965,209.005,140587.0
2025-05-20 15:55:00,209.01,209.255,209.0075,209.09,152699.0
2025-05-20 16:00:00,209.1,209.16,208.975,209.025,202944.0
2025-05-21 09:30:00,207.31,207.37,207.24,207.37,2157.0
2025-05-21 09:35:00,207.35,207.46,207.35,207.46,2314.0
2025-05-21 09:40:00,207.44,207.44,207.09,207.17,3347.0
2025-05-21 09:45:00,207.12,207.19,207.06,207.13,19326.0
2025-05-21 09:50:00,207.11,207.23,207.11,207.18,8000.0
2025-05-21 09:55:00,207.11,207.11,207.09,207.09,548.0
2025-05-21 10:00:00,207.1,207.11,206.98,207.02,7313.0
2025-05-21 10:05:00,207.01,207.01,206.95,206.95,1336.0
2025-05-21 10:10:00,206.97,207.0,206.97,206.97,1082.0
2025-05-21 10:15:00,206.93,206.98,206.83,206.83,2111.0
2025-05-21 10:20:00,206.75,206.75,206.6,206.67,5113.0
2025-05-21 10:25:00,206.66,206.8,206.66,206.8,2442.0
2025-05-21 10:30:00,206.87,207.03,206.84,207.03,889.0
2025-05-21 10:35:00,206.93,207.01,206.91,206.99,2226.0
2025-05-21 10:40:00,206.95,207.04,206.89,206.9,2221.0
2025-05-21 10:45:00,206.87,206.93,206.87,206.92,1184.0
2025-05-21 10:50:00,206.92,207.02,206.92,206.92,1347.0
2025-05-21 10:55:00,206.98,207.13,206.98,207.05,3513.0
2025-05-21 11:00:00,207.08,207.22,207.05,207.18,11559.0
2025-05-21 11:05:00,207.13,207.33,207.1,207.23,5379.0
2025-05-21 11:10:00,207.25,207.25,207.2,207.2,4254.0
2025-05-21 11:15:00,207.25,207.38,207.22,207.36,11505.0
2025-05-21 11:20:00,207.41,207.5,207.41,207.5,2190.0
2025-05-21 11:25:00,207.49,207.7,207.44,207.63,8578.0
2025-05-21 11:30:00,207.6,207.6,207.46,207.54,6354.0
2025-05-21 11:35:00,207.55,207.57,207.51,207.52,4683.0
2025-05-21 11:40:00,207.51,207.63,207.51,207.59,2681.0
2025-05-21 11:45:00,207.59,207.59,207.59,207.59,492.0
2025-05-21 11:50:00,207.46,207.48,207.37,207.44,7329.0
2025-05-21 11:55:00,207.4,207.45,207.4,207.41,4697.0
2025-05-21 12:00:00,207.35,208.53,207.04,207.13,47695.0
2025-05-21 12:05:00,207.08,207.13,207.0,207.01,9298.0
2025-05-21 12:10:00,207.07,207.18,207.05,207.14,8765.0
2025-05-21 12:15:00,207.15,207.17,207.02,207.02,17414.0
2025-05-21 12:20:00,207.04,207.29,207.04,207.29,22434.0
2025-05-21 12:25:00,207.26,207.37,207.17,207.37,30733.0
2025-05-21 12:30:00,207.22,207.25,206.96,207.06,17248.0
2025-05-21 12:35:00,207.03,207.09,207.03,207.08,3380.0
2025-05-21 12:40:00,206.97,207.06,206.94,207.06,10457.0
2025-05-21 12:45:00,207.03,207.03,206.8,206.8,10116.0
2025-05-21 12:50:00,206.82,206.93,206.73,206.92,10899.0
2025-05-21 12:55:00,206.92,206.99,206.91,206.91,9431.0
2025-05-21 13:00:00,206.92,206.94,206.73,206.82,17037.0
2025-05-21 13:05:00,206.8,206.8,206.69,206.7,32831.0
2025-05-21 13:10:00,206.67,206.68,206.45,206.47,29024.0
2025-05-21 13:15:00,206.5,206.64,206.22,206.41,24418.0
2025-05-21 13:20:00,206.41,206.55,206.37,206.49,18747.0
2025-05-21 13:25:00,206.45,206.74,206.42,206.6,46456.0
2025-05-21 13:30:00,206.63,207.37,206.49,206.84,1214545.0
2025-05-21 13:35:00,206.85,207.25,206.81,207.245,512361.0
2025-05-21 13:40:00,207.245,207.31,207.02,207.22,313775.0
2025-05-21 13:45:00,207.24,207.3,206.91,207.129,387273.0
2025-05-21 13:50:00,207.14,207.46,207.08,207.35,483080.0
2025-05-21 13:55:00,207.345,207.37,206.98,207.065,891789.0
2025-05-21 14:00:00,207.07,207.61,207.045,207.405,997238.0
2025-05-21 14:05:00,207.43,207.57,207.24,207.35,394080.0
2025-05-21 14:10:00,207.34,207.34,207.025,207.07,532006.0
2025-05-21 14:15:00,207.075,207.23,207.02,207.04,198176.0
2025-05-21 14:20:00,207.03,207.3,207.02,207.21,120916.0
2025-05-21 14:25:00,207.1875,207.22,206.7,206.7001,359672.0
2025-05-21 14:30:00,206.71,206.81,206.38,206.425,290737.0
2025-05-21 14:35:00,206.418,206.7,206.33,206.69,373568.0
2025-05-21 14:40:00,206.69,206.91,206.59,206.64,332572.0
2025-05-21 14:45:00,206.64,206.685,206.37,206.565,216944.0
2025-05-21 14:50:00,206.55,206.72,206.45,206.4801,118554.0
2025-05-21 14:55:00,206.485,206.975,206.47,206.94,306313.0
2025-05-21 15:00:00,206.93,206.96,206.73,206.85,175397.0
2025-05-21 15:05:00,206.85,207.23,206.82,207.18,367397.0
2025-05-21 15:10:00,207.17,207.335,207.135,207.315,256961.0
2025-05-21 15:15:00,207.32,207.35,207.12,207.16,220879.0
2025-05-21 15:20:00,207.16,207.2,206.97,207.19,219023.0
2025-05-21 15:25:00,207.2,207.2,206.95,206.985,188569.0
2025-05-21 15:30:00,206.98,207.08,206.93,207.01,335594.0
2025-05-21 15:35:00,207.02,207.03,206.75,206.945,232896.0
2025-05-21 15:40:00,206.945,207.045,206.78,206.9771,226981.0
2025-05-21 15:45:00,206.975,207.005,206.84,206.92,90256.0
2025-05-21 15:50:00,206.91,207.18,206.88,207.16,142732.0
2025-05-21 15:55:00,207.16,207.22,206.995,207.0,188620.0
2025-05-21 16:00:00,206.99,207.13,206.895,206.98,129466.0
2025-05-22 09:30:00,203.58,203.6,203.58,203.6,6245.0
2025-05-22 09:35:00,203.66,203.66,203.66,203.66,143.0
2025-05-22 09:40:00,203.39,203.41,203.32,203.38,5764.0
2025-05-22 09:45:00,203.3,203.31,203.11,203.11,10168.0
2025-05-22 09:50:00,203.11,203.14,203.09,203.09,38289.0
2025-05-22 09:55:00,203.17,203.18,203.17,203.18,468.0
2025-05-22 10:00:00,203.15,203.15,203.01,203.05,1020.0
2025-05-22 10:05:00,203.01,203.03,202.82,202.84,3580.0
2025-05-22 10:10:00,202.89,203.1,202.89,203.09,3193.0
2025-05-22 10:15:00,203.14,203.2,203.14,203.18,10397.0
2025-05-22 10:20:00,203.14,203.14,203.12,203.13,10907.0
2025-05-22 10:25:00,203.05,203.13,203.04,203.07,2100.0
2025-05-22 10:30:00,202.99,203.05,202.98,202.98,3548.0
2025-05-22 10:35:00,202.97,202.97,202.93,202.95,676.0
2025-05-22 10:40:00,202.96,202.99,202.9,202.9,4511.0
2025-05-22 10:45:00,202.93,202.93,202.89,202.89,441.0
2025-05-22 10:50:00,202.92,202.92,202.87,202.87,781.0
2025-05-22 10:55:00,202.86,202.94,202.75,202.75,3330.0
2025-05-22 11:00:00,202.83,203.19,202.83,203.13,7226.0
2025-05-22 11:05:00,203.09,203.17,203.05,203.11,5411.0
2025-05-22 11:10:00,203.06,203.06,202.61,202.61,14926.0
2025-05-22 11:15:00,202.63,202.92,202.56,202.88,8864.0
2025-05-22 11:20:00,202.89,202.99,202.83,202.87,11863.0
2025-05-22 11:25:00,202.73,202.73,202.4,202.4,25153.0
2025-05-22 11:30:00,202.3,202.53,202.3,202.3,16755.0
2025-05-22 11:35:00,202.37,202.39,202.09,202.09,38487.0
2025-05-22 11:40:00,202.14,202.46,202.14,202.32,12272.0
2025-05-22 11:45:00,202.37,202.41,202.15,202.15,9155.0
2025-05-22 11:50:00,202.11,202.11,201.92,201.93,32888.0
2025-05-22 11:55:00,201.95,201.98,201.47,201.47,20411.0
2025-05-22 12:00:00,202.45,203.85,201.38,201.62,118783.0
2025-05-22 12:05:00,201.65,201.76,201.58,201.71,11302.0
2025-05-22 12:10:00,201.69,201.69,201.45,201.5,52826.0
2025-05-22 12:15:00,201.5,201.54,201.17,201.28,42710.0
2025-05-22 12:20:00,201.28,201.32,201.01,201.07,41701.0
2025-05-22 12:25:00,201.12,201.17,200.95,201.06,41899.0
2025-05-22 12:30:00,201.04,201.47,200.96,201.46,32764.0
2025-05-22 12:35:00,201.39,201.61,201.34,201.6,32100.0
2025-05-22 12:40:00,201.55,201.57,201.38,201.44,29329.0
2025-05-22 12:45:00,201.44,201.96,201.4,201.96,29414.0
2025-05-22 12:50:00,201.86,202.31,201.79,202.3099,51503.0
2025-05-22 12:55:00,202.28,202.39,202.12,202.39,71782.0
2025-05-22 13:00:00,202.28,202.72,202.27,202.48,60410.0
2025-05-22 13:05:00,202.35,202.49,202.33,202.43,24382.0
2025-05-22 13:10:00,202.39,202.5,202.33,202.41,38150.0
2025-05-22 13:15:00,202.38,202.38,202.04,202.15,38247.0
2025-05-22 13:20:00,202.08,202.21,201.95,202.07,35431.0
2025-05-22 13:25:00,202.02,202.3,202.01,202.26,29738.0
2025-05-22 13:30:00,202.29,202.65,201.61,201.7,1217343.0
2025-05-22 13:35:00,201.71,202.09,201.53,202.06,659777.0
2025-05-22 13:40:00,202.04,202.29,201.72,201.96,681430.0
2025-05-22 13:45:00,202.0,202.26,201.61,202.07,435003.0
2025-05-22 13:50:00,202.065,202.8,201.87,202.5125,746744.0
2025-05-22 13:55:00,202.53,202.64,202.34,202.53,602280.0
2025-05-22 14:00:00,202.52,202.79,202.46,202.72,436073.0
2025-05-22 14:05:00,202.72,203.095,202.64,202.94,521373.0
2025-05-22 14:10:00,202.945,202.945,202.39,202.63,838986.0
2025-05-22 14:15:00,202.62,202.97,202.55,202.935,420329.0
2025-05-22 14:20:00,202.9,202.91,202.21,202.26,592952.0
2025-05-22 14:25:00,202.26,202.48,202.12,202.23,294420.0
2025-05-22 14:30:00,202.21,202.37,202.05,202.16,386487.0
2025-05-22 14:35:00,202.14,202.27,201.945,202.0,406378.0
2025-05-22 14:40:00,202.015,202.51,201.955,202.07,240350.0
2025-05-22 14:45:00,202.075,202.43,202.06,202.36,366262.0
2025-05-22 14:50:00,202.37,202.51,202.21,202.24,202711.0
2025-05-22 14:55:00,202.21,202.59,202.05,202.53,364745.0
2025-05-22 15:00:00,202.55,202.84,202.53,202.77,309493.0
2025-05-22 15:05:00,202.775,202.99,202.615,202.89,216394.0
2025-05-22 15:10:00,202.89,203.01,202.76,202.765,385504.0
2025-05-22 15:15:00,202.77,202.84,202.565,202.84,175849.0
2025-05-22 15:20:00,202.85,203.0701,202.815,203.0,219279.0
2025-05-22 15:25:00,203.01,203.075,202.66,202.66,383353.0
2025-05-22 15:30:00,202.65,203.06,202.61,203.0184,323473.0
2025-05-22 15:35:00,203.01,203.38,203.01,203.25,320247.0
2025-05-22 15:40:00,203.23,203.37,203.2,203.31,211226.0
2025-05-22 15:45:00,203.31,203.465,203.18,203.23,188684.0
2025-05-22 15:50:00,203.22,203.46,203.21,203.43,171577.0
2025-05-22 15:55:00,203.41,203.45,203.26,203.44,455125.0
2025-05-22 16:00:00,203.46,203.62,203.38,203.56,396671.0
2025-05-23 09:30:00,203.1,203.37,203.1,203.37,2808.0
2025-05-23 09:40:00,203.46,203.46,203.45,203.45,340.0
2025-05-23 09:45:00,203.58,203.59,203.46,203.48,1699.0
2025-05-23 09:50:00,203.65,203.65,203.65,203.65,141.0
2025-05-23 09:55:00,203.69,203.72,203.65,203.72,1208.0
2025-05-23 10:00:00,203.5,203.5,203.5,203.5,108.0
2025-05-23 10:05:00,203.45,203.54,203.45,203.53,1772.0
2025-05-23 10:10:00,203.42,203.42,203.31,203.34,3501.0
2025-05-23 10:15:00,203.29,203.29,203.29,203.29,199.0
2025-05-23 10:20:00,203.26,203.46,203.26,203.46,1637.0
2025-05-23 10:25:00,203.44,203.44,203.44,203.44,100.0
2025-05-23 10:30:00,203.46,203.46,203.43,203.43,328.0
2025-05-23 10:40:00,203.26,203.4,203.26,203.32,528.0
2025-05-23 10:45:00,203.4,203.5,203.4,203.5,724.0
2025-05-23 10:50:00,203.51,203.56,203.49,203.49,1063.0
2025-05-23 10:55:00,203.38,203.64,203.38,203.64,1460.0
2025-05-23 11:00:00,203.64,203.64,203.45,203.45,6292.0
2025-05-23 11:05:00,203.45,203.45,203.38,203.4,2065.0
2025-05-23 11:10:00,203.39,203.39,203.32,203.33,1593.0
2025-05-23 11:15:00,203.42,203.44,202.93,202.94,28191.0
2025-05-23 11:20:00,202.89,203.06,202.81,202.97,15034.0
2025-05-23 11:25:00,203.04,203.04,202.83,202.991,7970.0
2025-05-23 11:30:00,203.08,203.18,202.96,203.18,5481.0
2025-05-23 11:35:00,203.23,203.23,202.94,203.13,14437.0
2025-05-23 11:40:00,203.12,203.18,200.83,201.16,118577.0
2025-05-23 11:45:00,201.31,201.34,199.44,199.75,316364.0
2025-05-23 11:50:00,199.72,200.22,199.41,199.99,241680.0
2025-05-23 11:55:00,200.05,200.08,198.82,199.12,53036.0
2025-05-23 12:00:00,203.36,204.21,198.58,198.94,178046.0
2025-05-23 12:05:00,198.97,199.35,198.69,199.17,80320.0
2025-05-23 12:10:00,199.14,199.44,196.58,198.21,350536.0
2025-05-23 12:15:00,198.16,199.12,198.1,198.57,229146.0
2025-05-23 12:20:00,198.58,198.62,198.24,198.35,53002.0
2025-05-23 12:25:00,198.43,199.25,198.41,199.19,90205.0
2025-05-23 12:30:00,199.18,199.35,198.87,199.1,41426.0
2025-05-23 12:35:00,199.16,199.48,199.16,199.19,42890.0
2025-05-23 12:40:00,199.22,199.44,199.07,199.44,29129.0
2025-05-23 12:45:00,199.41,199.52,199.17,199.43,37278.0
2025-05-23 12:50:00,199.41,199.47,199.17,199.24,37082.0
2025-05-23 12:55:00,199.27,199.27,199.08,199.2,46309.0
2025-05-23 13:00:00,199.15,199.15,198.8,198.99,15121.0
2025-05-23 13:05:00,198.82,199.14,198.74,199.12,40005.0
2025-05-23 13:10:00,199.1099,199.15,198.78,198.92,49963.0
2025-05-23 13:15:00,198.92,199.3,198.87,199.25,30218.0
2025-05-23 13:20:00,199.17,199.25,198.5,199.01,102788.0
2025-05-23 13:25:00,199.08,199.79,199.05,199.79,42650.0
2025-05-23 13:30:00,199.78,201.49,199.65,201.25,1431732.0
2025-05-23 13:35:00,201.25,201.435,200.96,201.09,940642.0
2025-05-23 13:40:00,201.05,201.495,200.95,201.44,637178.0
2025-05-23 13:45:00,201.44,201.535,200.87,201.37,591010.0
2025-05-23 13:50:00,201.37,201.89,201.34,201.62,645866.0
2025-05-23 13:55:00,201.62,201.81,201.41,201.55,281898.0
2025-05-23 14:00:00,201.55,202.02,201.51,201.895,586638.0
2025-05-23 14:05:00,201.89,202.04,201.64,201.64,499440.0
2025-05-23 14:10:00,201.63,202.13,201.53,201.985,414083.0
2025-05-23 14:15:00,201.96,202.06,201.31,201.32,278931.0
2025-05-23 14:20:00,201.32,201.73,201.12,201.73,369894.0
2025-05-23 14:25:00,201.71,201.75,201.24,201.44,331195.0
2025-05-23 14:30:00,201.45,201.935,201.38,201.91,170578.0
2025-05-23 14:35:00,201.92,201.97,201.57,201.695,330732.0
2025-05-23 14:40:00,201.7,202.0,201.59,201.93,309977.0
2025-05-23 14:45:00,201.91,202.215,201.89,202.05,161414.0
2025-05-23 14:50:00,202.05,202.09,201.47,201.49,708313.0
2025-05-23 14:55:00,201.49,201.575,201.275,201.36,627671.0
2025-05-23 15:00:00,201.39,201.825,201.31,201.68,493206.0
2025-05-23 15:05:00,201.64,201.71,201.4,201.6942,172034.0
2025-05-23 15:10:00,201.7,201.78,201.4,201.64,209212.0
2025-05-23 15:15:00,201.63,201.96,201.42,201.85,207125.0
2025-05-23 15:20:00,201.86,202.16,201.84,202.07,191352.0
2025-05-23 15:25:00,202.06,202.1,201.89,202.0,231073.0
2025-05-23 15:30:00,202.01,202.32,201.95,202.32,229530.0
2025-05-23 15:35:00,202.3,202.5,202.13,202.215,371728.0
2025-05-23 15:40:00,202.22,202.42,202.18,202.355,208107.0
2025-05-23 15:45:00,202.36,202.42,202.155,202.4086,136060.0
2025-05-23 15:50:00,202.41,202.44,202.01,202.08,395587.0
2025-05-23 15:55:00,202.11,202.11,201.83,201.83,155524.0
2025-05-23 16:00:00,201.84,202.26,201.82,201.88,375582.0
2025-05-27 09:30:00,205.74,205.74,205.74,205.74,197.0
2025-05-27 09:35:00,205.96,205.98,205.93,205.93,12486.0
2025-05-27 09:40:00,205.93,205.94,205.85,205.87,21149.0
2025-05-27 09:45:00,205.87,205.94,205.86,205.86,18403.0
2025-05-27 09:50:00,205.86,205.95,205.86,205.95,901.0
2025-05-27 09:55:00,205.96,205.97,205.89,205.97,689.0
2025-05-27 10:00:00,205.96,205.97,205.86,205.86,2731.0
2025-05-27 10:10:00,205.94,205.94,205.94,205.94,216.0
2025-05-27 10:15:00,205.97,206.03,205.97,206.03,3568.0
2025-05-27 10:20:00,206.04,206.17,206.04,206.17,4131.0
2025-05-27 10:25:00,206.17,206.22,206.13,206.13,5627.0
2025-05-27 10:30:00,206.18,206.24,206.05,206.16,6229.0
2025-05-27 10:35:00,206.26,206.36,206.21,206.36,3134.0
2025-05-27 10:40:00,206.31,206.35,206.14,206.2,6227.0
2025-05-27 10:45:00,206.15,206.24,206.11,206.11,701.0
2025-05-27 10:50:00,206.1,206.16,206.08,206.16,1026.0
2025-05-27 10:55:00,206.1,206.1,205.98,206.03,1632.0
2025-05-27 11:00:00,205.95,205.96,205.75,205.8,10414.0
2025-05-27 11:05:00,205.8,205.83,205.72,205.83,3800.0
2025-05-27 11:10:00,205.8,205.89,205.79,205.89,3141.0
2025-05-27 11:15:00,205.86,205.86,205.76,205.8,2174.0
2025-05-27 11:20:00,205.77,205.79,205.63,205.65,4244.0
2025-05-27 11:25:00,205.66,205.79,205.66,205.79,1002.0
2025-05-27 11:30:00,205.76,205.84,205.76,205.78,3382.0
2025-05-27 11:35:00,205.86,205.9,205.82,205.85,6030.0
2025-05-27 11:40:00,205.82,206.0,205.82,205.92,12703.0
2025-05-27 11:45:00,205.93,206.01,205.83,205.83,38367.0
2025-05-27 11:50:00,205.82,205.85,205.82,205.85,742.0
2025-05-27 11:55:00,205.85,205.85,205.79,205.79,1314.0
2025-05-27 12:00:00,205.88,206.26,204.5,205.79,26288.0
2025-05-27 12:05:00,205.82,205.84,205.75,205.79,1203.0
2025-05-27 12:10:00,205.72,205.74,205.72,205.73,1094.0
2025-05-27 12:15:00,205.74,205.82,205.64,205.73,10479.0
2025-05-27 12:20:00,205.73,206.1,205.72,205.92,29474.0
2025-05-27 12:25:00,205.86,205.88,205.68,205.72,30317.0
2025-05-27 12:30:00,205.88,205.89,205.77,205.86,2079.0
2025-05-27 12:35:00,205.88,205.92,205.7,205.78,37120.0
2025-05-27 12:40:00,205.74,205.74,205.52,205.61,15876.0
2025-05-27 12:45:00,205.61,205.81,205.59,205.74,10293.0
2025-05-27 12:50:00,205.7,205.7,205.53,205.54,7206.0
2025-05-27 12:55:00,205.54,205.7,205.51,205.7,19908.0
2025-05-27 13:00:00,205.69,205.9,205.68,205.9,6228.0
2025-05-27 13:05:00,205.88,205.93,205.84,205.87,11024.0
2025-05-27 13:10:00,205.86,205.88,205.77,205.77,8428.0
2025-05-27 13:15:00,205.79,206.08,205.79,206.01,20804.0
2025-05-27 13:20:00,206.01,206.23,206.01,206.03,11389.0
2025-05-27 13:25:00,205.97,206.04,205.68,205.68,63539.0
2025-05-27 13:30:00,205.64,205.82,204.32,204.55,1211946.0
2025-05-27 13:35:00,204.55,204.62,204.18,204.6098,878115.0
2025-05-27 13:40:00,204.6,204.72,204.35,204.445,583411.0
2025-05-27 13:45:00,204.46,204.67,204.16,204.43,695831.0
2025-05-27 13:50:00,204.42,204.81,204.28,204.775,467411.0
2025-05-27 13:55:00,204.78,204.97,204.75,204.8,445098.0
2025-05-27 14:00:00,204.82,205.2,204.81,205.16,514887.0
2025-05-27 14:05:00,205.18,205.3301,205.05,205.21,335584.0
2025-05-27 14:10:00,205.18,205.495,205.18,205.445,416699.0
2025-05-27 14:15:00,205.445,205.77,205.43,205.765,469200.0
2025-05-27 14:20:00,205.76,206.205,205.76,206.145,525221.0
2025-05-27 14:25:00,206.135,206.415,206.08,206.16,520566.0
2025-05-27 14:30:00,206.16,206.28,206.085,206.24,370301.0
2025-05-27 14:35:00,206.24,206.24,206.07,206.15,254714.0
2025-05-27 14:40:00,206.15,206.275,206.04,206.175,398902.0
2025-05-27 14:45:00,206.175,206.415,206.14,206.35,328595.0
2025-05-27 14:50:00,206.35,206.435,206.33,206.4,279027.0
2025-05-27 14:55:00,206.4,206.45,206.225,206.34,245428.0
2025-05-27 15:00:00,206.35,206.4999,206.31,206.47,240099.0
2025-05-27 15:05:00,206.47,206.47,206.31,206.425,197362.0
2025-05-27 15:10:00,206.42,206.715,206.38,206.71,501725.0
2025-05-27 15:15:00,206.71,206.815,206.695,206.765,344125.0
2025-05-27 15:20:00,206.765,206.78,206.4983,206.66,249035.0
2025-05-27 15:25:00,206.68,206.88,206.66,206.85,250959.0
2025-05-27 15:30:00,206.85,206.865,206.725,206.775,224655.0
2025-05-27 15:35:00,206.77,206.84,206.68,206.78,181093.0
2025-05-27 15:40:00,206.78,206.96,206.66,206.885,200857.0
2025-05-27 15:45:00,206.885,206.92,206.765,206.82,229220.0
2025-05-27 15:50:00,206.83,206.915,206.74,206.89,133304.0
2025-05-27 15:55:00,206.89,206.955,206.845,206.88,120689.0
2025-05-27 16:00:00,206.875,207.035,206.84,206.995,281773.0
2025-05-28 09:30:00,206.56,206.56,206.56,206.56,320.0
2025-05-28 09:35:00,206.7,206.74,206.7,206.74,2779.0
2025-05-28 09:40:00,206.8,206.86,206.8,206.83,1057.0
2025-05-28 09:45:00,206.81,206.87,206.81,206.86,1310.0
2025-05-28 09:50:00,206.9,206.9,206.9,206.9,157.0
2025-05-28 09:55:00,206.88,206.88,206.87,206.87,443.0
2025-05-28 10:00:00,206.84,206.9,206.84,206.9,1070.0
2025-05-28 10:05:00,206.86,207.0,206.86,206.99,1746.0
2025-05-28 10:10:00,206.97,207.01,206.97,207.0,809.0
2025-05-28 10:20:00,207.05,207.1,207.05,207.1,726.0
2025-05-28 10:25:00,207.12,207.18,207.12,207.17,1484.0
2025-05-28 10:30:00,207.18,207.37,207.18,207.37,2066.0
2025-05-28 10:35:00,207.33,207.44,207.29,207.44,983.0
2025-05-28 10:40:00,207.42,207.58,207.42,207.56,6182.0
2025-05-28 10:45:00,207.61,207.62,207.52,207.52,1622.0
2025-05-28 10:50:00,207.54,207.68,207.54,207.68,1791.0
2025-05-28 10:55:00,207.63,207.69,207.63,207.69,3496.0
2025-05-28 11:00:00,207.7,207.77,207.64,207.68,7437.0
2025-05-28 11:05:00,207.67,207.69,207.54,207.58,889.0
2025-05-28 11:10:00,207.53,207.57,207.53,207.57,1953.0
2025-05-28 11:20:00,207.43,207.43,207.42,207.43,1764.0
2025-05-28 11:25:00,207.42,207.43,207.4,207.4,730.0
2025-05-28 11:30:00,207.4,207.51,207.34,207.41,21369.0
2025-05-28 11:35:00,207.49,207.52,207.49,207.52,3641.0
2025-05-28 11:40:00,207.44,207.44,207.42,207.42,579.0
2025-05-28 11:45:00,207.37,207.41,207.36,207.4,3307.0
2025-05-28 11:50:00,207.41,207.54,207.39,207.54,16927.0
2025-05-28 11:55:00,207.52,207.53,207.51,207.53,1060.0
2025-05-28 12:00:00,207.46,207.72,207.0,207.52,18767.0
2025-05-28 12:05:00,207.4204,207.49,207.3496,207.3496,3416.0
2025-05-28 12:10:00,207.35,207.39,207.26,207.36,6783.0
2025-05-28 12:15:00,207.33,207.49,207.33,207.43,20444.0
2025-05-28 12:20:00,207.44,207.62,207.44,207.6,15447.0
2025-05-28 12:25:00,207.58,207.59,207.38,207.38,9783.0
2025-05-28 12:30:00,207.36,207.53,207.36,207.51,3634.0
2025-05-28 12:35:00,207.55,207.7,207.55,207.7,3713.0
2025-05-28 12:40:00,207.73,207.89,207.72,207.89,8293.0
2025-05-28 12:45:00,207.89,207.92,207.6,207.6,12748.0
2025-05-28 12:50:00,207.61,207.71,207.57,207.57,3796.0
2025-05-28 12:55:00,207.54,207.55,207.54,207.54,3377.0
2025-05-28 13:00:00,207.57,207.61,207.49,207.51,7563.0
2025-05-28 13:05:00,207.6,207.65,207.6,207.65,2076.0
2025-05-28 13:10:00,207.7,207.82,207.7,207.82,2635.0
2025-05-28 13:15:00,207.8,207.8,207.64,207.65,3058.0
2025-05-28 13:20:00,207.64,207.72,207.45,207.4795,6855.0
2025-05-28 13:25:00,207.48,207.71,207.44,207.68,18465.0
2025-05-28 13:30:00,207.71,208.03,207.42,207.72,966344.0
2025-05-28 13:35:00,207.74,207.74,207.46,207.52,520761.0
2025-05-28 13:40:00,207.53,207.57,207.205,207.28,548131.0
2025-05-28 13:45:00,207.275,207.48,207.1,207.115,397086.0
2025-05-28 13:50:00,207.11,207.14,206.88,206.94,459652.0
2025-05-28 13:55:00,206.94,206.99,206.735,206.75,427731.0
2025-05-28 14:00:00,206.745,206.93,206.55,206.71,427545.0
2025-05-28 14:05:00,206.71,206.83,206.52,206.52,330116.0
2025-05-28 14:10:00,206.51,206.65,206.44,206.44,559123.0
2025-05-28 14:15:00,206.445,206.58,206.37,206.435,242810.0
2025-05-28 14:20:00,206.435,206.66,206.34,206.645,379416.0
2025-05-28 14:25:00,206.64,206.69,206.305,206.3925,209693.0
2025-05-28 14:30:00,206.4,206.5,206.26,206.4891,265542.0
2025-05-28 14:35:00,206.49,206.49,206.115,206.26,645286.0
2025-05-28 14:40:00,206.25,206.44,206.14,206.16,409206.0
2025-05-28 14:45:00,206.16,206.215,206.06,206.16,294817.0
2025-05-28 14:50:00,206.16,206.22,205.97,206.08,370659.0
2025-05-28 14:55:00,206.08,206.21,206.045,206.17,173077.0
2025-05-28 15:00:00,206.16,206.535,206.15,206.51,283359.0
2025-05-28 15:05:00,206.51,206.51,206.18,206.28,285114.0
2025-05-28 15:10:00,206.26,206.27,205.99,205.99,230466.0
2025-05-28 15:15:00,205.99,206.215,205.99,206.21,281600.0
2025-05-28 15:20:00,206.22,206.315,206.15,206.155,192258.0
2025-05-28 15:25:00,206.15,206.16,205.945,205.96,149740.0
2025-05-28 15:30:00,205.96,205.99,205.84,205.86,183400.0
2025-05-28 15:35:00,205.87,206.045,205.81,206.03,241362.0
2025-05-28 15:40:00,206.015,206.015,205.835,205.85,213341.0
2025-05-28 15:45:00,205.84,205.94,205.81,205.94,156453.0
2025-05-28 15:50:00,205.94,206.11,205.93,206.0765,440373.0
2025-05-28 15:55:00,206.08,206.095,205.74,205.77,151952.0
2025-05-28 16:00:00,205.775,206.1,205.775,206.07,160034.0
2025-05-29 09:30:00,209.13,209.27,208.99,209.0,7399.0
2025-05-29 09:35:00,209.04,209.07,208.97,209.04,10294.0
2025-05-29 09:40:00,209.06,209.08,208.86,208.91,6027.0
2025-05-29 09:45:00,208.9,208.97,208.84,208.96,6718.0
2025-05-29 09:50:00,208.96,208.99,208.73,208.73,7425.0
2025-05-29 09:55:00,208.73,208.75,208.57,208.57,10351.0
2025-05-29 10:00:00,208.61,208.65,208.43,208.43,8401.0
2025-05-29 10:05:00,208.35,208.46,208.28,208.29,7583.0
2025-05-29 10:10:00,208.21,208.6,208.21,208.37,12330.0
2025-05-29 10:15:00,208.31,208.31,208.02,208.08,18813.0
2025-05-29 10:20:00,208.1,208.13,207.95,208.04,28834.0
2025-05-29 10:25:00,208.01,208.09,207.87,207.87,10253.0
2025-05-29 10:30:00,207.91,208.19,207.91,208.17,10441.0
2025-05-29 10:35:00,208.17,208.19,207.92,207.93,20052.0
2025-05-29 10:40:00,207.94,208.05,207.91,207.93,19006.0
2025-05-29 10:45:00,207.9,207.91,207.69,207.78,12095.0
2025-05-29 10:50:00,207.75,208.07,207.75,207.84,22718.0
2025-05-29 10:55:00,207.76,207.79,207.67,207.75,9555.0
2025-05-29 11:00:00,207.76,207.9,207.67,207.67,20783.0
2025-05-29 11:05:00,207.66,207.92,207.61,207.61,14119.0
2025-05-29 11:10:00,207.59,208.06,207.49,208.03,26684.0
2025-05-29 11:15:00,208.08,208.08,207.97,207.97,7841.0
2025-05-29 11:20:00,207.96,207.96,207.45,207.49,21359.0
2025-05-29 11:25:00,207.5,207.66,207.36,207.37,16608.0
2025-05-29 11:30:00,207.5,207.69,207.3,207.64,72261.0
2025-05-29 11:35:00,207.68,208.06,207.66,207.89,65954.0
2025-05-29 11:40:00,207.81,208.15,207.81,208.08,29949.0
2025-05-29 11:45:00,208.07,208.12,207.85,207.87,13497.0
2025-05-29 11:50:00,207.87,207.87,207.49,207.58,43994.0
2025-05-29 11:55:00,207.46,207.51,207.4,207.4,13991.0
2025-05-29 12:00:00,207.71,211.27,207.31,207.47,133698.0
2025-05-29 12:05:00,207.44,207.9,207.21,207.33,64745.0
2025-05-29 12:10:00,207.25,207.29,206.95,207.2318,48028.0
2025-05-29 12:15:00,207.21,207.31,207.1,207.2,39590.0
2025-05-29 12:20:00,207.08,207.3,207.07,207.23,25301.0
2025-05-29 12:25:00,207.23,207.43,207.04,207.19,47479.0
2025-05-29 12:30:00,207.15,207.54,207.08,207.3,89475.0
2025-05-29 12:35:00,207.28,207.29,206.87,206.87,52549.0
2025-05-29 12:40:00,206.87,206.92,206.66,206.83,88675.0
2025-05-29 12:45:00,206.85,206.9,206.73,206.79,38157.0
2025-05-29 12:50:00,206.8,206.95,206.68,206.82,20042.0
2025-05-29 12:55:00,206.85,206.9,206.65,206.71,28473.0
2025-05-29 13:00:00,206.73,206.75,206.62,206.67,18515.0
2025-05-29 13:05:00,206.64,206.73,206.57,206.59,10100.0
2025-05-29 13:10:00,206.58,206.63,206.49,206.56,48667.0
2025-05-29 13:15:00,206.57,206.82,206.51,206.81,26297.0
2025-05-29 13:20:00,206.83,207.0493,206.81,207.03,45735.0
2025-05-29 13:25:00,207.05,207.06,206.82,206.91,23401.0
2025-05-29 13:30:00,206.95,207.06,205.94,206.2,1130253.0
2025-05-29 13:35:00,206.21,206.32,206.02,206.1,843143.0
2025-05-29 13:40:00,206.07,206.25,205.79,205.835,663992.0
2025-05-29 13:45:00,205.84,206.085,205.79,205.83,546168.0
2025-05-29 13:50:00,205.8001,206.46,205.755,206.45,740065.0
2025-05-29 13:55:00,206.445,206.45,205.885,206.1199,495364.0
2025-05-29 14:00:00,206.1,206.46,206.08,206.18,308707.0
2025-05-29 14:05:00,206.15,206.15,205.27,205.41,850948.0
2025-05-29 14:10:00,205.41,205.67,205.305,205.655,432211.0
2025-05-29 14:15:00,205.665,205.735,205.005,205.075,883850.0
2025-05-29 14:20:00,205.075,205.15,204.86,205.07,452357.0
2025-05-29 14:25:00,205.05,205.42,205.04,205.32,510085.0
2025-05-29 14:30:00,205.32,205.53,204.92,204.93,596434.0
2025-05-29 14:35:00,204.93,205.37,204.92,205.28,250413.0
2025-05-29 14:40:00,205.275,205.275,204.9,205.16,248720.0
2025-05-29 14:45:00,205.17,205.475,205.12,205.41,272727.0
2025-05-29 14:50:00,205.39,205.66,205.25,205.5691,243500.0
2025-05-29 14:55:00,205.53,205.825,205.4693,205.775,393061.0
2025-05-29 15:00:00,205.77,205.84,205.33,205.49,622111.0
2025-05-29 15:05:00,205.49,205.6289,205.35,205.45,272828.0
2025-05-29 15:10:00,205.45,205.76,205.41,205.465,308353.0
2025-05-29 15:15:00,205.46,205.73,205.44,205.54,242068.0
2025-05-29 15:20:00,205.53,205.925,205.52,205.9,256637.0
2025-05-29 15:25:00,205.88,206.02,205.85,205.97,458290.0
2025-05-29 15:30:00,205.96,206.01,205.26,205.465,459778.0
2025-05-29 15:35:00,205.47,205.69,205.27,205.2719,339694.0
2025-05-29 15:40:00,205.28,205.51,205.19,205.37,362863.0
2025-05-29 15:45:00,205.37,205.54,205.28,205.31,212637.0
2025-05-29 15:50:00,205.32,205.725,205.32,205.49,701049.0
2025-05-29 15:55:00,205.49,205.58,204.62,204.84,561575.0
2025-05-29 16:00:00,204.83,204.9,204.47,204.78,533501.0
2025-05-30 09:30:00,205.49,205.6,205.47,205.55,5954.0
2025-05-30 09:35:00,205.6,205.6,205.49,205.49,573.0
2025-05-30 09:40:00,205.42,205.51,205.42,205.51,625.0
2025-05-30 09:45:00,205.51,205.59,205.51,205.59,420.0
2025-05-30 09:50:00,205.4,205.4,205.39,205.39,463.0
2025-05-30 09:55:00,205.26,205.28,205.26,205.27,1707.0
2025-05-30 10:00:00,205.19,205.39,205.18,205.36,1938.0
2025-05-30 10:05:00,205.5,205.5,205.5,205.5,282.0
2025-05-30 10:10:00,205.49,205.54,205.37,205.38,2112.0
2025-05-30 10:15:00,205.32,205.48,205.27,205.48,3247.0
2025-05-30 10:20:00,205.46,205.49,205.46,205.48,570.0
2025-05-30 10:25:00,205.51,205.51,205.49,205.49,368.0
2025-05-30 10:30:00,205.52,205.68,205.52,205.65,1220.0
2025-05-30 10:35:00,205.64,205.68,205.63,205.68,1182.0
2025-05-30 10:40:00,205.64,205.7,205.63,205.7,810.0
2025-05-30 10:45:00,205.67,205.69,205.58,205.58,893.0
2025-05-30 10:50:00,205.68,205.68,205.56,205.58,2272.0
2025-05-30 10:55:00,205.56,205.59,205.52,205.59,758.0
2025-05-30 11:00:00,205.66,205.73,205.57,205.57,3463.0
2025-05-30 11:05:00,205.61,205.76,205.6,205.76,7745.0
2025-05-30 11:10:00,205.77,205.83,205.77,205.77,2187.0
2025-05-30 11:15:00,205.75,205.84,205.75,205.84,1686.0
2025-05-30 11:20:00,205.84,205.87,205.82,205.82,817.0
2025-05-30 11:25:00,205.82,205.94,205.79,205.91,17045.0
2025-05-30 11:30:00,205.95,205.95,205.9,205.9,991.0
2025-05-30 11:40:00,205.82,205.83,205.7,205.75,2244.0
2025-05-30 11:45:00,205.75,205.81,205.74,205.74,1619.0
2025-05-30 11:50:00,205.88,205.88,205.78,205.78,1811.0
2025-05-30 11:55:00,205.7,205.72,205.67,205.71,1886.0
2025-05-30 12:00:00,205.72,205.98,205.5,205.81,13092.0
2025-05-30 12:05:00,205.78,205.83,204.39,205.41,42408.0
2025-05-30 12:10:00,205.39,205.41,204.09,204.61,98723.0
2025-05-30 12:15:00,204.41,204.98,204.34,204.76,61389.0
2025-05-30 12:20:00,204.75,204.96,204.51,204.66,21598.0
2025-05-30 12:25:00,204.62,204.78,204.4,204.61,42265.0
2025-05-30 12:30:00,204.69,205.25,204.69,205.1194,84508.0
2025-05-30 12:35:00,205.1,205.15,204.76,204.83,74075.0
2025-05-30 12:40:00,204.81,205.11,204.76,205.03,41408.0
2025-05-30 12:45:00,205.0,205.17,205.0,205.06,36495.0
2025-05-30 12:50:00,205.02,205.12,204.93,204.98,5879.0
2025-05-30 12:55:00,204.97,205.03,204.92,204.92,25984.0
2025-05-30 13:00:00,204.9,205.04,204.85,204.99,18118.0
2025-05-30 13:05:00,205.06,205.12,204.73,204.8,28737.0
2025-05-30 13:10:00,204.8,204.85,204.75,204.75,12090.0
2025-05-30 13:15:00,204.87,205.15,204.84,205.1204,37371.0
2025-05-30 13:20:00,205.11,205.11,204.82,204.84,24356.0
2025-05-30 13:25:00,204.84,205.19,204.75,205.19,23068.0
2025-05-30 13:30:00,205.14,205.17,204.09,204.34,844710.0
2025-05-30 13:35:00,204.35,204.36,203.955,204.2499,619225.0
2025-05-30 13:40:00,204.24,204.45,204.16,204.23,328714.0
2025-05-30 13:45:00,204.2,204.58,204.15,204.3,503688.0
2025-05-30 13:50:00,204.28,204.385,204.0,204.36,414214.0
2025-05-30 13:55:00,204.36,204.37,203.9,203.9405,370100.0
2025-05-30 14:00:00,204.0,204.54,203.96,204.41,393281.0
2025-05-30 14:05:00,204.44,204.835,204.44,204.77,348351.0
2025-05-30 14:10:00,204.78,205.15,204.75,205.04,359266.0
2025-05-30 14:15:00,205.035,205.21,204.995,205.21,452257.0
2025-05-30 14:20:00,205.21,205.24,205.06,205.16,173629.0
2025-05-30 14:25:00,205.17,205.38,205.1,205.325,239148.0
2025-05-30 14:30:00,205.32,205.51,205.27,205.44,276449.0
2025-05-30 14:35:00,205.45,205.675,205.37,205.66,265570.0
2025-05-30 14:40:00,205.66,205.66,205.31,205.32,342260.0
2025-05-30 14:45:00,205.32,205.355,205.175,205.29,449225.0
2025-05-30 14:50:00,205.3,205.34,205.08,205.29,427778.0
2025-05-30 14:55:00,205.2885,205.619,205.25,205.385,339925.0
2025-05-30 15:00:00,205.4,205.52,205.32,205.44,357287.0
2025-05-30 15:05:00,205.455,205.66,205.42,205.5085,352032.0
2025-05-30 15:10:00,205.52,205.6,205.36,205.47,258488.0
2025-05-30 15:15:00,205.485,205.55,205.26,205.28,221012.0
2025-05-30 15:20:00,205.28,205.62,205.28,205.59,325538.0
2025-05-30 15:25:00,205.57,205.87,205.505,205.76,300827.0
2025-05-30 15:30:00,205.76,205.82,205.23,205.33,393987.0
2025-05-30 15:35:00,205.33,205.41,205.175,205.325,225208.0
2025-05-30 15:40:00,205.32,205.32,205.06,205.105,249541.0
2025-05-30 15:45:00,205.09,205.475,205.05,205.475,208167.0
2025-05-30 15:50:00,205.48,205.57,205.34,205.46,167814.0
2025-05-30 15:55:00,205.46,205.57,205.35,205.37,241830.0
2025-05-30 16:00:00,205.37,205.385,205.12,205.21,442003.0
2025-06-02 09:30:00,204.01,204.05,203.97,204.03,3989.0
2025-06-02 09:35:00,204.02,204.18,204.02,204.18,224.0
2025-06-02 09:40:00,204.1,204.1,203.89,203.89,2974.0
2025-06-02 09:45:00,203.86,203.95,203.76,203.83,3712.0
2025-06-02 09:50:00,203.89,203.94,203.85,203.94,1622.0
2025-06-02 09:55:00,203.87,203.98,203.87,203.98,1716.0
2025-06-02 10:00:00,203.99,204.02,203.88,203.88,1522.0
2025-06-02 10:05:00,203.88,203.88,203.85,203.85,865.0
2025-06-02 10:10:00,204.1,204.32,204.1,204.32,1251.0
2025-06-02 10:15:00,204.29,204.29,204.09,204.27,3736.0
2025-06-02 10:20:00,204.08,204.08,204.08,204.08,287.0
2025-06-02 10:25:00,203.95,204.17,203.95,204.16,4809.0
2025-06-02 10:30:00,204.18,204.18,204.1,204.17,7543.0
2025-06-02 10:35:00,204.18,204.26,204.08,204.26,5759.0
2025-06-02 10:40:00,204.31,204.4,204.31,204.34,2838.0
2025-06-02 10:45:00,204.32,204.32,204.32,204.32,110.0
2025-06-02 10:50:00,204.28,204.35,204.28,204.35,791.0
2025-06-02 10:55:00,204.33,204.38,204.33,204.38,396.0
2025-06-02 11:00:00,204.36,204.5,204.3,204.5,12467.0
2025-06-02 11:05:00,204.55,204.6,204.52,204.59,1997.0
2025-06-02 11:10:00,204.67,204.83,204.52,204.78,22115.0
2025-06-02 11:15:00,204.78,204.79,204.64,204.67,6413.0
2025-06-02 11:20:00,204.7,204.76,204.63,204.74,8696.0
2025-06-02 11:25:00,204.73,204.81,204.73,204.81,7651.0
2025-06-02 11:30:00,204.78,205.05,204.76,205.02,7213.0
2025-06-02 11:35:00,204.95,205.09,204.94,204.96,8394.0
2025-06-02 11:40:00,204.98,204.98,204.94,204.98,6669.0
2025-06-02 11:45:00,204.95,205.01,204.9,205.0,3347.0
2025-06-02 11:50:00,205.0,205.0,204.86,204.93,18123.0
2025-06-02 11:55:00,204.98,204.98,204.8,204.81,17538.0
2025-06-02 12:00:00,204.72,205.03,203.02,204.81,78909.0
2025-06-02 12:05:00,204.77,204.79,204.71,204.72,924.0
2025-06-02 12:10:00,204.9,205.0,204.88,204.97,18437.0
2025-06-02 12:15:00,204.97,205.0,204.81,204.81,10167.0
2025-06-02 12:20:00,204.81,204.82,204.64,204.68,14326.0
2025-06-02 12:25:00,204.62,204.83,204.58,204.82,19025.0
2025-06-02 12:30:00,204.78,204.94,204.78,204.87,8822.0
2025-06-02 12:35:00,204.85,204.99,204.83,204.99,5514.0
2025-06-02 12:40:00,205.0,205.32,205.0,205.28,43919.0
2025-06-02 12:45:00,205.27,205.31,205.08,205.15,17069.0
2025-06-02 12:50:00,205.14,205.15,205.01,205.12,12752.0
2025-06-02 12:55:00,205.11,205.34,205.11,205.34,13734.0
2025-06-02 13:00:00,205.33,205.41,205.19,205.19,52349.0
2025-06-02 13:05:00,205.18,205.2,205.09,205.19,25977.0
2025-06-02 13:10:00,205.2,205.33,205.2,205.26,18698.0
2025-06-02 13:15:00,205.25,205.31,205.01,205.01,20602.0
2025-06-02 13:20:00,205.03,205.19,205.0,205.08,25550.0
2025-06-02 13:25:00,205.07,205.37,205.07,205.29,66335.0
2025-06-02 13:30:00,205.32,205.815,205.15,205.52,1348267.0
2025-06-02 13:35:00,205.5,205.52,205.09,205.43,775025.0
2025-06-02 13:40:00,205.43,205.43,204.55,204.58,454841.0
2025-06-02 13:45:00,204.59,204.69,203.815,203.97,831769.0
2025-06-02 13:50:00,203.96,203.96,203.2499,203.455,712422.0
2025-06-02 13:55:00,203.47,203.605,203.16,203.375,488327.0
2025-06-02 14:00:00,203.34,203.41,202.67,203.02,875351.0
2025-06-02 14:05:00,203.01,203.74,202.965,203.465,608035.0
2025-06-02 14:10:00,203.465,203.93,203.4,203.85,532898.0
2025-06-02 14:15:00,203.86,204.13,203.745,203.9082,358185.0
2025-06-02 14:20:00,203.88,204.78,203.85,204.5307,488063.0
2025-06-02 14:25:00,204.55,204.73,204.52,204.5847,378171.0
2025-06-02 14:30:00,204.58,204.875,204.485,204.84,336426.0
2025-06-02 14:35:00,204.84,204.995,204.5,204.5,706124.0
2025-06-02 14:40:00,204.51,204.57,204.31,204.47,378310.0
2025-06-02 14:45:00,204.49,204.82,204.425,204.79,156695.0
2025-06-02 14:50:00,204.79,204.875,204.652,204.67,148557.0
2025-06-02 14:55:00,204.65,204.95,204.55,204.9,337316.0
2025-06-02 15:00:00,204.9,205.0,204.66,204.72,368726.0
2025-06-02 15:05:00,204.73,204.97,204.67,204.76,271817.0
2025-06-02 15:10:00,204.75,205.545,204.67,205.06,184651.0
2025-06-02 15:15:00,205.06,205.25,204.99,205.21,209314.0
2025-06-02 15:20:00,205.22,205.3,205.15,205.255,178696.0
2025-06-02 15:25:00,205.26,205.33,204.89,204.935,273613.0
2025-06-02 15:30:00,204.95,205.07,204.77,204.79,399394.0
2025-06-02 15:35:00,204.79,205.015,204.78,204.9,525898.0
2025-06-02 15:40:00,204.9,205.32,204.82,205.31,234297.0
2025-06-02 15:45:00,205.31,205.44,205.21,205.32,282113.0
2025-06-02 15:50:00,205.32,205.58,205.26,205.455,217926.0
2025-06-02 15:55:00,205.45,205.51,205.215,205.35,182061.0
2025-06-02 16:00:00,205.36,205.385,204.95,205.14,323143.0
2025-06-03 09:30:00,204.87,204.87,204.82,204.87,581.0
2025-06-03 09:35:00,204.99,205.08,204.99,205.08,1257.0
2025-06-03 09:40:00,205.12,205.12,205.09,205.09,1673.0
2025-06-03 09:45:00,205.07,205.07,204.85,205.05,2445.0
2025-06-03 09:50:00,205.13,205.16,205.13,205.16,3010.0
2025-06-03 10:00:00,205.06,205.16,205.06,205.08,3165.0
2025-06-03 10:05:00,204.82,204.92,204.82,204.92,323.0
2025-06-03 10:10:00,204.95,204.95,204.95,204.95,342.0
2025-06-03 10:15:00,205.07,205.07,205.07,205.07,124.0
2025-06-03 10:20:00,205.09,205.1,205.09,205.09,399.0
2025-06-03 10:25:00,205.21,205.21,205.21,205.21,100.0
2025-06-03 10:30:00,205.18,205.18,205.08,205.11,1363.0
2025-06-03 10:35:00,205.1,205.12,205.06,205.12,4027.0
2025-06-03 10:40:00,205.12,205.22,205.11,205.2,3077.0
2025-06-03 10:45:00,205.17,205.17,205.17,205.17,210.0
2025-06-03 10:50:00,205.19,205.26,205.19,205.26,541.0
2025-06-03 10:55:00,205.34,205.46,205.34,205.46,3706.0
2025-06-03 11:00:00,205.4,205.46,205.39,205.4,734.0
2025-06-03 11:05:00,205.53,205.66,205.53,205.66,1254.0
2025-06-03 11:10:00,205.62,205.65,205.58,205.64,4218.0
2025-06-03 11:15:00,205.67,205.67,205.58,205.62,785.0
2025-06-03 11:20:00,205.61,205.79,205.61,205.79,2504.0
2025-06-03 11:25:00,205.79,205.91,205.78,205.89,4567.0
2025-06-03 11:30:00,205.89,205.98,205.84,205.95,17456.0
2025-06-03 11:35:00,205.94,206.1,205.94,206.05,18028.0
2025-06-03 11:40:00,206.09,206.2,206.05,206.1,9973.0
2025-06-03 11:45:00,206.07,206.12,205.94,205.95,2023.0
2025-06-03 11:50:00,205.98,206.05,205.95,206.05,4017.0
2025-06-03 11:55:00,206.07,206.14,206.07,206.1,6909.0
2025-06-03 12:00:00,204.78,206.25,203.94,206.16,32730.0
2025-06-03 12:05:00,206.15,206.26,206.05,206.23,10317.0
2025-06-03 12:10:00,206.19,206.32,205.71,206.32,21406.0
2025-06-03 12:15:00,206.28,206.42,206.27,206.29,9256.0
2025-06-03 12:20:00,206.3,206.4,206.19,206.4,4605.0
2025-06-03 12:25:00,206.39,206.6,206.39,206.58,14786.0
2025-06-03 12:30:00,206.52,206.56,206.43,206.49,7628.0
2025-06-03 12:35:00,206.46,206.47,206.24,206.27,12998.0
2025-06-03 12:40:00,206.3,206.35,206.22,206.22,9505.0
2025-06-03 12:45:00,206.23,206.39,205.71,206.39,37084.0
2025-06-03 12:50:00,206.36,206.48,206.33,206.39,35320.0
2025-06-03 12:55:00,206.43,206.57,206.43,206.56,6756.0
2025-06-03 13:00:00,206.55,206.6,206.33,206.57,18246.0
2025-06-03 13:05:00,206.54,206.65,206.54,206.57,15882.0
2025-06-03 13:10:00,206.65,206.68,206.47,206.53,6801.0
2025-06-03 13:15:00,206.53,206.61,206.52,206.58,5159.0
2025-06-03 13:20:00,206.51,206.73,206.51,206.66,30129.0
2025-06-03 13:25:00,206.64,206.66,206.43,206.43,58503.0
2025-06-03 13:30:00,206.46,206.61,205.55,206.05,1228921.0
2025-06-03 13:35:00,206.04,206.37,205.77,206.18,673143.0
2025-06-03 13:40:00,206.18,206.78,206.16,206.71,504920.0
2025-06-03 13:45:00,206.7,206.76,206.47,206.515,628340.0
2025-06-03 13:50:00,206.54,206.56,206.205,206.39,393889.0
2025-06-03 13:55:00,206.4,206.42,205.97,206.02,258960.0
2025-06-03 14:00:00,206.04,206.3898,206.03,206.16,429478.0
2025-06-03 14:05:00,206.15,206.21,205.58,206.07,299233.0
2025-06-03 14:10:00,206.08,206.32,205.98,206.31,299655.0
2025-06-03 14:15:00,206.31,206.835,206.23,206.76,335837.0
2025-06-03 14:20:00,206.78,207.2,206.68,207.145,445091.0
2025-06-03 14:25:00,207.15,207.475,206.98,207.47,402767.0
2025-06-03 14:30:00,207.46,207.53,207.3199,207.49,470468.0
2025-06-03 14:35:00,207.48,207.61,207.28,207.5274,368894.0
2025-06-03 14:40:00,207.53,207.685,207.42,207.63,394748.0
2025-06-03 14:45:00,207.625,207.95,207.61,207.9399,384919.0
2025-06-03 14:50:00,207.94,208.25,207.925,208.11,645498.0
2025-06-03 14:55:00,208.12,208.18,207.86,208.07,294398.0
2025-06-03 15:00:00,208.07,208.33,208.02,208.28,306286.0
2025-06-03 15:05:00,208.28,208.36,208.2,208.3,308921.0
2025-06-03 15:10:00,208.3,208.31,208.105,208.13,297453.0
2025-06-03 15:15:00,208.13,208.185,208.025,208.12,267289.0
2025-06-03 15:20:00,208.12,208.41,208.095,208.325,489634.0
2025-06-03 15:25:00,208.33,208.39,208.18,208.31,263891.0
2025-06-03 15:30:00,208.31,208.455,208.22,208.44,214668.0
2025-06-03 15:35:00,208.45,208.735,208.43,208.725,394987.0
2025-06-03 15:40:00,208.725,208.7999,208.64,208.76,187124.0
2025-06-03 15:45:00,208.7699,208.985,208.685,208.87,317170.0
2025-06-03 15:50:00,208.88,208.895,208.7401,208.81,349025.0
2025-06-03 15:55:00,208.8,208.975,208.76,208.97,266111.0
2025-06-03 16:00:00,208.96,208.98,208.77,208.935,245942.0
2025-06-04 09:30:00,209.9,209.9,209.9,209.9,269.0
2025-06-04 09:35:00,209.85,209.85,209.85,209.85,316.0
2025-06-04 09:40:00,209.76,209.86,209.76,209.86,356.0
2025-06-04 09:45:00,209.74,209.78,209.68,209.68,1839.0
2025-06-04 09:55:00,209.65,209.65,209.65,209.65,561.0
2025-06-04 10:00:00,209.61,209.71,209.61,209.69,466.0
2025-06-04 10:05:00,209.66,209.85,209.66,209.84,2314.0
2025-06-04 10:10:00,209.85,209.87,209.75,209.75,2500.0
2025-06-04 10:15:00,209.78,209.78,209.76,209.76,1313.0
2025-06-04 10:20:00,209.69,209.69,209.58,209.58,736.0
2025-06-04 10:25:00,209.68,209.68,209.63,209.66,2189.0
2025-06-04 10:30:00,209.63,209.63,209.57,209.57,2336.0
2025-06-04 10:35:00,209.54,209.67,209.51,209.66,3049.0
2025-06-04 10:45:00,209.59,209.66,209.53,209.62,2173.0
2025-06-04 10:50:00,209.55,209.62,209.55,209.6,2260.0
2025-06-04 10:55:00,209.58,209.6,209.58,209.59,3512.0
2025-06-04 11:00:00,209.68,209.76,209.68,209.71,4288.0
2025-06-04 11:05:00,209.7,209.7,209.63,209.64,1774.0
2025-06-04 11:10:00,209.6,209.6,209.55,209.55,1703.0
2025-06-04 11:15:00,209.61,209.61,209.6,209.6,326.0
2025-06-04 11:20:00,209.51,209.51,209.44,209.44,1671.0
2025-06-04 11:25:00,209.42,209.42,209.3,209.34,4153.0
2025-06-04 11:30:00,209.31,209.32,209.24,209.28,4527.0
2025-06-04 11:35:00,209.37,209.46,209.31,209.46,1642.0
2025-06-04 11:40:00,209.45,209.53,209.38,209.53,3162.0
2025-06-04 11:45:00,209.56,209.59,209.55,209.58,3576.0
2025-06-04 11:50:00,209.59,209.61,209.59,209.61,538.0
2025-06-04 11:55:00,209.57,209.61,209.57,209.61,1571.0
2025-06-04 12:00:00,209.6,210.0104,209.08,209.56,25680.0
2025-06-04 12:05:00,209.551,209.69,209.551,209.62,3128.0
2025-06-04 12:10:00,209.55,209.7299,209.54,209.69,4748.0
2025-06-04 12:15:00,209.53,209.55,209.06,209.23,56694.0
2025-06-04 12:20:00,209.27,209.29,208.87,208.9,145201.0
2025-06-04 12:25:00,208.9,209.07,208.87,208.93,90608.0
2025-06-04 12:30:00,209.09,209.17,208.93,209.0,43714.0
2025-06-04 12:35:00,209.02,209.14,208.87,208.89,14507.0
2025-06-04 12:40:00,208.94,208.98,208.76,208.8507,32805.0
2025-06-04 12:45:00,208.86,209.0486,208.82,209.0486,6837.0
2025-06-04 12:50:00,209.05,209.05,208.89,208.9699,5434.0
2025-06-04 12:55:00,208.95,209.01,208.89,209.01,3801.0
2025-06-04 13:00:00,209.02,209.02,208.92,208.95,21114.0
2025-06-04 13:05:00,208.98,208.98,208.82,208.84,5602.0
2025-06-04 13:10:00,208.85,208.97,208.84,208.92,15166.0
2025-06-04 13:15:00,208.94,209.1,208.93,209.1,7393.0
2025-06-04 13:20:00,209.16,209.46,209.16,209.31,37218.0
2025-06-04 13:25:00,209.3301,209.3301,208.94,209.18,229006.0
2025-06-04 13:30:00,209.18,209.98,208.95,209.88,1149331.0
2025-06-04 13:35:00,209.89,210.01,209.685,209.885,620814.0
2025-06-04 13:40:00,209.89,209.9,209.52,209.62,366079.0
2025-06-04 13:45:00,209.595,209.82,209.58,209.79,360717.0
2025-06-04 13:50:00,209.78,209.78,209.24,209.29,375192.0
2025-06-04 13:55:00,209.28,209.43,209.12,209.3506,175039.0
2025-06-04 14:00:00,209.33,209.33,208.5,208.66,858068.0
2025-06-04 14:05:00,208.67,208.79,208.14,208.49,756904.0
2025-06-04 14:10:00,208.495,208.79,208.44,208.79,939483.0
2025-06-04 14:15:00,208.78,209.21,208.76,209.175,438336.0
2025-06-04 14:20:00,209.17,209.19,208.87,209.12,302286.0
2025-06-04 14:25:00,209.125,209.335,209.085,209.18,300040.0
2025-06-04 14:30:00,209.17,209.21,208.95,208.99,273275.0
2025-06-04 14:35:00,208.98,209.07,208.64,208.73,276992.0
2025-06-04 14:40:00,208.72,208.76,208.49,208.52,439290.0
2025-06-04 14:45:00,208.52,208.78,208.43,208.62,403201.0
2025-06-04 14:50:00,208.62,208.695,208.45,208.66,284536.0
2025-06-04 14:55:00,208.66,208.68,208.3801,208.67,318869.0
2025-06-04 15:00:00,208.66,208.75,208.48,208.69,234994.0
2025-06-04 15:05:00,208.68,208.88,208.67,208.79,260960.0
2025-06-04 15:10:00,208.79,208.89,208.71,208.73,196516.0
2025-06-04 15:15:00,208.73,208.875,208.55,208.7601,430155.0
2025-06-04 15:20:00,208.76,208.79,208.6,208.74,228379.0
2025-06-04 15:25:00,208.75,208.76,208.58,208.61,313871.0
2025-06-04 15:30:00,208.6,208.745,208.45,208.665,229590.0
2025-06-04 15:35:00,208.66,208.82,208.51,208.77,348405.0
2025-06-04 15:40:00,208.77,208.83,208.39,208.45,451916.0
2025-06-04 15:45:00,208.45,208.77,208.425,208.75,292792.0
2025-06-04 15:50:00,208.76,208.9,208.76,208.81,245783.0
2025-06-04 15:55:00,208.825,208.88,208.52,208.5899,212508.0
2025-06-04 16:00:00,208.57,208.68,208.52,208.55,154217.0
2025-06-05 09:30:00,208.74,208.74,208.73,208.73,435.0
2025-06-05 09:35:00,208.73,208.8,208.73,208.78,2057.0
2025-06-05 09:45:00,208.84,208.84,208.84,208.84,130.0
2025-06-05 09:50:00,208.72,208.72,208.65,208.65,275.0
2025-06-05 09:55:00,208.65,208.65,208.65,208.65,217.0
2025-06-05 10:00:00,208.69,208.81,208.66,208.81,2542.0
2025-06-05 10:05:00,208.81,208.81,208.75,208.75,456.0
2025-06-05 10:10:00,208.87,208.87,208.87,208.87,489.0
2025-06-05 10:15:00,208.81,208.87,208.81,208.87,1261.0
2025-06-05 10:20:00,208.87,208.87,208.85,208.85,256.0
2025-06-05 10:25:00,208.84,208.84,208.81,208.81,317.0
2025-06-05 10:30:00,208.96,208.96,208.94,208.95,443.0
2025-06-05 10:35:00,208.91,208.92,208.85,208.86,1271.0
2025-06-05 10:40:00,208.76,208.88,208.55,208.58,7346.0
2025-06-05 10:45:00,208.61,208.66,208.56,208.56,3037.0
2025-06-05 10:50:00,208.62,208.62,208.58,208.59,2560.0
2025-06-05 10:55:00,208.66,208.66,208.64,208.64,384.0
2025-06-05 11:00:00,208.58,208.62,208.48,208.55,2773.0
2025-06-05 11:05:00,208.47,208.51,208.42,208.51,3239.0
2025-06-05 11:10:00,208.52,208.53,208.47,208.47,2927.0
2025-06-05 11:15:00,208.4,208.4,208.35,208.35,550.0
2025-06-05 11:20:00,208.38,208.44,208.38,208.4,4291.0
2025-06-05 11:25:00,208.34,208.35,208.34,208.35,1115.0
2025-06-05 11:35:00,208.4,208.4,208.4,208.4,169.0
2025-06-05 11:40:00,208.28,208.3,208.25,208.25,4175.0
2025-06-05 11:45:00,208.28,208.45,208.28,208.45,832.0
2025-06-05 11:50:00,208.53,208.53,208.47,208.47,4279.0
2025-06-05 11:55:00,208.38,208.38,208.31,208.36,1013.0
2025-06-05 12:00:00,208.35,208.92,208.27,208.34,13410.0
2025-06-05 12:05:00,208.35,208.52,208.35,208.51,2180.0
2025-06-05 12:10:00,208.5,208.69,208.5,208.66,16796.0
2025-06-05 12:15:00,208.67,208.7281,208.6,208.6,12759.0
2025-06-05 12:20:00,208.62,208.67,208.53,208.54,1237.0
2025-06-05 12:25:00,208.5,208.5,208.39,208.39,7214.0
2025-06-05 12:30:00,208.33,208.36,207.79,208.11,136413.0
2025-06-05 12:35:00,208.01,208.22,207.96,208.05,28737.0
2025-06-05 12:40:00,208.04,208.28,208.04,208.11,13943.0
2025-06-05 12:45:00,208.07,210.07,208.07,209.3,179856.0
2025-06-05 12:50:00,209.28,210.01,209.03,209.27,419074.0
2025-06-05 12:55:00,209.26,209.51,208.91,208.99,43798.0
2025-06-05 13:00:00,208.99,209.27,208.94,209.1999,45282.0
2025-06-05 13:05:00,209.19,209.19,208.97,209.11,24332.0
2025-06-05 13:10:00,209.12,209.12,208.7401,208.7401,8396.0
2025-06-05 13:15:00,208.8,208.82,208.48,208.8,17163.0
2025-06-05 13:20:00,208.76,208.76,208.41,208.52,16804.0
2025-06-05 13:25:00,208.5,208.73,208.47,208.71,4527.0
2025-06-05 13:30:00,208.7,208.725,208.08,208.53,1168884.0
2025-06-05 13:35:00,208.54,208.59,207.88,208.015,590457.0
2025-06-05 13:40:00,208.01,208.33,207.89,208.22,543551.0
2025-06-05 13:45:00,208.21,208.245,207.6,207.78,519930.0
2025-06-05 13:50:00,207.77,207.97,207.17,207.38,868050.0
2025-06-05 13:55:00,207.37,207.44,207.0,207.39,697526.0
2025-06-05 14:00:00,207.4,207.82,207.37,207.7701,417134.0
2025-06-05 14:05:00,207.79,208.152,207.68,207.69,387278.0
2025-06-05 14:10:00,207.68,208.06,207.67,207.88,311164.0
2025-06-05 14:15:00,207.88,208.13,207.63,207.8,481562.0
2025-06-05 14:20:00,207.8,208.295,207.69,208.235,388180.0
2025-06-05 14:25:00,208.23,208.33,208.0,208.16,471720.0
2025-06-05 14:30:00,208.16,208.26,207.73,207.73,411639.0
2025-06-05 14:35:00,207.73,208.23,207.19,208.08,844699.0
2025-06-05 14:40:00,208.09,208.84,207.78,208.3,1051696.0
2025-06-05 14:45:00,208.28,208.75,208.14,208.2295,619479.0
2025-06-05 14:50:00,208.23,208.37,207.98,208.35,350410.0
2025-06-05 14:55:00,208.37,208.73,208.3159,208.715,309764.0
2025-06-05 15:00:00,208.71,208.92,208.61,208.89,281571.0
2025-06-05 15:05:00,208.87,208.89,208.67,208.85,239538.0
2025-06-05 15:10:00,208.86,208.94,208.82,208.89,216799.0
2025-06-05 15:15:00,208.895,209.31,208.84,209.24,324835.0
2025-06-05 15:20:00,209.24,209.355,209.175,209.31,262802.0
2025-06-05 15:25:00,209.3,209.43,209.19,209.4,191565.0
2025-06-05 15:30:00,209.39,209.455,209.34,209.4,120055.0
2025-06-05 15:35:00,209.4,209.465,209.27,209.38,240577.0
2025-06-05 15:40:00,209.38,209.485,209.26,209.42,155657.0
2025-06-05 15:45:00,209.415,209.42,209.225,209.23,136490.0
2025-06-05 15:50:00,209.24,209.43,209.24,209.41,139130.0
2025-06-05 15:55:00,209.42,209.6,209.385,209.51,338925.0
2025-06-05 16:00:00,209.52,209.72,209.5,209.69,302470.0
2025-06-06 09:30:00,209.74,209.74,209.71,209.71,675.0
2025-06-06 09:35:00,209.8,209.85,209.8,209.85,2610.0
2025-06-06 09:40:00,209.82,209.82,209.76,209.78,1087.0
2025-06-06 09:45:00,209.69,209.7,209.67,209.7,880.0
2025-06-06 09:50:00,209.7,209.76,209.7,209.76,1089.0
2025-06-06 09:55:00,209.71,209.73,209.7,209.7,1789.0
2025-06-06 10:00:00,209.71,209.71,209.57,209.68,3206.0
2025-06-06 10:05:00,209.61,209.61,209.61,209.61,106.0
2025-06-06 10:10:00,209.61,209.62,209.6,209.6,675.0
2025-06-06 10:20:00,209.75,209.77,209.66,209.71,2644.0
2025-06-06 10:25:00,209.72,209.73,209.69,209.71,2826.0
2025-06-06 10:35:00,209.52,209.6,209.52,209.6,740.0
2025-06-06 10:40:00,209.54,209.58,209.53,209.55,993.0
2025-06-06 10:45:00,209.58,209.61,209.54,209.61,4269.0
2025-06-06 10:50:00,209.54,209.54,209.44,209.47,2613.0
2025-06-06 10:55:00,209.42,209.43,209.36,209.4,3670.0
2025-06-06 11:00:00,209.39,209.4,209.29,209.37,4483.0
2025-06-06 11:05:00,209.36,209.39,209.34,209.34,7248.0
2025-06-06 11:10:00,209.35,209.35,209.21,209.23,13176.0
2025-06-06 11:15:00,209.2,209.28,209.19,209.28,4692.0
2025-06-06 11:20:00,209.34,209.424,209.339,209.36,9590.0
2025-06-06 11:25:00,209.45,209.49,209.42,209.42,2763.0
2025-06-06 11:30:00,209.37,209.57,209.37,209.55,2013.0
2025-06-06 11:35:00,209.54,209.57,209.54,209.55,2239.0
2025-06-06 11:40:00,209.6,209.6,209.48,209.56,6107.0
2025-06-06 11:45:00,209.55,209.65,209.54,209.6,4826.0
2025-06-06 11:50:00,209.63,209.64,209.63,209.64,772.0
2025-06-06 11:55:00,209.66,209.68,209.64,209.68,969.0
2025-06-06 12:00:00,209.28,210.0,209.2,209.7701,76459.0
2025-06-06 12:05:00,209.75,209.81,209.68,209.8,12910.0
2025-06-06 12:10:00,209.81,209.81,209.71,209.8099,16535.0
2025-06-06 12:15:00,209.76,209.79,209.47,209.47,37014.0
2025-06-06 12:20:00,209.5,209.66,209.47,209.66,35734.0
2025-06-06 12:25:00,209.67,209.87,209.64,209.82,31344.0
2025-06-06 12:30:00,210.0,211.5,210.0,211.27,352256.0
2025-06-06 12:35:00,211.27,211.41,210.98,211.09,130423.0
2025-06-06 12:40:00,211.13,211.31,210.97,211.17,25288.0
2025-06-06 12:45:00,211.22,211.26,210.74,210.77,26478.0
2025-06-06 12:50:00,210.79,211.25,210.79,211.02,85437.0
2025-06-06 12:55:00,211.05,211.33,211.04,211.24,26835.0
2025-06-06 13:00:00,211.26,211.44,211.11,211.27,33043.0
2025-06-06 13:05:00,211.24,211.31,211.18,211.2,9103.0
2025-06-06 13:10:00,211.17,211.54,211.17,211.39,22102.0
2025-06-06 13:15:00,211.45,211.99,211.45,211.96,38852.0
2025-06-06 13:20:00,211.91,212.11,211.69,211.7,121157.0
2025-06-06 13:25:00,211.77,211.91,211.44,211.5,96262.0
2025-06-06 13:30:00,211.5,211.65,211.02,211.54,1776880.0
2025-06-06 13:35:00,211.54,211.99,211.42,211.965,1130005.0
2025-06-06 13:40:00,211.965,212.1284,211.72,211.725,708011.0
2025-06-06 13:45:00,211.74,211.8475,211.405,211.485,775758.0
2025-06-06 13:50:00,211.49,211.62,211.05,211.12,966259.0
2025-06-06 13:55:00,211.13,211.18,210.73,211.07,1001190.0
2025-06-06 14:00:00,211.06,211.15,210.635,210.785,626340.0
2025-06-06 14:05:00,210.81,211.06,210.678,211.0501,616832.0
2025-06-06 14:10:00,211.055,211.135,210.6,211.065,610978.0
2025-06-06 14:15:00,211.07,211.095,210.74,210.95,367934.0
2025-06-06 14:20:00,210.94,211.27,210.93,211.24,408815.0
2025-06-06 14:25:00,211.23,211.31,211.04,211.17,355495.0
2025-06-06 14:30:00,211.16,211.29,211.06,211.21,273637.0
2025-06-06 14:35:00,211.2,211.41,211.14,211.33,210809.0
2025-06-06 14:40:00,211.32,211.54,211.3,211.445,214939.0
2025-06-06 14:45:00,211.43,211.795,211.34,211.75,296494.0
2025-06-06 14:50:00,211.74,211.845,211.655,211.78,193624.0
2025-06-06 14:55:00,211.79,211.815,211.65,211.66,273919.0
2025-06-06 15:00:00,211.65,211.925,211.635,211.87,266367.0
2025-06-06 15:05:00,211.86,212.1,211.84,211.98,538686.0
2025-06-06 15:10:00,211.99,211.99,211.7,211.86,285099.0
2025-06-06 15:15:00,211.86,211.86,210.905,211.04,498807.0
2025-06-06 15:20:00,211.03,211.21,210.69,211.17,588471.0
2025-06-06 15:25:00,211.18,211.34,211.1,211.31,306174.0
2025-06-06 15:30:00,211.305,211.49,211.255,211.37,358713.0
2025-06-06 15:35:00,211.37,211.38,211.16,211.22,256403.0
2025-06-06 15:40:00,211.22,211.3878,211.105,211.3,239235.0
2025-06-06 15:45:00,211.31,211.53,211.2699,211.51,162854.0
2025-06-06 15:50:00,211.51,211.65,211.51,211.6,161836.0
2025-06-06 15:55:00,211.61,211.65,211.36,211.53,264825.0
2025-06-06 16:00:00,211.53,211.675,211.5,211.59,137357.0
2025-06-09 09:30:00,213.58,213.58,213.58,213.58,122.0
2025-06-09 09:35:00,213.52,213.57,213.52,213.53,723.0
2025-06-09 09:40:00,213.59,213.59,213.59,213.59,108.0
2025-06-09 09:45:00,213.6,213.6,213.51,213.53,614.0
2025-06-09 09:50:00,213.52,213.53,213.45,213.45,1921.0
2025-06-09 09:55:00,213.51,213.51,213.36,213.36,11349.0
2025-06-09 10:00:00,213.37,213.37,213.28,213.33,31164.0
2025-06-09 10:05:00,213.3,213.3,213.25,213.25,15231.0
2025-06-09 10:10:00,213.25,213.25,213.2,213.21,6238.0
2025-06-09 10:15:00,213.39,213.46,213.39,213.46,362.0
2025-06-09 10:20:00,213.47,213.47,213.47,213.47,515.0
2025-06-09 10:25:00,213.36,213.36,213.35,213.35,2520.0
2025-06-09 10:30:00,213.35,213.54,213.35,213.41,5102.0
2025-06-09 10:35:00,213.47,213.47,213.43,213.44,354.0
2025-06-09 10:40:00,213.4,213.41,213.29,213.3,3357.0
2025-06-09 10:45:00,213.31,213.32,213.29,213.3,1128.0
2025-06-09 10:50:00,213.23,213.29,213.23,213.29,1320.0
2025-06-09 11:00:00,213.37,213.43,213.33,213.38,9653.0
2025-06-09 11:05:00,213.41,213.53,213.41,213.52,1177.0
2025-06-09 11:10:00,213.5,213.5,213.5,213.5,305.0
2025-06-09 11:15:00,213.35,213.46,213.33,213.41,15373.0
2025-06-09 11:20:00,213.43,213.47,213.39,213.39,2716.0
2025-06-09 11:25:00,213.39,213.39,213.29,213.29,3460.0
2025-06-09 11:30:00,213.4,213.55,213.36,213.5,2472.0
2025-06-09 11:35:00,213.48,213.65,213.48,213.6,15246.0
2025-06-09 11:40:00,213.62,213.66,213.52,213.53,3801.0
2025-06-09 11:45:00,213.5,213.52,213.46,213.509,5144.0
2025-06-09 11:50:00,213.53,213.57,213.51,213.57,3086.0
2025-06-09 11:55:00,213.59,213.74,213.59,213.7,3137.0
2025-06-09 12:00:00,213.3502,213.8,212.05,213.67,24039.0
2025-06-09 12:05:00,213.68,213.68,213.59,213.59,2019.0
2025-06-09 12:10:00,213.62,213.63,213.58,213.63,3504.0
2025-06-09 12:15:00,213.62,213.72,213.55,213.72,4877.0
2025-06-09 12:20:00,213.8,213.88,213.76,213.76,33284.0
2025-06-09 12:25:00,213.77,213.86,213.77,213.8,20949.0
2025-06-09 12:30:00,213.79,213.81,213.68,213.73,6395.0
2025-06-09 12:35:00,213.72,213.83,213.66,213.68,7660.0
2025-06-09 12:40:00,213.69,213.77,213.59,213.76,8011.0
2025-06-09 12:45:00,213.75,213.77,213.66,213.73,5835.0
2025-06-09 12:50:00,213.73,213.81,213.67,213.79,4808.0
2025-06-09 12:55:00,213.69,213.76,213.67,213.71,8251.0
2025-06-09 13:00:00,213.73,213.9,213.73,213.9,19089.0
2025-06-09 13:05:00,213.9,213.93,213.8,213.8,12314.0
2025-06-09 13:10:00,213.83,213.95,213.82,213.85,9046.0
2025-06-09 13:15:00,213.85,213.85,213.65,213.73,33441.0
2025-06-09 13:20:00,213.78,213.99,213.76,213.8,17777.0
2025-06-09 13:25:00,213.79,213.99,213.63,213.87,46849.0
2025-06-09 13:30:00,213.87,213.99,212.76,212.86,1767485.0
2025-06-09 13:35:00,212.87,213.35,212.78,212.97,1197838.0
2025-06-09 13:40:00,212.96,213.16,212.85,212.95,886590.0
2025-06-09 13:45:00,212.95,213.18,212.6,212.84,1115008.0
2025-06-09 13:50:00,212.84,212.87,212.58,212.795,930715.0
2025-06-09 13:55:00,212.795,212.94,212.59,212.84,825904.0
2025-06-09 14:00:00,212.85,213.1,212.81,212.99,765638.0
2025-06-09 14:05:00,212.99,213.19,212.9001,213.16,727495.0
2025-06-09 14:10:00,213.16,213.425,213.13,213.17,616979.0
2025-06-09 14:15:00,213.16,213.505,213.13,213.3,736244.0
2025-06-09 14:20:00,213.285,213.6199,213.28,213.615,716464.0
2025-06-09 14:25:00,213.62,213.67,213.465,213.475,599018.0
2025-06-09 14:30:00,213.48,213.72,213.365,213.365,673159.0
2025-06-09 14:35:00,213.375,213.45,213.13,213.17,409269.0
2025-06-09 14:40:00,213.18,213.24,212.81,212.845,513379.0
2025-06-09 14:45:00,212.84,212.87,212.59,212.69,790065.0
2025-06-09 14:50:00,212.68,212.9,212.55,212.725,293723.0
2025-06-09 14:55:00,212.73,212.885,212.66,212.885,228678.0
2025-06-09 15:00:00,212.89,213.045,212.88,212.935,379099.0
2025-06-09 15:05:00,212.94,213.07,212.925,213.035,952569.0
2025-06-09 15:10:00,213.035,213.145,213.015,213.08,163396.0
2025-06-09 15:15:00,213.075,213.105,212.96,213.045,366095.0
2025-06-09 15:20:00,213.04,213.13,212.89,212.975,253394.0
2025-06-09 15:25:00,212.975,212.99,212.86,212.915,217572.0
2025-06-09 15:30:00,212.92,213.1,212.92,213.01,698725.0
2025-06-09 15:35:00,213.02,213.17,213.015,213.1,370010.0
2025-06-09 15:40:00,213.1,213.2,213.075,213.17,196712.0
2025-06-09 15:45:00,213.175,213.238,213.115,213.23,177673.0
2025-06-09 15:50:00,213.24,213.2899,213.18,213.265,128836.0
2025-06-09 15:55:00,213.26,213.285,213.13,213.19,178712.0
2025-06-09 16:00:00,213.19,213.37,213.18,213.225,301301.0
2025-06-10 09:30:00,213.8,213.81,213.8,213.81,256.0
2025-06-10 09:35:00,213.74,213.84,213.74,213.84,1304.0
2025-06-10 09:40:00,213.82,213.82,213.74,213.76,720.0
2025-06-10 09:45:00,213.71,213.75,213.71,213.75,1820.0
2025-06-10 09:50:00,213.68,213.82,213.68,213.82,753.0
2025-06-10 09:55:00,213.78,213.8,213.76,213.76,341.0
2025-06-10 10:00:00,213.76,213.9,213.76,213.9,1401.0
2025-06-10 10:05:00,213.95,213.96,213.86,213.86,461.0
2025-06-10 10:10:00,213.96,213.96,213.9,213.9,2765.0
2025-06-10 10:15:00,213.95,213.95,213.95,213.95,234.0
2025-06-10 10:25:00,214.0,214.02,214.0,214.0,768.0
2025-06-10 10:30:00,214.0,214.0,214.0,214.0,173.0
2025-06-10 10:35:00,213.99,213.99,213.93,213.99,10503.0
2025-06-10 10:40:00,213.93,213.99,213.93,213.98,1056.0
2025-06-10 10:45:00,213.93,213.93,213.93,213.93,111.0
2025-06-10 10:50:00,213.96,214.0,213.96,214.0,7238.0
2025-06-10 10:55:00,213.98,213.98,213.98,213.98,122.0
2025-06-10 11:00:00,213.98,214.09,213.96,214.09,2789.0
2025-06-10 11:05:00,214.06,214.06,213.78,213.79,3049.0
2025-06-10 11:10:00,213.87,213.87,213.87,213.87,397.0
2025-06-10 11:15:00,213.91,214.02,213.91,214.02,2226.0
2025-06-10 11:20:00,214.01,214.15,214.01,214.09,2448.0
2025-06-10 11:25:00,213.93,213.98,213.93,213.98,2059.0
2025-06-10 11:30:00,214.07,214.19,214.07,214.17,2449.0
2025-06-10 11:35:00,214.18,214.19,214.03,214.03,1888.0
2025-06-10 11:40:00,214.03,214.04,213.92,213.95,6168.0
2025-06-10 11:45:00,213.94,214.04,213.94,214.04,8583.0
2025-06-10 11:50:00,214.01,214.11,214.01,214.11,15722.0
2025-06-10 11:55:00,214.2,214.229,214.16,214.19,8552.0
2025-06-10 12:00:00,214.04,214.41,213.12,214.2207,23975.0
2025-06-10 12:05:00,214.21,214.21,214.2,214.2,691.0
2025-06-10 12:10:00,214.28,214.38,214.28,214.32,34921.0
2025-06-10 12:15:00,214.31,214.42,214.31,214.41,5784.0
2025-06-10 12:20:00,214.27,214.31,214.22,214.31,4341.0
2025-06-10 12:25:00,214.33,214.33,214.22,214.28,5058.0
2025-06-10 12:30:00,214.31,214.35,214.25,214.29,14391.0
2025-06-10 12:35:00,214.29,214.4,214.29,214.39,4202.0
2025-06-10 12:40:00,214.41,214.47,214.4,214.46,4934.0
2025-06-10 12:45:00,214.47,214.66,214.45,214.4793,16739.0
2025-06-10 12:50:00,214.45,214.45,214.25,214.31,5429.0
2025-06-10 12:55:00,214.3,214.35,214.28,214.32,12210.0
2025-06-10 13:00:00,214.3,214.4,214.3,214.33,4815.0
2025-06-10 13:05:00,214.44,214.44,214.39,214.44,4312.0
2025-06-10 13:10:00,214.48,214.57,214.48,214.57,7436.0
2025-06-10 13:15:00,214.44,214.53,214.44,214.49,10063.0
2025-06-10 13:20:00,214.54,214.6,214.41,214.42,15388.0
2025-06-10 13:25:00,214.42,214.48,214.25,214.48,9084.0
2025-06-10 13:30:00,214.46,214.64,214.14,214.17,851112.0
2025-06-10 13:35:00,214.16,214.21,213.98,214.1,448450.0
2025-06-10 13:40:00,214.09,214.52,214.05,214.35,444496.0
2025-06-10 13:45:00,214.37,214.39,214.13,214.318,272090.0
2025-06-10 13:50:00,214.32,214.555,214.22,214.29,300730.0
2025-06-10 13:55:00,214.2701,214.54,214.225,214.54,187698.0
2025-06-10 14:00:00,214.54,214.87,214.52,214.745,343750.0
2025-06-10 14:05:00,214.74,214.97,214.72,214.815,457916.0
2025-06-10 14:10:00,214.82,215.36,214.82,215.07,820056.0
2025-06-10 14:15:00,215.06,215.21,215.0,215.075,593397.0
2025-06-10 14:20:00,215.08,215.35,215.01,215.31,508680.0
2025-06-10 14:25:00,215.3,215.315,215.06,215.16,339228.0
2025-06-10 14:30:00,215.17,215.17,214.945,215.035,340913.0
2025-06-10 14:35:00,215.035,215.205,214.92,215.18,296613.0
2025-06-10 14:40:00,215.18,215.43,215.15,215.33,451915.0
2025-06-10 14:45:00,215.32,215.34,215.13,215.22,253782.0
2025-06-10 14:50:00,215.21,215.26,214.94,214.94,426266.0
2025-06-10 14:55:00,214.96,214.99,214.75,214.8,358726.0
2025-06-10 15:00:00,214.8,215.02,214.75,214.88,275638.0
2025-06-10 15:05:00,214.87,214.96,214.69,214.72,256929.0
2025-06-10 15:10:00,214.7,214.91,214.615,214.81,233980.0
2025-06-10 15:15:00,214.8,214.965,214.75,214.895,213700.0
2025-06-10 15:20:00,214.88,215.01,214.785,214.935,233301.0
2025-06-10 15:25:00,214.93,215.09,214.9,215.06,304212.0
2025-06-10 15:30:00,215.06,215.06,214.2,214.54,725969.0
2025-06-10 15:35:00,214.54,214.71,214.4,214.63,489178.0
2025-06-10 15:40:00,214.63,214.77,214.48,214.76,265028.0
2025-06-10 15:45:00,214.75,214.805,214.64,214.66,213682.0
2025-06-10 15:50:00,214.65,214.86,214.65,214.745,294242.0
2025-06-10 15:55:00,214.74,214.815,214.665,214.7,174714.0
2025-06-10 16:00:00,214.7,214.9,214.68,214.73,416508.0
2025-06-11 09:30:00,214.89,214.99,214.89,214.94,2578.0
2025-06-11 09:40:00,214.81,214.81,214.72,214.72,1539.0
2025-06-11 09:50:00,214.55,214.55,214.43,214.43,360.0
2025-06-11 09:55:00,214.46,214.46,214.46,214.46,214.0
2025-06-11 10:00:00,214.39,214.49,214.39,214.48,537.0
2025-06-11 10:05:00,214.57,214.64,214.57,214.64,2523.0
2025-06-11 10:15:00,214.51,214.6,214.51,214.58,832.0
2025-06-11 10:20:00,214.57,214.58,214.57,214.58,230.0
2025-06-11 10:25:00,214.61,214.61,214.61,214.61,105.0
2025-06-11 10:30:00,214.63,214.64,214.63,214.64,359.0
2025-06-11 10:35:00,214.55,214.57,214.55,214.57,693.0
2025-06-11 10:40:00,214.58,214.64,214.47,214.64,2808.0
2025-06-11 10:45:00,214.72,214.72,214.72,214.72,133.0
2025-06-11 10:50:00,214.58,214.58,214.58,214.58,147.0
2025-06-11 10:55:00,214.7,214.74,214.68,214.68,488.0
2025-06-11 11:00:00,214.51,214.51,214.49,214.49,3500.0
2025-06-11 11:05:00,214.5,214.51,214.5,214.51,432.0
2025-06-11 11:10:00,214.41,214.41,214.33,214.33,2831.0
2025-06-11 11:15:00,214.27,214.27,214.14,214.19,4603.0
2025-06-11 11:20:00,214.25,214.3,214.21,214.27,1507.0
2025-06-11 11:25:00,214.31,214.36,214.25,214.36,6561.0
2025-06-11 11:30:00,214.38,214.43,214.36,214.42,12092.0
2025-06-11 11:35:00,214.42,214.42,214.36,214.37,3434.0
2025-06-11 11:40:00,214.41,214.49,214.41,214.48,2431.0
2025-06-11 11:45:00,214.52,214.56,214.51,214.52,4989.0
2025-06-11 11:50:00,214.54,214.54,214.43,214.54,3271.0
2025-06-11 11:55:00,214.59,214.61,214.48,214.48,22142.0
2025-06-11 12:00:00,214.5,215.06,214.13,214.85,86231.0
2025-06-11 12:05:00,214.9,214.91,214.13,214.28,173989.0
2025-06-11 12:10:00,214.28,214.56,214.23,214.33,85783.0
2025-06-11 12:15:00,214.28,214.36,214.15,214.15,10583.0
2025-06-11 12:20:00,214.24,214.26,214.18,214.25,4280.0
2025-06-11 12:25:00,214.25,214.68,214.25,214.51,34684.0
2025-06-11 12:30:00,214.63,217.36,214.62,217.21,572061.0
2025-06-11 12:35:00,217.23,217.84,217.13,217.81,185528.0
2025-06-11 12:40:00,217.7899,217.98,216.66,216.69,119015.0
2025-06-11 12:45:00,216.78,216.94,216.37,216.37,55330.0
2025-06-11 12:50:00,216.3888,216.72,216.22,216.34,68696.0
2025-06-11 12:55:00,216.34,216.4,215.88,215.98,68388.0
2025-06-11 13:00:00,216.0,216.29,215.5701,215.67,119999.0
2025-06-11 13:05:00,215.69,215.91,215.61,215.88,45412.0
2025-06-11 13:10:00,215.81,216.13,215.7799,215.84,41615.0
2025-06-11 13:15:00,215.83,215.93,215.73,215.93,15153.0
2025-06-11 13:20:00,215.92,216.0,215.67,215.69,22046.0
2025-06-11 13:25:00,215.67,215.9,215.5,215.57,34724.0
2025-06-11 13:30:00,215.58,215.5901,214.64,215.09,1230921.0
2025-06-11 13:35:00,215.06,215.41,214.85,215.16,755696.0
2025-06-11 13:40:00,215.15,215.42,215.0,215.28,535680.0
2025-06-11 13:45:00,215.28,215.325,214.58,214.85,945638.0
2025-06-11 13:50:00,214.84,215.19,214.74,215.0001,683707.0
2025-06-11 13:55:00,215.0,215.23,214.91,215.08,517101.0
2025-06-11 14:00:00,215.05,215.25,214.835,214.98,364130.0
2025-06-11 14:05:00,214.99,215.41,214.95,215.4,480343.0
2025-06-11 14:10:00,215.41,215.58,215.36,215.41,438362.0
2025-06-11 14:15:00,215.42,215.89,215.38,215.87,481350.0
2025-06-11 14:20:00,215.865,215.93,215.61,215.65,322782.0
2025-06-11 14:25:00,215.65,215.71,215.545,215.69,356490.0
2025-06-11 14:30:00,215.705,215.76,215.54,215.745,252378.0
2025-06-11 14:35:00,215.75,215.79,215.54,215.635,333452.0
2025-06-11 14:40:00,215.64,215.67,215.415,215.64,466348.0
2025-06-11 14:45:00,215.65,215.73,215.54,215.56,266189.0
2025-06-11 14:50:00,215.56,215.8,215.56,215.76,261792.0
2025-06-11 14:55:00,215.75,215.78,215.565,215.64,182241.0
2025-06-11 15:00:00,215.62,215.89,215.6,215.81,237065.0
2025-06-11 15:05:00,215.81,215.865,215.31,215.335,402912.0
2025-06-11 15:10:00,215.33,215.69,215.255,215.615,322072.0
2025-06-11 15:15:00,215.61,215.76,215.59,215.68,145353.0
2025-06-11 15:20:00,215.67,215.67,215.48,215.555,155080.0
2025-06-11 15:25:00,215.565,215.65,215.45,215.54,201660.0
2025-06-11 15:30:00,215.54,215.66,215.5,215.575,168748.0
2025-06-11 15:35:00,215.565,215.71,215.425,215.45,498691.0
2025-06-11 15:40:00,215.45,215.51,215.24,215.31,193792.0
2025-06-11 15:45:00,215.315,215.36,214.965,215.14,249575.0
2025-06-11 15:50:00,215.125,215.27,215.05,215.21,175492.0
2025-06-11 15:55:00,215.22,215.225,215.025,215.07,170864.0
2025-06-11 16:00:00,215.08,215.22,214.93,214.94,199340.0
2025-06-12 09:30:00,212.11,212.11,212.05,212.07,2573.0
2025-06-12 09:35:00,212.27,212.27,212.17,212.17,935.0
2025-06-12 09:40:00,212.01,212.04,211.93,211.93,10366.0
2025-06-12 09:45:00,212.0,212.06,211.88,211.88,2165.0
2025-06-12 09:50:00,211.92,211.94,211.81,211.84,2209.0
2025-06-12 09:55:00,211.87,211.9,211.83,211.83,5071.0
2025-06-12 10:00:00,211.78,211.96,211.72,211.92,9411.0
2025-06-12 10:05:00,211.9,211.93,211.88,211.91,20018.0
2025-06-12 10:10:00,211.92,211.94,211.85,211.92,27885.0
2025-06-12 10:15:00,212.14,212.22,212.12,212.22,27665.0
2025-06-12 10:20:00,212.16,212.16,212.06,212.1,11324.0
2025-06-12 10:25:00,211.86,211.92,211.86,211.91,1301.0
2025-06-12 10:30:00,211.99,212.05,211.86,211.86,2419.0
2025-06-12 10:35:00,211.9,211.92,211.83,211.83,2299.0
2025-06-12 10:40:00,211.86,211.97,211.86,211.94,6787.0
2025-06-12 10:45:00,211.97,212.1,211.97,212.04,2864.0
2025-06-12 10:50:00,212.03,212.06,212.03,212.06,725.0
2025-06-12 10:55:00,212.13,212.14,211.89,211.89,5779.0
2025-06-12 11:00:00,211.87,211.95,211.77,211.8,5536.0
2025-06-12 11:05:00,211.62,211.86,211.59,211.86,2889.0
2025-06-12 11:10:00,211.9,211.9,211.61,211.61,6006.0
2025-06-12 11:15:00,211.58,211.65,211.5,211.58,6750.0
2025-06-12 11:20:00,211.56,211.6,211.54,211.59,2115.0
2025-06-12 11:25:00,211.56,211.57,211.51,211.51,4299.0
2025-06-12 11:30:00,211.34,211.54,211.33,211.54,10113.0
2025-06-12 11:35:00,211.5,211.55,211.33,211.37,2811.0
2025-06-12 11:40:00,211.44,211.6,211.42,211.56,6708.0
2025-06-12 11:45:00,211.54,211.65,211.5,211.55,11744.0
2025-06-12 11:50:00,211.59,211.59,211.32,211.32,14096.0
2025-06-12 11:55:00,211.33,211.33,211.2,211.21,21134.0
2025-06-12 12:00:00,211.82,212.6,211.2,211.24,36098.0
2025-06-12 12:05:00,211.26,211.34,211.1,211.31,8850.0
2025-06-12 12:10:00,211.32,211.485,211.31,211.46,20270.0
2025-06-12 12:15:00,211.46,211.54,211.43,211.54,9435.0
2025-06-12 12:20:00,211.53,211.57,211.44,211.48,11492.0
2025-06-12 12:25:00,211.495,211.61,211.46,211.6,9016.0
2025-06-12 12:30:00,211.82,212.05,211.45,211.89,32904.0
2025-06-12 12:35:00,211.89,212.16,211.85,212.12,32026.0
2025-06-12 12:40:00,212.16,212.28,212.07,212.26,23875.0
2025-06-12 12:45:00,212.24,212.37,212.16,212.17,12259.0
2025-06-12 12:50:00,212.17,212.17,212.05,212.12,7118.0
2025-06-12 12:55:00,212.2788,212.2788,212.09,212.1,39059.0
2025-06-12 13:00:00,212.12,212.42,212.07,212.24,31671.0
2025-06-12 13:05:00,212.19,212.19,212.001,212.05,21854.0
2025-06-12 13:10:00,212.13,212.15,212.07,212.09,9309.0
2025-06-12 13:15:00,212.08,212.25,212.07,212.25,6005.0
2025-06-12 13:20:00,212.26,212.26,212.01,212.14,36680.0
2025-06-12 13:25:00,212.14,212.24,212.09,212.16,18809.0
2025-06-12 13:30:00,212.17,212.19,211.6301,211.85,1229546.0
2025-06-12 13:35:00,211.89,212.14,211.63,212.06,703003.0
2025-06-12 13:40:00,212.03,212.3,211.87,212.2385,545833.0
2025-06-12 13:45:00,212.23,212.24,211.84,212.11,413819.0
2025-06-12 13:50:00,212.1,212.4,212.05,212.21,526762.0
2025-06-12 13:55:00,212.21,212.22,211.85,211.95,315832.0
2025-06-12 14:00:00,211.94,212.2075,211.88,211.97,414431.0
2025-06-12 14:05:00,211.955,212.35,211.8311,212.2,375624.0
2025-06-12 14:10:00,212.22,212.32,211.96,212.3,267269.0
2025-06-12 14:15:00,212.29,212.8,212.215,212.73,640929.0
2025-06-12 14:20:00,212.73,212.785,212.58,212.745,391986.0
2025-06-12 14:25:00,212.75,212.995,212.615,212.945,295088.0
2025-06-12 14:30:00,212.945,213.11,212.93,213.075,283382.0
2025-06-12 14:35:00,213.05,213.265,213.02,213.12,147255.0
2025-06-12 14:40:00,213.13,213.215,212.94,213.05,235280.0
2025-06-12 14:45:00,213.06,213.16,213.04,213.06,231470.0
2025-06-12 14:50:00,213.06,213.13,212.83,212.88,321222.0
2025-06-12 14:55:00,212.89,212.98,212.77,212.81,168459.0
2025-06-12 15:00:00,212.79,213.155,212.79,213.03,247228.0
2025-06-12 15:05:00,213.03,213.06,212.815,212.87,175060.0
2025-06-12 15:10:00,212.87,212.9,212.74,212.875,172024.0
2025-06-12 15:15:00,212.88,212.91,212.59,212.61,276750.0
2025-06-12 15:20:00,212.62,212.7,211.97,212.05,601443.0
2025-06-12 15:25:00,212.04,212.305,211.94,212.29,309368.0
2025-06-12 15:30:00,212.3,212.318,211.95,212.11,438949.0
2025-06-12 15:35:00,212.12,212.205,211.93,212.08,186373.0
2025-06-12 15:40:00,212.08,212.24,212.06,212.19,125191.0
2025-06-12 15:45:00,212.205,212.26,212.11,212.26,215145.0
2025-06-12 15:50:00,212.27,212.43,212.2,212.365,331501.0
2025-06-12 15:55:00,212.365,212.455,212.295,212.39,146119.0
2025-06-12 16:00:00,212.4,212.565,212.14,212.25,280054.0
2025-06-13 09:30:00,209.32,209.32,209.11,209.11,2085.0
2025-06-13 09:35:00,209.21,209.21,209.1,209.19,2474.0
2025-06-13 09:40:00,209.15,209.22,209.12,209.22,1109.0
2025-06-13 09:45:00,209.17,209.25,209.14,209.25,735.0
2025-06-13 09:50:00,209.15,209.36,209.15,209.36,920.0
2025-06-13 09:55:00,209.45,209.49,209.32,209.35,2596.0
2025-06-13 10:00:00,209.3,209.3,209.19,209.21,1463.0
2025-06-13 10:05:00,209.39,209.39,209.22,209.27,3635.0
2025-06-13 10:10:00,209.31,209.5,209.31,209.48,20254.0
2025-06-13 10:15:00,209.3,209.37,209.25,209.37,6312.0
2025-06-13 10:20:00,209.44,209.44,209.31,209.31,2261.0
2025-06-13 10:25:00,209.36,209.5,209.31,209.47,6315.0
2025-06-13 10:30:00,209.28,209.3,209.26,209.27,3498.0
2025-06-13 10:35:00,209.34,209.36,209.29,209.34,2687.0
2025-06-13 10:40:00,209.27,209.39,209.27,209.3,929.0
2025-06-13 10:45:00,209.35,209.35,209.27,209.31,18403.0
2025-06-13 10:50:00,209.2,209.34,209.19,209.32,2492.0
2025-06-13 10:55:00,209.41,209.45,209.35,209.35,2461.0
2025-06-13 11:00:00,209.44,209.71,209.44,209.68,11802.0
2025-06-13 11:05:00,209.72,209.89,209.7,209.86,9157.0
2025-06-13 11:10:00,209.77,209.79,209.66,209.7,30813.0
2025-06-13 11:15:00,209.7,209.73,209.51,209.71,13843.0
2025-06-13 11:20:00,209.68,209.74,209.54,209.54,7520.0
2025-06-13 11:25:00,209.61,209.66,209.51,209.59,18289.0
2025-06-13 11:30:00,209.58,209.75,209.56,209.75,22310.0
2025-06-13 11:35:00,209.77,209.94,209.77,209.9,14535.0
2025-06-13 11:40:00,209.98,210.08,209.96,210.06,7479.0
2025-06-13 11:45:00,210.08,210.18,209.99,210.08,47574.0
2025-06-13 11:50:00,210.06,210.14,210.02,210.03,11356.0
2025-06-13 11:55:00,210.07,210.16,210.03,210.05,14341.0
2025-06-13 12:00:00,206.95,210.2,206.95,209.83,79528.0
2025-06-13 12:05:00,209.9,209.9399,209.87,209.87,3100.0
2025-06-13 12:10:00,209.91,210.03,209.9,209.93,80870.0
2025-06-13 12:15:00,209.93,210.07,209.92,209.99,30522.0
2025-06-13 12:20:00,210.02,210.25,210.02,210.17,22604.0
2025-06-13 12:25:00,210.23,210.23,209.91,209.96,15839.0
2025-06-13 12:30:00,209.92,209.98,209.84,209.87,39099.0
2025-06-13 12:35:00,209.96,210.02,209.87,209.9096,14823.0
2025-06-13 12:40:00,209.91,209.9287,209.71,209.72,12786.0
2025-06-13 12:45:00,209.74,209.8,209.63,209.75,52233.0
2025-06-13 12:50:00,209.82,209.82,209.67,209.716,17834.0
2025-06-13 12:55:00,209.74,209.86,209.74,209.8,8413.0
2025-06-13 13:00:00,209.7,209.7,209.58,209.64,13336.0
2025-06-13 13:05:00,209.62,209.66,209.61,209.63,6962.0
2025-06-13 13:10:00,209.61,209.61,209.42,209.54,11686.0
2025-06-13 13:15:00,209.51,209.52,209.4,209.51,17970.0
2025-06-13 13:20:00,209.46,209.5,209.29,209.41,18164.0
2025-06-13 13:25:00,209.38,209.81,209.38,209.77,24598.0
2025-06-13 13:30:00,209.84,210.92,209.54,210.58,1818391.0
2025-06-13 13:35:00,210.58,210.92,210.29,210.75,1051163.0
2025-06-13 13:40:00,210.76,210.78,210.395,210.53,649732.0
2025-06-13 13:45:00,210.53,210.54,209.585,209.59,811791.0
2025-06-13 13:50:00,209.59,210.0,209.1,209.465,970289.0
2025-06-13 13:55:00,209.47,209.58,209.05,209.13,682543.0
2025-06-13 14:00:00,209.18,209.91,209.18,209.74,859473.0
2025-06-13 14:05:00,209.74,210.18,209.69,210.12,594707.0
2025-06-13 14:10:00,210.13,210.14,209.59,209.68,539181.0
2025-06-13 14:15:00,209.68,209.77,209.499,209.53,409337.0
2025-06-13 14:20:00,209.52,209.74,209.13,209.605,546390.0
2025-06-13 14:25:00,209.59,209.75,209.19,209.28,386250.0
2025-06-13 14:30:00,209.29,209.715,209.27,209.65,1263283.0
2025-06-13 14:35:00,209.64,209.99,209.55,209.98,686824.0
2025-06-13 14:40:00,209.98,210.23,209.75,209.785,397642.0
2025-06-13 14:45:00,209.79,209.85,209.41,209.6,1375940.0
2025-06-13 14:50:00,209.58,210.16,209.52,210.075,672967.0
2025-06-13 14:55:00,210.07,210.31,210.06,210.29,312596.0
2025-06-13 15:00:00,210.28,210.405,210.17,210.335,593254.0
2025-06-13 15:05:00,210.33,210.59,210.31,210.52,590264.0
2025-06-13 15:10:00,210.52,210.55,210.25,210.45,467477.0
2025-06-13 15:15:00,210.47,210.585,210.275,210.57,596828.0
2025-06-13 15:20:00,210.57,210.84,210.48,210.565,482218.0
2025-06-13 15:25:00,210.57,210.58,210.36,210.56,926919.0
2025-06-13 15:30:00,210.55,210.83,210.53,210.695,1065938.0
2025-06-13 15:35:00,210.7,210.84,210.61,210.75,639694.0
2025-06-13 15:40:00,210.75,210.97,210.64,210.925,303744.0
2025-06-13 15:45:00,210.925,211.09,210.86,210.94,348308.0
2025-06-13 15:50:00,210.94,211.155,210.94,211.1,292829.0
2025-06-13 15:55:00,211.095,211.1,210.79,210.96,517951.0
2025-06-13 16:00:00,210.95,211.08,210.84,210.94,254807.0
2025-06-16 09:30:00,210.05,210.05,210.05,210.05,109.0
2025-06-16 09:35:00,210.04,210.07,209.99,210.01,2408.0
2025-06-16 09:40:00,210.02,210.04,210.02,210.04,1163.0
2025-06-16 09:45:00,209.98,210.07,209.98,210.07,458.0
2025-06-16 09:50:00,210.03,210.14,210.03,210.06,37757.0
2025-06-16 09:55:00,210.09,210.15,210.09,210.12,3074.0
2025-06-16 10:00:00,210.08,210.15,210.08,210.15,248.0
2025-06-16 10:05:00,210.1,210.19,210.1,210.15,2012.0
2025-06-16 10:10:00,210.2,210.27,210.2,210.26,2485.0
2025-06-16 10:15:00,210.28,210.45,210.28,210.44,1028.0
2025-06-16 10:20:00,210.48,210.48,210.43,210.43,11879.0
2025-06-16 10:25:00,210.49,210.5,210.39,210.39,817.0
2025-06-16 10:30:00,210.42,210.49,210.41,210.49,4113.0
2025-06-16 10:35:00,210.55,210.55,210.42,210.42,1348.0
2025-06-16 10:40:00,210.42,210.42,210.28,210.28,2112.0
2025-06-16 10:45:00,210.36,210.4,210.36,210.4,962.0
2025-06-16 10:50:00,210.45,210.6,210.45,210.6,1934.0
2025-06-16 10:55:00,210.52,210.66,210.51,210.66,6503.0
2025-06-16 11:00:00,210.63,210.67,210.39,210.41,9133.0
2025-06-16 11:05:00,210.4,210.45,210.31,210.32,3504.0
2025-06-16 11:10:00,210.23,210.23,210.17,210.22,1922.0
2025-06-16 11:15:00,210.24,210.35,210.24,210.33,12083.0
2025-06-16 11:20:00,210.33,210.36,210.21,210.29,7368.0
2025-06-16 11:25:00,210.28,210.3,210.28,210.29,1529.0
2025-06-16 11:30:00,210.35,210.46,210.35,210.39,21402.0
2025-06-16 11:35:00,210.45,210.73,210.45,210.62,19854.0
2025-06-16 11:40:00,210.69,210.74,210.58,210.74,14545.0
2025-06-16 11:45:00,210.81,210.9,210.78,210.81,21008.0
2025-06-16 11:50:00,210.82,210.9,210.8,210.89,6295.0
2025-06-16 11:55:00,210.79,210.79,210.75,210.76,3645.0
2025-06-16 12:00:00,210.23,210.86,208.94,210.67,27094.0
2025-06-16 12:05:00,210.66,210.74,210.62,210.74,21069.0
2025-06-16 12:10:00,210.74,210.84,210.71,210.8,1844.0
2025-06-16 12:15:00,210.81,210.87,210.78,210.85,9539.0
2025-06-16 12:20:00,210.97,211.13,210.92,211.05,16842.0
2025-06-16 12:25:00,211.05,211.11,210.92,210.96,29589.0
2025-06-16 12:30:00,210.96,211.07,210.76,210.81,32744.0
2025-06-16 12:35:00,210.83,210.87,210.65,210.7,33566.0
2025-06-16 12:40:00,210.71,210.82,210.67,210.71,5137.0
2025-06-16 12:45:00,210.69,210.72,210.62,210.68,24831.0
2025-06-16 12:50:00,210.71,210.85,210.71,210.72,44447.0
2025-06-16 12:55:00,210.74,210.74,210.65,210.65,22484.0
2025-06-16 13:00:00,210.65,210.69,210.61,210.67,10418.0
2025-06-16 13:05:00,210.57,210.69,210.45,210.69,7977.0
2025-06-16 13:10:00,210.67,210.67,210.58,210.6,8168.0
2025-06-16 13:15:00,210.52,210.58,210.5,210.58,2453.0
2025-06-16 13:20:00,210.59,210.7,210.54,210.58,23215.0
2025-06-16 13:25:00,210.62,210.62,210.39,210.48,6049.0
2025-06-16 13:30:00,210.48,210.68,209.99,210.49,1039674.0
2025-06-16 13:35:00,210.49,210.49,209.785,209.8,786977.0
2025-06-16 13:40:00,209.79,209.99,209.64,209.695,520331.0
2025-06-16 13:45:00,209.71,210.58,209.71,210.44,633113.0
2025-06-16 13:50:00,210.44,210.84,210.19,210.635,581904.0
2025-06-16 13:55:00,210.66,211.035,210.57,210.65,910397.0
2025-06-16 14:00:00,210.67,210.93,210.58,210.91,678545.0
2025-06-16 14:05:00,210.93,211.0,210.76,210.83,700604.0
2025-06-16 14:10:00,210.81,211.11,210.79,210.97,473081.0
2025-06-16 14:15:00,210.97,211.4401,210.97,211.375,547226.0
2025-06-16 14:20:00,211.375,211.54,211.24,211.27,386748.0
2025-06-16 14:25:00,211.29,211.29,211.01,211.155,290322.0
2025-06-16 14:30:00,211.16,211.42,211.13,211.375,317262.0
2025-06-16 14:35:00,211.37,211.49,211.29,211.43,310823.0
2025-06-16 14:40:00,211.43,211.66,211.3451,211.64,401048.0
2025-06-16 14:45:00,211.63,211.79,211.61,211.755,312030.0
2025-06-16 14:50:00,211.76,211.95,211.74,211.855,251041.0
2025-06-16 14:55:00,211.855,211.95,211.625,211.64,316104.0
2025-06-16 15:00:00,211.63,211.67,211.445,211.46,436828.0
2025-06-16 15:05:00,211.46,211.49,211.065,211.09,275592.0
2025-06-16 15:10:00,211.08,211.17,210.98,211.035,518929.0
2025-06-16 15:15:00,211.05,211.165,210.92,211.1,467770.0
2025-06-16 15:20:00,211.1,211.14,211.025,211.09,305491.0
2025-06-16 15:25:00,211.09,211.12,210.73,210.83,241558.0
2025-06-16 15:30:00,210.84,210.89,210.765,210.8,193720.0
2025-06-16 15:35:00,210.79,211.02,210.71,210.955,382297.0
2025-06-16 15:40:00,210.96,211.0,210.8,210.81,149130.0
2025-06-16 15:45:00,210.81,210.86,210.745,210.75,210725.0
2025-06-16 15:50:00,210.75,210.81,210.575,210.61,147246.0
2025-06-16 15:55:00,210.61,210.675,210.4301,210.62,366563.0
2025-06-16 16:00:00,210.62,210.8,210.56,210.79,255401.0
2025-06-17 09:30:00,208.95,208.99,208.86,208.86,633.0
2025-06-17 09:35:00,208.9,208.91,208.9,208.91,1020.0
2025-06-17 09:40:00,208.85,209.02,208.85,209.01,2951.0
2025-06-17 09:45:00,209.08,209.08,208.99,209.07,1493.0
2025-06-17 09:50:00,209.1,209.1,209.03,209.03,952.0
2025-06-17 09:55:00,208.87,208.91,208.87,208.91,356.0
2025-06-17 10:00:00,208.91,209.06,208.91,209.06,757.0
2025-06-17 10:05:00,209.13,209.16,209.09,209.13,1563.0
2025-06-17 10:10:00,209.14,209.23,209.14,209.17,1375.0
2025-06-17 10:20:00,209.11,209.16,209.05,209.1,2607.0
2025-06-17 10:25:00,209.06,209.06,208.93,208.93,3771.0
2025-06-17 10:30:00,209.03,209.06,208.97,208.97,2822.0
2025-06-17 10:35:00,209.0,209.0,208.73,208.8,8449.0
2025-06-17 10:40:00,208.75,208.87,208.7,208.7,3246.0
2025-06-17 10:45:00,208.65,208.86,208.65,208.86,1578.0
2025-06-17 10:50:00,208.85,209.1,208.85,209.04,3270.0
2025-06-17 10:55:00,209.11,209.22,209.05,209.22,6197.0
2025-06-17 11:00:00,209.19,209.23,209.09,209.23,12513.0
2025-06-17 11:05:00,209.25,209.28,208.98,209.15,6429.0
2025-06-17 11:10:00,209.38,209.4,209.32,209.32,2632.0
2025-06-17 11:15:00,209.33,209.33,209.19,209.28,4076.0
2025-06-17 11:20:00,209.33,209.45,209.33,209.37,18274.0
2025-06-17 11:25:00,209.37,209.39,209.33,209.34,8260.0
2025-06-17 11:30:00,209.27,209.32,209.26,209.31,984.0
2025-06-17 11:35:00,209.37,209.37,209.37,209.37,117.0
2025-06-17 11:40:00,209.21,209.22,209.17,209.22,3703.0
2025-06-17 11:45:00,209.2,209.24,209.19,209.19,1412.0
2025-06-17 11:50:00,209.19,209.34,209.18,209.31,3955.0
2025-06-17 11:55:00,209.34,209.57,209.3,209.54,12386.0
2025-06-17 12:00:00,209.13,209.7,208.16,209.53,37782.0
2025-06-17 12:05:00,209.53,209.54,209.35,209.36,13293.0
2025-06-17 12:10:00,209.39,209.52,209.36,209.5,3630.0
2025-06-17 12:15:00,209.6,209.6,209.28,209.31,9360.0
2025-06-17 12:20:00,209.3,209.52,209.3,209.49,23778.0
2025-06-17 12:25:00,209.5,209.5,209.29,209.36,10651.0
2025-06-17 12:30:00,209.2,209.46,209.13,209.27,76129.0
2025-06-17 12:35:00,209.26,209.29,209.14,209.23,21936.0
2025-06-17 12:40:00,209.35,209.56,209.34,209.44,9534.0
2025-06-17 12:45:00,209.46,209.52,209.27,209.27,9245.0
2025-06-17 12:50:00,209.12,209.21,209.08,209.18,18172.0
2025-06-17 12:55:00,209.12,209.12,208.96,209.07,12964.0
2025-06-17 13:00:00,209.04,209.13,208.85,208.91,20175.0
2025-06-17 13:05:00,208.93,209.03,208.89,208.92,43985.0
2025-06-17 13:10:00,208.935,208.935,208.86,208.86,3891.0
2025-06-17 13:15:00,208.81,208.85,208.74,208.78,6134.0
2025-06-17 13:20:00,208.77,208.94,208.75,208.94,11129.0
2025-06-17 13:25:00,208.93,209.19,208.9,209.02,32467.0
2025-06-17 13:30:00,209.06,209.63,208.935,209.36,1284987.0
2025-06-17 13:35:00,209.35,209.588,208.97,209.53,591648.0
2025-06-17 13:40:00,209.52,209.72,209.44,209.67,404361.0
2025-06-17 13:45:00,209.66,209.99,209.55,209.66,570304.0
2025-06-17 13:50:00,209.66,210.185,209.616,210.06,348435.0
2025-06-17 13:55:00,210.06,210.27,209.98,210.21,405236.0
2025-06-17 14:00:00,210.22,210.35,209.88,209.96,235422.0
2025-06-17 14:05:00,209.97,210.211,209.86,210.211,416525.0
2025-06-17 14:10:00,210.22,210.395,210.06,210.27,258308.0
2025-06-17 14:15:00,210.29,210.31,210.0,210.1,239316.0
2025-06-17 14:20:00,210.12,210.3,209.99,210.01,312391.0
2025-06-17 14:25:00,210.01,210.15,209.91,209.965,419614.0
2025-06-17 14:30:00,209.97,210.24,209.97,210.12,172945.0
2025-06-17 14:35:00,210.11,210.14,209.92,210.06,270096.0
2025-06-17 14:40:00,210.05,210.05,209.665,209.73,251836.0
2025-06-17 14:45:00,209.74,209.93,209.705,209.9,1001740.0
2025-06-17 14:50:00,209.9,210.13,209.87,210.05,223643.0
2025-06-17 14:55:00,210.05,210.15,209.91,209.97,394611.0
2025-06-17 15:00:00,209.96,210.13,209.8801,210.055,220344.0
2025-06-17 15:05:00,210.06,210.295,210.045,210.29,175765.0
2025-06-17 15:10:00,210.29,210.45,210.26,210.42,216619.0
2025-06-17 15:15:00,210.425,210.43,210.045,210.2725,284554.0
2025-06-17 15:20:00,210.25,210.2699,210.09,210.155,225323.0
2025-06-17 15:25:00,210.16,210.16,209.79,209.84,209959.0
2025-06-17 15:30:00,209.84,209.92,209.66,209.76,345479.0
2025-06-17 15:35:00,209.75,209.99,209.66,209.845,377178.0
2025-06-17 15:40:00,209.845,210.055,209.84,210.01,141078.0
2025-06-17 15:45:00,210.01,210.05,209.78,209.9,215806.0
2025-06-17 15:50:00,209.92,210.0,209.81,209.91,216689.0
2025-06-17 15:55:00,209.91,209.94,209.72,209.73,241007.0
2025-06-17 16:00:00,209.74,210.13,209.74,210.09,205350.0
2025-06-18 09:30:00,209.29,209.29,209.14,209.15,3094.0
2025-06-18 09:35:00,209.14,209.14,209.09,209.09,520.0
2025-06-18 09:40:00,209.11,209.11,209.1,209.1,532.0
2025-06-18 09:45:00,209.07,209.07,209.07,209.07,411.0
2025-06-18 09:50:00,209.09,209.2,209.09,209.2,3619.0
2025-06-18 09:55:00,209.18,209.18,209.12,209.12,470.0
2025-06-18 10:00:00,209.01,209.01,208.93,208.97,12816.0
2025-06-18 10:05:00,208.93,208.93,208.9,208.93,1282.0
2025-06-18 10:10:00,208.86,208.9,208.77,208.9,4661.0
2025-06-18 10:15:00,208.97,209.04,208.97,209.04,1567.0
2025-06-18 10:20:00,208.81,208.81,208.63,208.77,7011.0
2025-06-18 10:25:00,208.83,208.83,208.69,208.69,1921.0
2025-06-18 10:30:00,208.73,208.75,208.52,208.57,3837.0
2025-06-18 10:35:00,208.53,208.53,208.37,208.42,6065.0
2025-06-18 10:40:00,208.47,208.64,208.47,208.64,3677.0
2025-06-18 10:45:00,208.55,208.65,208.31,208.49,7141.0
2025-06-18 10:50:00,208.47,208.47,208.23,208.24,3183.0
2025-06-18 10:55:00,208.2,208.2,208.0,208.08,21751.0
2025-06-18 11:00:00,208.08,208.18,208.06,208.14,11509.0
2025-06-18 11:05:00,208.15,208.18,208.13,208.14,2104.0
2025-06-18 11:10:00,208.14,208.29,208.06,208.27,6115.0
2025-06-18 11:15:00,208.34,208.34,208.21,208.21,4975.0
2025-06-18 11:20:00,208.19,208.48,208.18,208.48,1683.0
2025-06-18 11:25:00,208.43,208.5,208.37,208.46,11020.0
2025-06-18 11:30:00,208.41,208.5,208.37,208.5,2241.0
2025-06-18 11:35:00,208.53,208.61,208.51,208.51,7634.0
2025-06-18 11:40:00,208.55,208.77,208.55,208.71,8564.0
2025-06-18 11:45:00,208.76,209.04,208.76,208.89,26355.0
2025-06-18 11:50:00,208.94,208.96,208.81,208.81,6501.0
2025-06-18 11:55:00,208.79,208.79,208.59,208.67,9515.0
2025-06-18 12:00:00,208.67,209.09,208.05,208.6,35132.0
2025-06-18 12:05:00,208.74,208.74,208.7301,208.7301,2090.0
2025-06-18 12:10:00,208.71,208.8,208.71,208.8,3086.0
2025-06-18 12:15:00,208.82,208.83,208.66,208.76,328228.0
2025-06-18 12:20:00,208.65,208.82,208.65,208.82,2782.0
2025-06-18 12:25:00,208.79,208.79,208.66,208.78,7288.0
2025-06-18 12:30:00,208.66,208.73,208.6,208.71,2770.0
2025-06-18 12:35:00,208.52,208.52,208.48,208.49,6858.0
2025-06-18 12:40:00,208.54,208.57,208.49,208.5,16183.0
2025-06-18 12:45:00,208.53,208.57,208.36,208.38,12503.0
2025-06-18 12:50:00,208.4,208.55,208.36,208.46,23325.0
2025-06-18 12:55:00,208.43,208.43,208.33,208.33,6722.0
2025-06-18 13:00:00,208.4,208.47,208.33,208.47,9737.0
2025-06-18 13:05:00,208.48,208.5211,208.39,208.41,906056.0
2025-06-18 13:10:00,208.4,208.44,208.33,208.4,9686.0
2025-06-18 13:15:00,208.41,208.49,208.41,208.47,4032.0
2025-06-18 13:20:00,208.45,208.62,208.43,208.44,13388.0
2025-06-18 13:25:00,208.4,208.52,208.33,208.41,41917.0
2025-06-18 13:30:00,208.44,208.66,207.78,208.26,978301.0
2025-06-18 13:35:00,208.25,208.985,208.24,208.9,514086.0
2025-06-18 13:40:00,208.92,208.96,208.55,208.905,426557.0
2025-06-18 13:45:00,208.89,209.18,208.86,209.06,290444.0
2025-06-18 13:50:00,209.06,209.47,209.05,209.33,353651.0
2025-06-18 13:55:00,209.33,209.41,209.15,209.155,182615.0
2025-06-18 14:00:00,209.15,209.54,209.05,209.46,436740.0
2025-06-18 14:05:00,209.46,209.79,209.28,209.7,464853.0
2025-06-18 14:10:00,209.69,210.0,209.55,209.915,339471.0
2025-06-18 14:15:00,209.92,210.385,209.86,210.36,355329.0
2025-06-18 14:20:00,210.35,210.65,210.3,210.64,426335.0
2025-06-18 14:25:00,210.645,210.75,210.59,210.66,254353.0
2025-06-18 14:30:00,210.66,210.88,210.62,210.85,357650.0
2025-06-18 14:35:00,210.85,210.89,210.64,210.85,316337.0
2025-06-18 14:40:00,210.84,210.875,210.64,210.745,420677.0
2025-06-18 14:45:00,210.75,210.94,210.615,210.68,298388.0
2025-06-18 14:50:00,210.68,210.855,210.67,210.81,229499.0
2025-06-18 14:55:00,210.805,211.01,210.71,210.95,335249.0
2025-06-18 15:00:00,210.94,211.115,210.92,211.09,133375.0
2025-06-18 15:05:00,211.1,211.12,210.8,210.85,305312.0
2025-06-18 15:10:00,210.85,210.96,210.81,210.955,710820.0
2025-06-18 15:15:00,210.95,210.99,210.81,210.84,291024.0
2025-06-18 15:20:00,210.84,210.88,210.725,210.85,144528.0
2025-06-18 15:25:00,210.85,210.99,210.78,210.88,362001.0
2025-06-18 15:30:00,210.9,210.96,210.75,210.79,206109.0
2025-06-18 15:35:00,210.8,210.8,210.61,210.725,221254.0
2025-06-18 15:40:00,210.69,210.74,210.53,210.739,243470.0
2025-06-18 15:45:00,210.75,210.935,210.7,210.92,161957.0
2025-06-18 15:50:00,210.91,210.97,210.85,210.935,227037.0
2025-06-18 15:55:00,210.93,210.94,210.49,210.56,155548.0
2025-06-18 16:00:00,210.555,210.785,210.51,210.7778,285293.0
2025-06-20 09:30:00,209.45,209.45,209.45,209.45,3071.0
2025-06-20 09:35:00,209.48,209.52,209.42,209.52,536.0
2025-06-20 09:40:00,209.52,209.52,209.52,209.52,163.0
2025-06-20 09:50:00,209.48,209.71,209.48,209.71,1699.0
2025-06-20 09:55:00,209.77,210.04,209.75,209.98,15582.0
2025-06-20 10:00:00,209.95,210.01,209.95,209.95,6329.0
2025-06-20 10:05:00,209.91,209.97,209.91,209.94,762.0
2025-06-20 10:10:00,210.0,210.0,210.0,210.0,400.0
2025-06-20 10:15:00,209.88,209.9,209.85,209.9,1527.0
2025-06-20 10:20:00,209.85,209.91,209.83,209.91,1227.0
2025-06-20 10:25:00,209.92,209.92,209.92,209.92,226.0
2025-06-20 10:30:00,209.87,209.95,209.87,209.95,576.0
2025-06-20 10:35:00,210.01,210.3,210.01,210.29,2254.0
2025-06-20 10:40:00,210.25,210.32,210.25,210.32,2279.0
2025-06-20 10:45:00,210.31,210.45,210.3,210.44,3798.0
2025-06-20 10:50:00,210.39,210.49,210.26,210.49,5967.0
2025-06-20 10:55:00,210.49,210.55,210.28,210.28,8616.0
2025-06-20 11:00:00,210.26,210.58,210.26,210.53,7878.0
2025-06-20 11:05:00,210.55,210.69,210.55,210.6,5549.0
2025-06-20 11:10:00,210.58,210.581,210.43,210.5,4116.0
2025-06-20 11:15:00,210.49,210.66,210.46,210.59,5347.0
2025-06-20 11:20:00,210.66,210.78,210.66,210.74,22410.0
2025-06-20 11:25:00,210.68,210.69,210.53,210.57,20304.0
2025-06-20 11:30:00,210.54,210.7,210.5,210.7,5876.0
2025-06-20 11:35:00,210.69,210.89,210.69,210.81,14172.0
2025-06-20 11:40:00,210.91,211.44,210.88,211.42,14276.0
2025-06-20 11:45:00,211.48,212.24,211.45,211.45,48963.0
2025-06-20 11:50:00,211.48,211.65,211.32,211.6,34277.0
2025-06-20 11:55:00,211.53,211.58,211.22,211.28,17406.0
2025-06-20 12:00:00,210.67,212.12,208.73,211.46,58239.0
2025-06-20 12:05:00,211.41,211.57,211.32,211.37,11113.0
2025-06-20 12:10:00,211.41,211.53,211.4,211.5,7671.0
2025-06-20 12:15:00,211.48,211.67,211.47,211.63,18552.0
2025-06-20 12:20:00,211.6,211.66,211.4,211.4,7382.0
2025-06-20 12:25:00,211.46,211.6,211.43,211.57,7904.0
2025-06-20 12:30:00,211.56,212.17,211.53,212.17,71721.0
2025-06-20 12:35:00,212.17,212.17,211.82,212.13,36681.0
2025-06-20 12:40:00,212.13,212.13,211.92,211.92,20013.0
2025-06-20 12:45:00,211.96,212.11,211.96,212.06,10145.0
2025-06-20 12:50:00,212.08,212.29,212.07,212.29,14731.0
2025-06-20 12:55:00,212.31,212.5,212.14,212.14,20690.0
2025-06-20 13:00:00,212.15,212.15,211.9,211.9,11007.0
2025-06-20 13:05:00,211.93,211.93,211.78,211.83,12736.0
2025-06-20 13:10:00,211.83,212.02,211.77,211.92,28909.0
2025-06-20 13:15:00,211.91,211.96,211.86,211.89,8663.0
2025-06-20 13:20:00,211.9,212.07,211.85,211.9192,21962.0
2025-06-20 13:25:00,211.92,212.15,211.1,211.12,108023.0
2025-06-20 13:30:00,211.11,211.25,210.45,210.85,1547131.0
2025-06-20 13:35:00,210.86,210.94,210.48,210.78,571795.0
2025-06-20 13:40:00,210.815,210.98,210.6,210.85,981882.0
2025-06-20 13:45:00,210.88,210.945,210.145,210.2,732069.0
2025-06-20 13:50:00,210.2,210.54,210.08,210.39,582440.0
2025-06-20 13:55:00,210.38,210.67,210.365,210.56,390720.0
2025-06-20 14:00:00,210.59,210.81,210.48,210.76,326414.0
2025-06-20 14:05:00,210.77,210.8,210.34,210.51,294122.0
2025-06-20 14:10:00,210.52,210.69,210.39,210.57,287310.0
2025-06-20 14:15:00,210.57,210.665,210.37,210.48,408539.0
2025-06-20 14:20:00,210.49,210.64,210.135,210.16,294470.0
2025-06-20 14:25:00,210.12,210.5,209.9399,210.425,645443.0
2025-06-20 14:30:00,210.43,210.475,210.22,210.3,324310.0
2025-06-20 14:35:00,210.31,210.53,210.27,210.425,322627.0
2025-06-20 14:40:00,210.42,210.54,209.75,210.0113,684647.0
2025-06-20 14:45:00,209.98,210.015,209.57,209.57,482236.0
2025-06-20 14:50:00,209.57,209.6,209.23,209.2901,522073.0
2025-06-20 14:55:00,209.295,209.67,209.26,209.465,537956.0
2025-06-20 15:00:00,209.45,209.47,209.07,209.1,662532.0
2025-06-20 15:05:00,209.1,209.39,209.06,209.21,506013.0
2025-06-20 15:10:00,209.21,209.57,209.185,209.475,771088.0
2025-06-20 15:15:00,209.49,209.635,209.38,209.57,257170.0
2025-06-20 15:20:00,209.58,209.61,209.39,209.56,180109.0
2025-06-20 15:25:00,209.55,209.68,209.385,209.425,227755.0
2025-06-20 15:30:00,209.42,209.67,209.37,209.655,298086.0
2025-06-20 15:35:00,209.65,209.81,209.55,209.795,277047.0
2025-06-20 15:40:00,209.79,209.84,209.62,209.81,3185554.0
2025-06-20 15:45:00,209.8,209.805,209.54,209.68,155317.0
2025-06-20 15:50:00,209.69,209.69,209.185,209.2,256024.0
2025-06-20 15:55:00,209.2,209.3,209.0,209.02,365548.0
2025-06-20 16:00:00,209.035,209.19,208.97,209.08,203404.0
2025-06-23 09:30:00,209.06,209.19,209.06,209.19,981.0
2025-06-23 09:35:00,209.1,209.11,209.05,209.11,3582.0
2025-06-23 09:40:00,209.11,209.15,209.1,209.15,435.0
2025-06-23 09:45:00,209.17,209.18,209.14,209.14,816.0
2025-06-23 09:50:00,209.18,209.19,209.17,209.19,454.0
2025-06-23 09:55:00,209.17,209.18,209.17,209.18,354.0
2025-06-23 10:00:00,208.95,209.02,208.95,209.02,705.0
2025-06-23 10:05:00,209.11,209.11,209.11,209.11,178.0
2025-06-23 10:10:00,208.99,209.38,208.99,209.17,6181.0
2025-06-23 10:15:00,209.2,209.2,209.06,209.06,3214.0
2025-06-23 10:20:00,209.04,209.05,208.99,208.99,2538.0
2025-06-23 10:25:00,209.01,209.1,208.99,209.02,4567.0
2025-06-23 10:30:00,208.94,209.01,208.93,209.0,4223.0
2025-06-23 10:35:00,208.99,208.99,208.94,208.95,415.0
2025-06-23 10:40:00,208.96,208.99,208.78,208.83,26207.0
2025-06-23 10:45:00,208.77,208.83,208.7,208.82,17651.0
2025-06-23 10:50:00,208.73,208.82,208.73,208.82,629.0
2025-06-23 10:55:00,208.72,208.83,208.72,208.81,925.0
2025-06-23 11:00:00,208.8,208.9,208.77,208.79,8241.0
2025-06-23 11:05:00,208.82,208.85,208.67,208.78,15301.0
2025-06-23 11:10:00,208.69,208.7,208.61,208.69,6036.0
2025-06-23 11:15:00,208.61,208.63,208.53,208.58,8581.0
2025-06-23 11:20:00,208.49,208.54,208.45,208.45,7138.0
2025-06-23 11:25:00,208.45,208.45,208.31,208.39,9412.0
2025-06-23 11:30:00,208.33,208.46,208.33,208.39,6176.0
2025-06-23 11:35:00,208.43,208.44,208.36,208.36,1407.0
2025-06-23 11:40:00,208.33,208.33,208.1,208.1,12217.0
2025-06-23 11:45:00,208.17,208.23,207.94,208.23,26178.0
2025-06-23 11:50:00,208.08,208.26,208.06,208.26,1804.0
2025-06-23 11:55:00,208.25,208.4,208.25,208.4,4169.0
2025-06-23 12:00:00,208.78,209.49,207.98,208.43,28053.0
2025-06-23 12:05:00,208.38,208.38,208.16,208.19,5056.0
2025-06-23 12:10:00,208.23,208.39,208.23,208.39,3432.0
2025-06-23 12:15:00,208.43,208.49,208.31,208.39,7755.0
2025-06-23 12:20:00,208.33,208.41,208.33,208.39,2504.0
2025-06-23 12:25:00,208.37,208.45,208.29,208.33,42853.0
2025-06-23 12:30:00,208.33,208.55,208.33,208.55,3764.0
2025-06-23 12:35:00,208.59,208.6988,208.48,208.6988,20612.0
2025-06-23 12:40:00,208.6999,208.77,208.62,208.72,13175.0
2025-06-23 12:45:00,208.67,208.79,208.64,208.64,7431.0
2025-06-23 12:50:00,208.64,208.74,208.63,208.65,13717.0
2025-06-23 12:55:00,208.62,208.71,208.62,208.71,10077.0
2025-06-23 13:00:00,208.72,208.72,208.6,208.6,3971.0
2025-06-23 13:05:00,208.57,208.61,208.42,208.44,37775.0
2025-06-23 13:10:00,208.43,208.47,208.29,208.38,26113.0
2025-06-23 13:15:00,208.35,208.45,208.27,208.33,19369.0
2025-06-23 13:20:00,208.35,208.46,208.27,208.43,43916.0
2025-06-23 13:25:00,208.44,208.64,208.44,208.48,31811.0
2025-06-23 13:30:00,208.48,208.55,207.6,208.29,1171734.0
2025-06-23 13:35:00,208.29,208.64,208.25,208.59,531107.0
2025-06-23 13:40:00,208.57,208.945,208.57,208.75,400268.0
2025-06-23 13:45:00,208.77,209.07,208.715,209.04,429297.0
2025-06-23 13:50:00,209.03,209.45,209.01,209.45,303089.0
2025-06-23 13:55:00,209.44,209.62,209.33,209.59,272743.0
2025-06-23 14:00:00,209.58,210.065,209.575,209.995,499966.0
2025-06-23 14:05:00,210.0,210.35,209.92,210.32,413826.0
2025-06-23 14:10:00,210.35,210.42,210.13,210.4,525991.0
2025-06-23 14:15:00,210.39,210.63,210.34,210.565,367434.0
2025-06-23 14:20:00,210.57,210.71,210.5,210.63,410560.0
2025-06-23 14:25:00,210.605,210.61,210.025,210.05,403336.0
2025-06-23 14:30:00,210.05,210.22,209.94,210.11,374820.0
2025-06-23 14:35:00,210.09,210.09,209.76,209.76,204818.0
2025-06-23 14:40:00,209.76,209.85,209.71,209.825,150681.0
2025-06-23 14:45:00,209.83,209.93,209.65,209.685,233459.0
2025-06-23 14:50:00,209.69,209.78,209.62,209.655,155201.0
2025-06-23 14:55:00,209.66,209.74,209.53,209.55,304192.0
2025-06-23 15:00:00,209.56,209.93,209.54,209.9,205833.0
2025-06-23 15:05:00,209.92,210.01,209.85,209.86,189380.0
2025-06-23 15:10:00,209.9,209.95,209.715,209.86,285286.0
2025-06-23 15:15:00,209.86,210.0,209.81,209.94,191519.0
2025-06-23 15:20:00,209.95,210.005,209.72,209.865,209892.0
2025-06-23 15:25:00,209.86,209.895,209.51,209.53,292288.0
2025-06-23 15:30:00,209.52,209.62,209.44,209.58,253431.0
2025-06-23 15:35:00,209.58,209.645,209.475,209.48,111808.0
2025-06-23 15:40:00,209.48,209.55,209.34,209.38,194995.0
2025-06-23 15:45:00,209.375,209.44,209.25,209.31,268839.0
2025-06-23 15:50:00,209.3,209.41,209.105,209.115,283837.0
2025-06-23 15:55:00,209.115,209.25,209.03,209.05,220681.0
2025-06-23 16:00:00,209.05,209.09,208.8,208.94,286478.0
2025-06-24 09:30:00,214.21,214.22,214.17,214.21,1250.0
2025-06-24 09:35:00,214.24,214.27,214.21,214.24,1247.0
2025-06-24 09:40:00,214.24,214.26,214.17,214.17,1110.0
2025-06-24 09:45:00,214.23,214.23,214.12,214.12,2644.0
2025-06-24 09:50:00,214.05,214.07,214.05,214.07,668.0
2025-06-24 09:55:00,213.96,213.98,213.87,213.93,8977.0
2025-06-24 10:00:00,214.0,214.0,213.74,213.75,6663.0
2025-06-24 10:05:00,213.77,213.83,213.7,213.7,1493.0
2025-06-24 10:10:00,213.78,213.79,213.64,213.64,5742.0
2025-06-24 10:15:00,213.76,213.77,213.72,213.76,1229.0
2025-06-24 10:20:00,213.74,213.88,213.74,213.88,785.0
2025-06-24 10:25:00,213.7,213.7,213.69,213.7,2670.0
2025-06-24 10:30:00,213.62,213.63,213.61,213.63,2325.0
2025-06-24 10:35:00,213.7,213.7,213.67,213.67,441.0
2025-06-24 10:40:00,213.79,213.8,213.65,213.73,15913.0
2025-06-24 10:45:00,213.85,213.89,213.85,213.89,1041.0
2025-06-24 10:50:00,213.94,213.95,213.91,213.91,1138.0
2025-06-24 10:55:00,213.96,213.96,213.76,213.83,9131.0
2025-06-24 11:00:00,213.78,214.0,213.78,213.87,9170.0
2025-06-24 11:05:00,213.86,213.86,213.68,213.68,30901.0
2025-06-24 11:10:00,213.61,213.75,213.6,213.75,8718.0
2025-06-24 11:15:00,213.7,213.71,213.52,213.55,5906.0
2025-06-24 11:20:00,213.44,213.56,213.41,213.56,7464.0
2025-06-24 11:25:00,213.57,213.85,213.53,213.85,21858.0
2025-06-24 11:30:00,213.79,213.88,213.56,213.56,4446.0
2025-06-24 11:35:00,213.51,213.73,213.45,213.73,11273.0
2025-06-24 11:40:00,213.66,213.76,213.66,213.75,16551.0
2025-06-24 11:45:00,213.75,213.82,213.75,213.77,1323.0
2025-06-24 11:50:00,213.81,213.82,213.73,213.73,4113.0
2025-06-24 11:55:00,213.75,213.75,213.68,213.68,12544.0
2025-06-24 12:00:00,213.75,214.7,213.4106,213.7989,34700.0
2025-06-24 12:05:00,213.74,213.84,213.74,213.75,2882.0
2025-06-24 12:10:00,213.75,213.77,213.51,213.51,10517.0
2025-06-24 12:15:00,213.5,213.5,213.36,213.47,56108.0
2025-06-24 12:20:00,213.44,213.63,213.41,213.63,14650.0
2025-06-24 12:25:00,213.61,213.61,213.46,213.61,18880.0
2025-06-24 12:30:00,213.6,213.66,213.35,213.49,49867.0
2025-06-24 12:35:00,213.52,213.76,213.52,213.65,25971.0
2025-06-24 12:40:00,213.66,213.68,213.58,213.65,28898.0
2025-06-24 12:45:00,213.65,213.72,213.4776,213.51,24344.0
2025-06-24 12:50:00,213.51,213.58,213.47,213.51,29352.0
2025-06-24 12:55:00,213.51,213.57,213.46,213.57,23989.0
2025-06-24 13:00:00,213.51,213.58,213.4,213.42,27229.0
2025-06-24 13:05:00,213.4,213.45,213.33,213.36,22297.0
2025-06-24 13:10:00,213.36,213.36,213.24,213.29,38442.0
2025-06-24 13:15:00,213.295,213.54,213.15,213.39,72970.0
2025-06-24 13:20:00,213.36,213.49,213.31,213.41,26023.0
2025-06-24 13:25:00,213.36,213.45,213.23,213.34,18047.0
2025-06-24 13:30:00,213.29,213.44,212.83,212.83,1536691.0
2025-06-24 13:35:00,212.83,213.345,212.83,213.275,798414.0
2025-06-24 13:40:00,213.25,213.58,213.23,213.245,471354.0
2025-06-24 13:45:00,213.23,213.42,212.88,212.905,496726.0
2025-06-24 13:50:00,212.9,212.905,212.65,212.705,423430.0
2025-06-24 13:55:00,212.71,212.745,212.36,212.53,364860.0
2025-06-24 14:00:00,212.52,213.03,212.4,212.965,471030.0
2025-06-24 14:05:00,212.965,213.04,212.62,212.985,488357.0
2025-06-24 14:10:00,212.99,213.26,212.99,213.125,295308.0
2025-06-24 14:15:00,213.15,213.445,213.11,213.39,401422.0
2025-06-24 14:20:00,213.38,213.69,213.34,213.685,364540.0
2025-06-24 14:25:00,213.68,213.76,213.47,213.63,255596.0
2025-06-24 14:30:00,213.63,214.0,213.53,214.0,341343.0
2025-06-24 14:35:00,214.005,214.1,213.96,214.09,461892.0
2025-06-24 14:40:00,214.09,214.27,214.02,214.23,430659.0
2025-06-24 14:45:00,214.24,214.36,214.15,214.2297,351142.0
2025-06-24 14:50:00,214.22,214.435,214.2,214.4,300269.0
2025-06-24 14:55:00,214.39,214.46,214.145,214.25,478207.0
2025-06-24 15:00:00,214.26,214.65,214.26,214.59,515142.0
2025-06-24 15:05:00,214.6,214.91,214.31,214.38,765099.0
2025-06-24 15:10:00,214.38,214.57,214.36,214.47,295837.0
2025-06-24 15:15:00,214.47,214.6,214.465,214.53,230672.0
2025-06-24 15:20:00,214.535,214.59,214.42,214.56,167224.0
2025-06-24 15:25:00,214.57,214.58,214.26,214.455,647499.0
2025-06-24 15:30:00,214.46,214.5,214.37,214.46,156098.0
2025-06-24 15:35:00,214.46,214.46,214.22,214.255,253499.0
2025-06-24 15:40:00,214.26,214.28,214.085,214.14,168706.0
2025-06-24 15:45:00,214.14,214.18,214.065,214.135,159557.0
2025-06-24 15:50:00,214.135,214.21,214.01,214.05,516565.0
2025-06-24 15:55:00,214.06,214.14,213.97,214.0188,227102.0
2025-06-24 16:00:00,214.03,214.145,213.99,214.1,160886.0
2025-06-25 09:30:00,214.59,214.59,214.59,214.59,440.0
2025-06-25 09:35:00,214.65,214.65,214.53,214.54,804.0
2025-06-25 09:40:00,214.51,214.53,214.49,214.53,739.0
2025-06-25 09:45:00,214.55,214.55,214.46,214.48,1031.0
2025-06-25 09:55:00,214.45,214.45,214.45,214.45,153.0
2025-06-25 10:00:00,214.4,214.41,214.4,214.41,791.0
2025-06-25 10:05:00,214.37,214.37,214.37,214.37,200.0
2025-06-25 10:10:00,214.31,214.32,214.3,214.32,3571.0
2025-06-25 10:15:00,214.32,214.32,214.32,214.32,1048.0
2025-06-25 10:20:00,214.34,214.36,214.3,214.3,578.0
2025-06-25 10:25:00,214.35,214.37,214.34,214.34,2366.0
2025-06-25 10:30:00,214.3,214.34,214.3,214.34,310.0
2025-06-25 10:35:00,214.43,214.44,214.41,214.44,536.0
2025-06-25 10:40:00,214.37,214.42,214.37,214.38,1065.0
2025-06-25 10:45:00,214.38,214.39,214.27,214.27,3786.0
2025-06-25 10:50:00,214.27,214.3,214.26,214.29,3131.0
2025-06-25 10:55:00,214.29,214.3,214.22,214.22,7553.0
2025-06-25 11:00:00,214.24,214.3,214.2,214.23,3116.0
2025-06-25 11:05:00,214.21,214.27,214.15,214.15,7298.0
2025-06-25 11:10:00,214.12,214.12,214.07,214.08,4328.0
2025-06-25 11:15:00,214.07,214.07,213.93,214.02,10759.0
2025-06-25 11:20:00,214.0,214.04,213.98,213.98,2922.0
2025-06-25 11:25:00,214.08,214.08,214.05,214.05,1040.0
2025-06-25 11:30:00,214.17,214.34,214.17,214.33,5871.0
2025-06-25 11:35:00,214.33,214.33,214.24,214.25,5270.0
2025-06-25 11:40:00,214.3,214.3,214.18,214.18,975.0
2025-06-25 11:45:00,214.16,214.22,214.14,214.22,9020.0
2025-06-25 11:50:00,214.36,214.51,214.35,214.46,22748.0
2025-06-25 11:55:00,214.68,214.72,214.63,214.63,13000.0
2025-06-25 12:00:00,214.09,214.78,213.99,214.57,27860.0
2025-06-25 12:05:00,214.55,214.63,214.53,214.58,8437.0
2025-06-25 12:10:00,214.58,214.63,214.55,214.62,1357.0
2025-06-25 12:15:00,214.6,214.6,214.56,214.56,3307.0
2025-06-25 12:20:00,214.54,214.63,214.42,214.61,13582.0
2025-06-25 12:25:00,214.62,214.67,214.6101,214.63,14922.0
2025-06-25 12:30:00,214.64,214.64,214.53,214.53,8101.0
2025-06-25 12:35:00,214.53,214.64,214.48,214.62,4943.0
2025-06-25 12:40:00,214.6,214.67,214.57,214.65,12912.0
2025-06-25 12:45:00,214.59,214.59,214.47,214.48,8527.0
2025-06-25 12:50:00,214.47,214.66,214.46,214.65,17199.0
2025-06-25 12:55:00,214.63,214.74,214.63,214.72,12564.0
2025-06-25 13:00:00,214.74,214.76,214.68,214.7,10121.0
2025-06-25 13:05:00,214.73,214.74,214.6,214.63,10890.0
2025-06-25 13:10:00,214.62,214.73,214.61,214.73,4822.0
2025-06-25 13:15:00,214.67,214.73,214.63,214.73,14663.0
2025-06-25 13:20:00,214.72,214.79,214.69,214.75,4337.0
2025-06-25 13:25:00,214.73,214.79,214.65,214.66,9588.0
2025-06-25 13:30:00,214.655,214.73,213.85,214.25,898506.0
2025-06-25 13:35:00,214.24,214.2731,213.675,213.74,542885.0
2025-06-25 13:40:00,213.74,213.845,213.5,213.52,346037.0
2025-06-25 13:45:00,213.535,213.6699,213.335,213.39,380709.0
2025-06-25 13:50:00,213.37,213.42,213.1335,213.22,370031.0
2025-06-25 13:55:00,213.23,213.45,213.18,213.38,299763.0
2025-06-25 14:00:00,213.37,213.46,213.135,213.1475,352335.0
2025-06-25 14:05:00,213.14,213.28,213.08,213.195,290594.0
2025-06-25 14:10:00,213.19,213.26,212.79,212.88,365668.0
2025-06-25 14:15:00,212.87,212.935,212.71,212.735,454521.0
2025-06-25 14:20:00,212.73,212.85,212.63,212.68,316807.0
2025-06-25 14:25:00,212.67,212.825,212.61,212.73,236873.0
2025-06-25 14:30:00,212.75,212.88,212.62,212.73,334781.0
2025-06-25 14:35:00,212.74,212.78,212.48,212.53,552508.0
2025-06-25 14:40:00,212.52,212.65,212.47,212.56,316772.0
2025-06-25 14:45:00,212.545,212.81,212.545,212.74,331945.0
2025-06-25 14:50:00,212.75,212.77,212.63,212.7199,218977.0
2025-06-25 14:55:00,212.72,212.78,212.65,212.7051,244355.0
2025-06-25 15:00:00,212.72,212.82,212.64,212.7,578636.0
2025-06-25 15:05:00,212.72,212.731,212.38,212.42,277276.0
2025-06-25 15:10:00,212.4279,212.49,212.37,212.4,228114.0
2025-06-25 15:15:00,212.41,212.425,212.21,212.27,322894.0
2025-06-25 15:20:00,212.26,212.365,212.22,212.355,162793.0
2025-06-25 15:25:00,212.36,212.62,212.3567,212.615,353493.0
2025-06-25 15:30:00,212.62,212.625,212.3,212.5,237872.0
2025-06-25 15:35:00,212.51,212.78,212.475,212.73,287817.0
2025-06-25 15:40:00,212.74,212.745,212.495,212.65,263236.0
2025-06-25 15:45:00,212.64,212.705,212.525,212.67,159654.0
2025-06-25 15:50:00,212.68,212.86,212.67,212.82,185347.0
2025-06-25 15:55:00,212.83,212.84,212.71,212.75,232311.0
2025-06-25 16:00:00,212.74,212.9,212.71,212.89,508336.0
2025-06-26 09:30:00,212.31,212.33,212.26,212.33,599.0
2025-06-26 09:35:00,212.37,212.39,212.33,212.38,1558.0
2025-06-26 09:45:00,212.28,212.36,212.28,212.36,3152.0
2025-06-26 09:50:00,212.29,212.29,212.29,212.29,177.0
2025-06-26 09:55:00,212.26,212.26,212.22,212.22,870.0
2025-06-26 10:00:00,212.18,212.22,212.15,212.22,4050.0
2025-06-26 10:05:00,212.28,212.28,212.28,212.28,401.0
2025-06-26 10:15:00,212.42,212.49,212.42,212.49,484.0
2025-06-26 10:25:00,212.65,212.65,212.63,212.63,265.0
2025-06-26 10:30:00,212.65,212.67,212.63,212.67,1298.0
2025-06-26 10:35:00,212.65,212.65,212.65,212.65,271.0
2025-06-26 10:40:00,212.6,212.6,212.49,212.49,4193.0
2025-06-26 10:45:00,212.46,212.48,212.46,212.48,1765.0
2025-06-26 10:50:00,212.46,212.49,212.32,212.33,5189.0
2025-06-26 10:55:00,212.32,212.4,212.26,212.39,14104.0
2025-06-26 11:00:00,212.41,212.59,212.4,212.59,11167.0
2025-06-26 11:05:00,212.63,212.69,212.58,212.68,4074.0
2025-06-26 11:10:00,212.7,212.94,212.7,212.89,12865.0
2025-06-26 11:15:00,212.84,212.84,212.71,212.8,2249.0
2025-06-26 11:20:00,212.83,212.88,212.63,212.63,5830.0
2025-06-26 11:25:00,212.6,212.64,212.55,212.59,5367.0
2025-06-26 11:30:00,212.59,212.65,212.59,212.62,8127.0
2025-06-26 11:35:00,212.59,212.59,212.48,212.48,863.0
2025-06-26 11:40:00,212.52,212.55,212.51,212.51,3806.0
2025-06-26 11:45:00,212.51,212.51,212.51,212.51,180.0
2025-06-26 11:50:00,212.51,212.72,212.49,212.72,7983.0
2025-06-26 11:55:00,212.72,212.9,212.72,212.82,24192.0
2025-06-26 12:00:00,212.8,212.9101,212.08,212.81,84427.0
2025-06-26 12:05:00,212.85,212.87,212.79,212.8,5518.0
2025-06-26 12:10:00,212.85,212.85,212.79,212.79,4539.0
2025-06-26 12:15:00,212.74,212.76,212.67,212.7,11707.0
2025-06-26 12:20:00,212.68,212.68,212.58,212.63,24824.0
2025-06-26 12:25:00,212.76,212.78,212.66,212.77,23908.0
2025-06-26 12:30:00,212.64,212.65,212.12,212.29,36662.0
2025-06-26 12:35:00,212.29,212.51,212.29,212.51,16146.0
2025-06-26 12:40:00,212.62,212.73,212.51,212.73,9325.0
2025-06-26 12:45:00,212.74,212.76,212.64,212.72,17568.0
2025-06-26 12:50:00,212.69,212.78,212.69,212.74,15395.0
2025-06-26 12:55:00,212.74,212.86,212.73,212.85,19286.0
2025-06-26 13:00:00,212.84,212.84,212.6,212.62,8726.0
2025-06-26 13:05:00,212.6,212.64,212.5001,212.6,14435.0
2025-06-26 13:10:00,212.57,212.7,212.57,212.7,5772.0
2025-06-26 13:15:00,212.7,212.71,212.53,212.66,22044.0
2025-06-26 13:20:00,212.63,212.75,212.62,212.65,44574.0
2025-06-26 13:25:00,212.64,212.83,212.6,212.83,33240.0
2025-06-26 13:30:00,212.83,213.23,212.72,213.02,1083559.0
2025-06-26 13:35:00,213.02,213.2279,212.93,213.15,565860.0
2025-06-26 13:40:00,213.14,213.44,213.14,213.42,429830.0
2025-06-26 13:45:00,213.42,213.48,212.915,213.06,626854.0
2025-06-26 13:50:00,213.07,213.155,212.9,212.98,484194.0
2025-06-26 13:55:00,212.98,213.0,212.7,212.78,326408.0
2025-06-26 14:00:00,212.79,213.145,212.79,213.09,352239.0
2025-06-26 14:05:00,213.095,213.155,213.0,213.06,249463.0
2025-06-26 14:10:00,213.07,213.31,212.96,213.29,325411.0
2025-06-26 14:15:00,213.305,213.6086,213.29,213.6,288195.0
2025-06-26 14:20:00,213.6,213.815,213.53,213.59,479973.0
2025-06-26 14:25:00,213.58,213.98,213.58,213.9599,272470.0
2025-06-26 14:30:00,213.95,214.22,213.95,214.0593,876587.0
2025-06-26 14:35:00,214.05,214.12,214.0,214.04,341651.0
2025-06-26 14:40:00,214.035,214.09,213.81,213.85,400542.0
2025-06-26 14:45:00,213.855,214.005,213.82,214.005,153831.0
2025-06-26 14:50:00,213.99,214.025,213.92,213.99,115870.0
2025-06-26 14:55:00,214.0,214.11,213.91,214.04,215868.0
2025-06-26 15:00:00,214.05,214.335,214.03,214.32,255093.0
2025-06-26 15:05:00,214.315,214.32,214.165,214.25,313919.0
2025-06-26 15:10:00,214.25,214.275,213.98,213.985,376485.0
2025-06-26 15:15:00,213.99,214.075,213.88,213.91,178455.0
2025-06-26 15:20:00,213.92,214.015,213.845,213.86,141513.0
2025-06-26 15:25:00,213.855,213.86,213.615,213.615,233398.0
2025-06-26 15:30:00,213.61,213.83,213.515,213.83,250527.0
2025-06-26 15:35:00,213.842,213.92,213.81,213.8699,120442.0
2025-06-26 15:40:00,213.87,213.87,213.6,213.6,143452.0
2025-06-26 15:45:00,213.62,213.74,213.57,213.59,112094.0
2025-06-26 15:50:00,213.585,213.655,213.525,213.6282,244937.0
2025-06-26 15:55:00,213.63,213.71,213.53,213.705,117018.0
2025-06-26 16:00:00,213.72,213.97,213.69,213.945,145961.0
2025-06-27 09:30:00,216.18,216.18,216.09,216.09,1231.0
2025-06-27 09:35:00,216.14,216.14,216.07,216.07,425.0
2025-06-27 09:40:00,216.2,216.2,216.19,216.19,688.0
2025-06-27 09:45:00,216.16,216.16,216.09,216.11,1213.0
2025-06-27 09:50:00,216.1,216.13,216.1,216.13,590.0
2025-06-27 09:55:00,216.17,216.18,216.16,216.16,481.0
2025-06-27 10:00:00,216.11,216.11,216.11,216.11,736.0
2025-06-27 10:05:00,216.17,216.17,216.09,216.09,306.0
2025-06-27 10:10:00,216.05,216.05,215.96,215.98,1462.0
2025-06-27 10:20:00,216.17,216.17,216.04,216.08,2529.0
2025-06-27 10:25:00,216.07,216.07,216.0,216.0,517.0
2025-06-27 10:30:00,216.09,216.09,216.09,216.09,132.0
2025-06-27 10:35:00,216.12,216.12,216.05,216.07,2434.0
2025-06-27 10:40:00,216.09,216.09,216.09,216.09,126.0
2025-06-27 10:45:00,216.05,216.09,216.05,216.07,629.0
2025-06-27 10:50:00,216.14,216.14,216.1,216.1,346.0
2025-06-27 10:55:00,216.11,216.11,216.09,216.09,1701.0
2025-06-27 11:00:00,216.08,216.26,216.08,216.25,14690.0
2025-06-27 11:05:00,216.25,216.3,216.25,216.3,1009.0
2025-06-27 11:10:00,216.31,216.35,216.28,216.29,24157.0
2025-06-27 11:15:00,216.29,216.43,216.29,216.43,2418.0
2025-06-27 11:20:00,216.45,216.52,216.43,216.49,20579.0
2025-06-27 11:25:00,216.47,216.5,216.35,216.35,2921.0
2025-06-27 11:30:00,216.32,216.41,216.31,216.41,2566.0
2025-06-27 11:35:00,216.38,216.4,216.33,216.4,2755.0
2025-06-27 11:40:00,216.42,216.49,216.35,216.38,6712.0
2025-06-27 11:45:00,216.39,216.42,216.33,216.41,9659.0
2025-06-27 11:50:00,216.38,216.5,216.38,216.48,3519.0
2025-06-27 11:55:00,216.48,216.58,216.43,216.57,23782.0
2025-06-27 12:00:00,216.36,216.6,215.73,216.44,23576.0
2025-06-27 12:05:00,216.45,216.48,216.37,216.47,3446.0
2025-06-27 12:10:00,216.39,216.45,216.38,216.43,3284.0
2025-06-27 12:15:00,216.41,216.41,216.33,216.33,14707.0
2025-06-27 12:20:00,216.34,216.5,216.31,216.5,3467.0
2025-06-27 12:25:00,216.4701,216.5,216.34,216.34,22538.0
2025-06-27 12:30:00,216.27,216.32,215.96,216.0,87134.0
2025-06-27 12:35:00,216.0,216.11,215.9401,216.02,22289.0
2025-06-27 12:40:00,216.01,216.01,215.86,215.91,15169.0
2025-06-27 12:45:00,215.9,216.08,215.9,215.99,16875.0
2025-06-27 12:50:00,216.01,216.01,215.87,215.94,7668.0
2025-06-27 12:55:00,215.95,216.0,215.89,215.91,4659.0
2025-06-27 13:00:00,215.91,216.04,215.83,216.03,17835.0
2025-06-27 13:05:00,216.05,216.11,216.04,216.1,6487.0
2025-06-27 13:10:00,216.09,216.1,215.9001,215.94,9361.0
2025-06-27 13:15:00,215.94,216.07,215.87,215.91,16196.0
2025-06-27 13:20:00,215.94,216.05,215.88,215.9,12154.0
2025-06-27 13:25:00,215.9,216.12,215.83,216.07,16591.0
2025-06-27 13:30:00,216.05,216.12,215.33,215.38,1003410.0
2025-06-27 13:35:00,215.37,215.7,215.21,215.68,765815.0
2025-06-27 13:40:00,215.69,215.855,215.62,215.775,459366.0
2025-06-27 13:45:00,215.79,215.8,215.46,215.515,359033.0
2025-06-27 13:50:00,215.52,215.77,215.44,215.76,386512.0
2025-06-27 13:55:00,215.77,216.05,215.755,215.84,669163.0
2025-06-27 14:00:00,215.85,216.45,215.85,216.365,1226061.0
2025-06-27 14:05:00,216.36,216.645,216.34,216.5,856524.0
2025-06-27 14:10:00,216.5,216.665,216.37,216.375,1375709.0
2025-06-27 14:15:00,216.38,216.45,216.17,216.285,555804.0
2025-06-27 14:20:00,216.28,216.28,215.85,215.875,404256.0
2025-06-27 14:25:00,215.87,216.275,215.79,216.235,467482.0
2025-06-27 14:30:00,216.235,216.46,216.17,216.46,899551.0
2025-06-27 14:35:00,216.46,216.75,216.35,216.7,683125.0
2025-06-27 14:40:00,216.71,217.058,216.7,217.048,437003.0
2025-06-27 14:45:00,217.05,217.18,216.91,217.18,774410.0
2025-06-27 14:50:00,217.17,217.175,216.885,216.91,560325.0
2025-06-27 14:55:00,216.9099,216.92,216.645,216.68,389526.0
2025-06-27 15:00:00,216.68,216.75,216.55,216.62,333693.0
2025-06-27 15:05:00,216.62,216.78,216.59,216.6073,304374.0
2025-06-27 15:10:00,216.61,216.665,216.55,216.56,222599.0
2025-06-27 15:15:00,216.555,216.58,216.34,216.35,247769.0
2025-06-27 15:20:00,216.35,216.5182,216.26,216.34,271550.0
2025-06-27 15:25:00,216.34,216.38,216.255,216.29,184647.0
2025-06-27 15:30:00,216.29,216.5,216.275,216.5,275174.0
2025-06-27 15:35:00,216.51,216.825,216.505,216.82,379667.0
2025-06-27 15:40:00,216.815,217.04,216.775,216.99,671788.0
2025-06-27 15:45:00,216.99,216.995,216.725,216.745,235988.0
2025-06-27 15:50:00,216.745,216.785,216.6,216.68,190210.0
2025-06-27 15:55:00,216.68,216.7099,216.58,216.62,164564.0
2025-06-27 16:00:00,216.61,216.67,216.54,216.66,193850.0
2025-06-30 09:30:00,216.74,216.78,216.71,216.78,497.0
2025-06-30 09:35:00,216.76,216.76,216.74,216.76,1051.0
2025-06-30 09:40:00,216.77,216.77,216.68,216.68,1974.0
2025-06-30 09:45:00,216.59,216.59,216.57,216.59,1029.0
2025-06-30 09:50:00,216.57,216.57,216.44,216.45,1749.0
2025-06-30 09:55:00,216.43,216.47,216.42,216.46,2821.0
2025-06-30 10:00:00,216.44,216.44,216.35,216.35,2325.0
2025-06-30 10:05:00,216.38,216.46,216.38,216.46,2993.0
2025-06-30 10:10:00,216.48,216.49,216.47,216.49,2354.0
2025-06-30 10:15:00,216.5,216.57,216.5,216.56,15255.0
2025-06-30 10:20:00,216.54,216.54,216.54,216.54,1133.0
2025-06-30 10:25:00,216.53,216.64,216.53,216.63,3124.0
2025-06-30 10:30:00,216.57,216.57,216.57,216.57,460.0
2025-06-30 10:35:00,216.59,216.72,216.59,216.69,845.0
2025-06-30 10:40:00,216.71,216.71,216.58,216.58,798.0
2025-06-30 10:45:00,216.54,216.57,216.54,216.57,487.0
2025-06-30 10:50:00,216.56,216.58,216.54,216.57,3050.0
2025-06-30 10:55:00,216.6,216.62,216.6,216.61,3877.0
2025-06-30 11:00:00,216.63,216.65,216.59,216.59,5673.0
2025-06-30 11:05:00,216.6,216.63,216.6,216.63,1491.0
2025-06-30 11:10:00,216.6,216.62,216.6,216.62,2828.0
2025-06-30 11:15:00,216.56,216.65,216.56,216.65,5163.0
2025-06-30 11:20:00,216.66,216.67,216.65,216.67,852.0
2025-06-30 11:25:00,216.67,216.76,216.67,216.76,1524.0
2025-06-30 11:30:00,216.74,216.75,216.59,216.67,3603.0
2025-06-30 11:35:00,216.59,216.6,216.54,216.54,3894.0
2025-06-30 11:40:00,216.6,216.79,216.6,216.79,28926.0
2025-06-30 11:45:00,216.76,216.83,216.76,216.82,3046.0
2025-06-30 11:50:00,216.84,216.87,216.68,216.68,17148.0
2025-06-30 11:55:00,216.69,216.7,216.56,216.57,6751.0
2025-06-30 12:00:00,216.7,217.05,216.6,216.71,17457.0
2025-06-30 12:05:00,216.72,216.76,216.7,216.73,9360.0
2025-06-30 12:10:00,216.65,216.84,216.65,216.84,7782.0
2025-06-30 12:15:00,216.81,216.81,216.69,216.79,9967.0
2025-06-30 12:20:00,216.77,216.78,216.62,216.71,11647.0
2025-06-30 12:25:00,216.66,216.73,216.64,216.71,3210.0
2025-06-30 12:30:00,216.73,216.74,216.62,216.7,71259.0
2025-06-30 12:35:00,216.67,216.69,216.5601,216.5601,2588.0
2025-06-30 12:40:00,216.63,216.67,216.6,216.67,4893.0
2025-06-30 12:45:00,216.6,216.65,216.56,216.57,16084.0
2025-06-30 12:50:00,216.63,216.65,216.56,216.64,20665.0
2025-06-30 12:55:00,216.62,216.65,216.58,216.65,7061.0
2025-06-30 13:00:00,216.62,216.66,216.61,216.61,1977.0
2025-06-30 13:05:00,216.6,216.6,216.55,216.58,17831.0
2025-06-30 13:10:00,216.65,216.69,216.6,216.69,19739.0
2025-06-30 13:15:00,216.71,216.78,216.62,216.77,26042.0
2025-06-30 13:20:00,216.8,216.89,216.8,216.83,24519.0
2025-06-30 13:25:00,216.75,216.9,216.65,216.66,44800.0
2025-06-30 13:30:00,216.68,216.71,215.93,216.13,1060976.0
2025-06-30 13:35:00,216.13,216.45,215.96,216.31,897557.0
2025-06-30 13:40:00,216.32,216.38,215.975,216.17,412585.0
2025-06-30 13:45:00,216.17,216.28,216.01,216.04,344150.0
2025-06-30 13:50:00,216.04,216.3,215.98,216.17,382163.0
2025-06-30 13:55:00,216.16,216.39,216.135,216.315,499764.0
2025-06-30 14:00:00,216.315,216.405,216.1,216.325,471734.0
2025-06-30 14:05:00,216.32,216.35,216.1697,216.34,305736.0
2025-06-30 14:10:00,216.33,216.34,216.055,216.065,299592.0
2025-06-30 14:15:00,216.075,216.28,215.91,216.0035,245925.0
2025-06-30 14:20:00,215.99,216.025,215.66,215.94,291176.0
2025-06-30 14:25:00,215.96,216.15,215.9,216.1325,259315.0
2025-06-30 14:30:00,216.14,216.2,215.98,216.03,260173.0
2025-06-30 14:35:00,216.04,216.13,215.815,215.87,235104.0
2025-06-30 14:40:00,215.86,216.0399,215.76,215.95,191112.0
2025-06-30 14:45:00,215.95,216.01,215.86,215.985,133473.0
2025-06-30 14:50:00,215.95,216.03,215.9,216.01,146253.0
2025-06-30 14:55:00,216.01,216.03,215.91,216.02,154707.0
2025-06-30 15:00:00,216.02,216.145,215.93,216.14,218908.0
2025-06-30 15:05:00,216.14,216.18,216.09,216.15,168196.0
2025-06-30 15:10:00,216.15,216.155,215.7282,215.81,228680.0
2025-06-30 15:15:00,215.82,215.87,215.755,215.835,138473.0
2025-06-30 15:20:00,215.84,215.915,215.739,215.78,112754.0
2025-06-30 15:25:00,215.78,215.9,215.73,215.88,230980.0
2025-06-30 15:30:00,215.895,216.02,215.89,215.96,180463.0
2025-06-30 15:35:00,215.94,216.08,215.91,216.0,204079.0
2025-06-30 15:40:00,215.995,215.995,215.8,215.845,147082.0
2025-06-30 15:45:00,215.85,215.97,215.8,215.95,106221.0
2025-06-30 15:50:00,215.94,216.02,215.91,215.925,218381.0
2025-06-30 15:55:00,215.93,215.99,215.8501,215.89,234588.0
2025-06-30 16:00:00,215.9,215.97,215.85,215.97,117669.0
2025-07-01 09:30:00,215.38,215.47,215.38,215.45,746.0
2025-07-01 09:40:00,215.45,215.45,215.35,215.35,584.0
2025-07-01 09:45:00,215.29,215.3,215.23,215.23,2476.0
2025-07-01 09:50:00,215.22,215.26,215.17,215.23,4807.0
2025-07-01 09:55:00,215.31,215.31,215.28,215.28,1336.0
2025-07-01 10:00:00,215.26,215.38,215.26,215.38,751.0
2025-07-01 10:05:00,215.35,215.45,215.35,215.45,3906.0
2025-07-01 10:10:00,215.45,215.45,215.45,215.45,1500.0
2025-07-01 10:15:00,215.45,215.45,215.45,215.45,2085.0
2025-07-01 10:20:00,215.4,215.4,215.4,215.4,100.0
2025-07-01 10:25:00,215.39,215.42,215.38,215.39,1545.0
2025-07-01 10:30:00,215.35,215.35,215.32,215.33,3452.0
2025-07-01 10:35:00,215.32,215.32,215.32,215.32,120.0
2025-07-01 10:40:00,215.3,215.3,215.09,215.09,3648.0
2025-07-01 10:45:00,215.13,215.13,214.94,215.02,8064.0
2025-07-01 10:50:00,215.02,215.03,214.99,214.99,6711.0
2025-07-01 10:55:00,215.01,215.13,215.01,215.13,1820.0
2025-07-01 11:00:00,215.15,215.27,215.15,215.22,7714.0
2025-07-01 11:05:00,215.28,215.28,215.24,215.28,1068.0
2025-07-01 11:15:00,215.17,215.17,215.06,215.09,10009.0
2025-07-01 11:20:00,215.06,215.12,214.99,214.99,3697.0
2025-07-01 11:25:00,215.09,215.1,215.0,215.1,1790.0
2025-07-01 11:30:00,215.19,215.22,215.15,215.22,1937.0
2025-07-01 11:35:00,215.19,215.22,215.19,215.22,9344.0
2025-07-01 11:40:00,215.15,215.19,215.11,215.14,4702.0
2025-07-01 11:45:00,215.11,215.16,215.06,215.06,15695.0
2025-07-01 11:50:00,215.07,215.12,215.07,215.12,1385.0
2025-07-01 11:55:00,215.11,215.18,215.05,215.18,4101.0
2025-07-01 12:00:00,215.1,215.58,215.05,215.15,16773.0
2025-07-01 12:05:00,215.22,215.29,215.01,215.07,4926.0
2025-07-01 12:10:00,215.05,215.06,214.86,214.95,11464.0
2025-07-01 12:15:00,214.96,214.98,214.84,214.89,7946.0
2025-07-01 12:20:00,214.86,214.88,214.66,214.69,15516.0
2025-07-01 12:25:00,214.63,214.63,214.43,214.62,12547.0
2025-07-01 12:30:00,214.62,214.77,214.62,214.73,8283.0
2025-07-01 12:35:00,214.75,214.82,214.55,214.569,6201.0
2025-07-01 12:40:00,214.57,214.61,214.52,214.6,25305.0
2025-07-01 12:45:00,214.64,214.76,214.61,214.69,18179.0
2025-07-01 12:50:00,214.65,214.71,214.62,214.71,6036.0
2025-07-01 12:55:00,214.68,214.68,214.61,214.62,935.0
2025-07-01 13:00:00,214.65,214.68,214.64,214.67,5731.0
2025-07-01 13:05:00,214.65,214.69,214.63,214.65,3275.0
2025-07-01 13:10:00,214.69,214.77,214.69,214.71,14105.0
2025-07-01 13:15:00,214.71,214.74,214.52,214.52,6850.0
2025-07-01 13:20:00,214.5,214.6,214.5,214.53,9862.0
2025-07-01 13:25:00,214.49,214.62,214.4,214.59,61343.0
2025-07-01 13:30:00,214.62,214.78,214.1499,214.67,1096721.0
2025-07-01 13:35:00,214.67,215.015,214.55,214.96,432898.0
2025-07-01 13:40:00,214.94,215.01,214.71,214.91,276623.0
2025-07-01 13:45:00,214.93,215.205,214.81,215.19,399582.0
2025-07-01 13:50:00,215.18,215.63,215.1,215.585,416976.0
2025-07-01 13:55:00,215.58,215.59,215.265,215.319,832118.0
2025-07-01 14:00:00,215.25,215.58,215.13,215.42,336802.0
2025-07-01 14:05:00,215.43,215.655,215.39,215.395,249049.0
2025-07-01 14:10:00,215.4,215.76,215.26,215.715,817028.0
2025-07-01 14:15:00,215.71,215.91,215.69,215.89,308459.0
2025-07-01 14:20:00,215.875,215.965,215.69,215.775,872359.0
2025-07-01 14:25:00,215.78,215.8425,215.45,215.53,295162.0
2025-07-01 14:30:00,215.54,215.965,215.4999,215.785,269401.0
2025-07-01 14:35:00,215.7701,215.92,215.53,215.585,334605.0
2025-07-01 14:40:00,215.57,215.72,215.39,215.71,201616.0
2025-07-01 14:45:00,215.69,215.69,215.39,215.465,612435.0
2025-07-01 14:50:00,215.47,215.6,215.38,215.505,219776.0
2025-07-01 14:55:00,215.5,215.66,215.455,215.57,276486.0
2025-07-01 15:00:00,215.57,216.0098,215.47,216.0098,1266470.0
2025-07-01 15:05:00,216.0,216.15,215.61,215.82,715424.0
2025-07-01 15:10:00,215.825,215.96,215.6,215.92,346639.0
2025-07-01 15:15:00,215.92,216.62,215.92,216.58,515291.0
2025-07-01 15:20:00,216.58,217.16,216.56,217.135,967880.0
2025-07-01 15:25:00,217.11,217.605,217.11,217.485,935667.0
2025-07-01 15:30:00,217.48,217.87,217.43,217.87,516749.0
2025-07-01 15:35:00,217.865,217.955,217.58,217.705,528395.0
2025-07-01 15:40:00,217.7,217.745,217.34,217.46,669546.0
2025-07-01 15:45:00,217.46,217.8475,217.43,217.835,555441.0
2025-07-01 15:50:00,217.83,218.19,217.795,218.12,574612.0
2025-07-01 15:55:00,218.12,218.56,218.08,218.5501,647825.0
2025-07-01 16:00:00,218.56,219.05,218.53,218.945,716019.0
2025-07-02 09:30:00,219.7,219.7,219.53,219.58,5108.0
2025-07-02 09:35:00,219.54,219.54,219.47,219.47,540.0
2025-07-02 09:40:00,219.51,219.54,219.5,219.5,3294.0
2025-07-02 09:45:00,219.51,219.54,219.51,219.54,2774.0
2025-07-02 09:50:00,219.57,219.57,219.55,219.55,2541.0
2025-07-02 09:55:00,219.59,219.62,219.59,219.62,432.0
2025-07-02 10:00:00,219.53,219.54,219.53,219.54,665.0
2025-07-02 10:05:00,219.61,219.62,219.61,219.62,1222.0
2025-07-02 10:10:00,219.63,219.87,219.62,219.87,3349.0
2025-07-02 10:15:00,219.81,219.82,219.81,219.82,1618.0
2025-07-02 10:20:00,219.89,219.94,219.85,219.85,12020.0
2025-07-02 10:30:00,219.8,220.02,219.76,219.76,11211.0
2025-07-02 10:35:00,219.73,219.73,219.58,219.58,1720.0
2025-07-02 10:40:00,219.53,219.54,219.43,219.49,6024.0
2025-07-02 10:45:00,219.66,219.73,219.66,219.73,2028.0
2025-07-02 10:50:00,219.8,219.83,219.76,219.77,5872.0
2025-07-02 10:55:00,219.77,219.96,219.63,219.75,35162.0
2025-07-02 11:00:00,219.75,219.93,219.6,219.92,27965.0
2025-07-02 11:05:00,219.86,219.91,219.77,219.85,7473.0
2025-07-02 11:10:00,219.83,219.83,219.75,219.77,3909.0
2025-07-02 11:15:00,219.78,219.8,219.74,219.8,3005.0
2025-07-02 11:20:00,219.8,219.81,219.74,219.77,6887.0
2025-07-02 11:25:00,219.7,219.72,219.63,219.65,3198.0
2025-07-02 11:30:00,219.65,219.65,219.41,219.46,16087.0
2025-07-02 11:35:00,219.52,219.6,219.43,219.55,113425.0
2025-07-02 11:40:00,219.55,219.55,219.35,219.36,26062.0
2025-07-02 11:45:00,219.38,219.44,219.23,219.23,17893.0
2025-07-02 11:50:00,219.14,219.21,218.87,218.94,20978.0
2025-07-02 11:55:00,218.93,219.08,218.88,219.01,18045.0
2025-07-02 12:00:00,219.84,220.51,218.72,218.96,58907.0
2025-07-02 12:05:00,218.96,219.14,218.8801,219.07,11145.0
2025-07-02 12:10:00,219.08,219.24,218.94,219.01,12629.0
2025-07-02 12:15:00,219.0,219.0,218.29,218.46,79013.0
2025-07-02 12:20:00,218.49,218.71,218.24,218.24,33487.0
2025-07-02 12:25:00,218.33,218.71,218.29,218.61,26377.0
2025-07-02 12:30:00,218.68,218.68,218.07,218.25,139415.0
2025-07-02 12:35:00,218.32,218.4,218.22,218.32,41308.0
2025-07-02 12:40:00,218.29,218.3,217.98,218.19,35086.0
2025-07-02 12:45:00,218.19,218.32,218.08,218.15,51352.0
2025-07-02 12:50:00,218.16,218.23,218.05,218.14,26033.0
2025-07-02 12:55:00,218.13,218.16,218.01,218.09,18655.0
2025-07-02 13:00:00,218.1,218.19,217.86,218.19,80990.0
2025-07-02 13:05:00,218.19,218.42,218.06,218.31,100418.0
2025-07-02 13:10:00,218.31,218.47,218.2608,218.35,175720.0
2025-07-02 13:15:00,218.37,218.47,218.3,218.35,35050.0
2025-07-02 13:20:00,218.33,218.4,218.17,218.17,61053.0
2025-07-02 13:25:00,218.19,218.37,218.05,218.37,54836.0
2025-07-02 13:30:00,218.37,218.38,217.605,217.66,1420616.0
2025-07-02 13:35:00,217.67,217.76,217.36,217.47,1052468.0
2025-07-02 13:40:00,217.48,217.7,217.39,217.51,746926.0
2025-07-02 13:45:00,217.51,218.12,217.51,218.111,828108.0
2025-07-02 13:50:00,218.11,218.1599,217.88,217.96,569148.0
2025-07-02 13:55:00,217.97,218.15,217.78,218.135,468221.0
2025-07-02 14:00:00,218.13,218.315,217.94,218.105,671582.0
2025-07-02 14:05:00,218.11,218.55,218.06,218.505,497586.0
2025-07-02 14:10:00,218.505,218.58,218.275,218.33,525992.0
2025-07-02 14:15:00,218.33,218.59,218.175,218.435,539576.0
2025-07-02 14:20:00,218.43,218.765,218.3,218.73,405999.0
2025-07-02 14:25:00,218.735,219.08,218.64,219.025,681450.0
2025-07-02 14:30:00,219.02,219.3697,218.98,219.305,529884.0
2025-07-02 14:35:00,219.31,219.72,219.28,219.625,405302.0
2025-07-02 14:40:00,219.62,219.75,219.22,219.23,789647.0
2025-07-02 14:45:00,219.23,219.36,218.955,219.32,713495.0
2025-07-02 14:50:00,219.325,219.74,219.31,219.45,566637.0
2025-07-02 14:55:00,219.44,219.74,219.38,219.72,446202.0
2025-07-02 15:00:00,219.72,219.7899,219.6,219.7,356947.0
2025-07-02 15:05:00,219.7,219.785,219.47,219.51,484854.0
2025-07-02 15:10:00,219.51,219.62,219.3,219.4199,286048.0
2025-07-02 15:15:00,219.41,219.67,219.39,219.485,269704.0
2025-07-02 15:20:00,219.49,219.76,219.44,219.66,248940.0
2025-07-02 15:25:00,219.66,219.805,219.49,219.52,237522.0
2025-07-02 15:30:00,219.53,219.685,219.48,219.595,323724.0
2025-07-02 15:35:00,219.595,219.995,219.59,219.95,436815.0
2025-07-02 15:40:00,219.955,220.14,219.9,220.08,594677.0
2025-07-02 15:45:00,220.08,220.17,220.02,220.11,293137.0
2025-07-02 15:50:00,220.105,220.16,219.9,219.905,288529.0
2025-07-02 15:55:00,219.89,219.905,219.62,219.69,224008.0
2025-07-02 16:00:00,219.685,219.79,219.27,219.325,343317.0
2025-07-03 09:30:00,222.55,222.68,222.5,222.57,13469.0
2025-07-03 09:35:00,222.53,222.54,222.4,222.45,3878.0
2025-07-03 09:40:00,222.45,222.54,222.45,222.5,7082.0
2025-07-03 09:45:00,222.5,222.57,222.48,222.57,5082.0
2025-07-03 09:50:00,222.5,222.5,222.45,222.45,991.0
2025-07-03 09:55:00,222.48,222.5,222.37,222.43,6799.0
2025-07-03 10:00:00,222.45,222.6,222.45,222.56,9079.0
2025-07-03 10:05:00,222.52,222.55,222.45,222.45,8724.0
2025-07-03 10:10:00,222.48,222.48,222.4,222.48,7090.0
2025-07-03 10:15:00,222.34,222.36,222.3,222.3,3113.0
2025-07-03 10:20:00,222.3,222.34,222.3,222.34,586.0
2025-07-03 10:25:00,222.31,222.42,222.31,222.35,5886.0
2025-07-03 10:30:00,222.34,222.37,222.33,222.37,1121.0
2025-07-03 10:35:00,222.42,222.46,222.42,222.46,673.0
2025-07-03 10:40:00,222.49,222.49,222.37,222.37,1873.0
2025-07-03 10:45:00,222.48,222.48,222.47,222.47,1002.0
2025-07-03 10:50:00,222.44,222.47,222.42,222.47,2539.0
2025-07-03 10:55:00,222.44,222.48,222.44,222.48,589.0
2025-07-03 11:00:00,222.47,222.53,222.44,222.49,11988.0
2025-07-03 11:05:00,222.5,222.62,222.47,222.571,3604.0
2025-07-03 11:10:00,222.62,222.62,222.47,222.49,13374.0
2025-07-03 11:15:00,222.5,222.5,222.41,222.48,2669.0
2025-07-03 11:20:00,222.57,222.59,222.49,222.49,2039.0
2025-07-03 11:25:00,222.48,222.54,222.42,222.54,21298.0
2025-07-03 11:30:00,222.69,222.72,222.65,222.7,16965.0
2025-07-03 11:35:00,222.68,222.7,222.62,222.67,13144.0
2025-07-03 11:40:00,222.73,222.96,222.73,222.93,7231.0
2025-07-03 11:45:00,222.94,222.94,222.75,222.83,12750.0
2025-07-03 11:50:00,222.86,222.99,222.79,222.81,22392.0
2025-07-03 11:55:00,222.86,222.87,222.77,222.85,1840.0
2025-07-03 12:00:00,222.55,222.91,221.72,222.82,28089.0
2025-07-03 12:05:00,222.82,222.89,222.82,222.84,8352.0
2025-07-03 12:10:00,222.91,222.91,222.67,222.7175,18980.0
2025-07-03 12:15:00,222.73,222.77,222.69,222.71,12582.0
2025-07-03 12:20:00,222.8,222.97,222.74,222.92,14355.0
2025-07-03 12:25:00,222.79,222.83,222.65,222.77,15084.0
2025-07-03 12:30:00,222.98,224.51,222.79,223.11,253738.0
2025-07-03 12:35:00,223.2,223.54,222.64,223.37,116334.0
2025-07-03 12:40:00,223.37,223.37,222.66,222.83,114397.0
2025-07-03 12:45:00,222.85,222.93,222.09,222.14,131309.0
2025-07-03 12:50:00,222.16,222.409,222.16,222.4,96439.0
2025-07-03 12:55:00,222.4,222.47,221.74,221.8,132658.0
2025-07-03 13:00:00,221.8,222.16,221.73,222.04,39738.0
2025-07-03 13:05:00,222.02,222.39,221.9801,222.33,155901.0
2025-07-03 13:10:00,222.27,222.29,221.95,221.95,29237.0
2025-07-03 13:15:00,221.91,221.979,221.8605,221.97,25131.0
2025-07-03 13:20:00,221.97,222.1,221.9,222.06,30022.0
2025-07-03 13:25:00,222.05,222.19,221.94,222.05,35921.0
2025-07-03 13:30:00,222.01,222.71,221.77,222.42,1285830.0
2025-07-03 13:35:00,222.44,223.0,222.4301,222.88,873044.0
2025-07-03 13:40:00,222.87,222.9,222.28,222.33,517798.0
2025-07-03 13:45:00,222.34,222.5,222.23,222.42,514110.0
2025-07-03 13:50:00,222.43,222.86,222.33,222.72,700494.0
2025-07-03 13:55:00,222.73,222.8,222.27,222.318,480828.0
2025-07-03 14:00:00,222.35,222.985,222.28,222.89,443396.0
2025-07-03 14:05:00,222.88,223.27,222.83,223.0501,553751.0
2025-07-03 14:10:00,223.04,223.07,222.7,222.81,650904.0
2025-07-03 14:15:00,222.825,222.85,222.515,222.605,395223.0
2025-07-03 14:20:00,222.61,222.65,222.38,222.385,487441.0
2025-07-03 14:25:00,222.39,222.41,222.265,222.4,393601.0
2025-07-03 14:30:00,222.395,222.5221,222.34,222.51,285071.0
2025-07-03 14:35:00,222.52,222.85,222.4099,222.74,298585.0
2025-07-03 14:40:00,222.74,223.185,222.59,223.175,504889.0
2025-07-03 14:45:00,223.18,223.23,222.95,222.96,420015.0
2025-07-03 14:50:00,222.97,222.98,222.75,222.83,898927.0
2025-07-03 14:55:00,222.835,223.08,222.815,222.96,275766.0
2025-07-03 15:00:00,222.96,223.17,222.9,223.005,340614.0
2025-07-03 15:05:00,223.0,223.22,222.89,222.91,258218.0
2025-07-03 15:10:00,222.91,222.95,222.775,222.91,313281.0
2025-07-03 15:15:00,222.9,222.97,222.71,222.81,588349.0
2025-07-03 15:20:00,222.8,222.8,222.55,222.59,187828.0
2025-07-03 15:25:00,222.59,222.695,222.49,222.685,934647.0
2025-07-03 15:30:00,222.69,223.13,222.665,223.06,370781.0
2025-07-03 15:35:00,223.055,223.245,222.97,223.16,309723.0
2025-07-03 15:40:00,223.167,223.33,223.15,223.31,211051.0
2025-07-03 15:45:00,223.31,223.31,223.03,223.06,269088.0
2025-07-03 15:50:00,223.07,223.16,222.945,222.9872,418214.0
2025-07-03 15:55:00,222.99,223.025,222.8,222.91,350162.0
2025-07-03 16:00:00,222.91,223.07,222.7601,222.7601,249306.0
2025-07-07 09:30:00,221.81,221.82,221.8,221.82,1417.0
2025-07-07 09:35:00,221.9,222.0,221.9,222.0,3140.0
2025-07-07 09:40:00,222.0,222.0,221.97,221.97,1408.0
2025-07-07 09:50:00,221.99,222.05,221.99,222.05,1448.0
2025-07-07 09:55:00,222.05,222.13,222.03,222.1,2345.0
2025-07-07 10:00:00,222.12,222.15,222.1,222.14,2975.0
2025-07-07 10:05:00,222.22,222.22,222.21,222.21,736.0
2025-07-07 10:10:00,222.2,222.32,222.19,222.32,1330.0
2025-07-07 10:15:00,222.13,222.2,222.09,222.18,1468.0
2025-07-07 10:20:00,222.23,222.23,222.23,222.23,467.0
2025-07-07 10:25:00,222.2,222.2,222.2,222.2,180.0
2025-07-07 10:30:00,222.13,222.18,222.07,222.14,4932.0
2025-07-07 10:35:00,222.16,222.19,222.1,222.1,1963.0
2025-07-07 10:40:00,222.06,222.06,222.04,222.05,1661.0
2025-07-07 10:45:00,221.98,222.04,221.92,221.92,4610.0
2025-07-07 10:50:00,221.88,221.95,221.88,221.93,1141.0
2025-07-07 10:55:00,221.89,221.92,221.89,221.92,840.0
2025-07-07 11:00:00,221.89,222.08,221.89,222.08,13570.0
2025-07-07 11:05:00,222.13,222.14,222.05,222.12,4208.0
2025-07-07 11:10:00,222.11,222.13,221.98,221.98,54623.0
2025-07-07 11:15:00,222.01,222.11,222.01,222.06,1583.0
2025-07-07 11:20:00,222.09,222.11,222.09,222.11,593.0
2025-07-07 11:25:00,222.12,222.3,222.12,222.3,41134.0
2025-07-07 11:30:00,222.3,222.3,222.2,222.27,4515.0
2025-07-07 11:35:00,222.26,222.27,222.14,222.16,23745.0
2025-07-07 11:40:00,222.04,222.19,222.04,222.19,595.0
2025-07-07 11:45:00,222.12,222.19,222.12,222.19,1946.0
2025-07-07 11:50:00,222.22,222.22,222.06,222.06,3689.0
2025-07-07 11:55:00,222.09,222.15,222.09,222.15,1943.0
2025-07-07 12:00:00,221.91,222.2999,221.45,222.12,32430.0
2025-07-07 12:05:00,222.21,222.35,222.19,222.35,3263.0
2025-07-07 12:10:00,222.24,222.36,222.23,222.35,2678.0
2025-07-07 12:15:00,222.36,222.38,222.3,222.33,4505.0
2025-07-07 12:20:00,222.23,222.24,222.14,222.18,2317.0
2025-07-07 12:25:00,222.17,222.17,222.01,222.06,6438.0
2025-07-07 12:30:00,222.09,222.11,222.07,222.09,1392.0
2025-07-07 12:35:00,222.19,222.22,222.04,222.04,3155.0
2025-07-07 12:40:00,222.04,222.04,221.93,222.04,9508.0
2025-07-07 12:45:00,222.01,222.05,221.99,222.03,5749.0
2025-07-07 12:50:00,221.97,222.05,221.8001,221.8101,37824.0
2025-07-07 12:55:00,221.81,221.86,221.62,221.62,28229.0
2025-07-07 13:00:00,221.66,221.67,221.46,221.5701,24257.0
2025-07-07 13:05:00,221.52,221.58,221.42,221.48,11118.0
2025-07-07 13:10:00,221.46,221.5,221.37,221.43,6453.0
2025-07-07 13:15:00,221.4,221.44,221.26,221.26,33704.0
2025-07-07 13:20:00,221.29,221.43,221.24,221.33,20995.0
2025-07-07 13:25:00,221.34,221.54,221.29,221.4703,21321.0
2025-07-07 13:30:00,221.57,221.9,221.05,221.35,1418041.0
2025-07-07 13:35:00,221.38,221.58,221.16,221.39,863105.0
2025-07-07 13:40:00,221.34,221.65,221.2,221.55,555150.0
2025-07-07 13:45:00,221.54,221.69,221.14,221.65,603596.0
2025-07-07 13:50:00,221.66,222.195,221.65,222.17,695561.0
2025-07-07 13:55:00,222.16,222.23,222.0601,222.2,562960.0
2025-07-07 14:00:00,222.17,222.4,222.13,222.33,523647.0
2025-07-07 14:05:00,222.33,222.82,222.33,222.785,465511.0
2025-07-07 14:10:00,222.79,222.82,222.21,222.375,500850.0
2025-07-07 14:15:00,222.38,222.42,222.14,222.22,383782.0
2025-07-07 14:20:00,222.22,222.3,221.9,221.92,376598.0
2025-07-07 14:25:00,221.8993,221.92,221.6,221.75,1457318.0
2025-07-07 14:30:00,221.74,221.8,221.34,221.37,457883.0
2025-07-07 14:35:00,221.39,221.54,221.26,221.485,511030.0
2025-07-07 14:40:00,221.47,221.78,221.445,221.735,294859.0
2025-07-07 14:45:00,221.74,221.89,221.45,221.46,947028.0
2025-07-07 14:50:00,221.46,221.65,221.05,221.225,1271430.0
2025-07-07 14:55:00,221.23,221.41,221.03,221.09,776490.0
2025-07-07 15:00:00,221.09,221.31,220.935,221.0275,561179.0
2025-07-07 15:05:00,221.04,221.14,220.885,221.135,715041.0
2025-07-07 15:10:00,221.14,221.19,220.86,220.945,320678.0
2025-07-07 15:15:00,220.94,220.99,220.62,220.67,417497.0
2025-07-07 15:20:00,220.66,220.875,220.48,220.74,376088.0
2025-07-07 15:25:00,220.74,220.82,220.63,220.68,366603.0
2025-07-07 15:30:00,220.68,220.945,220.625,220.785,322731.0
2025-07-07 15:35:00,220.77,220.89,220.68,220.865,395782.0
2025-07-07 15:40:00,220.86,220.87,220.6445,220.67,179567.0
2025-07-07 15:45:00,220.66,220.74,220.4,220.51,270091.0
2025-07-07 15:50:00,220.51,220.525,220.29,220.44,880122.0
2025-07-07 15:55:00,220.43,220.755,220.43,220.75,843314.0
2025-07-07 16:00:00,220.75,221.18,220.75,221.035,324390.0
2025-07-08 09:30:00,220.58,220.58,220.54,220.54,561.0
2025-07-08 09:35:00,220.44,220.44,220.44,220.44,210.0
2025-07-08 09:40:00,220.51,220.55,220.5,220.51,713.0
2025-07-08 09:50:00,220.3,220.3,220.25,220.3,943.0
2025-07-08 09:55:00,220.26,220.33,220.26,220.33,322.0
2025-07-08 10:00:00,220.22,220.22,220.1,220.1,1104.0
2025-07-08 10:05:00,220.22,220.31,220.22,220.31,2204.0
2025-07-08 10:10:00,220.25,220.25,220.24,220.24,727.0
2025-07-08 10:20:00,220.36,220.38,220.36,220.38,272.0
2025-07-08 10:30:00,220.4,220.4,220.4,220.4,387.0
2025-07-08 10:35:00,220.42,220.46,220.42,220.46,1016.0
2025-07-08 10:40:00,220.6,220.6,220.6,220.6,480.0
2025-07-08 10:45:00,220.58,220.58,220.55,220.55,2462.0
2025-07-08 10:50:00,220.5,220.5,220.5,220.5,1804.0
2025-07-08 11:00:00,220.42,220.58,220.42,220.58,21824.0
2025-07-08 11:05:00,220.55,220.56,220.52,220.52,4737.0
2025-07-08 11:10:00,220.56,220.7,220.56,220.7,1153.0
2025-07-08 11:15:00,220.76,220.76,220.59,220.59,3229.0
2025-07-08 11:20:00,220.52,220.53,220.51,220.53,934.0
2025-07-08 11:25:00,220.56,220.6,220.56,220.6,6849.0
2025-07-08 11:30:00,220.57,220.57,220.57,220.57,157.0
2025-07-08 11:35:00,220.46,220.58,220.46,220.54,1057.0
2025-07-08 11:40:00,220.56,220.56,220.48,220.48,2590.0
2025-07-08 11:45:00,220.5,220.54,220.5,220.51,1426.0
2025-07-08 11:50:00,220.5,220.59,220.49,220.5,15607.0
2025-07-08 11:55:00,220.43,220.46,220.43,220.45,941.0
2025-07-08 12:00:00,220.7,220.75,220.13,220.31,16395.0
2025-07-08 12:05:00,220.35,220.5,220.35,220.41,3562.0
2025-07-08 12:10:00,220.46,220.58,220.4,220.55,5287.0
2025-07-08 12:15:00,220.58,220.65,220.55,220.57,5996.0
2025-07-08 12:20:00,220.61,220.64,220.54,220.61,18225.0
2025-07-08 12:25:00,220.63,220.63,220.56,220.57,4737.0
2025-07-08 12:30:00,220.52,220.56,220.42,220.56,6438.0
2025-07-08 12:35:00,220.53,220.56,220.5,220.56,2641.0
2025-07-08 12:40:00,220.56,220.56,220.48,220.48,2750.0
2025-07-08 12:45:00,220.52,220.61,220.52,220.56,6342.0
2025-07-08 12:50:00,220.43,220.5,220.42,220.47,4843.0
2025-07-08 12:55:00,220.45,220.63,220.45,220.57,21232.0
2025-07-08 13:00:00,220.61,220.66,220.6,220.66,13971.0
2025-07-08 13:05:00,220.67,220.72,220.61,220.68,31929.0
2025-07-08 13:10:00,220.68,220.82,220.66,220.78,23503.0
2025-07-08 13:15:00,220.76,220.77,220.71,220.75,7521.0
2025-07-08 13:20:00,220.79,220.8,220.67,220.73,10467.0
2025-07-08 13:25:00,220.72,220.82,220.55,220.55,54679.0
2025-07-08 13:30:00,220.58,220.93,220.33,220.55,896767.0
2025-07-08 13:35:00,220.55,220.8,220.42,220.43,675264.0
2025-07-08 13:40:00,220.425,221.2189,220.41,221.05,437465.0
2025-07-08 13:45:00,221.04,221.44,221.03,221.21,536651.0
2025-07-08 13:50:00,221.2,221.31,220.9,221.25,474385.0
2025-07-08 13:55:00,221.235,221.38,221.15,221.24,524404.0
2025-07-08 14:00:00,221.24,221.32,220.66,220.8001,558837.0
2025-07-08 14:05:00,220.81,220.83,220.42,220.635,2442449.0
2025-07-08 14:10:00,220.645,220.93,220.56,220.8,393056.0
2025-07-08 14:15:00,220.81,221.03,220.76,220.87,375883.0
2025-07-08 14:20:00,220.91,220.98,220.4,220.47,360547.0
2025-07-08 14:25:00,220.46,220.84,220.42,220.81,942998.0
2025-07-08 14:30:00,220.81,221.245,220.81,221.225,2398113.0
2025-07-08 14:35:00,221.22,221.535,221.15,221.495,617362.0
2025-07-08 14:40:00,221.495,221.58,221.23,221.33,493170.0
2025-07-08 14:45:00,221.3,221.46,220.86,221.38,812179.0
2025-07-08 14:50:00,221.38,221.57,220.99,221.04,618891.0
2025-07-08 14:55:00,221.05,221.235,220.8,221.185,366795.0
2025-07-08 15:00:00,221.2,221.42,221.16,221.2492,259409.0
2025-07-08 15:05:00,221.24,221.72,221.23,221.61,338053.0
2025-07-08 15:10:00,221.6,221.77,221.59,221.735,240052.0
2025-07-08 15:15:00,221.721,221.845,221.58,221.585,189618.0
2025-07-08 15:20:00,221.6,221.645,221.19,221.195,269157.0
2025-07-08 15:25:00,221.21,221.38,220.99,221.1401,262230.0
2025-07-08 15:30:00,221.15,221.48,221.1489,221.325,370284.0
2025-07-08 15:35:00,221.31,221.615,221.278,221.58,205266.0
2025-07-08 15:40:00,221.59,221.71,221.52,221.6035,209772.0
2025-07-08 15:45:00,221.61,221.8,221.605,221.75,422565.0
2025-07-08 15:50:00,221.755,221.865,221.73,221.8,249132.0
2025-07-08 15:55:00,221.81,221.88,221.72,221.74,156047.0
2025-07-08 16:00:00,221.74,221.835,221.61,221.61,229566.0
2025-07-09 09:30:00,221.54,221.54,221.42,221.43,2335.0
2025-07-09 09:35:00,221.46,221.46,221.45,221.45,1719.0
2025-07-09 09:40:00,221.43,221.45,221.43,221.45,600.0
2025-07-09 09:45:00,221.46,221.46,221.41,221.46,1773.0
2025-07-09 09:50:00,221.43,221.43,221.43,221.43,252.0
2025-07-09 09:55:00,221.43,221.43,221.43,221.43,229.0
2025-07-09 10:00:00,221.33,221.33,221.33,221.33,1048.0
2025-07-09 10:05:00,221.23,221.23,221.23,221.23,300.0
2025-07-09 10:10:00,221.29,221.36,221.27,221.36,2327.0
2025-07-09 10:15:00,221.41,221.41,221.41,221.41,413.0
2025-07-09 10:20:00,221.49,221.52,221.49,221.52,359.0
2025-07-09 10:25:00,221.48,221.54,221.48,221.53,2319.0
2025-07-09 10:30:00,221.39,221.39,221.39,221.39,759.0
2025-07-09 10:40:00,221.39,221.4,221.27,221.27,1643.0
2025-07-09 10:45:00,221.26,221.29,221.26,221.29,1211.0
2025-07-09 10:50:00,221.3,221.31,221.27,221.27,900.0
2025-07-09 10:55:00,221.3,221.36,221.28,221.36,1271.0
2025-07-09 11:00:00,221.35,221.35,221.28,221.3,4276.0
2025-07-09 11:05:00,221.39,221.39,221.29,221.33,3120.0
2025-07-09 11:10:00,221.32,221.32,221.32,221.32,182.0
2025-07-09 11:15:00,221.35,221.43,221.35,221.4,4832.0
2025-07-09 11:20:00,221.43,221.55,221.43,221.55,987.0
2025-07-09 11:25:00,221.5,221.54,221.5,221.54,1144.0
2025-07-09 11:30:00,221.6,221.9,221.6,221.69,47369.0
2025-07-09 11:35:00,221.68,221.79,221.68,221.77,12681.0
2025-07-09 11:40:00,221.77,221.8,221.72,221.8,4535.0
2025-07-09 11:45:00,221.85,221.92,221.8,221.92,6768.0
2025-07-09 11:50:00,221.84,221.92,221.82,221.91,2778.0
2025-07-09 11:55:00,222.0,222.0,221.87,221.87,3658.0
2025-07-09 12:00:00,221.49,221.9996,220.52,221.64,15574.0
2025-07-09 12:05:00,221.71,221.79,221.6799,221.6799,5161.0
2025-07-09 12:10:00,221.74,221.75,221.7,221.73,6375.0
2025-07-09 12:15:00,221.7,221.8,221.7,221.77,4833.0
2025-07-09 12:20:00,221.76,221.79,221.68,221.68,2870.0
2025-07-09 12:25:00,221.62,221.69,221.62,221.67,8189.0
2025-07-09 12:30:00,221.75,221.76,221.74,221.76,2314.0
2025-07-09 12:40:00,221.74,221.75,221.7,221.7,4921.0
2025-07-09 12:45:00,221.75,221.79,221.67,221.78,9924.0
2025-07-09 12:50:00,221.77,221.9,221.66,221.79,14479.0
2025-07-09 12:55:00,221.72,221.83,221.72,221.73,13455.0
2025-07-09 13:00:00,221.84,222.02,221.8,221.9906,10675.0
2025-07-09 13:05:00,222.01,222.09,221.98,222.09,11024.0
2025-07-09 13:10:00,222.13,222.22,222.13,222.17,26669.0
2025-07-09 13:15:00,222.2,222.27,222.13,222.22,29685.0
2025-07-09 13:20:00,222.22,222.37,222.22,222.24,18579.0
2025-07-09 13:25:00,222.24,222.58,222.24,222.57,62099.0
2025-07-09 13:30:00,222.57,222.65,222.13,222.47,942492.0
2025-07-09 13:35:00,222.48,222.73,222.28,222.66,815704.0
2025-07-09 13:40:00,222.67,222.86,222.52,222.81,674865.0
2025-07-09 13:45:00,222.82,223.105,222.69,223.1,391799.0
2025-07-09 13:50:00,223.11,223.145,222.785,222.83,499368.0
2025-07-09 13:55:00,222.81,222.815,222.395,222.47,1517008.0
2025-07-09 14:00:00,222.475,222.65,222.372,222.43,369839.0
2025-07-09 14:05:00,222.43,222.63,222.2,222.35,713749.0
2025-07-09 14:10:00,222.36,222.37,222.12,222.13,392781.0
2025-07-09 14:15:00,222.12,222.15,221.99,222.035,349604.0
2025-07-09 14:20:00,222.025,222.135,221.94,222.115,330369.0
2025-07-09 14:25:00,222.105,222.135,221.51,221.57,351215.0
2025-07-09 14:30:00,221.57,221.57,221.175,221.505,709070.0
2025-07-09 14:35:00,221.5,221.58,221.29,221.5,382595.0
2025-07-09 14:40:00,221.51,221.63,221.2701,221.34,500104.0
2025-07-09 14:45:00,221.34,221.56,221.25,221.535,581939.0
2025-07-09 14:50:00,221.53,221.65,221.36,221.51,394217.0
2025-07-09 14:55:00,221.52,221.64,221.33,221.45,410968.0
2025-07-09 15:00:00,221.44,221.9,221.365,221.83,449973.0
2025-07-09 15:05:00,221.82,221.865,221.665,221.7,272933.0
2025-07-09 15:10:00,221.68,221.68,221.2,221.23,281176.0
2025-07-09 15:15:00,221.24,221.33,221.115,221.285,242161.0
2025-07-09 15:20:00,221.3,221.495,221.295,221.46,431222.0
2025-07-09 15:25:00,221.465,221.9,221.46,221.81,230089.0
2025-07-09 15:30:00,221.84,222.01,221.75,221.8,246727.0
2025-07-09 15:35:00,221.81,221.97,221.5,221.945,300001.0
2025-07-09 15:40:00,221.95,222.055,221.89,221.96,173496.0
2025-07-09 15:45:00,221.96,222.1,221.95,222.08,250904.0
2025-07-09 15:50:00,222.07,222.15,221.87,221.91,285105.0
2025-07-09 15:55:00,221.91,222.17,221.87,222.12,181972.0
2025-07-09 16:00:00,222.12,222.34,222.075,222.295,305911.0
2025-07-10 09:30:00,223.47,223.47,223.35,223.4,5786.0
2025-07-10 09:35:00,223.35,223.41,223.35,223.41,473.0
2025-07-10 09:40:00,223.36,223.36,223.36,223.36,233.0
2025-07-10 09:50:00,223.36,223.36,223.33,223.33,696.0
2025-07-10 09:55:00,223.32,223.51,223.32,223.51,1157.0
2025-07-10 10:00:00,223.76,223.8,223.76,223.8,2060.0
2025-07-10 10:05:00,223.83,223.83,223.7,223.7,2548.0
2025-07-10 10:10:00,223.64,223.64,223.55,223.55,1072.0
2025-07-10 10:15:00,223.49,223.51,223.48,223.48,1393.0
2025-07-10 10:20:00,223.5,223.5,223.5,223.5,300.0
2025-07-10 10:30:00,223.52,223.62,223.52,223.57,6252.0
2025-07-10 10:35:00,223.6,223.67,223.52,223.52,4032.0
2025-07-10 10:40:00,223.51,223.65,223.51,223.63,6795.0
2025-07-10 10:45:00,223.63,223.64,223.59,223.59,816.0
2025-07-10 10:50:00,223.74,223.83,223.74,223.83,20831.0
2025-07-10 10:55:00,223.86,223.86,223.77,223.82,3799.0
2025-07-10 11:00:00,223.77,223.86,223.72,223.86,12778.0
2025-07-10 11:05:00,223.87,223.88,223.74,223.74,1075.0
2025-07-10 11:10:00,223.71,223.91,223.71,223.91,2017.0
2025-07-10 11:15:00,223.93,223.93,223.8,223.82,3915.0
2025-07-10 11:20:00,223.83,223.86,223.82,223.85,5994.0
2025-07-10 11:25:00,223.84,223.95,223.84,223.92,4498.0
2025-07-10 11:30:00,223.9,223.97,223.88,223.96,4434.0
2025-07-10 11:35:00,223.93,224.02,223.93,224.0,12939.0
2025-07-10 11:40:00,224.02,224.13,224.01,224.09,10412.0
2025-07-10 11:45:00,224.12,224.12,224.06,224.1,1556.0
2025-07-10 11:50:00,224.13,224.2,224.1,224.1,5055.0
2025-07-10 11:55:00,224.14,224.2,224.11,224.14,3625.0
2025-07-10 12:00:00,224.02,224.18,222.98,223.82,25433.0
2025-07-10 12:05:00,223.81,223.83,223.75,223.75,1660.0
2025-07-10 12:10:00,223.7,223.74,223.69,223.73,3327.0
2025-07-10 12:15:00,223.65,223.8,223.65,223.75,11251.0
2025-07-10 12:20:00,223.77,223.77,223.5,223.54,4230.0
2025-07-10 12:25:00,223.51,223.83,223.5,223.83,15269.0
2025-07-10 12:30:00,223.8301,224.15,223.62,223.65,39827.0
2025-07-10 12:35:00,223.66,223.71,223.5,223.5,7953.0
2025-07-10 12:40:00,223.52,223.54,223.45,223.48,6700.0
2025-07-10 12:45:00,223.47,223.47,223.27,223.33,7284.0
2025-07-10 12:50:00,223.28,223.37,223.24,223.37,78596.0
2025-07-10 12:55:00,223.33,223.43,223.31,223.32,9379.0
2025-07-10 13:00:00,223.28,223.29,223.09,223.1014,26600.0
2025-07-10 13:05:00,223.14,223.21,223.09,223.09,22401.0
2025-07-10 13:10:00,223.05,223.08,223.0,223.07,6923.0
2025-07-10 13:15:00,223.1,223.22,223.08,223.2,14935.0
2025-07-10 13:20:00,223.1301,223.24,223.1096,223.22,3217.0
2025-07-10 13:25:00,223.22,223.34,223.06,223.34,25280.0
2025-07-10 13:30:00,223.39,223.465,223.02,223.1,723829.0
2025-07-10 13:35:00,223.11,223.41,223.045,223.145,430757.0
2025-07-10 13:40:00,223.14,223.3025,222.86,223.255,418733.0
2025-07-10 13:45:00,223.26,223.39,223.16,223.1701,441520.0
2025-07-10 13:50:00,223.175,223.54,223.025,223.53,458130.0
2025-07-10 13:55:00,223.5,223.745,223.36,223.53,554446.0
2025-07-10 14:00:00,223.54,223.78,223.46,223.73,529039.0
2025-07-10 14:05:00,223.74,224.06,223.7,224.0,631893.0
2025-07-10 14:10:00,224.0092,224.2,223.99,224.12,502234.0
2025-07-10 14:15:00,224.13,224.375,224.125,224.26,354968.0
2025-07-10 14:20:00,224.265,224.34,224.01,224.01,486362.0
2025-07-10 14:25:00,224.0,224.02,223.69,224.02,415047.0
2025-07-10 14:30:00,224.02,224.56,224.01,224.38,964777.0
2025-07-10 14:35:00,224.38,224.51,224.26,224.49,342758.0
2025-07-10 14:40:00,224.48,224.6,224.42,224.5,313943.0
2025-07-10 14:45:00,224.49,224.52,224.22,224.42,249044.0
2025-07-10 14:50:00,224.415,224.68,224.41,224.62,269731.0
2025-07-10 14:55:00,224.63,224.785,224.62,224.71,412950.0
2025-07-10 15:00:00,224.7,224.9899,224.69,224.985,272930.0
2025-07-10 15:05:00,224.98,225.08,224.96,225.03,335711.0
2025-07-10 15:10:00,225.04,225.04,224.76,224.805,306379.0
2025-07-10 15:15:00,224.81,224.95,224.76,224.85,414323.0
2025-07-10 15:20:00,224.855,224.855,224.59,224.67,884969.0
2025-07-10 15:25:00,224.66,224.775,224.59,224.74,390495.0
2025-07-10 15:30:00,224.73,224.965,224.73,224.93,312786.0
2025-07-10 15:35:00,224.93,224.943,224.8,224.875,289851.0
2025-07-10 15:40:00,224.87,224.975,224.85,224.9,199040.0
2025-07-10 15:45:00,224.9,225.035,224.83,225.035,528550.0
2025-07-10 15:50:00,225.04,225.15,224.99,225.15,245941.0
2025-07-10 15:55:00,225.15,225.155,224.99,225.12,232451.0
2025-07-10 16:00:00,225.11,225.29,225.07,225.28,450109.0
2025-07-11 09:30:00,222.79,222.84,222.79,222.84,1416.0
2025-07-11 09:35:00,222.85,222.85,222.85,222.85,116.0
2025-07-11 09:40:00,222.87,222.87,222.71,222.73,5382.0
2025-07-11 09:45:00,222.7,222.7,222.61,222.61,4041.0
2025-07-11 09:50:00,222.6,222.6,222.39,222.44,4388.0
2025-07-11 09:55:00,222.49,222.49,222.23,222.25,5206.0
2025-07-11 10:00:00,222.21,222.33,222.15,222.28,9802.0
2025-07-11 10:05:00,222.24,222.46,222.24,222.29,6627.0
2025-07-11 10:10:00,222.35,222.59,222.33,222.59,6147.0
2025-07-11 10:15:00,222.59,222.69,222.45,222.45,1136.0
2025-07-11 10:20:00,222.41,222.51,222.39,222.47,7451.0
2025-07-11 10:25:00,222.46,222.46,222.25,222.25,1410.0
2025-07-11 10:30:00,222.41,222.41,222.35,222.35,704.0
2025-07-11 10:35:00,222.29,222.29,222.21,222.26,1771.0
2025-07-11 10:40:00,222.25,222.3,222.22,222.25,3535.0
2025-07-11 10:45:00,222.33,222.36,222.28,222.3,5479.0
2025-07-11 10:50:00,222.33,222.5,222.33,222.46,2427.0
2025-07-11 10:55:00,222.35,222.45,222.26,222.45,5256.0
2025-07-11 11:00:00,222.41,222.64,222.41,222.62,27489.0
2025-07-11 11:05:00,222.62,222.75,222.49,222.75,16053.0
2025-07-11 11:10:00,222.72,222.82,222.68,222.75,9420.0
2025-07-11 11:15:00,222.77,222.84,222.75,222.81,6918.0
2025-07-11 11:20:00,222.84,222.86,222.81,222.81,1418.0
2025-07-11 11:25:00,222.75,222.94,222.75,222.89,2370.0
2025-07-11 11:30:00,222.9,222.98,222.9,222.97,3431.0
2025-07-11 11:35:00,222.92,223.02,222.88,223.0,22535.0
2025-07-11 11:40:00,223.0,223.01,222.85,222.97,43036.0
2025-07-11 11:45:00,222.91,223.02,222.9,223.0,3531.0
2025-07-11 11:50:00,223.06,223.3,223.05,223.3,7639.0
2025-07-11 11:55:00,223.28,223.38,223.11,223.11,8934.0
2025-07-11 12:00:00,222.81,224.13,222.45,223.07,40647.0
2025-07-11 12:05:00,223.04,223.09,222.996,223.03,7061.0
2025-07-11 12:10:00,223.0,223.14,223.0,223.13,5932.0
2025-07-11 12:15:00,223.16,223.16,223.02,223.0999,4672.0
2025-07-11 12:20:00,223.07,223.07,222.8312,222.8312,9718.0
2025-07-11 12:25:00,222.9,222.95,222.83,222.9097,10903.0
2025-07-11 12:30:00,222.9,223.06,222.8899,223.06,5320.0
2025-07-11 12:35:00,223.06,223.099,222.99,223.06,10808.0
2025-07-11 12:40:00,223.06,223.1,223.0,223.0,5031.0
2025-07-11 12:45:00,223.07,223.27,223.0502,223.19,2889.0
2025-07-11 12:50:00,223.15,223.22,223.12,223.13,9664.0
2025-07-11 12:55:00,223.11,223.21,223.11,223.16,3202.0
2025-07-11 13:00:00,223.13,223.15,223.02,223.14,7451.0
2025-07-11 13:05:00,223.06,223.1,222.9707,222.9707,4776.0
2025-07-11 13:10:00,223.0,223.13,222.91,223.1,14459.0
2025-07-11 13:15:00,223.07,223.11,222.93,222.96,32152.0
2025-07-11 13:20:00,222.95,223.04,222.81,223.04,21960.0
2025-07-11 13:25:00,223.02,223.19,222.88,223.17,20601.0
2025-07-11 13:30:00,223.17,223.54,222.985,223.08,1053736.0
2025-07-11 13:35:00,223.08,223.14,222.82,222.89,800595.0
2025-07-11 13:40:00,222.88,222.89,222.345,222.455,913398.0
2025-07-11 13:45:00,222.45,222.75,222.23,222.6991,749730.0
2025-07-11 13:50:00,222.685,222.74,222.485,222.67,606177.0
2025-07-11 13:55:00,222.67,223.025,222.645,222.9191,423851.0
2025-07-11 14:00:00,222.91,223.0,222.7601,222.8,364885.0
2025-07-11 14:05:00,222.81,222.85,222.49,222.54,512771.0
2025-07-11 14:10:00,222.55,222.8,222.36,222.77,545995.0
2025-07-11 14:15:00,222.76,222.91,222.57,222.58,429618.0
2025-07-11 14:20:00,222.58,223.14,222.58,223.1,545975.0
2025-07-11 14:25:00,223.095,223.1751,222.99,223.1,321646.0
2025-07-11 14:30:00,223.1,223.245,223.03,223.16,264160.0
2025-07-11 14:35:00,223.18,223.22,222.74,222.81,374305.0
2025-07-11 14:40:00,222.81,222.82,222.43,222.51,323718.0
2025-07-11 14:45:00,222.52,222.52,222.2,222.44,370599.0
2025-07-11 14:50:00,222.44,222.485,222.08,222.22,299447.0
2025-07-11 14:55:00,222.25,222.6301,222.23,222.59,406292.0
2025-07-11 15:00:00,222.58,222.64,222.43,222.54,215653.0
2025-07-11 15:05:00,222.54,222.65,222.25,222.39,275181.0
2025-07-11 15:10:00,222.39,222.46,222.12,222.14,339084.0
2025-07-11 15:15:00,222.14,222.34,222.1,222.33,268976.0
2025-07-11 15:20:00,222.34,222.6,222.325,222.43,315948.0
2025-07-11 15:25:00,222.44,222.44,222.08,222.365,279117.0
2025-07-11 15:30:00,222.36,222.6381,222.33,222.615,229257.0
2025-07-11 15:35:00,222.61,222.727,222.5,222.6,287479.0
2025-07-11 15:40:00,222.61,222.7,222.5135,222.65,200268.0
2025-07-11 15:45:00,222.66,222.68,222.29,222.315,292897.0
2025-07-11 15:50:00,222.31,222.31,222.045,222.19,723265.0
2025-07-11 15:55:00,222.21,222.23,222.03,222.11,330566.0
2025-07-11 16:00:00,222.1,222.31,221.935,221.935,467057.0
2025-07-14 09:30:00,220.93,220.94,220.93,220.94,279.0
2025-07-14 09:35:00,220.89,220.94,220.87,220.88,2550.0
2025-07-14 09:40:00,220.98,220.98,220.93,220.94,1302.0
2025-07-14 09:45:00,220.97,221.03,220.97,220.99,904.0
2025-07-14 09:50:00,220.95,220.95,220.9,220.9,3398.0
2025-07-14 09:55:00,220.96,221.01,220.96,221.0,911.0
2025-07-14 10:05:00,221.0,221.0,220.93,220.93,881.0
2025-07-14 10:10:00,220.96,220.96,220.96,220.96,989.0
2025-07-14 10:15:00,221.03,221.09,221.03,221.09,575.0
2025-07-14 10:20:00,221.08,221.08,220.99,220.99,898.0
2025-07-14 10:25:00,221.05,221.05,221.04,221.04,588.0
2025-07-14 10:30:00,221.07,221.07,221.07,221.07,396.0
2025-07-14 10:40:00,221.12,221.14,221.06,221.11,1812.0
2025-07-14 10:45:00,220.94,220.94,220.94,220.94,144.0
2025-07-14 10:50:00,220.96,221.03,220.96,221.03,290.0
2025-07-14 10:55:00,221.08,221.08,221.03,221.06,1016.0
2025-07-14 11:00:00,221.08,221.11,220.96,220.96,3229.0
2025-07-14 11:05:00,221.01,221.01,220.86,220.86,2354.0
2025-07-14 11:10:00,221.0,221.0,220.99,220.99,280.0
2025-07-14 11:15:00,220.94,220.94,220.8,220.8,1566.0
2025-07-14 11:20:00,220.85,220.85,220.81,220.81,12363.0
2025-07-14 11:25:00,220.81,220.86,220.81,220.85,7504.0
2025-07-14 11:30:00,220.85,220.94,220.85,220.9,9584.0
2025-07-14 11:35:00,220.9,221.04,220.9,221.02,1111.0
2025-07-14 11:40:00,220.98,221.17,220.97,221.17,4370.0
2025-07-14 11:45:00,221.22,221.23,221.02,221.16,7424.0
2025-07-14 11:50:00,221.15,221.18,221.15,221.18,844.0
2025-07-14 11:55:00,221.09,221.15,221.03,221.09,3312.0
2025-07-14 12:00:00,221.05,221.1599,219.64,221.03,31440.0
2025-07-14 12:05:00,221.03,221.1,220.98,221.01,3357.0
2025-07-14 12:10:00,221.02,221.14,221.02,221.14,2123.0
2025-07-14 12:15:00,221.14,221.14,221.0,221.05,12545.0
2025-07-14 12:20:00,221.07,221.1,220.98,221.0,6709.0
2025-07-14 12:25:00,221.05,221.12,221.01,221.09,2683.0
2025-07-14 12:30:00,221.04,221.04,220.77,220.84,7146.0
2025-07-14 12:35:00,220.83,221.02,220.8,221.02,9241.0
2025-07-14 12:40:00,220.98,220.99,220.76,220.95,60495.0
2025-07-14 12:45:00,220.85,220.92,220.85,220.86,4016.0
2025-07-14 12:50:00,220.9,220.9,220.76,220.81,16006.0
2025-07-14 12:55:00,220.78,220.81,220.66,220.79,28105.0
2025-07-14 13:00:00,220.77,220.88,220.7,220.7,14523.0
2025-07-14 13:05:00,220.68,220.78,220.62,220.74,16522.0
2025-07-14 13:10:00,220.77,220.9,220.77,220.9,11915.0
2025-07-14 13:15:00,220.93,220.93,220.81,220.83,19402.0
2025-07-14 13:20:00,220.84,221.09,220.8,221.09,15701.0
2025-07-14 13:25:00,221.09,221.36,221.06,221.35,50738.0
2025-07-14 13:30:00,221.37,221.75,221.06,221.63,1291681.0
2025-07-14 13:35:00,221.61,222.0,221.33,221.98,549562.0
2025-07-14 13:40:00,221.97,221.98,221.4701,221.6401,545795.0
2025-07-14 13:45:00,221.655,222.635,221.635,222.585,606979.0
2025-07-14 13:50:00,222.59,222.65,222.05,222.17,556782.0
2025-07-14 13:55:00,222.16,222.175,221.66,221.74,406553.0
2025-07-14 14:00:00,221.74,222.0,221.66,221.98,344792.0
2025-07-14 14:05:00,221.981,222.1378,221.78,221.9,397581.0
2025-07-14 14:10:00,221.9,222.2,221.89,222.145,368142.0
2025-07-14 14:15:00,222.15,222.55,222.15,222.37,275294.0
2025-07-14 14:20:00,222.375,222.6601,222.35,222.56,302309.0
2025-07-14 14:25:00,222.55,222.5517,221.9,222.01,382159.0
2025-07-14 14:30:00,221.995,222.121,221.61,221.93,403929.0
2025-07-14 14:35:00,221.92,222.38,221.89,222.36,310230.0
2025-07-14 14:40:00,222.36,222.61,222.28,222.325,697043.0
2025-07-14 14:45:00,222.33,222.47,221.855,221.86,303452.0
2025-07-14 14:50:00,221.87,222.1,221.8,221.96,281535.0
2025-07-14 14:55:00,221.97,222.25,221.965,222.185,195488.0
2025-07-14 15:00:00,222.17,222.36,222.0,222.0,567982.0
2025-07-14 15:05:00,221.99,222.03,221.655,221.94,467082.0
2025-07-14 15:10:00,221.94,222.1693,221.895,221.93,451299.0
2025-07-14 15:15:00,221.925,221.99,221.675,221.74,227833.0
2025-07-14 15:20:00,221.74,221.885,221.71,221.85,199503.0
2025-07-14 15:25:00,221.885,222.25,221.88,222.25,236305.0
2025-07-14 15:30:00,222.25,222.38,222.15,222.215,289337.0
2025-07-14 15:35:00,222.21,222.37,222.17,222.29,250120.0
2025-07-14 15:40:00,222.28,222.51,222.28,222.465,306957.0
2025-07-14 15:45:00,222.47,222.5,222.345,222.375,250917.0
2025-07-14 15:50:00,222.38,222.4101,222.235,222.28,134644.0
2025-07-14 15:55:00,222.275,222.31,222.11,222.245,137952.0
2025-07-14 16:00:00,222.23,222.515,222.225,222.48,201722.0
2025-07-15 09:30:00,223.4,223.4,223.4,223.4,100.0
2025-07-15 09:35:00,223.45,223.6,223.45,223.6,4700.0
2025-07-15 09:45:00,223.55,223.55,223.48,223.55,652.0
2025-07-15 09:50:00,223.56,223.56,223.55,223.55,394.0
2025-07-15 09:55:00,223.49,223.49,223.46,223.46,293.0
2025-07-15 10:00:00,223.54,223.54,223.44,223.44,521.0
2025-07-15 10:05:00,223.5,223.5,223.5,223.5,563.0
2025-07-15 10:10:00,223.53,223.53,223.53,223.53,176.0
2025-07-15 10:15:00,223.55,223.57,223.55,223.57,2678.0
2025-07-15 10:25:00,223.51,223.51,223.48,223.48,334.0
2025-07-15 10:30:00,223.52,223.67,223.52,223.65,10586.0
2025-07-15 10:35:00,223.62,223.74,223.62,223.68,2069.0
2025-07-15 10:40:00,223.62,223.62,223.6,223.6,1728.0
2025-07-15 10:45:00,223.5,223.5,223.48,223.48,313.0
2025-07-15 10:50:00,223.48,223.49,223.45,223.49,13503.0
2025-07-15 10:55:00,223.5,223.5,223.48,223.48,564.0
2025-07-15 11:00:00,223.52,223.6,223.52,223.6,4942.0
2025-07-15 11:05:00,223.55,223.66,223.52,223.66,6760.0
2025-07-15 11:10:00,223.73,223.8,223.61,223.66,12379.0
2025-07-15 11:15:00,223.7,223.7,223.7,223.7,1397.0
2025-07-15 11:20:00,223.7,223.71,223.5,223.55,3416.0
2025-07-15 11:25:00,223.54,223.55,223.48,223.49,1307.0
2025-07-15 11:30:00,223.54,223.54,223.35,223.35,11423.0
2025-07-15 11:35:00,223.34,223.56,223.31,223.56,5786.0
2025-07-15 11:40:00,223.59,223.59,223.49,223.49,6070.0
2025-07-15 11:45:00,223.379,223.4,223.32,223.36,16452.0
2025-07-15 11:50:00,223.39,223.39,223.27,223.32,14925.0
2025-07-15 11:55:00,223.3,223.4,223.29,223.4,2074.0
2025-07-15 12:00:00,223.25,223.68,222.81,223.21,23076.0
2025-07-15 12:05:00,223.2,223.25,223.15,223.23,18099.0
2025-07-15 12:10:00,223.2,223.288,223.14,223.19,25006.0
2025-07-15 12:15:00,223.17,223.17,222.95,222.96,33819.0
2025-07-15 12:20:00,222.97,223.0,222.84,222.89,17767.0
2025-07-15 12:25:00,222.95,223.26,222.9,223.21,33278.0
2025-07-15 12:30:00,223.1,224.23,223.1,223.81,255827.0
2025-07-15 12:35:00,223.84,224.06,223.49,223.51,55311.0
2025-07-15 12:40:00,223.49,223.49,223.21,223.29,75186.0
2025-07-15 12:45:00,223.37,223.56,223.33,223.45,61268.0
2025-07-15 12:50:00,223.49,223.68,223.49,223.64,8864.0
2025-07-15 12:55:00,223.7,223.8392,223.6,223.6,6920.0
2025-07-15 13:00:00,223.56,223.76,223.56,223.76,40012.0
2025-07-15 13:05:00,223.85,223.97,223.77,223.9,15269.0
2025-07-15 13:10:00,223.88,223.98,223.86,223.97,24081.0
2025-07-15 13:15:00,223.92,223.92,223.74,223.87,18030.0
2025-07-15 13:20:00,223.89,224.28,223.89,224.2501,40362.0
2025-07-15 13:25:00,224.18,224.28,223.99,224.07,21951.0
2025-07-15 13:30:00,224.07,224.23,223.355,223.485,1030082.0
2025-07-15 13:35:00,223.48,223.69,223.13,223.15,681044.0
2025-07-15 13:40:00,223.16,223.16,222.69,223.02,920203.0
2025-07-15 13:45:00,223.03,223.17,222.62,222.64,894390.0
2025-07-15 13:50:00,222.64,222.9399,222.63,222.79,949465.0
2025-07-15 13:55:00,222.78,222.78,222.0819,222.145,830393.0
2025-07-15 14:00:00,222.15,222.37,221.96,222.08,738680.0
2025-07-15 14:05:00,222.07,222.51,222.041,222.3,629092.0
2025-07-15 14:10:00,222.31,222.64,222.245,222.55,573280.0
2025-07-15 14:15:00,222.54,222.61,222.15,222.43,504776.0
2025-07-15 14:20:00,222.41,222.425,222.05,222.05,383062.0
2025-07-15 14:25:00,222.04,222.05,221.44,221.5,689846.0
2025-07-15 14:30:00,221.49,221.7187,221.16,221.7,614274.0
2025-07-15 14:35:00,221.69,221.745,221.19,221.37,736663.0
2025-07-15 14:40:00,221.38,221.58,221.31,221.5,510311.0
2025-07-15 14:45:00,221.5099,221.89,221.5099,221.8499,378192.0
2025-07-15 14:50:00,221.84,221.9,221.12,221.25,551219.0
2025-07-15 14:55:00,221.24,221.24,220.88,221.01,408834.0
2025-07-15 15:00:00,221.02,221.495,221.005,221.39,356894.0
2025-07-15 15:05:00,221.39,221.73,221.385,221.485,384950.0
2025-07-15 15:10:00,221.48,221.541,221.13,221.14,335927.0
2025-07-15 15:15:00,221.15,221.295,221.05,221.24,317669.0
2025-07-15 15:20:00,221.22,221.58,221.08,221.58,405017.0
2025-07-15 15:25:00,221.57,221.71,221.37,221.39,310055.0
2025-07-15 15:30:00,221.39,221.49,220.905,221.07,464603.0
2025-07-15 15:35:00,221.09,221.1967,220.95,221.09,494587.0
2025-07-15 15:40:00,221.1,221.31,220.96,221.25,360900.0
2025-07-15 15:45:00,221.24,221.49,221.21,221.42,242892.0
2025-07-15 15:50:00,221.42,221.43,221.0601,221.08,264955.0
2025-07-15 15:55:00,221.07,221.11,220.69,220.98,394614.0
2025-07-15 16:00:00,220.98,221.37,220.96,221.35,257904.0
2025-07-16 09:30:00,218.86,218.86,218.86,218.86,138.0
2025-07-16 09:35:00,218.91,218.96,218.91,218.95,1355.0
2025-07-16 09:40:00,218.89,218.89,218.89,218.89,1439.0
2025-07-16 09:45:00,218.95,219.05,218.93,219.04,3298.0
2025-07-16 09:50:00,219.05,219.14,219.05,219.13,1850.0
2025-07-16 09:55:00,219.13,219.16,219.13,219.14,2380.0
2025-07-16 10:00:00,219.14,219.17,219.12,219.17,6458.0
2025-07-16 10:05:00,219.11,219.17,219.11,219.14,1488.0
2025-07-16 10:10:00,219.12,219.12,219.12,219.12,2052.0
2025-07-16 10:15:00,219.05,219.11,219.05,219.11,1181.0
2025-07-16 10:20:00,219.18,219.25,219.13,219.13,3084.0
2025-07-16 10:25:00,219.16,219.16,219.1,219.12,2439.0
2025-07-16 10:30:00,219.1,219.11,219.05,219.06,2638.0
2025-07-16 10:35:00,219.02,219.16,219.02,219.15,2530.0
2025-07-16 10:40:00,219.19,219.19,219.0,219.18,4055.0
2025-07-16 10:45:00,219.13,219.22,219.13,219.2,11389.0
2025-07-16 10:50:00,219.2,219.24,219.16,219.24,5059.0
2025-07-16 10:55:00,219.24,219.35,219.24,219.3,18729.0
2025-07-16 11:00:00,219.23,219.32,219.21,219.32,26975.0
2025-07-16 11:05:00,219.38,219.38,219.17,219.17,4290.0
2025-07-16 11:10:00,219.19,219.22,219.14,219.22,3525.0
2025-07-16 11:15:00,219.16,219.2,219.15,219.17,12263.0
2025-07-16 11:20:00,219.18,219.28,219.18,219.28,13272.0
2025-07-16 11:25:00,219.36,219.36,219.26,219.28,12502.0
2025-07-16 11:30:00,219.26,219.28,219.12,219.28,5853.0
2025-07-16 11:35:00,219.25,219.3,219.25,219.26,7531.0
2025-07-16 11:40:00,219.25,219.32,219.24,219.32,2723.0
2025-07-16 11:45:00,219.35,219.42,219.35,219.42,3499.0
2025-07-16 11:50:00,219.45,219.49,219.44,219.46,3524.0
2025-07-16 11:55:00,219.5,219.56,219.48,219.55,27396.0
2025-07-16 12:00:00,219.56,219.57,217.83,219.43,69164.0
2025-07-16 12:05:00,219.47,219.59,219.41,219.57,42740.0
2025-07-16 12:10:00,219.57,219.58,219.44,219.5,5334.0
2025-07-16 12:15:00,219.6,219.7,219.6,219.67,10697.0
2025-07-16 12:20:00,219.7,219.7,219.48,219.5,13199.0
2025-07-16 12:25:00,219.54,219.6,219.49,219.6,3771.0
2025-07-16 12:30:00,219.65,220.98,219.65,220.64,400071.0
2025-07-16 12:35:00,220.66,220.83,220.54,220.62,110387.0
2025-07-16 12:40:00,220.61,220.61,220.18,220.39,69061.0
2025-07-16 12:45:00,220.38,220.47,220.31,220.41,20906.0
2025-07-16 12:50:00,220.4,220.46,220.25,220.25,10644.0
2025-07-16 12:55:00,220.22,220.22,220.03,220.19,27544.0
2025-07-16 13:00:00,220.15,220.2401,219.92,220.03,66745.0
2025-07-16 13:05:00,220.1,220.14,220.0,220.12,48793.0
2025-07-16 13:10:00,220.03,220.12,219.99,220.05,6337.0
2025-07-16 13:15:00,220.02,220.03,219.91,219.98,11938.0
2025-07-16 13:20:00,219.99,220.16,219.99,220.16,17839.0
2025-07-16 13:25:00,220.16,220.27,220.09,220.21,26838.0
2025-07-16 13:30:00,220.22,220.67,219.99,220.38,1568968.0
2025-07-16 13:35:00,220.37,220.64,220.23,220.34,751414.0
2025-07-16 13:40:00,220.34,220.345,219.59,219.7,976656.0
2025-07-16 13:45:00,219.7,219.75,219.405,219.47,867642.0
2025-07-16 13:50:00,219.48,219.78,219.095,219.59,731391.0
2025-07-16 13:55:00,219.58,219.86,219.35,219.42,405360.0
2025-07-16 14:00:00,219.42,219.9,219.42,219.87,505509.0
2025-07-16 14:05:00,219.865,220.005,219.6,219.92,384391.0
2025-07-16 14:10:00,219.93,220.0,219.555,219.56,492015.0
2025-07-16 14:15:00,219.565,220.1999,219.5301,220.14,499095.0
2025-07-16 14:20:00,220.14,220.4199,219.99,220.16,517528.0
2025-07-16 14:25:00,220.15,220.21,219.76,219.88,393126.0
2025-07-16 14:30:00,219.88,220.03,219.72,219.99,414468.0
2025-07-16 14:35:00,219.99,220.01,219.565,219.72,337257.0
2025-07-16 14:40:00,219.7,219.97,219.5,219.965,529228.0
2025-07-16 14:45:00,219.95,220.34,219.95,220.34,317271.0
2025-07-16 14:50:00,220.33,220.635,219.64,219.79,960289.0
2025-07-16 14:55:00,219.78,220.35,219.63,219.9,820640.0
2025-07-16 15:00:00,219.9,220.26,219.76,220.095,388236.0
2025-07-16 15:05:00,220.1,220.31,219.985,220.23,345076.0
2025-07-16 15:10:00,220.24,220.51,220.2,220.32,303059.0
2025-07-16 15:15:00,220.32,220.32,218.35,218.39,2010237.0
2025-07-16 15:20:00,218.4,218.7394,217.78,218.11,1713222.0
2025-07-16 15:25:00,218.11,218.76,218.09,218.64,1228560.0
2025-07-16 15:30:00,218.62,218.68,217.33,217.35,2016400.0
2025-07-16 15:35:00,217.33,217.44,216.91,217.31,1414889.0
2025-07-16 15:40:00,217.32,218.6,217.2,218.48,1317340.0
2025-07-16 15:45:00,218.51,218.7,218.13,218.45,672998.0
2025-07-16 15:50:00,218.44,218.65,218.18,218.4503,656425.0
2025-07-16 15:55:00,218.45,219.81,218.41,219.2,2503655.0
2025-07-16 16:00:00,219.19,219.31,218.75,219.08,934638.0
2025-07-17 09:30:00,220.84,220.84,220.84,220.84,146.0
2025-07-17 09:35:00,220.82,220.82,220.75,220.75,348.0
2025-07-17 09:40:00,220.78,220.79,220.78,220.79,936.0
2025-07-17 09:45:00,220.7,220.72,220.7,220.72,388.0
2025-07-17 09:50:00,220.63,220.65,220.63,220.63,1285.0
2025-07-17 09:55:00,220.59,220.64,220.56,220.64,2994.0
2025-07-17 10:05:00,220.56,220.59,220.54,220.56,3880.0
2025-07-17 10:10:00,220.56,220.56,220.51,220.51,1049.0
2025-07-17 10:15:00,220.5,220.5,220.39,220.39,2746.0
2025-07-17 10:20:00,220.41,220.41,220.4,220.4,1385.0
2025-07-17 10:25:00,220.38,220.38,220.36,220.37,2375.0
2025-07-17 10:30:00,220.37,220.43,220.37,220.38,1090.0
2025-07-17 10:35:00,220.34,220.34,220.34,220.34,500.0
2025-07-17 10:40:00,220.38,220.41,220.36,220.39,7166.0
2025-07-17 10:45:00,220.45,220.46,220.34,220.34,2513.0
2025-07-17 10:50:00,220.32,220.35,220.3,220.35,3401.0
2025-07-17 10:55:00,220.33,220.46,220.28,220.45,10472.0
2025-07-17 11:00:00,220.34,220.34,220.11,220.19,20522.0
2025-07-17 11:05:00,220.21,220.28,220.19,220.28,4584.0
2025-07-17 11:10:00,220.19,220.24,220.19,220.23,1722.0
2025-07-17 11:15:00,220.13,220.22,220.11,220.2,5893.0
2025-07-17 11:20:00,220.26,220.26,220.26,220.26,257.0
2025-07-17 11:25:00,220.28,220.43,220.28,220.34,2094.0
2025-07-17 11:30:00,220.3,220.3,220.21,220.26,1857.0
2025-07-17 11:35:00,220.32,220.32,220.28,220.31,5792.0
2025-07-17 11:40:00,220.25,220.25,220.17,220.17,1751.0
2025-07-17 11:45:00,220.2,220.21,219.97,219.99,11532.0
2025-07-17 11:50:00,220.04,220.1,220.03,220.09,4167.0
2025-07-17 11:55:00,220.08,220.14,220.03,220.12,3602.0
2025-07-17 12:00:00,220.08,221.16,220.01,220.24,19163.0
2025-07-17 12:05:00,220.24,220.27,220.1805,220.27,6717.0
2025-07-17 12:10:00,220.28,220.4,220.26,220.26,4222.0
2025-07-17 12:15:00,220.24,220.24,220.15,220.15,3565.0
2025-07-17 12:20:00,220.13,220.13,219.98,220.13,14907.0
2025-07-17 12:25:00,220.171,220.25,220.04,220.25,14280.0
2025-07-17 12:30:00,220.31,220.52,220.0596,220.26,33918.0
2025-07-17 12:35:00,220.29,220.62,220.27,220.62,21059.0
2025-07-17 12:40:00,220.65,220.79,220.63,220.79,17724.0
2025-07-17 12:45:00,220.75,220.97,220.69,220.89,18299.0
2025-07-17 12:50:00,220.92,221.17,220.92,221.14,27175.0
2025-07-17 12:55:00,221.19,221.2399,221.0399,221.1,13775.0
2025-07-17 13:00:00,221.07,221.22,221.06,221.1,17975.0
2025-07-17 13:05:00,221.08,221.2,221.08,221.19,10117.0
2025-07-17 13:10:00,221.19,221.2,221.06,221.08,11300.0
2025-07-17 13:15:00,221.03,221.03,220.83,220.9,11374.0
2025-07-17 13:20:00,220.89,221.09,220.89,221.05,21589.0
2025-07-17 13:25:00,221.03,221.16,221.0296,221.07,12885.0
2025-07-17 13:30:00,221.08,222.245,220.71,222.205,1035194.0
2025-07-17 13:35:00,222.21,222.53,222.145,222.49,487671.0
2025-07-17 13:40:00,222.48,222.995,222.44,222.945,507710.0
2025-07-17 13:45:00,222.95,223.325,222.765,223.24,703942.0
2025-07-17 13:50:00,223.26,223.325,223.01,223.1894,466544.0
2025-07-17 13:55:00,223.17,223.185,222.6,222.71,558979.0
2025-07-17 14:00:00,222.72,223.275,222.72,223.22,602255.0
2025-07-17 14:05:00,223.22,223.51,223.05,223.5,518597.0
2025-07-17 14:10:00,223.515,223.7,223.43,223.53,459715.0
2025-07-17 14:15:00,223.52,223.58,222.81,222.81,1585863.0
2025-07-17 14:20:00,222.8,223.08,222.51,222.5899,413182.0
2025-07-17 14:25:00,222.62,222.73,222.41,222.63,306714.0
2025-07-17 14:30:00,222.64,222.93,222.62,222.93,347508.0
2025-07-17 14:35:00,222.93,222.9688,222.39,222.56,330156.0
2025-07-17 14:40:00,222.55,222.88,222.54,222.86,244593.0
2025-07-17 14:45:00,222.84,223.03,222.71,223.015,623939.0
2025-07-17 14:50:00,223.02,223.17,222.87,223.15,376291.0
2025-07-17 14:55:00,223.15,223.17,222.74,222.79,562365.0
2025-07-17 15:00:00,222.795,222.91,222.6435,222.69,208472.0
2025-07-17 15:05:00,222.69,222.91,222.645,222.885,1929282.0
2025-07-17 15:10:00,222.885,222.96,222.705,222.76,195048.0
2025-07-17 15:15:00,222.77,223.1,222.71,223.08,227571.0
2025-07-17 15:20:00,223.065,223.385,222.98,223.38,234839.0
2025-07-17 15:25:00,223.375,223.41,223.24,223.3,209611.0
2025-07-17 15:30:00,223.295,223.725,223.28,223.68,430145.0
2025-07-17 15:35:00,223.68,223.905,223.62,223.845,527737.0
2025-07-17 15:40:00,223.84,223.92,223.7,223.835,517599.0
2025-07-17 15:45:00,223.835,223.835,223.565,223.585,315872.0
2025-07-17 15:50:00,223.58,223.88,223.5,223.86,384286.0
2025-07-17 15:55:00,223.855,223.98,223.82,223.89,255777.0
2025-07-17 16:00:00,223.9,223.91,223.715,223.76,242986.0
2025-07-18 09:30:00,224.0,224.02,224.0,224.01,1523.0
2025-07-18 09:35:00,224.0,224.03,223.96,224.03,8156.0
2025-07-18 09:40:00,224.21,224.22,224.18,224.18,2700.0
2025-07-18 09:45:00,224.17,224.17,224.1,224.14,383.0
2025-07-18 09:50:00,224.2,224.2,224.2,224.2,246.0
2025-07-18 09:55:00,224.22,224.22,224.22,224.22,168.0
2025-07-18 10:00:00,224.2,224.22,224.16,224.18,1131.0
2025-07-18 10:05:00,224.15,224.15,224.1,224.1,515.0
2025-07-18 10:10:00,224.05,224.11,224.05,224.11,1522.0
2025-07-18 10:15:00,224.07,224.07,223.98,223.98,349.0
2025-07-18 10:20:00,223.94,223.94,223.83,223.83,5259.0
2025-07-18 10:25:00,223.86,223.88,223.81,223.88,1842.0
2025-07-18 10:30:00,223.91,223.95,223.88,223.9,1816.0
2025-07-18 10:40:00,224.02,224.02,224.0,224.0,1430.0
2025-07-18 10:45:00,224.0,224.0,223.99,223.99,663.0
2025-07-18 10:50:00,223.97,223.97,223.93,223.95,917.0
2025-07-18 10:55:00,223.9,223.94,223.88,223.94,2652.0
2025-07-18 11:00:00,223.99,224.11,223.93,224.06,3689.0
2025-07-18 11:05:00,224.0,224.0,223.85,223.9,1963.0
2025-07-18 11:10:00,223.94,223.96,223.93,223.95,4593.0
2025-07-18 11:15:00,223.9,223.99,223.8,223.81,2846.0
2025-07-18 11:20:00,223.89,224.0,223.87,224.0,5582.0
2025-07-18 11:25:00,223.98,224.11,223.98,224.07,3431.0
2025-07-18 11:30:00,224.04,224.12,224.04,224.07,1670.0
2025-07-18 11:35:00,224.1,224.12,224.04,224.05,5517.0
2025-07-18 11:40:00,224.04,224.1,224.04,224.1,1661.0
2025-07-18 11:45:00,224.12,224.24,224.12,224.24,2585.0
2025-07-18 11:50:00,224.3,224.5,224.3,224.5,13311.0
2025-07-18 11:55:00,224.46,224.5,224.43,224.5,6023.0
2025-07-18 12:00:00,223.89,224.84,223.83,224.59,29065.0
2025-07-18 12:05:00,224.59,224.72,224.59,224.64,6531.0
2025-07-18 12:10:00,224.69,224.83,224.69,224.82,23306.0
2025-07-18 12:15:00,224.81,225.0098,224.81,224.96,23113.0
2025-07-18 12:20:00,224.93,225.05,224.88,225.05,8432.0
2025-07-18 12:25:00,224.98,225.14,224.97,224.99,21880.0
2025-07-18 12:30:00,224.96,225.26,224.89,225.21,24729.0
2025-07-18 12:35:00,225.23,225.35,225.12,225.12,11849.0
2025-07-18 12:40:00,225.0,225.0,224.87,224.92,9814.0
2025-07-18 12:45:00,224.96,225.12,224.95,224.98,11857.0
2025-07-18 12:50:00,225.02,225.15,225.02,225.15,50194.0
2025-07-18 12:55:00,225.14,225.28,225.13,225.18,39878.0
2025-07-18 13:00:00,225.21,225.21,225.11,225.21,29349.0
2025-07-18 13:05:00,225.21,225.4,225.2,225.35,27002.0
2025-07-18 13:10:00,225.43,225.47,225.39,225.41,7648.0
2025-07-18 13:15:00,225.36,225.36,225.11,225.11,5714.0
2025-07-18 13:20:00,225.14,225.31,225.14,225.15,12443.0
2025-07-18 13:25:00,225.15,225.32,224.86,225.29,54840.0
2025-07-18 13:30:00,225.29,225.36,224.4251,224.575,1112225.0
2025-07-18 13:35:00,224.58,224.79,224.365,224.7799,565474.0
2025-07-18 13:40:00,224.78,224.95,224.4242,224.485,578942.0
2025-07-18 13:45:00,224.45,224.72,224.39,224.44,471434.0
2025-07-18 13:50:00,224.45,224.72,224.2989,224.31,576875.0
2025-07-18 13:55:00,224.31,224.46,224.24,224.32,311508.0
2025-07-18 14:00:00,224.36,224.82,224.33,224.38,557597.0
2025-07-18 14:05:00,224.38,224.4801,224.02,224.17,442208.0
2025-07-18 14:10:00,224.16,224.19,223.78,223.84,744693.0
2025-07-18 14:15:00,223.85,224.04,223.61,223.7001,525397.0
2025-07-18 14:20:00,223.69,223.72,223.28,223.3,470435.0
2025-07-18 14:25:00,223.3,223.31,223.015,223.11,575960.0
2025-07-18 14:30:00,223.12,223.33,222.99,223.28,1633454.0
2025-07-18 14:35:00,223.29,223.5186,222.97,223.0,348657.0
2025-07-18 14:40:00,222.99,223.105,222.7,223.005,387028.0
2025-07-18 14:45:00,223.01,223.28,222.99,223.27,642164.0
2025-07-18 14:50:00,223.27,223.41,223.22,223.335,230714.0
2025-07-18 14:55:00,223.34,223.39,222.7651,222.78,528170.0
2025-07-18 15:00:00,222.77,223.23,222.68,223.13,354561.0
2025-07-18 15:05:00,223.13,223.21,222.97,223.08,403249.0
2025-07-18 15:10:00,223.09,223.26,222.785,222.97,478483.0
2025-07-18 15:15:00,222.97,223.245,222.95,222.955,231442.0
2025-07-18 15:20:00,222.96,223.065,222.795,222.94,186268.0
2025-07-18 15:25:00,222.95,223.05,222.85,223.0,2010625.0
2025-07-18 15:30:00,223.005,223.22,222.885,223.1,405236.0
2025-07-18 15:35:00,223.09,223.17,222.92,223.1,328893.0
2025-07-18 15:40:00,223.1078,223.23,222.92,223.23,321907.0
2025-07-18 15:45:00,223.22,223.42,223.11,223.39,274626.0
2025-07-18 15:50:00,223.39,223.6299,223.39,223.55,702281.0
2025-07-18 15:55:00,223.55,223.55,223.38,223.46,286355.0
2025-07-18 16:00:00,223.46,223.61,223.345,223.36,456088.0
2025-07-21 09:30:00,223.71,223.71,223.67,223.67,1018.0
2025-07-21 09:35:00,223.61,223.67,223.58,223.63,3480.0
2025-07-21 09:45:00,223.65,223.65,223.62,223.62,363.0
2025-07-21 09:50:00,223.66,223.68,223.66,223.68,2002.0
2025-07-21 09:55:00,223.6,223.61,223.56,223.56,3474.0
2025-07-21 10:00:00,223.66,223.66,223.65,223.65,343.0
2025-07-21 10:05:00,223.52,223.53,223.49,223.49,4705.0
2025-07-21 10:10:00,223.54,223.65,223.48,223.62,6494.0
2025-07-21 10:15:00,223.54,223.54,223.54,223.54,130.0
2025-07-21 10:20:00,223.53,223.58,223.53,223.58,3222.0
2025-07-21 10:25:00,223.53,223.53,223.49,223.49,2861.0
2025-07-21 10:30:00,223.46,223.51,223.46,223.51,713.0
2025-07-21 10:35:00,223.49,223.49,223.49,223.49,280.0
2025-07-21 10:40:00,223.45,223.53,223.45,223.53,1187.0
2025-07-21 10:50:00,223.63,223.63,223.5,223.5,19082.0
2025-07-21 10:55:00,223.59,223.67,223.59,223.64,1387.0
2025-07-21 11:00:00,223.55,223.57,223.54,223.56,3466.0
2025-07-21 11:05:00,223.53,223.61,223.49,223.49,5048.0
2025-07-21 11:10:00,223.48,223.62,223.48,223.62,936.0
2025-07-21 11:15:00,223.56,223.69,223.56,223.69,1064.0
2025-07-21 11:20:00,223.6,223.67,223.59,223.67,1491.0
2025-07-21 11:25:00,223.72,223.78,223.66,223.76,12593.0
2025-07-21 11:30:00,223.76,223.84,223.75,223.8,4789.0
2025-07-21 11:35:00,223.87,223.88,223.8,223.8,1682.0
2025-07-21 11:40:00,223.84,223.84,223.76,223.76,15342.0
2025-07-21 11:45:00,223.87,223.93,223.87,223.88,3283.0
2025-07-21 11:50:00,223.87,223.92,223.87,223.89,13825.0
2025-07-21 11:55:00,223.92,223.93,223.89,223.9,6221.0
2025-07-21 12:00:00,223.73,223.94,222.63,223.83,44420.0
2025-07-21 12:05:00,223.86,223.86,223.72,223.74,1680.0
2025-07-21 12:10:00,223.8,223.85,223.78,223.8306,2843.0
2025-07-21 12:15:00,223.84,223.85,223.78,223.8,10574.0
2025-07-21 12:20:00,223.84,223.86,223.77,223.8,8337.0
2025-07-21 12:25:00,223.88,223.88,223.85,223.86,1393.0
2025-07-21 12:30:00,223.9,223.97,223.9,223.97,5315.0
2025-07-21 12:35:00,223.93,224.0,223.86,223.86,9383.0
2025-07-21 12:40:00,223.95,223.95,223.8,223.82,8269.0
2025-07-21 12:45:00,223.78,223.85,223.78,223.81,5758.0
2025-07-21 12:50:00,223.82,223.82,223.64,223.65,16291.0
2025-07-21 12:55:00,223.64,223.64,223.51,223.61,8638.0
2025-07-21 13:00:00,223.6,223.6,223.5,223.51,9179.0
2025-07-21 13:05:00,223.51,223.54,223.49,223.5109,3802.0
2025-07-21 13:10:00,223.52,223.55,223.32,223.32,7163.0
2025-07-21 13:15:00,223.33,223.45,223.33,223.36,8942.0
2025-07-21 13:20:00,223.41,223.52,223.41,223.5,3730.0
2025-07-21 13:25:00,223.3201,223.55,223.32,223.55,41809.0
2025-07-21 13:30:00,223.54,223.77,223.35,223.47,603865.0
2025-07-21 13:35:00,223.47,223.63,223.28,223.45,481205.0
2025-07-21 13:40:00,223.455,223.51,223.25,223.385,245366.0
2025-07-21 13:45:00,223.38,223.57,223.31,223.5,303607.0
2025-07-21 13:50:00,223.49,223.86,223.325,223.8,408216.0
2025-07-21 13:55:00,223.81,223.965,223.72,223.96,558456.0
2025-07-21 14:00:00,223.96,224.195,223.9,224.18,383132.0
2025-07-21 14:05:00,224.19,224.19,223.83,223.845,488300.0
2025-07-21 14:10:00,223.845,223.92,223.7,223.845,451686.0
2025-07-21 14:15:00,223.845,223.85,223.62,223.815,373425.0
2025-07-21 14:20:00,223.815,224.3387,223.78,224.3387,552962.0
2025-07-21 14:25:00,224.33,224.41,224.155,224.18,313310.0
2025-07-21 14:30:00,224.18,224.36,224.05,224.115,376333.0
2025-07-21 14:35:00,224.115,224.31,224.0508,224.18,381298.0
2025-07-21 14:40:00,224.18,224.275,224.075,224.14,265944.0
2025-07-21 14:45:00,224.14,224.22,224.0,224.1,250951.0
2025-07-21 14:50:00,224.1,224.25,223.975,224.125,287486.0
2025-07-21 14:55:00,224.12,224.305,224.075,224.27,207960.0
2025-07-21 15:00:00,224.28,224.365,224.18,224.18,221800.0
2025-07-21 15:05:00,224.18,224.325,224.125,224.27,655478.0
2025-07-21 15:10:00,224.27,224.32,224.13,224.13,188406.0
2025-07-21 15:15:00,224.135,224.155,224.005,224.01,234794.0
2025-07-21 15:20:00,224.01,224.265,223.995,224.265,361895.0
2025-07-21 15:25:00,224.26,224.28,224.11,224.17,181451.0
2025-07-21 15:30:00,224.17,224.295,224.08,224.165,340887.0
2025-07-21 15:35:00,224.15,224.225,224.11,224.135,162323.0
2025-07-21 15:40:00,224.14,224.155,223.905,224.02,216153.0
2025-07-21 15:45:00,224.025,224.115,223.92,223.92,130157.0
2025-07-21 15:50:00,223.91,223.935,223.73,223.75,253260.0
2025-07-21 15:55:00,223.75,223.915,223.61,223.64,241103.0
2025-07-21 16:00:00,223.64,223.725,223.56,223.65,318770.0
2025-07-22 09:30:00,221.11,221.15,221.11,221.15,268.0
2025-07-22 09:35:00,221.1,221.1,221.06,221.06,659.0
2025-07-22 09:40:00,221.03,221.04,220.9,220.91,3798.0
2025-07-22 09:45:00,220.99,220.99,220.97,220.97,521.0
2025-07-22 09:50:00,221.01,221.02,220.97,221.02,1126.0
2025-07-22 09:55:00,220.97,221.02,220.97,220.99,2695.0
2025-07-22 10:00:00,221.04,221.11,221.04,221.11,1886.0
2025-07-22 10:05:00,221.09,221.09,221.07,221.07,1000.0
2025-07-22 10:10:00,221.13,221.14,221.1,221.12,752.0
2025-07-22 10:15:00,221.14,221.14,221.01,221.02,1523.0
2025-07-22 10:20:00,221.0,221.0,221.0,221.0,450.0
2025-07-22 10:25:00,221.01,221.01,220.95,220.95,352.0
2025-07-22 10:30:00,221.03,221.1,221.03,221.09,2364.0
2025-07-22 10:35:00,221.13,221.13,221.13,221.13,108.0
2025-07-22 10:40:00,221.16,221.16,221.16,221.16,310.0
2025-07-22 10:45:00,221.17,221.17,221.17,221.17,544.0
2025-07-22 10:50:00,221.16,221.16,221.12,221.12,220.0
2025-07-22 10:55:00,221.09,221.27,221.09,221.27,2150.0
2025-07-22 11:00:00,221.27,221.3,221.06,221.23,22774.0
2025-07-22 11:05:00,221.29,221.39,221.28,221.29,2185.0
2025-07-22 11:10:00,221.3,221.35,221.24,221.31,1822.0
2025-07-22 11:15:00,221.26,221.27,221.26,221.27,699.0
2025-07-22 11:20:00,221.22,221.23,221.11,221.13,5771.0
2025-07-22 11:25:00,221.14,221.14,221.09,221.1,1266.0
2025-07-22 11:30:00,221.14,221.23,221.14,221.23,1642.0
2025-07-22 11:35:00,221.24,221.24,221.14,221.23,4555.0
2025-07-22 11:40:00,221.24,221.47,221.24,221.44,8731.0
2025-07-22 11:45:00,221.46,221.6,221.46,221.6,4125.0
2025-07-22 11:50:00,221.56,221.62,221.56,221.62,1830.0
2025-07-22 11:55:00,221.68,221.68,221.61,221.66,1704.0
2025-07-22 12:00:00,221.2782,221.83,221.12,221.83,15700.0
2025-07-22 12:05:00,221.8382,221.8382,221.65,221.7,8859.0
2025-07-22 12:10:00,221.7,221.7,221.67,221.6894,4012.0
2025-07-22 12:15:00,221.7,221.7,221.55,221.55,2630.0
2025-07-22 12:20:00,221.6,221.68,221.56,221.62,22765.0
2025-07-22 12:25:00,221.62,221.72,221.6,221.72,11114.0
2025-07-22 12:30:00,221.7,221.74,221.65,221.73,8611.0
2025-07-22 12:35:00,221.75,221.88,221.7,221.86,8823.0
2025-07-22 12:40:00,221.8,221.88,221.8,221.84,25511.0
2025-07-22 12:45:00,221.81,221.87,221.8,221.82,6427.0
2025-07-22 12:50:00,221.85,222.0,221.85,221.95,9272.0
2025-07-22 12:55:00,221.93,221.97,221.85,221.85,9579.0
2025-07-22 13:00:00,221.85,221.86,221.68,221.68,19547.0
2025-07-22 13:05:00,221.64,221.71,221.61,221.61,8509.0
2025-07-22 13:10:00,221.68,221.7,221.66,221.68,3635.0
2025-07-22 13:15:00,221.67,221.7,221.64,221.65,7478.0
2025-07-22 13:20:00,221.65,221.67,221.57,221.62,8576.0
2025-07-22 13:25:00,221.59,221.62,221.43,221.61,40116.0
2025-07-22 13:30:00,221.62,222.34,221.46,222.2725,1157517.0
2025-07-22 13:35:00,222.25,222.6,222.22,222.505,741863.0
2025-07-22 13:40:00,222.515,222.53,222.115,222.315,600034.0
2025-07-22 13:45:00,222.32,222.32,221.64,221.68,568559.0
2025-07-22 13:50:00,221.67,221.83,220.66,220.77,1104096.0
2025-07-22 13:55:00,220.74,221.44,220.72,220.98,875648.0
2025-07-22 14:00:00,220.99,221.39,220.92,221.38,592276.0
2025-07-22 14:05:00,221.4,222.07,221.4,221.985,621272.0
2025-07-22 14:10:00,221.98,222.09,221.275,221.86,606542.0
2025-07-22 14:15:00,221.86,221.935,221.625,221.76,615388.0
2025-07-22 14:20:00,221.77,222.069,221.59,221.83,937088.0
2025-07-22 14:25:00,221.825,222.055,221.71,222.05,309903.0
2025-07-22 14:30:00,222.05,222.34,221.97,222.25,481564.0
2025-07-22 14:35:00,222.245,222.8299,222.24,222.67,619562.0
2025-07-22 14:40:00,222.675,222.7,222.385,222.47,398840.0
2025-07-22 14:45:00,222.47,222.56,222.35,222.56,241336.0
2025-07-22 14:50:00,222.56,222.68,222.22,222.27,318224.0
2025-07-22 14:55:00,222.26,222.67,222.24,222.55,225659.0
2025-07-22 15:00:00,222.55,222.58,222.305,222.53,235037.0
2025-07-22 15:05:00,222.53,222.595,222.415,222.5,318485.0
2025-07-22 15:10:00,222.49,222.601,222.415,222.5,214593.0
2025-07-22 15:15:00,222.485,222.565,222.08,222.56,241186.0
2025-07-22 15:20:00,222.575,222.73,222.48,222.72,176503.0
2025-07-22 15:25:00,222.705,222.82,222.585,222.655,208666.0
2025-07-22 15:30:00,222.64,223.005,222.605,222.97,863424.0
2025-07-22 15:35:00,222.97,222.995,222.57,222.64,277728.0
2025-07-22 15:40:00,222.64,222.74,222.31,222.64,333238.0
2025-07-22 15:45:00,222.65,222.915,222.6201,222.76,150585.0
2025-07-22 15:50:00,222.75,222.845,222.62,222.76,603857.0
2025-07-22 15:55:00,222.76,222.81,222.65,222.67,358333.0
2025-07-22 16:00:00,222.68,222.76,222.48,222.49,396602.0
2025-07-23 09:30:00,225.72,225.73,225.66,225.66,2265.0
2025-07-23 09:35:00,225.73,225.73,225.69,225.69,3368.0
2025-07-23 09:40:00,225.69,225.69,225.61,225.65,2656.0
2025-07-23 09:45:00,225.67,225.68,225.58,225.62,1784.0
2025-07-23 09:50:00,225.71,225.86,225.7,225.86,2244.0
2025-07-23 09:55:00,225.91,225.91,225.85,225.87,3074.0
2025-07-23 10:00:00,225.88,225.94,225.8,225.8,3286.0
2025-07-23 10:05:00,225.82,225.82,225.81,225.81,1097.0
2025-07-23 10:10:00,225.87,225.88,225.66,225.66,1575.0
2025-07-23 10:15:00,225.64,225.67,225.61,225.67,5023.0
2025-07-23 10:20:00,225.62,225.65,225.59,225.62,1516.0
2025-07-23 10:25:00,225.62,225.69,225.62,225.62,2439.0
2025-07-23 10:30:00,225.65,225.7,225.61,225.64,1788.0
2025-07-23 10:35:00,225.54,225.58,225.51,225.56,3945.0
2025-07-23 10:40:00,225.51,225.51,225.44,225.45,2262.0
2025-07-23 10:45:00,225.63,225.63,225.63,225.63,517.0
2025-07-23 10:50:00,225.55,225.55,225.37,225.37,7449.0
2025-07-23 10:55:00,225.36,225.42,225.32,225.37,2335.0
2025-07-23 11:00:00,225.36,225.36,225.26,225.31,18762.0
2025-07-23 11:05:00,225.31,225.36,225.07,225.1,7674.0
2025-07-23 11:10:00,225.19,225.4,225.18,225.29,3557.0
2025-07-23 11:15:00,225.23,225.23,225.14,225.23,2452.0
2025-07-23 11:20:00,225.25,225.32,225.25,225.3,2412.0
2025-07-23 11:25:00,225.25,225.25,225.2,225.23,5474.0
2025-07-23 11:30:00,225.18,225.25,225.12,225.25,3295.0
2025-07-23 11:35:00,225.33,225.35,225.32,225.35,1281.0
2025-07-23 11:40:00,225.35,225.36,225.2,225.23,11064.0
2025-07-23 11:45:00,225.27,225.27,225.22,225.23,3023.0
2025-07-23 11:50:00,225.22,225.32,225.22,225.24,3589.0
2025-07-23 11:55:00,225.25,225.32,225.25,225.3,8454.0
2025-07-23 12:00:00,225.26,225.41,224.24,225.37,33372.0
2025-07-23 12:05:00,225.37,225.37,225.24,225.24,4330.0
2025-07-23 12:10:00,225.17,225.28,225.16,225.25,5712.0
2025-07-23 12:15:00,225.21,225.25,225.16,225.16,4516.0
2025-07-23 12:20:00,225.15,225.15,225.08,225.149,5548.0
2025-07-23 12:25:00,225.11,225.25,225.11,225.22,3950.0
2025-07-23 12:30:00,225.16,225.25,225.07,225.07,8474.0
2025-07-23 12:35:00,225.11,225.12,224.89,224.89,20864.0
2025-07-23 12:40:00,224.91,224.92,224.6,224.791,73112.0
2025-07-23 12:45:00,224.81,224.89,224.69,224.78,11983.0
2025-07-23 12:50:00,224.79,224.86,224.75,224.7701,6930.0
2025-07-23 12:55:00,224.78,224.87,224.78,224.81,5334.0
2025-07-23 13:00:00,224.83,224.83,224.65,224.79,5734.0
2025-07-23 13:05:00,224.76,224.77,224.64,224.69,16698.0
2025-07-23 13:10:00,224.65,224.78,224.64,224.78,7958.0
2025-07-23 13:15:00,224.79,224.83,224.7508,224.81,17730.0
2025-07-23 13:20:00,224.87,225.06,224.87,224.92,33053.0
2025-07-23 13:25:00,225.04,225.04,224.75,224.8,20109.0
2025-07-23 13:30:00,224.82,225.125,224.445,224.63,1743152.0
2025-07-23 13:35:00,224.62,224.99,224.605,224.72,1127521.0
2025-07-23 13:40:00,224.72,224.84,224.36,224.73,754606.0
2025-07-23 13:45:00,224.74,224.74,224.095,224.155,690767.0
2025-07-23 13:50:00,224.16,224.38,224.12,224.3,526948.0
2025-07-23 13:55:00,224.31,224.41,224.065,224.39,655873.0
2025-07-23 14:00:00,224.38,224.73,224.35,224.71,505584.0
2025-07-23 14:05:00,224.715,225.235,224.705,225.225,774232.0
2025-07-23 14:10:00,225.225,225.3,224.7,224.935,805325.0
2025-07-23 14:15:00,224.94,225.25,224.94,225.115,413314.0
2025-07-23 14:20:00,225.1,225.3,225.02,225.29,470742.0
2025-07-23 14:25:00,225.3,225.525,225.28,225.525,610207.0
2025-07-23 14:30:00,225.52,225.655,225.105,225.122,587503.0
2025-07-23 14:35:00,225.12,225.53,225.12,225.51,491500.0
2025-07-23 14:40:00,225.5,225.69,225.45,225.56,615944.0
2025-07-23 14:45:00,225.55,225.76,225.5,225.501,573741.0
2025-07-23 14:50:00,225.5,225.8,225.47,225.695,397095.0
2025-07-23 14:55:00,225.705,225.72,225.505,225.645,443571.0
2025-07-23 15:00:00,225.65,225.7801,225.61,225.675,412622.0
2025-07-23 15:05:00,225.67,225.79,225.51,225.59,556245.0
2025-07-23 15:10:00,225.57,225.75,225.535,225.54,332104.0
2025-07-23 15:15:00,225.55,225.67,225.4593,225.58,305492.0
2025-07-23 15:20:00,225.57,225.67,225.4501,225.6,337327.0
2025-07-23 15:25:00,225.5901,225.66,225.37,225.44,266645.0
2025-07-23 15:30:00,225.44,225.61,225.21,225.24,294005.0
2025-07-23 15:35:00,225.25,225.355,225.065,225.19,336714.0
2025-07-23 15:40:00,225.18,225.28,225.09,225.26,304162.0
2025-07-23 15:45:00,225.25,225.445,225.23,225.39,261049.0
2025-07-23 15:50:00,225.385,225.72,225.055,225.5,825730.0
2025-07-23 15:55:00,225.505,226.065,225.33,225.625,1105611.0
2025-07-23 16:00:00,225.61,225.94,225.52,225.895,438626.0
2025-07-24 09:30:00,226.11,226.11,226.05,226.05,567.0
2025-07-24 09:35:00,226.03,226.03,225.97,225.97,617.0
2025-07-24 09:40:00,226.0,226.0,225.98,225.98,2132.0
2025-07-24 09:50:00,226.07,226.07,226.04,226.04,2723.0
2025-07-24 09:55:00,226.04,226.04,225.99,225.99,3138.0
2025-07-24 10:00:00,226.04,226.1,226.02,226.1,3322.0
2025-07-24 10:05:00,225.82,225.82,225.8,225.8,7066.0
2025-07-24 10:10:00,225.76,225.8,225.72,225.73,10879.0
2025-07-24 10:15:00,225.74,225.75,225.74,225.75,1005.0
2025-07-24 10:20:00,225.7,225.7,225.68,225.68,940.0
2025-07-24 10:25:00,225.69,225.75,225.68,225.75,999.0
2025-07-24 10:30:00,225.62,225.71,225.6,225.69,3049.0
2025-07-24 10:35:00,225.74,225.76,225.74,225.76,850.0
2025-07-24 10:40:00,225.75,225.79,225.75,225.77,7695.0
2025-07-24 10:45:00,225.75,225.77,225.71,225.71,9128.0
2025-07-24 10:50:00,225.72,225.75,225.68,225.75,897.0
2025-07-24 10:55:00,225.76,225.76,225.76,225.76,111.0
2025-07-24 11:00:00,225.74,225.81,225.71,225.75,7906.0
2025-07-24 11:05:00,225.71,225.83,225.71,225.83,4284.0
2025-07-24 11:10:00,225.82,225.84,225.74,225.74,1428.0
2025-07-24 11:15:00,225.79,225.86,225.78,225.85,1296.0
2025-07-24 11:20:00,225.81,225.86,225.8,225.84,1394.0
2025-07-24 11:25:00,225.9,225.96,225.9,225.92,5882.0
2025-07-24 11:30:00,225.95,226.08,225.93,226.08,979.0
2025-07-24 11:35:00,226.1,226.13,225.99,226.04,2773.0
2025-07-24 11:40:00,226.02,226.05,226.02,226.05,1645.0
2025-07-24 11:45:00,226.02,226.02,225.99,225.99,591.0
2025-07-24 11:50:00,226.0,226.0,225.88,225.88,4282.0
2025-07-24 11:55:00,225.89,226.0,225.85,226.0,776.0
2025-07-24 12:00:00,225.85,226.27,225.6,225.9112,13043.0
2025-07-24 12:05:00,225.94,225.97,225.88,225.88,4937.0
2025-07-24 12:10:00,225.92,226.0701,225.89,226.0701,3971.0
2025-07-24 12:15:00,226.1,226.11,226.03,226.07,4378.0
2025-07-24 12:20:00,226.03,226.04,225.78,225.78,12678.0
2025-07-24 12:25:00,225.82,226.3,225.81,226.07,15653.0
2025-07-24 12:30:00,226.0801,226.09,225.8,225.8301,15739.0
2025-07-24 12:35:00,225.84,225.86,225.78,225.86,11282.0
2025-07-24 12:40:00,225.81,225.81,225.66,225.66,12258.0
2025-07-24 12:45:00,225.67,225.78,225.64,225.76,47305.0
2025-07-24 12:50:00,225.76,225.8,225.65,225.66,11668.0
2025-07-24 12:55:00,225.71,225.73,225.65,225.6797,15934.0
2025-07-24 13:00:00,225.68,225.69,225.55,225.55,13555.0
2025-07-24 13:05:00,225.53,225.63,225.51,225.63,9115.0
2025-07-24 13:10:00,225.62,225.64,225.51,225.55,19311.0
2025-07-24 13:15:00,225.54,225.58,225.36,225.48,42718.0
2025-07-24 13:20:00,225.49,225.57,225.47,225.52,40095.0
2025-07-24 13:25:00,225.55,225.64,225.49,225.52,117927.0
2025-07-24 13:30:00,225.515,225.66,225.0279,225.46,987488.0
2025-07-24 13:35:00,225.46,225.63,225.27,225.58,677584.0
2025-07-24 13:40:00,225.57,225.6,225.31,225.445,624006.0
2025-07-24 13:45:00,225.46,225.8499,225.3901,225.6,582983.0
2025-07-24 13:50:00,225.6,225.64,225.185,225.185,417687.0
2025-07-24 13:55:00,225.17,225.42,225.07,225.41,266423.0
2025-07-24 14:00:00,225.42,225.665,225.315,225.32,341677.0
2025-07-24 14:05:00,225.33,225.5,225.17,225.229,445844.0
2025-07-24 14:10:00,225.2,225.29,224.64,224.6899,643498.0
2025-07-24 14:15:00,224.692,224.97,224.635,224.87,595431.0
2025-07-24 14:20:00,224.87,224.98,224.7391,224.755,230390.0
2025-07-24 14:25:00,224.75,225.205,224.62,225.16,488617.0
2025-07-24 14:30:00,225.17,225.255,224.93,225.2,275612.0
2025-07-24 14:35:00,225.2,225.3899,225.0375,225.0474,370973.0
2025-07-24 14:40:00,225.05,225.24,225.02,225.18,292888.0
2025-07-24 14:45:00,225.18,225.39,225.04,225.385,290623.0
2025-07-24 14:50:00,225.38,225.44,225.26,225.41,302044.0
2025-07-24 14:55:00,225.4,225.4499,225.265,225.345,343289.0
2025-07-24 15:00:00,225.34,225.48,225.19,225.19,274108.0
2025-07-24 15:05:00,225.19,225.475,225.06,225.46,249260.0
2025-07-24 15:10:00,225.45,225.49,225.2,225.23,385613.0
2025-07-24 15:15:00,225.24,225.24,224.98,225.065,1130254.0
2025-07-24 15:20:00,225.06,225.195,224.825,224.96,299202.0
2025-07-24 15:25:00,224.96,224.96,224.78,224.85,248622.0
2025-07-24 15:30:00,224.84,224.91,224.7,224.71,191466.0
2025-07-24 15:35:00,224.72,224.755,224.48,224.73,407747.0
2025-07-24 15:40:00,224.745,224.77,224.615,224.66,771267.0
2025-07-24 15:45:00,224.65,224.8,224.59,224.63,293397.0
2025-07-24 15:50:00,224.635,224.72,224.535,224.65,237541.0
2025-07-24 15:55:00,224.67,224.72,224.565,224.65,400524.0
2025-07-24 16:00:00,224.66,224.7399,224.43,224.67,351279.0
2025-07-25 09:30:00,223.93,224.01,223.93,224.01,580.0
2025-07-25 09:35:00,223.98,224.02,223.98,224.02,1288.0
2025-07-25 09:40:00,224.01,224.01,224.0,224.0,493.0
2025-07-25 09:45:00,224.05,224.05,223.96,223.97,2513.0
2025-07-25 09:50:00,224.0,224.0,223.97,223.97,811.0
2025-07-25 09:55:00,223.97,223.97,223.97,223.97,6464.0
2025-07-25 10:00:00,224.0,224.03,224.0,224.03,293.0
2025-07-25 10:05:00,223.98,223.98,223.98,223.98,128.0
2025-07-25 10:15:00,224.03,224.03,224.03,224.03,138.0
2025-07-25 10:20:00,224.02,224.08,224.02,224.08,534.0
2025-07-25 10:25:00,224.05,224.11,224.05,224.1,2984.0
2025-07-25 10:30:00,224.14,224.14,224.12,224.14,777.0
2025-07-25 10:35:00,224.19,224.23,224.19,224.23,1233.0
2025-07-25 10:40:00,224.17,224.25,224.17,224.25,705.0
2025-07-25 10:45:00,224.25,224.25,224.25,224.25,376.0
2025-07-25 10:50:00,224.26,224.31,224.26,224.29,5835.0
2025-07-25 10:55:00,224.18,224.18,224.11,224.15,996.0
2025-07-25 11:00:00,224.13,224.13,224.04,224.05,2441.0
2025-07-25 11:05:00,224.08,224.1,224.04,224.05,971.0
2025-07-25 11:10:00,224.02,224.12,224.01,224.12,6413.0
2025-07-25 11:15:00,224.13,224.13,224.05,224.05,2237.0
2025-07-25 11:20:00,224.11,224.13,224.11,224.13,823.0
2025-07-25 11:25:00,224.07,224.07,224.07,224.07,127.0
2025-07-25 11:30:00,224.04,224.11,224.04,224.11,893.0
2025-07-25 11:35:00,224.09,224.13,224.09,224.13,1676.0
2025-07-25 11:40:00,224.09,224.1,224.09,224.1,2870.0
2025-07-25 11:45:00,224.13,224.13,224.13,224.13,114.0
2025-07-25 11:50:00,224.06,224.06,223.92,223.96,2327.0
2025-07-25 11:55:00,224.01,224.07,223.99,224.0,1594.0
2025-07-25 12:00:00,223.87,224.63,223.72,224.06,9313.0
2025-07-25 12:05:00,224.02,224.13,224.02,224.13,1952.0
2025-07-25 12:10:00,224.09,224.19,224.09,224.17,6838.0
2025-07-25 12:15:00,224.11,224.23,224.1,224.23,5037.0
2025-07-25 12:20:00,224.19,224.32,224.19,224.29,5720.0
2025-07-25 12:25:00,224.29,224.32,224.23,224.24,12591.0
2025-07-25 12:30:00,224.22,224.48,224.22,224.48,58706.0
2025-07-25 12:35:00,224.48,224.6,224.46,224.6,47863.0
2025-07-25 12:40:00,224.6,224.62,224.44,224.45,11155.0
2025-07-25 12:45:00,224.45,224.46,224.39,224.39,5943.0
2025-07-25 12:50:00,224.36,224.48,224.36,224.44,5294.0
2025-07-25 12:55:00,224.41,224.4406,224.37,224.4,2949.0
2025-07-25 13:00:00,224.37,224.4891,224.29,224.3,18508.0
2025-07-25 13:05:00,224.31,224.33,224.12,224.31,23465.0
2025-07-25 13:10:00,224.4097,224.54,224.27,224.3,15922.0
2025-07-25 13:15:00,224.29,224.55,224.24,224.52,26619.0
2025-07-25 13:20:00,224.45,224.61,224.45,224.61,25367.0
2025-07-25 13:25:00,224.55,224.71,224.39,224.4,22052.0
2025-07-25 13:30:00,224.42,224.51,223.35,223.661,1351618.0
2025-07-25 13:35:00,223.68,223.95,223.61,223.64,591541.0
2025-07-25 13:40:00,223.64,223.68,223.16,223.22,406733.0
2025-07-25 13:45:00,223.22,223.27,222.695,222.89,555337.0
2025-07-25 13:50:00,222.9,223.23,222.71,223.11,549201.0
2025-07-25 13:55:00,223.11,223.31,223.01,223.28,481008.0
2025-07-25 14:00:00,223.3,223.31,222.57,222.59,561805.0
2025-07-25 14:05:00,222.59,223.08,222.54,222.965,650855.0
2025-07-25 14:10:00,222.96,223.13,222.66,222.76,425352.0
2025-07-25 14:15:00,222.76,223.13,222.655,223.125,311741.0
2025-07-25 14:20:00,223.125,223.13,222.54,222.555,320447.0
2025-07-25 14:25:00,222.55,222.91,222.55,222.7,340530.0
2025-07-25 14:30:00,222.695,223.07,222.6801,222.84,415603.0
2025-07-25 14:35:00,222.845,223.275,222.845,223.17,301558.0
2025-07-25 14:40:00,223.17,223.3491,223.15,223.27,249079.0
2025-07-25 14:45:00,223.27,223.54,223.24,223.3601,268033.0
2025-07-25 14:50:00,223.37,223.505,223.27,223.39,257509.0
2025-07-25 14:55:00,223.38,223.43,222.99,223.05,318266.0
2025-07-25 15:00:00,223.06,223.34,223.03,223.12,318828.0
2025-07-25 15:05:00,223.13,223.2799,223.01,223.16,198317.0
2025-07-25 15:10:00,223.15,223.21,222.975,223.07,704246.0
2025-07-25 15:15:00,223.07,223.33,223.02,223.05,237802.0
2025-07-25 15:20:00,223.04,223.099,222.89,222.98,182840.0
2025-07-25 15:25:00,223.0,223.15,222.995,223.08,223793.0
2025-07-25 15:30:00,223.08,223.3092,223.03,223.1903,235798.0
2025-07-25 15:35:00,223.185,223.37,223.135,223.34,161085.0
2025-07-25 15:40:00,223.34,223.4,223.1101,223.155,366449.0
2025-07-25 15:45:00,223.16,223.38,223.155,223.275,395622.0
2025-07-25 15:50:00,223.27,223.4,223.23,223.37,101232.0
2025-07-25 15:55:00,223.365,223.435,223.3,223.42,167507.0
2025-07-25 16:00:00,223.42,223.425,223.15,223.165,180560.0
2025-07-28 09:30:00,225.75,225.8,225.73,225.73,4422.0
2025-07-28 09:35:00,225.76,225.76,225.73,225.73,1637.0
2025-07-28 09:45:00,225.75,225.75,225.66,225.66,342.0
2025-07-28 09:50:00,225.72,225.72,225.72,225.72,280.0
2025-07-28 09:55:00,225.65,225.65,225.65,225.65,600.0
2025-07-28 10:00:00,225.64,225.64,225.64,225.64,1000.0
2025-07-28 10:05:00,225.61,225.61,225.59,225.59,559.0
2025-07-28 10:10:00,225.57,225.58,225.56,225.56,966.0
2025-07-28 10:15:00,225.66,225.66,225.64,225.64,708.0
2025-07-28 10:20:00,225.58,225.58,225.58,225.58,604.0
2025-07-28 10:25:00,225.44,225.45,225.44,225.45,1107.0
2025-07-28 10:30:00,225.49,225.49,225.42,225.42,1264.0
2025-07-28 10:35:00,225.43,225.44,225.41,225.41,1289.0
2025-07-28 10:40:00,225.37,225.4,225.13,225.18,8660.0
2025-07-28 10:45:00,225.18,225.32,225.17,225.25,3989.0
2025-07-28 10:50:00,225.26,225.28,225.21,225.21,1306.0
2025-07-28 10:55:00,225.28,225.32,225.24,225.32,5190.0
2025-07-28 11:00:00,225.28,225.33,225.22,225.28,10165.0
2025-07-28 11:05:00,225.27,225.28,225.23,225.23,2457.0
2025-07-28 11:10:00,225.12,225.15,225.12,225.15,16360.0
2025-07-28 11:15:00,225.15,225.15,225.0,225.01,18751.0
2025-07-28 11:20:00,225.02,225.06,225.02,225.03,2070.0
2025-07-28 11:25:00,225.07,225.09,225.02,225.02,1155.0
2025-07-28 11:30:00,224.99,225.14,224.99,225.13,1272.0
2025-07-28 11:35:00,225.15,225.15,225.12,225.12,983.0
2025-07-28 11:40:00,225.26,225.32,225.26,225.27,3675.0
2025-07-28 11:45:00,225.18,225.3,225.12,225.3,4067.0
2025-07-28 11:50:00,225.28,225.33,225.2,225.22,2971.0
2025-07-28 11:55:00,225.25,225.32,225.25,225.3,4999.0
2025-07-28 12:00:00,225.26,226.56,225.06,225.24,33268.0
2025-07-28 12:05:00,225.23,225.27,225.17,225.27,4881.0
2025-07-28 12:10:00,225.28,225.28,225.15,225.16,7465.0
2025-07-28 12:15:00,225.15,225.33,225.15,225.32,7268.0
2025-07-28 12:20:00,225.34,225.39,225.21,225.39,5365.0
2025-07-28 12:25:00,225.4,225.43,225.27,225.31,9699.0
2025-07-28 12:30:00,225.28,225.34,225.19,225.32,9869.0
2025-07-28 12:35:00,225.3,225.58,225.3,225.56,11785.0
2025-07-28 12:40:00,225.56,225.7,225.56,225.67,18362.0
2025-07-28 12:45:00,225.7,225.79,225.69,225.77,11079.0
2025-07-28 12:50:00,225.79,225.83,225.74,225.76,13150.0
2025-07-28 12:55:00,225.75,225.89,225.75,225.88,14473.0
2025-07-28 13:00:00,225.91,225.93,225.73,225.73,21468.0
2025-07-28 13:05:00,225.71,225.73,225.57,225.6,26095.0
2025-07-28 13:10:00,225.55,225.57,225.4,225.5,16592.0
2025-07-28 13:15:00,225.51,225.61,225.39,225.41,22784.0
2025-07-28 13:20:00,225.3701,225.55,225.3701,225.47,29612.0
2025-07-28 13:25:00,225.49,225.53,225.21,225.32,61930.0
2025-07-28 13:30:00,225.32,225.44,224.63,224.68,1319229.0
2025-07-28 13:35:00,224.69,224.93,224.52,224.53,754982.0
2025-07-28 13:40:00,224.54,224.605,224.3,224.55,478452.0
2025-07-28 13:45:00,224.55,224.725,224.16,224.29,519492.0
2025-07-28 13:50:00,224.295,224.4,224.0599,224.1802,456345.0
2025-07-28 13:55:00,224.18,224.21,223.83,224.02,422256.0
2025-07-28 14:00:00,224.01,224.39,223.94,224.3899,510530.0
2025-07-28 14:05:00,224.39,224.74,224.32,224.32,483995.0
2025-07-28 14:10:00,224.32,224.585,224.27,224.5387,288467.0
2025-07-28 14:15:00,224.53,224.53,224.16,224.245,351933.0
2025-07-28 14:20:00,224.25,224.365,223.95,223.9799,313760.0
2025-07-28 14:25:00,223.965,224.2402,223.89,224.19,290959.0
2025-07-28 14:30:00,224.19,224.32,224.09,224.175,339561.0
2025-07-28 14:35:00,224.16,224.21,224.0,224.08,189864.0
2025-07-28 14:40:00,224.08,224.3799,224.06,224.37,233363.0
2025-07-28 14:45:00,224.365,224.385,224.225,224.365,152803.0
2025-07-28 14:50:00,224.36,224.415,224.2,224.24,228919.0
2025-07-28 14:55:00,224.24,224.355,224.11,224.315,212519.0
2025-07-28 15:00:00,224.3,224.38,224.13,224.275,194738.0
2025-07-28 15:05:00,224.27,224.33,224.13,224.1399,284721.0
2025-07-28 15:10:00,224.13,224.26,224.04,224.2335,148196.0
2025-07-28 15:15:00,224.2287,224.325,223.775,223.92,267446.0
2025-07-28 15:20:00,223.92,224.08,223.72,223.905,269683.0
2025-07-28 15:25:00,223.9,223.92,223.64,223.83,299560.0
2025-07-28 15:30:00,223.82,223.95,223.79,223.94,129949.0
2025-07-28 15:35:00,223.95,224.12,223.92,223.97,163813.0
2025-07-28 15:40:00,223.98,224.115,223.975,224.115,91407.0
2025-07-28 15:45:00,224.115,224.255,224.045,224.255,119506.0
2025-07-28 15:50:00,224.24,224.29,224.155,224.27,121177.0
2025-07-28 15:55:00,224.26,224.325,224.19,224.32,110456.0
2025-07-28 16:00:00,224.305,224.465,224.24,224.45,190015.0
2025-07-29 09:30:00,224.85,224.85,224.85,224.85,240.0
2025-07-29 09:45:00,224.93,224.93,224.93,224.93,125.0
2025-07-29 09:50:00,224.99,224.99,224.99,224.99,2666.0
2025-07-29 09:55:00,224.95,225.01,224.85,225.01,15247.0
2025-07-29 10:00:00,225.04,225.15,225.04,225.12,3307.0
2025-07-29 10:05:00,225.17,225.17,225.11,225.11,4118.0
2025-07-29 10:10:00,225.12,225.12,225.12,225.12,1000.0
2025-07-29 10:15:00,225.21,225.21,225.2,225.2,541.0
2025-07-29 10:20:00,225.22,225.24,225.21,225.22,3311.0
2025-07-29 10:30:00,225.2,225.35,225.2,225.29,18015.0
2025-07-29 10:35:00,225.29,225.29,225.26,225.28,2550.0
2025-07-29 10:40:00,225.28,225.36,225.27,225.32,4359.0
2025-07-29 10:45:00,225.3,225.3,225.3,225.3,261.0
2025-07-29 10:50:00,225.3,225.32,225.3,225.31,2516.0
2025-07-29 10:55:00,225.3,225.3,225.3,225.3,347.0
2025-07-29 11:00:00,225.32,225.35,225.19,225.19,8258.0
2025-07-29 11:05:00,225.2,225.2,225.1,225.11,2221.0
2025-07-29 11:10:00,225.09,225.12,225.09,225.09,2864.0
2025-07-29 11:15:00,225.09,225.1,225.02,225.02,1567.0
2025-07-29 11:20:00,225.03,225.03,224.96,224.999,4659.0
2025-07-29 11:25:00,224.97,225.01,224.96,225.01,495.0
2025-07-29 11:30:00,225.05,225.07,225.04,225.05,10857.0
2025-07-29 11:35:00,225.08,225.08,225.0,225.0,4388.0
2025-07-29 11:40:00,224.96,225.06,224.94,225.06,3981.0
2025-07-29 11:45:00,225.08,225.17,225.08,225.17,2578.0
2025-07-29 11:50:00,225.14,225.14,225.14,225.14,356.0
2025-07-29 11:55:00,225.18,225.24,225.18,225.21,2720.0
2025-07-29 12:00:00,224.9,225.3304,224.48,225.16,14878.0
2025-07-29 12:05:00,225.17,225.27,225.16,225.25,17837.0
2025-07-29 12:10:00,225.27,225.5,225.27,225.46,10277.0
2025-07-29 12:15:00,225.43,225.66,225.43,225.65,35624.0
2025-07-29 12:20:00,225.63,225.63,225.27,225.33,12289.0
2025-07-29 12:25:00,225.37,225.48,225.37,225.4399,9270.0
2025-07-29 12:30:00,225.42,225.43,225.35,225.38,13604.0
2025-07-29 12:35:00,225.38,225.47,225.34,225.46,10778.0
2025-07-29 12:40:00,225.45,225.61,225.45,225.61,25445.0
2025-07-29 12:45:00,225.62,225.62,225.49,225.58,12854.0
2025-07-29 12:50:00,225.59,225.6,225.47,225.49,20550.0
2025-07-29 12:55:00,225.46,225.53,225.42,225.42,15559.0
2025-07-29 13:00:00,225.39,225.59,225.37,225.54,26067.0
2025-07-29 13:05:00,225.51,225.63,225.51,225.57,32402.0
2025-07-29 13:10:00,225.57,225.57,225.46,225.49,11605.0
2025-07-29 13:15:00,225.48,225.58,225.45,225.49,28905.0
2025-07-29 13:20:00,225.51,225.63,225.51,225.54,23273.0
2025-07-29 13:25:00,225.55,225.71,225.53,225.61,123981.0
2025-07-29 13:30:00,225.61,225.69,225.06,225.2,1332349.0
2025-07-29 13:35:00,225.2,225.27,224.98,225.25,694704.0
2025-07-29 13:40:00,225.25,225.26,224.57,224.755,524891.0
2025-07-29 13:45:00,224.76,224.99,224.39,224.495,547511.0
2025-07-29 13:50:00,224.49,224.63,224.365,224.5,539970.0
2025-07-29 13:55:00,224.49,224.561,224.28,224.43,352492.0
2025-07-29 14:00:00,224.46,224.62,224.3,224.42,398057.0
2025-07-29 14:05:00,224.42,224.58,224.32,224.45,203480.0
2025-07-29 14:10:00,224.45,224.77,224.34,224.64,263023.0
2025-07-29 14:15:00,224.65,224.78,224.52,224.71,309708.0
2025-07-29 14:20:00,224.72,224.74,224.485,224.68,161099.0
2025-07-29 14:25:00,224.67,224.68,224.44,224.54,222084.0
2025-07-29 14:30:00,224.54,224.72,224.375,224.435,270621.0
2025-07-29 14:35:00,224.435,224.5301,224.28,224.35,252103.0
2025-07-29 14:40:00,224.34,224.48,224.09,224.09,214172.0
2025-07-29 14:45:00,224.095,224.21,224.06,224.15,254087.0
2025-07-29 14:50:00,224.14,224.27,223.865,223.88,291700.0
2025-07-29 14:55:00,223.87,223.87,223.66,223.75,449888.0
2025-07-29 15:00:00,223.74,223.94,223.595,223.74,367116.0
2025-07-29 15:05:00,223.74,223.78,223.54,223.54,275717.0
2025-07-29 15:10:00,223.55,223.7305,223.47,223.5,250564.0
2025-07-29 15:15:00,223.52,223.56,223.275,223.3,221700.0
2025-07-29 15:20:00,223.28,223.305,222.95,223.115,469214.0
2025-07-29 15:25:00,223.115,223.145,222.51,222.64,731555.0
2025-07-29 15:30:00,222.62,222.81,222.42,222.67,827872.0
2025-07-29 15:35:00,222.665,222.71,222.37,222.385,370208.0
2025-07-29 15:40:00,222.38,222.45,222.055,222.44,701956.0
2025-07-29 15:45:00,222.44,222.77,222.44,222.7,541593.0
2025-07-29 15:50:00,222.705,223.04,222.66,222.97,615358.0
2025-07-29 15:55:00,222.98,223.02,222.82,222.83,231663.0
2025-07-29 16:00:00,222.82,222.91,222.64,222.77,312161.0
2025-07-30 09:30:00,223.39,223.39,223.37,223.37,398.0
2025-07-30 09:35:00,223.37,223.4,223.32,223.4,645.0
2025-07-30 09:40:00,223.47,223.5,223.42,223.42,1661.0
2025-07-30 09:45:00,223.44,223.5,223.44,223.5,370.0
2025-07-30 09:50:00,223.5,223.5,223.42,223.48,1685.0
2025-07-30 09:55:00,223.51,223.69,223.51,223.69,1615.0
2025-07-30 10:00:00,223.71,223.72,223.71,223.72,2015.0
2025-07-30 10:05:00,223.66,223.72,223.66,223.67,4053.0
2025-07-30 10:10:00,223.72,223.72,223.63,223.63,1218.0
2025-07-30 10:15:00,223.66,223.66,223.55,223.6,1350.0
2025-07-30 10:20:00,223.58,223.58,223.51,223.53,1948.0
2025-07-30 10:25:00,223.47,223.55,223.44,223.55,4730.0
2025-07-30 10:30:00,223.47,223.55,223.47,223.55,2223.0
2025-07-30 10:35:00,223.56,223.56,223.56,223.56,220.0
2025-07-30 10:40:00,223.6,223.6,223.6,223.6,230.0
2025-07-30 10:45:00,223.59,223.6,223.59,223.6,779.0
2025-07-30 10:50:00,223.61,223.61,223.58,223.58,906.0
2025-07-30 10:55:00,223.62,223.67,223.58,223.67,6982.0
2025-07-30 11:00:00,223.69,223.69,223.51,223.51,10589.0
2025-07-30 11:05:00,223.5,223.54,223.48,223.51,3184.0
2025-07-30 11:10:00,223.51,223.57,223.49,223.49,3253.0
2025-07-30 11:15:00,223.5,223.51,223.45,223.45,2573.0
2025-07-30 11:20:00,223.44,223.46,223.421,223.46,1371.0
2025-07-30 11:25:00,223.52,223.55,223.52,223.55,1225.0
2025-07-30 11:30:00,223.54,223.54,223.54,223.54,274.0
2025-07-30 11:35:00,223.6,223.6,223.6,223.6,965.0
2025-07-30 11:40:00,223.62,223.65,223.5,223.5,4000.0
2025-07-30 11:45:00,223.64,223.68,223.64,223.64,1696.0
2025-07-30 11:50:00,223.69,223.7,223.62,223.62,4812.0
2025-07-30 11:55:00,223.63,223.8,223.63,223.76,53468.0
2025-07-30 12:00:00,223.56,223.72,223.09,223.64,45911.0
2025-07-30 12:05:00,223.64,223.65,223.31,223.31,9040.0
2025-07-30 12:10:00,223.24,223.43,223.22,223.4101,23330.0
2025-07-30 12:15:00,223.55,223.6,223.42,223.54,11886.0
2025-07-30 12:20:00,223.55,223.62,223.47,223.62,12111.0
2025-07-30 12:25:00,223.65,223.69,223.56,223.6,10749.0
2025-07-30 12:30:00,223.65,223.89,223.49,223.611,79930.0
2025-07-30 12:35:00,223.68,223.68,223.4,223.65,11223.0
2025-07-30 12:40:00,223.78,223.83,223.7699,223.8,13443.0
2025-07-30 12:45:00,223.76,223.84,223.62,223.84,14596.0
2025-07-30 12:50:00,223.8,223.91,223.79,223.83,18894.0
2025-07-30 12:55:00,223.8,223.8,223.69,223.72,10627.0
2025-07-30 13:00:00,223.72,223.72,223.55,223.55,2687.0
2025-07-30 13:05:00,223.49,223.58,223.49,223.58,4732.0
2025-07-30 13:10:00,223.6,223.66,223.58,223.65,6027.0
2025-07-30 13:15:00,223.6,223.731,223.6,223.66,16951.0
2025-07-30 13:20:00,223.67,223.67,223.54,223.61,5588.0
2025-07-30 13:25:00,223.6105,223.69,223.55,223.63,26180.0
2025-07-30 13:30:00,223.66,223.92,223.325,223.79,1091564.0
2025-07-30 13:35:00,223.8,223.88,223.55,223.58,595492.0
2025-07-30 13:40:00,223.57,223.67,223.32,223.505,543921.0
2025-07-30 13:45:00,223.5,223.78,223.27,223.34,477462.0
2025-07-30 13:50:00,223.34,223.79,223.32,223.7613,313575.0
2025-07-30 13:55:00,223.76,223.975,223.71,223.81,260403.0
2025-07-30 14:00:00,223.82,223.92,223.56,223.665,225834.0
2025-07-30 14:05:00,223.67,223.9,223.635,223.695,305904.0
2025-07-30 14:10:00,223.69,223.8,223.56,223.75,264359.0
2025-07-30 14:15:00,223.74,224.14,223.735,224.14,351110.0
2025-07-30 14:20:00,224.15,224.25,224.0,224.1299,302207.0
2025-07-30 14:25:00,224.11,224.26,223.9244,224.23,235974.0
2025-07-30 14:30:00,224.23,224.47,224.2,224.395,318839.0
2025-07-30 14:35:00,224.39,224.46,224.29,224.42,323804.0
2025-07-30 14:40:00,224.4207,224.46,224.25,224.32,202341.0
2025-07-30 14:45:00,224.325,224.425,224.26,224.36,175465.0
2025-07-30 14:50:00,224.37,224.42,224.29,224.3,286638.0
2025-07-30 14:55:00,224.2901,224.385,224.225,224.38,224050.0
2025-07-30 15:00:00,224.37,224.5368,224.215,224.245,453516.0
2025-07-30 15:05:00,224.25,224.275,223.93,223.945,445112.0
2025-07-30 15:10:00,223.945,224.01,223.7,223.8,222230.0
2025-07-30 15:15:00,223.78,224.04,223.76,223.89,261367.0
2025-07-30 15:20:00,223.9,223.95,223.77,223.83,206821.0
2025-07-30 15:25:00,223.82,223.9,223.74,223.8,156439.0
2025-07-30 15:30:00,223.8,223.92,223.645,223.71,151330.0
2025-07-30 15:35:00,223.71,223.85,223.585,223.635,156695.0
2025-07-30 15:40:00,223.625,223.87,223.62,223.83,205517.0
2025-07-30 15:45:00,223.82,223.82,223.66,223.705,175950.0
2025-07-30 15:50:00,223.7019,223.92,223.7,223.83,159200.0
2025-07-30 15:55:00,223.83,223.98,223.7501,223.98,137115.0
2025-07-30 16:00:00,223.99,224.0375,223.9,223.98,253885.0
2025-07-31 09:30:00,220.98,220.98,220.73,220.73,3423.0
2025-07-31 09:35:00,220.73,220.73,220.67,220.69,4913.0
2025-07-31 09:40:00,220.88,220.88,220.88,220.88,364.0
2025-07-31 09:45:00,220.84,220.88,220.83,220.88,962.0
2025-07-31 09:50:00,220.91,220.94,220.91,220.94,1031.0
2025-07-31 09:55:00,220.98,221.02,220.94,220.94,2818.0
2025-07-31 10:00:00,220.91,220.91,220.89,220.89,3503.0
2025-07-31 10:05:00,220.97,220.97,220.97,220.97,903.0
2025-07-31 10:10:00,220.84,220.84,220.79,220.8,3133.0
2025-07-31 10:15:00,220.85,220.85,220.85,220.85,654.0
2025-07-31 10:20:00,220.81,220.83,220.78,220.81,2328.0
2025-07-31 10:25:00,220.89,220.94,220.89,220.92,2918.0
2025-07-31 10:30:00,220.95,221.0,220.95,220.99,2568.0
2025-07-31 10:35:00,220.9,220.91,220.84,220.85,4647.0
2025-07-31 10:40:00,220.87,220.91,220.82,220.82,2649.0
2025-07-31 10:45:00,220.8,220.8,220.8,220.8,319.0
2025-07-31 10:50:00,220.78,220.78,220.55,220.57,6684.0
2025-07-31 10:55:00,220.55,220.56,220.5,220.5,7807.0
2025-07-31 11:00:00,220.51,220.65,220.44,220.59,24819.0
2025-07-31 11:05:00,220.62,220.62,220.53,220.54,8056.0
2025-07-31 11:10:00,220.52,220.6,220.38,220.59,56817.0
2025-07-31 11:15:00,220.59,220.65,220.55,220.65,7157.0
2025-07-31 11:20:00,220.62,220.635,220.49,220.5,30240.0
2025-07-31 11:25:00,220.48,220.52,220.4,220.4,20391.0
2025-07-31 11:30:00,220.41,220.53,220.41,220.45,7687.0
2025-07-31 11:35:00,220.45,220.53,220.35,220.51,12260.0
2025-07-31 11:40:00,220.49,220.49,220.36,220.38,5712.0
2025-07-31 11:45:00,220.42,220.45,220.26,220.41,12956.0
2025-07-31 11:50:00,220.38,220.44,220.33,220.38,11858.0
2025-07-31 11:55:00,220.33,220.37,220.27,220.37,19337.0
2025-07-31 12:00:00,220.52,221.48,220.272,220.4488,84533.0
2025-07-31 12:05:00,220.43,220.5,220.35,220.37,25567.0
2025-07-31 12:10:00,220.51,220.51,220.41,220.45,33164.0
2025-07-31 12:15:00,220.39,220.44,220.29,220.38,12581.0
2025-07-31 12:20:00,220.38,220.44,220.38,220.43,6623.0
2025-07-31 12:25:00,220.44,220.49,220.39,220.41,18530.0
2025-07-31 12:30:00,220.4,220.72,220.01,220.53,96908.0
2025-07-31 12:35:00,220.57,220.65,220.5,220.62,17769.0
2025-07-31 12:40:00,220.59,220.86,220.55,220.69,65082.0
2025-07-31 12:45:00,220.66,220.79,220.56,220.71,21298.0
2025-07-31 12:50:00,220.7,220.77,220.56,220.58,52889.0
2025-07-31 12:55:00,220.59,220.64,220.45,220.47,57043.0
2025-07-31 13:00:00,220.52,220.53,220.45,220.53,19126.0
2025-07-31 13:05:00,220.48,220.53,220.45,220.49,6729.0
2025-07-31 13:10:00,220.48,220.51,220.3109,220.3109,24867.0
2025-07-31 13:15:00,220.29,220.33,220.14,220.16,32168.0
2025-07-31 13:20:00,220.15,220.25,220.14,220.17,18384.0
2025-07-31 13:25:00,220.16,220.46,220.13,220.46,50533.0
2025-07-31 13:30:00,220.455,220.84,220.12,220.84,1790743.0
2025-07-31 13:35:00,220.84,221.125,220.31,220.34,1351537.0
2025-07-31 13:40:00,220.32,220.43,219.88,220.245,1048229.0
2025-07-31 13:45:00,220.25,221.1,219.97,220.91,1394349.0
2025-07-31 13:50:00,220.9,221.58,220.9,221.515,637187.0
2025-07-31 13:55:00,221.52,221.68,221.28,221.6,778274.0
2025-07-31 14:00:00,221.61,221.95,221.49,221.72,691045.0
2025-07-31 14:05:00,221.72,222.02,221.57,221.67,471114.0
2025-07-31 14:10:00,221.66,221.74,221.36,221.41,455757.0
2025-07-31 14:15:00,221.42,221.685,221.35,221.56,380967.0
2025-07-31 14:20:00,221.58,221.58,221.17,221.44,364220.0
2025-07-31 14:25:00,221.445,221.45,220.97,221.27,377813.0
2025-07-31 14:30:00,221.25,221.44,221.02,221.1,551343.0
2025-07-31 14:35:00,221.09,221.43,221.07,221.22,345357.0
2025-07-31 14:40:00,221.2,221.445,221.08,221.375,283135.0
2025-07-31 14:45:00,221.37,221.38,221.11,221.14,340100.0
2025-07-31 14:50:00,221.135,221.195,220.56,220.58,474433.0
2025-07-31 14:55:00,220.59,220.68,220.205,220.23,457006.0
2025-07-31 15:00:00,220.23,220.86,220.22,220.76,583538.0
2025-07-31 15:05:00,220.76,220.9,220.44,220.44,365500.0
2025-07-31 15:10:00,220.44,220.47,219.95,220.18,842241.0
2025-07-31 15:15:00,220.2,220.3,219.99,220.08,605200.0
2025-07-31 15:20:00,220.08,220.3,219.89,220.07,615998.0
2025-07-31 15:25:00,220.06,220.43,220.04,220.31,501150.0
2025-07-31 15:30:00,220.31,220.83,220.22,220.605,237091.0
2025-07-31 15:35:00,220.59,220.8787,220.57,220.8787,228244.0
2025-07-31 15:40:00,220.88,221.02,220.79,220.92,253985.0
2025-07-31 15:45:00,220.91,221.01,220.77,220.77,201123.0
2025-07-31 15:50:00,220.79,221.01,220.79,220.95,148937.0
2025-07-31 15:55:00,220.94,220.97,220.77,220.9,195920.0
2025-07-31 16:00:00,220.9,220.97,220.76,220.78,311244.0
2025-08-01 09:30:00,216.22,216.36,216.22,216.3,2385.0
2025-08-01 09:35:00,216.31,216.36,216.3,216.36,1194.0
2025-08-01 09:40:00,216.45,216.58,216.45,216.53,3626.0
2025-08-01 09:45:00,216.58,216.64,216.54,216.62,3376.0
2025-08-01 09:50:00,216.54,216.57,216.49,216.49,3448.0
2025-08-01 09:55:00,216.46,216.53,216.46,216.46,2787.0
2025-08-01 10:00:00,216.42,216.44,216.31,216.38,4956.0
2025-08-01 10:05:00,216.33,216.33,216.2,216.2,3169.0
2025-08-01 10:10:00,216.34,216.4,216.34,216.38,1827.0
2025-08-01 10:15:00,216.42,216.42,216.35,216.35,1466.0
2025-08-01 10:20:00,216.2,216.2,216.18,216.2,2699.0
2025-08-01 10:25:00,216.24,216.39,216.19,216.39,5400.0
2025-08-01 10:30:00,216.28,216.38,216.28,216.29,21251.0
2025-08-01 10:35:00,216.23,216.23,216.14,216.15,5079.0
2025-08-01 10:40:00,216.17,216.18,215.89,215.93,9035.0
2025-08-01 10:45:00,215.98,216.15,215.78,215.78,8676.0
2025-08-01 10:50:00,215.86,215.92,215.7,215.74,16763.0
2025-08-01 10:55:00,215.69,216.02,215.69,216.02,20971.0
2025-08-01 11:00:00,216.01,216.12,215.96,216.04,41204.0
2025-08-01 11:05:00,216.1,216.21,216.07,216.2,10978.0
2025-08-01 11:10:00,216.25,216.9,216.25,216.43,41875.0
2025-08-01 11:15:00,216.43,216.55,216.43,216.53,10892.0
2025-08-01 11:20:00,216.48,216.63,216.42,216.57,14104.0
2025-08-01 11:25:00,216.54,216.54,216.5,216.54,6163.0
2025-08-01 11:30:00,216.52,216.63,216.51,216.6,5633.0
2025-08-01 11:35:00,216.57,216.6,216.43,216.49,8661.0
2025-08-01 11:40:00,216.45,216.55,216.44,216.45,7954.0
2025-08-01 11:45:00,216.49,216.6,216.43,216.465,24929.0
2025-08-01 11:50:00,216.465,216.57,216.44,216.46,40736.0
2025-08-01 11:55:00,216.57,216.61,216.53,216.61,5360.0
2025-08-01 12:00:00,216.02,219.46,216.01,216.83,92561.0
2025-08-01 12:05:00,216.83,216.92,216.76,216.82,21369.0
2025-08-01 12:10:00,216.81,216.94,216.74,216.801,12722.0
2025-08-01 12:15:00,216.8,216.8,216.5,216.6,52315.0
2025-08-01 12:20:00,216.59,216.85,216.58,216.85,85071.0
2025-08-01 12:25:00,216.83,216.84,216.58,216.65,185879.0
2025-08-01 12:30:00,216.55,216.86,215.0,215.0,509922.0
2025-08-01 12:35:00,214.99,216.15,214.13,215.74,501816.0
2025-08-01 12:40:00,215.84,216.51,215.82,216.18,207743.0
2025-08-01 12:45:00,216.1,216.39,215.57,215.97,61153.0
2025-08-01 12:50:00,216.04,216.25,215.45,215.45,64223.0
2025-08-01 12:55:00,215.46,215.68,215.22,215.46,50925.0
2025-08-01 13:00:00,215.5,215.7,215.42,215.67,59994.0
2025-08-01 13:05:00,215.71,215.75,215.36,215.44,25533.0
2025-08-01 13:10:00,215.43,215.56,215.24,215.38,63341.0
2025-08-01 13:15:00,215.41,215.7,215.36,215.66,72881.0
2025-08-01 13:20:00,215.62,215.73,215.47,215.64,50517.0
2025-08-01 13:25:00,215.6,216.19,215.41,216.17,66229.0
2025-08-01 13:30:00,216.22,216.31,215.19,215.43,2546643.0
2025-08-01 13:35:00,215.42,215.71,215.03,215.06,1587061.0
2025-08-01 13:40:00,215.04,215.115,214.22,214.28,1366525.0
2025-08-01 13:45:00,214.275,214.61,213.83,213.84,1346705.0
2025-08-01 13:50:00,213.84,213.97,213.34,213.55,1120629.0
2025-08-01 13:55:00,213.55,213.79,212.89,213.23,997894.0
2025-08-01 14:00:00,213.265,213.44,212.34,212.77,1692824.0
2025-08-01 14:05:00,212.78,213.32,212.375,213.28,1374116.0
2025-08-01 14:10:00,213.26,214.485,213.155,213.96,1922624.0
2025-08-01 14:15:00,213.95,214.69,213.92,214.48,878316.0
2025-08-01 14:20:00,214.5,214.82,214.32,214.79,869485.0
2025-08-01 14:25:00,214.79,215.045,214.44,214.95,692033.0
2025-08-01 14:30:00,214.95,215.159,214.68,215.08,625597.0
2025-08-01 14:35:00,215.06,215.155,214.54,214.54,545510.0
2025-08-01 14:40:00,214.56,214.8,214.39,214.45,907096.0
2025-08-01 14:45:00,214.45,215.22,214.355,214.59,836629.0
2025-08-01 14:50:00,214.55,214.69,214.12,214.375,559474.0
2025-08-01 14:55:00,214.38,214.6301,214.16,214.18,466883.0
2025-08-01 15:00:00,214.17,214.42,213.96,214.09,672805.0
2025-08-01 15:05:00,214.09,214.52,214.065,214.34,390133.0
2025-08-01 15:10:00,214.35,214.74,214.15,214.24,593967.0
2025-08-01 15:15:00,214.24,214.7,214.0,214.07,758899.0
2025-08-01 15:20:00,214.06,214.35,213.93,213.94,506794.0
2025-08-01 15:25:00,213.94,214.04,213.66,213.89,648419.0
2025-08-01 15:30:00,213.87,214.2,213.81,213.92,647273.0
2025-08-01 15:35:00,213.92,214.75,213.9,214.72,815145.0
2025-08-01 15:40:00,214.72,215.24,214.665,215.2,410481.0
2025-08-01 15:45:00,215.2,215.48,215.16,215.47,620969.0
2025-08-01 15:50:00,215.48,215.67,215.35,215.56,496948.0
2025-08-01 15:55:00,215.55,215.78,215.5,215.68,364924.0
2025-08-01 16:00:00,215.67,216.16,215.64,216.06,608306.0
2025-08-04 09:30:00,216.94,216.96,216.88,216.96,2005.0
2025-08-04 09:35:00,216.96,217.05,216.96,217.04,2613.0
2025-08-04 09:40:00,216.99,216.99,216.96,216.96,774.0
2025-08-04 09:45:00,216.93,216.93,216.69,216.69,8262.0
2025-08-04 09:50:00,216.76,216.78,216.75,216.78,1345.0
2025-08-04 09:55:00,216.75,216.75,216.7,216.7,1234.0
2025-08-04 10:00:00,216.73,216.73,216.67,216.68,2486.0
2025-08-04 10:05:00,216.69,216.86,216.69,216.86,3093.0
2025-08-04 10:10:00,216.89,216.89,216.82,216.82,3319.0
2025-08-04 10:15:00,216.78,216.78,216.61,216.61,5746.0
2025-08-04 10:20:00,216.67,216.7,216.65,216.67,5418.0
2025-08-04 10:25:00,216.67,216.68,216.62,216.66,5969.0
2025-08-04 10:30:00,216.66,216.73,216.66,216.73,3647.0
2025-08-04 10:35:00,216.77,216.77,216.51,216.57,6077.0
2025-08-04 10:40:00,216.57,216.64,216.57,216.58,21604.0
2025-08-04 10:45:00,216.5,216.52,216.46,216.46,29494.0
2025-08-04 10:50:00,216.47,216.6,216.45,216.45,7014.0
2025-08-04 10:55:00,216.47,216.51,216.41,216.49,3150.0
2025-08-04 11:00:00,216.44,216.54,216.3,216.34,19876.0
2025-08-04 11:05:00,216.37,216.37,216.19,216.27,13842.0
2025-08-04 11:10:00,216.31,216.36,216.23,216.26,1937.0
2025-08-04 11:15:00,216.33,216.38,216.33,216.36,1176.0
2025-08-04 11:20:00,216.26,216.33,216.26,216.33,2149.0
2025-08-04 11:25:00,216.38,216.47,216.37,216.47,12342.0
2025-08-04 11:30:00,216.47,216.54,216.45,216.48,10786.0
2025-08-04 11:35:00,216.439,216.44,216.35,216.35,1534.0
2025-08-04 11:40:00,216.4,216.42,216.4,216.42,1289.0
2025-08-04 11:45:00,216.35,216.45,216.3,216.3,540.0
2025-08-04 11:50:00,216.31,216.36,216.23,216.23,5303.0
2025-08-04 11:55:00,216.23,216.24,216.05,216.16,6388.0
2025-08-04 12:00:00,216.25,216.49,215.59,216.3,25423.0
2025-08-04 12:05:00,216.29,216.34,216.23,216.24,3133.0
2025-08-04 12:10:00,216.25,216.34,216.25,216.3,12191.0
2025-08-04 12:15:00,216.28,216.39,216.2,216.37,18140.0
2025-08-04 12:20:00,216.37,216.53,216.37,216.5299,8878.0
2025-08-04 12:25:00,216.5,216.57,216.5,216.53,11600.0
2025-08-04 12:30:00,216.53,216.63,216.5,216.52,13859.0
2025-08-04 12:35:00,216.53,216.53,216.41,216.41,22148.0
2025-08-04 12:40:00,216.44,216.47,216.32,216.32,6006.0
2025-08-04 12:45:00,216.34,216.39,216.31,216.37,8429.0
2025-08-04 12:50:00,216.37,216.37,216.29,216.33,8068.0
2025-08-04 12:55:00,216.35,216.38,216.32,216.33,4511.0
2025-08-04 13:00:00,216.32,216.32,216.24,216.26,9845.0
2025-08-04 13:05:00,216.29,216.3,216.22,216.29,17022.0
2025-08-04 13:10:00,216.32,216.48,216.32,216.4,7166.0
2025-08-04 13:15:00,216.41,216.43,216.33,216.33,6719.0
2025-08-04 13:20:00,216.31,216.44,216.31,216.44,10106.0
2025-08-04 13:25:00,216.44,216.58,216.36,216.54,41377.0
2025-08-04 13:30:00,216.55,216.84,216.08,216.53,1557707.0
2025-08-04 13:35:00,216.54,216.77,216.4,216.77,1058327.0
2025-08-04 13:40:00,216.765,216.77,216.245,216.53,765966.0
2025-08-04 13:45:00,216.53,217.0199,216.5,216.9,692774.0
2025-08-04 13:50:00,216.91,216.93,216.54,216.71,428500.0
2025-08-04 13:55:00,216.72,216.79,216.56,216.74,317755.0
2025-08-04 14:00:00,216.75,217.13,216.75,217.065,787403.0
2025-08-04 14:05:00,217.06,217.32,216.78,216.95,675576.0
2025-08-04 14:10:00,216.95,217.2,216.81,217.13,534648.0
2025-08-04 14:15:00,217.14,217.42,217.14,217.25,389883.0
2025-08-04 14:20:00,217.25,217.66,217.145,217.66,327714.0
2025-08-04 14:25:00,217.65,217.74,217.48,217.605,395061.0
2025-08-04 14:30:00,217.605,217.64,217.4,217.435,702779.0
2025-08-04 14:35:00,217.44,217.71,216.5,217.65,479992.0
2025-08-04 14:40:00,217.65,217.66,217.32,217.35,336115.0
2025-08-04 14:45:00,217.34,217.66,217.23,217.54,393394.0
2025-08-04 14:50:00,217.53,217.62,217.175,217.345,972208.0
2025-08-04 14:55:00,217.35,217.5479,217.29,217.53,242982.0
2025-08-04 15:00:00,217.53,217.785,217.35,217.62,275195.0
2025-08-04 15:05:00,217.61,217.89,217.525,217.8315,289009.0
2025-08-04 15:10:00,217.84,218.15,217.8,218.12,407733.0
2025-08-04 15:15:00,218.11,218.12,217.86,217.87,508125.0
2025-08-04 15:20:00,217.86,217.955,217.665,217.9,246983.0
2025-08-04 15:25:00,217.88,218.095,217.87,217.8803,172345.0
2025-08-04 15:30:00,217.88,218.02,217.865,217.885,255303.0
2025-08-04 15:35:00,217.88,218.05,217.82,217.82,280645.0
2025-08-04 15:40:00,217.83,217.865,217.61,217.73,312033.0
2025-08-04 15:45:00,217.735,217.885,217.69,217.875,367538.0
2025-08-04 15:50:00,217.87,218.07,217.82,218.07,282064.0
2025-08-04 15:55:00,218.06,218.265,218.03,218.2125,295812.0
2025-08-04 16:00:00,218.22,218.295,218.095,218.18,262262.0
2025-08-05 09:30:00,220.36,220.37,220.36,220.37,645.0
2025-08-05 09:35:00,220.42,220.51,220.42,220.51,1460.0
2025-08-05 09:40:00,220.48,220.48,220.47,220.47,525.0
2025-08-05 09:45:00,220.45,220.45,220.45,220.45,560.0
2025-08-05 09:50:00,220.41,220.41,220.36,220.36,2072.0
2025-08-05 09:55:00,220.4,220.4,220.4,220.4,100.0
2025-08-05 10:00:00,220.46,220.46,220.43,220.43,790.0
2025-08-05 10:05:00,220.54,220.71,220.54,220.7,2939.0
2025-08-05 10:10:00,220.61,220.67,220.61,220.67,1323.0
2025-08-05 10:15:00,220.6,220.61,220.5,220.5,1668.0
2025-08-05 10:20:00,220.55,220.55,220.55,220.55,1385.0
2025-08-05 10:25:00,220.56,220.8,220.56,220.6,12781.0
2025-08-05 10:30:00,220.65,220.66,220.6,220.61,4236.0
2025-08-05 10:35:00,220.63,220.63,220.6,220.6,2879.0
2025-08-05 10:40:00,220.6,220.6,220.6,220.6,450.0
2025-08-05 10:45:00,220.63,220.63,220.51,220.51,1830.0
2025-08-05 10:55:00,220.78,220.79,220.75,220.75,1312.0
2025-08-05 11:00:00,220.65,220.65,220.59,220.59,2524.0
2025-08-05 11:10:00,220.759,220.88,220.75,220.85,6099.0
2025-08-05 11:15:00,220.83,220.83,220.81,220.81,1307.0
2025-08-05 11:20:00,220.79,220.79,220.75,220.77,1180.0
2025-08-05 11:25:00,220.81,220.81,220.71,220.72,3270.0
2025-08-05 11:30:00,220.7,220.7,220.55,220.63,2163.0
2025-08-05 11:35:00,220.74,220.74,220.63,220.65,1576.0
2025-08-05 11:40:00,220.67,220.8,220.66,220.8,4627.0
2025-08-05 11:45:00,220.87,220.94,220.82,220.82,4107.0
2025-08-05 11:50:00,220.8,221.0,220.78,221.0,3180.0
2025-08-05 11:55:00,220.97,220.99,220.88,220.94,19587.0
2025-08-05 12:00:00,220.76,221.1798,220.14,221.1798,26336.0
2025-08-05 12:05:00,221.2,221.2,220.91,220.94,5637.0
2025-08-05 12:10:00,220.95,221.16,220.9,221.13,15635.0
2025-08-05 12:15:00,221.11,221.11,220.65,220.98,42932.0
2025-08-05 12:20:00,220.99,221.01,220.73,220.78,57542.0
2025-08-05 12:25:00,220.84,220.86,220.54,220.57,13863.0
2025-08-05 12:30:00,220.56,220.56,220.31,220.46,37378.0
2025-08-05 12:35:00,220.46,220.56,220.41,220.44,13400.0
2025-08-05 12:40:00,220.43,220.46,220.37,220.43,17468.0
2025-08-05 12:45:00,220.39,220.5,220.36,220.47,25196.0
2025-08-05 12:50:00,220.56,220.6,220.45,220.53,18294.0
2025-08-05 12:55:00,220.55,220.6,220.52,220.56,31549.0
2025-08-05 13:00:00,220.53,220.59,220.35,220.37,6875.0
2025-08-05 13:05:00,220.34,220.43,220.32,220.38,21392.0
2025-08-05 13:10:00,220.37,220.42,220.33,220.35,14265.0
2025-08-05 13:15:00,220.31,220.49,220.3,220.49,10457.0
2025-08-05 13:20:00,220.43,220.51,220.41,220.47,8275.0
2025-08-05 13:25:00,220.47,220.64,220.33,220.63,32277.0
2025-08-05 13:30:00,220.56,220.56,219.9,220.03,1236436.0
2025-08-05 13:35:00,220.04,220.62,220.02,220.52,420981.0
2025-08-05 13:40:00,220.52,220.72,220.3,220.63,357829.0
2025-08-05 13:45:00,220.62,221.035,220.61,220.9293,669508.0
2025-08-05 13:50:00,220.93,221.26,220.7601,221.21,367980.0
2025-08-05 13:55:00,221.205,221.205,220.69,221.11,402384.0
2025-08-05 14:00:00,221.05,221.11,220.33,220.59,1343607.0
2025-08-05 14:05:00,220.58,220.585,220.0,220.575,1174898.0
2025-08-05 14:10:00,220.58,220.85,220.17,220.24,830219.0
2025-08-05 14:15:00,220.28,220.42,220.04,220.265,470602.0
2025-08-05 14:20:00,220.26,220.26,219.6,219.6,622415.0
2025-08-05 14:25:00,219.62,219.87,219.4,219.625,406670.0
2025-08-05 14:30:00,219.625,219.63,219.255,219.275,404498.0
2025-08-05 14:35:00,219.275,219.3093,218.91,219.01,609656.0
2025-08-05 14:40:00,218.99,219.12,218.46,218.62,553682.0
2025-08-05 14:45:00,218.61,218.69,218.235,218.26,640531.0
2025-08-05 14:50:00,218.26,218.85,218.26,218.58,564323.0
2025-08-05 14:55:00,218.57,219.015,218.53,218.99,264542.0
2025-08-05 15:00:00,218.99,219.38,218.81,219.22,314759.0
2025-08-05 15:05:00,219.24,219.39,219.215,219.32,482747.0
2025-08-05 15:10:00,219.29,219.45,219.06,219.4199,464021.0
2025-08-05 15:15:00,219.43,219.51,219.16,219.24,217558.0
2025-08-05 15:20:00,219.24,219.52,219.2001,219.3,238520.0
2025-08-05 15:25:00,219.32,219.41,219.14,219.31,176313.0
2025-08-05 15:30:00,219.31,219.395,219.06,219.17,325952.0
2025-08-05 15:35:00,219.16,219.22,218.845,219.1,244154.0
2025-08-05 15:40:00,219.09,219.22,219.02,219.17,180860.0
2025-08-05 15:45:00,219.14,219.37,219.07,219.08,174970.0
2025-08-05 15:50:00,219.07,219.295,218.88,219.29,146224.0
2025-08-05 15:55:00,219.28,219.485,219.24,219.45,140683.0
2025-08-05 16:00:00,219.44,219.65,219.39,219.6456,332456.0
2025-08-06 09:30:00,221.8,221.8,221.77,221.79,1011.0
2025-08-06 09:35:00,221.69,221.69,221.69,221.69,703.0
2025-08-06 09:40:00,221.65,221.75,221.65,221.75,1696.0
2025-08-06 09:45:00,221.69,221.69,221.66,221.66,2277.0
2025-08-06 09:50:00,221.67,221.67,221.67,221.67,519.0
2025-08-06 09:55:00,221.71,221.77,221.66,221.75,4319.0
2025-08-06 10:00:00,221.68,221.77,221.63,221.64,3875.0
2025-08-06 10:05:00,221.62,221.68,221.61,221.67,3822.0
2025-08-06 10:10:00,221.87,221.94,221.87,221.94,1242.0
2025-08-06 10:15:00,221.92,221.94,221.73,221.73,2508.0
2025-08-06 10:20:00,221.81,221.81,221.59,221.67,2619.0
2025-08-06 10:25:00,221.68,221.75,221.67,221.75,1359.0
2025-08-06 10:30:00,221.7,221.7,221.7,221.7,100.0
2025-08-06 10:35:00,221.67,221.67,221.6,221.6,752.0
2025-08-06 10:40:00,221.68,221.69,221.59,221.59,5033.0
2025-08-06 10:45:00,221.55,221.57,221.46,221.46,2409.0
2025-08-06 10:50:00,221.5,221.67,221.48,221.67,2625.0
2025-08-06 10:55:00,221.7,221.75,221.7,221.75,1008.0
2025-08-06 11:00:00,221.65,221.79,221.62,221.68,11578.0
2025-08-06 11:05:00,221.65,221.74,221.5,221.74,5930.0
2025-08-06 11:10:00,221.74,221.82,221.64,221.71,3374.0
2025-08-06 11:15:00,221.69,221.69,221.65,221.65,1631.0
2025-08-06 11:20:00,221.68,221.72,221.57,221.57,2658.0
2025-08-06 11:25:00,221.57,221.59,221.57,221.59,687.0
2025-08-06 11:30:00,221.74,221.77,221.74,221.76,2511.0
2025-08-06 11:35:00,221.55,221.55,221.44,221.45,8585.0
2025-08-06 11:40:00,221.45,221.45,221.33,221.42,9652.0
2025-08-06 11:45:00,221.46,221.49,221.45,221.45,10543.0
2025-08-06 11:50:00,221.35,221.39,221.3,221.34,4063.0
2025-08-06 11:55:00,221.33,221.42,221.24,221.36,6470.0
2025-08-06 12:00:00,221.65,222.67,221.17,221.21,36208.0
2025-08-06 12:05:00,221.23,221.23,221.06,221.12,9986.0
2025-08-06 12:10:00,221.12,221.12,220.92,220.94,14526.0
2025-08-06 12:15:00,220.95,221.07,220.9,221.05,13880.0
2025-08-06 12:20:00,221.08,221.19,221.05,221.06,29435.0
2025-08-06 12:25:00,221.0,221.0,220.89,220.99,10680.0
2025-08-06 12:30:00,220.89,220.92,220.83,220.84,46606.0
2025-08-06 12:35:00,220.87,220.9,220.77,220.77,8320.0
2025-08-06 12:40:00,220.81,220.87,220.78,220.81,8517.0
2025-08-06 12:45:00,220.82,220.83,220.75,220.81,97505.0
2025-08-06 12:50:00,220.85,220.87,220.71,220.72,14425.0
2025-08-06 12:55:00,220.8,220.9,220.8,220.8599,6618.0
2025-08-06 13:00:00,220.95,221.08,220.9,221.05,29284.0
2025-08-06 13:05:00,221.04,221.17,221.03,221.14,11049.0
2025-08-06 13:10:00,221.16,221.23,221.1,221.23,10010.0
2025-08-06 13:15:00,221.2101,221.22,221.13,221.13,8907.0
2025-08-06 13:20:00,221.15,221.25,221.03,221.03,17155.0
2025-08-06 13:25:00,221.04,221.15,220.95,220.95,14661.0
2025-08-06 13:30:00,220.95,220.99,220.07,220.49,951478.0
2025-08-06 13:35:00,220.48,220.53,220.09,220.215,450893.0
2025-08-06 13:40:00,220.23,220.31,219.96,220.3,445383.0
2025-08-06 13:45:00,220.319,220.37,219.93,220.175,405804.0
2025-08-06 13:50:00,220.15,220.39,219.67,220.385,405324.0
2025-08-06 13:55:00,220.38,220.5,219.86,219.94,596933.0
2025-08-06 14:00:00,219.94,220.47,219.92,220.47,512321.0
2025-08-06 14:05:00,220.47,220.6,220.37,220.57,240961.0
2025-08-06 14:10:00,220.57,220.57,220.07,220.0751,304625.0
2025-08-06 14:15:00,220.1,220.29,219.88,220.18,257030.0
2025-08-06 14:20:00,220.2,220.355,219.56,219.7,402004.0
2025-08-06 14:25:00,219.71,219.82,219.5,219.75,274949.0
2025-08-06 14:30:00,219.75,219.75,219.38,219.54,316947.0
2025-08-06 14:35:00,219.53,219.995,219.51,219.93,276302.0
2025-08-06 14:40:00,219.92,220.18,219.73,219.84,421941.0
2025-08-06 14:45:00,219.845,219.975,219.66,219.69,245724.0
2025-08-06 14:50:00,219.69,220.21,219.66,220.19,157109.0
2025-08-06 14:55:00,220.2,220.35,220.2,220.32,197999.0
2025-08-06 15:00:00,220.32,220.44,220.235,220.32,221442.0
2025-08-06 15:05:00,220.32,220.32,220.01,220.21,196589.0
2025-08-06 15:10:00,220.22,220.26,219.84,220.11,156027.0
2025-08-06 15:15:00,220.11,220.56,220.0512,220.47,765547.0
2025-08-06 15:20:00,220.47,220.54,220.4,220.43,979245.0
2025-08-06 15:25:00,220.43,220.71,220.425,220.62,245918.0
2025-08-06 15:30:00,220.615,220.81,220.58,220.76,439341.0
2025-08-06 15:35:00,220.77,220.78,220.39,220.5,476526.0
2025-08-06 15:40:00,220.49,220.56,220.09,220.485,411578.0
2025-08-06 15:45:00,220.48,220.55,220.36,220.4,272217.0
2025-08-06 15:50:00,220.39,220.76,220.39,220.71,263774.0
2025-08-06 15:55:00,220.7,220.715,220.435,220.55,165596.0
2025-08-06 16:00:00,220.55,220.67,220.345,220.66,188488.0
2025-08-07 09:30:00,222.44,222.61,222.42,222.56,5507.0
2025-08-07 09:35:00,222.45,222.45,222.37,222.37,3361.0
2025-08-07 09:40:00,222.36,222.37,222.36,222.37,824.0
2025-08-07 09:45:00,222.46,222.5,222.45,222.45,1492.0
2025-08-07 09:50:00,222.46,222.53,222.46,222.53,1922.0
2025-08-07 09:55:00,222.53,222.53,222.5,222.5,3148.0
2025-08-07 10:00:00,222.53,222.61,222.48,222.61,4068.0
2025-08-07 10:05:00,222.63,222.65,222.57,222.63,9080.0
2025-08-07 10:10:00,222.65,222.65,222.54,222.62,3138.0
2025-08-07 10:15:00,222.68,222.78,222.63,222.72,8220.0
2025-08-07 10:20:00,222.72,222.75,222.49,222.49,3747.0
2025-08-07 10:25:00,222.46,222.56,222.46,222.56,2957.0
2025-08-07 10:30:00,222.55,222.6,222.52,222.6,4233.0
2025-08-07 10:35:00,222.64,222.7,222.62,222.7,5072.0
2025-08-07 10:40:00,222.73,222.74,222.69,222.69,2508.0
2025-08-07 10:45:00,222.79,222.81,222.75,222.8,5780.0
2025-08-07 10:50:00,222.75,222.85,222.75,222.85,4596.0
2025-08-07 10:55:00,222.86,222.87,222.76,222.76,16728.0
2025-08-07 11:00:00,222.77,222.92,222.5,222.59,25867.0
2025-08-07 11:05:00,222.59,222.63,222.49,222.61,5780.0
2025-08-07 11:10:00,222.62,222.69,222.56,222.61,8189.0
2025-08-07 11:15:00,222.67,222.87,222.67,222.87,9186.0
2025-08-07 11:20:00,222.89,222.96,222.8,222.93,15805.0
2025-08-07 11:25:00,222.99,223.02,222.88,222.88,9859.0
2025-08-07 11:30:00,222.88,222.94,222.79,222.79,18773.0
2025-08-07 11:35:00,222.82,222.84,222.7,222.84,15357.0
2025-08-07 11:40:00,222.85,222.9,222.72,222.72,5549.0
2025-08-07 11:45:00,222.81,222.81,222.77,222.79,13855.0
2025-08-07 11:50:00,222.78,222.79,222.6,222.65,28350.0
2025-08-07 11:55:00,222.66,222.66,222.55,222.55,37903.0
2025-08-07 12:00:00,221.7,222.9401,220.72,222.42,81945.0
2025-08-07 12:05:00,222.45,222.56,222.4,222.54,43877.0
2025-08-07 12:10:00,222.54,222.57,222.48,222.51,10959.0
2025-08-07 12:15:00,222.51,222.62,222.51,222.62,6612.0
2025-08-07 12:20:00,222.5806,222.5806,222.48,222.48,22877.0
2025-08-07 12:25:00,222.48,222.49,222.41,222.44,6176.0
2025-08-07 12:30:00,222.6,222.7,222.52,222.5398,12709.0
2025-08-07 12:35:00,222.58,222.6201,222.47,222.55,11364.0
2025-08-07 12:40:00,222.51,222.53,222.49,222.5,10652.0
2025-08-07 12:45:00,222.57,222.78,222.56,222.62,16145.0
2025-08-07 12:50:00,222.59,222.76,222.55,222.76,12927.0
2025-08-07 12:55:00,222.77,222.77,222.66,222.69,18710.0
2025-08-07 13:00:00,222.75,222.87,222.71,222.87,11544.0
2025-08-07 13:05:00,222.84,222.9,222.73,222.9,8734.0
2025-08-07 13:10:00,222.87,222.93,222.73,222.73,31483.0
2025-08-07 13:15:00,222.7,222.86,222.67,222.78,12666.0
2025-08-07 13:20:00,222.77,222.81,222.66,222.71,9892.0
2025-08-07 13:25:00,222.62,222.76,222.51,222.76,41768.0
2025-08-07 13:30:00,222.76,222.84,222.06,222.66,1407060.0
2025-08-07 13:35:00,222.69,222.69,222.22,222.44,952906.0
2025-08-07 13:40:00,222.44,222.61,221.95,222.05,589469.0
2025-08-07 13:45:00,222.06,222.07,221.53,221.63,545858.0
2025-08-07 13:50:00,221.65,221.725,221.145,221.27,642707.0
2025-08-07 13:55:00,221.26,221.61,221.11,221.54,776785.0
2025-08-07 14:00:00,221.55,221.71,220.93,220.93,527366.0
2025-08-07 14:05:00,220.92,221.14,220.68,220.77,567724.0
2025-08-07 14:10:00,220.76,220.82,220.52,220.6944,490246.0
2025-08-07 14:15:00,220.69,220.76,220.45,220.59,354293.0
2025-08-07 14:20:00,220.6,220.71,220.03,220.08,344961.0
2025-08-07 14:25:00,220.07,220.22,219.96,220.22,536316.0
2025-08-07 14:30:00,220.2,220.34,220.05,220.15,466094.0
2025-08-07 14:35:00,220.17,220.19,219.78,219.98,456547.0
2025-08-07 14:40:00,220.0,220.06,219.7501,220.035,363624.0
2025-08-07 14:45:00,220.02,220.14,219.53,219.89,585604.0
2025-08-07 14:50:00,219.87,219.92,219.5,219.61,413829.0
2025-08-07 14:55:00,219.59,219.605,219.33,219.515,550619.0
2025-08-07 15:00:00,219.51,219.83,219.34,219.47,499621.0
2025-08-07 15:05:00,219.46,219.6,219.37,219.45,290696.0
2025-08-07 15:10:00,219.4779,219.71,219.13,219.13,700393.0
2025-08-07 15:15:00,219.12,219.605,219.07,219.47,483118.0
2025-08-07 15:20:00,219.465,219.65,219.44,219.51,622736.0
2025-08-07 15:25:00,219.51,219.55,218.99,219.07,485671.0
2025-08-07 15:30:00,219.06,219.29,218.83,219.0,500396.0
2025-08-07 15:35:00,219.0,219.06,218.84,218.94,550332.0
2025-08-07 15:40:00,218.94,219.07,218.89,218.94,171303.0
2025-08-07 15:45:00,218.93,219.08,218.855,218.86,281774.0
2025-08-07 15:50:00,218.86,219.28,218.8,219.25,474886.0
2025-08-07 15:55:00,219.25,219.4,219.21,219.25,316256.0
2025-08-07 16:00:00,219.21,219.3387,218.97,219.29,267856.0
2025-08-08 09:30:00,220.93,220.93,220.9,220.9,364.0
2025-08-08 09:35:00,220.9,220.96,220.9,220.96,482.0
2025-08-08 09:45:00,220.98,221.14,220.98,221.14,4277.0
2025-08-08 09:50:00,221.09,221.15,221.09,221.11,4990.0
2025-08-08 09:55:00,221.08,221.13,221.08,221.12,4852.0
2025-08-08 10:00:00,221.2,221.23,221.2,221.23,2545.0
2025-08-08 10:05:00,221.29,221.36,221.26,221.27,6535.0
2025-08-08 10:10:00,221.18,221.24,221.18,221.24,1915.0
2025-08-08 10:15:00,221.25,221.25,221.24,221.24,571.0
2025-08-08 10:25:00,221.24,221.25,221.21,221.21,2120.0
2025-08-08 10:30:00,221.3,221.3,221.3,221.3,320.0
2025-08-08 10:35:00,221.27,221.32,221.27,221.32,2406.0
2025-08-08 10:40:00,221.28,221.28,221.27,221.27,996.0
2025-08-08 10:45:00,221.24,221.24,221.22,221.22,1494.0
2025-08-08 10:50:00,221.24,221.24,221.15,221.18,1993.0
2025-08-08 10:55:00,221.21,221.23,221.19,221.23,2257.0
2025-08-08 11:00:00,221.23,221.27,221.11,221.12,3907.0
2025-08-08 11:05:00,221.14,221.28,221.14,221.28,22086.0
2025-08-08 11:10:00,221.3,221.43,221.29,221.39,4550.0
2025-08-08 11:15:00,221.45,221.49,221.41,221.44,5767.0
2025-08-08 11:20:00,221.42,221.42,221.29,221.29,14839.0
2025-08-08 11:25:00,221.3,221.3,221.25,221.27,16458.0
2025-08-08 11:30:00,221.3,221.33,221.25,221.33,5719.0
2025-08-08 11:35:00,221.38,221.4,221.35,221.35,2336.0
2025-08-08 11:40:00,221.34,221.41,221.34,221.41,2310.0
2025-08-08 11:45:00,221.47,221.47,221.4,221.4,2201.0
2025-08-08 11:50:00,221.44,221.44,221.35,221.41,23875.0
2025-08-08 11:55:00,221.45,221.5,221.37,221.45,17627.0
2025-08-08 12:00:00,221.23,221.47,220.43,221.47,33415.0
2025-08-08 12:05:00,221.43,221.59,221.43,221.44,11086.0
2025-08-08 12:10:00,221.46,221.56,221.46,221.48,5818.0
2025-08-08 12:15:00,221.5,221.54,221.28,221.28,11168.0
2025-08-08 12:20:00,221.27,221.31,221.11,221.27,25762.0
2025-08-08 12:25:00,221.26,221.31,221.14,221.22,132860.0
2025-08-08 12:30:00,221.19,221.31,221.1,221.21,67391.0
2025-08-08 12:35:00,221.25,221.25,221.15,221.16,17544.0
2025-08-08 12:40:00,221.18,221.31,221.11,221.3,6541.0
2025-08-08 12:45:00,221.31,221.36,221.28,221.29,7768.0
2025-08-08 12:50:00,221.26,221.28,221.2,221.2,5611.0
2025-08-08 12:55:00,221.23,221.29,221.1,221.1,19504.0
2025-08-08 13:00:00,221.12,221.17,221.02,221.03,73795.0
2025-08-08 13:05:00,221.035,221.035,220.86,220.91,70608.0
2025-08-08 13:10:00,220.92,220.98,220.87,220.92,16079.0
2025-08-08 13:15:00,220.93,221.0,220.92,220.97,7311.0
2025-08-08 13:20:00,220.96,220.96,220.87,220.91,14937.0
2025-08-08 13:25:00,220.92,221.18,220.92,221.07,13371.0
2025-08-08 13:30:00,221.07,221.23,220.66,220.83,1211415.0
2025-08-08 13:35:00,220.86,220.86,220.41,220.445,594948.0
2025-08-08 13:40:00,220.45,220.49,220.15,220.33,612297.0
2025-08-08 13:45:00,220.33,220.64,220.33,220.5,720643.0
2025-08-08 13:50:00,220.5,220.76,220.36,220.52,472984.0
2025-08-08 13:55:00,220.52,220.665,220.365,220.48,374934.0
2025-08-08 14:00:00,220.51,221.26,220.47,221.25,722946.0
2025-08-08 14:05:00,221.22,221.57,221.09,221.475,730953.0
2025-08-08 14:10:00,221.465,221.5,221.22,221.44,542268.0
2025-08-08 14:15:00,221.44,221.45,220.985,221.08,416685.0
2025-08-08 14:20:00,221.09,221.16,220.84,220.895,336621.0
2025-08-08 14:25:00,220.9,221.04,220.81,220.9,312815.0
2025-08-08 14:30:00,220.89,221.11,220.84,221.0189,347331.0
2025-08-08 14:35:00,221.02,221.25,220.9599,221.07,327223.0
2025-08-08 14:40:00,221.08,221.205,220.82,220.82,315584.0
2025-08-08 14:45:00,220.825,220.935,220.78,220.89,224881.0
2025-08-08 14:50:00,220.87,220.895,220.5701,220.68,250314.0
2025-08-08 14:55:00,220.69,220.695,220.515,220.54,236852.0
2025-08-08 15:00:00,220.545,220.61,220.33,220.565,543570.0
2025-08-08 15:05:00,220.57,220.645,220.42,220.53,243851.0
2025-08-08 15:10:00,220.54,220.57,220.33,220.565,364878.0
2025-08-08 15:15:00,220.56,220.56,220.33,220.34,271254.0
2025-08-08 15:20:00,220.34,220.375,220.125,220.22,239140.0
2025-08-08 15:25:00,220.23,220.49,220.23,220.35,187470.0
2025-08-08 15:30:00,220.35,220.37,220.11,220.29,225330.0
2025-08-08 15:35:00,220.291,220.31,219.9,219.94,283799.0
2025-08-08 15:40:00,219.93,219.98,219.74,219.75,275593.0
2025-08-08 15:45:00,219.76,220.1,219.76,220.03,416713.0
2025-08-08 15:50:00,220.035,220.315,220.035,220.3,192924.0
2025-08-08 15:55:00,220.29,220.495,220.27,220.41,233897.0
2025-08-08 16:00:00,220.41,220.62,220.35,220.56,246472.0
2025-08-11 09:30:00,221.28,221.28,221.28,221.28,117.0
2025-08-11 09:35:00,221.27,221.29,221.22,221.29,1806.0
2025-08-11 09:40:00,221.3,221.3,221.24,221.24,1532.0
2025-08-11 09:45:00,221.24,221.28,221.1,221.13,7392.0
2025-08-11 09:50:00,221.16,221.22,221.12,221.22,1552.0
2025-08-11 09:55:00,221.24,221.24,221.19,221.24,800.0
2025-08-11 10:00:00,221.24,221.24,221.19,221.19,1558.0
2025-08-11 10:05:00,221.14,221.14,221.11,221.11,448.0
2025-08-11 10:10:00,221.14,221.14,221.06,221.09,9497.0
2025-08-11 10:15:00,221.09,221.1,221.08,221.1,5516.0
2025-08-11 10:20:00,221.11,221.16,221.11,221.12,2991.0
2025-08-11 10:25:00,221.16,221.22,221.16,221.19,3253.0
2025-08-11 10:30:00,221.18,221.18,221.14,221.14,1017.0
2025-08-11 10:35:00,221.16,221.16,221.16,221.16,184.0
2025-08-11 10:40:00,221.13,221.13,221.13,221.13,545.0
2025-08-11 10:45:00,221.11,221.12,221.1,221.1,1999.0
2025-08-11 10:50:00,221.09,221.11,221.05,221.08,3422.0
2025-08-11 10:55:00,221.23,221.24,221.19,221.24,7491.0
2025-08-11 11:00:00,221.2,221.21,221.17,221.21,7022.0
2025-08-11 11:05:00,221.21,221.28,221.21,221.28,871.0
2025-08-11 11:10:00,221.21,221.26,221.21,221.22,4255.0
2025-08-11 11:15:00,221.19,221.19,221.11,221.11,1441.0
2025-08-11 11:20:00,221.11,221.12,221.07,221.12,1620.0
2025-08-11 11:25:00,221.09,221.11,221.05,221.05,5507.0
2025-08-11 11:30:00,221.06,221.1,221.06,221.07,2755.0
2025-08-11 11:35:00,221.11,221.11,221.09,221.09,3099.0
2025-08-11 11:40:00,221.12,221.12,221.12,221.12,317.0
2025-08-11 11:45:00,221.16,221.2,221.16,221.2,1594.0
2025-08-11 11:50:00,221.21,221.21,221.1,221.1,6178.0
2025-08-11 11:55:00,221.11,221.18,221.11,221.18,14686.0
2025-08-11 12:00:00,221.1001,221.49,221.01,221.17,9832.0
2025-08-11 12:05:00,221.16,221.16,221.13,221.15,2987.0
2025-08-11 12:10:00,221.16,221.16,221.09,221.13,4019.0
2025-08-11 12:15:00,221.11,221.14,221.07,221.14,4871.0
2025-08-11 12:20:00,221.15,221.15,221.05,221.07,6296.0
2025-08-11 12:25:00,221.04,221.04,220.91,221.02,10336.0
2025-08-11 12:30:00,221.11,221.11,220.83,220.87,11528.0
2025-08-11 12:35:00,220.9,220.92,220.85,220.86,140711.0
2025-08-11 12:40:00,220.87,220.94,220.85,220.92,54943.0
2025-08-11 12:45:00,220.89,220.96,220.89,220.903,2843.0
2025-08-11 12:50:00,220.93,220.98,220.9,220.95,11334.0
2025-08-11 12:55:00,220.94,220.97,220.92,220.9306,45858.0
2025-08-11 13:00:00,220.9,221.0,220.9,220.9,8810.0
2025-08-11 13:05:00,220.841,220.87,220.81,220.85,10026.0
2025-08-11 13:10:00,220.82,220.92,220.8,220.92,8275.0
2025-08-11 13:15:00,220.9,220.92,220.86,220.86,3462.0
2025-08-11 13:20:00,220.81,220.81,220.65,220.7,11851.0
2025-08-11 13:25:00,220.74,220.8,220.6499,220.74,17203.0
2025-08-11 13:30:00,220.77,221.24,220.48,221.07,1084839.0
2025-08-11 13:35:00,221.06,221.68,220.92,221.53,641388.0
2025-08-11 13:40:00,221.52,221.575,221.13,221.26,476052.0
2025-08-11 13:45:00,221.28,221.34,220.97,220.97,365156.0
2025-08-11 13:50:00,220.97,221.0119,220.62,220.74,255910.0
2025-08-11 13:55:00,220.72,221.2399,220.71,221.23,268306.0
2025-08-11 14:00:00,221.23,221.3442,221.105,221.31,256362.0
2025-08-11 14:05:00,221.31,221.355,221.12,221.2,226479.0
2025-08-11 14:10:00,221.18,221.442,220.875,220.94,319682.0
2025-08-11 14:15:00,220.93,221.1,220.652,221.02,443145.0
2025-08-11 14:20:00,221.01,221.03,220.44,220.44,285476.0
2025-08-11 14:25:00,220.435,220.705,220.355,220.67,366191.0
2025-08-11 14:30:00,220.65,220.78,220.4575,220.59,432992.0
2025-08-11 14:35:00,220.59,220.6802,220.36,220.36,201939.0
2025-08-11 14:40:00,220.36,220.51,220.35,220.44,179759.0
2025-08-11 14:45:00,220.45,220.54,220.1,220.3,373720.0
2025-08-11 14:50:00,220.295,220.37,220.192,220.21,279752.0
2025-08-11 14:55:00,220.21,220.225,220.05,220.06,249249.0
2025-08-11 15:00:00,220.06,220.365,219.97,220.26,348493.0
2025-08-11 15:05:00,220.25,220.41,220.1201,220.13,188101.0
2025-08-11 15:10:00,220.13,220.355,220.09,220.35,292508.0
2025-08-11 15:15:00,220.35,220.465,220.115,220.23,223847.0
2025-08-11 15:20:00,220.22,220.285,220.075,220.1001,171109.0
2025-08-11 15:25:00,220.09,220.2225,220.07,220.18,182138.0
2025-08-11 15:30:00,220.18,220.18,219.97,220.145,202506.0
2025-08-11 15:35:00,220.145,220.445,220.08,220.3395,299744.0
2025-08-11 15:40:00,220.32,220.57,220.24,220.46,223455.0
2025-08-11 15:45:00,220.46,220.54,220.375,220.495,168072.0
2025-08-11 15:50:00,220.49,220.685,220.465,220.555,197690.0
2025-08-11 15:55:00,220.56,220.82,220.52,220.795,169899.0
2025-08-11 16:00:00,220.8,220.82,220.69,220.7544,152979.0
2025-08-12 09:30:00,220.86,220.86,220.82,220.84,3387.0
2025-08-12 09:35:00,220.82,220.91,220.82,220.9,5040.0
2025-08-12 09:40:00,220.89,220.91,220.87,220.9,3627.0
2025-08-12 09:45:00,220.91,220.94,220.91,220.94,2866.0
2025-08-12 09:50:00,220.93,220.93,220.86,220.86,1308.0
2025-08-12 09:55:00,220.88,220.88,220.78,220.78,572.0
2025-08-12 10:00:00,220.79,220.79,220.79,220.79,1803.0
2025-08-12 10:05:00,220.78,220.78,220.71,220.71,1847.0
2025-08-12 10:10:00,220.7,220.7,220.69,220.69,10510.0
2025-08-12 10:15:00,220.65,220.76,220.6,220.76,5060.0
2025-08-12 10:20:00,220.76,220.8,220.76,220.76,2836.0
2025-08-12 10:25:00,220.64,220.64,220.61,220.61,539.0
2025-08-12 10:30:00,220.52,220.54,220.51,220.51,1787.0
2025-08-12 10:35:00,220.5,220.5,220.44,220.44,1928.0
2025-08-12 10:40:00,220.45,220.49,220.45,220.49,1430.0
2025-08-12 10:45:00,220.51,220.52,220.45,220.49,1777.0
2025-08-12 10:50:00,220.56,220.56,220.49,220.49,2318.0
2025-08-12 10:55:00,220.52,220.52,220.46,220.46,1610.0
2025-08-12 11:00:00,220.48,220.51,220.4,220.51,2724.0
2025-08-12 11:05:00,220.49,220.49,220.46,220.46,1345.0
2025-08-12 11:10:00,220.32,220.33,220.3,220.31,2505.0
2025-08-12 11:15:00,220.28,220.43,220.28,220.41,15133.0
2025-08-12 11:20:00,220.42,220.42,220.36,220.38,10346.0
2025-08-12 11:25:00,220.36,220.36,220.33,220.33,708.0
2025-08-12 11:30:00,220.36,220.42,220.36,220.4,8672.0
2025-08-12 11:35:00,220.43,220.51,220.43,220.47,10093.0
2025-08-12 11:40:00,220.42,220.43,220.42,220.42,3181.0
2025-08-12 11:45:00,220.38,220.43,220.34,220.34,19359.0
2025-08-12 11:50:00,220.35,220.54,220.35,220.53,11750.0
2025-08-12 11:55:00,220.56,220.7,220.56,220.68,11226.0
2025-08-12 12:00:00,220.7,220.98,220.32,220.84,47948.0
2025-08-12 12:05:00,220.84,220.84,220.7101,220.74,12623.0
2025-08-12 12:10:00,220.78,220.98,220.76,220.95,11762.0
2025-08-12 12:15:00,220.93,220.94,220.82,220.9,116831.0
2025-08-12 12:20:00,220.9,221.34,220.78,221.21,57231.0
2025-08-12 12:25:00,221.17,221.45,221.08,221.14,92327.0
2025-08-12 12:30:00,221.14,223.59,221.14,222.74,575824.0
2025-08-12 12:35:00,222.75,223.69,222.75,223.0,419916.0
2025-08-12 12:40:00,223.08,223.54,222.93,223.04,128772.0
2025-08-12 12:45:00,223.05,223.33,222.86,223.32,86079.0
2025-08-12 12:50:00,223.33,223.33,223.16,223.32,36264.0
2025-08-12 12:55:00,223.31,223.39,222.58,222.61,92302.0
2025-08-12 13:00:00,222.6,222.69,222.21,222.21,121027.0
2025-08-12 13:05:00,222.21,222.31,221.73,221.73,116804.0
2025-08-12 13:10:00,221.8,222.06,221.73,222.0,373471.0
2025-08-12 13:15:00,222.0,222.05,221.86,221.9,124983.0
2025-08-12 13:20:00,221.88,222.06,221.68,221.94,94075.0
2025-08-12 13:25:00,221.93,221.96,221.61,221.79,73582.0
2025-08-12 13:30:00,221.85,222.32,221.15,222.255,1652294.0
2025-08-12 13:35:00,222.24,222.85,222.13,222.73,1531964.0
2025-08-12 13:40:00,222.74,222.76,221.44,221.6,1274647.0
2025-08-12 13:45:00,221.6,222.285,221.55,222.01,1214303.0
2025-08-12 13:50:00,222.0,222.21,221.535,222.21,856537.0
2025-08-12 13:55:00,222.2,222.52,221.97,222.16,547866.0
2025-08-12 14:00:00,222.17,222.95,221.99,222.93,963666.0
2025-08-12 14:05:00,222.94,223.52,222.9,223.45,871671.0
2025-08-12 14:10:00,223.45,223.965,223.36,223.93,1115713.0
2025-08-12 14:15:00,223.94,223.95,223.53,223.82,871346.0
2025-08-12 14:20:00,223.81,224.16,223.77,223.91,891953.0
2025-08-12 14:25:00,223.92,224.06,223.81,223.87,467381.0
2025-08-12 14:30:00,223.86,223.885,223.51,223.55,552172.0
2025-08-12 14:35:00,223.57,223.64,223.28,223.45,582624.0
2025-08-12 14:40:00,223.44,223.895,223.3,223.88,572635.0
2025-08-12 14:45:00,223.87,224.37,223.74,224.23,514099.0
2025-08-12 14:50:00,224.24,224.62,224.19,224.33,500259.0
2025-08-12 14:55:00,224.335,224.42,224.09,224.32,493044.0
2025-08-12 15:00:00,224.32,224.61,224.28,224.405,428269.0
2025-08-12 15:05:00,224.4,224.53,224.13,224.15,459863.0
2025-08-12 15:10:00,224.16,224.41,224.13,224.37,573426.0
2025-08-12 15:15:00,224.38,224.645,224.36,224.47,400137.0
2025-08-12 15:20:00,224.46,224.542,224.38,224.52,285714.0
2025-08-12 15:25:00,224.51,224.62,224.37,224.53,368128.0
2025-08-12 15:30:00,224.52,224.88,224.495,224.87,389082.0
2025-08-12 15:35:00,224.89,225.095,224.78,224.91,470332.0
2025-08-12 15:40:00,224.9101,225.095,224.88,225.04,284280.0
2025-08-12 15:45:00,225.045,225.09,224.89,224.95,335317.0
2025-08-12 15:50:00,224.95,225.025,224.84,224.925,240138.0
2025-08-12 15:55:00,224.93,225.05,224.89,224.98,252825.0
2025-08-12 16:00:00,224.98,225.06,224.86,224.915,216971.0
2025-08-13 09:30:00,228.15,228.3,228.15,228.3,2345.0
2025-08-13 09:35:00,228.35,228.37,228.3,228.31,2392.0
2025-08-13 09:40:00,228.31,228.33,228.25,228.25,2424.0
2025-08-13 09:45:00,228.23,228.23,228.23,228.23,461.0
2025-08-13 09:50:00,228.24,228.28,228.24,228.26,6954.0
2025-08-13 09:55:00,228.39,228.42,228.35,228.35,6747.0
2025-08-13 10:00:00,228.34,228.45,228.34,228.38,8195.0
2025-08-13 10:05:00,228.38,228.45,228.38,228.45,3512.0
2025-08-13 10:10:00,228.3,228.42,228.3,228.42,3121.0
2025-08-13 10:15:00,228.44,228.45,228.37,228.37,8192.0
2025-08-13 10:20:00,228.25,228.26,228.15,228.26,7382.0
2025-08-13 10:25:00,228.22,228.24,228.22,228.24,2384.0
2025-08-13 10:30:00,228.19,228.19,228.14,228.14,2943.0
2025-08-13 10:35:00,228.16,228.23,228.16,228.23,1082.0
2025-08-13 10:40:00,228.23,228.23,228.23,228.23,203.0
2025-08-13 10:45:00,228.19,228.19,228.1,228.16,2448.0
2025-08-13 10:50:00,228.2,228.24,228.2,228.24,1490.0
2025-08-13 10:55:00,228.22,228.22,228.15,228.15,13284.0
2025-08-13 11:00:00,228.09,228.18,228.03,228.13,12254.0
2025-08-13 11:05:00,228.18,228.22,228.16,228.17,7098.0
2025-08-13 11:10:00,228.17,228.2,228.14,228.15,5427.0
2025-08-13 11:15:00,228.14,228.16,228.1,228.13,3605.0
2025-08-13 11:20:00,228.15,228.24,228.15,228.19,9027.0
2025-08-13 11:25:00,228.17,228.26,228.15,228.15,6098.0
2025-08-13 11:30:00,228.18,228.39,228.18,228.39,6776.0
2025-08-13 11:35:00,228.34,228.38,228.16,228.38,10899.0
2025-08-13 11:40:00,228.45,228.61,228.25,228.32,12004.0
2025-08-13 11:45:00,228.34,228.4,228.3,228.39,3094.0
2025-08-13 11:50:00,228.37,228.4,228.29,228.3,15349.0
2025-08-13 11:55:00,228.35,228.52,228.34,228.44,19914.0
2025-08-13 12:00:00,228.15,228.53,227.27,228.48,87886.0
2025-08-13 12:05:00,228.45,228.6,228.44,228.5,15725.0
2025-08-13 12:10:00,228.46,228.47,228.34,228.39,19668.0
2025-08-13 12:15:00,228.4096,228.49,228.4,228.4201,14050.0
2025-08-13 12:20:00,228.45,228.56,228.4,228.47,16474.0
2025-08-13 12:25:00,228.43,228.59,228.43,228.48,77674.0
2025-08-13 12:30:00,228.46,228.58,228.45,228.51,75325.0
2025-08-13 12:35:00,228.55,228.68,228.55,228.649,16631.0
2025-08-13 12:40:00,228.63,228.721,228.55,228.72,12297.0
2025-08-13 12:45:00,228.71,228.71,228.67,228.67,19881.0
2025-08-13 12:50:00,228.66,228.6899,228.57,228.65,11372.0
2025-08-13 12:55:00,228.62,228.65,228.51,228.55,43540.0
2025-08-13 13:00:00,228.531,228.63,228.53,228.62,6916.0
2025-08-13 13:05:00,228.62,228.62,228.53,228.58,5347.0
2025-08-13 13:10:00,228.53,228.54,228.48,228.48,7686.0
2025-08-13 13:15:00,228.5,228.58,228.44,228.58,18554.0
2025-08-13 13:20:00,228.57,228.66,228.57,228.605,64462.0
2025-08-13 13:25:00,228.63,228.665,228.26,228.26,104298.0
2025-08-13 13:30:00,228.26,228.35,227.83,228.3,1965288.0
2025-08-13 13:35:00,228.29,228.41,228.03,228.19,1144191.0
2025-08-13 13:40:00,228.2,228.585,228.07,228.53,1099125.0
2025-08-13 13:45:00,228.54,229.11,228.32,229.09,1723733.0
2025-08-13 13:50:00,229.09,229.265,228.78,228.9,1037055.0
2025-08-13 13:55:00,228.9,229.025,228.4801,228.62,597124.0
2025-08-13 14:00:00,228.61,229.18,228.605,229.04,895334.0
2025-08-13 14:05:00,229.04,229.215,228.97,229.15,488494.0
2025-08-13 14:10:00,229.14,229.2,228.975,229.088,677049.0
2025-08-13 14:15:00,229.08,229.255,228.94,229.18,624456.0
2025-08-13 14:20:00,229.18,229.25,228.8,228.815,503018.0
2025-08-13 14:25:00,228.82,228.93,228.66,228.88,707008.0
2025-08-13 14:30:00,228.88,228.9,228.56,228.735,267010.0
2025-08-13 14:35:00,228.75,228.87,228.68,228.75,509997.0
2025-08-13 14:40:00,228.73,228.795,228.6,228.68,426023.0
2025-08-13 14:45:00,228.67,228.71,228.29,228.33,536049.0
2025-08-13 14:50:00,228.325,228.41,228.09,228.18,394985.0
2025-08-13 14:55:00,228.195,228.27,228.125,228.19,369981.0
2025-08-13 15:00:00,228.19,228.43,228.17,228.3,312000.0
2025-08-13 15:05:00,228.3,228.48,228.245,228.275,344993.0
2025-08-13 15:10:00,228.28,228.56,228.28,228.48,294548.0
2025-08-13 15:15:00,228.48,228.765,228.435,228.75,870410.0
2025-08-13 15:20:00,228.75,229.25,228.67,229.2,612562.0
2025-08-13 15:25:00,229.2,229.44,229.195,229.39,490068.0
2025-08-13 15:30:00,229.3951,229.67,229.27,229.47,546931.0
2025-08-13 15:35:00,229.48,229.48,229.07,229.23,490595.0
2025-08-13 15:40:00,229.235,229.45,229.18,229.445,227996.0
2025-08-13 15:45:00,229.45,229.565,229.37,229.44,218765.0
2025-08-13 15:50:00,229.44,229.45,229.19,229.2,240643.0
2025-08-13 15:55:00,229.2,229.25,229.07,229.25,542269.0
2025-08-13 16:00:00,229.24,229.61,229.24,229.61,243230.0
2025-08-14 09:30:00,231.04,231.04,230.99,231.02,1497.0
2025-08-14 09:35:00,231.04,231.04,230.98,230.98,1176.0
2025-08-14 09:40:00,231.04,231.04,230.97,230.97,890.0
2025-08-14 09:45:00,230.97,230.97,230.96,230.96,529.0
2025-08-14 09:50:00,230.88,230.9,230.88,230.9,386.0
2025-08-14 09:55:00,230.88,230.88,230.84,230.84,1468.0
2025-08-14 10:00:00,230.89,230.91,230.8,230.8,5999.0
2025-08-14 10:05:00,230.82,230.82,230.81,230.82,505.0
2025-08-14 10:10:00,230.82,230.89,230.82,230.89,1377.0
2025-08-14 10:15:00,230.9,230.9,230.82,230.82,928.0
2025-08-14 10:20:00,230.8,230.81,230.79,230.8,1861.0
2025-08-14 10:25:00,230.76,230.76,230.76,230.76,2428.0
2025-08-14 10:30:00,230.73,230.73,230.62,230.66,5538.0
2025-08-14 10:35:00,230.77,230.81,230.77,230.81,1788.0
2025-08-14 10:40:00,230.76,230.76,230.71,230.71,757.0
2025-08-14 10:45:00,230.74,230.78,230.74,230.78,3153.0
2025-08-14 10:50:00,230.67,230.69,230.54,230.64,3252.0
2025-08-14 10:55:00,230.65,230.65,230.57,230.63,2758.0
2025-08-14 11:00:00,230.63,230.74,230.59,230.7,4587.0
2025-08-14 11:05:00,230.7,230.71,230.54,230.54,6014.0
2025-08-14 11:10:00,230.63,230.7,230.63,230.671,2415.0
2025-08-14 11:15:00,230.73,230.75,230.72,230.73,4264.0
2025-08-14 11:20:00,230.72,230.8,230.72,230.73,11107.0
2025-08-14 11:25:00,230.74,230.77,230.74,230.77,2731.0
2025-08-14 11:30:00,230.75,230.76,230.68,230.69,8117.0
2025-08-14 11:35:00,230.63,230.63,230.56,230.58,5766.0
2025-08-14 11:40:00,230.59,230.63,230.58,230.63,7210.0
2025-08-14 11:45:00,230.62,230.65,230.61,230.65,2085.0
2025-08-14 11:50:00,230.67,230.81,230.67,230.79,17012.0
2025-08-14 11:55:00,230.8,230.89,230.8,230.86,7800.0
2025-08-14 12:00:00,230.68,231.36,230.58,230.7,31728.0
2025-08-14 12:05:00,230.68,230.69,230.65,230.66,43152.0
2025-08-14 12:10:00,230.66,230.73,230.65,230.66,21301.0
2025-08-14 12:15:00,230.67,230.74,230.58,230.61,22513.0
2025-08-14 12:20:00,230.59,230.5999,230.44,230.52,30887.0
2025-08-14 12:25:00,230.53,230.59,230.36,230.5,42381.0
2025-08-14 12:30:00,230.5,230.5,227.57,227.69,851226.0
2025-08-14 12:35:00,227.67,228.21,227.4701,228.125,499945.0
2025-08-14 12:40:00,228.08,228.52,227.95,228.46,213522.0
2025-08-14 12:45:00,228.49,228.7,228.21,228.36,222468.0
2025-08-14 12:50:00,228.36,228.66,228.17,228.2,91908.0
2025-08-14 12:55:00,228.17,228.3,228.0,228.24,146689.0
2025-08-14 13:00:00,228.252,228.35,228.1,228.18,82668.0
2025-08-14 13:05:00,228.16,228.38,228.16,228.35,143844.0
2025-08-14 13:10:00,228.35,228.39,228.14,228.29,89833.0
2025-08-14 13:15:00,228.3,228.48,228.19,228.35,56708.0
2025-08-14 13:20:00,228.3905,228.41,228.18,228.29,48759.0
2025-08-14 13:25:00,228.29,228.56,228.25,228.44,44775.0
2025-08-14 13:30:00,228.44,228.69,228.03,228.69,1750899.0
2025-08-14 13:35:00,228.7,228.8,228.33,228.43,750804.0
2025-08-14 13:40:00,228.42,228.44,227.78,227.945,900799.0
2025-08-14 13:45:00,227.94,228.04,227.61,227.67,773371.0
2025-08-14 13:50:00,227.68,228.31,227.66,228.16,1069084.0
2025-08-14 13:55:00,228.17,228.26,227.88,228.24,849156.0
2025-08-14 14:00:00,228.24,228.53,228.14,228.445,1304013.0
2025-08-14 14:05:00,228.46,228.528,228.03,228.27,521807.0
2025-08-14 14:10:00,228.28,228.36,227.71,227.74,416578.0
2025-08-14 14:15:00,227.75,228.07,227.715,228.0465,475553.0
2025-08-14 14:20:00,228.04,228.07,227.625,227.77,498665.0
2025-08-14 14:25:00,227.79,227.925,227.54,227.875,582875.0
2025-08-14 14:30:00,227.89,228.32,227.845,228.26,445063.0
2025-08-14 14:35:00,228.26,228.295,228.11,228.28,2506904.0
2025-08-14 14:40:00,228.28,228.315,228.13,228.13,276349.0
2025-08-14 14:45:00,228.13,228.57,228.115,228.5101,337953.0
2025-08-14 14:50:00,228.5,228.54,228.22,228.33,306087.0
2025-08-14 14:55:00,228.32,228.4,228.035,228.07,336366.0
2025-08-14 15:00:00,228.07,228.14,227.865,227.865,452747.0
2025-08-14 15:05:00,227.865,227.9,227.59,227.7,516039.0
2025-08-14 15:10:00,227.7,227.755,227.46,227.63,814298.0
2025-08-14 15:15:00,227.61,227.86,227.58,227.765,389305.0
2025-08-14 15:20:00,227.77,227.78,227.53,227.53,541205.0
2025-08-14 15:25:00,227.53,227.53,226.97,227.19,690192.0
2025-08-14 15:30:00,227.195,227.63,227.16,227.37,503920.0
2025-08-14 15:35:00,227.38,227.39,227.13,227.15,877170.0
2025-08-14 15:40:00,227.13,227.225,226.98,227.16,410423.0
2025-08-14 15:45:00,227.16,227.36,226.945,227.25,319241.0
2025-08-14 15:50:00,227.25,227.26,227.029,227.1,319260.0
2025-08-14 15:55:00,227.11,227.38,227.01,227.32,372978.0
2025-08-14 16:00:00,227.335,227.335,227.04,227.07,353145.0
2025-08-15 09:30:00,228.66,228.67,228.58,228.6,2691.0
2025-08-15 09:35:00,228.57,228.57,228.57,228.57,400.0
2025-08-15 09:40:00,228.57,228.58,228.57,228.58,410.0
2025-08-15 09:45:00,228.57,228.59,228.56,228.59,2414.0
2025-08-15 09:50:00,228.63,228.64,228.57,228.57,1181.0
2025-08-15 09:55:00,228.63,228.63,228.41,228.45,3159.0
2025-08-15 10:00:00,228.44,228.48,228.4,228.47,5543.0
2025-08-15 10:05:00,228.41,228.56,228.41,228.56,600.0
2025-08-15 10:10:00,228.61,228.61,228.61,228.61,274.0
2025-08-15 10:15:00,228.66,228.66,228.59,228.64,2338.0
2025-08-15 10:20:00,228.66,228.69,228.62,228.62,3239.0
2025-08-15 10:25:00,228.65,228.65,228.63,228.63,398.0
2025-08-15 10:30:00,228.7,228.75,228.69,228.75,1698.0
2025-08-15 10:35:00,228.76,228.78,228.73,228.73,10136.0
2025-08-15 10:40:00,228.75,228.81,228.75,228.8,1191.0
2025-08-15 10:45:00,228.73,228.74,228.73,228.74,601.0
2025-08-15 10:55:00,228.92,228.97,228.88,228.97,3633.0
2025-08-15 11:00:00,228.95,229.18,228.94,229.16,22170.0
2025-08-15 11:05:00,229.15,229.15,229.08,229.12,2431.0
2025-08-15 11:10:00,229.1,229.1,228.95,228.95,719.0
2025-08-15 11:15:00,228.91,229.04,228.91,229.04,1224.0
2025-08-15 11:20:00,229.01,229.02,228.97,229.02,821.0
2025-08-15 11:25:00,229.0,229.0,228.92,228.92,629.0
2025-08-15 11:30:00,228.87,228.87,228.8,228.84,1278.0
2025-08-15 11:35:00,228.95,228.95,228.95,228.95,1049.0
2025-08-15 11:40:00,229.1,229.1,229.02,229.04,1466.0
2025-08-15 11:45:00,229.04,229.11,229.0,229.1,5852.0
2025-08-15 11:50:00,229.05,229.05,229.04,229.05,1329.0
2025-08-15 11:55:00,229.0,229.05,228.96,229.01,12033.0
2025-08-15 12:00:00,229.13,229.71,228.76,228.95,24429.0
2025-08-15 12:05:00,228.95,229.01,228.9001,228.96,6457.0
2025-08-15 12:10:00,229.0,229.03,228.99,229.0,2008.0
2025-08-15 12:15:00,228.97,228.97,228.76,228.76,10199.0
2025-08-15 12:20:00,228.82,228.83,228.56,228.81,38534.0
2025-08-15 12:25:00,228.76,228.8,228.63,228.72,17424.0
2025-08-15 12:30:00,228.59,228.97,228.56,228.88,59887.0
2025-08-15 12:35:00,228.83,228.99,228.78,228.86,27728.0
2025-08-15 12:40:00,228.88,228.91,228.8,228.8,23744.0
2025-08-15 12:45:00,228.8,229.13,228.8,229.1,15821.0
2025-08-15 12:50:00,229.03,229.06,228.89,228.9,6289.0
2025-08-15 12:55:00,228.96,229.05,228.9394,229.0404,6633.0
2025-08-15 13:00:00,229.01,229.13,229.0,229.13,9644.0
2025-08-15 13:05:00,229.18,229.24,229.0,229.0,25838.0
2025-08-15 13:10:00,229.01,229.01,228.83,228.87,4100.0
2025-08-15 13:15:00,228.87,228.9,228.75,228.9,6756.0
2025-08-15 13:20:00,228.87,228.87,228.69,228.7,12260.0
2025-08-15 13:25:00,228.69,228.75,228.5,228.62,57790.0
2025-08-15 13:30:00,228.64,228.78,228.45,228.4865,891843.0
2025-08-15 13:35:00,228.47,228.58,227.805,227.86,809867.0
2025-08-15 13:40:00,227.87,227.955,227.59,227.63,401972.0
2025-08-15 13:45:00,227.62,227.68,227.25,227.32,700090.0
2025-08-15 13:50:00,227.33,227.78,227.32,227.63,518497.0
2025-08-15 13:55:00,227.63,227.83,227.48,227.75,254404.0
2025-08-15 14:00:00,227.72,227.75,227.03,227.04,672875.0
2025-08-15 14:05:00,227.03,227.12,226.58,226.62,629505.0
2025-08-15 14:10:00,226.64,226.74,226.31,226.45,591903.0
2025-08-15 14:15:00,226.44,226.705,226.19,226.215,1306241.0
2025-08-15 14:20:00,226.22,226.43,226.035,226.19,458802.0
2025-08-15 14:25:00,226.175,226.5554,226.135,226.52,448374.0
2025-08-15 14:30:00,226.52,226.52,226.295,226.365,519122.0
2025-08-15 14:35:00,226.365,226.86,226.33,226.851,468765.0
2025-08-15 14:40:00,226.845,227.1601,226.8116,226.96,319185.0
2025-08-15 14:45:00,226.97,227.015,226.71,226.77,290810.0
2025-08-15 14:50:00,226.76,226.9,226.67,226.82,246369.0
2025-08-15 14:55:00,226.81,226.99,226.76,226.94,270839.0
2025-08-15 15:00:00,226.95,226.99,226.81,226.8601,205995.0
2025-08-15 15:05:00,226.86,226.91,226.67,226.86,2841443.0
2025-08-15 15:10:00,226.87,226.97,226.78,226.83,561344.0
2025-08-15 15:15:00,226.84,226.97,226.72,226.9401,333337.0
2025-08-15 15:20:00,226.94,226.985,226.55,226.63,394954.0
2025-08-15 15:25:00,226.63,226.77,226.62,226.65,224868.0
2025-08-15 15:30:00,226.67,227.08,226.67,227.04,276592.0
2025-08-15 15:35:00,227.04,227.15,226.815,226.815,193134.0
2025-08-15 15:40:00,226.81,226.935,226.435,226.545,600456.0
2025-08-15 15:45:00,226.54,226.995,226.53,226.9893,254474.0
2025-08-15 15:50:00,226.98,227.17,226.94,227.09,301906.0
2025-08-15 15:55:00,227.09,227.11,226.77,226.84,300685.0
2025-08-15 16:00:00,226.84,227.015,226.8,226.97,546455.0
2025-08-18 09:30:00,227.17,227.19,227.15,227.19,3370.0
2025-08-18 09:35:00,227.18,227.19,227.18,227.19,1025.0
2025-08-18 09:40:00,227.18,227.22,227.13,227.13,2044.0
2025-08-18 09:45:00,227.17,227.17,227.15,227.15,573.0
2025-08-18 09:50:00,227.14,227.14,227.06,227.06,995.0
2025-08-18 09:55:00,227.16,227.16,227.14,227.14,605.0
2025-08-18 10:05:00,227.09,227.09,227.09,227.09,345.0
2025-08-18 10:10:00,227.06,227.12,227.06,227.12,785.0
2025-08-18 10:15:00,227.12,227.12,227.09,227.11,1336.0
2025-08-18 10:25:00,227.15,227.15,227.14,227.14,219.0
2025-08-18 10:30:00,227.16,227.19,227.16,227.19,261.0
2025-08-18 10:35:00,227.15,227.16,227.13,227.16,17731.0
2025-08-18 10:40:00,227.14,227.14,227.12,227.14,6167.0
2025-08-18 10:45:00,227.1,227.2,227.1,227.2,3403.0
2025-08-18 10:50:00,227.18,227.18,227.17,227.18,7576.0
2025-08-18 10:55:00,227.14,227.14,227.06,227.06,3179.0
2025-08-18 11:00:00,227.03,227.06,226.97,227.06,2893.0
2025-08-18 11:05:00,227.05,227.07,227.036,227.07,2886.0
2025-08-18 11:10:00,227.01,227.05,227.01,227.05,354.0
2025-08-18 11:15:00,227.03,227.04,227.0,227.0,2536.0
2025-08-18 11:20:00,226.94,227.0,226.94,227.0,3727.0
2025-08-18 11:25:00,227.04,227.14,227.04,227.09,2135.0
2025-08-18 11:30:00,227.05,227.06,227.04,227.04,1591.0
2025-08-18 11:35:00,227.07,227.14,227.06,227.12,17105.0
2025-08-18 11:40:00,227.17,227.17,227.12,227.12,20936.0
2025-08-18 11:45:00,227.15,227.15,227.13,227.13,1747.0
2025-08-18 11:50:00,227.15,227.18,227.12,227.12,4628.0
2025-08-18 11:55:00,227.14,227.23,227.14,227.23,4834.0
2025-08-18 12:00:00,227.0,227.8,226.99,227.18,17798.0
2025-08-18 12:05:00,227.15,227.26,227.15,227.26,3651.0
2025-08-18 12:10:00,227.3,227.3,227.24,227.29,1650.0
2025-08-18 12:15:00,227.32,227.38,227.32,227.38,2864.0
2025-08-18 12:20:00,227.41,227.44,227.4,227.43,3154.0
2025-08-18 12:25:00,227.39,227.4,227.36,227.39,4792.0
2025-08-18 12:30:00,227.39,227.39,227.26,227.3699,13229.0
2025-08-18 12:35:00,227.33,227.36,227.27,227.2703,9634.0
2025-08-18 12:40:00,227.3,227.3,227.19,227.28,14287.0
2025-08-18 12:45:00,227.28,227.34,227.27,227.29,8548.0
2025-08-18 12:50:00,227.28,227.28,227.22,227.22,3230.0
2025-08-18 12:55:00,227.23,227.29,227.23,227.28,5283.0
2025-08-18 13:00:00,227.31,227.41,227.31,227.38,30267.0
2025-08-18 13:05:00,227.39,227.44,227.36,227.4,11060.0
2025-08-18 13:10:00,227.4,227.41,227.23,227.29,24021.0
2025-08-18 13:15:00,227.29,227.34,227.26,227.29,9672.0
2025-08-18 13:20:00,227.3,227.3,227.16,227.24,18867.0
2025-08-18 13:25:00,227.25,227.32,227.17,227.2,30634.0
2025-08-18 13:30:00,227.21,227.63,227.18,227.3447,889904.0
2025-08-18 13:35:00,227.33,227.42,226.9619,226.98,506964.0
2025-08-18 13:40:00,226.985,227.475,226.94,227.42,389357.0
2025-08-18 13:45:00,227.4135,227.87,227.4135,227.7499,458630.0
2025-08-18 13:50:00,227.755,227.94,227.68,227.87,372943.0
2025-08-18 13:55:00,227.86,227.86,227.28,227.4,338697.0
2025-08-18 14:00:00,227.42,227.635,227.31,227.55,255139.0
2025-08-18 14:05:00,227.55,227.6851,227.39,227.61,172147.0
2025-08-18 14:10:00,227.6,227.75,227.51,227.75,207627.0
2025-08-18 14:15:00,227.74,227.88,227.6999,227.76,193967.0
2025-08-18 14:20:00,227.77,227.96,227.7,227.93,188042.0
2025-08-18 14:25:00,227.94,228.11,227.67,227.695,468893.0
2025-08-18 14:30:00,227.69,227.91,227.55,227.9,225922.0
2025-08-18 14:35:00,227.9118,228.18,227.835,227.99,206537.0
2025-08-18 14:40:00,227.99,227.99,227.78,227.81,296660.0
2025-08-18 14:45:00,227.805,227.845,227.42,227.68,315489.0
2025-08-18 14:50:00,227.67,228.095,227.67,228.07,328282.0
2025-08-18 14:55:00,228.075,228.085,227.805,227.94,294291.0
2025-08-18 15:00:00,227.93,228.025,227.85,227.925,291393.0
2025-08-18 15:05:00,227.915,227.92,227.61,227.68,168631.0
2025-08-18 15:10:00,227.7,227.7194,227.49,227.59,177000.0
2025-08-18 15:15:00,227.595,227.725,227.495,227.71,188434.0
2025-08-18 15:20:00,227.7,227.9005,227.66,227.81,169613.0
2025-08-18 15:25:00,227.815,227.845,227.66,227.74,131149.0
2025-08-18 15:30:00,227.74,227.87,227.71,227.85,208662.0
2025-08-18 15:35:00,227.87,227.9,227.7,227.888,390162.0
2025-08-18 15:40:00,227.91,227.92,227.75,227.805,96280.0
2025-08-18 15:45:00,227.8,227.83,227.71,227.78,93190.0
2025-08-18 15:50:00,227.79,227.835,227.7,227.82,146566.0
2025-08-18 15:55:00,227.81,227.95,227.76,227.895,171624.0
2025-08-18 16:00:00,227.89,227.95,227.67,227.72,125357.0
2025-08-19 09:30:00,227.75,227.75,227.74,227.74,1499.0
2025-08-19 09:35:00,227.78,227.78,227.78,227.78,129.0
2025-08-19 09:40:00,227.8,227.8,227.72,227.72,804.0
2025-08-19 09:45:00,227.71,227.71,227.71,227.71,437.0
2025-08-19 09:50:00,227.71,227.71,227.65,227.65,1285.0
2025-08-19 09:55:00,227.66,227.66,227.61,227.61,689.0
2025-08-19 10:00:00,227.61,227.62,227.5,227.61,5676.0
2025-08-19 10:05:00,227.69,227.69,227.69,227.69,162.0
2025-08-19 10:10:00,227.69,227.69,227.69,227.69,500.0
2025-08-19 10:15:00,227.7,227.7,227.7,227.7,549.0
2025-08-19 10:25:00,227.69,227.69,227.69,227.69,327.0
2025-08-19 10:30:00,227.69,227.69,227.64,227.64,2787.0
2025-08-19 10:40:00,227.65,227.67,227.56,227.67,6013.0
2025-08-19 10:45:00,227.65,227.65,227.65,227.65,223.0
2025-08-19 10:50:00,227.61,227.61,227.54,227.61,825.0
2025-08-19 10:55:00,227.61,227.62,227.61,227.62,438.0
2025-08-19 11:00:00,227.63,227.7,227.61,227.65,2858.0
2025-08-19 11:05:00,227.67,227.71,227.66,227.66,1124.0
2025-08-19 11:10:00,227.7,227.71,227.63,227.69,2720.0
2025-08-19 11:15:00,227.68,227.74,227.68,227.74,3881.0
2025-08-19 11:20:00,227.74,227.74,227.68,227.69,8147.0
2025-08-19 11:25:00,227.68,227.77,227.68,227.72,6322.0
2025-08-19 11:30:00,227.69,227.69,227.61,227.61,6041.0
2025-08-19 11:35:00,227.63,227.64,227.6,227.6,2952.0
2025-08-19 11:40:00,227.62,227.66,227.62,227.66,1190.0
2025-08-19 11:45:00,227.64,227.81,227.64,227.81,7176.0
2025-08-19 11:50:00,227.87,227.87,227.84,227.84,904.0
2025-08-19 11:55:00,227.89,227.93,227.89,227.93,1064.0
2025-08-19 12:00:00,227.6291,227.9,227.25,227.841,11506.0
2025-08-19 12:05:00,227.87,227.87,227.77,227.79,6309.0
2025-08-19 12:10:00,227.79,227.81,227.79,227.79,1499.0
2025-08-19 12:15:00,227.75,227.76,227.69,227.7,11960.0
2025-08-19 12:20:00,227.7,227.74,227.66,227.71,8452.0
2025-08-19 12:25:00,227.74,227.838,227.74,227.74,8133.0
2025-08-19 12:30:00,227.78,227.85,227.7,227.72,12785.0
2025-08-19 12:35:00,227.73,227.85,227.72,227.84,9661.0
2025-08-19 12:40:00,227.9,227.92,227.83,227.87,5909.0
2025-08-19 12:45:00,227.79,227.79,227.67,227.67,5867.0
2025-08-19 12:50:00,227.68,227.71,227.68,227.69,17075.0
2025-08-19 12:55:00,227.74,227.91,227.74,227.9,89908.0
2025-08-19 13:00:00,227.87,227.95,227.82,227.86,14918.0
2025-08-19 13:05:00,227.87,227.88,227.7603,227.79,30118.0
2025-08-19 13:10:00,227.78,227.8,227.75,227.8,7046.0
2025-08-19 13:15:00,227.82,227.9,227.82,227.88,33930.0
2025-08-19 13:20:00,227.88,228.06,227.83,228.05,42653.0
2025-08-19 13:25:00,228.02,228.02,227.87,228.0,18064.0
2025-08-19 13:30:00,228.02,228.09,227.765,228.08,811041.0
2025-08-19 13:35:00,228.03,228.225,227.915,228.0,387558.0
2025-08-19 13:40:00,228.01,228.38,228.01,228.11,381427.0
2025-08-19 13:45:00,228.11,228.19,227.84,227.86,526607.0
2025-08-19 13:50:00,227.86,228.215,227.765,228.14,430861.0
2025-08-19 13:55:00,228.13,228.18,227.89,227.945,362427.0
2025-08-19 14:00:00,227.94,228.98,227.93,228.9507,684168.0
2025-08-19 14:05:00,228.94,228.96,228.44,228.52,478156.0
2025-08-19 14:10:00,228.5,228.695,228.27,228.4082,343720.0
2025-08-19 14:15:00,228.39,228.54,228.28,228.54,246689.0
2025-08-19 14:20:00,228.54,228.66,228.43,228.635,334687.0
2025-08-19 14:25:00,228.64,228.68,228.38,228.47,276020.0
2025-08-19 14:30:00,228.47,228.595,228.315,228.51,346613.0
2025-08-19 14:35:00,228.51,228.54,228.295,228.3,485991.0
2025-08-19 14:40:00,228.3,228.35,227.82,227.8707,380147.0
2025-08-19 14:45:00,227.88,227.92,227.29,227.48,504337.0
2025-08-19 14:50:00,227.48,227.795,227.4006,227.79,288147.0
2025-08-19 14:55:00,227.78,227.78,227.24,227.24,254503.0
2025-08-19 15:00:00,227.23,227.505,226.98,227.43,607063.0
2025-08-19 15:05:00,227.39,227.47,227.29,227.35,177028.0
2025-08-19 15:10:00,227.36,227.38,227.13,227.21,380190.0
2025-08-19 15:15:00,227.23,227.395,227.2,227.35,169983.0
2025-08-19 15:20:00,227.34,227.37,227.11,227.165,154080.0
2025-08-19 15:25:00,227.16,227.32,227.05,227.25,313314.0
2025-08-19 15:30:00,227.24,227.4,227.16,227.29,141175.0
2025-08-19 15:35:00,227.3,227.33,226.89,226.94,233025.0
2025-08-19 15:40:00,226.96,226.99,226.65,226.79,273163.0
2025-08-19 15:45:00,226.8,226.835,226.595,226.7299,244531.0
2025-08-19 15:50:00,226.72,226.72,226.3199,226.445,390954.0
2025-08-19 15:55:00,226.44,226.59,226.42,226.505,218395.0
2025-08-19 16:00:00,226.5,226.74,226.49,226.62,213275.0
2025-08-20 09:30:00,226.22,226.26,226.22,226.26,2522.0
2025-08-20 09:35:00,226.25,226.31,226.25,226.28,6176.0
2025-08-20 09:40:00,226.24,226.24,226.21,226.21,1388.0
2025-08-20 09:45:00,226.26,226.26,226.26,226.26,400.0
2025-08-20 09:50:00,226.36,226.36,226.29,226.29,1515.0
2025-08-20 10:00:00,226.21,226.3,226.21,226.24,3268.0
2025-08-20 10:05:00,226.28,226.38,226.28,226.38,2429.0
2025-08-20 10:10:00,226.38,226.38,226.34,226.37,2569.0
2025-08-20 10:15:00,226.35,226.48,226.35,226.48,3344.0
2025-08-20 10:20:00,226.44,226.44,226.43,226.43,1982.0
2025-08-20 10:25:00,226.33,226.34,226.32,226.32,1095.0
2025-08-20 10:30:00,226.3,226.3,226.22,226.25,1593.0
2025-08-20 10:35:00,226.24,226.24,226.19,226.19,2070.0
2025-08-20 10:40:00,226.2,226.31,226.2,226.31,4352.0
2025-08-20 10:45:00,226.34,226.34,226.34,226.34,295.0
2025-08-20 10:50:00,226.37,226.37,226.36,226.36,2021.0
2025-08-20 10:55:00,226.34,226.34,226.22,226.28,2539.0
2025-08-20 11:00:00,226.35,226.41,226.31,226.39,6661.0
2025-08-20 11:05:00,226.4,226.41,226.32,226.32,7147.0
2025-08-20 11:10:00,226.35,226.35,226.3,226.34,2065.0
2025-08-20 11:15:00,226.35,226.35,226.24,226.25,13926.0
2025-08-20 11:20:00,226.27,226.31,226.21,226.21,29249.0
2025-08-20 11:25:00,226.22,226.22,226.2,226.2,1628.0
2025-08-20 11:30:00,226.13,226.14,226.07,226.07,5830.0
2025-08-20 11:35:00,226.04,226.04,225.99,226.0,2126.0
2025-08-20 11:40:00,225.98,226.04,225.98,226.03,3054.0
2025-08-20 11:45:00,226.01,226.01,225.99,225.99,1345.0
2025-08-20 11:50:00,226.09,226.14,226.09,226.12,1801.0
2025-08-20 11:55:00,226.08,226.08,226.06,226.06,2011.0
2025-08-20 12:00:00,225.96,226.4,225.31,226.1396,21669.0
2025-08-20 12:05:00,226.14,226.21,226.14,226.18,1985.0
2025-08-20 12:10:00,226.17,226.19,226.09,226.1,3931.0
2025-08-20 12:15:00,226.08,226.15,226.07,226.08,12665.0
2025-08-20 12:20:00,226.08,226.16,226.07,226.1,8878.0
2025-08-20 12:25:00,226.1,226.15,226.09,226.09,16140.0
2025-08-20 12:30:00,226.15,226.21,226.04,226.07,31939.0
2025-08-20 12:35:00,226.09,226.11,225.96,226.0,14713.0
2025-08-20 12:40:00,226.02,226.16,226.02,226.12,10484.0
2025-08-20 12:45:00,226.13,226.13,225.99,226.1,7932.0
2025-08-20 12:50:00,226.12,226.12,225.99,226.01,5451.0
2025-08-20 12:55:00,225.99,226.0,225.93,226.0,5689.0
2025-08-20 13:00:00,225.99,226.05,225.99,226.0,8178.0
2025-08-20 13:05:00,226.0,226.07,225.99,226.04,23482.0
2025-08-20 13:10:00,225.97,225.99,225.93,225.97,16613.0
2025-08-20 13:15:00,225.99,226.04,225.98,226.0,9220.0
2025-08-20 13:20:00,225.96,225.98,225.9,225.98,9403.0
2025-08-20 13:25:00,226.02,226.14,225.93,225.93,24430.0
2025-08-20 13:30:00,225.93,226.375,225.7,226.25,1013758.0
2025-08-20 13:35:00,226.2599,226.36,225.77,225.78,456799.0
2025-08-20 13:40:00,225.78,225.99,225.47,225.5865,436457.0
2025-08-20 13:45:00,225.59,225.68,224.965,224.97,566056.0
2025-08-20 13:50:00,224.98,224.99,224.235,224.26,705711.0
2025-08-20 13:55:00,224.27,224.68,224.195,224.56,606864.0
2025-08-20 14:00:00,224.555,225.33,224.54,225.02,609944.0
2025-08-20 14:05:00,225.02,225.04,224.185,224.215,802135.0
2025-08-20 14:10:00,224.225,224.66,224.225,224.35,660353.0
2025-08-20 14:15:00,224.35,224.5601,223.97,224.55,548604.0
2025-08-20 14:20:00,224.54,224.8,224.365,224.715,517637.0
2025-08-20 14:25:00,224.7055,224.86,224.08,224.1,682732.0
2025-08-20 14:30:00,224.11,224.34,224.01,224.32,451820.0
2025-08-20 14:35:00,224.31,224.53,224.2,224.26,281187.0
2025-08-20 14:40:00,224.26,224.3,223.88,223.9101,346335.0
2025-08-20 14:45:00,223.92,224.16,223.75,223.99,550922.0
2025-08-20 14:50:00,223.99,224.155,223.78,223.86,255259.0
2025-08-20 14:55:00,223.86,224.015,223.69,223.985,275279.0
2025-08-20 15:00:00,223.99,224.11,223.81,223.86,257153.0
2025-08-20 15:05:00,223.87,224.545,223.87,224.48,445248.0
2025-08-20 15:10:00,224.48,224.5115,224.2923,224.48,287857.0
2025-08-20 15:15:00,224.49,224.83,224.49,224.785,505842.0
2025-08-20 15:20:00,224.79,225.06,224.765,225.055,303506.0
2025-08-20 15:25:00,225.055,225.22,224.96,225.14,436630.0
2025-08-20 15:30:00,225.13,225.28,224.9701,225.21,341718.0
2025-08-20 15:35:00,225.2,225.23,224.96,225.1201,457671.0
2025-08-20 15:40:00,225.11,225.28,225.0025,225.06,336417.0
2025-08-20 15:45:00,225.06,225.12,224.835,224.92,270766.0
2025-08-20 15:50:00,224.92,224.92,224.57,224.59,345299.0
2025-08-20 15:55:00,224.58,224.65,224.33,224.41,202166.0
2025-08-20 16:00:00,224.4,224.73,224.39,224.665,247096.0
2025-08-21 09:30:00,224.69,224.69,224.69,224.69,1250.0
2025-08-21 09:40:00,224.72,224.74,224.71,224.74,662.0
2025-08-21 09:45:00,224.68,224.7,224.68,224.7,1422.0
2025-08-21 09:50:00,224.67,224.69,224.67,224.67,3009.0
2025-08-21 09:55:00,224.62,224.62,224.56,224.56,1340.0
2025-08-21 10:00:00,224.51,224.52,224.25,224.33,5157.0
2025-08-21 10:05:00,224.36,224.41,224.35,224.36,4698.0
2025-08-21 10:10:00,224.33,224.35,224.19,224.24,10154.0
2025-08-21 10:15:00,224.21,224.23,224.06,224.06,6181.0
2025-08-21 10:20:00,223.98,224.23,223.96,224.23,6482.0
2025-08-21 10:25:00,224.24,224.34,224.16,224.34,7179.0
2025-08-21 10:30:00,224.35,224.35,224.26,224.26,1972.0
2025-08-21 10:35:00,224.27,224.31,224.27,224.31,1251.0
2025-08-21 10:40:00,224.37,224.46,224.37,224.46,8002.0
2025-08-21 10:45:00,224.48,224.48,224.37,224.38,2442.0
2025-08-21 10:50:00,224.36,224.48,224.27,224.48,2942.0
2025-08-21 10:55:00,224.5,224.54,224.41,224.45,5733.0
2025-08-21 11:00:00,224.44,224.65,224.39,224.55,52186.0
2025-08-21 11:05:00,224.63,224.82,224.62,224.73,9358.0
2025-08-21 11:10:00,224.69,224.75,224.63,224.63,7641.0
2025-08-21 11:15:00,224.72,224.72,224.65,224.65,1562.0
2025-08-21 11:20:00,224.72,224.79,224.72,224.79,9537.0
2025-08-21 11:25:00,224.8,224.81,224.72,224.72,6234.0
2025-08-21 11:30:00,224.71,224.74,224.55,224.57,18032.0
2025-08-21 11:35:00,224.56,224.62,224.47,224.53,18260.0
2025-08-21 11:40:00,224.64,224.65,224.55,224.55,3088.0
2025-08-21 11:45:00,224.59,224.59,224.33,224.39,7625.0
2025-08-21 11:50:00,224.45,224.45,224.39,224.42,2622.0
2025-08-21 11:55:00,224.4,224.47,224.36,224.37,4447.0
2025-08-21 12:00:00,224.54,225.55,224.2,224.23,44662.0
2025-08-21 12:05:00,224.24,224.3,224.21,224.2199,12497.0
2025-08-21 12:10:00,224.21,224.21,224.04,224.08,30441.0
2025-08-21 12:15:00,224.1,224.16,223.92,223.92,28462.0
2025-08-21 12:20:00,223.91,224.17,223.89,224.12,17956.0
2025-08-21 12:25:00,224.1,224.17,224.07,224.08,10628.0
2025-08-21 12:30:00,223.94,224.33,223.94,224.31,27782.0
2025-08-21 12:35:00,224.26,224.26,224.17,224.17,10756.0
2025-08-21 12:40:00,224.13,224.18,224.05,224.05,8096.0
2025-08-21 12:45:00,224.03,224.03,223.93,223.95,20130.0
2025-08-21 12:50:00,223.96,223.98,223.88,223.9,9046.0
2025-08-21 12:55:00,223.93,224.02,223.87,224.02,20127.0
2025-08-21 13:00:00,223.98,224.17,223.97,224.09,57946.0
2025-08-21 13:05:00,224.05,224.18,224.05,224.15,16163.0
2025-08-21 13:10:00,224.16,224.21,224.12,224.2,12614.0
2025-08-21 13:15:00,224.17,224.35,224.16,224.25,25379.0
2025-08-21 13:20:00,224.23,224.34,224.15,224.32,22229.0
2025-08-21 13:25:00,224.29,224.45,224.29,224.4,11704.0
2025-08-21 13:30:00,224.41,224.76,224.07,224.615,875961.0
2025-08-21 13:35:00,224.63,224.68,224.33,224.45,425549.0
2025-08-21 13:40:00,224.44,224.445,224.105,224.37,528041.0
2025-08-21 13:45:00,224.41,224.55,223.78,224.42,665126.0
2025-08-21 13:50:00,224.43,224.74,224.31,224.59,686709.0
2025-08-21 13:55:00,224.6,224.67,224.17,224.47,402727.0
2025-08-21 14:00:00,224.46,225.3,224.292,225.2095,573843.0
2025-08-21 14:05:00,225.19,225.37,225.16,225.21,404050.0
2025-08-21 14:10:00,225.21,225.48,224.98,225.4101,384193.0
2025-08-21 14:15:00,225.4,225.6981,225.355,225.69,434477.0
2025-08-21 14:20:00,225.69,225.82,225.55,225.63,354268.0
2025-08-21 14:25:00,225.64,225.72,225.46,225.6699,503064.0
2025-08-21 14:30:00,225.67,225.67,225.28,225.34,246299.0
2025-08-21 14:35:00,225.35,225.43,224.9701,224.99,324334.0
2025-08-21 14:40:00,224.99,225.21,224.89,225.21,374861.0
2025-08-21 14:45:00,225.21,225.39,225.042,225.0426,177865.0
2025-08-21 14:50:00,225.05,225.285,225.05,225.26,147365.0
2025-08-21 14:55:00,225.24,225.48,225.175,225.46,199944.0
2025-08-21 15:00:00,225.47,225.57,225.33,225.43,219395.0
2025-08-21 15:05:00,225.42,225.48,225.32,225.36,122557.0
2025-08-21 15:10:00,225.36,225.4,224.8,224.845,330326.0
2025-08-21 15:15:00,224.84,225.22,224.8,225.19,216124.0
2025-08-21 15:20:00,225.19,225.65,225.12,225.5,317363.0
2025-08-21 15:25:00,225.51,225.535,225.24,225.42,285430.0
2025-08-21 15:30:00,225.42,225.76,225.38,225.74,211789.0
2025-08-21 15:35:00,225.73,225.84,225.7,225.84,265119.0
2025-08-21 15:40:00,225.845,226.0,225.715,225.91,298627.0
2025-08-21 15:45:00,225.91,225.9101,225.69,225.9,168611.0
2025-08-21 15:50:00,225.905,225.925,225.43,225.47,241264.0
2025-08-21 15:55:00,225.48,225.51,225.3,225.42,228052.0
2025-08-21 16:00:00,225.42,225.43,225.1,225.1,202194.0
2025-08-22 09:30:00,227.1,227.1,227.1,227.1,348.0
2025-08-22 09:35:00,227.04,227.06,227.04,227.05,1112.0
2025-08-22 09:40:00,227.13,227.15,227.13,227.15,1066.0
2025-08-22 09:45:00,227.12,227.15,227.12,227.14,2380.0
2025-08-22 09:50:00,227.16,227.16,227.16,227.16,313.0
2025-08-22 09:55:00,227.15,227.15,227.09,227.09,1094.0
2025-08-22 10:00:00,227.12,227.17,227.12,227.15,1831.0
2025-08-22 10:05:00,227.16,227.19,227.16,227.18,2385.0
2025-08-22 10:10:00,227.21,227.21,227.17,227.19,1211.0
2025-08-22 10:15:00,227.18,227.18,227.11,227.13,2367.0
2025-08-22 10:20:00,227.2,227.2,227.16,227.17,2401.0
2025-08-22 10:25:00,227.25,227.28,227.22,227.28,2487.0
2025-08-22 10:30:00,227.29,227.32,227.29,227.3,2091.0
2025-08-22 10:35:00,227.36,227.36,227.25,227.27,695.0
2025-08-22 10:40:00,227.3,227.34,227.28,227.34,2563.0
2025-08-22 10:45:00,227.32,227.32,227.31,227.31,233.0
2025-08-22 10:50:00,227.32,227.33,227.32,227.33,1101.0
2025-08-22 10:55:00,227.32,227.34,227.3,227.33,2644.0
2025-08-22 11:00:00,227.29,227.33,227.24,227.24,4325.0
2025-08-22 11:05:00,227.25,227.33,227.25,227.3,2117.0
2025-08-22 11:10:00,227.27,227.33,227.19,227.2,6110.0
2025-08-22 11:15:00,227.27,227.27,227.1,227.16,7080.0
2025-08-22 11:20:00,227.15,227.17,227.15,227.16,2290.0
2025-08-22 11:25:00,227.24,227.24,227.13,227.13,1242.0
2025-08-22 11:30:00,227.16,227.24,227.11,227.15,7010.0
2025-08-22 11:35:00,227.14,227.15,227.1,227.13,4281.0
2025-08-22 11:40:00,227.06,227.11,227.04,227.11,1850.0
2025-08-22 11:45:00,227.05,227.14,227.03,227.12,9429.0
2025-08-22 11:50:00,227.1,227.1,227.06,227.09,2554.0
2025-08-22 11:55:00,227.05,227.1,227.05,227.08,4469.0
2025-08-22 12:00:00,227.04,227.2971,225.59,227.14,46247.0
2025-08-22 12:05:00,227.11,227.15,227.1,227.12,11783.0
2025-08-22 12:10:00,227.1,227.12,227.0208,227.06,7889.0
2025-08-22 12:15:00,227.06,227.2,227.05,227.2,18614.0
2025-08-22 12:20:00,227.1901,227.24,227.1901,227.23,30784.0
2025-08-22 12:25:00,227.22,227.32,227.22,227.27,26379.0
2025-08-22 12:30:00,227.26,227.26,227.08,227.11,67258.0
2025-08-22 12:35:00,227.08,227.08,226.95,227.02,65619.0
2025-08-22 12:40:00,227.03,227.04,226.94,227.01,17389.0
2025-08-22 12:45:00,227.01,227.11,227.01,227.07,107709.0
2025-08-22 12:50:00,227.02,227.1,227.0,227.06,32107.0
2025-08-22 12:55:00,227.05,227.08,227.01,227.04,23534.0
2025-08-22 13:00:00,227.04,227.18,227.01,227.15,23647.0
2025-08-22 13:05:00,227.15,227.185,227.06,227.07,45636.0
2025-08-22 13:10:00,227.06,227.06,226.98,227.03,48135.0
2025-08-22 13:15:00,227.04,227.215,227.04,227.2,18913.0
2025-08-22 13:20:00,227.22,227.32,227.19,227.31,9311.0
2025-08-22 13:25:00,227.29,227.45,227.21,227.4,22908.0
2025-08-22 13:30:00,227.37,228.03,227.18,227.62,979811.0
2025-08-22 13:35:00,227.62,227.74,227.35,227.475,442828.0
2025-08-22 13:40:00,227.47,227.735,227.37,227.725,497123.0
2025-08-22 13:45:00,227.73,228.04,227.61,227.72,395350.0
2025-08-22 13:50:00,227.74,227.9799,227.67,227.93,229714.0
2025-08-22 13:55:00,227.93,227.96,227.415,227.51,339688.0
2025-08-22 14:00:00,227.56,231.7,227.51,231.08,2965796.0
2025-08-22 14:05:00,231.1,232.39,230.91,232.3,2167523.0
2025-08-22 14:10:00,232.29,233.71,232.29,233.64,3005565.0
2025-08-22 14:15:00,233.63,234.025,232.59,232.6,1756505.0
2025-08-22 14:20:00,232.605,232.93,231.79,232.63,1628768.0
2025-08-22 14:25:00,232.61,233.3499,232.4,233.3,1376875.0
2025-08-22 14:30:00,233.3,234.04,233.3,233.75,1168488.0
2025-08-22 14:35:00,233.735,234.04,233.56,233.78,932521.0
2025-08-22 14:40:00,233.79,234.45,233.53,234.34,1202576.0
2025-08-22 14:45:00,234.305,234.71,234.255,234.27,927796.0
2025-08-22 14:50:00,234.28,234.94,234.24,234.859,1026723.0
2025-08-22 14:55:00,234.82,234.965,234.63,234.87,711468.0
2025-08-22 15:00:00,234.875,235.42,234.84,235.02,1706797.0
2025-08-22 15:05:00,235.02,235.08,234.54,234.67,1130122.0
2025-08-22 15:10:00,234.66,235.12,234.6,234.75,651104.0
2025-08-22 15:15:00,234.73,235.32,234.72,235.125,580664.0
2025-08-22 15:20:00,235.11,235.17,234.7599,234.785,366086.0
2025-08-22 15:25:00,234.78,234.84,234.655,234.8,446531.0
2025-08-22 15:30:00,234.79,235.325,234.775,235.23,381763.0
2025-08-22 15:35:00,235.22,235.26,234.82,234.85,449985.0
2025-08-22 15:40:00,234.855,234.985,234.74,234.75,349402.0
2025-08-22 15:45:00,234.75,235.01,234.69,234.97,446468.0
2025-08-22 15:50:00,234.95,235.045,234.84,234.99,543624.0
2025-08-22 15:55:00,234.98,235.0,234.54,234.58,661533.0
2025-08-22 16:00:00,234.6,235.19,234.52,235.16,1405824.0
2025-08-25 09:30:00,234.63,234.66,234.6,234.6,9429.0
2025-08-25 09:35:00,234.76,234.82,234.76,234.79,9885.0
2025-08-25 09:40:00,234.82,234.82,234.76,234.76,3255.0
2025-08-25 09:45:00,234.78,234.78,234.69,234.69,2166.0
2025-08-25 09:50:00,234.66,234.67,234.65,234.65,1820.0
2025-08-25 09:55:00,234.67,234.78,234.67,234.78,7023.0
2025-08-25 10:00:00,234.74,234.74,234.72,234.72,2171.0
2025-08-25 10:05:00,234.7,234.76,234.7,234.73,2271.0
2025-08-25 10:10:00,234.72,234.72,234.72,234.72,302.0
2025-08-25 10:15:00,234.69,234.69,234.61,234.62,1597.0
2025-08-25 10:20:00,234.64,234.64,234.59,234.59,844.0
2025-08-25 10:25:00,234.59,234.59,234.44,234.5,4662.0
2025-08-25 10:30:00,234.51,234.57,234.48,234.54,4829.0
2025-08-25 10:35:00,234.55,234.55,234.48,234.51,3439.0
2025-08-25 10:40:00,234.61,234.64,234.61,234.64,2931.0
2025-08-25 10:45:00,234.59,234.61,234.59,234.61,1069.0
2025-08-25 10:50:00,234.56,234.6,234.56,234.6,3027.0
2025-08-25 10:55:00,234.56,234.56,234.47,234.47,6219.0
2025-08-25 11:00:00,234.48,234.61,234.46,234.59,12297.0
2025-08-25 11:05:00,234.59,234.66,234.56,234.66,2574.0
2025-08-25 11:10:00,234.62,234.68,234.53,234.62,35222.0
2025-08-25 11:15:00,234.61,234.71,234.57,234.68,3536.0
2025-08-25 11:20:00,234.68,234.7,234.64,234.65,3541.0
2025-08-25 11:25:00,234.62,234.7,234.62,234.65,2623.0
2025-08-25 11:30:00,234.63,234.63,234.59,234.6,5417.0
2025-08-25 11:35:00,234.58,234.58,234.53,234.55,7807.0
2025-08-25 11:40:00,234.58,234.58,234.5,234.53,6995.0
2025-08-25 11:45:00,234.57,234.59,234.47,234.47,4463.0
2025-08-25 11:50:00,234.44,234.51,234.42,234.51,4264.0
2025-08-25 11:55:00,234.48,234.48,234.37,234.37,4844.0
2025-08-25 12:00:00,234.58,235.3,234.21,234.25,62351.0
2025-08-25 12:05:00,234.25,234.269,234.0616,234.07,19073.0
2025-08-25 12:10:00,234.07,234.11,234.03,234.1,10886.0
2025-08-25 12:15:00,234.06,234.1,233.93,234.02,8373.0
2025-08-25 12:20:00,234.0,234.07,233.95,233.98,44241.0
2025-08-25 12:25:00,233.95,233.95,233.86,233.87,16282.0
2025-08-25 12:30:00,233.86,233.86,233.63,233.74,21543.0
2025-08-25 12:35:00,233.72,233.75,233.61,233.7396,59520.0
2025-08-25 12:40:00,233.8,233.84,233.75,233.75,35435.0
2025-08-25 12:45:00,233.8,233.85,233.71,233.85,36747.0
2025-08-25 12:50:00,233.84,233.97,233.84,233.9,15476.0
2025-08-25 12:55:00,233.9,233.9,233.85,233.8991,17332.0
2025-08-25 13:00:00,233.88,233.96,233.82,233.95,16980.0
2025-08-25 13:05:00,233.94,233.95,233.89,233.91,18407.0
2025-08-25 13:10:00,233.89,234.06,233.84,234.01,14012.0
2025-08-25 13:15:00,234.02,234.15,233.99,234.15,32603.0
2025-08-25 13:20:00,234.15,234.21,234.11,234.17,13026.0
2025-08-25 13:25:00,234.17,234.21,234.0707,234.14,12008.0
2025-08-25 13:30:00,234.14,234.27,233.75,233.81,1004796.0
2025-08-25 13:35:00,233.81,234.099,233.67,233.985,747853.0
2025-08-25 13:40:00,233.985,234.0699,233.71,234.04,707394.0
2025-08-25 13:45:00,234.04,234.055,233.385,233.82,577296.0
2025-08-25 13:50:00,233.8,233.8,233.495,233.73,448188.0
2025-08-25 13:55:00,233.725,233.99,233.695,233.99,473727.0
2025-08-25 14:00:00,233.98,234.14,233.6804,233.82,715992.0
2025-08-25 14:05:00,233.82,234.25,233.8,234.24,703274.0
2025-08-25 14:10:00,234.23,234.24,233.79,234.02,520537.0
2025-08-25 14:15:00,234.01,234.25,233.95,234.19,395975.0
2025-08-25 14:20:00,234.18,234.25,233.8,233.87,520376.0
2025-08-25 14:25:00,233.87,234.16,233.8,234.15,364880.0
2025-08-25 14:30:00,234.15,234.23,233.99,234.16,354428.0
2025-08-25 14:35:00,234.17,234.3,234.1095,234.1201,411943.0
2025-08-25 14:40:00,234.12,234.2,233.91,234.07,370504.0
2025-08-25 14:45:00,234.07,234.125,233.869,233.97,382962.0
2025-08-25 14:50:00,233.98,234.15,233.83,233.86,378648.0
2025-08-25 14:55:00,233.85,233.99,233.76,233.94,314559.0
2025-08-25 15:00:00,233.94,233.96,233.69,233.77,371105.0
2025-08-25 15:05:00,233.76,233.9,233.74,233.9,245112.0
2025-08-25 15:10:00,233.9,233.91,233.53,233.705,299423.0
2025-08-25 15:15:00,233.705,233.745,233.52,233.54,256157.0
2025-08-25 15:20:00,233.55,233.75,233.53,233.705,247980.0
2025-08-25 15:25:00,233.715,233.855,233.715,233.79,176840.0
2025-08-25 15:30:00,233.79,233.84,233.655,233.725,210541.0
2025-08-25 15:35:00,233.725,233.75,233.46,233.55,270906.0
2025-08-25 15:40:00,233.54,233.595,233.42,233.54,254545.0
2025-08-25 15:45:00,233.53,233.5575,233.35,233.38,333165.0
2025-08-25 15:50:00,233.37,233.535,233.325,233.52,282283.0
2025-08-25 15:55:00,233.52,233.54,233.44,233.495,471579.0
2025-08-25 16:00:00,233.49,233.57,233.4107,233.43,245105.0
2025-08-26 09:30:00,231.93,231.99,231.93,231.99,889.0
2025-08-26 09:35:00,232.0,232.0,232.0,232.0,671.0
2025-08-26 09:40:00,231.91,231.91,231.81,231.88,1588.0
2025-08-26 09:45:00,231.93,231.95,231.92,231.95,611.0
2025-08-26 09:50:00,231.95,231.96,231.95,231.96,545.0
2025-08-26 09:55:00,232.01,232.06,232.0,232.06,2391.0
2025-08-26 10:00:00,232.07,232.12,232.07,232.11,6629.0
2025-08-26 10:05:00,232.1,232.14,232.09,232.1,4575.0
2025-08-26 10:10:00,232.21,232.31,232.21,232.25,9814.0
2025-08-26 10:15:00,232.27,232.27,232.16,232.16,3327.0
2025-08-26 10:20:00,232.17,232.17,232.08,232.1,4705.0
2025-08-26 10:25:00,232.11,232.2,232.11,232.19,4637.0
2025-08-26 10:30:00,232.15,232.29,232.15,232.29,2932.0
2025-08-26 10:35:00,232.28,232.35,232.28,232.31,3568.0
2025-08-26 10:40:00,232.37,232.37,232.3,232.3,2548.0
2025-08-26 10:45:00,232.33,232.43,232.32,232.43,1356.0
2025-08-26 10:50:00,232.41,232.44,232.37,232.37,1137.0
2025-08-26 10:55:00,232.44,232.44,232.39,232.39,606.0
2025-08-26 11:00:00,232.44,232.44,232.28,232.31,2939.0
2025-08-26 11:05:00,232.38,232.42,232.3,232.42,3582.0
2025-08-26 11:10:00,232.44,232.44,232.39,232.39,725.0
2025-08-26 11:15:00,232.4,232.4,232.3,232.3,1127.0
2025-08-26 11:20:00,232.25,232.32,232.24,232.32,8128.0
2025-08-26 11:25:00,232.386,232.386,232.37,232.37,627.0
2025-08-26 11:30:00,232.34,232.34,232.15,232.15,9250.0
2025-08-26 11:35:00,232.15,232.21,232.15,232.19,3847.0
2025-08-26 11:40:00,232.25,232.31,232.25,232.31,8671.0
2025-08-26 11:45:00,232.31,232.31,232.2,232.27,35141.0
2025-08-26 11:50:00,232.28,232.38,232.28,232.38,3665.0
2025-08-26 11:55:00,232.54,232.54,232.5,232.53,8852.0
2025-08-26 12:00:00,231.64,232.55,231.26,232.53,35944.0
2025-08-26 12:05:00,232.5,232.54,232.37,232.42,29201.0
2025-08-26 12:10:00,232.42,232.54,232.39,232.39,69857.0
2025-08-26 12:15:00,232.4,232.5109,232.33,232.47,11820.0
2025-08-26 12:20:00,232.47,232.57,232.42,232.57,5627.0
2025-08-26 12:25:00,232.5,232.53,232.48,232.48,3416.0
2025-08-26 12:30:00,232.5,232.77,232.5,232.77,22622.0
2025-08-26 12:35:00,232.73,232.73,232.61,232.71,14165.0
2025-08-26 12:40:00,232.73,232.79,232.63,232.67,10697.0
2025-08-26 12:45:00,232.66,232.83,232.66,232.81,11453.0
2025-08-26 12:50:00,232.82,232.83,232.67,232.67,15315.0
2025-08-26 12:55:00,232.65,232.9,232.65,232.9,12726.0
2025-08-26 13:00:00,232.88,232.8999,232.75,232.75,13777.0
2025-08-26 13:05:00,232.77,232.95,232.77,232.9101,21659.0
2025-08-26 13:10:00,232.88,232.95,232.84,232.92,14844.0
2025-08-26 13:15:00,232.93,233.04,232.9006,233.01,43501.0
2025-08-26 13:20:00,232.98,233.04,232.97,233.01,13509.0
2025-08-26 13:25:00,233.03,233.09,232.81,232.83,49250.0
2025-08-26 13:30:00,232.83,233.16,232.59,233.05,873868.0
2025-08-26 13:35:00,233.05,233.2675,232.76,233.2599,431443.0
2025-08-26 13:40:00,233.25,233.825,233.21,233.73,512420.0
2025-08-26 13:45:00,233.74,233.955,233.24,233.39,714748.0
2025-08-26 13:50:00,233.4,233.79,233.2405,233.67,465852.0
2025-08-26 13:55:00,233.66,233.675,233.35,233.59,249341.0
2025-08-26 14:00:00,233.62,233.96,233.6,233.88,411725.0
2025-08-26 14:05:00,233.88,234.1781,233.78,234.0608,275254.0
2025-08-26 14:10:00,234.08,234.26,234.02,234.185,426189.0
2025-08-26 14:15:00,234.19,234.38,234.02,234.07,357014.0
2025-08-26 14:20:00,234.055,234.43,234.0101,234.37,333968.0
2025-08-26 14:25:00,234.38,234.45,234.09,234.13,651591.0
2025-08-26 14:30:00,234.135,234.24,233.99,234.0585,331602.0
2025-08-26 14:35:00,234.05,234.17,233.89,233.9,590315.0
2025-08-26 14:40:00,233.89,233.98,233.73,233.86,207486.0
2025-08-26 14:45:00,233.9,233.94,233.69,233.73,219604.0
2025-08-26 14:50:00,233.73,233.82,233.6,233.755,207882.0
2025-08-26 14:55:00,233.755,233.945,233.73,233.89,240476.0
2025-08-26 15:00:00,233.895,234.1,233.78,234.1,209935.0
2025-08-26 15:05:00,234.1,234.17,233.89,233.9,262276.0
2025-08-26 15:10:00,233.9,234.09,233.77,234.07,285430.0
2025-08-26 15:15:00,234.06,234.105,233.85,234.09,186044.0
2025-08-26 15:20:00,234.095,234.165,233.99,234.1193,150148.0
2025-08-26 15:25:00,234.12,234.12,233.85,233.86,321254.0
2025-08-26 15:30:00,233.86,234.0299,233.82,233.9,237584.0
2025-08-26 15:35:00,233.91,234.16,233.89,234.085,243011.0
2025-08-26 15:40:00,234.08,234.09,233.91,233.965,171661.0
2025-08-26 15:45:00,233.965,234.015,233.93,233.9594,179359.0
2025-08-26 15:50:00,233.96,234.185,233.9,234.14,239794.0
2025-08-26 15:55:00,234.155,234.195,234.05,234.06,150168.0
2025-08-26 16:00:00,234.05,234.2199,234.05,234.205,245778.0
2025-08-27 09:30:00,234.26,234.35,234.26,234.29,3220.0
2025-08-27 09:35:00,234.25,234.29,234.25,234.27,946.0
2025-08-27 09:40:00,234.28,234.28,234.23,234.23,814.0
2025-08-27 09:45:00,234.22,234.22,234.17,234.18,2496.0
2025-08-27 09:50:00,234.17,234.17,234.08,234.08,2201.0
2025-08-27 09:55:00,234.08,234.12,234.08,234.12,1488.0
2025-08-27 10:00:00,234.07,234.07,234.01,234.01,2844.0
2025-08-27 10:05:00,234.0,234.01,233.98,234.01,2521.0
2025-08-27 10:10:00,233.99,234.03,233.95,233.99,4038.0
2025-08-27 10:15:00,234.05,234.07,233.99,233.99,1209.0
2025-08-27 10:20:00,233.97,233.97,233.92,233.93,1734.0
2025-08-27 10:25:00,233.99,234.11,233.99,234.08,1850.0
2025-08-27 10:30:00,234.1,234.11,234.1,234.11,979.0
2025-08-27 10:35:00,234.11,234.15,234.11,234.15,633.0
2025-08-27 10:40:00,234.17,234.2,234.14,234.14,2428.0
2025-08-27 10:45:00,234.09,234.14,234.09,234.14,858.0
2025-08-27 10:50:00,234.23,234.28,234.22,234.28,2686.0
2025-08-27 10:55:00,234.28,234.28,234.2,234.21,1408.0
2025-08-27 11:00:00,234.25,234.25,234.2,234.2,2711.0
2025-08-27 11:05:00,234.29,234.29,234.29,234.29,157.0
2025-08-27 11:10:00,234.28,234.28,234.18,234.22,1241.0
2025-08-27 11:15:00,234.17,234.29,234.11,234.29,4563.0
2025-08-27 11:20:00,234.26,234.28,234.18,234.18,4520.0
2025-08-27 11:25:00,234.13,234.3,234.11,234.22,41714.0
2025-08-27 11:30:00,234.2,234.27,234.2,234.25,2515.0
2025-08-27 11:35:00,234.25,234.28,234.25,234.25,2707.0
2025-08-27 11:40:00,234.29,234.29,234.17,234.209,2160.0
2025-08-27 11:45:00,234.17,234.22,234.16,234.22,1249.0
2025-08-27 11:50:00,234.22,234.25,234.16,234.16,6518.0
2025-08-27 11:55:00,234.16,234.2,234.1,234.11,3414.0
2025-08-27 12:00:00,234.19,234.61,234.01,234.07,23599.0
2025-08-27 12:05:00,234.08,234.23,234.08,234.22,4526.0
2025-08-27 12:10:00,234.19,234.2599,234.18,234.24,6989.0
2025-08-27 12:15:00,234.24,234.26,234.19,234.22,7554.0
2025-08-27 12:20:00,234.18,234.19,234.09,234.1,12341.0
2025-08-27 12:25:00,234.1,234.1,233.95,233.97,23786.0
2025-08-27 12:30:00,233.96,234.01,233.79,233.8,45402.0
2025-08-27 12:35:00,233.81,233.87,233.79,233.81,41917.0
2025-08-27 12:40:00,233.84,233.85,233.68,233.74,21950.0
2025-08-27 12:45:00,233.74,233.95,233.74,233.909,23122.0
2025-08-27 12:50:00,233.87,233.9,233.84,233.9,10949.0
2025-08-27 12:55:00,233.91,233.92,233.84,233.89,13053.0
2025-08-27 13:00:00,233.87,233.89,233.71,233.72,26621.0
2025-08-27 13:05:00,233.72,233.75,233.63,233.66,37001.0
2025-08-27 13:10:00,233.63,233.72,233.61,233.7101,17771.0
2025-08-27 13:15:00,233.71,233.78,233.69,233.75,17787.0
2025-08-27 13:20:00,233.73,233.77,233.6701,233.77,25798.0
2025-08-27 13:25:00,233.73,233.8,233.66,233.74,20544.0
2025-08-27 13:30:00,233.74,234.57,233.555,234.57,881191.0
2025-08-27 13:35:00,234.56,235.0,234.49,234.99,475246.0
2025-08-27 13:40:00,234.99,235.75,234.99,235.66,792846.0
2025-08-27 13:45:00,235.67,235.88,235.34,235.53,725540.0
2025-08-27 13:50:00,235.54,235.72,235.45,235.6925,483797.0
2025-08-27 13:55:00,235.69,235.69,235.04,235.34,534153.0
2025-08-27 14:00:00,235.325,235.36,234.835,234.905,435157.0
2025-08-27 14:05:00,234.9,235.2951,234.9,235.12,590816.0
2025-08-27 14:10:00,235.12,235.365,235.04,235.25,348294.0
2025-08-27 14:15:00,235.25,235.4,235.09,235.29,363548.0
2025-08-27 14:20:00,235.29,235.4799,235.225,235.41,274799.0
2025-08-27 14:25:00,235.41,235.44,235.135,235.25,358082.0
2025-08-27 14:30:00,235.225,235.295,235.04,235.18,248615.0
2025-08-27 14:35:00,235.19,235.19,234.78,234.85,305551.0
2025-08-27 14:40:00,234.84,234.95,234.77,234.89,276415.0
2025-08-27 14:45:00,234.9,234.97,234.69,234.95,234191.0
2025-08-27 14:50:00,234.95,235.22,234.895,235.1775,253710.0
2025-08-27 14:55:00,235.16,235.395,235.12,235.39,315701.0
2025-08-27 15:00:00,235.39,235.665,235.3899,235.515,466118.0
2025-08-27 15:05:00,235.52,235.7,235.4601,235.6565,340964.0
2025-08-27 15:10:00,235.655,235.7399,235.555,235.61,277593.0
2025-08-27 15:15:00,235.61,235.74,235.54,235.7,144431.0
2025-08-27 15:20:00,235.7,235.82,235.62,235.8,156244.0
2025-08-27 15:25:00,235.79,235.795,235.6401,235.76,363973.0
2025-08-27 15:30:00,235.75,235.76,235.505,235.63,376098.0
2025-08-27 15:35:00,235.62,235.63,235.435,235.62,165733.0
2025-08-27 15:40:00,235.62,235.62,235.27,235.49,263447.0
2025-08-27 15:45:00,235.49,235.62,235.415,235.6019,132152.0
2025-08-27 15:50:00,235.6,235.65,235.555,235.58,112696.0
2025-08-27 15:55:00,235.57,235.635,235.51,235.53,136786.0
2025-08-27 16:00:00,235.525,235.595,235.35,235.37,175453.0
2025-08-28 09:30:00,237.77,237.79,237.73,237.75,1738.0
2025-08-28 09:35:00,237.75,237.76,237.67,237.67,2164.0
2025-08-28 09:40:00,237.68,237.7,237.64,237.7,3188.0
2025-08-28 09:45:00,237.7,237.7,237.61,237.61,6154.0
2025-08-28 09:50:00,237.64,237.75,237.64,237.71,1521.0
2025-08-28 09:55:00,237.72,237.74,237.71,237.72,1131.0
2025-08-28 10:00:00,237.68,237.68,237.5,237.54,4040.0
2025-08-28 10:05:00,237.52,237.52,237.44,237.47,2486.0
2025-08-28 10:10:00,237.46,237.51,237.46,237.51,1832.0
2025-08-28 10:15:00,237.49,237.49,237.49,237.49,523.0
2025-08-28 10:20:00,237.51,237.51,237.51,237.51,289.0
2025-08-28 10:25:00,237.47,237.47,237.46,237.46,993.0
2025-08-28 10:30:00,237.44,237.44,237.44,237.44,110.0
2025-08-28 10:35:00,237.47,237.47,237.26,237.26,1377.0
2025-08-28 10:40:00,237.18,237.21,237.01,237.01,21062.0
2025-08-28 10:45:00,237.04,237.12,237.04,237.08,2998.0
2025-08-28 10:50:00,237.06,237.15,237.06,237.13,2601.0
2025-08-28 10:55:00,237.13,237.21,237.12,237.15,1505.0
2025-08-28 11:00:00,237.15,237.26,237.15,237.2,3879.0
2025-08-28 11:05:00,237.16,237.16,237.07,237.07,1439.0
2025-08-28 11:10:00,237.04,237.06,237.0,237.0,2187.0
2025-08-28 11:15:00,237.0,237.07,237.0,237.0,4635.0
2025-08-28 11:20:00,236.96,237.0,236.95,237.0,450.0
2025-08-28 11:25:00,236.97,236.99,236.97,236.97,1978.0
2025-08-28 11:30:00,237.02,237.02,237.0,237.0,1559.0
2025-08-28 11:35:00,237.03,237.04,237.02,237.02,930.0
2025-08-28 11:40:00,237.0,237.02,236.98,237.02,1283.0
2025-08-28 11:45:00,236.98,236.98,236.96,236.98,9117.0
2025-08-28 11:50:00,237.0,237.06,237.0,237.01,2552.0
2025-08-28 11:55:00,237.05,237.11,237.04,237.1,21233.0
2025-08-28 12:00:00,237.04,237.756,236.65,237.08,85081.0
2025-08-28 12:05:00,237.06,237.1,236.96,236.96,14180.0
2025-08-28 12:10:00,236.93,236.93,236.8,236.81,21534.0
2025-08-28 12:15:00,236.8,236.87,236.76,236.79,23792.0
2025-08-28 12:20:00,236.76,236.76,236.62,236.69,17075.0
2025-08-28 12:25:00,236.6893,236.81,236.67,236.81,7899.0
2025-08-28 12:30:00,236.79,236.93,236.66,236.85,69263.0
2025-08-28 12:35:00,236.83,237.0,236.75,237.0,20465.0
2025-08-28 12:40:00,236.97,237.3,236.97,237.21,43772.0
2025-08-28 12:45:00,237.18,237.18,236.9899,237.08,17713.0
2025-08-28 12:50:00,237.06,237.14,236.98,237.09,14945.0
2025-08-28 12:55:00,237.08,237.11,236.97,237.06,19983.0
2025-08-28 13:00:00,237.04,237.2492,237.04,237.22,29790.0
2025-08-28 13:05:00,237.23,237.24,237.04,237.11,36675.0
2025-08-28 13:10:00,237.09,237.13,237.02,237.02,11299.0
2025-08-28 13:15:00,237.01,237.12,237.01,237.08,10190.0
2025-08-28 13:20:00,237.09,237.21,237.09,237.14,15409.0
2025-08-28 13:25:00,237.21,237.21,236.92,236.95,38118.0
2025-08-28 13:30:00,236.96,236.97,236.36,236.5209,1008473.0
2025-08-28 13:35:00,236.52,236.69,236.23,236.4401,628538.0
2025-08-28 13:40:00,236.44,236.49,236.14,236.235,735831.0
2025-08-28 13:45:00,236.24,236.29,235.56,235.77,805259.0
2025-08-28 13:50:00,235.77,236.105,235.48,236.05,748105.0
2025-08-28 13:55:00,236.05,236.255,235.91,236.17,365549.0
2025-08-28 14:00:00,236.15,236.5,235.935,235.94,535055.0
2025-08-28 14:05:00,235.93,236.33,235.91,236.02,671361.0
2025-08-28 14:10:00,235.99,236.42,235.97,235.995,354027.0
2025-08-28 14:15:00,235.99,236.07,235.7,235.77,324056.0
2025-08-28 14:20:00,235.775,235.92,235.65,235.9,275480.0
2025-08-28 14:25:00,235.89,235.92,235.56,235.79,289953.0
2025-08-28 14:30:00,235.79,235.92,235.58,235.64,322004.0
2025-08-28 14:35:00,235.65,235.68,235.46,235.55,214334.0
2025-08-28 14:40:00,235.54,235.79,235.53,235.625,262405.0
2025-08-28 14:45:00,235.625,235.65,235.4324,235.475,268877.0
2025-08-28 14:50:00,235.485,235.55,235.37,235.41,268309.0
2025-08-28 14:55:00,235.42,235.71,235.345,235.64,295158.0
2025-08-28 15:00:00,235.64,235.94,235.62,235.87,328475.0
2025-08-28 15:05:00,235.88,235.88,235.54,235.6,266946.0
2025-08-28 15:10:00,235.61,235.9,235.56,235.89,227241.0
2025-08-28 15:15:00,235.895,236.03,235.74,235.79,319856.0
2025-08-28 15:20:00,235.78,235.78,235.42,235.55,321925.0
2025-08-28 15:25:00,235.56,235.6,235.44,235.54,505378.0
2025-08-28 15:30:00,235.54,235.85,235.535,235.785,203566.0
2025-08-28 15:35:00,235.78,236.0699,235.72,236.0,431167.0
2025-08-28 15:40:00,236.01,236.2,235.925,236.19,263936.0
2025-08-28 15:45:00,236.18,236.2,236.02,236.105,260847.0
2025-08-28 15:50:00,236.1,236.14,235.99,236.11,554459.0
2025-08-28 15:55:00,236.105,236.32,236.1,236.28,204207.0
2025-08-28 16:00:00,236.27,236.34,236.17,236.19,220203.0
2025-08-29 09:30:00,235.7,235.73,235.68,235.68,1450.0
2025-08-29 09:35:00,235.67,235.71,235.67,235.7,3328.0
2025-08-29 09:40:00,235.68,235.68,235.64,235.67,2400.0
2025-08-29 09:45:00,235.74,235.74,235.72,235.72,787.0
2025-08-29 09:50:00,235.69,235.74,235.69,235.74,1085.0
2025-08-29 09:55:00,235.7,235.7,235.64,235.67,1547.0
2025-08-29 10:00:00,235.63,235.63,235.57,235.57,1700.0
2025-08-29 10:05:00,235.6,235.67,235.59,235.66,7656.0
2025-08-29 10:10:00,235.64,235.65,235.64,235.65,250.0
2025-08-29 10:15:00,235.73,235.73,235.67,235.72,800.0
2025-08-29 10:20:00,235.73,235.73,235.73,235.73,335.0
2025-08-29 10:25:00,235.77,235.78,235.76,235.78,6843.0
2025-08-29 10:30:00,235.79,235.79,235.74,235.74,2488.0
2025-08-29 10:35:00,235.7,235.78,235.7,235.78,2294.0
2025-08-29 10:40:00,235.76,235.8,235.75,235.75,2011.0
2025-08-29 10:45:00,235.75,235.75,235.75,235.75,116.0
2025-08-29 10:50:00,235.75,235.75,235.74,235.74,1105.0
2025-08-29 10:55:00,235.76,235.76,235.74,235.74,1977.0
2025-08-29 11:00:00,235.75,235.82,235.74,235.79,4284.0
2025-08-29 11:05:00,235.82,235.82,235.79,235.8,1426.0
2025-08-29 11:10:00,235.78,235.78,235.78,235.78,1359.0
2025-08-29 11:15:00,235.86,235.89,235.85,235.87,2430.0
2025-08-29 11:20:00,235.82,235.88,235.82,235.82,3389.0
2025-08-29 11:25:00,235.77,235.84,235.77,235.84,1357.0
2025-08-29 11:30:00,235.82,235.83,235.78,235.78,1136.0
2025-08-29 11:35:00,235.786,235.786,235.786,235.786,907.0
2025-08-29 11:40:00,235.75,235.75,235.75,235.75,249.0
2025-08-29 11:45:00,235.75,235.77,235.75,235.75,1140.0
2025-08-29 11:50:00,235.7,235.72,235.66,235.7,2625.0
2025-08-29 11:55:00,235.74,235.76,235.74,235.74,2999.0
2025-08-29 12:00:00,235.77,236.37,235.64,235.64,22789.0
2025-08-29 12:05:00,235.64,235.69,235.56,235.67,8908.0
2025-08-29 12:10:00,235.64,235.66,235.62,235.66,2877.0
2025-08-29 12:15:00,235.69,235.74,235.62,235.62,7885.0
2025-08-29 12:20:00,235.68,235.71,235.65,235.71,4517.0
2025-08-29 12:25:00,235.68,235.7787,235.67,235.72,14339.0
2025-08-29 12:30:00,235.8,236.59,235.8,236.24,269316.0
2025-08-29 12:35:00,236.26,236.32,236.05,236.1,30103.0
2025-08-29 12:40:00,236.1,236.24,235.95,236.18,32581.0
2025-08-29 12:45:00,236.16,236.28,236.15,236.25,39364.0
2025-08-29 12:50:00,236.27,236.27,236.18,236.22,12152.0
2025-08-29 12:55:00,236.22,236.23,236.15,236.17,18495.0
2025-08-29 13:00:00,236.17,236.33,236.17,236.31,24937.0
2025-08-29 13:05:00,236.31,236.35,236.17,236.33,17686.0
2025-08-29 13:10:00,236.32,236.5,236.32,236.489,11341.0
2025-08-29 13:15:00,236.49,236.55,236.43,236.43,24746.0
2025-08-29 13:20:00,236.44,236.6,236.44,236.52,25871.0
2025-08-29 13:25:00,236.58,237.18,236.551,236.77,46837.0
2025-08-29 13:30:00,236.74,237.02,236.46,236.59,925326.0
2025-08-29 13:35:00,236.59,236.7,236.26,236.35,388579.0
2025-08-29 13:40:00,236.31,236.81,236.27,236.79,371929.0
2025-08-29 13:45:00,236.79,236.79,236.31,236.38,450664.0
2025-08-29 13:50:00,236.39,236.41,236.02,236.11,423644.0
2025-08-29 13:55:00,236.11,236.23,235.73,236.0819,480573.0
2025-08-29 14:00:00,236.11,236.43,235.46,235.4701,422017.0
2025-08-29 14:05:00,235.47,235.57,235.08,235.2092,587658.0
2025-08-29 14:10:00,235.2,235.28,234.82,235.11,591207.0
2025-08-29 14:15:00,235.11,235.15,234.71,234.91,430128.0
2025-08-29 14:20:00,234.92,235.37,234.91,235.11,344276.0
2025-08-29 14:25:00,235.09,235.13,234.72,235.13,293462.0
2025-08-29 14:30:00,235.14,235.29,234.85,235.23,442435.0
2025-08-29 14:35:00,235.23,235.23,234.91,235.11,351344.0
2025-08-29 14:40:00,235.1,235.29,234.81,234.815,385589.0
2025-08-29 14:45:00,234.83,234.925,234.52,234.63,489330.0
2025-08-29 14:50:00,234.64,234.66,234.37,234.6301,474953.0
2025-08-29 14:55:00,234.64,234.91,234.52,234.81,557168.0
2025-08-29 15:00:00,234.81,234.925,234.69,234.76,399070.0
2025-08-29 15:05:00,234.765,235.055,234.75,235.04,304755.0
2025-08-29 15:10:00,235.04,235.11,234.84,234.84,311595.0
2025-08-29 15:15:00,234.85,234.9201,234.745,234.81,238639.0
2025-08-29 15:20:00,234.8,234.85,234.68,234.835,226097.0
2025-08-29 15:25:00,234.85,235.01,234.765,234.805,308401.0
2025-08-29 15:30:00,234.8,234.88,234.64,234.74,262435.0
2025-08-29 15:35:00,234.75,234.96,234.73,234.875,238063.0
2025-08-29 15:40:00,234.88,234.91,234.74,234.82,233232.0
2025-08-29 15:45:00,234.82,235.01,234.81,234.89,247312.0
2025-08-29 15:50:00,234.88,234.895,234.7099,234.89,259043.0
2025-08-29 15:55:00,234.89,235.11,234.885,235.0,229800.0
2025-08-29 16:00:00,234.99,235.16,234.975,235.13,200326.0
2025-09-02 09:30:00,233.61,233.61,233.52,233.54,1356.0
2025-09-02 09:35:00,233.57,233.64,233.57,233.64,3116.0
2025-09-02 09:40:00,233.6,233.64,233.6,233.64,1786.0
2025-09-02 09:45:00,233.6,233.6,233.48,233.52,1003.0
2025-09-02 09:50:00,233.44,233.44,233.43,233.43,1852.0
2025-09-02 09:55:00,233.42,233.48,233.42,233.46,1846.0
2025-09-02 10:00:00,233.41,233.45,233.4,233.44,3745.0
2025-09-02 10:05:00,233.42,233.46,233.41,233.46,781.0
2025-09-02 10:10:00,233.54,233.54,233.4,233.4,1759.0
2025-09-02 10:15:00,233.37,233.37,233.27,233.3,1740.0
2025-09-02 10:20:00,233.32,233.32,233.25,233.25,781.0
2025-09-02 10:25:00,233.17,233.17,233.04,233.14,8105.0
2025-09-02 10:30:00,233.11,233.11,232.95,232.99,9365.0
2025-09-02 10:35:00,233.02,233.1,233.02,233.04,2768.0
2025-09-02 10:40:00,233.03,233.03,232.81,232.93,8474.0
2025-09-02 10:45:00,232.95,232.99,232.87,232.87,4735.0
2025-09-02 10:50:00,232.87,232.87,232.68,232.69,8934.0
2025-09-02 10:55:00,232.73,232.77,232.7,232.76,3736.0
2025-09-02 11:00:00,232.76,232.86,232.72,232.82,14191.0
2025-09-02 11:05:00,232.82,232.85,232.79,232.81,10713.0
2025-09-02 11:10:00,232.79,232.83,232.67,232.81,8831.0
2025-09-02 11:15:00,232.78,232.87,232.78,232.8,10305.0
2025-09-02 11:20:00,232.74,232.8,232.69,232.8,9191.0
2025-09-02 11:25:00,232.82,232.93,232.81,232.89,15374.0
2025-09-02 11:30:00,232.75,232.83,232.75,232.83,2196.0
2025-09-02 11:35:00,232.8,232.84,232.76,232.77,5005.0
2025-09-02 11:40:00,232.8,233.0,232.8,232.8,12564.0
2025-09-02 11:45:00,232.85,232.88,232.84,232.88,1801.0
2025-09-02 11:50:00,232.87,232.93,232.8,232.93,2739.0
2025-09-02 11:55:00,232.91,233.0,232.87,233.0,104000.0
2025-09-02 12:00:00,232.96,235.06,232.5,232.64,73186.0
2025-09-02 12:05:00,232.64,232.69,232.48,232.54,92793.0
2025-09-02 12:10:00,232.55,232.58,232.42,232.49,95265.0
2025-09-02 12:15:00,232.53,232.6,232.07,232.08,40284.0
2025-09-02 12:20:00,232.1,232.25,231.94,232.02,42695.0
2025-09-02 12:25:00,232.02,232.05,231.9,231.99,25492.0
2025-09-02 12:30:00,231.92,232.01,231.85,232.01,15290.0
2025-09-02 12:35:00,232.03,232.17,231.96,231.98,22682.0
2025-09-02 12:40:00,231.92,231.92,231.59,231.75,25953.0
2025-09-02 12:45:00,231.7499,231.77,231.53,231.5405,23577.0
2025-09-02 12:50:00,231.58,231.92,230.86,231.39,62035.0
2025-09-02 12:55:00,231.39,231.61,231.2,231.38,44266.0
2025-09-02 13:00:00,231.39,231.51,231.28,231.49,26974.0
2025-09-02 13:05:00,231.56,231.71,231.49,231.63,77454.0
2025-09-02 13:10:00,231.65,231.86,231.6,231.86,10123.0
2025-09-02 13:15:00,231.86,232.02,231.86,231.97,21941.0
2025-09-02 13:20:00,231.9,231.97,231.79,231.97,17047.0
2025-09-02 13:25:00,231.95,232.11,231.7,232.0,61553.0
2025-09-02 13:30:00,231.99,232.41,231.47,231.95,1922506.0
2025-09-02 13:35:00,231.95,232.53,231.94,232.28,886821.0
2025-09-02 13:40:00,232.28,232.95,232.13,232.86,660943.0
2025-09-02 13:45:00,232.87,233.05,232.23,233.0,907693.0
2025-09-02 13:50:00,233.0,233.71,232.92,233.7001,972943.0
2025-09-02 13:55:00,233.7,233.8477,233.435,233.76,442978.0
2025-09-02 14:00:00,233.71,234.4,233.71,234.0,972929.0
2025-09-02 14:05:00,234.02,234.07,233.64,233.7661,456438.0
2025-09-02 14:10:00,233.77,234.06,233.62,233.73,564037.0
2025-09-02 14:15:00,233.72,233.915,233.48,233.7328,340379.0
2025-09-02 14:20:00,233.69,233.92,233.4,233.46,338200.0
2025-09-02 14:25:00,233.45,233.86,233.21,233.83,693661.0
2025-09-02 14:30:00,233.82,233.82,233.58,233.69,256938.0
2025-09-02 14:35:00,233.68,233.795,233.48,233.51,299983.0
2025-09-02 14:40:00,233.49,233.5,232.99,233.12,467171.0
2025-09-02 14:45:00,233.13,233.265,232.845,232.85,399422.0
2025-09-02 14:50:00,232.84,233.01,232.785,232.895,506887.0
2025-09-02 14:55:00,232.88,233.19,232.76,233.15,350376.0
2025-09-02 15:00:00,233.16,233.32,232.92,232.9277,752166.0
2025-09-02 15:05:00,232.93,232.94,232.628,232.86,253564.0
2025-09-02 15:10:00,232.87,233.07,232.855,233.01,212163.0
2025-09-02 15:15:00,232.995,233.02,232.53,232.56,291426.0
2025-09-02 15:20:00,232.57,232.63,232.305,232.52,368307.0
2025-09-02 15:25:00,232.53,232.61,232.445,232.52,407507.0
2025-09-02 15:30:00,232.52,232.54,232.34,232.34,196751.0
2025-09-02 15:35:00,232.34,232.38,232.03,232.17,248844.0
2025-09-02 15:40:00,232.18,232.29,231.99,231.992,180241.0
2025-09-02 15:45:00,232.0,232.13,231.85,231.86,217859.0
2025-09-02 15:50:00,231.86,231.885,231.6,231.7099,295061.0
2025-09-02 15:55:00,231.7203,231.89,231.575,231.69,218029.0
2025-09-02 16:00:00,231.68,232.02,231.68,231.8,315360.0
2025-09-03 09:30:00,233.56,233.61,233.51,233.61,4161.0
2025-09-03 09:35:00,233.58,233.76,233.55,233.74,2861.0
2025-09-03 09:40:00,233.74,233.76,233.73,233.73,532.0
2025-09-03 09:45:00,233.73,233.73,233.65,233.66,1804.0
2025-09-03 09:50:00,233.66,233.69,233.64,233.67,3296.0
2025-09-03 09:55:00,233.64,233.64,233.62,233.62,431.0
2025-09-03 10:00:00,233.68,233.7,233.68,233.7,1141.0
2025-09-03 10:05:00,233.71,233.74,233.71,233.72,1807.0
2025-09-03 10:10:00,233.74,233.74,233.73,233.73,998.0
2025-09-03 10:15:00,233.72,233.72,233.64,233.65,2930.0
2025-09-03 10:20:00,233.64,233.64,233.62,233.62,212.0
2025-09-03 10:25:00,233.61,233.61,233.61,233.61,268.0
2025-09-03 10:30:00,233.7,233.73,233.67,233.73,1850.0
2025-09-03 10:35:00,233.65,233.65,233.65,233.65,435.0
2025-09-03 10:40:00,233.69,233.7,233.6,233.6,7921.0
2025-09-03 10:45:00,233.54,233.55,233.54,233.55,4739.0
2025-09-03 10:50:00,233.52,233.6,233.3,233.6,11070.0
2025-09-03 10:55:00,233.61,233.61,233.61,233.61,230.0
2025-09-03 11:00:00,233.63,233.69,233.58,233.62,8721.0
2025-09-03 11:05:00,233.62,233.69,233.61,233.61,1111.0
2025-09-03 11:10:00,233.62,233.62,233.58,233.58,1184.0
2025-09-03 11:15:00,233.59,233.63,233.57,233.61,2815.0
2025-09-03 11:20:00,233.61,233.61,233.5,233.5,4639.0
2025-09-03 11:25:00,233.54,233.54,233.49,233.5,1736.0
2025-09-03 11:30:00,233.5,233.5,233.4,233.48,3018.0
2025-09-03 11:35:00,233.501,233.57,233.501,233.54,704.0
2025-09-03 11:40:00,233.52,233.71,233.52,233.71,6303.0
2025-09-03 11:45:00,233.63,233.65,233.57,233.57,3771.0
2025-09-03 11:50:00,233.54,233.59,233.53,233.59,4808.0
2025-09-03 11:55:00,233.52,233.55,233.34,233.4,75202.0
2025-09-03 12:00:00,233.57,233.7304,232.2,233.6,143363.0
2025-09-03 12:05:00,233.58,233.64,233.55,233.62,13717.0
2025-09-03 12:10:00,233.63,233.8099,233.63,233.8099,12072.0
2025-09-03 12:15:00,233.78,233.78,233.72,233.75,8109.0
2025-09-03 12:20:00,233.75,233.8,233.6,233.6,27148.0
2025-09-03 12:25:00,233.6,233.63,233.53,233.55,21287.0
2025-09-03 12:30:00,233.54,233.54,233.29,233.34,43598.0
2025-09-03 12:35:00,233.34,233.39,233.31,233.38,57190.0
2025-09-03 12:40:00,233.38,233.38,233.19,233.24,47573.0
2025-09-03 12:45:00,233.23,233.32,233.2,233.23,9415.0
2025-09-03 12:50:00,233.27,233.28,233.17,233.2,17617.0
2025-09-03 12:55:00,233.19,233.23,233.16,233.19,12854.0
2025-09-03 13:00:00,233.22,233.23,233.1,233.19,23973.0
2025-09-03 13:05:00,233.2,233.27,233.18,233.21,14002.0
2025-09-03 13:10:00,233.25,233.48,233.25,233.46,21139.0
2025-09-03 13:15:00,233.44,233.44,233.31,233.31,5279.0
2025-09-03 13:20:00,233.33,233.43,233.25,233.3,17053.0
2025-09-03 13:25:00,233.33,233.5,233.25,233.29,39527.0
2025-09-03 13:30:00,233.27,234.3799,233.22,234.23,1017800.0
2025-09-03 13:35:00,234.24,234.65,234.14,234.59,538634.0
2025-09-03 13:40:00,234.61,235.26,234.61,235.08,545662.0
2025-09-03 13:45:00,235.08,235.09,234.15,234.68,1174770.0
2025-09-03 13:50:00,234.67,234.86,234.17,234.21,624796.0
2025-09-03 13:55:00,234.23,234.42,233.96,234.37,545099.0
2025-09-03 14:00:00,234.36,234.8,234.28,234.57,666356.0
2025-09-03 14:05:00,234.56,234.57,234.18,234.285,496917.0
2025-09-03 14:10:00,234.28,234.56,233.89,233.89,546397.0
2025-09-03 14:15:00,233.9,234.29,233.9,234.145,409963.0
2025-09-03 14:20:00,234.15,234.4,234.15,234.27,404215.0
2025-09-03 14:25:00,234.275,234.48,233.9,233.91,325805.0
2025-09-03 14:30:00,233.92,234.48,233.92,234.36,295722.0
2025-09-03 14:35:00,234.35,234.37,234.07,234.17,269660.0
2025-09-03 14:40:00,234.17,234.49,234.14,234.26,281807.0
2025-09-03 14:45:00,234.26,234.33,234.07,234.215,300924.0
2025-09-03 14:50:00,234.22,234.48,234.215,234.25,342462.0
2025-09-03 14:55:00,234.25,234.46,234.145,234.39,196334.0
2025-09-03 15:00:00,234.385,234.41,234.1613,234.23,222317.0
2025-09-03 15:05:00,234.23,234.31,234.055,234.07,251501.0
2025-09-03 15:10:00,234.07,234.11,233.72,233.84,329214.0
2025-09-03 15:15:00,233.84,233.945,233.68,233.73,246180.0
2025-09-03 15:20:00,233.72,233.75,233.44,233.7399,353473.0
2025-09-03 15:25:00,233.73,233.75,233.21,233.27,358398.0
2025-09-03 15:30:00,233.28,233.47,233.16,233.28,370150.0
2025-09-03 15:35:00,233.28,233.58,233.28,233.43,609676.0
2025-09-03 15:40:00,233.42,233.52,233.23,233.48,488733.0
2025-09-03 15:45:00,233.47,233.67,233.32,233.45,614162.0
2025-09-03 15:50:00,233.45,233.62,233.34,233.49,241703.0
2025-09-03 15:55:00,233.5,233.5,233.21,233.31,262324.0
2025-09-03 16:00:00,233.3,233.37,232.97,233.07,548254.0
2025-09-04 09:30:00,234.11,234.11,234.11,234.11,300.0
2025-09-04 09:35:00,234.15,234.15,234.06,234.09,949.0
2025-09-04 09:40:00,234.03,234.07,234.03,234.04,1598.0
2025-09-04 09:45:00,234.07,234.08,234.07,234.08,1211.0
2025-09-04 09:50:00,234.07,234.07,233.99,234.04,1091.0
2025-09-04 09:55:00,234.14,234.18,234.14,234.18,1442.0
2025-09-04 10:00:00,234.12,234.22,234.12,234.21,944.0
2025-09-04 10:05:00,234.21,234.25,234.21,234.25,1736.0
2025-09-04 10:10:00,234.24,234.42,234.24,234.41,3761.0
2025-09-04 10:15:00,234.49,234.51,234.37,234.37,3818.0
2025-09-04 10:20:00,234.38,234.38,234.33,234.35,1913.0
2025-09-04 10:25:00,234.3,234.32,234.29,234.29,2055.0
2025-09-04 10:30:00,234.29,234.31,234.29,234.31,481.0
2025-09-04 10:35:00,234.32,234.34,234.32,234.34,711.0
2025-09-04 10:40:00,234.35,234.36,234.33,234.36,1498.0
2025-09-04 10:45:00,234.34,234.37,234.31,234.36,1107.0
2025-09-04 10:50:00,234.44,234.44,234.4,234.4,2218.0
2025-09-04 10:55:00,234.4,234.4,234.36,234.37,1493.0
2025-09-04 11:00:00,234.36,234.48,234.31,234.47,5426.0
2025-09-04 11:05:00,234.42,234.44,234.4,234.41,3320.0
2025-09-04 11:10:00,234.46,234.47,234.43,234.43,1408.0
2025-09-04 11:15:00,234.45,234.46,234.32,234.32,1245.0
2025-09-04 11:20:00,234.32,234.32,234.23,234.3,5277.0
2025-09-04 11:25:00,234.29,234.4,234.29,234.4,6623.0
2025-09-04 11:30:00,234.39,234.39,234.33,234.38,1999.0
2025-09-04 11:35:00,234.32,234.32,234.29,234.29,1743.0
2025-09-04 11:40:00,234.27,234.3,234.27,234.3,1294.0
2025-09-04 11:45:00,234.26,234.31,234.25,234.25,1974.0
2025-09-04 11:50:00,234.24,234.24,234.11,234.11,3585.0
2025-09-04 11:55:00,234.15,234.2,234.15,234.2,969.0
2025-09-04 12:00:00,234.4786,234.48,233.96,234.38,15256.0
2025-09-04 12:05:00,234.32,234.37,234.32,234.37,1412.0
2025-09-04 12:10:00,234.38,234.48,234.38,234.43,5811.0
2025-09-04 12:15:00,234.5,234.53,234.08,234.09,34373.0
2025-09-04 12:20:00,234.08,234.12,233.95,233.99,43827.0
2025-09-04 12:25:00,233.94,234.16,233.9301,234.16,5685.0
2025-09-04 12:30:00,234.31,234.38,233.99,234.0,77548.0
2025-09-04 12:35:00,234.04,234.07,233.97,234.0,80131.0
2025-09-04 12:40:00,234.02,234.13,233.95,234.13,40065.0
2025-09-04 12:45:00,234.11,234.23,234.03,234.21,7651.0
2025-09-04 12:50:00,234.21,234.24,234.14,234.22,13046.0
2025-09-04 12:55:00,234.28,234.28,234.21,234.26,9744.0
2025-09-04 13:00:00,234.23,234.31,234.22,234.3,10752.0
2025-09-04 13:05:00,234.3,234.38,234.25,234.36,19948.0
2025-09-04 13:10:00,234.4,234.4,234.22,234.3,83435.0
2025-09-04 13:15:00,234.28,234.39,234.27,234.38,7718.0
2025-09-04 13:20:00,234.38,234.46,234.33,234.34,14836.0
2025-09-04 13:25:00,234.33,234.53,234.2,234.22,38738.0
2025-09-04 13:30:00,234.23,234.25,233.58,234.0803,991093.0
2025-09-04 13:35:00,234.09,234.545,234.02,234.33,635198.0
2025-09-04 13:40:00,234.33,234.76,234.32,234.55,589560.0
2025-09-04 13:45:00,234.55,234.58,233.91,234.27,653262.0
2025-09-04 13:50:00,234.28,234.48,234.13,234.32,676885.0
2025-09-04 13:55:00,234.3,234.58,234.22,234.48,335597.0
2025-09-04 14:00:00,234.51,234.79,233.99,234.03,633048.0
2025-09-04 14:05:00,234.03,234.1,233.66,233.77,515886.0
2025-09-04 14:10:00,233.78,234.445,233.7,233.93,511864.0
2025-09-04 14:15:00,233.94,234.08,233.75,233.9,353212.0
2025-09-04 14:20:00,233.9,234.08,233.7219,234.07,599226.0
2025-09-04 14:25:00,234.06,234.31,233.93,234.3,283037.0
2025-09-04 14:30:00,234.29,234.48,234.195,234.38,378639.0
2025-09-04 14:35:00,234.36,234.65,234.24,234.565,380652.0
2025-09-04 14:40:00,234.58,234.745,234.4,234.43,667129.0
2025-09-04 14:45:00,234.45,234.65,234.39,234.65,251299.0
2025-09-04 14:50:00,234.64,234.64,234.33,234.4,277757.0
2025-09-04 14:55:00,234.39,234.4,234.1501,234.37,233726.0
2025-09-04 15:00:00,234.3697,234.51,234.24,234.34,347168.0
2025-09-04 15:05:00,234.345,234.5393,234.3,234.5199,242682.0
2025-09-04 15:10:00,234.51,234.56,234.22,234.3883,286998.0
2025-09-04 15:15:00,234.38,234.63,234.38,234.57,353134.0
2025-09-04 15:20:00,234.57,234.72,234.525,234.64,255148.0
2025-09-04 15:25:00,234.63,234.87,234.58,234.73,328454.0
2025-09-04 15:30:00,234.73,234.91,234.6401,234.875,387264.0
2025-09-04 15:35:00,234.865,234.925,234.72,234.83,317654.0
2025-09-04 15:40:00,234.83,235.0,234.83,234.88,289987.0
2025-09-04 15:45:00,234.89,234.97,234.82,234.85,254191.0
2025-09-04 15:50:00,234.86,235.01,234.85,235.0,243953.0
2025-09-04 15:55:00,234.99,235.09,234.83,234.83,292350.0
2025-09-04 16:00:00,234.82,235.06,234.82,234.995,176811.0
2025-09-05 09:30:00,237.05,237.05,237.02,237.02,707.0
2025-09-05 09:35:00,237.02,237.02,237.0,237.0,2392.0
2025-09-05 09:40:00,237.02,237.03,236.98,236.98,834.0
2025-09-05 09:45:00,237.04,237.04,237.03,237.03,1463.0
2025-09-05 09:50:00,237.02,237.02,236.99,237.01,1417.0
2025-09-05 09:55:00,237.02,237.02,237.02,237.02,314.0
2025-09-05 10:00:00,237.05,237.06,237.0,237.01,6622.0
2025-09-05 10:05:00,237.0,237.0,236.98,236.99,4121.0
2025-09-05 10:10:00,237.05,237.07,237.05,237.07,1520.0
2025-09-05 10:15:00,237.07,237.07,237.01,237.04,2220.0
2025-09-05 10:20:00,237.06,237.06,237.06,237.06,700.0
2025-09-05 10:25:00,237.03,237.03,237.03,237.03,557.0
2025-09-05 10:30:00,237.04,237.06,237.02,237.02,1827.0
2025-09-05 10:35:00,237.07,237.11,237.07,237.1,13128.0
2025-09-05 10:40:00,237.12,237.12,237.09,237.09,5594.0
2025-09-05 10:45:00,237.07,237.12,237.07,237.11,2720.0
2025-09-05 10:50:00,237.11,237.2,237.11,237.2,994.0
2025-09-05 10:55:00,237.19,237.2,237.16,237.16,2179.0
2025-09-05 11:00:00,237.14,237.26,237.04,237.04,20257.0
2025-09-05 11:05:00,237.0,237.11,237.0,237.07,3093.0
2025-09-05 11:10:00,237.1,237.1,237.06,237.06,1432.0
2025-09-05 11:15:00,237.2,237.2,237.17,237.17,382.0
2025-09-05 11:20:00,237.14,237.22,237.14,237.22,4735.0
2025-09-05 11:25:00,237.22,237.22,237.15,237.16,10359.0
2025-09-05 11:30:00,237.16,237.18,237.13,237.18,5604.0
2025-09-05 11:35:00,237.23,237.34,237.23,237.29,3610.0
2025-09-05 11:40:00,237.26,237.27,237.26,237.26,421.0
2025-09-05 11:45:00,237.28,237.29,237.23,237.23,3131.0
2025-09-05 11:50:00,237.16,237.19,237.104,237.11,1906.0
2025-09-05 11:55:00,237.09,237.09,236.88,236.88,3246.0
2025-09-05 12:00:00,237.26,237.27,236.67,236.89,26959.0
2025-09-05 12:05:00,236.88,236.9,236.73,236.86,10984.0
2025-09-05 12:10:00,236.78,236.8,236.72,236.76,12689.0
2025-09-05 12:15:00,236.74,236.84,236.64,236.64,28175.0
2025-09-05 12:20:00,236.67,236.67,236.45,236.46,18409.0
2025-09-05 12:25:00,236.47,236.59,236.465,236.51,44999.0
2025-09-05 12:30:00,236.5,237.86,235.2,237.75,641695.0
2025-09-05 12:35:00,237.76,238.59,237.48,237.54,352169.0
2025-09-05 12:40:00,237.5,237.78,237.15,237.64,144380.0
2025-09-05 12:45:00,237.63,237.75,237.46,237.73,30866.0
2025-09-05 12:50:00,237.75,238.03,237.73,237.76,79216.0
2025-09-05 12:55:00,237.76,237.77,237.46,237.74,42468.0
2025-09-05 13:00:00,237.79,238.08,237.71,238.0,69872.0
2025-09-05 13:05:00,238.0,238.17,237.96,237.97,44636.0
2025-09-05 13:10:00,237.92,237.94,237.74,237.87,36751.0
2025-09-05 13:15:00,237.83,237.98,237.65,237.97,79858.0
2025-09-05 13:20:00,237.96,237.96,237.61,237.81,56079.0
2025-09-05 13:25:00,237.8,238.08,237.69,237.77,62347.0
2025-09-05 13:30:00,237.72,238.95,237.71,238.5,1659660.0
2025-09-05 13:35:00,238.5,239.4,238.5,239.24,968937.0
2025-09-05 13:40:00,239.25,239.555,238.82,239.555,934432.0
2025-09-05 13:45:00,239.56,239.68,238.94,239.58,1243105.0
2025-09-05 13:50:00,239.58,239.6,238.74,238.97,1170605.0
2025-09-05 13:55:00,238.99,239.22,238.65,239.16,629747.0
2025-09-05 14:00:00,239.14,239.19,238.29,238.76,633813.0
2025-09-05 14:05:00,238.75,238.77,238.045,238.17,935139.0
2025-09-05 14:10:00,238.16,238.23,237.24,237.25,811019.0
2025-09-05 14:15:00,237.26,237.53,236.65,236.6899,1002189.0
2025-09-05 14:20:00,236.67,237.22,236.12,236.16,1122649.0
2025-09-05 14:25:00,236.19,236.55,235.7,235.97,998376.0
2025-09-05 14:30:00,235.96,236.16,235.71,235.85,814339.0
2025-09-05 14:35:00,235.89,235.96,235.37,235.5,863619.0
2025-09-05 14:40:00,235.49,235.83,235.29,235.54,715753.0
2025-09-05 14:45:00,235.54,235.55,235.122,235.2,677947.0
2025-09-05 14:50:00,235.18,236.07,234.95,236.06,1021908.0
2025-09-05 14:55:00,236.05,236.1699,235.06,235.09,703485.0
2025-09-05 15:00:00,235.09,235.58,235.05,235.34,640868.0
2025-09-05 15:05:00,235.34,235.8656,235.28,235.6301,574603.0
2025-09-05 15:10:00,235.61,236.26,235.23,236.21,643855.0
2025-09-05 15:15:00,236.19,236.44,236.01,236.15,572953.0
2025-09-05 15:20:00,236.155,236.52,235.925,236.43,517903.0
2025-09-05 15:25:00,236.43,236.605,236.3,236.56,375721.0
2025-09-05 15:30:00,236.56,236.675,236.2901,236.49,333914.0
2025-09-05 15:35:00,236.5,237.0,236.5,236.94,474291.0
2025-09-05 15:40:00,236.93,237.245,236.91,237.19,351448.0
2025-09-05 15:45:00,237.19,237.19,236.69,236.89,500606.0
2025-09-05 15:50:00,236.9,236.92,236.6,236.83,390629.0
2025-09-05 15:55:00,236.82,237.02,236.66,236.79,316070.0
2025-09-05 16:00:00,236.79,237.18,236.78,237.11,513526.0
2025-09-08 09:30:00,237.95,237.96,237.95,237.96,456.0
2025-09-08 09:35:00,237.94,237.95,237.94,237.95,1122.0
2025-09-08 09:40:00,237.9,237.9,237.85,237.85,4095.0
2025-09-08 09:45:00,237.89,237.93,237.89,237.93,1884.0
2025-09-08 09:50:00,238.02,238.04,238.01,238.01,1198.0
2025-09-08 09:55:00,238.04,238.04,238.03,238.04,876.0
2025-09-08 10:00:00,237.99,238.06,237.97,238.06,1043.0
2025-09-08 10:05:00,238.09,238.11,238.08,238.11,1738.0
2025-09-08 10:10:00,238.12,238.12,238.08,238.08,948.0
2025-09-08 10:15:00,238.05,238.16,238.05,238.16,27219.0
2025-09-08 10:20:00,238.21,238.21,238.2,238.2,562.0
2025-09-08 10:25:00,238.23,238.23,238.21,238.21,473.0
2025-09-08 10:30:00,238.25,238.42,238.25,238.42,1129.0
2025-09-08 10:35:00,238.44,238.48,238.4,238.42,5867.0
2025-09-08 10:40:00,238.39,238.42,238.37,238.37,1883.0
2025-09-08 10:45:00,238.38,238.43,238.32,238.43,1828.0
2025-09-08 10:50:00,238.41,238.45,238.41,238.41,3962.0
2025-09-08 10:55:00,238.39,238.45,238.3,238.3,9811.0
2025-09-08 11:00:00,238.29,238.35,238.27,238.35,1675.0
2025-09-08 11:05:00,238.28,238.3,238.28,238.29,1845.0
2025-09-08 11:10:00,238.3,238.33,238.27,238.33,953.0
2025-09-08 11:15:00,238.35,238.36,238.24,238.24,5516.0
2025-09-08 11:20:00,238.23,238.25,238.1,238.1,3698.0
2025-09-08 11:25:00,238.1,238.2,238.1,238.2,907.0
2025-09-08 11:30:00,238.24,238.26,238.2,238.2,4396.0
2025-09-08 11:35:00,238.28,238.28,238.28,238.28,135.0
2025-09-08 11:40:00,238.36,238.45,238.36,238.45,846.0
2025-09-08 11:45:00,238.41,238.41,238.33,238.38,1727.0
2025-09-08 11:50:00,238.4,238.44,238.36,238.44,1550.0
2025-09-08 11:55:00,238.37,238.38,238.26,238.26,943.0
2025-09-08 12:00:00,238.43,238.43,237.75,238.22,22457.0
2025-09-08 12:05:00,238.2,238.2,238.06,238.06,5516.0
2025-09-08 12:10:00,238.05,238.07,237.97,237.97,3189.0
2025-09-08 12:15:00,237.9897,238.11,237.96,238.1,4225.0
2025-09-08 12:20:00,238.13,238.18,238.03,238.06,3963.0
2025-09-08 12:25:00,238.0503,238.19,238.0503,238.18,11442.0
2025-09-08 12:30:00,238.2,238.4,238.2,238.39,6343.0
2025-09-08 12:35:00,238.37,238.38,238.32,238.37,4330.0
2025-09-08 12:40:00,238.37,238.42,238.33,238.41,19620.0
2025-09-08 12:45:00,238.42,238.52,238.41,238.51,14346.0
2025-09-08 12:50:00,238.51,238.5296,238.46,238.49,18397.0
2025-09-08 12:55:00,238.5,238.56,238.435,238.49,13862.0
2025-09-08 13:00:00,238.49,238.66,238.46,238.66,12672.0
2025-09-08 13:05:00,238.66,238.71,238.58,238.62,71757.0
2025-09-08 13:10:00,238.61,238.7,238.59,238.69,10225.0
2025-09-08 13:15:00,238.72,238.75,238.66,238.68,22019.0
2025-09-08 13:20:00,238.75,238.75,238.65,238.7402,6356.0
2025-09-08 13:25:00,238.75,238.81,238.46,238.47,15032.0
2025-09-08 13:30:00,238.51,238.56,237.6,237.66,1335164.0
2025-09-08 13:35:00,237.66,237.84,237.14,237.15,735534.0
2025-09-08 13:40:00,237.15,237.3,236.9249,236.945,756095.0
2025-09-08 13:45:00,236.94,237.24,236.625,237.12,854062.0
2025-09-08 13:50:00,237.12,237.12,236.6445,237.0,713981.0
2025-09-08 13:55:00,237.01,237.17,236.85,236.955,509414.0
2025-09-08 14:00:00,236.95,236.95,236.5,236.7,654793.0
2025-09-08 14:05:00,236.715,236.9399,236.44,236.84,566422.0
2025-09-08 14:10:00,236.83,236.94,236.59,236.59,389157.0
2025-09-08 14:15:00,236.59,236.735,236.39,236.5,340740.0
2025-09-08 14:20:00,236.49,236.84,236.39,236.55,347864.0
2025-09-08 14:25:00,236.55,236.93,236.5,236.87,317532.0
2025-09-08 14:30:00,236.85,237.08,236.8497,237.05,459304.0
2025-09-08 14:35:00,237.05,237.39,237.03,237.29,333484.0
2025-09-08 14:40:00,237.3,237.53,237.275,237.46,425758.0
2025-09-08 14:45:00,237.46,237.62,237.4309,237.555,264952.0
2025-09-08 14:50:00,237.55,237.845,237.54,237.84,297349.0
2025-09-08 14:55:00,237.835,237.93,237.795,237.86,525773.0
2025-09-08 15:00:00,237.87,238.145,237.815,237.9786,626898.0
2025-09-08 15:05:00,237.975,238.06,237.92,238.05,267413.0
2025-09-08 15:10:00,238.07,238.14,237.95,237.95,244410.0
2025-09-08 15:15:00,237.96,238.02,237.8119,237.8365,337852.0
2025-09-08 15:20:00,237.84,238.2,237.84,238.18,199335.0
2025-09-08 15:25:00,238.1851,238.2074,237.98,238.14,236670.0
2025-09-08 15:30:00,238.14,238.15,237.78,237.8,232571.0
2025-09-08 15:35:00,237.775,237.885,237.59,237.665,187439.0
2025-09-08 15:40:00,237.66,237.665,237.53,237.54,193134.0
2025-09-08 15:45:00,237.53,237.56,237.27,237.505,327002.0
2025-09-08 15:50:00,237.5,237.615,237.405,237.55,227630.0
2025-09-08 15:55:00,237.55,237.635,237.52,237.625,257448.0
2025-09-08 16:00:00,237.62,237.71,237.53,237.615,286380.0
2025-09-09 09:30:00,238.29,238.29,238.28,238.28,651.0
2025-09-09 09:35:00,238.32,238.33,238.32,238.33,1001.0
2025-09-09 09:40:00,238.29,238.3,238.27,238.27,13927.0
2025-09-09 09:45:00,238.27,238.27,238.23,238.25,36148.0
2025-09-09 09:50:00,238.2,238.2,238.13,238.13,4511.0
2025-09-09 09:55:00,238.12,238.23,238.12,238.23,3324.0
2025-09-09 10:00:00,238.2,238.24,238.2,238.22,720.0
2025-09-09 10:05:00,238.27,238.27,238.27,238.27,400.0
2025-09-09 10:10:00,238.29,238.29,238.27,238.27,728.0
2025-09-09 10:15:00,238.28,238.28,238.25,238.25,593.0
2025-09-09 10:20:00,238.26,238.26,238.26,238.26,113.0
2025-09-09 10:30:00,238.28,238.29,238.17,238.21,4304.0
2025-09-09 10:35:00,238.22,238.31,238.22,238.31,951.0
2025-09-09 10:45:00,238.26,238.26,238.26,238.26,471.0
2025-09-09 10:50:00,238.21,238.21,238.15,238.19,2119.0
2025-09-09 10:55:00,238.13,238.21,238.13,238.18,613.0
2025-09-09 11:00:00,238.2,238.21,238.15,238.21,2301.0
2025-09-09 11:05:00,238.23,238.33,238.2,238.29,1600.0
2025-09-09 11:10:00,238.23,238.24,238.18,238.21,1413.0
2025-09-09 11:15:00,238.11,238.13,238.01,238.05,2444.0
2025-09-09 11:20:00,238.01,238.15,238.01,238.15,3133.0
2025-09-09 11:25:00,238.14,238.15,238.14,238.15,2734.0
2025-09-09 11:30:00,238.15,238.16,238.13,238.13,2731.0
2025-09-09 11:35:00,238.12,238.21,238.11,238.2,1958.0
2025-09-09 11:40:00,238.2,238.24,238.2,238.24,1265.0
2025-09-09 11:45:00,238.3,238.3,238.28,238.28,1593.0
2025-09-09 11:50:00,238.28,238.28,238.18,238.18,1233.0
2025-09-09 11:55:00,238.18,238.18,238.13,238.13,4534.0
2025-09-09 12:00:00,238.13,238.86,238.07,238.12,11097.0
2025-09-09 12:05:00,238.18,238.2,238.17,238.1998,1816.0
2025-09-09 12:10:00,238.16,238.36,238.16,238.36,6290.0
2025-09-09 12:15:00,238.36,238.41,238.33,238.33,5544.0
2025-09-09 12:20:00,238.38,238.38,238.23,238.23,7180.0
2025-09-09 12:25:00,238.2,238.25,238.15,238.2,16350.0
2025-09-09 12:30:00,238.18,238.25,238.1599,238.25,8003.0
2025-09-09 12:35:00,238.26,238.34,238.24,238.34,8318.0
2025-09-09 12:40:00,238.34,238.34,238.29,238.3,7692.0
2025-09-09 12:45:00,238.32,238.32,238.2,238.2,4683.0
2025-09-09 12:50:00,238.14,238.15,238.12,238.13,4662.0
2025-09-09 12:55:00,238.19,238.19,238.07,238.07,5773.0
2025-09-09 13:00:00,238.06,238.1,237.77,237.81,34885.0
2025-09-09 13:05:00,237.81,237.99,237.81,237.99,67859.0
2025-09-09 13:10:00,237.96,238.02,237.93,238.0,14727.0
2025-09-09 13:15:00,237.97,238.06,237.89,237.9,19735.0
2025-09-09 13:20:00,237.91,237.91,237.81,237.85,15945.0
2025-09-09 13:25:00,237.92,237.96,237.86,237.89,18581.0
2025-09-09 13:30:00,237.9,237.96,237.3801,237.6,1051250.0
2025-09-09 13:35:00,237.6,237.84,237.36,237.38,600183.0
2025-09-09 13:40:00,237.38,237.4,237.12,237.2497,738070.0
2025-09-09 13:45:00,237.24,237.575,236.975,237.53,639889.0
2025-09-09 13:50:00,237.56,237.575,237.1,237.1,571081.0
2025-09-09 13:55:00,237.1,237.41,236.93,237.39,609022.0
2025-09-09 14:00:00,237.4,237.96,236.94,237.11,1688455.0
2025-09-09 14:05:00,237.15,237.29,236.72,236.955,736927.0
2025-09-09 14:10:00,236.95,237.25,236.79,236.9,766405.0
2025-09-09 14:15:00,236.9,237.015,236.39,236.49,963544.0
2025-09-09 14:20:00,236.49,236.53,236.25,236.44,558333.0
2025-09-09 14:25:00,236.45,236.55,235.915,236.17,598758.0
2025-09-09 14:30:00,236.17,236.305,235.675,235.68,617063.0
2025-09-09 14:35:00,235.68,235.81,235.5,235.73,602727.0
2025-09-09 14:40:00,235.74,235.77,235.42,235.58,478165.0
2025-09-09 14:45:00,235.57,236.01,235.49,235.86,587099.0
2025-09-09 14:50:00,235.865,236.015,235.73,235.955,351346.0
2025-09-09 14:55:00,235.955,236.17,235.86,236.15,505816.0
2025-09-09 15:00:00,236.145,236.305,236.12,236.13,508841.0
2025-09-09 15:05:00,236.12,236.26,236.02,236.15,305169.0
2025-09-09 15:10:00,236.13,236.39,236.105,236.32,385980.0
2025-09-09 15:15:00,236.33,236.485,236.25,236.4,300999.0
2025-09-09 15:20:00,236.4,236.575,236.4,236.57,198816.0
2025-09-09 15:25:00,236.58,236.785,236.55,236.77,481791.0
2025-09-09 15:30:00,236.77,236.835,236.5517,236.675,460228.0
2025-09-09 15:35:00,236.67,236.715,236.49,236.5601,479360.0
2025-09-09 15:40:00,236.56,236.58,236.23,236.23,313701.0
2025-09-09 15:45:00,236.23,236.39,236.12,236.14,355822.0
2025-09-09 15:50:00,236.135,236.39,236.13,236.37,352523.0
2025-09-09 15:55:00,236.38,236.41,236.125,236.16,268776.0
2025-09-09 16:00:00,236.16,236.26,236.09,236.22,213113.0
2025-09-10 09:30:00,236.03,236.04,235.93,235.96,4047.0
2025-09-10 09:35:00,235.97,236.01,235.97,235.97,3555.0
2025-09-10 09:40:00,236.1,236.11,236.09,236.11,7086.0
2025-09-10 09:45:00,236.09,236.14,236.09,236.14,5886.0
2025-09-10 09:50:00,236.16,236.25,236.14,236.25,2223.0
2025-09-10 09:55:00,236.25,236.27,236.23,236.23,2100.0
2025-09-10 10:00:00,236.25,236.25,236.25,236.25,207.0
2025-09-10 10:05:00,236.2,236.22,236.2,236.21,1010.0
2025-09-10 10:15:00,236.08,236.1,236.08,236.1,1140.0
2025-09-10 10:20:00,236.12,236.12,236.06,236.08,2590.0
2025-09-10 10:25:00,236.16,236.22,236.16,236.22,1016.0
2025-09-10 10:30:00,236.23,236.23,236.15,236.16,2766.0
2025-09-10 10:35:00,236.14,236.19,236.14,236.17,2487.0
2025-09-10 10:40:00,236.15,236.27,236.15,236.25,3222.0
2025-09-10 10:45:00,236.2,236.24,236.18,236.24,1983.0
2025-09-10 10:50:00,236.25,236.25,236.23,236.25,2031.0
2025-09-10 10:55:00,236.25,236.25,236.17,236.23,4305.0
2025-09-10 11:00:00,236.24,236.3,236.18,236.24,23705.0
2025-09-10 11:05:00,236.24,236.32,236.23,236.32,21121.0
2025-09-10 11:10:00,236.3,236.32,236.27,236.27,4979.0
2025-09-10 11:15:00,236.28,236.28,236.17,236.18,1272.0
2025-09-10 11:20:00,236.2,236.2,236.02,236.02,5154.0
2025-09-10 11:25:00,236.01,236.11,236.0,236.11,3307.0
2025-09-10 11:30:00,236.12,236.2,236.11,236.18,6008.0
2025-09-10 11:35:00,236.23,236.25,236.17,236.25,8366.0
2025-09-10 11:40:00,236.24,236.33,236.24,236.33,11790.0
2025-09-10 11:45:00,236.29,236.36,236.29,236.36,3391.0
2025-09-10 11:50:00,236.34,236.37,236.33,236.36,1644.0
2025-09-10 11:55:00,236.37,236.37,236.3,236.36,1701.0
2025-09-10 12:00:00,236.16,236.6,235.93,236.4,28189.0
2025-09-10 12:05:00,236.4,236.42,236.26,236.3,6102.0
2025-09-10 12:10:00,236.24,236.29,236.15,236.15,20109.0
2025-09-10 12:15:00,236.2,236.28,236.2,236.2408,11585.0
2025-09-10 12:20:00,236.25,236.3,236.23,236.23,15129.0
2025-09-10 12:25:00,236.23,236.42,236.21,236.42,18044.0
2025-09-10 12:30:00,236.49,238.51,236.48,237.86,488612.0
2025-09-10 12:35:00,237.81,238.03,237.5709,237.79,214336.0
2025-09-10 12:40:00,237.84,237.95,237.63,237.78,113269.0
2025-09-10 12:45:00,237.8,238.08,237.69,237.95,113762.0
2025-09-10 12:50:00,237.91,237.93,237.69,237.69,45688.0
2025-09-10 12:55:00,237.64,237.76,237.56,237.72,29970.0
2025-09-10 13:00:00,237.71,237.71,237.49,237.59,15657.0
2025-09-10 13:05:00,237.58,237.58,237.53,237.57,15787.0
2025-09-10 13:10:00,237.55,237.63,237.53,237.53,29709.0
2025-09-10 13:15:00,237.51,237.66,237.44,237.44,50507.0
2025-09-10 13:20:00,237.47,237.67,237.46,237.46,32728.0
2025-09-10 13:25:00,237.43,237.43,237.21,237.29,27191.0
2025-09-10 13:30:00,237.305,237.92,236.9,237.81,1193836.0
2025-09-10 13:35:00,237.8,238.25,237.35,237.44,1128995.0
2025-09-10 13:40:00,237.44,237.84,237.304,237.39,848430.0
2025-09-10 13:45:00,237.405,238.17,237.09,238.0,696568.0
2025-09-10 13:50:00,238.03,238.06,237.52,237.6,778438.0
2025-09-10 13:55:00,237.6,238.07,237.45,238.07,469135.0
2025-09-10 14:00:00,238.07,238.27,237.71,237.97,524719.0
2025-09-10 14:05:00,237.97,238.22,237.7601,237.99,438050.0
2025-09-10 14:10:00,238.015,238.03,237.67,237.9,393743.0
2025-09-10 14:15:00,237.9,238.06,237.73,237.95,333943.0
2025-09-10 14:20:00,237.96,238.25,237.94,238.06,309124.0
2025-09-10 14:25:00,238.06,238.06,237.76,237.83,223168.0
2025-09-10 14:30:00,237.82,237.85,237.54,237.57,295598.0
2025-09-10 14:35:00,237.585,237.76,237.36,237.44,520517.0
2025-09-10 14:40:00,237.43,237.46,237.15,237.245,927663.0
2025-09-10 14:45:00,237.23,237.25,236.97,237.01,407540.0
2025-09-10 14:50:00,237.0101,237.1399,236.88,236.98,622620.0
2025-09-10 14:55:00,236.975,237.07,236.905,237.03,315617.0
2025-09-10 15:00:00,237.02,237.085,236.835,236.99,312429.0
2025-09-10 15:05:00,236.99,237.06,236.6,236.735,633737.0
2025-09-10 15:10:00,236.74,236.9177,236.66,236.87,400633.0
2025-09-10 15:15:00,236.86,236.895,236.52,236.58,343288.0
2025-09-10 15:20:00,236.58,236.73,236.5,236.59,304501.0
2025-09-10 15:25:00,236.59,236.8399,236.56,236.7519,736988.0
2025-09-10 15:30:00,236.76,236.81,236.495,236.71,303611.0
2025-09-10 15:35:00,236.72,236.9068,236.65,236.89,214859.0
2025-09-10 15:40:00,236.88,237.12,236.86,237.07,377859.0
2025-09-10 15:45:00,237.08,237.105,236.98,237.035,190590.0
2025-09-10 15:50:00,237.04,237.15,237.02,237.03,174095.0
2025-09-10 15:55:00,237.02,237.11,236.99,237.06,171700.0
2025-09-10 16:00:00,237.055,237.13,237.0,237.07,517614.0
2025-09-11 09:30:00,236.28,236.28,236.27,236.28,771.0
2025-09-11 09:35:00,236.32,236.32,236.32,236.32,340.0
2025-09-11 09:40:00,236.31,236.31,236.31,236.31,203.0
2025-09-11 09:45:00,236.33,236.34,236.33,236.34,944.0
2025-09-11 09:50:00,236.38,236.4,236.37,236.4,1610.0
2025-09-11 09:55:00,236.43,236.5,236.43,236.5,1910.0
2025-09-11 10:00:00,236.49,236.51,236.46,236.46,419.0
2025-09-11 10:05:00,236.48,236.56,236.47,236.56,3092.0
2025-09-11 10:15:00,236.68,236.7,236.66,236.7,3461.0
2025-09-11 10:20:00,236.67,236.69,236.67,236.68,876.0
2025-09-11 10:25:00,236.67,236.69,236.59,236.59,1350.0
2025-09-11 10:30:00,236.57,236.57,236.51,236.52,1087.0
2025-09-11 10:35:00,236.59,236.59,236.58,236.59,789.0
2025-09-11 10:40:00,236.59,236.6,236.57,236.57,2518.0
2025-09-11 10:45:00,236.57,236.58,236.55,236.55,1626.0
2025-09-11 10:50:00,236.61,236.63,236.61,236.62,1050.0
2025-09-11 10:55:00,236.64,236.7,236.64,236.7,946.0
2025-09-11 11:00:00,236.72,236.75,236.69,236.75,7943.0
2025-09-11 11:05:00,236.77,236.83,236.77,236.83,2568.0
2025-09-11 11:10:00,236.8,236.82,236.8,236.82,1808.0
2025-09-11 11:15:00,236.85,236.85,236.77,236.77,2894.0
2025-09-11 11:20:00,236.82,236.85,236.81,236.84,1469.0
2025-09-11 11:25:00,236.9,236.96,236.9,236.92,8015.0
2025-09-11 11:30:00,236.91,236.98,236.91,236.98,5336.0
2025-09-11 11:35:00,236.99,237.12,236.99,237.03,13261.0
2025-09-11 11:40:00,237.02,237.08,237.01,237.08,7098.0
2025-09-11 11:45:00,237.05,237.08,236.94,237.01,9898.0
2025-09-11 11:50:00,236.91,236.93,236.8,236.84,4177.0
2025-09-11 11:55:00,236.8,236.87,236.79,236.85,6521.0
2025-09-11 12:00:00,236.87,237.05,236.26,236.85,23554.0
2025-09-11 12:05:00,236.92,236.92,236.8,236.83,28123.0
2025-09-11 12:10:00,236.81,236.8201,236.61,236.67,19948.0
2025-09-11 12:15:00,236.74,236.88,236.73,236.74,24390.0
2025-09-11 12:20:00,236.79,237.0,236.77,236.97,63198.0
2025-09-11 12:25:00,236.96,237.27,236.85,237.27,82233.0
2025-09-11 12:30:00,236.07,237.69,235.58,236.19,473513.0
2025-09-11 12:35:00,236.15,236.55,235.71,235.71,243549.0
2025-09-11 12:40:00,235.77,236.44,235.71,236.44,270986.0
2025-09-11 12:45:00,236.45,237.23,236.45,237.13,263766.0
2025-09-11 12:50:00,237.13,237.46,236.95,237.42,191688.0
2025-09-11 12:55:00,237.4,237.55,237.15,237.52,42400.0
2025-09-11 13:00:00,237.51,237.54,237.29,237.29,50183.0
2025-09-11 13:05:00,237.28,237.33,236.9,236.98,44037.0
2025-09-11 13:10:00,236.97,236.98,236.74,236.81,48213.0
2025-09-11 13:15:00,236.84,236.87,236.74,236.84,37950.0
2025-09-11 13:20:00,236.85,237.09,236.85,236.95,39474.0
2025-09-11 13:25:00,236.9,236.95,236.69,236.85,43445.0
2025-09-11 13:30:00,236.85,237.4,236.24,237.195,1620771.0
2025-09-11 13:35:00,237.22,237.835,237.12,237.81,828806.0
2025-09-11 13:40:00,237.82,238.145,237.47,237.62,1057968.0
2025-09-11 13:45:00,237.63,237.74,237.08,237.675,779802.0
2025-09-11 13:50:00,237.68,238.33,237.6,238.23,662765.0
2025-09-11 13:55:00,238.195,238.795,238.11,238.775,1151058.0
2025-09-11 14:00:00,238.77,239.16,238.74,238.865,1206126.0
2025-09-11 14:05:00,238.86,238.99,238.66,238.74,1472742.0
2025-09-11 14:10:00,238.75,238.98,238.595,238.79,754311.0
2025-09-11 14:15:00,238.795,239.03,238.72,238.85,695590.0
2025-09-11 14:20:00,238.85,238.99,238.6906,238.985,357972.0
2025-09-11 14:25:00,238.98,239.1801,238.93,238.99,316533.0
2025-09-11 14:30:00,238.99,239.29,238.88,239.19,388567.0
2025-09-11 14:35:00,239.19,239.615,239.15,239.55,610786.0
2025-09-11 14:40:00,239.555,239.825,239.47,239.815,455389.0
2025-09-11 14:45:00,239.81,240.08,239.735,239.97,904835.0
2025-09-11 14:50:00,239.96,239.99,239.61,239.78,706101.0
2025-09-11 14:55:00,239.79,239.84,239.49,239.54,1205419.0
2025-09-11 15:00:00,239.53,239.75,239.49,239.575,437664.0
2025-09-11 15:05:00,239.59,239.615,239.29,239.315,337364.0
2025-09-11 15:10:00,239.31,239.53,239.305,239.52,573707.0
2025-09-11 15:15:00,239.52,239.9799,239.4,239.85,795681.0
2025-09-11 15:20:00,239.87,239.9499,239.66,239.82,829527.0
2025-09-11 15:25:00,239.82,239.92,239.77,239.825,286419.0
2025-09-11 15:30:00,239.825,240.04,239.81,239.94,296298.0
2025-09-11 15:35:00,239.93,240.11,239.62,239.67,332064.0
2025-09-11 15:40:00,239.66,239.69,239.45,239.5,263181.0
2025-09-11 15:45:00,239.49,239.6,239.34,239.4599,495966.0
2025-09-11 15:50:00,239.46,239.77,239.45,239.7306,400459.0
2025-09-11 15:55:00,239.7296,239.84,239.68,239.78,180241.0
2025-09-11 16:00:00,239.78,240.11,239.7535,240.075,289334.0
2025-09-12 09:30:00,239.74,239.76,239.73,239.74,1589.0
2025-09-12 09:35:00,239.71,239.71,239.62,239.65,1809.0
2025-09-12 09:40:00,239.74,239.79,239.74,239.79,1044.0
2025-09-12 09:45:00,239.74,239.74,239.73,239.73,991.0
2025-09-12 09:50:00,239.75,239.77,239.75,239.77,1696.0
2025-09-12 09:55:00,239.75,239.75,239.75,239.75,1170.0
2025-09-12 10:00:00,239.79,239.82,239.77,239.82,1202.0
2025-09-12 10:05:00,239.81,239.84,239.8,239.8,5719.0
2025-09-12 10:10:00,239.79,239.81,239.79,239.8,2929.0
2025-09-12 10:15:00,239.81,239.84,239.8,239.84,1279.0
2025-09-12 10:20:00,239.86,239.86,239.75,239.77,4677.0
2025-09-12 10:25:00,239.75,239.75,239.75,239.75,1480.0
2025-09-12 10:30:00,239.75,239.85,239.75,239.85,830.0
2025-09-12 10:35:00,239.84,239.9,239.84,239.86,1796.0
2025-09-12 10:40:00,239.88,239.93,239.88,239.93,5084.0
2025-09-12 10:45:00,239.94,240.0,239.94,239.97,1767.0
2025-09-12 10:50:00,239.98,240.01,239.98,240.01,3794.0
2025-09-12 10:55:00,239.99,240.02,239.94,239.94,2048.0
2025-09-12 11:00:00,239.96,239.96,239.93,239.93,1271.0
2025-09-12 11:05:00,239.94,239.94,239.85,239.85,2985.0
2025-09-12 11:10:00,239.86,239.93,239.86,239.93,1940.0
2025-09-12 11:15:00,239.93,239.96,239.93,239.96,6284.0
2025-09-12 11:20:00,239.91,240.03,239.9,240.03,19735.0
2025-09-12 11:25:00,240.03,240.09,240.02,240.06,1728.0
2025-09-12 11:30:00,240.05,240.1,240.05,240.09,19566.0
2025-09-12 11:35:00,240.06,240.12,240.06,240.12,426.0
2025-09-12 11:40:00,240.08,240.08,239.9,239.95,4489.0
2025-09-12 11:45:00,239.98,239.99,239.95,239.95,3124.0
2025-09-12 11:50:00,239.93,239.93,239.78,239.9,26275.0
2025-09-12 11:55:00,239.9,239.95,239.88,239.94,3506.0
2025-09-12 12:00:00,239.96,240.37,239.6404,239.7801,36891.0
2025-09-12 12:05:00,239.78,239.85,239.69,239.74,27468.0
2025-09-12 12:10:00,239.72,239.75,239.72,239.75,4619.0
2025-09-12 12:15:00,239.75,239.87,239.75,239.86,21404.0
2025-09-12 12:20:00,239.87,239.87,239.81,239.81,9537.0
2025-09-12 12:25:00,239.89,239.89,239.73,239.8,29690.0
2025-09-12 12:30:00,239.85,239.85,239.63,239.6799,43924.0
2025-09-12 12:35:00,239.68,239.82,239.66,239.8,35725.0
2025-09-12 12:40:00,239.8,239.93,239.76,239.9095,89469.0
2025-09-12 12:45:00,239.87,239.96,239.86,239.959,93946.0
2025-09-12 12:50:00,239.9392,239.95,239.87,239.91,22340.0
2025-09-12 12:55:00,239.98,240.05,239.97,240.05,11589.0
2025-09-12 13:00:00,240.06,240.06,240.01,240.0502,9171.0
2025-09-12 13:05:00,240.14,240.29,240.12,240.28,24196.0
2025-09-12 13:10:00,240.25,240.3,240.23,240.26,22958.0
2025-09-12 13:15:00,240.27,240.27,240.2,240.22,23313.0
2025-09-12 13:20:00,240.2102,240.3,240.19,240.21,20119.0
2025-09-12 13:25:00,240.22,240.26,240.14,240.21,33105.0
2025-09-12 13:30:00,240.2,240.24,239.65,239.82,1754669.0
2025-09-12 13:35:00,239.84,240.24,239.82,240.21,858786.0
2025-09-12 13:40:00,240.21,240.32,239.59,239.63,716667.0
2025-09-12 13:45:00,239.65,240.03,239.36,240.0,1064886.0
2025-09-12 13:50:00,240.0,240.0,239.6,239.6301,522760.0
2025-09-12 13:55:00,239.63,239.77,239.53,239.71,515037.0
2025-09-12 14:00:00,239.72,239.88,239.18,239.39,760453.0
2025-09-12 14:05:00,239.39,239.61,239.32,239.5,670264.0
2025-09-12 14:10:00,239.5,239.52,239.015,239.04,745321.0
2025-09-12 14:15:00,239.05,239.2325,238.9401,239.195,375701.0
2025-09-12 14:20:00,239.19,239.335,239.13,239.29,546947.0
2025-09-12 14:25:00,239.28,239.31,239.03,239.13,375518.0
2025-09-12 14:30:00,239.13,239.21,239.015,239.0399,452757.0
2025-09-12 14:35:00,239.03,239.16,238.985,239.07,301202.0
2025-09-12 14:40:00,239.065,239.1,238.79,238.84,538289.0
2025-09-12 14:45:00,238.835,238.98,238.77,238.96,743751.0
2025-09-12 14:50:00,238.96,239.16,238.95,239.02,487485.0
2025-09-12 14:55:00,239.02,239.2,239.0,239.14,669092.0
2025-09-12 15:00:00,239.1445,239.16,238.88,238.91,339227.0
2025-09-12 15:05:00,238.91,238.93,238.735,238.84,253734.0
2025-09-12 15:10:00,238.84,238.92,238.68,238.89,325710.0
2025-09-12 15:15:00,238.89,239.07,238.86,239.05,243968.0
2025-09-12 15:20:00,239.05,239.06,238.855,238.94,372971.0
2025-09-12 15:25:00,238.945,238.9901,238.78,238.82,280364.0
2025-09-12 15:30:00,238.82,238.92,238.7432,238.79,354396.0
2025-09-12 15:35:00,238.78,239.03,238.76,239.01,520328.0
2025-09-12 15:40:00,239.01,239.02,238.825,238.97,674165.0
2025-09-12 15:45:00,238.96,239.04,238.685,238.725,451930.0
2025-09-12 15:50:00,238.72,238.75,238.641,238.67,316176.0
2025-09-12 15:55:00,238.67,238.795,238.64,238.7182,241615.0
2025-09-12 16:00:00,238.72,238.8101,238.62,238.72,253606.0
2025-09-15 09:30:00,239.23,239.25,239.23,239.25,1601.0
2025-09-15 09:35:00,239.24,239.3,239.23,239.3,439.0
2025-09-15 09:40:00,239.24,239.27,239.16,239.16,2422.0
2025-09-15 09:45:00,239.1,239.12,239.1,239.12,370.0
2025-09-15 09:50:00,239.15,239.25,239.15,239.25,684.0
2025-09-15 09:55:00,239.23,239.23,239.19,239.22,4105.0
2025-09-15 10:00:00,239.22,239.23,239.18,239.22,1775.0
2025-09-15 10:05:00,239.22,239.22,239.21,239.22,1187.0
2025-09-15 10:10:00,239.22,239.22,239.2,239.22,937.0
2025-09-15 10:15:00,239.2,239.2,239.18,239.2,998.0
2025-09-15 10:20:00,239.22,239.22,239.15,239.15,5761.0
2025-09-15 10:25:00,239.15,239.19,239.15,239.18,3168.0
2025-09-15 10:30:00,239.17,239.17,239.17,239.17,226.0
2025-09-15 10:35:00,239.17,239.17,239.11,239.13,1949.0
2025-09-15 10:40:00,239.12,239.12,239.12,239.12,309.0
2025-09-15 10:45:00,239.1,239.16,239.1,239.11,2634.0
2025-09-15 10:50:00,239.15,239.15,239.11,239.11,1390.0
2025-09-15 10:55:00,239.14,239.14,239.14,239.14,126.0
2025-09-15 11:00:00,239.14,239.19,239.1,239.14,4514.0
2025-09-15 11:05:00,239.15,239.16,239.15,239.16,3018.0
2025-09-15 11:10:00,239.13,239.18,239.08,239.18,5691.0
2025-09-15 11:15:00,239.18,239.18,239.1,239.15,2080.0
2025-09-15 11:20:00,239.17,239.17,239.15,239.15,477.0
2025-09-15 11:25:00,239.089,239.099,239.044,239.05,1441.0
2025-09-15 11:30:00,239.05,239.07,239.05,239.07,1666.0
2025-09-15 11:35:00,239.1,239.11,239.06,239.08,923.0
2025-09-15 11:40:00,239.04,239.06,239.02,239.02,5741.0
2025-09-15 11:45:00,239.02,239.03,238.97,239.03,4609.0
2025-09-15 11:50:00,239.04,239.1,239.0,239.1,702.0
2025-09-15 11:55:00,239.12,239.19,239.0,239.18,5201.0
2025-09-15 12:00:00,239.05,239.32,238.51,239.32,27716.0
2025-09-15 12:05:00,239.31,239.39,239.29,239.334,10202.0
2025-09-15 12:10:00,239.31,239.32,239.25,239.28,6996.0
2025-09-15 12:15:00,239.28,239.5,239.26,239.36,59142.0
2025-09-15 12:20:00,239.36,239.43,239.32,239.42,21648.0
2025-09-15 12:25:00,239.4,239.4,239.29,239.31,18337.0
2025-09-15 12:30:00,239.32,239.32,239.19,239.26,25745.0
2025-09-15 12:35:00,239.26,239.28,239.16,239.19,19464.0
2025-09-15 12:40:00,239.18,239.28,239.15,239.27,19311.0
2025-09-15 12:45:00,239.26,239.35,239.26,239.32,43549.0
2025-09-15 12:50:00,239.32,239.43,239.31,239.39,25569.0
2025-09-15 12:55:00,239.42,239.45,239.29,239.38,32311.0
2025-09-15 13:00:00,239.37,239.38,239.27,239.33,20894.0
2025-09-15 13:05:00,239.33,239.39,239.31,239.37,21763.0
2025-09-15 13:10:00,239.33,239.3501,239.3,239.349,11274.0
2025-09-15 13:15:00,239.3,239.35,239.2699,239.35,9288.0
2025-09-15 13:20:00,239.4,239.41,239.33,239.39,21297.0
2025-09-15 13:25:00,239.37,239.53,239.17,239.23,43680.0
2025-09-15 13:30:00,239.23,239.39,239.06,239.06,1050842.0
2025-09-15 13:35:00,239.05,239.13,238.66,238.84,715191.0
2025-09-15 13:40:00,238.83,238.91,238.55,238.62,497156.0
2025-09-15 13:45:00,238.62,239.38,238.6035,239.0699,721202.0
2025-09-15 13:50:00,239.06,239.42,239.025,239.42,376390.0
2025-09-15 13:55:00,239.41,239.8,239.4,239.77,507307.0
2025-09-15 14:00:00,239.77,239.81,238.89,238.9,468558.0
2025-09-15 14:05:00,238.88,238.96,238.66,238.7394,365080.0
2025-09-15 14:10:00,238.74,238.99,238.7,238.85,331819.0
2025-09-15 14:15:00,238.85,239.23,238.845,239.23,316146.0
2025-09-15 14:20:00,239.22,239.745,239.14,239.72,1847815.0
2025-09-15 14:25:00,239.72,240.0,239.59,239.8701,500560.0
2025-09-15 14:30:00,239.88,239.96,239.69,239.785,553260.0
2025-09-15 14:35:00,239.78,239.81,239.44,239.53,359468.0
2025-09-15 14:40:00,239.53,239.78,239.415,239.74,243486.0
2025-09-15 14:45:00,239.75,239.99,239.75,239.95,306053.0
2025-09-15 14:50:00,239.94,240.01,239.76,239.85,241692.0
2025-09-15 14:55:00,239.86,240.04,239.71,239.93,248619.0
2025-09-15 15:00:00,239.93,239.97,239.59,239.725,220262.0
2025-09-15 15:05:00,239.72,239.9,239.67,239.78,207635.0
2025-09-15 15:10:00,239.77,239.78,239.52,239.75,250812.0
2025-09-15 15:15:00,239.74,239.88,239.63,239.77,311173.0
2025-09-15 15:20:00,239.76,239.78,239.34,239.525,571929.0
2025-09-15 15:25:00,239.525,239.58,239.29,239.345,487228.0
2025-09-15 15:30:00,239.345,239.395,239.18,239.25,418789.0
2025-09-15 15:35:00,239.24,239.3,239.15,239.16,196725.0
2025-09-15 15:40:00,239.15,239.42,239.125,239.22,292142.0
2025-09-15 15:45:00,239.22,239.3,239.125,239.255,437605.0
2025-09-15 15:50:00,239.25,239.42,239.145,239.4,299768.0
2025-09-15 15:55:00,239.41,239.5,239.32,239.36,251198.0
2025-09-15 16:00:00,239.36,239.5299,239.25,239.265,206982.0
2025-09-16 09:30:00,239.06,239.06,239.0,239.0,1779.0
2025-09-16 09:35:00,238.99,239.03,238.98,239.03,1139.0
2025-09-16 09:40:00,239.05,239.05,238.99,239.0,1962.0
2025-09-16 09:45:00,238.96,239.0,238.95,238.96,6253.0
2025-09-16 09:50:00,238.96,238.97,238.93,238.94,1680.0
2025-09-16 09:55:00,238.97,238.97,238.94,238.96,3008.0
2025-09-16 10:00:00,238.95,238.96,238.94,238.94,658.0
2025-09-16 10:05:00,238.92,238.92,238.9,238.91,864.0
2025-09-16 10:10:00,238.82,238.83,238.82,238.83,1208.0
2025-09-16 10:15:00,238.84,238.84,238.82,238.82,1204.0
2025-09-16 10:20:00,238.84,238.86,238.82,238.82,4110.0
2025-09-16 10:25:00,238.83,238.83,238.78,238.79,1978.0
2025-09-16 10:30:00,238.79,238.82,238.79,238.82,1607.0
2025-09-16 10:35:00,238.81,238.85,238.81,238.83,1323.0
2025-09-16 10:40:00,238.84,238.85,238.8,238.81,4754.0
2025-09-16 10:45:00,238.83,238.85,238.8,238.85,7839.0
2025-09-16 10:50:00,238.85,238.85,238.83,238.83,3856.0
2025-09-16 10:55:00,238.81,238.86,238.81,238.82,8051.0
2025-09-16 11:00:00,238.83,238.85,238.8,238.8,15019.0
2025-09-16 11:05:00,238.71,238.75,238.7,238.74,7477.0
2025-09-16 11:10:00,238.75,238.75,238.74,238.74,718.0
2025-09-16 11:15:00,238.7,238.71,238.66,238.71,2277.0
2025-09-16 11:20:00,238.73,238.77,238.7,238.77,1266.0
2025-09-16 11:25:00,238.74,238.74,238.68,238.68,1794.0
2025-09-16 11:30:00,238.72,238.72,238.62,238.62,3621.0
2025-09-16 11:35:00,238.6,238.76,238.6,238.76,1645.0
2025-09-16 11:40:00,238.8,238.84,238.8,238.81,3369.0
2025-09-16 11:45:00,238.86,238.86,238.84,238.86,1272.0
2025-09-16 11:50:00,238.9,238.9,238.78,238.79,2386.0
2025-09-16 11:55:00,238.85,238.85,238.75,238.75,5624.0
2025-09-16 12:00:00,238.83,239.36,238.68,238.794,31659.0
2025-09-16 12:05:00,238.81,238.8296,238.78,238.8,4791.0
2025-09-16 12:10:00,238.81,238.86,238.76,238.79,5158.0
2025-09-16 12:15:00,238.81,238.94,238.81,238.94,8811.0
2025-09-16 12:20:00,238.92,238.98,238.81,238.89,5846.0
2025-09-16 12:25:00,238.89,238.89,238.8,238.857,6814.0
2025-09-16 12:30:00,238.77,238.88,238.72,238.73,24540.0
2025-09-16 12:35:00,238.76,238.91,238.76,238.83,19911.0
2025-09-16 12:40:00,238.8,238.86,238.76,238.81,17540.0
2025-09-16 12:45:00,238.85,238.85,238.73,238.74,13456.0
2025-09-16 12:50:00,238.74,238.74,238.3,238.647,58074.0
2025-09-16 12:55:00,238.63,238.8,238.58,238.66,22747.0
2025-09-16 13:00:00,238.68,238.68,238.42,238.42,30440.0
2025-09-16 13:05:00,238.42,238.63,238.4,238.47,25506.0
2025-09-16 13:10:00,238.44,238.55,238.41,238.55,12116.0
2025-09-16 13:15:00,238.55,238.63,238.55,238.56,32181.0
2025-09-16 13:20:00,238.6,238.64,238.53,238.53,55413.0
2025-09-16 13:25:00,238.5,238.56,238.4,238.45,49419.0
2025-09-16 13:30:00,238.45,238.93,238.23,238.825,1195333.0
2025-09-16 13:35:00,238.83,238.83,237.99,237.995,775891.0
2025-09-16 13:40:00,238.0,238.085,237.485,237.51,838934.0
2025-09-16 13:45:00,237.5,238.12,237.375,238.07,751232.0
2025-09-16 13:50:00,238.07,238.07,237.27,237.57,779702.0
2025-09-16 13:55:00,237.56,237.69,237.3275,237.63,468214.0
2025-09-16 14:00:00,237.63,237.65,237.235,237.335,392537.0
2025-09-16 14:05:00,237.33,237.43,237.01,237.01,554703.0
2025-09-16 14:10:00,237.01,237.17,236.88,237.105,408517.0
2025-09-16 14:15:00,237.105,237.49,237.095,237.14,500313.0
2025-09-16 14:20:00,237.15,237.28,237.08,237.145,563720.0
2025-09-16 14:25:00,237.13,237.135,236.825,236.9398,419594.0
2025-09-16 14:30:00,236.93,236.935,236.76,236.825,547401.0
2025-09-16 14:35:00,236.825,237.16,236.81,237.12,427984.0
2025-09-16 14:40:00,237.12,237.285,237.1,237.14,357934.0
2025-09-16 14:45:00,237.14,237.305,237.04,237.11,386552.0
2025-09-16 14:50:00,237.11,237.3799,237.08,237.24,266820.0
2025-09-16 14:55:00,237.23,237.435,237.19,237.345,410049.0
2025-09-16 15:00:00,237.35,237.39,237.01,237.05,366227.0
2025-09-16 15:05:00,237.05,237.45,237.05,237.38,249217.0
2025-09-16 15:10:00,237.38,237.47,236.99,237.05,374789.0
2025-09-16 15:15:00,237.05,237.06,236.77,236.87,386574.0
2025-09-16 15:20:00,236.865,237.14,236.805,237.0,370531.0
2025-09-16 15:25:00,236.98,237.095,236.94,236.99,223338.0
2025-09-16 15:30:00,236.98,237.125,236.905,236.99,375018.0
2025-09-16 15:35:00,236.99,237.17,236.99,237.065,308076.0
2025-09-16 15:40:00,237.06,237.14,236.8715,237.07,311993.0
2025-09-16 15:45:00,237.055,237.17,236.98,237.15,433623.0
2025-09-16 15:50:00,237.155,237.46,237.1,237.41,253735.0
2025-09-16 15:55:00,237.41,237.51,237.37,237.5,2298830.0
2025-09-16 16:00:00,237.49,237.605,237.47,237.545,326497.0
2025-09-17 09:30:00,238.46,238.47,238.46,238.47,760.0
2025-09-17 09:35:00,238.4,238.42,238.4,238.42,616.0
2025-09-17 09:45:00,238.47,238.47,238.47,238.47,173.0
2025-09-17 09:50:00,238.43,238.43,238.39,238.39,1202.0
2025-09-17 09:55:00,238.45,238.45,238.45,238.45,620.0
2025-09-17 10:00:00,238.44,238.44,238.44,238.44,619.0
2025-09-17 10:05:00,238.4,238.4,238.38,238.38,710.0
2025-09-17 10:10:00,238.41,238.41,238.4,238.4,946.0
2025-09-17 10:15:00,238.4,238.41,238.4,238.41,1881.0
2025-09-17 10:20:00,238.4,238.43,238.4,238.4,3076.0
2025-09-17 10:25:00,238.4,238.4,238.32,238.32,960.0
2025-09-17 10:30:00,238.29,238.29,238.25,238.25,1338.0
2025-09-17 10:35:00,238.28,238.28,238.28,238.28,364.0
2025-09-17 10:40:00,238.3,238.3,238.17,238.17,816.0
2025-09-17 10:45:00,238.18,238.22,238.18,238.21,1288.0
2025-09-17 10:50:00,238.18,238.18,238.11,238.13,4838.0
2025-09-17 10:55:00,238.11,238.11,238.06,238.07,1936.0
2025-09-17 11:00:00,238.14,238.18,238.11,238.18,1339.0
2025-09-17 11:05:00,238.15,238.22,238.09,238.21,5622.0
2025-09-17 11:10:00,238.28,238.34,238.28,238.3,606.0
2025-09-17 11:15:00,238.34,238.35,238.32,238.35,1330.0
2025-09-17 11:20:00,238.34,238.34,238.34,238.34,161.0
2025-09-17 11:25:00,238.34,238.39,238.34,238.34,1491.0
2025-09-17 11:30:00,238.4,238.41,238.35,238.35,2381.0
2025-09-17 11:35:00,238.35,238.35,238.29,238.34,9683.0
2025-09-17 11:40:00,238.36,238.36,238.31,238.31,1146.0
2025-09-17 11:45:00,238.34,238.37,238.34,238.37,1084.0
2025-09-17 11:50:00,238.45,238.524,238.44,238.524,4595.0
2025-09-17 11:55:00,238.45,238.45,238.41,238.41,752.0
2025-09-17 12:00:00,238.44,238.71,238.0559,238.5,15471.0
2025-09-17 12:05:00,238.5,238.58,238.5,238.53,18020.0
2025-09-17 12:10:00,238.54,238.6399,238.54,238.63,5485.0
2025-09-17 12:15:00,238.61,238.63,238.57,238.61,19243.0
2025-09-17 12:20:00,238.57,238.61,238.49,238.49,56961.0
2025-09-17 12:25:00,238.5,238.64,238.47,238.64,11224.0
2025-09-17 12:30:00,238.67,238.86,238.67,238.78,34995.0
2025-09-17 12:35:00,238.79,238.94,238.79,238.91,17251.0
2025-09-17 12:40:00,238.96,238.96,238.8699,238.94,20454.0
2025-09-17 12:45:00,238.93,239.0415,238.92,239.0415,17728.0
2025-09-17 12:50:00,238.99,239.02,238.94,239.0,8988.0
2025-09-17 12:55:00,239.03,239.14,239.03,239.14,7287.0
2025-09-17 13:00:00,239.13,239.13,239.0111,239.02,7539.0
2025-09-17 13:05:00,239.0399,239.0399,238.92,238.92,6799.0
2025-09-17 13:10:00,238.91,238.94,238.86,238.87,10987.0
2025-09-17 13:15:00,238.88,238.94,238.84,238.84,10489.0
2025-09-17 13:20:00,238.809,238.81,238.74,238.7908,10441.0
2025-09-17 13:25:00,238.74,238.8899,238.74,238.82,9403.0
2025-09-17 13:30:00,238.82,239.53,238.69,239.31,1032448.0
2025-09-17 13:35:00,239.3,239.7333,239.3,239.71,730185.0
2025-09-17 13:40:00,239.72,239.925,239.09,239.29,827430.0
2025-09-17 13:45:00,239.27,239.95,239.11,239.815,538448.0
2025-09-17 13:50:00,239.8,240.17,239.77,240.03,884819.0
2025-09-17 13:55:00,240.03,240.39,239.93,240.23,626580.0
2025-09-17 14:00:00,240.25,240.5063,240.1101,240.14,1133179.0
2025-09-17 14:05:00,240.1799,240.4,239.92,240.33,1026243.0
2025-09-17 14:10:00,240.335,240.43,240.09,240.13,661111.0
2025-09-17 14:15:00,240.13,240.4,240.0,240.2694,331411.0
2025-09-17 14:20:00,240.265,240.28,239.98,240.1343,342894.0
2025-09-17 14:25:00,240.14,240.33,240.09,240.09,302429.0
2025-09-17 14:30:00,240.09,240.1599,239.83,239.9999,400357.0
2025-09-17 14:35:00,240.0,240.28,239.95,240.23,323797.0
2025-09-17 14:40:00,240.22,240.43,240.17,240.335,385496.0
2025-09-17 14:45:00,240.35,240.63,240.25,240.41,495414.0
2025-09-17 14:50:00,240.4,240.545,240.28,240.545,518337.0
2025-09-17 14:55:00,240.55,240.73,240.51,240.69,451106.0
2025-09-17 15:00:00,240.7,240.7701,240.49,240.58,395379.0
2025-09-17 15:05:00,240.56,240.815,240.44,240.695,288208.0
2025-09-17 15:10:00,240.68,240.955,240.65,240.92,474045.0
2025-09-17 15:15:00,240.9207,241.1,240.9,241.0499,449068.0
2025-09-17 15:20:00,241.045,241.045,240.8199,240.87,302837.0
2025-09-17 15:25:00,240.88,240.89,240.4,240.41,320224.0
2025-09-17 15:30:00,240.4,240.64,240.4,240.64,179520.0
2025-09-17 15:35:00,240.63,240.705,240.52,240.59,231722.0
2025-09-17 15:40:00,240.59,240.935,240.58,240.895,2000550.0
2025-09-17 15:45:00,240.9,240.92,240.695,240.77,236350.0
2025-09-17 15:50:00,240.78,240.89,240.76,240.84,137506.0
2025-09-17 15:55:00,240.84,241.03,240.8399,240.93,246026.0
2025-09-17 16:00:00,240.93,240.98,240.72,240.91,208652.0
2025-09-18 09:30:00,242.3,242.51,242.3,242.51,4319.0
2025-09-18 09:35:00,242.59,242.75,242.59,242.75,8654.0
2025-09-18 09:40:00,242.66,242.7,242.64,242.7,2412.0
2025-09-18 09:45:00,242.76,242.76,242.57,242.58,6714.0
2025-09-18 09:50:00,242.58,242.58,242.54,242.56,3433.0
2025-09-18 09:55:00,242.31,242.52,242.31,242.48,16657.0
2025-09-18 10:00:00,242.51,242.66,242.45,242.65,5130.0
2025-09-18 10:05:00,242.71,242.75,242.68,242.75,4033.0
2025-09-18 10:10:00,242.72,242.72,242.53,242.53,1497.0
2025-09-18 10:15:00,242.46,242.6,242.46,242.6,2903.0
2025-09-18 10:20:00,242.59,242.6,242.48,242.48,2465.0
2025-09-18 10:25:00,242.44,242.44,242.35,242.35,6473.0
2025-09-18 10:30:00,242.43,242.43,242.37,242.38,5230.0
2025-09-18 10:35:00,242.42,242.42,242.38,242.39,3868.0
2025-09-18 10:40:00,242.38,242.49,242.38,242.43,10993.0
2025-09-18 10:45:00,242.28,242.32,242.28,242.29,8978.0
2025-09-18 10:50:00,242.29,242.29,242.21,242.21,8778.0
2025-09-18 10:55:00,242.25,242.36,242.1,242.36,24265.0
2025-09-18 11:00:00,242.35,242.57,242.22,242.55,19593.0
2025-09-18 11:05:00,242.57,242.72,242.57,242.72,22833.0
2025-09-18 11:10:00,242.72,242.74,242.519,242.519,9613.0
2025-09-18 11:15:00,242.59,242.76,242.54,242.74,16878.0
2025-09-18 11:20:00,242.73,242.84,242.73,242.78,36654.0
2025-09-18 11:25:00,242.74,242.74,242.57,242.61,54928.0
2025-09-18 11:30:00,242.6,242.6,242.34,242.36,16722.0
2025-09-18 11:35:00,242.34,242.38,242.31,242.35,3320.0
2025-09-18 11:40:00,242.46,242.46,242.15,242.22,11594.0
2025-09-18 11:45:00,242.18,242.18,242.0,242.03,16380.0
2025-09-18 11:50:00,242.03,242.05,241.77,242.04,17797.0
2025-09-18 11:55:00,242.01,242.01,241.91,241.94,7566.0
2025-09-18 12:00:00,241.75,242.8593,239.58,241.83,75649.0
2025-09-18 12:05:00,241.91,241.95,241.83,241.83,17741.0
2025-09-18 12:10:00,241.75,241.98,241.65,241.94,16144.0
2025-09-18 12:15:00,241.81,242.04,241.75,242.04,20152.0
2025-09-18 12:20:00,242.01,242.08,241.97,241.97,14634.0
2025-09-18 12:25:00,242.05,242.16,241.94,241.94,84409.0
2025-09-18 12:30:00,241.91,241.96,241.64,241.7,94277.0
2025-09-18 12:35:00,241.7,241.73,241.29,241.33,106964.0
2025-09-18 12:40:00,241.329,241.52,241.329,241.48,86065.0
2025-09-18 12:45:00,241.48,241.49,241.33,241.36,77785.0
2025-09-18 12:50:00,241.35,241.35,241.02,241.06,42840.0
2025-09-18 12:55:00,241.09,241.14,240.81,240.81,37220.0
2025-09-18 13:00:00,240.79,240.83,240.47,240.52,46963.0
2025-09-18 13:05:00,240.5,240.67,240.22,240.64,45765.0
2025-09-18 13:10:00,240.62,240.65,240.48,240.62,57750.0
2025-09-18 13:15:00,240.63,240.86,240.63,240.64,35488.0
2025-09-18 13:20:00,240.71,240.79,240.65,240.69,27511.0
2025-09-18 13:25:00,240.72,240.9,240.67,240.79,37829.0
2025-09-18 13:30:00,240.8,241.03,240.13,240.6,1271221.0
2025-09-18 13:35:00,240.59,241.14,240.49,240.79,987576.0
2025-09-18 13:40:00,240.8,241.11,240.5,240.7,744827.0
2025-09-18 13:45:00,240.69,241.279,240.41,241.275,903311.0
2025-09-18 13:50:00,241.27,241.79,241.25,241.4,1037788.0
2025-09-18 13:55:00,241.39,241.985,241.07,241.97,1071482.0
2025-09-18 14:00:00,241.96,242.5,241.91,242.46,1213375.0
2025-09-18 14:05:00,242.47,242.8657,242.43,242.78,757083.0
2025-09-18 14:10:00,242.78,243.2,242.71,242.9,760515.0
2025-09-18 14:15:00,242.89,243.12,242.72,243.01,1644390.0
2025-09-18 14:20:00,243.02,243.12,242.742,243.04,439376.0
2025-09-18 14:25:00,243.04,243.2557,242.99,243.22,589853.0
2025-09-18 14:30:00,243.21,243.455,243.17,243.39,526437.0
2025-09-18 14:35:00,243.38,243.51,243.1001,243.11,633203.0
2025-09-18 14:40:00,243.12,243.19,242.77,242.82,389289.0
2025-09-18 14:45:00,242.83,243.01,242.56,242.565,1226490.0
2025-09-18 14:50:00,242.56,242.56,242.15,242.17,568056.0
2025-09-18 14:55:00,242.165,242.2,241.96,242.0,475243.0
2025-09-18 15:00:00,242.01,242.22,241.87,242.035,569456.0
2025-09-18 15:05:00,242.04,242.26,241.82,241.84,745304.0
2025-09-18 15:10:00,241.8401,241.91,241.65,241.87,625353.0
2025-09-18 15:15:00,241.88,242.405,241.85,242.385,394150.0
2025-09-18 15:20:00,242.39,242.665,242.3151,242.39,546305.0
2025-09-18 15:25:00,242.4,242.63,242.3344,242.53,290543.0
2025-09-18 15:30:00,242.53,242.95,242.53,242.795,327272.0
2025-09-18 15:35:00,242.79,243.08,242.76,243.0199,361669.0
2025-09-18 15:40:00,243.01,243.03,242.795,242.925,306249.0
2025-09-18 15:45:00,242.94,243.085,242.83,242.9699,379134.0
2025-09-18 15:50:00,242.97,243.06,242.72,242.89,405411.0
2025-09-18 15:55:00,242.9,243.03,242.55,242.93,316699.0
2025-09-18 16:00:00,242.91,243.2,242.91,243.19,321249.0
2025-09-19 09:30:00,245.01,245.1,245.01,245.09,1162.0
2025-09-19 09:35:00,245.09,245.09,245.05,245.05,1412.0
2025-09-19 09:40:00,245.03,245.03,245.03,245.03,183.0
2025-09-19 09:45:00,245.01,245.01,244.88,244.98,2663.0
2025-09-19 09:50:00,244.93,244.93,244.79,244.81,4420.0
2025-09-19 09:55:00,244.8,244.8,244.76,244.76,1857.0
2025-09-19 10:00:00,244.72,244.72,244.66,244.67,8972.0
2025-09-19 10:05:00,244.72,244.75,244.66,244.71,15858.0
2025-09-19 10:10:00,244.69,244.69,244.5,244.54,2203.0
2025-09-19 10:15:00,244.64,244.76,244.64,244.75,2103.0
2025-09-19 10:20:00,244.74,244.74,244.62,244.62,4453.0
2025-09-19 10:25:00,244.66,244.69,244.66,244.69,1399.0
2025-09-19 10:30:00,244.62,244.62,244.46,244.53,30159.0
2025-09-19 10:35:00,244.52,244.67,244.51,244.67,4788.0
2025-09-19 10:40:00,244.66,244.66,244.65,244.65,596.0
2025-09-19 10:45:00,244.65,244.65,244.57,244.58,1961.0
2025-09-19 10:50:00,244.57,244.57,244.57,244.57,885.0
2025-09-19 10:55:00,244.51,244.69,244.49,244.67,4060.0
2025-09-19 11:00:00,244.69,244.84,244.67,244.67,3808.0
2025-09-19 11:05:00,244.66,244.7,244.63,244.67,3321.0
2025-09-19 11:10:00,244.62,244.62,244.53,244.53,508.0
2025-09-19 11:15:00,244.64,244.75,244.64,244.75,1939.0
2025-09-19 11:20:00,244.71,244.73,244.61,244.67,1857.0
2025-09-19 11:25:00,244.7,244.75,244.7,244.74,6869.0
2025-09-19 11:30:00,244.73,244.76,244.67,244.76,7776.0
2025-09-19 11:35:00,244.77,244.8,244.77,244.8,1445.0
2025-09-19 11:40:00,244.75,244.77,244.72,244.72,2298.0
2025-09-19 11:45:00,244.7,244.95,244.68,244.84,18223.0
2025-09-19 11:50:00,244.93,245.04,244.93,245.04,2075.0
2025-09-19 11:55:00,245.0,245.02,244.99,244.99,2795.0
2025-09-19 12:00:00,244.66,245.56,244.34,245.2,46366.0
2025-09-19 12:05:00,245.23,245.29,245.12,245.12,14231.0
2025-09-19 12:10:00,245.1,245.18,245.1,245.16,3785.0
2025-09-19 12:15:00,245.16,245.19,245.1,245.14,5022.0
2025-09-19 12:20:00,245.19,245.3,245.18,245.3,20506.0
2025-09-19 12:25:00,245.29,245.51,245.27,245.48,29303.0
2025-09-19 12:30:00,245.47,245.53,245.39,245.44,24762.0
2025-09-19 12:35:00,245.449,245.48,245.36,245.41,47423.0
2025-09-19 12:40:00,245.42,245.48,245.26,245.29,20949.0
2025-09-19 12:45:00,245.33,245.52,245.33,245.51,7567.0
2025-09-19 12:50:00,245.54,245.57,245.44,245.48,20071.0
2025-09-19 12:55:00,245.45,245.46,245.37,245.43,14465.0
2025-09-19 13:00:00,245.429,245.68,244.84,245.67,39903.0
2025-09-19 13:05:00,245.64,245.76,245.57,245.73,18539.0
2025-09-19 13:10:00,245.75,245.84,245.67,245.68,28437.0
2025-09-19 13:15:00,245.67,245.78,245.62,245.76,76402.0
2025-09-19 13:20:00,245.77,246.01,245.71,245.72,95143.0
2025-09-19 13:25:00,245.8,245.92,245.44,245.52,84454.0
2025-09-19 13:30:00,245.57,245.57,244.4,244.48,1473895.0
2025-09-19 13:35:00,244.52,244.61,244.12,244.44,794105.0
2025-09-19 13:40:00,244.44,244.49,244.11,244.29,432623.0
2025-09-19 13:45:00,244.29,244.85,244.19,244.78,650676.0
2025-09-19 13:50:00,244.785,245.21,244.61,244.85,577262.0
2025-09-19 13:55:00,244.845,244.89,244.315,244.44,497261.0
2025-09-19 14:00:00,244.43,244.475,244.16,244.46,457417.0
2025-09-19 14:05:00,244.47,244.47,243.95,244.01,450529.0
2025-09-19 14:10:00,244.01,244.35,244.01,244.225,521515.0
2025-09-19 14:15:00,244.22,244.5,244.2,244.44,367156.0
2025-09-19 14:20:00,244.45,244.55,244.28,244.33,310172.0
2025-09-19 14:25:00,244.3,244.31,243.97,243.97,526475.0
2025-09-19 14:30:00,243.98,244.415,243.98,244.195,651247.0
2025-09-19 14:35:00,244.21,244.38,244.005,244.02,251025.0
2025-09-19 14:40:00,244.02,244.025,243.57,243.57,772619.0
2025-09-19 14:45:00,243.56,243.7,243.24,243.305,473079.0
2025-09-19 14:50:00,243.3,243.94,243.22,243.55,973540.0
2025-09-19 14:55:00,243.56,243.615,243.375,243.54,319134.0
2025-09-19 15:00:00,243.55,243.79,243.29,243.29,420546.0
2025-09-19 15:05:00,243.29,243.47,243.23,243.325,647672.0
2025-09-19 15:10:00,243.33,243.44,243.13,243.28,4144667.0
2025-09-19 15:15:00,243.285,243.36,243.16,243.2287,361380.0
2025-09-19 15:20:00,243.22,243.38,243.085,243.25,1593047.0
2025-09-19 15:25:00,243.25,243.3,242.97,243.02,410434.0
2025-09-19 15:30:00,243.01,243.03,242.84,243.0247,442003.0
2025-09-19 15:35:00,243.02,243.25,242.94,243.11,658262.0
2025-09-19 15:40:00,243.13,243.1859,242.97,242.98,277052.0
2025-09-19 15:45:00,242.97,243.215,242.895,243.17,415622.0
2025-09-19 15:50:00,243.17,243.38,243.08,243.375,440124.0
2025-09-19 15:55:00,243.38,243.4,243.3,243.39,892622.0
2025-09-19 16:00:00,243.39,243.53,243.29,243.32,437513.0
2025-09-22 09:30:00,242.58,242.58,242.55,242.56,520.0
2025-09-22 09:35:00,242.6,242.6,242.48,242.48,1359.0
2025-09-22 09:40:00,242.53,242.53,242.5,242.53,2409.0
2025-09-22 09:45:00,242.48,242.5,242.45,242.45,2094.0
2025-09-22 09:50:00,242.47,242.5,242.47,242.5,2666.0
2025-09-22 09:55:00,242.49,242.49,242.43,242.43,1840.0
2025-09-22 10:00:00,242.41,242.5,242.41,242.47,2868.0
2025-09-22 10:05:00,242.44,242.48,242.39,242.48,2114.0
2025-09-22 10:10:00,242.5,242.5,242.45,242.49,1112.0
2025-09-22 10:15:00,242.45,242.55,242.4,242.55,3185.0
2025-09-22 10:20:00,242.55,242.63,242.53,242.63,4785.0
2025-09-22 10:25:00,242.63,242.64,242.58,242.58,5083.0
2025-09-22 10:30:00,242.6,242.63,242.54,242.54,3548.0
2025-09-22 10:35:00,242.49,242.49,242.49,242.49,644.0
2025-09-22 10:40:00,242.58,242.58,242.5,242.5,5751.0
2025-09-22 10:45:00,242.5,242.57,242.5,242.56,4309.0
2025-09-22 10:50:00,242.64,242.64,242.48,242.48,2140.0
2025-09-22 10:55:00,242.46,242.5,242.46,242.5,2703.0
2025-09-22 11:00:00,242.45,242.5,242.37,242.5,7534.0
2025-09-22 11:05:00,242.5,242.52,242.49,242.51,2516.0
2025-09-22 11:10:00,242.51,242.51,242.41,242.41,29579.0
2025-09-22 11:15:00,242.41,242.45,242.41,242.45,1129.0
2025-09-22 11:20:00,242.45,242.46,242.39,242.39,3468.0
2025-09-22 11:25:00,242.39,242.42,242.35,242.42,8262.0
2025-09-22 11:30:00,242.42,242.46,242.38,242.45,7426.0
2025-09-22 11:35:00,242.406,242.45,242.4,242.4,5562.0
2025-09-22 11:40:00,242.4,242.45,242.4,242.45,5079.0
2025-09-22 11:45:00,242.41,242.44,242.41,242.43,1849.0
2025-09-22 11:50:00,242.41,242.41,242.33,242.4,6452.0
2025-09-22 11:55:00,242.38,242.44,242.34,242.44,1563.0
2025-09-22 12:00:00,242.4798,243.13,242.02,242.4,76202.0
2025-09-22 12:05:00,242.4,242.41,242.3,242.35,5091.0
2025-09-22 12:10:00,242.4,242.43,242.33,242.33,5221.0
2025-09-22 12:15:00,242.29,242.32,242.27,242.29,4973.0
2025-09-22 12:20:00,242.3,242.45,242.29,242.45,5735.0
2025-09-22 12:25:00,242.45,242.45,242.32,242.32,60842.0
2025-09-22 12:30:00,242.32,242.33,242.2,242.2,14428.0
2025-09-22 12:35:00,242.19,242.32,242.13,242.23,23071.0
2025-09-22 12:40:00,242.24,242.37,242.24,242.24,1975.0
2025-09-22 12:45:00,242.29,242.34,242.22,242.24,7217.0
2025-09-22 12:50:00,242.26,242.34,242.26,242.26,4404.0
2025-09-22 12:55:00,242.31,242.43,242.31,242.4,10188.0
2025-09-22 13:00:00,242.4,242.4,242.19,242.25,33936.0
2025-09-22 13:05:00,242.2699,242.33,242.25,242.28,19872.0
2025-09-22 13:10:00,242.3102,242.4,242.3102,242.37,12084.0
2025-09-22 13:15:00,242.39,242.39,242.32,242.36,11128.0
2025-09-22 13:20:00,242.38,242.38,242.225,242.26,16875.0
2025-09-22 13:25:00,242.26,242.36,242.15,242.24,16873.0
2025-09-22 13:30:00,242.24,242.2977,241.57,241.695,1328013.0
2025-09-22 13:35:00,241.68,241.805,241.19,241.28,801813.0
2025-09-22 13:40:00,241.28,241.41,241.11,241.4,553583.0
2025-09-22 13:45:00,241.4,242.13,241.395,242.13,630784.0
2025-09-22 13:50:00,242.14,242.715,242.12,242.6599,551028.0
2025-09-22 13:55:00,242.66,243.07,242.6,243.03,762972.0
2025-09-22 14:00:00,243.02,243.02,242.48,242.8,518360.0
2025-09-22 14:05:00,242.79,243.0,242.69,242.93,259577.0
2025-09-22 14:10:00,242.92,243.02,242.54,242.54,834822.0
2025-09-22 14:15:00,242.535,242.69,242.16,242.3707,1761386.0
2025-09-22 14:20:00,242.35,242.475,242.12,242.145,249347.0
2025-09-22 14:25:00,242.15,242.37,242.0,242.35,395489.0
2025-09-22 14:30:00,242.35,242.37,242.19,242.23,234935.0
2025-09-22 14:35:00,242.25,242.395,242.095,242.18,235824.0
2025-09-22 14:40:00,242.1881,242.365,242.045,242.35,757329.0
2025-09-22 14:45:00,242.36,242.65,242.32,242.64,788465.0
2025-09-22 14:50:00,242.64,242.64,242.475,242.565,294714.0
2025-09-22 14:55:00,242.565,242.91,242.565,242.91,301997.0
2025-09-22 15:00:00,242.91,243.26,242.87,243.04,465747.0
2025-09-22 15:05:00,243.03,243.1309,242.94,243.045,747123.0
2025-09-22 15:10:00,243.045,243.1845,242.94,242.965,263597.0
2025-09-22 15:15:00,242.965,243.14,242.87,243.13,281657.0
2025-09-22 15:20:00,243.15,243.365,243.14,243.21,1306473.0
2025-09-22 15:25:00,243.2,243.36,243.14,243.235,213215.0
2025-09-22 15:30:00,243.23,243.425,243.17,243.32,276743.0
2025-09-22 15:35:00,243.32,243.45,243.21,243.23,268920.0
2025-09-22 15:40:00,243.23,243.355,243.0944,243.275,287973.0
2025-09-22 15:45:00,243.28,243.31,242.95,243.005,322596.0
2025-09-22 15:50:00,243.01,243.17,242.855,242.99,249418.0
2025-09-22 15:55:00,242.9999,243.06,242.835,242.92,304144.0
2025-09-22 16:00:00,242.9201,242.97,242.75,242.94,386322.0
2025-09-23 09:30:00,244.45,244.53,244.45,244.53,757.0
2025-09-23 09:35:00,244.61,244.63,244.61,244.63,2676.0
2025-09-23 09:40:00,244.63,244.63,244.55,244.55,1678.0
2025-09-23 09:45:00,244.52,244.56,244.5,244.5,4024.0
2025-09-23 09:50:00,244.51,244.55,244.5,244.52,2744.0
2025-09-23 09:55:00,244.55,244.55,244.52,244.52,323.0
2025-09-23 10:00:00,244.55,244.56,244.48,244.48,3211.0
2025-09-23 10:05:00,244.53,244.53,244.53,244.53,249.0
2025-09-23 10:15:00,244.61,244.61,244.55,244.55,1784.0
2025-09-23 10:20:00,244.57,244.57,244.45,244.45,2179.0
2025-09-23 10:25:00,244.49,244.49,244.46,244.47,1104.0
2025-09-23 10:30:00,244.35,244.35,244.27,244.31,10681.0
2025-09-23 10:35:00,244.31,244.31,244.31,244.31,108.0
2025-09-23 10:40:00,244.28,244.3,244.23,244.23,2923.0
2025-09-23 10:45:00,244.33,244.39,244.29,244.39,1302.0
2025-09-23 10:50:00,244.39,244.44,244.39,244.44,910.0
2025-09-23 10:55:00,244.49,244.53,244.49,244.53,3380.0
2025-09-23 11:00:00,244.42,244.42,244.26,244.29,2901.0
2025-09-23 11:05:00,244.34,244.37,244.34,244.37,1322.0
2025-09-23 11:10:00,244.4,244.41,244.33,244.33,2645.0
2025-09-23 11:15:00,244.39,244.39,244.33,244.34,2401.0
2025-09-23 11:20:00,244.39,244.4,244.39,244.39,19499.0
2025-09-23 11:25:00,244.37,244.42,244.36,244.39,9940.0
2025-09-23 11:30:00,244.4,244.48,244.4,244.48,13726.0
2025-09-23 11:35:00,244.5,244.54,244.48,244.53,5067.0
2025-09-23 11:40:00,244.59,244.8,244.57,244.8,2323.0
2025-09-23 11:45:00,244.79,244.88,244.79,244.81,7171.0
2025-09-23 11:50:00,244.78,244.96,244.78,244.96,2122.0
2025-09-23 11:55:00,244.95,244.98,244.93,244.98,2454.0
2025-09-23 12:00:00,244.41,244.9113,243.68,244.85,16342.0
2025-09-23 12:05:00,244.86,244.94,244.82,244.8458,1893.0
2025-09-23 12:10:00,244.84,244.9,244.79,244.79,5026.0
2025-09-23 12:15:00,244.8,244.81,244.69,244.7007,13445.0
2025-09-23 12:20:00,244.74,244.78,244.72,244.72,3040.0
2025-09-23 12:25:00,244.77,244.84,244.77,244.8,3598.0
2025-09-23 12:30:00,244.7,244.82,244.67,244.8,5980.0
2025-09-23 12:35:00,244.81,244.81,244.74,244.8,5064.0
2025-09-23 12:40:00,244.73,244.8,244.73,244.7601,3897.0
2025-09-23 12:45:00,244.76,244.79,244.76,244.78,3689.0
2025-09-23 12:50:00,244.81,244.86,244.8099,244.81,9750.0
2025-09-23 12:55:00,244.87,244.87,244.81,244.85,4027.0
2025-09-23 13:00:00,244.91,244.96,244.86,244.86,10592.0
2025-09-23 13:05:00,244.87,244.88,244.8,244.81,12680.0
2025-09-23 13:10:00,244.78,244.83,244.76,244.82,6199.0
2025-09-23 13:15:00,244.84,244.91,244.84,244.86,9921.0
2025-09-23 13:20:00,244.86,244.86,244.76,244.76,12292.0
2025-09-23 13:25:00,244.76,245.07,244.75,245.0,50750.0
2025-09-23 13:30:00,245.01,245.72,244.82,245.63,1189758.0
2025-09-23 13:35:00,245.63,245.84,245.555,245.76,681792.0
2025-09-23 13:40:00,245.76,246.01,245.47,245.68,843145.0
2025-09-23 13:45:00,245.72,246.7,245.68,246.64,908627.0
2025-09-23 13:50:00,246.65,246.98,246.4144,246.935,1217482.0
2025-09-23 13:55:00,246.94,246.94,246.5,246.775,865530.0
2025-09-23 14:00:00,246.78,246.9,246.325,246.4372,861592.0
2025-09-23 14:05:00,246.44,246.87,246.42,246.84,395008.0
2025-09-23 14:10:00,246.84,247.175,246.65,246.6869,582170.0
2025-09-23 14:15:00,246.68,246.68,246.44,246.53,515285.0
2025-09-23 14:20:00,246.54,246.58,246.235,246.37,438029.0
2025-09-23 14:25:00,246.37,246.415,246.03,246.255,392622.0
2025-09-23 14:30:00,246.26,246.29,246.1,246.11,277920.0
2025-09-23 14:35:00,246.11,246.5,245.99,246.45,504966.0
2025-09-23 14:40:00,246.46,246.97,246.46,246.92,780352.0
2025-09-23 14:45:00,246.91,247.04,246.76,247.01,365480.0
2025-09-23 14:50:00,246.99,246.99,246.73,246.87,390120.0
2025-09-23 14:55:00,246.86,247.075,246.85,246.92,292119.0
2025-09-23 15:00:00,246.91,246.92,246.47,246.53,316912.0
2025-09-23 15:05:00,246.53,246.7201,246.36,246.38,281278.0
2025-09-23 15:10:00,246.375,246.59,246.34,246.45,214926.0
2025-09-23 15:15:00,246.465,246.65,246.35,246.48,226569.0
2025-09-23 15:20:00,246.482,246.5,246.26,246.29,224772.0
2025-09-23 15:25:00,246.28,246.31,246.085,246.16,292937.0
2025-09-23 15:30:00,246.15,246.34,246.085,246.16,313309.0
2025-09-23 15:35:00,246.15,246.33,246.105,246.265,285272.0
2025-09-23 15:40:00,246.25,246.31,245.95,246.02,432765.0
2025-09-23 15:45:00,246.03,246.05,245.71,245.795,510561.0
2025-09-23 15:50:00,245.79,245.94,245.665,245.73,425532.0
2025-09-23 15:55:00,245.73,245.885,245.73,245.8,172626.0
2025-09-23 16:00:00,245.81,246.01,245.78,246.0,1303609.0
2025-09-24 09:30:00,244.3,244.31,244.25,244.25,606.0
2025-09-24 09:35:00,244.25,244.25,244.19,244.19,477.0
2025-09-24 09:40:00,244.07,244.16,244.07,244.1,2075.0
2025-09-24 09:45:00,244.12,244.21,244.12,244.21,1055.0
2025-09-24 09:50:00,244.21,244.25,244.21,244.25,593.0
2025-09-24 09:55:00,244.27,244.28,244.26,244.27,1121.0
2025-09-24 10:00:00,244.25,244.26,244.25,244.25,3072.0
2025-09-24 10:05:00,244.27,244.28,244.23,244.23,7621.0
2025-09-24 10:10:00,244.18,244.2,244.18,244.19,4774.0
2025-09-24 10:15:00,244.23,244.23,244.22,244.22,1289.0
2025-09-24 10:20:00,244.24,244.24,244.1,244.1,4169.0
2025-09-24 10:25:00,244.07,244.07,244.0,244.0,3441.0
2025-09-24 10:30:00,244.05,244.05,244.01,244.01,2149.0
2025-09-24 10:35:00,244.01,244.01,243.92,243.93,4937.0
2025-09-24 10:40:00,243.92,243.92,243.91,243.91,1816.0
2025-09-24 10:45:00,244.01,244.02,243.98,244.02,881.0
2025-09-24 10:50:00,243.99,244.09,243.97,244.08,3721.0
2025-09-24 10:55:00,244.06,244.06,244.05,244.05,412.0
2025-09-24 11:00:00,244.06,244.18,244.05,244.11,16780.0
2025-09-24 11:05:00,244.12,244.25,244.12,244.25,40197.0
2025-09-24 11:10:00,244.26,244.34,244.26,244.34,12876.0
2025-09-24 11:15:00,244.31,244.31,244.27,244.29,2278.0
2025-09-24 11:20:00,244.23,244.24,244.18,244.18,523.0
2025-09-24 11:25:00,244.24,244.24,244.18,244.22,1310.0
2025-09-24 11:30:00,244.25,244.35,244.25,244.3,5725.0
2025-09-24 11:35:00,244.29,244.29,244.18,244.18,4867.0
2025-09-24 11:40:00,244.17,244.17,243.96,244.03,21421.0
2025-09-24 11:45:00,244.03,244.11,244.03,244.11,2173.0
2025-09-24 11:50:00,244.1,244.12,244.0,244.0,3494.0
2025-09-24 11:55:00,244.09,244.22,244.09,244.17,2282.0
2025-09-24 12:00:00,244.36,244.4,243.62,244.18,66416.0
2025-09-24 12:05:00,244.17,244.256,244.1601,244.23,12355.0
2025-09-24 12:10:00,244.26,244.26,244.15,244.17,7999.0
2025-09-24 12:15:00,244.18,244.19,244.07,244.07,19881.0
2025-09-24 12:20:00,244.07,244.21,244.05,244.18,13706.0
2025-09-24 12:25:00,244.19,244.28,244.19,244.27,6997.0
2025-09-24 12:30:00,244.29,244.37,244.22,244.24,23893.0
2025-09-24 12:35:00,244.22,244.31,244.22,244.26,7453.0
2025-09-24 12:40:00,244.31,244.34,244.19,244.19,26654.0
2025-09-24 12:45:00,244.19,244.19,244.05,244.07,27962.0
2025-09-24 12:50:00,244.07,244.12,244.07,244.08,6904.0
2025-09-24 12:55:00,244.1,244.21,244.07,244.21,11027.0
2025-09-24 13:00:00,244.26,244.34,244.23,244.31,20508.0
2025-09-24 13:05:00,244.33,244.35,244.09,244.11,12308.0
2025-09-24 13:10:00,244.1,244.14,243.96,243.96,13159.0
2025-09-24 13:15:00,243.98,244.12,243.98,244.01,5751.0
2025-09-24 13:20:00,244.01,244.04,243.99,244.04,5736.0
2025-09-24 13:25:00,244.02,244.13,243.88,243.88,58114.0
2025-09-24 13:30:00,243.9,244.61,243.55,244.61,1792715.0
2025-09-24 13:35:00,244.6,244.6,244.16,244.21,601643.0
2025-09-24 13:40:00,244.22,244.51,244.0,244.145,1300004.0
2025-09-24 13:45:00,244.16,244.23,243.37,243.385,532692.0
2025-09-24 13:50:00,243.43,243.82,243.175,243.82,379407.0
2025-09-24 13:55:00,243.81,243.89,243.56,243.8,266986.0
2025-09-24 14:00:00,243.78,244.23,243.56,244.19,278389.0
2025-09-24 14:05:00,244.2,244.32,243.79,244.3,307317.0
2025-09-24 14:10:00,244.3144,244.5,244.08,244.12,264491.0
2025-09-24 14:15:00,244.13,244.1789,243.91,244.17,442712.0
2025-09-24 14:20:00,244.16,244.22,243.94,243.98,287022.0
2025-09-24 14:25:00,243.985,244.2,243.76,244.08,306619.0
2025-09-24 14:30:00,244.07,244.18,243.88,243.88,230443.0
2025-09-24 14:35:00,243.9,244.14,243.9,244.0,481719.0
2025-09-24 14:40:00,244.0,244.11,243.795,243.945,218063.0
2025-09-24 14:45:00,243.94,244.13,243.865,244.035,168749.0
2025-09-24 14:50:00,244.03,244.25,243.91,244.1144,232754.0
2025-09-24 14:55:00,244.105,244.135,243.865,243.9,284582.0
2025-09-24 15:00:00,243.94,243.97,243.68,243.72,168244.0
2025-09-24 15:05:00,243.73,243.76,243.545,243.56,809771.0
2025-09-24 15:10:00,243.56,243.57,243.26,243.27,304167.0
2025-09-24 15:15:00,243.27,243.535,243.27,243.4753,177227.0
2025-09-24 15:20:00,243.485,243.61,243.4,243.57,135208.0
2025-09-24 15:25:00,243.59,243.62,243.38,243.39,286079.0
2025-09-24 15:30:00,243.39,243.43,243.24,243.27,238799.0
2025-09-24 15:35:00,243.28,243.365,243.115,243.25,226722.0
2025-09-24 15:40:00,243.24,243.26,243.045,243.06,180914.0
2025-09-24 15:45:00,243.06,243.085,242.5723,242.6,415675.0
2025-09-24 15:50:00,242.59,242.65,242.27,242.39,646146.0
2025-09-24 15:55:00,242.39,242.44,241.97,242.14,543440.0
2025-09-24 16:00:00,242.13,242.3206,242.0701,242.18,453689.0
2025-09-25 09:35:00,241.65,241.65,241.64,241.64,620.0
2025-09-25 09:40:00,241.58,241.59,241.52,241.52,1809.0
2025-09-25 09:45:00,241.5,241.59,241.4,241.56,5665.0
2025-09-25 09:50:00,241.54,241.58,241.54,241.58,721.0
2025-09-25 09:55:00,241.58,241.58,241.53,241.53,1602.0
2025-09-25 10:00:00,241.55,241.55,241.53,241.53,661.0
2025-09-25 10:05:00,241.54,241.57,241.52,241.57,785.0
2025-09-25 10:10:00,241.57,241.59,241.55,241.59,1073.0
2025-09-25 10:15:00,241.5,241.52,241.5,241.52,585.0
2025-09-25 10:20:00,241.58,241.64,241.57,241.6,2910.0
2025-09-25 10:25:00,241.6,241.6,241.3,241.3,8655.0
2025-09-25 10:30:00,241.23,241.37,241.15,241.34,4000.0
2025-09-25 10:35:00,241.36,241.43,241.36,241.43,1938.0
2025-09-25 10:40:00,241.38,241.38,241.24,241.24,4343.0
2025-09-25 10:45:00,241.18,241.23,241.15,241.22,3721.0
2025-09-25 10:50:00,241.25,241.26,241.2,241.26,2187.0
2025-09-25 10:55:00,241.28,241.37,241.21,241.24,4081.0
2025-09-25 11:00:00,241.25,241.25,241.1,241.2,16249.0
2025-09-25 11:05:00,241.18,241.2,241.0,241.02,4079.0
2025-09-25 11:10:00,241.0,241.0,240.65,240.7,12848.0
2025-09-25 11:15:00,240.78,240.86,240.7,240.77,5252.0
2025-09-25 11:20:00,240.7,240.7,240.5,240.5,12130.0
2025-09-25 11:25:00,240.52,240.66,240.52,240.6,4216.0
2025-09-25 11:30:00,240.5,240.5,240.32,240.32,16649.0
2025-09-25 11:35:00,240.32,240.46,240.29,240.34,16503.0
2025-09-25 11:40:00,240.36,240.36,240.12,240.12,10918.0
2025-09-25 11:45:00,240.13,240.2,240.01,240.11,10333.0
2025-09-25 11:50:00,240.15,240.25,240.11,240.13,19946.0
2025-09-25 11:55:00,240.21,240.26,239.79,239.87,34965.0
2025-09-25 12:00:00,241.15,242.48,239.83,240.12,64373.0
2025-09-25 12:05:00,240.0838,240.35,240.07,240.32,7934.0
2025-09-25 12:10:00,240.22,240.33,240.21,240.27,20846.0
2025-09-25 12:15:00,240.21,240.31,240.21,240.28,6341.0
2025-09-25 12:20:00,240.3,240.33,240.22,240.22,8121.0
2025-09-25 12:25:00,240.23,240.25,239.99,240.03,40494.0
2025-09-25 12:30:00,239.95,240.04,239.53,239.57,218071.0
2025-09-25 12:35:00,239.6,239.67,239.44,239.62,49936.0
2025-09-25 12:40:00,239.54,239.64,239.24,239.41,43371.0
2025-09-25 12:45:00,239.43,239.44,239.14,239.19,66865.0
2025-09-25 12:50:00,239.22,239.22,238.87,238.93,94586.0
2025-09-25 12:55:00,238.91,239.06,238.71,238.84,68246.0
2025-09-25 13:00:00,238.82,238.89,238.61,238.89,204802.0
2025-09-25 13:05:00,238.89,239.09,238.87,238.91,49465.0
2025-09-25 13:10:00,238.95,239.06,238.855,238.96,31576.0
2025-09-25 13:15:00,239.0,239.2,238.84,239.2,25034.0
2025-09-25 13:20:00,239.2363,239.3125,239.14,239.27,40092.0
2025-09-25 13:25:00,239.25,239.33,238.97,238.98,85317.0
2025-09-25 13:30:00,238.98,239.36,238.82,238.94,1775729.0
2025-09-25 13:35:00,238.96,239.05,238.04,238.06,1114203.0
2025-09-25 13:40:00,238.06,238.06,237.55,237.93,1317099.0
2025-09-25 13:45:00,237.94,238.715,237.795,238.49,1649960.0
2025-09-25 13:50:00,238.5,238.87,237.95,238.11,1175350.0
2025-09-25 13:55:00,238.11,238.51,238.0291,238.51,622488.0
2025-09-25 14:00:00,238.51,239.02,238.27,239.0198,764537.0
2025-09-25 14:05:00,239.0,239.31,238.83,239.28,537699.0
2025-09-25 14:10:00,239.28,239.53,239.14,239.31,583147.0
2025-09-25 14:15:00,239.33,239.59,239.22,239.43,527953.0
2025-09-25 14:20:00,239.43,239.81,239.39,239.76,325761.0
2025-09-25 14:25:00,239.755,239.76,239.38,239.45,769348.0
2025-09-25 14:30:00,239.445,239.6099,239.36,239.56,273679.0
2025-09-25 14:35:00,239.55,239.76,239.34,239.7,383857.0
2025-09-25 14:40:00,239.68,239.7,239.42,239.68,276377.0
2025-09-25 14:45:00,239.6899,239.89,239.54,239.8699,343614.0
2025-09-25 14:50:00,239.85,239.85,239.465,239.7,307672.0
2025-09-25 14:55:00,239.71,239.905,239.71,239.745,186569.0
2025-09-25 15:00:00,239.74,239.76,239.315,239.335,371557.0
2025-09-25 15:05:00,239.34,239.5177,239.14,239.285,351526.0
2025-09-25 15:10:00,239.28,239.45,239.155,239.415,457514.0
2025-09-25 15:15:00,239.41,239.43,239.21,239.25,306736.0
2025-09-25 15:20:00,239.255,239.28,238.8801,238.8801,492426.0
2025-09-25 15:25:00,238.885,238.92,238.63,238.72,397499.0
2025-09-25 15:30:00,238.71,239.22,238.7,239.22,332128.0
2025-09-25 15:35:00,239.21,239.57,239.21,239.565,519167.0
2025-09-25 15:40:00,239.565,239.85,239.49,239.79,372555.0
2025-09-25 15:45:00,239.785,239.88,239.67,239.865,348881.0
2025-09-25 15:50:00,239.86,239.96,239.78,239.94,175442.0
2025-09-25 15:55:00,239.94,239.99,239.74,239.85,146034.0
2025-09-25 16:00:00,239.84,239.94,239.6,239.6,168368.0
2025-09-26 09:30:00,238.85,239.02,238.85,239.02,734.0
2025-09-26 09:35:00,239.04,239.14,238.99,239.12,3043.0
2025-09-26 09:40:00,239.05,239.06,239.05,239.06,1515.0
2025-09-26 09:45:00,239.09,239.14,239.04,239.13,2230.0
2025-09-26 09:50:00,239.17,239.17,239.15,239.16,3673.0
2025-09-26 09:55:00,239.2,239.2,239.12,239.18,7174.0
2025-09-26 10:00:00,239.12,239.13,238.99,239.02,2821.0
2025-09-26 10:05:00,238.98,238.98,238.81,238.81,3388.0
2025-09-26 10:10:00,238.95,238.96,238.94,238.94,1766.0
2025-09-26 10:15:00,238.98,238.98,238.9,238.9,3066.0
2025-09-26 10:20:00,238.85,238.85,238.78,238.79,1909.0
2025-09-26 10:25:00,238.77,238.81,238.7,238.7,4955.0
2025-09-26 10:30:00,238.7,238.72,238.68,238.69,5996.0
2025-09-26 10:35:00,238.64,238.69,238.6,238.69,5121.0
2025-09-26 10:40:00,238.64,238.64,238.52,238.52,3313.0
2025-09-26 10:45:00,238.52,238.61,238.52,238.56,3320.0
2025-09-26 10:50:00,238.64,238.65,238.59,238.65,2376.0
2025-09-26 10:55:00,238.67,238.77,238.67,238.77,1701.0
2025-09-26 11:00:00,238.85,238.96,238.8,238.86,4186.0
2025-09-26 11:05:00,238.9,238.94,238.89,238.93,2852.0
2025-09-26 11:10:00,238.97,239.08,238.96,239.02,3085.0
2025-09-26 11:15:00,238.97,238.97,238.85,238.87,2259.0
2025-09-26 11:20:00,238.8,238.83,238.8,238.83,599.0
2025-09-26 11:25:00,238.8,238.87,238.8,238.87,691.0
2025-09-26 11:35:00,239.04,239.04,239.04,239.04,615.0
2025-09-26 11:40:00,239.08,239.23,239.06,239.06,13042.0
2025-09-26 11:45:00,239.07,239.14,239.07,239.14,5215.0
2025-09-26 11:50:00,239.18,239.22,239.16,239.21,10712.0
2025-09-26 11:55:00,239.24,239.25,239.03,239.03,13408.0
2025-09-26 12:00:00,239.02,239.72,238.8003,239.12,35893.0
2025-09-26 12:05:00,239.12,239.27,239.12,239.2101,14387.0
2025-09-26 12:10:00,239.18,239.2,239.16,239.16,5258.0
2025-09-26 12:15:00,239.15,239.31,239.15,239.31,34297.0
2025-09-26 12:20:00,239.27,239.37,239.19,239.37,13259.0
2025-09-26 12:25:00,239.35,239.56,239.25,239.56,20543.0
2025-09-26 12:30:00,239.57,240.4,239.3,240.0,89681.0
2025-09-26 12:35:00,240.0363,240.49,240.01,240.4,92015.0
2025-09-26 12:40:00,240.39,240.44,240.11,240.27,39202.0
2025-09-26 12:45:00,240.2,240.22,240.01,240.05,32910.0
2025-09-26 12:50:00,240.16,240.16,239.9,239.97,31911.0
2025-09-26 12:55:00,239.99,240.08,239.96,239.98,53180.0
2025-09-26 13:00:00,240.03,240.03,239.76,239.82,24700.0
2025-09-26 13:05:00,239.8,239.8,239.65,239.68,17026.0
2025-09-26 13:10:00,239.68,239.77,239.63,239.76,15579.0
2025-09-26 13:15:00,239.72,239.8,239.66,239.66,25925.0
2025-09-26 13:20:00,239.69,239.71,239.5,239.52,13960.0
2025-09-26 13:25:00,239.59,239.7,239.45,239.6,56589.0
2025-09-26 13:30:00,239.62,240.36,239.4,240.15,1397763.0
2025-09-26 13:35:00,240.15,240.36,239.9,239.97,711325.0
2025-09-26 13:40:00,239.97,240.55,239.9,240.27,626683.0
2025-09-26 13:45:00,240.26,240.87,240.0,240.78,640825.0
2025-09-26 13:50:00,240.77,241.17,240.57,241.0,565256.0
2025-09-26 13:55:00,240.995,241.35,240.885,241.32,566055.0
2025-09-26 14:00:00,241.34,241.68,240.54,240.68,801092.0
2025-09-26 14:05:00,240.69,240.76,240.15,240.49,451653.0
2025-09-26 14:10:00,240.51,240.66,240.25,240.38,353510.0
2025-09-26 14:15:00,240.38,240.55,240.21,240.44,412244.0
2025-09-26 14:20:00,240.42,240.48,240.105,240.15,409192.0
2025-09-26 14:25:00,240.15,240.19,239.62,239.92,754753.0
2025-09-26 14:30:00,239.92,239.97,239.5903,239.72,374953.0
2025-09-26 14:35:00,239.72,240.26,239.575,240.195,453264.0
2025-09-26 14:40:00,240.18,240.3299,240.1,240.12,263989.0
2025-09-26 14:45:00,240.11,240.23,239.5201,239.55,257206.0
2025-09-26 14:50:00,239.55,239.8,239.51,239.62,228941.0
2025-09-26 14:55:00,239.62,239.83,239.5051,239.6,196355.0
2025-09-26 15:00:00,239.61,239.82,239.55,239.73,128698.0
2025-09-26 15:05:00,239.725,239.83,239.56,239.59,162104.0
2025-09-26 15:10:00,239.61,239.69,239.42,239.425,293188.0
2025-09-26 15:15:00,239.425,240.01,239.3344,239.97,306941.0
2025-09-26 15:20:00,239.97,240.095,239.8,240.095,1155895.0
2025-09-26 15:25:00,240.08,240.4,240.06,240.39,280783.0
2025-09-26 15:30:00,240.38,240.53,240.33,240.43,490886.0
2025-09-26 15:35:00,240.43,240.51,240.17,240.37,300253.0
2025-09-26 15:40:00,240.38,240.49,240.22,240.41,337068.0
2025-09-26 15:45:00,240.4,240.41,240.23,240.41,176272.0
2025-09-26 15:50:00,240.41,240.41,240.12,240.21,278139.0
2025-09-26 15:55:00,240.2,240.23,239.95,239.99,230090.0
2025-09-26 16:00:00,240.01,240.07,239.87,240.04,363636.0
2025-09-29 09:30:00,242.99,242.99,242.88,242.88,1039.0
2025-09-29 09:35:00,242.88,243.0,242.88,242.96,4097.0
2025-09-29 09:40:00,242.95,242.97,242.9,242.97,808.0
2025-09-29 09:45:00,243.02,243.02,242.92,242.92,1226.0
2025-09-29 09:50:00,242.91,242.95,242.91,242.95,1080.0
2025-09-29 09:55:00,242.93,242.96,242.9,242.91,4338.0
2025-09-29 10:00:00,242.87,243.0,242.87,243.0,3291.0
2025-09-29 10:05:00,242.96,242.98,242.96,242.98,1565.0
2025-09-29 10:10:00,242.97,243.02,242.95,243.02,2608.0
2025-09-29 10:15:00,243.07,243.14,243.07,243.13,4609.0
2025-09-29 10:20:00,243.16,243.2,243.1,243.11,5698.0
2025-09-29 10:25:00,243.17,243.2,243.17,243.2,1082.0
2025-09-29 10:30:00,243.24,243.25,243.08,243.08,6849.0
2025-09-29 10:35:00,243.04,243.04,243.01,243.01,1497.0
2025-09-29 10:40:00,243.04,243.04,243.04,243.04,533.0
2025-09-29 10:45:00,243.05,243.06,243.05,243.06,252.0
2025-09-29 10:50:00,243.1,243.1,243.01,243.05,4179.0
2025-09-29 10:55:00,243.05,243.05,242.98,243.03,3606.0
2025-09-29 11:00:00,243.0,243.04,242.97,242.98,6482.0
2025-09-29 11:05:00,242.97,242.97,242.94,242.94,3747.0
2025-09-29 11:10:00,242.91,242.92,242.86,242.86,4092.0
2025-09-29 11:15:00,242.74,242.91,242.74,242.91,2575.0
2025-09-29 11:20:00,242.99,242.99,242.96,242.96,6081.0
2025-09-29 11:25:00,242.87,242.87,242.74,242.82,4906.0
2025-09-29 11:30:00,242.84,242.85,242.75,242.75,2747.0
2025-09-29 11:35:00,242.79,242.79,242.76,242.78,762.0
2025-09-29 11:40:00,242.8,242.81,242.76,242.76,4543.0
2025-09-29 11:45:00,242.72,242.75,242.69,242.75,2693.0
2025-09-29 11:50:00,242.72,242.76,242.65,242.72,2703.0
2025-09-29 11:55:00,242.75,242.79,242.75,242.79,5564.0
2025-09-29 12:00:00,242.8,243.1,242.03,242.83,35653.0
2025-09-29 12:05:00,242.81,242.88,242.78,242.88,7231.0
2025-09-29 12:10:00,242.89,243.0,242.88,243.0,12761.0
2025-09-29 12:15:00,242.97,243.04,242.93,243.04,10399.0
2025-09-29 12:20:00,243.06,243.08,243.01,243.08,10701.0
2025-09-29 12:25:00,243.03,243.05,242.94,242.95,10696.0
2025-09-29 12:30:00,242.97,243.0,242.93,242.93,11691.0
2025-09-29 12:35:00,242.97,242.99,242.92,242.99,11524.0
2025-09-29 12:40:00,242.96,242.99,242.9499,242.97,4956.0
2025-09-29 12:45:00,243.03,243.12,243.02,243.03,11746.0
2025-09-29 12:50:00,243.01,243.03,242.97,243.0,11535.0
2025-09-29 12:55:00,243.01,243.02,242.88,242.92,29496.0
2025-09-29 13:00:00,242.91,243.03,242.82,242.83,28530.0
2025-09-29 13:05:00,242.81,242.89,242.78,242.84,10066.0
2025-09-29 13:10:00,242.85,242.946,242.85,242.93,31396.0
2025-09-29 13:15:00,242.94,243.03,242.9,242.91,10550.0
2025-09-29 13:20:00,242.89,242.97,242.83,242.86,10746.0
2025-09-29 13:25:00,242.86,242.95,242.6,242.84,71762.0
2025-09-29 13:30:00,242.84,242.93,241.76,241.79,1419159.0
2025-09-29 13:35:00,241.79,241.905,241.45,241.479,641683.0
2025-09-29 13:40:00,241.46,241.66,241.29,241.5686,416255.0
2025-09-29 13:45:00,241.56,241.8172,241.2,241.32,392252.0
2025-09-29 13:50:00,241.33,241.58,241.16,241.57,362909.0
2025-09-29 13:55:00,241.575,242.0,241.36,241.955,549291.0
2025-09-29 14:00:00,241.95,242.01,241.5,241.55,489990.0
2025-09-29 14:05:00,241.56,242.26,241.51,241.96,604899.0
2025-09-29 14:10:00,241.97,242.035,241.76,241.83,426019.0
2025-09-29 14:15:00,241.83,241.91,241.59,241.75,348745.0
2025-09-29 14:20:00,241.76,241.91,241.61,241.77,314596.0
2025-09-29 14:25:00,241.77,241.85,241.62,241.64,392464.0
2025-09-29 14:30:00,241.64,241.895,241.515,241.78,313508.0
2025-09-29 14:35:00,241.78,242.015,241.745,241.92,273293.0
2025-09-29 14:40:00,241.935,242.21,241.9,242.07,311014.0
2025-09-29 14:45:00,242.07,242.08,241.74,241.79,368837.0
2025-09-29 14:50:00,241.79,241.875,241.52,241.57,372744.0
2025-09-29 14:55:00,241.58,241.61,241.315,241.37,308202.0
2025-09-29 15:00:00,241.37,241.56,241.28,241.55,440684.0
2025-09-29 15:05:00,241.56,241.72,241.51,241.5999,350309.0
2025-09-29 15:10:00,241.59,241.601,241.28,241.45,256807.0
2025-09-29 15:15:00,241.45,241.45,241.14,241.28,348555.0
2025-09-29 15:20:00,241.29,241.47,241.1401,241.25,345022.0
2025-09-29 15:25:00,241.25,241.395,241.2,241.31,174110.0
2025-09-29 15:30:00,241.32,241.36,241.065,241.16,245205.0
2025-09-29 15:35:00,241.16,241.325,241.0,241.305,212170.0
2025-09-29 15:40:00,241.31,241.47,241.22,241.46,115814.0
2025-09-29 15:45:00,241.45,241.49,241.21,241.32,125455.0
2025-09-29 15:50:00,241.32,241.35,241.165,241.33,320288.0
2025-09-29 15:55:00,241.33,241.43,241.195,241.42,160541.0
2025-09-29 16:00:00,241.42,241.515,241.26,241.3,162220.0
2025-09-30 09:30:00,241.11,241.14,241.09,241.1,2969.0
2025-09-30 09:35:00,241.03,241.03,240.95,240.95,1425.0
2025-09-30 09:40:00,241.01,241.01,240.85,240.89,4160.0
2025-09-30 09:45:00,240.94,240.95,240.89,240.89,3221.0
2025-09-30 09:50:00,240.91,240.91,240.85,240.89,4880.0
2025-09-30 09:55:00,240.89,240.92,240.89,240.91,1864.0
2025-09-30 10:00:00,240.9,240.97,240.9,240.97,6502.0
2025-09-30 10:05:00,241.01,241.03,240.98,241.03,1541.0
2025-09-30 10:10:00,240.96,240.96,240.79,240.79,5363.0
2025-09-30 10:15:00,240.79,240.79,240.63,240.73,7275.0
2025-09-30 10:20:00,240.67,240.67,240.67,240.67,249.0
2025-09-30 10:25:00,240.69,240.73,240.69,240.73,781.0
2025-09-30 10:30:00,240.7,240.73,240.7,240.7,4368.0
2025-09-30 10:35:00,240.64,240.64,240.46,240.54,5574.0
2025-09-30 10:40:00,240.65,240.71,240.65,240.71,631.0
2025-09-30 10:45:00,240.73,240.79,240.73,240.76,2512.0
2025-09-30 10:50:00,240.73,240.84,240.73,240.84,1483.0
2025-09-30 10:55:00,240.84,240.84,240.84,240.84,340.0
2025-09-30 11:00:00,240.83,240.83,240.74,240.83,4329.0
2025-09-30 11:05:00,240.81,240.82,240.64,240.64,31774.0
2025-09-30 11:10:00,240.56,240.66,240.52,240.62,4569.0
2025-09-30 11:15:00,240.57,240.57,240.45,240.45,5928.0
2025-09-30 11:20:00,240.49,240.55,240.48,240.55,4514.0
2025-09-30 11:25:00,240.66,240.7,240.65,240.69,3238.0
2025-09-30 11:30:00,240.73,240.75,240.67,240.74,4550.0
2025-09-30 11:35:00,240.65,240.78,240.64,240.77,7386.0
2025-09-30 11:40:00,240.76,240.76,240.66,240.67,1922.0
2025-09-30 11:45:00,240.64,240.72,240.63,240.72,1500.0
2025-09-30 11:50:00,240.64,240.67,240.55,240.65,2447.0
2025-09-30 11:55:00,240.66,240.73,240.65,240.73,3613.0
2025-09-30 12:00:00,240.62,241.62,240.47,240.61,26939.0
2025-09-30 12:05:00,240.63,240.71,240.63,240.71,3531.0
2025-09-30 12:10:00,240.67,240.67,240.53,240.54,16069.0
2025-09-30 12:15:00,240.6,240.68,240.59,240.66,2615.0
2025-09-30 12:20:00,240.67,240.87,240.67,240.79,11502.0
2025-09-30 12:25:00,240.8,240.82,240.75,240.75,5637.0
2025-09-30 12:30:00,240.85,240.93,240.79,240.89,8513.0
2025-09-30 12:35:00,240.92,241.1,240.87,241.09,19768.0
2025-09-30 12:40:00,241.14,241.14,241.04,241.12,8833.0
2025-09-30 12:45:00,241.14,241.17,241.05,241.1,7612.0
2025-09-30 12:50:00,241.1,241.13,241.03,241.1,6656.0
2025-09-30 12:55:00,241.07,241.16,241.07,241.16,7155.0
2025-09-30 13:00:00,241.163,241.163,240.95,240.95,6823.0
2025-09-30 13:05:00,240.94,241.03,240.92,241.02,9793.0
2025-09-30 13:10:00,240.99,241.11,240.99,241.08,11373.0
2025-09-30 13:15:00,241.05,241.05,240.97,240.97,6444.0
2025-09-30 13:20:00,240.981,241.0,240.94,240.94,3355.0
2025-09-30 13:25:00,240.97,241.09,240.93,241.09,22771.0
2025-09-30 13:30:00,241.11,241.81,241.07,241.64,962868.0
2025-09-30 13:35:00,241.6,241.98,241.37,241.97,604402.0
2025-09-30 13:40:00,241.97,242.1,241.59,241.79,402814.0
2025-09-30 13:45:00,241.76,242.125,241.385,241.55,494415.0
2025-09-30 13:50:00,241.54,241.62,241.055,241.17,624854.0
2025-09-30 13:55:00,241.15,241.58,241.1,241.57,264389.0
2025-09-30 14:00:00,241.56,241.82,241.16,241.23,469513.0
2025-09-30 14:05:00,241.26,241.27,240.742,240.85,395822.0
2025-09-30 14:10:00,240.83,240.9,240.5742,240.59,417749.0
2025-09-30 14:15:00,240.6,241.0699,240.59,240.71,339428.0
2025-09-30 14:20:00,240.73,241.03,240.6,240.65,262170.0
2025-09-30 14:25:00,240.65,240.8,240.57,240.78,221842.0
2025-09-30 14:30:00,240.77,240.8064,240.41,240.52,318034.0
2025-09-30 14:35:00,240.52,240.5699,239.98,240.12,537680.0
2025-09-30 14:40:00,240.1,240.25,240.03,240.165,474816.0
2025-09-30 14:45:00,240.14,240.62,240.14,240.46,394372.0
2025-09-30 14:50:00,240.47,240.505,240.17,240.26,312393.0
2025-09-30 14:55:00,240.265,240.46,240.18,240.305,279059.0
2025-09-30 15:00:00,240.3,240.45,240.21,240.37,233457.0
2025-09-30 15:05:00,240.37,240.45,240.1604,240.23,261783.0
2025-09-30 15:10:00,240.23,240.25,239.98,239.99,283098.0
2025-09-30 15:15:00,239.99,240.0,239.77,239.84,339360.0
2025-09-30 15:20:00,239.83,240.015,239.7,239.87,420382.0
2025-09-30 15:25:00,239.88,239.9,239.58,239.845,299605.0
2025-09-30 15:30:00,239.85,240.02,239.78,239.98,343749.0
2025-09-30 15:35:00,239.98,240.01,239.555,239.6,493603.0
2025-09-30 15:40:00,239.6,239.76,239.53,239.63,635418.0
2025-09-30 15:45:00,239.64,239.92,239.595,239.92,279773.0
2025-09-30 15:50:00,239.9,240.11,239.855,240.01,193221.0
2025-09-30 15:55:00,239.99,240.01,239.84,239.95,186519.0
2025-09-30 16:00:00,239.96,240.03,239.68,239.7,236992.0
2025-10-01 09:30:00,240.75,240.75,240.59,240.64,5606.0
2025-10-01 09:35:00,240.65,240.71,240.6,240.71,3976.0
2025-10-01 09:40:00,240.72,240.72,240.66,240.71,2716.0
2025-10-01 09:45:00,240.73,240.82,240.73,240.82,3938.0
2025-10-01 09:50:00,240.8,240.8,240.77,240.77,2539.0
2025-10-01 09:55:00,240.77,240.77,240.73,240.76,3736.0
2025-10-01 10:00:00,240.78,240.81,240.78,240.81,3509.0
2025-10-01 10:05:00,240.82,240.9,240.82,240.9,4859.0
2025-10-01 10:10:00,240.88,240.88,240.83,240.84,3343.0
2025-10-01 10:15:00,240.86,240.87,240.83,240.83,3269.0
2025-10-01 10:20:00,240.91,240.91,240.8,240.8,4923.0
2025-10-01 10:25:00,240.86,240.86,240.61,240.61,13709.0
2025-10-01 10:30:00,240.63,240.63,240.53,240.59,4838.0
2025-10-01 10:35:00,240.62,240.78,240.62,240.69,3524.0
2025-10-01 10:40:00,240.69,240.69,240.62,240.67,4492.0
2025-10-01 10:45:00,240.7,240.7,240.62,240.64,2126.0
2025-10-01 10:50:00,240.72,240.72,240.55,240.69,17357.0
2025-10-01 10:55:00,240.63,240.63,240.61,240.63,1381.0
2025-10-01 11:00:00,240.61,240.69,240.59,240.66,6012.0
2025-10-01 11:05:00,240.66,240.85,240.66,240.75,7277.0
2025-10-01 11:10:00,240.68,240.72,240.64,240.72,4506.0
2025-10-01 11:15:00,240.72,240.77,240.71,240.77,4813.0
2025-10-01 11:20:00,240.75,240.92,240.74,240.92,16035.0
2025-10-01 11:25:00,240.91,240.96,240.9,240.96,5172.0
2025-10-01 11:30:00,240.94,241.12,240.94,241.12,3813.0
2025-10-01 11:35:00,241.14,241.22,241.08,241.12,9423.0
2025-10-01 11:40:00,241.15,241.3,241.15,241.3,7385.0
2025-10-01 11:45:00,241.25,241.38,241.25,241.34,6858.0
2025-10-01 11:50:00,241.39,241.44,241.29,241.41,5288.0
2025-10-01 11:55:00,241.5,241.57,241.48,241.51,8042.0
2025-10-01 12:00:00,240.75,241.55,239.16,241.39,56754.0
2025-10-01 12:05:00,241.37,241.37,241.2,241.24,22652.0
2025-10-01 12:10:00,241.23,241.3,241.21,241.23,8925.0
2025-10-01 12:15:00,241.29,241.4,240.73,240.89,191894.0
2025-10-01 12:20:00,240.91,241.33,240.85,240.98,218322.0
2025-10-01 12:25:00,240.99,241.11,240.79,240.89,117460.0
2025-10-01 12:30:00,240.89,240.89,240.69,240.86,57559.0
2025-10-01 12:35:00,240.86,241.08,240.69,241.07,32212.0
2025-10-01 12:40:00,241.09,241.18,240.97,240.97,23130.0
2025-10-01 12:45:00,240.94,241.11,240.85,241.11,17703.0
2025-10-01 12:50:00,241.06,241.06,240.8,240.81,26843.0
2025-10-01 12:55:00,240.8,240.96,240.72,240.93,25024.0
2025-10-01 13:00:00,240.93,241.07,240.83,240.83,16590.0
2025-10-01 13:05:00,240.87,240.92,240.66,240.69,31929.0
2025-10-01 13:10:00,240.68,240.75,240.66,240.74,35705.0
2025-10-01 13:15:00,240.71,241.96,240.68,240.9,255337.0
2025-10-01 13:20:00,240.89,240.89,240.81,240.82,26537.0
2025-10-01 13:25:00,240.82,240.88,240.47,240.57,42293.0
2025-10-01 13:30:00,240.57,241.63,240.55,241.45,1882148.0
2025-10-01 13:35:00,241.47,241.77,241.05,241.75,898151.0
2025-10-01 13:40:00,241.75,242.02,241.62,241.89,770280.0
2025-10-01 13:45:00,241.88,241.88,240.96,241.085,861143.0
2025-10-01 13:50:00,241.075,241.35,240.7,240.9,562502.0
2025-10-01 13:55:00,240.95,241.48,240.77,240.93,475308.0
2025-10-01 14:00:00,240.91,241.48,240.64,241.45,407093.0
2025-10-01 14:05:00,241.43,241.65,241.37,241.51,280555.0
2025-10-01 14:10:00,241.52,241.84,241.52,241.78,275344.0
2025-10-01 14:15:00,241.77,241.885,241.52,241.87,299274.0
2025-10-01 14:20:00,241.87,242.04,241.78,241.7906,225855.0
2025-10-01 14:25:00,241.8,241.915,241.715,241.838,235916.0
2025-10-01 14:30:00,241.84,242.03,241.675,242.0,264651.0
2025-10-01 14:35:00,241.99,242.16,241.92,241.995,203035.0
2025-10-01 14:40:00,242.0,242.01,241.615,241.85,322144.0
2025-10-01 14:45:00,241.86,241.89,241.36,241.6,605323.0
2025-10-01 14:50:00,241.59,241.89,241.58,241.86,300379.0
2025-10-01 14:55:00,241.85,241.85,241.59,241.705,139149.0
2025-10-01 15:00:00,241.695,241.9,241.57,241.59,285570.0
2025-10-01 15:05:00,241.5856,241.77,241.46,241.63,221847.0
2025-10-01 15:10:00,241.63,241.725,241.435,241.59,440817.0
2025-10-01 15:15:00,241.59,241.67,241.38,241.44,358946.0
2025-10-01 15:20:00,241.4597,241.59,241.35,241.57,242931.0
2025-10-01 15:25:00,241.55,241.87,241.5,241.75,236772.0
2025-10-01 15:30:00,241.75,241.9,241.7225,241.8,147769.0
2025-10-01 15:35:00,241.805,242.0693,241.75,242.04,195430.0
2025-10-01 15:40:00,242.05,242.15,241.97,242.142,1357152.0
2025-10-01 15:45:00,242.15,242.3593,242.115,242.325,395451.0
2025-10-01 15:50:00,242.33,242.38,242.23,242.25,241249.0
2025-10-01 15:55:00,242.26,242.26,242.1,242.11,177825.0
2025-10-01 16:00:00,242.115,242.18,241.995,242.01,217262.0
2025-10-02 09:30:00,243.23,243.26,243.15,243.2,16401.0
2025-10-02 09:35:00,243.18,243.19,243.02,243.04,6570.0
2025-10-02 09:40:00,243.11,243.18,243.09,243.18,3066.0
2025-10-02 09:45:00,243.22,243.25,243.22,243.24,4940.0
2025-10-02 09:50:00,243.27,243.3,243.27,243.3,2729.0
2025-10-02 09:55:00,243.3,243.34,243.3,243.34,7236.0
2025-10-02 10:00:00,243.31,243.52,243.31,243.4,18439.0
2025-10-02 10:05:00,243.43,243.43,243.37,243.37,2182.0
2025-10-02 10:10:00,243.43,243.46,243.38,243.4,4063.0
2025-10-02 10:15:00,243.39,243.4,243.38,243.4,2123.0
2025-10-02 10:20:00,243.43,243.43,243.43,243.43,571.0
2025-10-02 10:25:00,243.52,243.52,243.51,243.51,1246.0
2025-10-02 10:30:00,243.52,243.55,243.51,243.55,2257.0
2025-10-02 10:35:00,243.58,243.6,243.51,243.58,5500.0
2025-10-02 10:40:00,243.54,243.6,243.54,243.54,7424.0
2025-10-02 10:45:00,243.55,243.55,243.48,243.48,2740.0
2025-10-02 10:50:00,243.51,243.51,243.51,243.51,419.0
2025-10-02 10:55:00,243.51,243.55,243.49,243.52,9678.0
2025-10-02 11:00:00,243.5,243.55,243.48,243.48,6801.0
2025-10-02 11:05:00,243.46,243.49,243.46,243.48,2804.0
2025-10-02 11:10:00,243.5,243.6,243.489,243.6,3861.0
2025-10-02 11:15:00,243.55,243.55,243.53,243.53,2297.0
2025-10-02 11:20:00,243.53,243.64,243.53,243.59,6763.0
2025-10-02 11:25:00,243.6,243.65,243.59,243.64,6709.0
2025-10-02 11:30:00,243.59,243.6,243.56,243.57,4626.0
2025-10-02 11:35:00,243.62,243.67,243.55,243.55,16201.0
2025-10-02 11:40:00,243.6,243.73,243.6,243.73,3163.0
2025-10-02 11:45:00,243.64,243.75,243.61,243.63,8445.0
2025-10-02 11:50:00,243.6,243.62,243.58,243.61,6477.0
2025-10-02 11:55:00,243.6,243.63,243.55,243.56,2163.0
2025-10-02 12:00:00,243.47,243.6022,242.63,243.47,19324.0
2025-10-02 12:05:00,243.47,243.5,243.42,243.5,6035.0
2025-10-02 12:10:00,243.5,243.55,243.49,243.55,8366.0
2025-10-02 12:15:00,243.53,243.81,243.53,243.77,21235.0
2025-10-02 12:20:00,243.82,243.82,243.68,243.6901,14863.0
2025-10-02 12:25:00,243.65,243.83,243.63,243.73,73389.0
2025-10-02 12:30:00,243.7,243.7,243.61,243.65,15041.0
2025-10-02 12:35:00,243.65,243.65,243.59,243.6,6849.0
2025-10-02 12:40:00,243.6,243.6,243.37,243.37,10783.0
2025-10-02 12:45:00,243.36,243.37,243.2,243.25,36936.0
2025-10-02 12:50:00,243.27,243.27,243.12,243.19,24302.0
2025-10-02 12:55:00,243.19,243.31,243.18,243.31,11128.0
2025-10-02 13:00:00,243.24,243.43,243.19,243.2,50944.0
2025-10-02 13:05:00,243.23,243.35,243.21,243.28,17853.0
2025-10-02 13:10:00,243.27,243.31,243.21,243.31,32125.0
2025-10-02 13:15:00,243.34,243.45,243.33,243.43,32958.0
2025-10-02 13:20:00,243.43,243.47,243.28,243.28,16739.0
2025-10-02 13:25:00,243.29,243.29,242.95,243.03,22150.0
2025-10-02 13:30:00,243.0,243.52,242.82,242.85,943666.0
2025-10-02 13:35:00,242.85,243.3854,242.74,243.1,708652.0
2025-10-02 13:40:00,243.11,243.11,242.49,242.67,705345.0
2025-10-02 13:45:00,242.66,243.14,242.58,242.91,634396.0
2025-10-02 13:50:00,242.93,243.46,242.82,243.36,512252.0
2025-10-02 13:55:00,243.36,243.37,242.82,243.15,505059.0
2025-10-02 14:00:00,243.18,243.18,242.51,242.568,555628.0
2025-10-02 14:05:00,242.56,242.73,242.03,242.15,594476.0
2025-10-02 14:10:00,242.15,242.31,241.8293,241.885,510778.0
2025-10-02 14:15:00,241.93,242.06,241.73,241.75,395461.0
2025-10-02 14:20:00,241.73,241.83,241.47,241.63,520126.0
2025-10-02 14:25:00,241.62,242.25,241.52,242.165,409987.0
2025-10-02 14:30:00,242.17,242.31,241.7,241.9,503904.0
2025-10-02 14:35:00,241.94,242.26,241.83,242.25,227894.0
2025-10-02 14:40:00,242.24,242.385,242.04,242.17,278387.0
2025-10-02 14:45:00,242.17,242.22,241.82,241.96,352698.0
2025-10-02 14:50:00,241.96,242.11,241.81,242.01,242828.0
2025-10-02 14:55:00,242.02,242.08,241.77,241.8299,254161.0
2025-10-02 15:00:00,241.82,242.02,241.75,241.83,493802.0
2025-10-02 15:05:00,241.83,242.26,241.83,242.245,210463.0
2025-10-02 15:10:00,242.24,242.45,241.84,242.07,313539.0
2025-10-02 15:15:00,242.06,242.14,241.81,242.04,335373.0
2025-10-02 15:20:00,242.04,242.34,241.8613,242.325,218111.0
2025-10-02 15:25:00,242.32,242.385,242.2,242.31,208775.0
2025-10-02 15:30:00,242.32,242.32,242.0199,242.125,273700.0
2025-10-02 15:35:00,242.125,242.18,241.82,242.1,354832.0
2025-10-02 15:40:00,242.095,242.335,242.095,242.31,171467.0
2025-10-02 15:45:00,242.3,242.49,242.27,242.2947,218789.0
2025-10-02 15:50:00,242.3,242.64,242.26,242.62,372754.0
2025-10-02 15:55:00,242.61,242.67,242.38,242.53,339833.0
2025-10-02 16:00:00,242.53,242.53,242.36,242.45,401372.0
2025-10-03 09:30:00,245.12,245.13,245.12,245.13,2243.0
2025-10-03 09:35:00,245.13,245.21,245.13,245.21,3378.0
2025-10-03 09:40:00,245.24,245.25,245.16,245.16,2540.0
2025-10-03 09:45:00,245.17,245.21,245.17,245.21,2418.0
2025-10-03 09:50:00,245.19,245.19,245.16,245.16,1279.0
2025-10-03 09:55:00,245.18,245.18,245.15,245.17,3300.0
2025-10-03 10:00:00,245.19,245.19,245.1,245.1,2216.0
2025-10-03 10:05:00,245.09,245.15,245.09,245.11,4082.0
2025-10-03 10:10:00,245.13,245.13,245.08,245.1,2373.0
2025-10-03 10:15:00,245.09,245.12,245.08,245.12,5517.0
2025-10-03 10:20:00,245.14,245.14,245.11,245.11,2713.0
2025-10-03 10:25:00,245.11,245.11,245.09,245.09,1393.0
2025-10-03 10:30:00,245.06,245.08,245.06,245.08,2662.0
2025-10-03 10:35:00,245.02,245.02,244.95,244.95,2487.0
2025-10-03 10:40:00,245.03,245.03,245.0,245.02,3000.0
2025-10-03 10:45:00,245.01,245.01,245.01,245.01,374.0
2025-10-03 10:50:00,245.04,245.04,245.04,245.04,730.0
2025-10-03 10:55:00,245.05,245.06,244.98,244.99,2867.0
2025-10-03 11:00:00,244.96,245.09,244.96,245.08,5567.0
2025-10-03 11:05:00,245.06,245.08,245.06,245.08,2891.0
2025-10-03 11:10:00,245.0,245.0,244.91,244.91,3983.0
2025-10-03 11:15:00,244.91,244.91,244.91,244.91,493.0
2025-10-03 11:20:00,244.97,244.97,244.91,244.91,1344.0
2025-10-03 11:25:00,244.93,244.94,244.85,244.85,4086.0
2025-10-03 11:30:00,244.83,244.95,244.83,244.85,7820.0
2025-10-03 11:35:00,244.84,244.93,244.84,244.93,2697.0
2025-10-03 11:40:00,244.96,245.03,244.94,245.01,11759.0
2025-10-03 11:45:00,245.05,245.07,245.04,245.07,5299.0
2025-10-03 11:50:00,245.06,245.13,245.06,245.07,6432.0
2025-10-03 11:55:00,245.0,245.07,244.97,245.06,8549.0
2025-10-03 12:00:00,245.05,245.23,244.836,245.11,58132.0
2025-10-03 12:05:00,245.12,245.13,245.0,245.0,11418.0
2025-10-03 12:10:00,245.01,245.15,245.01,245.12,18523.0
2025-10-03 12:15:00,245.15,245.17,245.12,245.12,10617.0
2025-10-03 12:20:00,245.14,245.14,244.91,244.92,13975.0
2025-10-03 12:25:00,244.9,245.05,244.9,245.05,8667.0
2025-10-03 12:30:00,245.08,245.14,244.99,244.99,17264.0
2025-10-03 12:35:00,244.99,244.99,244.8,244.82,16451.0
2025-10-03 12:40:00,244.83,244.85,244.76,244.77,9166.0
2025-10-03 12:45:00,244.78,244.79,244.61,244.74,18900.0
2025-10-03 12:50:00,244.74,244.81,244.68,244.81,9953.0
2025-10-03 12:55:00,244.83,244.96,244.82,244.95,6692.0
2025-10-03 13:00:00,244.94,244.96,244.74,244.86,52525.0
2025-10-03 13:05:00,244.85,244.89,244.8,244.86,4740.0
2025-10-03 13:10:00,244.87,244.89,244.85,244.85,5298.0
2025-10-03 13:15:00,244.86,244.86,244.77,244.77,7611.0
2025-10-03 13:20:00,244.82,244.94,244.82,244.94,23531.0
2025-10-03 13:25:00,244.94,245.37,244.89,245.33,30331.0
2025-10-03 13:30:00,245.35,246.06,245.03,246.01,1571665.0
2025-10-03 13:35:00,246.0,246.56,245.73,246.54,691483.0
2025-10-03 13:40:00,246.54,246.58,246.07,246.41,1012798.0
2025-10-03 13:45:00,246.4,246.75,246.34,246.635,606743.0
2025-10-03 13:50:00,246.635,247.1283,246.58,247.125,710985.0
2025-10-03 13:55:00,247.115,247.29,246.79,246.88,818028.0
2025-10-03 14:00:00,246.86,246.94,246.365,246.46,923636.0
2025-10-03 14:05:00,246.48,246.8,246.18,246.49,471931.0
2025-10-03 14:10:00,246.52,246.79,246.42,246.69,405412.0
2025-10-03 14:15:00,246.68,247.12,246.49,247.035,350361.0
2025-10-03 14:20:00,247.03,247.14,246.79,247.06,485880.0
2025-10-03 14:25:00,247.06,247.34,246.96,247.32,397657.0
2025-10-03 14:30:00,247.31,247.6,247.3,247.55,439974.0
2025-10-03 14:35:00,247.55,247.92,247.53,247.9184,457192.0
2025-10-03 14:40:00,247.92,247.98,247.63,247.81,783052.0
2025-10-03 14:45:00,247.805,248.05,247.765,248.0101,670912.0
2025-10-03 14:50:00,248.01,248.035,247.81,247.955,397961.0
2025-10-03 14:55:00,247.975,248.09,247.86,247.965,392242.0
2025-10-03 15:00:00,247.965,247.97,247.46,247.585,602241.0
2025-10-03 15:05:00,247.61,247.67,247.42,247.545,292040.0
2025-10-03 15:10:00,247.55,247.57,247.21,247.23,325828.0
2025-10-03 15:15:00,247.245,247.26,247.0738,247.08,257775.0
2025-10-03 15:20:00,247.1,247.12,246.98,247.02,223484.0
2025-10-03 15:25:00,247.02,247.07,246.79,246.98,392530.0
2025-10-03 15:30:00,246.97,247.17,246.96,247.03,355833.0
2025-10-03 15:35:00,247.03,247.2,246.85,246.9086,227766.0
2025-10-03 15:40:00,246.91,247.0793,246.73,247.0672,304253.0
2025-10-03 15:45:00,247.07,247.2193,247.01,247.21,219527.0
2025-10-03 15:50:00,247.2,247.56,247.19,247.545,189528.0
2025-10-03 15:55:00,247.55,247.7913,247.53,247.68,212318.0
2025-10-03 16:00:00,247.68,247.735,247.57,247.735,188235.0
2025-10-06 09:30:00,246.79,246.82,246.74,246.76,12332.0
2025-10-06 09:35:00,246.76,246.84,246.76,246.78,4554.0
2025-10-06 09:40:00,246.8,246.86,246.8,246.86,3142.0
2025-10-06 09:45:00,246.81,246.81,246.81,246.81,439.0
2025-10-06 09:50:00,246.89,246.98,246.88,246.98,3843.0
2025-10-06 09:55:00,246.95,246.96,246.95,246.96,3830.0
2025-10-06 10:00:00,246.95,246.99,246.95,246.99,5091.0
2025-10-06 10:05:00,247.01,247.01,246.97,246.97,4292.0
2025-10-06 10:10:00,246.98,246.99,246.9,246.9,3970.0
2025-10-06 10:15:00,246.96,246.96,246.87,246.87,3892.0
2025-10-06 10:20:00,246.87,246.88,246.71,246.73,8137.0
2025-10-06 10:25:00,246.76,246.83,246.76,246.8,2989.0
2025-10-06 10:30:00,246.83,246.83,246.83,246.83,501.0
2025-10-06 10:35:00,246.94,246.97,246.94,246.97,3094.0
2025-10-06 10:40:00,246.95,246.96,246.92,246.96,3273.0
2025-10-06 10:45:00,246.96,246.99,246.94,246.99,4071.0
2025-10-06 10:50:00,246.96,247.28,246.96,247.25,17352.0
2025-10-06 10:55:00,247.24,247.24,247.12,247.16,17997.0
2025-10-06 11:00:00,247.16,247.32,247.11,247.2,12041.0
2025-10-06 11:05:00,247.22,247.31,247.22,247.31,2628.0
2025-10-06 11:10:00,247.27,247.27,247.2,247.21,4114.0
2025-10-06 11:15:00,247.25,247.25,247.18,247.18,6913.0
2025-10-06 11:20:00,247.25,247.26,247.15,247.15,1697.0
2025-10-06 11:25:00,247.14,247.15,247.11,247.13,7824.0
2025-10-06 11:30:00,247.14,247.15,247.1,247.15,2464.0
2025-10-06 11:35:00,247.15,247.18,247.05,247.13,3902.0
2025-10-06 11:40:00,247.16,247.16,247.0,247.07,3851.0
2025-10-06 11:45:00,247.08,247.16,247.08,247.16,7735.0
2025-10-06 11:50:00,247.15,247.15,247.09,247.11,5027.0
2025-10-06 11:55:00,247.17,247.42,247.17,247.42,5598.0
2025-10-06 12:00:00,247.4,247.44,246.05,247.4,96122.0
2025-10-06 12:05:00,247.37,247.39,247.26,247.32,20820.0
2025-10-06 12:10:00,247.36,247.61,247.31,247.58,57491.0
2025-10-06 12:15:00,247.61,247.67,247.56,247.59,18558.0
2025-10-06 12:20:00,247.55,247.62,247.47,247.62,17129.0
2025-10-06 12:25:00,247.63,247.72,247.62,247.65,13781.0
2025-10-06 12:30:00,247.69,247.69,247.43,247.46,13850.0
2025-10-06 12:35:00,247.4408,247.4408,247.24,247.31,60068.0
2025-10-06 12:40:00,247.3,247.46,247.3,247.42,30179.0
2025-10-06 12:45:00,247.45,247.47,247.33,247.47,36552.0
2025-10-06 12:50:00,247.46,247.46,247.38,247.45,16059.0
2025-10-06 12:55:00,247.45,247.46,247.38,247.45,27592.0
2025-10-06 13:00:00,247.41,247.47,247.38,247.45,15671.0
2025-10-06 13:05:00,247.41,247.64,247.38,247.61,29922.0
2025-10-06 13:10:00,247.65,247.75,247.61,247.75,87865.0
2025-10-06 13:15:00,247.78,247.89,247.62,247.62,80818.0
2025-10-06 13:20:00,247.64,247.79,247.64,247.76,13811.0
2025-10-06 13:25:00,247.75,247.77,247.6,247.72,32500.0
2025-10-06 13:30:00,247.73,248.21,247.55,247.75,1242175.0
2025-10-06 13:35:00,247.72,247.97,247.35,247.6,1202703.0
2025-10-06 13:40:00,247.59,247.85,247.355,247.42,687473.0
2025-10-06 13:45:00,247.37,247.61,247.03,247.3253,747913.0
2025-10-06 13:50:00,247.31,247.36,246.782,246.85,844903.0
2025-10-06 13:55:00,246.83,246.94,246.465,246.62,691569.0
2025-10-06 14:00:00,246.62,246.62,246.065,246.44,752204.0
2025-10-06 14:05:00,246.45,246.5,246.23,246.32,507396.0
2025-10-06 14:10:00,246.33,246.84,246.18,246.78,505608.0
2025-10-06 14:15:00,246.78,246.93,246.66,246.83,406102.0
2025-10-06 14:20:00,246.83,246.97,246.75,246.95,426850.0
2025-10-06 14:25:00,246.96,247.45,246.945,247.38,319300.0
2025-10-06 14:30:00,247.395,247.74,247.39,247.61,412500.0
2025-10-06 14:35:00,247.62,247.89,247.55,247.83,238554.0
2025-10-06 14:40:00,247.82,247.9,247.55,247.72,480323.0
2025-10-06 14:45:00,247.73,248.03,247.615,247.97,227048.0
2025-10-06 14:50:00,247.93,247.98,247.72,247.86,207114.0
2025-10-06 14:55:00,247.87,247.89,247.67,247.71,162916.0
2025-10-06 15:00:00,247.715,248.09,247.67,248.06,265341.0
2025-10-06 15:05:00,248.05,248.21,248.03,248.17,327111.0
2025-10-06 15:10:00,248.18,248.21,247.99,248.08,258850.0
2025-10-06 15:15:00,248.08,248.38,248.08,248.33,288693.0
2025-10-06 15:20:00,248.32,248.475,248.25,248.405,191164.0
2025-10-06 15:25:00,248.41,248.445,248.2844,248.32,307212.0
2025-10-06 15:30:00,248.32,248.4,248.21,248.35,269668.0
2025-10-06 15:35:00,248.345,248.415,248.24,248.31,174299.0
2025-10-06 15:40:00,248.31,248.32,248.14,248.28,223130.0
2025-10-06 15:45:00,248.275,248.375,248.24,248.33,141357.0
2025-10-06 15:50:00,248.34,248.375,247.96,248.045,416803.0
2025-10-06 15:55:00,248.05,248.08,247.88,247.895,396250.0
2025-10-06 16:00:00,247.895,248.0,247.61,247.6738,436071.0
2025-10-07 09:30:00,246.59,246.59,246.54,246.54,5648.0
2025-10-07 09:35:00,246.55,246.59,246.55,246.59,7667.0
2025-10-07 09:40:00,246.55,246.56,246.54,246.55,4146.0
2025-10-07 09:45:00,246.56,246.65,246.56,246.62,3781.0
2025-10-07 09:50:00,246.66,246.67,246.66,246.67,643.0
2025-10-07 09:55:00,246.59,246.63,246.59,246.63,1753.0
2025-10-07 10:00:00,246.65,246.7,246.65,246.65,4408.0
2025-10-07 10:05:00,246.68,246.7,246.66,246.66,4690.0
2025-10-07 10:10:00,246.64,246.72,246.64,246.7,3107.0
2025-10-07 10:15:00,246.68,246.75,246.68,246.7,7539.0
2025-10-07 10:20:00,246.7,246.74,246.7,246.74,3965.0
2025-10-07 10:25:00,246.76,246.9,246.76,246.89,9969.0
2025-10-07 10:30:00,246.88,246.98,246.88,246.96,7551.0
2025-10-07 10:35:00,246.96,246.97,246.92,246.97,11253.0
2025-10-07 10:40:00,246.95,246.95,246.93,246.93,1785.0
2025-10-07 10:45:00,246.81,246.81,246.7,246.74,11688.0
2025-10-07 10:50:00,246.83,246.84,246.81,246.81,3517.0
2025-10-07 10:55:00,246.85,246.88,246.78,246.82,9418.0
2025-10-07 11:00:00,246.8,246.86,246.8,246.82,3504.0
2025-10-07 11:05:00,246.83,246.83,246.83,246.83,345.0
2025-10-07 11:10:00,246.82,246.82,246.82,246.82,820.0
2025-10-07 11:15:00,246.79,246.79,246.76,246.76,749.0
2025-10-07 11:20:00,246.71,246.71,246.71,246.71,764.0
2025-10-07 11:25:00,246.71,246.79,246.71,246.79,1672.0
2025-10-07 11:30:00,246.83,246.87,246.82,246.86,5895.0
2025-10-07 11:35:00,246.82,246.85,246.82,246.85,852.0
2025-10-07 11:40:00,246.88,246.89,246.81,246.89,2062.0
2025-10-07 11:45:00,246.87,246.87,246.85,246.85,2595.0
2025-10-07 11:50:00,246.89,247.01,246.89,247.01,4157.0
2025-10-07 11:55:00,247.07,247.07,247.01,247.04,4862.0
2025-10-07 12:00:00,246.28,247.13,246.09,247.08,36628.0
2025-10-07 12:05:00,247.09,247.1299,247.02,247.07,15796.0
2025-10-07 12:10:00,247.04,247.04,246.95,246.97,23733.0
2025-10-07 12:15:00,246.97,247.02,246.97,247.01,5950.0
2025-10-07 12:20:00,247.0,247.09,246.98,247.01,16037.0
2025-10-07 12:25:00,247.03,247.03,247.03,247.03,3459.0
2025-10-07 12:30:00,247.06,247.06,247.01,247.03,8804.0
2025-10-07 12:35:00,247.06,247.08,247.01,247.06,13413.0
2025-10-07 12:40:00,247.09,247.18,247.09,247.18,13790.0
2025-10-07 12:45:00,247.17,247.17,247.11,247.1399,9380.0
2025-10-07 12:50:00,247.15,247.26,247.15,247.25,21841.0
2025-10-07 12:55:00,247.23,247.33,247.22,247.32,29008.0
2025-10-07 13:00:00,247.33,247.49,247.32,247.44,27491.0
2025-10-07 13:05:00,247.44,247.46,247.37,247.4,18614.0
2025-10-07 13:10:00,247.4,247.41,247.27,247.27,12665.0
2025-10-07 13:15:00,247.35,247.36,247.3,247.35,10753.0
2025-10-07 13:20:00,247.41,247.41,247.34,247.35,4584.0
2025-10-07 13:25:00,247.35,247.4,247.21,247.36,57765.0
2025-10-07 13:30:00,247.36,247.53,246.74,247.16,867939.0
2025-10-07 13:35:00,247.16,247.2299,246.86,247.01,415797.0
2025-10-07 13:40:00,247.06,247.45,247.01,247.45,311693.0
2025-10-07 13:45:00,247.45,247.64,247.23,247.3,315349.0
2025-10-07 13:50:00,247.32,247.41,247.095,247.36,271101.0
2025-10-07 13:55:00,247.36,247.51,246.81,246.84,265857.0
2025-10-07 14:00:00,246.84,247.0,246.405,246.46,456465.0
2025-10-07 14:05:00,246.45,246.802,246.265,246.62,403448.0
2025-10-07 14:10:00,246.61,246.66,246.18,246.24,338460.0
2025-10-07 14:15:00,246.24,246.59,246.1,246.42,228064.0
2025-10-07 14:20:00,246.42,246.43,246.045,246.09,344534.0
2025-10-07 14:25:00,246.08,246.11,245.75,245.78,472554.0
2025-10-07 14:30:00,245.78,246.235,245.775,246.145,466398.0
2025-10-07 14:35:00,246.14,246.16,245.66,245.84,428417.0
2025-10-07 14:40:00,245.82,245.89,245.6199,245.69,232280.0
2025-10-07 14:45:00,245.69,245.8893,245.55,245.59,276326.0
2025-10-07 14:50:00,245.59,245.78,245.48,245.705,255067.0
2025-10-07 14:55:00,245.71,245.835,245.49,245.7499,207143.0
2025-10-07 15:00:00,245.74,245.97,245.285,245.36,444169.0
2025-10-07 15:05:00,245.3525,245.365,244.56,244.62,874376.0
2025-10-07 15:10:00,244.61,245.26,244.58,244.8,598264.0
2025-10-07 15:15:00,244.8,245.22,244.67,244.93,592599.0
2025-10-07 15:20:00,244.92,245.26,244.86,245.015,436934.0
2025-10-07 15:25:00,245.02,245.11,244.515,244.68,314731.0
2025-10-07 15:30:00,244.68,244.75,244.29,244.37,427701.0
2025-10-07 15:35:00,244.39,244.5,243.68,244.02,673702.0
2025-10-07 15:40:00,244.01,244.32,243.78,243.89,814891.0
2025-10-07 15:45:00,243.89,243.91,243.4,243.51,305598.0
2025-10-07 15:50:00,243.52,243.72,243.19,243.29,808547.0
2025-10-07 15:55:00,243.28,243.83,243.24,243.75,474769.0
2025-10-07 16:00:00,243.76,244.21,243.72,243.94,410147.0
2025-10-08 09:30:00,245.0,245.04,245.0,245.04,2160.0
2025-10-08 09:35:00,245.1,245.15,245.06,245.1,2606.0
2025-10-08 09:40:00,245.14,245.14,245.01,245.08,5240.0
2025-10-08 09:45:00,245.1,245.1,245.1,245.1,217.0
2025-10-08 09:50:00,245.09,245.09,245.03,245.03,1334.0
2025-10-08 09:55:00,245.07,245.07,244.96,244.99,1627.0
2025-10-08 10:00:00,244.99,245.04,244.98,245.02,1442.0
2025-10-08 10:05:00,245.02,245.02,245.0,245.0,833.0
2025-10-08 10:10:00,244.98,244.98,244.8,244.9,3773.0
2025-10-08 10:15:00,244.97,245.0,244.96,244.98,1644.0
2025-10-08 10:20:00,244.98,244.98,244.92,244.94,1861.0
2025-10-08 10:25:00,244.94,244.94,244.91,244.91,752.0
2025-10-08 10:30:00,244.99,245.02,244.99,245.02,1446.0
2025-10-08 10:35:00,245.01,245.03,244.99,245.01,2176.0
2025-10-08 10:40:00,244.98,245.0,244.98,245.0,695.0
2025-10-08 10:45:00,244.95,245.03,244.95,245.03,515.0
2025-10-08 10:50:00,245.03,245.07,245.03,245.07,574.0
2025-10-08 10:55:00,245.14,245.22,245.12,245.2,3999.0
2025-10-08 11:00:00,245.18,245.22,245.14,245.22,4324.0
2025-10-08 11:05:00,245.2,245.21,245.19,245.19,5499.0
2025-10-08 11:10:00,245.15,245.15,245.08,245.08,791.0
2025-10-08 11:15:00,245.0,245.1,244.96,244.96,1809.0
2025-10-08 11:20:00,244.91,244.91,244.81,244.86,1658.0
2025-10-08 11:25:00,244.839,244.84,244.81,244.81,1125.0
2025-10-08 11:30:00,244.81,244.84,244.76,244.77,6954.0
2025-10-08 11:35:00,244.83,244.91,244.83,244.87,4407.0
2025-10-08 11:40:00,244.9,244.99,244.9,244.99,640.0
2025-10-08 11:45:00,245.07,245.19,245.03,245.19,7621.0
2025-10-08 11:50:00,245.3,245.31,245.28,245.29,7045.0
2025-10-08 11:55:00,245.33,245.35,245.27,245.27,3207.0
2025-10-08 12:00:00,245.27,245.31,244.35,245.1,35943.0
2025-10-08 12:05:00,245.09,245.1,245.03,245.03,8369.0
2025-10-08 12:10:00,244.99,245.01,244.86,244.86,6395.0
2025-10-08 12:15:00,244.84,245.03,244.84,245.0145,11384.0
2025-10-08 12:20:00,245.01,245.1,244.99,245.041,8134.0
2025-10-08 12:25:00,245.0,245.14,245.0,245.0987,2378.0
2025-10-08 12:30:00,245.09,245.12,244.9025,244.96,10068.0
2025-10-08 12:35:00,244.98,245.05,244.94,245.05,8273.0
2025-10-08 12:40:00,245.14,245.16,245.09,245.13,7932.0
2025-10-08 12:45:00,245.13,245.21,245.11,245.2,24262.0
2025-10-08 12:50:00,245.2,245.2,245.06,245.18,15104.0
2025-10-08 12:55:00,245.2,245.2,245.09,245.1,8919.0
2025-10-08 13:00:00,245.1,245.22,245.07,245.08,14682.0
2025-10-08 13:05:00,245.12,245.12,245.05,245.05,8083.0
2025-10-08 13:10:00,245.09,245.2,245.08,245.19,5533.0
2025-10-08 13:15:00,245.15,245.25,245.14,245.25,24255.0
2025-10-08 13:20:00,245.26,245.32,245.21,245.21,12465.0
2025-10-08 13:25:00,245.2237,245.36,245.2,245.25,12305.0
2025-10-08 13:30:00,245.28,245.305,244.41,244.59,950553.0
2025-10-08 13:35:00,244.57,244.585,243.98,244.19,666033.0
2025-10-08 13:40:00,244.18,244.26,243.8,244.12,422276.0
2025-10-08 13:45:00,244.11,244.74,244.04,244.6,846704.0
2025-10-08 13:50:00,244.6,244.6456,244.34,244.615,500159.0
2025-10-08 13:55:00,244.61,244.84,244.43,244.815,341965.0
2025-10-08 14:00:00,244.83,245.3352,244.81,245.31,663746.0
2025-10-08 14:05:00,245.31,245.34,244.92,245.145,615543.0
2025-10-08 14:10:00,245.15,245.43,245.12,245.34,380226.0
2025-10-08 14:15:00,245.35,245.43,245.22,245.39,305954.0
2025-10-08 14:20:00,245.41,245.42,245.04,245.32,288011.0
2025-10-08 14:25:00,245.31,245.63,245.21,245.62,253399.0
2025-10-08 14:30:00,245.61,245.66,245.51,245.565,366966.0
2025-10-08 14:35:00,245.57,245.7363,245.44,245.71,250469.0
2025-10-08 14:40:00,245.71,245.72,245.38,245.53,237950.0
2025-10-08 14:45:00,245.53,245.5984,245.38,245.54,164385.0
2025-10-08 14:50:00,245.545,245.585,245.345,245.425,321934.0
2025-10-08 14:55:00,245.425,245.565,245.2913,245.555,206199.0
2025-10-08 15:00:00,245.57,245.6,245.45,245.53,235845.0
2025-10-08 15:05:00,245.54,245.6699,245.29,245.65,244796.0
2025-10-08 15:10:00,245.6599,245.84,245.64,245.79,381269.0
2025-10-08 15:15:00,245.8,245.865,245.75,245.855,224976.0
2025-10-08 15:20:00,245.85,245.88,245.685,245.8,454666.0
2025-10-08 15:25:00,245.8056,246.0098,245.79,245.955,303828.0
2025-10-08 15:30:00,245.975,245.98,245.735,245.85,313119.0
2025-10-08 15:35:00,245.84,246.055,245.8,246.025,176422.0
2025-10-08 15:40:00,246.03,246.14,246.01,246.065,153614.0
2025-10-08 15:45:00,246.06,246.27,246.025,246.2615,125501.0
2025-10-08 15:50:00,246.27,246.47,246.26,246.335,321902.0
2025-10-08 15:55:00,246.34,246.3701,246.27,246.31,179185.0
2025-10-08 16:00:00,246.32,246.38,246.2201,246.35,280597.0
2025-10-09 09:30:00,246.16,246.25,246.16,246.25,4286.0
2025-10-09 09:35:00,246.3,246.35,246.3,246.32,5111.0
2025-10-09 09:40:00,246.26,246.26,246.24,246.24,1255.0
2025-10-09 09:45:00,246.21,246.26,246.17,246.26,5037.0
2025-10-09 09:50:00,246.24,246.26,246.2,246.25,4376.0
2025-10-09 09:55:00,246.19,246.24,246.17,246.17,3421.0
2025-10-09 10:00:00,246.23,246.34,246.23,246.34,7086.0
2025-10-09 10:05:00,246.26,246.26,246.24,246.24,3356.0
2025-10-09 10:10:00,246.25,246.35,246.24,246.35,2928.0
2025-10-09 10:15:00,246.33,246.37,246.33,246.37,2171.0
2025-10-09 10:20:00,246.35,246.35,246.28,246.28,4021.0
2025-10-09 10:25:00,246.27,246.27,246.26,246.26,2047.0
2025-10-09 10:30:00,246.23,246.28,246.22,246.22,9121.0
2025-10-09 10:35:00,246.22,246.28,246.22,246.24,5754.0
2025-10-09 10:40:00,246.27,246.29,246.27,246.29,2779.0
2025-10-09 10:45:00,246.29,246.3,246.29,246.29,1817.0
2025-10-09 10:50:00,246.29,246.31,246.28,246.31,4705.0
2025-10-09 10:55:00,246.36,246.43,246.36,246.41,4765.0
2025-10-09 11:00:00,246.4,246.45,246.33,246.44,9398.0
2025-10-09 11:05:00,246.46,246.51,246.46,246.51,2352.0
2025-10-09 11:10:00,246.49,246.5,246.47,246.47,2961.0
2025-10-09 11:15:00,246.4,246.49,246.38,246.49,17092.0
2025-10-09 11:20:00,246.49,246.55,246.49,246.55,3844.0
2025-10-09 11:25:00,246.5,246.55,246.48,246.55,7623.0
2025-10-09 11:30:00,246.65,246.65,246.61,246.61,4359.0
2025-10-09 11:40:00,246.5,246.51,246.5,246.51,2362.0
2025-10-09 11:45:00,246.45,246.5,246.45,246.47,4504.0
2025-10-09 11:50:00,246.49,246.55,246.47,246.53,5240.0
2025-10-09 11:55:00,246.49,246.49,246.36,246.38,7658.0
2025-10-09 12:00:00,246.46,246.75,246.12,246.35,45968.0
2025-10-09 12:05:00,246.37,246.39,246.3,246.3,11457.0
2025-10-09 12:10:00,246.34,246.38,246.34,246.3401,9993.0
2025-10-09 12:15:00,246.36,246.48,246.36,246.41,8894.0
2025-10-09 12:20:00,246.41,246.42,246.4001,246.41,7021.0
2025-10-09 12:25:00,246.42,246.46,246.41,246.46,5044.0
2025-10-09 12:30:00,246.55,246.55,246.44,246.5,4558.0
2025-10-09 12:35:00,246.5,246.58,246.48,246.49,14256.0
2025-10-09 12:40:00,246.45,246.52,246.4,246.51,18338.0
2025-10-09 12:45:00,246.5,246.51,246.45,246.45,14623.0
2025-10-09 12:50:00,246.45,246.53,246.45,246.48,9056.0
2025-10-09 12:55:00,246.5,246.58,246.48,246.58,9603.0
2025-10-09 13:00:00,246.55,246.56,246.45,246.45,16673.0
2025-10-09 13:05:00,246.44,246.52,246.35,246.379,25588.0
2025-10-09 13:10:00,246.35,246.43,246.33,246.4,12668.0
2025-10-09 13:15:00,246.41,246.52,246.4,246.4,16033.0
2025-10-09 13:20:00,246.39,246.48,246.39,246.45,14403.0
2025-10-09 13:25:00,246.46,246.51,246.27,246.29,37610.0
2025-10-09 13:30:00,246.31,246.62,245.74,246.57,1228118.0
2025-10-09 13:35:00,246.59,247.25,246.49,247.14,629094.0
2025-10-09 13:40:00,247.13,247.135,246.25,246.33,512334.0
2025-10-09 13:45:00,246.33,246.59,246.16,246.255,537739.0
2025-10-09 13:50:00,246.22,246.29,245.555,245.62,766560.0
2025-10-09 13:55:00,245.62,245.81,245.5,245.615,627310.0
2025-10-09 14:00:00,245.62,245.72,245.1,245.64,705505.0
2025-10-09 14:05:00,245.64,245.99,245.55,245.71,383642.0
2025-10-09 14:10:00,245.73,246.01,245.635,245.7653,222999.0
2025-10-09 14:15:00,245.76,245.765,245.34,245.57,258506.0
2025-10-09 14:20:00,245.55,245.55,245.22,245.485,331074.0
2025-10-09 14:25:00,245.465,245.53,245.305,245.355,243324.0
2025-10-09 14:30:00,245.36,245.365,245.13,245.31,320995.0
2025-10-09 14:35:00,245.31,245.3751,244.915,245.005,341591.0
2025-10-09 14:40:00,245.015,245.18,244.76,244.795,385827.0
2025-10-09 14:45:00,244.81,245.27,244.64,245.26,322826.0
2025-10-09 14:50:00,245.27,245.568,245.25,245.5,334278.0
2025-10-09 14:55:00,245.49,245.63,245.42,245.49,253036.0
2025-10-09 15:00:00,245.49,245.6,245.425,245.56,210299.0
2025-10-09 15:05:00,245.56,245.63,245.35,245.59,199488.0
2025-10-09 15:10:00,245.595,245.74,245.49,245.69,139401.0
2025-10-09 15:15:00,245.7,245.87,245.68,245.715,183225.0
2025-10-09 15:20:00,245.71,245.75,245.435,245.56,271402.0
2025-10-09 15:25:00,245.55,245.64,245.305,245.42,186043.0
2025-10-09 15:30:00,245.44,245.6,245.18,245.26,238315.0
2025-10-09 15:35:00,245.25,245.61,245.12,245.41,275991.0
2025-10-09 15:40:00,245.4,245.49,245.24,245.401,161655.0
2025-10-09 15:45:00,245.42,245.76,245.37,245.76,249740.0
2025-10-09 15:50:00,245.76,245.97,245.76,245.885,222047.0
2025-10-09 15:55:00,245.875,246.015,245.84,245.92,108713.0
2025-10-09 16:00:00,245.93,246.09,245.925,245.99,131104.0
2025-10-10 09:30:00,245.95,245.95,245.81,245.92,4896.0
2025-10-10 09:35:00,245.92,245.92,245.84,245.84,7412.0
2025-10-10 09:40:00,245.82,245.84,245.8,245.8,4370.0
2025-10-10 09:45:00,245.8,245.9,245.69,245.71,14105.0
2025-10-10 09:50:00,245.64,245.69,245.48,245.57,11359.0
2025-10-10 09:55:00,245.55,245.58,245.49,245.51,5303.0
2025-10-10 10:00:00,245.53,245.64,245.51,245.6,10601.0
2025-10-10 10:05:00,245.66,245.72,245.63,245.71,2471.0
2025-10-10 10:10:00,245.75,245.86,245.74,245.74,2224.0
2025-10-10 10:15:00,245.75,245.89,245.75,245.81,7364.0
2025-10-10 10:20:00,245.75,245.75,245.69,245.69,1356.0
2025-10-10 10:25:00,245.69,245.69,245.61,245.64,6436.0
2025-10-10 10:30:00,245.61,245.63,245.57,245.61,5520.0
2025-10-10 10:35:00,245.6,245.62,245.58,245.58,3029.0
2025-10-10 10:40:00,245.61,245.74,245.61,245.73,6072.0
2025-10-10 10:45:00,245.72,245.72,245.59,245.65,10109.0
2025-10-10 10:50:00,245.71,245.81,245.71,245.81,3074.0
2025-10-10 10:55:00,245.78,245.86,245.77,245.86,7447.0
2025-10-10 11:00:00,245.85,245.96,245.8,245.92,7508.0
2025-10-10 11:05:00,245.88,245.88,245.73,245.79,3581.0
2025-10-10 11:10:00,245.87,245.97,245.82,245.88,39252.0
2025-10-10 11:15:00,245.88,245.88,245.82,245.82,4885.0
2025-10-10 11:20:00,245.94,246.0,245.93,245.93,12375.0
2025-10-10 11:25:00,245.99,245.99,245.99,245.99,1358.0
2025-10-10 11:30:00,246.05,246.06,246.05,246.06,1956.0
2025-10-10 11:35:00,246.09,246.1,245.93,245.93,5782.0
2025-10-10 11:40:00,245.9,246.01,245.85,246.01,8888.0
2025-10-10 11:45:00,246.03,246.06,246.03,246.04,2296.0
2025-10-10 11:50:00,246.05,246.09,245.99,245.99,5315.0
2025-10-10 11:55:00,246.03,246.03,246.03,246.03,565.0
2025-10-10 12:00:00,246.02,246.14,245.36,246.0,23421.0
2025-10-10 12:05:00,245.97,246.1,245.97,246.07,32861.0
2025-10-10 12:10:00,246.0,246.17,245.97,246.15,11031.0
2025-10-10 12:15:00,246.14,246.15,246.1,246.15,9789.0
2025-10-10 12:20:00,246.14,246.17,246.13,246.16,4991.0
2025-10-10 12:25:00,246.22,246.25,246.15,246.17,16047.0
2025-10-10 12:30:00,246.16,246.18,246.07,246.12,10612.0
2025-10-10 12:35:00,246.1,246.1,245.9,245.96,24962.0
2025-10-10 12:40:00,245.95,246.11,245.75,245.76,23303.0
2025-10-10 12:45:00,245.76,245.83,245.67,245.82,17458.0
2025-10-10 12:50:00,245.82,245.82,245.75,245.81,9475.0
2025-10-10 12:55:00,245.8201,245.8201,245.67,245.75,12964.0
2025-10-10 13:00:00,245.76,245.8,245.67,245.67,15180.0
2025-10-10 13:05:00,245.71,245.74,245.65,245.71,9759.0
2025-10-10 13:10:00,245.69,245.77,245.67,245.77,14602.0
2025-10-10 13:15:00,245.79,245.84,245.59,245.68,38079.0
2025-10-10 13:20:00,245.69,245.72,245.62,245.62,14566.0
2025-10-10 13:25:00,245.66,245.79,245.61,245.75,13327.0
2025-10-10 13:30:00,245.75,246.51,245.75,246.11,1091281.0
2025-10-10 13:35:00,246.14,246.35,246.02,246.195,603784.0
2025-10-10 13:40:00,246.2,246.62,246.1,246.525,335183.0
2025-10-10 13:45:00,246.49,246.885,246.31,246.4,447168.0
2025-10-10 13:50:00,246.37,246.54,246.09,246.14,703017.0
2025-10-10 13:55:00,246.15,246.25,245.9801,246.19,308173.0
2025-10-10 14:00:00,246.16,246.38,245.55,245.8585,549801.0
2025-10-10 14:05:00,245.81,246.13,245.585,246.03,395372.0
2025-10-10 14:10:00,246.04,246.06,245.545,245.61,293401.0
2025-10-10 14:15:00,245.61,245.63,245.01,245.45,660298.0
2025-10-10 14:20:00,245.45,245.71,245.41,245.705,322655.0
2025-10-10 14:25:00,245.7,246.03,245.66,245.76,292718.0
2025-10-10 14:30:00,245.76,246.055,245.72,246.04,173576.0
2025-10-10 14:35:00,246.03,246.14,245.83,245.96,239590.0
2025-10-10 14:40:00,245.96,246.05,245.62,245.76,374242.0
2025-10-10 14:45:00,245.76,246.15,245.7,246.09,381264.0
2025-10-10 14:50:00,246.09,246.24,245.9,246.205,246752.0
2025-10-10 14:55:00,246.19,246.2699,243.26,244.01,2560847.0
2025-10-10 15:00:00,244.0,244.04,241.39,242.0,4848531.0
2025-10-10 15:05:00,242.02,243.32,241.89,242.45,2550253.0
2025-10-10 15:10:00,242.44,243.96,242.39,243.54,1699606.0
2025-10-10 15:15:00,243.51,243.74,242.11,242.64,1486382.0
2025-10-10 15:20:00,242.64,242.94,241.25,241.48,1250025.0
2025-10-10 15:25:00,241.49,242.082,240.93,241.38,1952094.0
2025-10-10 15:30:00,241.4,241.47,239.87,240.23,1944368.0
2025-10-10 15:35:00,240.22,240.85,240.115,240.15,1716572.0
2025-10-10 15:40:00,240.17,241.83,239.68,241.78,2075320.0
2025-10-10 15:45:00,241.76,242.2,241.27,241.78,1758036.0
2025-10-10 15:50:00,241.75,242.37,241.61,241.96,1813120.0
2025-10-10 15:55:00,241.92,241.94,240.91,241.395,1160671.0
2025-10-10 16:00:00,241.4,241.4,240.46,240.72,979529.0
2025-10-13 09:30:00,241.67,241.77,241.58,241.73,4137.0
2025-10-13 09:35:00,241.72,241.72,241.58,241.59,2716.0
2025-10-13 09:40:00,241.63,241.65,241.49,241.55,30339.0
2025-10-13 09:45:00,241.6,241.64,241.51,241.54,10151.0
2025-10-13 09:50:00,241.67,241.69,241.55,241.65,13395.0
2025-10-13 09:55:00,241.66,241.69,241.55,241.55,7220.0
2025-10-13 10:00:00,241.52,241.76,241.51,241.7,14311.0
2025-10-13 10:05:00,241.73,241.74,241.67,241.67,8238.0
2025-10-13 10:10:00,241.65,241.7,241.63,241.7,9866.0
2025-10-13 10:15:00,241.74,241.74,241.55,241.73,26924.0
2025-10-13 10:20:00,241.69,241.76,241.52,241.68,15448.0
2025-10-13 10:25:00,241.72,241.8,241.71,241.79,10629.0
2025-10-13 10:30:00,241.78,241.92,241.78,241.88,6842.0
2025-10-13 10:35:00,241.89,241.89,241.71,241.71,8505.0
2025-10-13 10:40:00,241.73,241.79,241.52,241.56,17301.0
2025-10-13 10:45:00,241.55,241.57,241.45,241.5,16008.0
2025-10-13 10:50:00,241.53,241.53,241.42,241.47,12794.0
2025-10-13 10:55:00,241.46,241.76,241.46,241.73,71285.0
2025-10-13 11:00:00,241.68,242.01,241.42,241.68,109146.0
2025-10-13 11:05:00,241.7,241.73,241.0,241.1,64534.0
2025-10-13 11:10:00,241.17,241.17,240.76,241.01,14860.0
2025-10-13 11:15:00,241.19,241.24,241.1,241.2,23428.0
2025-10-13 11:20:00,241.15,241.22,240.99,241.05,11375.0
2025-10-13 11:25:00,241.07,241.13,240.96,241.0,67442.0
2025-10-13 11:30:00,241.05,241.24,240.81,241.23,13303.0
2025-10-13 11:35:00,241.19,241.37,241.02,241.08,15280.0
2025-10-13 11:40:00,241.261,241.48,241.261,241.39,8499.0
2025-10-13 11:45:00,241.44,241.53,241.33,241.38,47381.0
2025-10-13 11:50:00,241.38,241.49,241.2,241.47,25160.0
2025-10-13 11:55:00,241.37,241.4,241.22,241.34,71960.0
2025-10-13 12:00:00,241.26,242.65,240.8127,241.12,208374.0
2025-10-13 12:05:00,241.1,241.3,241.1,241.23,29362.0
2025-10-13 12:10:00,241.29,241.57,241.29,241.56,38272.0
2025-10-13 12:15:00,241.55,241.69,241.51,241.62,16244.0
2025-10-13 12:20:00,241.59,241.64,241.35,241.64,66515.0
2025-10-13 12:25:00,241.63,241.63,241.47,241.52,7586.0
2025-10-13 12:30:00,241.52,241.68,241.52,241.64,41020.0
2025-10-13 12:35:00,241.66,241.71,241.6299,241.68,58559.0
2025-10-13 12:40:00,241.68,241.72,241.61,241.72,39086.0
2025-10-13 12:45:00,241.72,241.88,241.71,241.85,42001.0
2025-10-13 12:50:00,241.83,241.92,241.73,241.92,41637.0
2025-10-13 12:55:00,241.93,241.95,241.7,241.86,18184.0
2025-10-13 13:00:00,241.85,242.0,241.7,241.86,82419.0
2025-10-13 13:05:00,241.9,241.97,241.78,241.78,88298.0
2025-10-13 13:10:00,241.77,241.97,241.72,241.94,21440.0
2025-10-13 13:15:00,241.91,242.06,241.91,241.94,9406.0
2025-10-13 13:20:00,241.96,241.99,241.89,241.95,13248.0
2025-10-13 13:25:00,241.99,242.0099,241.61,241.83,41256.0
2025-10-13 13:30:00,241.83,242.7,241.59,242.245,2135696.0
2025-10-13 13:35:00,242.26,242.42,241.89,241.97,1073369.0
2025-10-13 13:40:00,241.97,242.18,241.59,241.98,721058.0
2025-10-13 13:45:00,241.97,242.19,241.67,241.85,807136.0
2025-10-13 13:50:00,241.86,242.45,241.64,242.23,547558.0
2025-10-13 13:55:00,242.22,243.24,242.1,243.21,679825.0
2025-10-13 14:00:00,243.205,243.52,242.47,243.17,705079.0
2025-10-13 14:05:00,243.16,243.28,242.785,242.9,631091.0
2025-10-13 14:10:00,242.9,243.015,242.59,242.69,575779.0
2025-10-13 14:15:00,242.71,242.945,242.5507,242.59,310042.0
2025-10-13 14:20:00,242.57,242.61,241.82,242.14,535770.0
2025-10-13 14:25:00,242.1599,242.16,241.52,241.77,692949.0
2025-10-13 14:30:00,241.77,242.49,241.4001,242.47,771917.0
2025-10-13 14:35:00,242.45,242.89,242.42,242.8552,310250.0
2025-10-13 14:40:00,242.85,242.98,242.25,242.48,333030.0
2025-10-13 14:45:00,242.48,242.69,242.1,242.37,389715.0
2025-10-13 14:50:00,242.36,242.55,242.115,242.34,376027.0
2025-10-13 14:55:00,242.33,242.33,241.98,242.155,291788.0
2025-10-13 15:00:00,242.15,242.4,242.03,242.25,347436.0
2025-10-13 15:05:00,242.26,242.55,241.97,242.54,390229.0
2025-10-13 15:10:00,242.52,242.945,242.5,242.92,309016.0
2025-10-13 15:15:00,242.91,243.43,242.86,243.43,301126.0
2025-10-13 15:20:00,243.43,243.7,243.4,243.43,448210.0
2025-10-13 15:25:00,243.43,243.48,243.25,243.42,418805.0
2025-10-13 15:30:00,243.41,243.575,243.365,243.47,335697.0
2025-10-13 15:35:00,243.47,243.625,243.435,243.46,327595.0
2025-10-13 15:40:00,243.47,243.55,243.21,243.34,312173.0
2025-10-13 15:45:00,243.36,243.55,243.24,243.51,282300.0
2025-10-13 15:50:00,243.51,243.57,243.255,243.43,225449.0
2025-10-13 15:55:00,243.435,243.47,243.29,243.35,544006.0
2025-10-13 16:00:00,243.36,243.43,243.13,243.26,344005.0
2025-10-14 09:30:00,242.46,242.53,242.26,242.27,13851.0
2025-10-14 09:35:00,242.26,242.33,242.19,242.28,13648.0
2025-10-14 09:40:00,242.28,242.38,242.24,242.36,4202.0
2025-10-14 09:45:00,242.3,242.3,242.06,242.06,13607.0
2025-10-14 09:50:00,242.0,242.02,241.84,241.84,10578.0
2025-10-14 09:55:00,241.8,241.92,241.78,241.9,15564.0
2025-10-14 10:00:00,241.88,241.88,241.75,241.75,8565.0
2025-10-14 10:05:00,241.75,241.79,241.71,241.79,4191.0
2025-10-14 10:10:00,241.66,241.67,241.46,241.56,7773.0
2025-10-14 10:15:00,241.51,241.56,241.48,241.49,5319.0
2025-10-14 10:20:00,241.5,241.67,241.36,241.67,19812.0
2025-10-14 10:25:00,241.71,241.71,241.22,241.22,21362.0
2025-10-14 10:30:00,241.23,241.23,240.82,241.01,39573.0
2025-10-14 10:35:00,241.08,241.24,241.05,241.17,7411.0
2025-10-14 10:40:00,241.19,241.19,240.76,240.77,11809.0
2025-10-14 10:45:00,240.68,240.7,240.4,240.47,14499.0
2025-10-14 10:50:00,240.53,240.8,240.53,240.66,19283.0
2025-10-14 10:55:00,240.61,241.0,240.61,240.99,9558.0
2025-10-14 11:00:00,241.08,241.28,241.01,241.23,83485.0
2025-10-14 11:05:00,241.21,241.61,241.21,241.52,32173.0
2025-10-14 11:10:00,241.39,241.57,241.39,241.54,2902.0
2025-10-14 11:15:00,241.57,241.64,241.41,241.52,12037.0
2025-10-14 11:20:00,241.57,241.65,241.5,241.55,21270.0
2025-10-14 11:25:00,241.54,241.69,241.54,241.59,16091.0
2025-10-14 11:30:00,241.57,241.85,241.48,241.69,25641.0
2025-10-14 11:35:00,241.69,242.0,241.69,241.81,27162.0
2025-10-14 11:40:00,241.78,241.83,241.59,241.65,22293.0
2025-10-14 11:45:00,241.59,241.72,241.5,241.5,25197.0
2025-10-14 11:50:00,241.5,241.7,241.49,241.61,23400.0
2025-10-14 11:55:00,241.61,241.61,241.42,241.45,21181.0
2025-10-14 12:00:00,241.63,244.36,241.04,241.15,110580.0
2025-10-14 12:05:00,241.17,241.32,241.03,241.32,14815.0
2025-10-14 12:10:00,241.4,241.7,241.4,241.68,79877.0
2025-10-14 12:15:00,241.67,241.74,241.44,241.61,102822.0
2025-10-14 12:20:00,241.61,241.69,241.51,241.68,55115.0
2025-10-14 12:25:00,241.71,241.85,241.69,241.75,40798.0
2025-10-14 12:30:00,241.73,241.74,241.47,241.56,30041.0
2025-10-14 12:35:00,241.55,241.55,241.13,241.17,34365.0
2025-10-14 12:40:00,241.18,241.25,240.67,240.9,123083.0
2025-10-14 12:45:00,240.95,241.14,240.94,241.08,65806.0
2025-10-14 12:50:00,241.1,241.35,241.08,241.26,30456.0
2025-10-14 12:55:00,241.26,241.32,241.23,241.32,11053.0
2025-10-14 13:00:00,241.31,241.45,241.28,241.41,12714.0
2025-10-14 13:05:00,241.41,241.4506,241.31,241.4506,29132.0
2025-10-14 13:10:00,241.4204,241.55,241.4,241.53,21138.0
2025-10-14 13:15:00,241.54,241.61,241.42,241.47,34762.0
2025-10-14 13:20:00,241.48,241.49,241.31,241.31,28194.0
2025-10-14 13:25:00,241.32,241.37,241.04,241.23,52843.0
2025-10-14 13:30:00,241.23,241.99,241.02,241.39,1697636.0
2025-10-14 13:35:00,241.4,241.45,240.36,241.28,1509085.0
2025-10-14 13:40:00,241.27,241.74,240.9,241.17,1377854.0
2025-10-14 13:45:00,241.14,242.14,240.905,241.91,890644.0
2025-10-14 13:50:00,241.9,242.75,241.73,242.72,836166.0
2025-10-14 13:55:00,242.7156,243.15,242.7,243.09,634290.0
2025-10-14 14:00:00,243.06,243.29,242.63,243.17,545518.0
2025-10-14 14:05:00,243.18,243.42,242.91,243.06,974019.0
2025-10-14 14:10:00,243.06,243.86,243.04,243.71,504226.0
2025-10-14 14:15:00,243.7,244.02,243.49,243.85,507722.0
2025-10-14 14:20:00,243.84,244.27,243.75,244.15,598677.0
2025-10-14 14:25:00,244.14,244.44,244.09,244.3601,575444.0
2025-10-14 14:30:00,244.365,244.38,243.92,244.25,535492.0
2025-10-14 14:35:00,244.27,244.6493,244.26,244.61,385105.0
2025-10-14 14:40:00,244.59,244.82,244.4987,244.5,395032.0
2025-10-14 14:45:00,244.5,244.8,244.37,244.59,434033.0
2025-10-14 14:50:00,244.62,244.735,244.2,244.41,437965.0
2025-10-14 14:55:00,244.42,244.47,244.08,244.31,311341.0
2025-10-14 15:00:00,244.32,244.86,244.3,244.85,280682.0
2025-10-14 15:05:00,244.82,244.98,244.49,244.54,390678.0
2025-10-14 15:10:00,244.53,244.69,244.395,244.46,359478.0
2025-10-14 15:15:00,244.49,244.66,244.3044,244.41,265137.0
2025-10-14 15:20:00,244.41,244.68,244.33,244.67,279411.0
2025-10-14 15:25:00,244.68,244.74,244.28,244.435,254447.0
2025-10-14 15:30:00,244.45,244.75,244.44,244.72,204442.0
2025-10-14 15:35:00,244.72,245.175,244.66,244.8,810086.0
2025-10-14 15:40:00,244.8,245.3,244.67,245.195,492892.0
2025-10-14 15:45:00,245.2,245.69,245.185,245.675,391141.0
2025-10-14 15:50:00,245.67,246.05,245.63,245.835,464692.0
2025-10-14 15:55:00,245.82,245.85,245.61,245.72,558332.0
2025-10-14 16:00:00,245.73,245.775,245.55,245.6,318545.0
2025-10-15 09:30:00,250.2,250.69,250.18,250.69,17777.0
2025-10-15 09:35:00,250.68,250.79,250.56,250.71,15120.0
2025-10-15 09:40:00,250.69,250.74,250.6,250.71,12874.0
2025-10-15 09:45:00,250.64,250.87,250.58,250.87,14365.0
2025-10-15 09:50:00,250.86,250.86,250.66,250.72,36049.0
2025-10-15 09:55:00,250.75,250.85,250.68,250.82,15909.0
2025-10-15 10:00:00,250.8,250.87,250.76,250.76,15430.0
2025-10-15 10:05:00,250.73,250.8,250.6,250.6,11497.0
2025-10-15 10:10:00,250.56,250.6,250.52,250.52,5439.0
2025-10-15 10:15:00,250.62,250.62,250.44,250.56,25633.0
2025-10-15 10:20:00,250.53,250.56,250.49,250.49,9655.0
2025-10-15 10:25:00,250.49,250.49,250.44,250.44,1747.0
2025-10-15 10:30:00,250.47,250.5,250.39,250.39,2854.0
2025-10-15 10:35:00,250.33,250.43,250.31,250.43,5389.0
2025-10-15 10:40:00,250.37,250.43,250.37,250.41,7105.0
2025-10-15 10:45:00,250.49,250.66,250.48,250.62,10982.0
2025-10-15 10:50:00,250.64,250.75,250.6,250.71,37427.0
2025-10-15 10:55:00,250.71,250.83,250.71,250.75,8420.0
2025-10-15 11:00:00,250.7,250.76,250.62,250.62,47799.0
2025-10-15 11:05:00,250.63,250.65,250.4,250.47,8514.0
2025-10-15 11:10:00,250.37,250.42,250.37,250.42,1424.0
2025-10-15 11:15:00,250.39,250.39,250.27,250.37,9375.0
2025-10-15 11:20:00,250.31,250.35,250.27,250.35,6189.0
2025-10-15 11:25:00,250.379,250.51,250.35,250.38,36894.0
2025-10-15 11:30:00,250.32,250.42,250.24,250.26,40310.0
2025-10-15 11:35:00,250.35,250.38,250.25,250.32,10033.0
2025-10-15 11:40:00,250.33,250.459,250.33,250.43,10239.0
2025-10-15 11:45:00,250.38,250.45,250.33,250.45,4459.0
2025-10-15 11:50:00,250.4,250.44,250.37,250.39,3615.0
2025-10-15 11:55:00,250.4,250.4,250.35,250.39,4690.0
2025-10-15 12:00:00,250.66,250.75,248.84,250.58,96747.0
2025-10-15 12:05:00,250.59,250.81,250.57,250.81,67215.0
2025-10-15 12:10:00,250.81,250.88,250.76,250.88,22510.0
2025-10-15 12:15:00,250.92,251.06,250.89,251.01,57835.0
2025-10-15 12:20:00,250.99,251.0,250.69,250.88,78014.0
2025-10-15 12:25:00,250.89,250.89,250.63,250.68,32573.0
2025-10-15 12:30:00,250.69,250.81,250.38,250.48,50747.0
2025-10-15 12:35:00,250.46,250.48,250.31,250.31,54801.0
2025-10-15 12:40:00,250.31,250.555,250.28,250.45,74245.0
2025-10-15 12:45:00,250.48,250.56,250.4,250.48,40517.0
2025-10-15 12:50:00,250.52,250.61,250.29,250.59,96516.0
2025-10-15 12:55:00,250.58,250.72,250.58,250.6,27694.0
2025-10-15 13:00:00,250.61,250.62,250.44,250.54,42483.0
2025-10-15 13:05:00,250.5197,250.5197,250.46,250.48,24424.0
2025-10-15 13:10:00,250.49,250.62,250.49,250.61,43004.0
2025-10-15 13:15:00,250.6,250.74,250.6,250.71,60518.0
2025-10-15 13:20:00,250.72,250.72,250.49,250.56,35015.0
2025-10-15 13:25:00,250.56,250.71,250.35,250.35,43792.0
2025-10-15 13:30:00,250.36,250.9,250.12,250.62,1674039.0
2025-10-15 13:35:00,250.61,251.45,250.59,250.9401,1098902.0
2025-10-15 13:40:00,250.97,251.75,250.96,251.2,738406.0
2025-10-15 13:45:00,251.205,251.54,250.23,250.42,905284.0
2025-10-15 13:50:00,250.43,251.31,250.295,251.07,595303.0
2025-10-15 13:55:00,251.08,251.645,251.05,251.6,571625.0
2025-10-15 14:00:00,251.62,252.21,251.59,252.21,1054003.0
2025-10-15 14:05:00,252.2,252.77,252.07,252.61,1288551.0
2025-10-15 14:10:00,252.6,252.66,251.8848,251.92,733963.0
2025-10-15 14:15:00,251.92,252.1799,251.64,251.83,561172.0
2025-10-15 14:20:00,251.83,251.94,251.66,251.81,355279.0
2025-10-15 14:25:00,251.81,251.885,251.59,251.74,407925.0
2025-10-15 14:30:00,251.74,251.78,251.4907,251.51,473045.0
2025-10-15 14:35:00,251.53,251.6914,251.46,251.475,386802.0
2025-10-15 14:40:00,251.49,251.53,251.155,251.34,659411.0
2025-10-15 14:45:00,251.35,251.36,251.04,251.205,404399.0
2025-10-15 14:50:00,251.21,251.2944,250.95,251.03,514533.0
2025-10-15 14:55:00,251.02,251.1652,250.885,251.1,276423.0
2025-10-15 15:00:00,251.1,251.129,250.65,250.7,514214.0
2025-10-15 15:05:00,250.73,251.06,250.69,250.89,314922.0
2025-10-15 15:10:00,250.89,250.94,250.515,250.8708,532723.0
2025-10-15 15:15:00,250.89,251.015,250.51,250.66,534660.0
2025-10-15 15:20:00,250.66,250.95,250.58,250.885,260356.0
2025-10-15 15:25:00,250.88,251.11,250.61,250.655,544445.0
2025-10-15 15:30:00,250.66,250.78,250.02,250.19,727634.0
2025-10-15 15:35:00,250.19,250.21,249.64,250.06,814041.0
2025-10-15 15:40:00,250.05,250.085,249.4,249.74,693573.0
2025-10-15 15:45:00,249.75,249.87,249.295,249.5,524308.0
2025-10-15 15:50:00,249.485,249.595,249.08,249.425,721597.0
2025-10-15 15:55:00,249.43,250.01,249.355,249.81,617948.0
2025-10-15 16:00:00,249.84,250.2,249.75,249.83,547540.0
2025-10-16 09:30:00,251.11,251.11,251.02,251.07,5469.0
2025-10-16 09:35:00,251.05,251.06,250.91,250.93,13593.0
2025-10-16 09:40:00,250.93,251.15,250.92,251.15,15171.0
2025-10-16 09:45:00,251.16,251.32,251.16,251.26,10577.0
2025-10-16 09:50:00,251.33,251.33,251.26,251.29,6175.0
2025-10-16 09:55:00,251.26,251.28,251.25,251.26,3606.0
2025-10-16 10:00:00,251.29,251.29,251.2,251.21,8180.0
2025-10-16 10:05:00,251.25,251.37,251.24,251.36,15331.0
2025-10-16 10:10:00,251.34,251.36,251.24,251.36,7804.0
2025-10-16 10:15:00,251.34,251.34,251.23,251.25,9063.0
2025-10-16 10:20:00,251.25,251.25,251.18,251.23,9752.0
2025-10-16 10:25:00,251.26,251.36,251.26,251.31,9257.0
2025-10-16 10:30:00,251.34,251.4,251.3,251.37,8310.0
2025-10-16 10:35:00,251.38,251.4,251.27,251.29,6205.0
2025-10-16 10:40:00,251.33,251.34,251.19,251.23,6047.0
2025-10-16 10:45:00,251.22,251.23,251.05,251.12,12368.0
2025-10-16 10:50:00,251.15,251.15,251.1,251.13,5277.0
2025-10-16 10:55:00,251.14,251.24,251.14,251.23,14976.0
2025-10-16 11:00:00,251.22,251.39,251.22,251.34,15988.0
2025-10-16 11:05:00,251.35,251.48,251.34,251.42,11795.0
2025-10-16 11:10:00,251.44,251.44,251.34,251.38,16544.0
2025-10-16 11:15:00,251.36,251.41,251.33,251.41,3931.0
2025-10-16 11:20:00,251.42,251.56,251.42,251.56,4189.0
2025-10-16 11:25:00,251.56,251.68,251.55,251.68,11848.0
2025-10-16 11:30:00,251.669,251.669,251.55,251.58,3204.0
2025-10-16 11:35:00,251.54,251.58,251.5,251.57,5960.0
2025-10-16 11:40:00,251.58,251.59,251.46,251.48,3159.0
2025-10-16 11:45:00,251.5,251.52,251.44,251.44,2487.0
2025-10-16 11:50:00,251.46,251.46,251.38,251.45,3078.0
2025-10-16 11:55:00,251.43,251.5,251.33,251.33,10835.0
2025-10-16 12:00:00,251.34,251.6,250.16,251.48,59265.0
2025-10-16 12:05:00,251.5,251.5,251.09,251.13,27145.0
2025-10-16 12:10:00,251.13,251.23,251.08,251.09,17476.0
2025-10-16 12:15:00,251.1,251.3,251.1,251.22,20272.0
2025-10-16 12:20:00,251.22,251.28,251.17,251.24,22722.0
2025-10-16 12:25:00,251.24,251.33,251.18,251.31,29203.0
2025-10-16 12:30:00,251.34,251.61,251.23,251.58,41815.0
2025-10-16 12:35:00,251.56,251.6,251.38,251.48,166443.0
2025-10-16 12:40:00,251.5,251.57,251.46,251.49,50233.0
2025-10-16 12:45:00,251.49,251.53,251.38,251.44,13315.0
2025-10-16 12:50:00,251.47,251.56,251.46,251.53,19347.0
2025-10-16 12:55:00,251.53,251.64,251.36,251.38,47617.0
2025-10-16 13:00:00,251.41,251.45,251.11,251.14,37784.0
2025-10-16 13:05:00,251.15,251.34,251.15,251.32,16659.0
2025-10-16 13:10:00,251.31,251.35,251.27,251.35,14304.0
2025-10-16 13:15:00,251.34,251.48,251.31,251.31,33838.0
2025-10-16 13:20:00,251.3,251.37,251.1712,251.3,53502.0
2025-10-16 13:25:00,251.24,251.32,250.93,250.98,53962.0
2025-10-16 13:30:00,250.97,251.26,250.325,250.709,1376978.0
2025-10-16 13:35:00,250.7,251.1,250.57,250.865,574913.0
2025-10-16 13:40:00,250.9,250.9,250.405,250.66,772153.0
2025-10-16 13:45:00,250.66,250.83,249.89,249.91,608906.0
2025-10-16 13:50:00,249.93,250.02,249.49,249.6,809081.0
2025-10-16 13:55:00,249.62,249.858,249.2,249.58,752626.0
2025-10-16 14:00:00,249.58,249.89,249.34,249.56,393554.0
2025-10-16 14:05:00,249.58,249.66,248.95,249.08,569824.0
2025-10-16 14:10:00,249.09,249.31,248.59,248.79,625005.0
2025-10-16 14:15:00,248.8,249.6,248.7,249.28,1009017.0
2025-10-16 14:20:00,249.29,249.66,249.16,249.16,480808.0
2025-10-16 14:25:00,249.19,249.4,248.71,249.175,674769.0
2025-10-16 14:30:00,249.17,249.26,248.9,249.18,319495.0
2025-10-16 14:35:00,249.19,249.4,249.015,249.27,580302.0
2025-10-16 14:40:00,249.27,249.92,249.27,249.81,441336.0
2025-10-16 14:45:00,249.78,249.85,249.31,249.61,404008.0
2025-10-16 14:50:00,249.6,249.63,249.06,249.47,461662.0
2025-10-16 14:55:00,249.47,249.51,248.85,248.95,581138.0
2025-10-16 15:00:00,248.98,249.23,248.88,249.08,296935.0
2025-10-16 15:05:00,249.09,249.35,248.66,249.35,289692.0
2025-10-16 15:10:00,249.36,249.61,249.17,249.46,290386.0
2025-10-16 15:15:00,249.46,249.5,249.18,249.41,287444.0
2025-10-16 15:20:00,249.42,249.5099,249.11,249.22,410573.0
2025-10-16 15:25:00,249.225,249.25,248.35,248.485,516158.0
2025-10-16 15:30:00,248.48,248.95,248.07,248.84,609801.0
2025-10-16 15:35:00,248.84,248.9,248.54,248.715,414728.0
2025-10-16 15:40:00,248.72,248.74,248.075,248.2,620218.0
2025-10-16 15:45:00,248.21,248.23,247.79,247.9,499158.0
2025-10-16 15:50:00,247.91,248.27,247.905,248.07,582345.0
2025-10-16 15:55:00,248.065,248.09,247.63,247.85,722626.0
2025-10-16 16:00:00,247.85,247.905,247.44,247.79,544853.0
2025-10-17 09:30:00,241.6,241.6,241.31,241.43,29012.0
2025-10-17 09:35:00,241.42,241.71,241.38,241.56,61611.0
2025-10-17 09:40:00,241.52,241.52,240.98,241.08,70992.0
2025-10-17 09:45:00,241.11,241.24,241.03,241.24,19197.0
2025-10-17 09:50:00,241.31,241.35,241.21,241.25,35542.0
2025-10-17 09:55:00,241.25,241.32,241.15,241.15,100147.0
2025-10-17 10:00:00,241.15,241.63,241.13,241.63,52232.0
2025-10-17 10:05:00,241.62,241.72,241.54,241.67,50612.0
2025-10-17 10:10:00,241.66,241.71,241.33,241.35,78613.0
2025-10-17 10:15:00,241.37,241.37,241.07,241.14,50738.0
2025-10-17 10:20:00,241.13,241.13,240.89,240.96,15907.0
2025-10-17 10:25:00,240.91,241.06,240.88,240.94,78327.0
2025-10-17 10:30:00,240.96,241.75,240.95,241.49,78988.0
2025-10-17 10:35:00,241.51,241.9,241.47,241.89,29327.0
2025-10-17 10:40:00,241.9,241.99,241.79,241.96,34024.0
2025-10-17 10:45:00,241.91,242.2,241.7,241.7,39571.0
2025-10-17 10:50:00,241.67,241.98,241.56,241.93,40005.0
2025-10-17 10:55:00,241.95,242.31,241.9,242.21,22075.0
2025-10-17 11:00:00,242.25,242.45,242.1,242.13,59691.0
2025-10-17 11:05:00,242.13,243.03,242.02,242.96,92282.0
2025-10-17 11:10:00,242.81,244.01,242.75,243.95,167606.0
2025-10-17 11:15:00,243.73,244.01,243.31,243.42,199499.0
2025-10-17 11:20:00,243.37,243.55,243.01,243.41,72186.0
2025-10-17 11:25:00,243.45,243.58,243.24,243.46,50149.0
2025-10-17 11:30:00,243.43,243.45,243.08,243.34,28677.0
2025-10-17 11:35:00,243.35,243.5,243.26,243.38,40188.0
2025-10-17 11:40:00,243.38,243.61,243.37,243.45,183486.0
2025-10-17 11:45:00,243.39,243.63,243.26,243.51,24261.0
2025-10-17 11:50:00,243.5,243.52,243.05,243.2,58428.0
2025-10-17 11:55:00,243.25,243.74,243.23,243.74,32047.0
2025-10-17 12:00:00,243.71,243.96,240.26,243.71,352304.0
2025-10-17 12:05:00,243.7,244.3,243.69,244.28,111662.0
2025-10-17 12:10:00,244.31,244.31,243.89,244.14,107795.0
2025-10-17 12:15:00,244.12,244.37,244.04,244.35,100531.0
2025-10-17 12:20:00,244.36,244.91,244.32,244.77,328601.0
2025-10-17 12:25:00,244.79,244.79,244.42,244.66,49730.0
2025-10-17 12:30:00,244.64,244.84,244.37,244.76,85494.0
2025-10-17 12:35:00,244.74,245.32,244.72,245.14,157084.0
2025-10-17 12:40:00,245.1401,245.15,244.8,245.05,65189.0
2025-10-17 12:45:00,245.02,245.19,244.91,244.98,52799.0
2025-10-17 12:50:00,244.91,244.96,244.55,244.81,129683.0
2025-10-17 12:55:00,244.8,244.83,244.45,244.46,70995.0
2025-10-17 13:00:00,244.49,244.79,244.27,244.4084,89282.0
2025-10-17 13:05:00,244.4,244.66,244.26,244.54,44380.0
2025-10-17 13:10:00,244.57,244.65,244.34,244.34,35439.0
2025-10-17 13:15:00,244.38,244.55,244.29,244.51,15824.0
2025-10-17 13:20:00,244.53,244.58,244.24,244.35,20636.0
2025-10-17 13:25:00,244.33,244.37,242.98,243.31,218737.0
2025-10-17 13:30:00,243.32,244.545,242.7,244.49,1874039.0
2025-10-17 13:35:00,244.495,244.98,244.2,244.34,1172830.0
2025-10-17 13:40:00,244.35,244.38,243.19,243.52,766267.0
2025-10-17 13:45:00,243.51,244.37,243.29,244.065,689744.0
2025-10-17 13:50:00,244.09,244.93,243.99,244.78,1032010.0
2025-10-17 13:55:00,244.78,245.025,244.12,244.21,953152.0
2025-10-17 14:00:00,244.19,244.42,243.72,243.98,749743.0
2025-10-17 14:05:00,243.96,244.44,243.665,243.7901,723618.0
2025-10-17 14:10:00,243.79,244.85,243.66,244.81,653068.0
2025-10-17 14:15:00,244.81,245.16,244.1,244.14,615744.0
2025-10-17 14:20:00,244.14,244.32,243.53,243.87,1203487.0
2025-10-17 14:25:00,243.81,244.21,243.64,243.91,735903.0
2025-10-17 14:30:00,243.92,243.955,243.115,243.14,606609.0
2025-10-17 14:35:00,243.16,243.2,242.795,242.805,773448.0
2025-10-17 14:40:00,242.81,243.61,242.72,243.05,952614.0
2025-10-17 14:45:00,243.05,243.74,242.98,243.43,561302.0
2025-10-17 14:50:00,243.42,243.73,243.1844,243.35,444336.0
2025-10-17 14:55:00,243.34,243.36,242.53,242.68,991788.0
2025-10-17 15:00:00,242.68,243.39,242.55,243.11,770189.0
2025-10-17 15:05:00,243.1,243.42,242.905,242.92,518587.0
2025-10-17 15:10:00,242.91,243.21,241.98,241.98,693610.0
2025-10-17 15:15:00,241.98,242.4,241.88,241.99,2337707.0
2025-10-17 15:20:00,241.99,242.07,241.665,241.705,523489.0
2025-10-17 15:25:00,241.7,242.355,241.59,242.24,660867.0
2025-10-17 15:30:00,242.26,242.43,241.91,241.9407,608175.0
2025-10-17 15:35:00,241.96,242.31,241.47,242.22,652424.0
2025-10-17 15:40:00,242.23,242.57,242.18,242.39,692211.0
2025-10-17 15:45:00,242.39,242.84,242.28,242.84,495864.0
2025-10-17 15:50:00,242.82,243.24,242.6,242.93,1009281.0
2025-10-17 15:55:00,242.93,243.375,242.86,243.1,476257.0
2025-10-17 16:00:00,243.12,243.565,243.03,243.45,613980.0
2025-10-20 09:30:00,245.3,245.3,245.23,245.3,7511.0
2025-10-20 09:35:00,245.19,245.19,245.09,245.13,7985.0
2025-10-20 09:40:00,245.21,245.23,245.09,245.11,6140.0
2025-10-20 09:45:00,245.11,245.11,245.0,245.08,6516.0
2025-10-20 09:50:00,245.06,245.1,245.03,245.1,9346.0
2025-10-20 09:55:00,245.13,245.25,245.13,245.25,3549.0
2025-10-20 10:00:00,245.28,245.3,245.08,245.09,8322.0
2025-10-20 10:05:00,245.06,245.12,245.06,245.1,8277.0
2025-10-20 10:10:00,245.14,245.14,245.06,245.11,5781.0
2025-10-20 10:15:00,245.13,245.23,245.11,245.23,9136.0
2025-10-20 10:20:00,245.2,245.26,245.19,245.19,6234.0
2025-10-20 10:25:00,245.16,245.19,245.09,245.14,15620.0
2025-10-20 10:30:00,245.15,245.32,245.14,245.24,9824.0
2025-10-20 10:35:00,245.27,245.32,245.2,245.26,12287.0
2025-10-20 10:40:00,245.34,245.34,245.08,245.11,16054.0
2025-10-20 10:45:00,245.1,245.1,244.79,244.98,22469.0
2025-10-20 10:50:00,244.94,244.97,244.84,244.9,22135.0
2025-10-20 10:55:00,244.93,244.93,244.81,244.82,9292.0
2025-10-20 11:00:00,244.8,244.96,244.78,244.91,12305.0
2025-10-20 11:05:00,244.89,245.0,244.89,244.99,6441.0
2025-10-20 11:10:00,245.02,245.11,245.02,245.11,6361.0
2025-10-20 11:15:00,245.12,245.25,245.12,245.21,4839.0
2025-10-20 11:20:00,245.16,245.17,245.12,245.12,5722.0
2025-10-20 11:25:00,245.18,245.25,245.18,245.21,8470.0
2025-10-20 11:30:00,245.14,245.14,245.05,245.08,12438.0
2025-10-20 11:35:00,245.15,245.15,245.04,245.04,9688.0
2025-10-20 11:40:00,245.12,245.12,245.03,245.04,4349.0
2025-10-20 11:45:00,245.07,245.15,245.06,245.12,3990.0
2025-10-20 11:50:00,245.13,245.4,245.13,245.4,23891.0
2025-10-20 11:55:00,245.36,245.43,245.36,245.36,27860.0
2025-10-20 12:00:00,245.32,245.6,244.76,245.31,72878.0
2025-10-20 12:05:00,245.31,245.31,245.22,245.29,11772.0
2025-10-20 12:10:00,245.33,245.36,245.33,245.35,40763.0
2025-10-20 12:15:00,245.34,245.36,245.22,245.29,101470.0
2025-10-20 12:20:00,245.35,245.51,245.32,245.46,24647.0
2025-10-20 12:25:00,245.46,245.52,245.43,245.52,17258.0
2025-10-20 12:30:00,245.51,245.77,245.51,245.74,56620.0
2025-10-20 12:35:00,245.69,245.72,245.65,245.65,14481.0
2025-10-20 12:40:00,245.69,245.85,245.69,245.81,31641.0
2025-10-20 12:45:00,245.86,246.11,245.86,245.97,132633.0
2025-10-20 12:50:00,245.98,246.1,245.98,246.0,61857.0
2025-10-20 12:55:00,245.98,246.0973,245.96,246.07,52224.0
2025-10-20 13:00:00,246.07,246.25,246.05,246.24,85077.0
2025-10-20 13:05:00,246.24,246.3813,246.21,246.3404,77042.0
2025-10-20 13:10:00,246.34,246.42,246.3,246.32,83477.0
2025-10-20 13:15:00,246.32,246.42,246.28,246.33,45125.0
2025-10-20 13:20:00,246.34,246.43,246.33,246.34,30399.0
2025-10-20 13:25:00,246.3,246.66,246.11,246.62,70098.0
2025-10-20 13:30:00,246.62,247.155,246.14,247.14,1641083.0
2025-10-20 13:35:00,247.14,247.67,247.06,247.085,1073101.0
2025-10-20 13:40:00,247.1,247.7,246.945,247.59,624871.0
2025-10-20 13:45:00,247.57,248.13,247.57,247.88,479143.0
2025-10-20 13:50:00,247.89,247.93,247.18,247.51,677917.0
2025-10-20 13:55:00,247.51,247.585,246.885,246.91,532258.0
2025-10-20 14:00:00,246.94,247.09,246.6799,246.7,852097.0
2025-10-20 14:05:00,246.7,246.89,246.38,246.89,650525.0
2025-10-20 14:10:00,246.89,246.89,246.6,246.72,460054.0
2025-10-20 14:15:00,246.72,246.72,246.15,246.405,405182.0
2025-10-20 14:20:00,246.4,246.8,246.32,246.73,365721.0
2025-10-20 14:25:00,246.74,247.395,246.69,247.255,592674.0
2025-10-20 14:30:00,247.25,247.405,247.03,247.055,505377.0
2025-10-20 14:35:00,247.055,247.59,246.88,247.49,458073.0
2025-10-20 14:40:00,247.48,247.745,247.41,247.66,520319.0
2025-10-20 14:45:00,247.66,248.25,247.64,248.208,660910.0
2025-10-20 14:50:00,248.205,248.205,247.835,247.955,488770.0
2025-10-20 14:55:00,247.95,247.965,247.71,247.83,523284.0
2025-10-20 15:00:00,247.85,247.95,247.72,247.8499,331741.0
2025-10-20 15:05:00,247.84,247.85,247.63,247.665,186833.0
2025-10-20 15:10:00,247.66,247.67,247.2,247.205,381020.0
2025-10-20 15:15:00,247.2,247.2533,247.1,247.18,309150.0
2025-10-20 15:20:00,247.17,247.275,247.04,247.11,397750.0
2025-10-20 15:25:00,247.1,247.15,246.9,247.045,169789.0
2025-10-20 15:30:00,247.045,247.09,246.83,246.89,134367.0
2025-10-20 15:35:00,246.9,247.14,246.86,247.14,227307.0
2025-10-20 15:40:00,247.14,247.28,246.97,247.1399,164143.0
2025-10-20 15:45:00,247.14,247.39,247.07,247.39,285531.0
2025-10-20 15:50:00,247.38,247.48,246.65,246.9,692543.0
2025-10-20 15:55:00,246.89,247.035,246.6,246.91,233903.0
2025-10-20 16:00:00,246.93,246.98,246.77,246.88,692763.0
2025-10-21 09:30:00,247.69,247.79,247.69,247.71,8424.0
2025-10-21 09:35:00,247.72,247.8,247.67,247.72,12509.0
2025-10-21 09:40:00,247.72,247.72,247.69,247.69,788.0
2025-10-21 09:45:00,247.73,247.86,247.73,247.83,8099.0
2025-10-21 09:50:00,247.85,247.85,247.84,247.84,1989.0
2025-10-21 09:55:00,247.83,247.83,247.74,247.74,7815.0
2025-10-21 10:00:00,247.74,247.8,247.71,247.77,14993.0
2025-10-21 10:05:00,247.75,247.79,247.75,247.79,5485.0
2025-10-21 10:10:00,247.76,247.84,247.68,247.7,14917.0
2025-10-21 10:15:00,247.65,247.69,247.53,247.57,8663.0
2025-10-21 10:20:00,247.56,247.57,247.48,247.53,11564.0
2025-10-21 10:25:00,247.53,247.59,247.52,247.52,6580.0
2025-10-21 10:30:00,247.62,247.66,247.58,247.58,15827.0
2025-10-21 10:35:00,247.57,247.7,247.55,247.68,6303.0
2025-10-21 10:40:00,247.69,247.71,247.66,247.71,5407.0
2025-10-21 10:45:00,247.72,247.79,247.7,247.77,9487.0
2025-10-21 10:50:00,247.8,247.86,247.8,247.84,8519.0
2025-10-21 10:55:00,247.87,247.87,247.79,247.79,10351.0
2025-10-21 11:00:00,247.82,247.83,247.76,247.83,11485.0
2025-10-21 11:05:00,247.85,247.85,247.76,247.76,3470.0
2025-10-21 11:10:00,247.89,247.95,247.89,247.95,3200.0
2025-10-21 11:15:00,247.99,248.12,247.99,248.12,9634.0
2025-10-21 11:25:00,248.16,248.16,248.1,248.13,7011.0
2025-10-21 11:30:00,248.08,248.08,247.87,247.99,49286.0
2025-10-21 11:35:00,248.04,248.05,247.98,248.05,6175.0
2025-10-21 11:40:00,248.04,248.11,248.01,248.01,18460.0
2025-10-21 11:45:00,248.02,248.05,248.01,248.02,3225.0
2025-10-21 11:50:00,248.03,248.03,247.92,247.93,5294.0
2025-10-21 11:55:00,247.98,248.07,247.98,248.03,3159.0
2025-10-21 12:00:00,247.47,248.47,247.47,248.01,61163.0
2025-10-21 12:05:00,247.99,248.04,247.99,248.03,14655.0
2025-10-21 12:10:00,248.05,248.12,248.01,248.01,33842.0
2025-10-21 12:15:00,248.02,248.07,247.97,248.02,16269.0
2025-10-21 12:20:00,247.97,248.07,247.97,248.04,14950.0
2025-10-21 12:25:00,248.05,248.06,247.9,247.91,15728.0
2025-10-21 12:30:00,247.93,247.93,247.76,247.84,37744.0
2025-10-21 12:35:00,247.81,247.89,247.77,247.81,28005.0
2025-10-21 12:40:00,247.81,247.95,247.81,247.94,17866.0
2025-10-21 12:45:00,247.94,247.96,247.86,247.86,13491.0
2025-10-21 12:50:00,247.85,247.85,247.71,247.79,18419.0
2025-10-21 12:55:00,247.79,247.8089,247.67,247.73,28102.0
2025-10-21 13:00:00,247.73,247.75,247.66,247.71,15713.0
2025-10-21 13:05:00,247.67,247.69,247.53,247.53,34283.0
2025-10-21 13:10:00,247.54,247.55,247.3,247.38,53293.0
2025-10-21 13:15:00,247.41,247.42,247.3,247.34,33066.0
2025-10-21 13:20:00,247.32,247.4,247.23,247.36,39926.0
2025-10-21 13:25:00,247.36,247.43,247.25,247.43,7933.0
2025-10-21 13:30:00,247.43,247.46,246.32,246.34,967504.0
2025-10-21 13:35:00,246.36,246.82,246.19,246.48,691895.0
2025-10-21 13:40:00,246.48,246.5,245.92,246.08,577731.0
2025-10-21 13:45:00,246.04,246.17,245.68,246.03,535329.0
2025-10-21 13:50:00,246.01,246.19,245.78,245.88,243882.0
2025-10-21 13:55:00,245.8799,245.89,245.505,245.79,473960.0
2025-10-21 14:00:00,245.78,246.05,245.6,245.85,371933.0
2025-10-21 14:05:00,245.85,246.46,245.76,246.32,447602.0
2025-10-21 14:10:00,246.33,247.0,246.21,247.0,439972.0
2025-10-21 14:15:00,247.01,247.23,246.88,247.1801,370060.0
2025-10-21 14:20:00,247.18,247.44,246.96,247.1,235547.0
2025-10-21 14:25:00,247.09,247.1755,246.49,246.58,307569.0
2025-10-21 14:30:00,246.56,247.13,246.55,247.13,414632.0
2025-10-21 14:35:00,247.12,247.515,247.04,247.32,351822.0
2025-10-21 14:40:00,247.34,247.57,247.185,247.23,233163.0
2025-10-21 14:45:00,247.24,247.62,247.03,247.6,359085.0
2025-10-21 14:50:00,247.61,248.02,247.6068,247.98,367841.0
2025-10-21 14:55:00,247.98,248.24,247.8,248.195,440321.0
2025-10-21 15:00:00,248.195,248.25,247.975,248.15,463309.0
2025-10-21 15:05:00,248.17,248.305,248.13,248.27,311034.0
2025-10-21 15:10:00,248.26,248.365,248.22,248.28,230954.0
2025-10-21 15:15:00,248.28,248.28,247.74,247.9482,523965.0
2025-10-21 15:20:00,247.95,247.98,247.7344,247.79,214518.0
2025-10-21 15:25:00,247.79,247.89,247.66,247.7,365895.0
2025-10-21 15:30:00,247.69,247.88,247.69,247.77,188278.0
2025-10-21 15:35:00,247.75,247.8,247.48,247.66,164340.0
2025-10-21 15:40:00,247.67,247.87,247.6,247.85,145852.0
2025-10-21 15:45:00,247.8548,248.06,247.83,247.96,200536.0
2025-10-21 15:50:00,247.94,248.09,247.91,248.03,217085.0
2025-10-21 15:55:00,248.01,248.01,247.73,247.94,127190.0
2025-10-21 16:00:00,247.94,248.1,247.87,248.07,161726.0
2025-10-22 09:30:00,246.57,246.68,246.57,246.67,14773.0
2025-10-22 09:35:00,246.73,246.77,246.66,246.68,7331.0
2025-10-22 09:40:00,246.64,246.65,246.52,246.52,11274.0
2025-10-22 09:45:00,246.48,246.48,246.39,246.4,11868.0
2025-10-22 09:50:00,246.41,246.52,246.41,246.45,5234.0
2025-10-22 09:55:00,246.47,246.58,246.47,246.54,10709.0
2025-10-22 10:00:00,246.53,246.53,246.44,246.51,10654.0
2025-10-22 10:05:00,246.53,246.53,246.49,246.49,1948.0
2025-10-22 10:15:00,246.55,246.55,246.49,246.49,2587.0
2025-10-22 10:20:00,246.51,246.53,246.49,246.5,9335.0
2025-10-22 10:25:00,246.46,246.46,246.41,246.43,8425.0
2025-10-22 10:30:00,246.45,246.48,246.42,246.43,9628.0
2025-10-22 10:35:00,246.45,246.45,246.39,246.39,2493.0
2025-10-22 10:40:00,246.36,246.49,246.31,246.49,11208.0
2025-10-22 10:45:00,246.47,246.47,246.47,246.47,357.0
2025-10-22 10:50:00,246.45,246.45,246.45,246.45,1171.0
2025-10-22 10:55:00,246.29,246.31,246.23,246.3,12992.0
2025-10-22 11:00:00,246.33,246.33,246.09,246.09,10182.0
2025-10-22 11:05:00,246.0,246.0,245.9,245.91,7641.0
2025-10-22 11:10:00,245.8,246.01,245.67,246.01,13806.0
2025-10-22 11:15:00,245.95,246.05,245.83,246.05,10900.0
2025-10-22 11:20:00,245.93,246.09,245.93,246.09,5859.0
2025-10-22 11:25:00,246.02,246.02,245.94,245.94,7752.0
2025-10-22 11:30:00,245.93,245.93,245.83,245.9,16345.0
2025-10-22 11:35:00,245.79,245.96,245.73,245.96,18493.0
2025-10-22 11:40:00,245.92,245.92,245.7,245.81,13047.0
2025-10-22 11:45:00,245.9,245.9,245.74,245.77,12524.0
2025-10-22 11:50:00,245.82,245.98,245.79,245.98,9228.0
2025-10-22 11:55:00,245.97,245.97,245.67,245.68,7584.0
2025-10-22 12:00:00,245.69,247.42,245.69,246.03,79017.0
2025-10-22 12:05:00,245.97,246.09,245.97,246.06,18725.0
2025-10-22 12:10:00,246.05,246.1,246.01,246.08,17428.0
2025-10-22 12:15:00,246.08,246.2212,246.04,246.19,24552.0
2025-10-22 12:20:00,246.18,246.18,246.0,246.0,14204.0
2025-10-22 12:25:00,246.09,246.11,246.07,246.07,10489.0
2025-10-22 12:30:00,246.06,246.19,245.99,246.11,16074.0
2025-10-22 12:35:00,246.13,246.13,245.97,245.99,12894.0
2025-10-22 12:40:00,246.02,246.09,245.99,246.07,12574.0
2025-10-22 12:45:00,246.07,246.07,246.02,246.04,13427.0
2025-10-22 12:50:00,246.05,246.31,246.05,246.27,42645.0
2025-10-22 12:55:00,246.3,246.3098,246.1,246.13,29069.0
2025-10-22 13:00:00,246.17,246.17,246.1,246.12,22525.0
2025-10-22 13:05:00,246.14,246.25,246.06,246.14,32505.0
2025-10-22 13:10:00,246.14,246.29,246.14,246.22,15356.0
2025-10-22 13:15:00,246.23,246.25,246.13,246.16,17722.0
2025-10-22 13:20:00,246.11,246.14,246.0,246.02,36010.0
2025-10-22 13:25:00,246.06,246.06,245.9,246.01,42773.0
2025-10-22 13:30:00,246.03,246.86,245.945,246.43,987886.0
2025-10-22 13:35:00,246.44,246.68,246.13,246.2,568479.0
2025-10-22 13:40:00,246.18,246.21,245.55,246.12,579435.0
2025-10-22 13:45:00,246.12,246.35,245.68,245.97,474659.0
2025-10-22 13:50:00,245.96,246.19,245.76,246.08,363202.0
2025-10-22 13:55:00,246.1,246.27,245.86,246.14,203665.0
2025-10-22 14:00:00,246.13,246.19,245.65,245.65,516830.0
2025-10-22 14:05:00,245.65,245.75,245.27,245.29,357102.0
2025-10-22 14:10:00,245.28,245.53,245.16,245.3,414688.0
2025-10-22 14:15:00,245.3,246.02,245.17,245.6299,344516.0
2025-10-22 14:20:00,245.63,245.65,244.8499,244.87,503715.0
2025-10-22 14:25:00,244.86,245.08,244.22,244.35,634145.0
2025-10-22 14:30:00,244.35,244.71,244.19,244.405,601239.0
2025-10-22 14:35:00,244.39,244.67,244.05,244.1,559532.0
2025-10-22 14:40:00,244.11,244.41,243.665,243.685,589535.0
2025-10-22 14:45:00,243.7,243.87,243.32,243.71,865586.0
2025-10-22 14:50:00,243.72,243.92,243.33,243.43,506105.0
2025-10-22 14:55:00,243.46,244.38,243.37,244.325,1161215.0
2025-10-22 15:00:00,244.34,244.52,244.0,244.49,576006.0
2025-10-22 15:05:00,244.49,244.58,244.0801,244.35,482980.0
2025-10-22 15:10:00,244.335,244.335,243.91,243.99,353974.0
2025-10-22 15:15:00,243.99,244.09,243.74,243.84,324268.0
2025-10-22 15:20:00,243.84,243.97,243.155,243.565,696089.0
2025-10-22 15:25:00,243.56,243.71,243.235,243.32,1191611.0
2025-10-22 15:30:00,243.33,243.8,243.07,243.45,560376.0
2025-10-22 15:35:00,243.42,243.79,243.32,243.635,540172.0
2025-10-22 15:40:00,243.64,243.93,243.51,243.7699,329324.0
2025-10-22 15:45:00,243.76,244.03,243.72,243.96,308407.0
2025-10-22 15:50:00,243.96,244.14,243.82,244.02,483510.0
2025-10-22 15:55:00,244.02,244.08,243.665,243.7,293908.0
2025-10-22 16:00:00,243.7,243.8,243.19,243.225,288621.0
2025-10-23 09:30:00,244.41,244.59,244.38,244.59,5278.0
2025-10-23 09:35:00,244.58,244.6,244.56,244.56,2950.0
2025-10-23 09:40:00,244.58,244.58,244.43,244.44,8913.0
2025-10-23 09:45:00,244.49,244.49,244.2,244.41,9150.0
2025-10-23 09:50:00,244.45,244.62,244.45,244.62,3326.0
2025-10-23 09:55:00,244.61,244.77,244.61,244.73,7034.0
2025-10-23 10:00:00,244.74,244.76,244.63,244.63,14955.0
2025-10-23 10:05:00,244.69,244.74,244.66,244.72,9652.0
2025-10-23 10:10:00,244.66,244.68,244.66,244.68,2838.0
2025-10-23 10:15:00,244.72,244.82,244.72,244.82,7886.0
2025-10-23 10:20:00,244.82,244.82,244.54,244.74,12649.0
2025-10-23 10:25:00,244.78,244.82,244.74,244.74,5246.0
2025-10-23 10:30:00,244.68,244.7,244.59,244.59,4079.0
2025-10-23 10:35:00,244.68,244.7,244.65,244.7,2457.0
2025-10-23 10:40:00,244.64,244.64,244.62,244.63,2904.0
2025-10-23 10:45:00,244.4,244.5,244.4,244.49,8633.0
2025-10-23 10:50:00,244.5,244.55,244.46,244.46,7852.0
2025-10-23 10:55:00,244.48,244.58,244.48,244.54,6319.0
2025-10-23 11:00:00,244.54,244.54,244.36,244.44,26724.0
2025-10-23 11:05:00,244.29,244.431,244.27,244.39,11307.0
2025-10-23 11:10:00,244.36,244.36,243.89,244.1,42326.0
2025-10-23 11:15:00,244.11,244.27,244.11,244.15,13105.0
2025-10-23 11:20:00,244.23,244.25,244.17,244.21,4873.0
2025-10-23 11:25:00,244.23,244.29,244.23,244.29,7157.0
2025-10-23 11:30:00,244.28,244.29,244.19,244.23,16307.0
2025-10-23 11:35:00,244.35,244.35,244.26,244.29,2372.0
2025-10-23 11:40:00,244.22,244.22,244.02,244.03,17886.0
2025-10-23 11:45:00,243.99,243.99,243.85,243.92,18605.0
2025-10-23 11:50:00,243.97,243.97,243.74,243.88,16245.0
2025-10-23 11:55:00,243.84,243.88,243.75,243.8,7762.0
2025-10-23 12:00:00,243.8,244.85,243.58,243.65,91699.0
2025-10-23 12:05:00,243.63,243.81,243.59,243.69,18654.0
2025-10-23 12:10:00,243.69,243.72,243.47,243.51,22020.0
2025-10-23 12:15:00,243.52,243.67,243.47,243.65,14397.0
2025-10-23 12:20:00,243.52,243.85,243.49,243.81,32005.0
2025-10-23 12:25:00,243.82,244.0409,243.82,244.03,18295.0
2025-10-23 12:30:00,243.97,243.97,243.65,243.75,15323.0
2025-10-23 12:35:00,243.75,243.75,243.5,243.51,115231.0
2025-10-23 12:40:00,243.49,243.79,243.48,243.75,36637.0
2025-10-23 12:45:00,243.75,243.95,243.75,243.93,14770.0
2025-10-23 12:50:00,243.95,244.09,243.94,244.08,22251.0
2025-10-23 12:55:00,244.07,244.25,244.06,244.21,34458.0
2025-10-23 13:00:00,244.19,244.2,244.12,244.12,15849.0
2025-10-23 13:05:00,244.14,244.29,243.91,243.91,66673.0
2025-10-23 13:10:00,243.85,244.2,243.85,244.12,11001.0
2025-10-23 13:15:00,244.1792,244.2,244.12,244.18,10153.0
2025-10-23 13:20:00,244.18,244.43,244.18,244.4,15578.0
2025-10-23 13:25:00,244.4,244.61,244.28,244.28,21742.0
2025-10-23 13:30:00,244.29,244.55,243.86,244.42,844781.0
2025-10-23 13:35:00,244.41,244.9,244.25,244.9,593137.0
2025-10-23 13:40:00,244.88,245.2699,244.68,245.245,393432.0
2025-10-23 13:45:00,245.24,245.43,244.865,245.28,488563.0
2025-10-23 13:50:00,245.29,245.55,245.075,245.37,531174.0
2025-10-23 13:55:00,245.37,245.62,245.27,245.62,463879.0
2025-10-23 14:00:00,245.64,245.77,244.95,245.03,517254.0
2025-10-23 14:05:00,245.04,245.125,244.555,244.74,456077.0
2025-10-23 14:10:00,244.76,244.78,244.165,244.17,395737.0
2025-10-23 14:15:00,244.17,244.28,243.68,243.89,598002.0
2025-10-23 14:20:00,243.89,244.79,243.89,244.76,469146.0
2025-10-23 14:25:00,244.77,244.96,244.47,244.9,298299.0
2025-10-23 14:30:00,244.89,245.19,244.725,245.19,259738.0
2025-10-23 14:35:00,245.1885,245.6,245.11,245.3641,323935.0
2025-10-23 14:40:00,245.36,245.58,245.26,245.435,310432.0
2025-10-23 14:45:00,245.45,245.7,245.15,245.65,469601.0
2025-10-23 14:50:00,245.64,245.66,245.32,245.32,350667.0
2025-10-23 14:55:00,245.31,245.565,245.185,245.56,229001.0
2025-10-23 15:00:00,245.56,245.69,245.315,245.495,521301.0
2025-10-23 15:05:00,245.495,245.595,245.345,245.3899,298075.0
2025-10-23 15:10:00,245.38,245.45,245.155,245.2204,413570.0
2025-10-23 15:15:00,245.24,245.27,244.75,244.95,280413.0
2025-10-23 15:20:00,244.955,244.985,244.64,244.91,327252.0
2025-10-23 15:25:00,244.895,245.17,244.74,245.145,236052.0
2025-10-23 15:30:00,245.16,245.48,245.16,245.225,329351.0
2025-10-23 15:35:00,245.225,245.33,244.955,245.2,193853.0
2025-10-23 15:40:00,245.18,245.23,244.64,244.68,358965.0
2025-10-23 15:45:00,244.7,245.03,244.585,245.01,266450.0
2025-10-23 15:50:00,245.02,245.49,244.945,245.48,210953.0
2025-10-23 15:55:00,245.48,245.63,245.38,245.41,182842.0
2025-10-23 16:00:00,245.41,245.5515,245.26,245.35,157203.0
2025-10-24 09:30:00,247.42,247.43,247.42,247.43,1045.0
2025-10-24 09:35:00,247.48,247.5,247.44,247.45,3649.0
2025-10-24 09:40:00,247.47,247.47,247.41,247.47,4563.0
2025-10-24 09:45:00,247.46,247.48,247.42,247.42,3031.0
2025-10-24 09:50:00,247.39,247.39,247.28,247.29,5062.0
2025-10-24 09:55:00,247.34,247.36,247.26,247.35,5908.0
2025-10-24 10:00:00,247.39,247.4,247.31,247.32,5665.0
2025-10-24 10:05:00,247.33,247.5,247.33,247.48,6776.0
2025-10-24 10:10:00,247.44,247.49,247.44,247.49,3354.0
2025-10-24 10:15:00,247.55,247.59,247.55,247.59,1466.0
2025-10-24 10:20:00,247.55,247.55,247.51,247.52,1216.0
2025-10-24 10:25:00,247.45,247.45,247.45,247.45,590.0
2025-10-24 10:30:00,247.47,247.6,247.47,247.54,3574.0
2025-10-24 10:35:00,247.56,247.57,247.55,247.57,2872.0
2025-10-24 10:40:00,247.48,247.55,247.48,247.48,6490.0
2025-10-24 10:45:00,247.43,247.52,247.4,247.52,6528.0
2025-10-24 10:50:00,247.57,247.59,247.57,247.59,1524.0
2025-10-24 10:55:00,247.57,247.57,247.49,247.49,3898.0
2025-10-24 11:00:00,247.5,247.57,247.46,247.52,15473.0
2025-10-24 11:05:00,247.52,247.56,247.52,247.55,3689.0
2025-10-24 11:10:00,247.55,247.63,247.55,247.63,3613.0
2025-10-24 11:15:00,247.69,247.7,247.6,247.64,7137.0
2025-10-24 11:20:00,247.66,247.66,247.55,247.57,7851.0
2025-10-24 11:25:00,247.56,247.63,247.56,247.63,8543.0
2025-10-24 11:30:00,247.6,247.6,247.6,247.6,280.0
2025-10-24 11:35:00,247.57,247.62,247.57,247.61,9427.0
2025-10-24 11:40:00,247.62,247.72,247.61,247.7,6902.0
2025-10-24 11:45:00,247.75,247.85,247.75,247.85,6809.0
2025-10-24 11:50:00,247.85,247.96,247.85,247.96,13660.0
2025-10-24 11:55:00,247.97,248.04,247.93,247.93,17841.0
2025-10-24 12:00:00,247.49,248.05,247.0,247.96,49353.0
2025-10-24 12:05:00,247.98,248.07,247.9,247.9,20012.0
2025-10-24 12:10:00,247.93,247.93,247.83,247.88,32757.0
2025-10-24 12:15:00,247.86,247.86,247.81,247.81,11583.0
2025-10-24 12:20:00,247.76,247.78,247.7,247.78,19083.0
2025-10-24 12:25:00,247.8,248.09,247.8,248.04,80239.0
2025-10-24 12:30:00,248.6,251.49,247.85,250.21,646544.0
2025-10-24 12:35:00,250.25,250.43,249.85,250.0,85595.0
2025-10-24 12:40:00,250.16,250.17,249.8903,250.15,62139.0
2025-10-24 12:45:00,250.16,250.38,249.94,250.05,57707.0
2025-10-24 12:50:00,249.98,250.19,249.91,249.95,37070.0
2025-10-24 12:55:00,249.98,250.01,249.62,249.81,64570.0
2025-10-24 13:00:00,249.81,249.96,249.78,249.89,51529.0
2025-10-24 13:05:00,249.89,250.15,249.89,250.11,61154.0
2025-10-24 13:10:00,250.11,250.12,249.77,249.81,48222.0
2025-10-24 13:15:00,249.81,249.88,249.7,249.72,36103.0
2025-10-24 13:20:00,249.71,250.0,249.71,249.79,35718.0
2025-10-24 13:25:00,249.83,249.96,249.8,249.82,38149.0
2025-10-24 13:30:00,249.8,249.85,248.97,249.82,1655092.0
2025-10-24 13:35:00,249.82,250.37,249.78,250.16,922212.0
2025-10-24 13:40:00,250.15,250.35,249.68,250.1,692691.0
2025-10-24 13:45:00,250.09,250.44,249.83,250.3,399398.0
2025-10-24 13:50:00,250.29,250.518,249.81,250.17,808070.0
2025-10-24 13:55:00,250.17,250.65,250.16,250.62,317776.0
2025-10-24 14:00:00,250.61,250.87,249.96,250.25,751355.0
2025-10-24 14:05:00,250.24,250.87,250.21,250.87,360088.0
2025-10-24 14:10:00,250.88,251.11,250.79,250.99,513185.0
2025-10-24 14:15:00,250.96,250.96,250.385,250.47,317836.0
2025-10-24 14:20:00,250.48,250.5,250.2,250.45,393061.0
2025-10-24 14:25:00,250.45,250.47,249.8799,249.99,370550.0
2025-10-24 14:30:00,249.98,250.04,249.62,249.97,532870.0
2025-10-24 14:35:00,249.97,249.98,249.6,249.975,320783.0
2025-10-24 14:40:00,249.96,250.37,249.95,250.28,376462.0
2025-10-24 14:45:00,250.27,250.325,249.985,250.08,207558.0
2025-10-24 14:50:00,250.08,250.1,249.6199,249.76,330490.0
2025-10-24 14:55:00,249.75,249.82,249.37,249.82,271185.0
2025-10-24 15:00:00,249.83,250.13,249.795,250.09,244506.0
2025-10-24 15:05:00,250.09,250.42,250.0,250.4,391632.0
2025-10-24 15:10:00,250.38,250.5,250.29,250.4601,208179.0
2025-10-24 15:15:00,250.45,250.57,250.41,250.52,216925.0
2025-10-24 15:20:00,250.54,250.735,250.52,250.65,216438.0
2025-10-24 15:25:00,250.655,250.711,250.55,250.56,150624.0
2025-10-24 15:30:00,250.57,250.61,250.26,250.26,155892.0
2025-10-24 15:35:00,250.24,250.36,250.11,250.26,204670.0
2025-10-24 15:40:00,250.265,250.265,250.05,250.07,205709.0
2025-10-24 15:45:00,250.07,250.22,249.89,250.095,597973.0
2025-10-24 15:50:00,250.1,250.34,250.07,250.25,180976.0
2025-10-24 15:55:00,250.26,250.47,250.16,250.445,186962.0
2025-10-24 16:00:00,250.45,250.665,250.41,250.57,190093.0
2025-10-27 09:30:00,251.91,252.03,251.91,252.02,10989.0
2025-10-27 09:35:00,252.08,252.13,252.08,252.13,2164.0
2025-10-27 09:40:00,252.1,252.12,252.09,252.12,1637.0
2025-10-27 09:45:00,252.16,252.28,252.16,252.26,3127.0
2025-10-27 09:50:00,252.29,252.29,252.21,252.28,5799.0
2025-10-27 09:55:00,252.26,252.26,252.17,252.17,12602.0
2025-10-27 10:00:00,252.05,252.05,252.0,252.0,4709.0
2025-10-27 10:05:00,252.0,252.1,252.0,252.1,3296.0
2025-10-27 10:10:00,252.1,252.1,251.94,252.04,5937.0
2025-10-27 10:15:00,252.05,252.05,251.97,251.97,10464.0
2025-10-27 10:20:00,252.08,252.1,252.08,252.1,4930.0
2025-10-27 10:25:00,252.13,252.18,252.13,252.18,1127.0
2025-10-27 10:30:00,252.23,252.28,252.23,252.28,3901.0
2025-10-27 10:35:00,252.31,252.34,252.26,252.3,27422.0
2025-10-27 10:40:00,252.35,252.39,252.35,252.38,8250.0
2025-10-27 10:45:00,252.4,252.46,252.38,252.45,7558.0
2025-10-27 10:50:00,252.45,252.55,252.45,252.45,22348.0
2025-10-27 10:55:00,252.44,252.46,252.36,252.36,4185.0
2025-10-27 11:00:00,252.35,252.36,252.26,252.32,22917.0
2025-10-27 11:05:00,252.32,252.34,252.23,252.254,10712.0
2025-10-27 11:10:00,252.24,252.3,252.0,252.07,28661.0
2025-10-27 11:15:00,252.08,252.12,252.02,252.08,8841.0
2025-10-27 11:20:00,252.07,252.08,252.03,252.08,10133.0
2025-10-27 11:25:00,252.08,252.11,252.08,252.09,6473.0
2025-10-27 11:30:00,252.06,252.08,251.94,251.94,10253.0
2025-10-27 11:35:00,251.88,251.92,251.85,251.92,11490.0
2025-10-27 11:40:00,251.99,251.99,251.93,251.94,17517.0
2025-10-27 11:45:00,251.95,251.96,251.87,251.87,5437.0
2025-10-27 11:50:00,251.86,251.88,251.85,251.88,5394.0
2025-10-27 11:55:00,251.86,251.86,251.79,251.79,4791.0
2025-10-27 12:00:00,252.31,252.55,251.6,251.8315,81966.0
2025-10-27 12:05:00,251.8297,251.8718,251.76,251.85,9210.0
2025-10-27 12:10:00,251.894,252.1,251.88,252.1,17059.0
2025-10-27 12:15:00,252.01,252.02,251.9,252.01,16408.0
2025-10-27 12:20:00,252.0,252.07,251.98,252.02,14484.0
2025-10-27 12:25:00,251.98,252.0,251.92,251.99,2283.0
2025-10-27 12:30:00,251.9,251.91,251.9,251.91,575.0
2025-10-27 12:35:00,252.0,252.0,251.9,251.9,2907.0
2025-10-27 12:40:00,251.86,251.86,251.76,251.83,4739.0
2025-10-27 12:45:00,251.83,251.95,251.83,251.95,31439.0
2025-10-27 12:50:00,251.99,252.06,251.9601,251.99,24997.0
2025-10-27 12:55:00,252.03,252.06,251.89,251.89,48164.0
2025-10-27 13:00:00,251.88,252.02,251.8,252.02,17880.0
2025-10-27 13:05:00,252.02,252.07,251.94,252.05,22666.0
2025-10-27 13:10:00,252.06,252.12,251.93,251.93,46187.0
2025-10-27 13:15:00,251.94,251.98,251.9,251.9,37337.0
2025-10-27 13:20:00,251.89,251.97,251.87,251.91,20849.0
2025-10-27 13:25:00,251.88,252.07,251.75,251.75,42966.0
2025-10-27 13:30:00,251.78,251.79,250.6414,251.41,1481295.0
2025-10-27 13:35:00,251.4,252.21,251.24,252.12,747225.0
2025-10-27 13:40:00,252.1,252.1,251.39,251.77,622280.0
2025-10-27 13:45:00,251.74,251.84,251.42,251.52,444577.0
2025-10-27 13:50:00,251.52,251.92,251.42,251.849,411139.0
2025-10-27 13:55:00,251.85,251.92,251.58,251.82,361763.0
2025-10-27 14:00:00,251.82,251.87,251.37,251.45,436932.0
2025-10-27 14:05:00,251.45,251.84,251.45,251.69,286837.0
2025-10-27 14:10:00,251.68,251.71,251.25,251.38,304140.0
2025-10-27 14:15:00,251.39,251.52,250.92,250.925,332576.0
2025-10-27 14:20:00,250.925,251.17,250.88,251.065,490039.0
2025-10-27 14:25:00,251.07,251.15,250.87,250.99,486413.0
2025-10-27 14:30:00,250.96,251.0,250.67,250.78,410955.0
2025-10-27 14:35:00,250.785,251.01,250.66,250.71,571087.0
2025-10-27 14:40:00,250.72,250.75,250.49,250.615,374751.0
2025-10-27 14:45:00,250.6,250.635,250.23,250.36,427909.0
2025-10-27 14:50:00,250.35,250.42,250.18,250.27,295334.0
2025-10-27 14:55:00,250.26,250.47,250.1602,250.23,363992.0
2025-10-27 15:00:00,250.23,250.39,250.1,250.2799,369602.0
2025-10-27 15:05:00,250.26,250.3,249.995,250.0701,424339.0
2025-10-27 15:10:00,250.07,250.25,250.0499,250.24,336546.0
2025-10-27 15:15:00,250.23,250.26,250.0,250.14,269111.0
2025-10-27 15:20:00,250.14,250.19,249.92,250.15,268825.0
2025-10-27 15:25:00,250.1499,250.585,250.145,250.515,325245.0
2025-10-27 15:30:00,250.52,250.73,250.48,250.73,222360.0
2025-10-27 15:35:00,250.72,250.79,250.615,250.7658,267305.0
2025-10-27 15:40:00,250.77,250.8,250.5117,250.515,390642.0
2025-10-27 15:45:00,250.515,250.525,250.265,250.305,415165.0
2025-10-27 15:50:00,250.305,250.305,250.055,250.055,356341.0
2025-10-27 15:55:00,250.06,250.295,250.05,250.215,358925.0
2025-10-27 16:00:00,250.22,250.24,250.0201,250.095,435029.0
2025-10-28 09:30:00,249.37,249.37,249.3,249.3,1416.0
2025-10-28 09:40:00,249.33,249.39,249.33,249.39,2803.0
2025-10-28 09:45:00,249.44,249.44,249.43,249.43,2521.0
2025-10-28 09:50:00,249.48,249.48,249.48,249.48,1015.0
2025-10-28 09:55:00,249.49,249.52,249.47,249.51,32557.0
2025-10-28 10:00:00,249.43,249.49,249.43,249.45,7516.0
2025-10-28 10:05:00,249.42,249.43,249.33,249.39,10824.0
2025-10-28 10:10:00,249.34,249.39,249.34,249.39,3801.0
2025-10-28 10:15:00,249.43,249.47,249.43,249.47,3443.0
2025-10-28 10:20:00,249.45,249.47,249.39,249.47,7355.0
2025-10-28 10:25:00,249.51,249.53,249.48,249.53,5080.0
2025-10-28 10:30:00,249.49,249.49,249.48,249.48,2506.0
2025-10-28 10:35:00,249.36,249.4,249.36,249.4,750.0
2025-10-28 10:40:00,249.39,249.39,249.38,249.38,1789.0
2025-10-28 10:45:00,249.35,249.36,249.29,249.29,4143.0
2025-10-28 10:50:00,249.34,249.34,249.25,249.25,3362.0
2025-10-28 10:55:00,249.28,249.41,249.28,249.41,13229.0
2025-10-28 11:00:00,249.44,249.53,249.41,249.42,16576.0
2025-10-28 11:05:00,249.43,249.49,249.35,249.49,25236.0
2025-10-28 11:10:00,249.47,249.56,249.46,249.52,4338.0
2025-10-28 11:15:00,249.5,249.57,249.42,249.53,17769.0
2025-10-28 11:20:00,249.54,249.62,249.54,249.61,5133.0
2025-10-28 11:25:00,249.6,249.6,249.57,249.57,4315.0
2025-10-28 11:30:00,249.56,249.6,249.54,249.6,4783.0
2025-10-28 11:35:00,249.61,249.62,249.55,249.55,3115.0
2025-10-28 11:40:00,249.5,249.5,249.43,249.47,4860.0
2025-10-28 11:45:00,249.46,249.46,249.46,249.46,2222.0
2025-10-28 11:50:00,249.58,249.65,249.53,249.65,5446.0
2025-10-28 11:55:00,249.64,249.74,249.64,249.74,7771.0
2025-10-28 12:00:00,249.45,249.83,249.3496,249.53,34663.0
2025-10-28 12:05:00,249.63,249.69,249.63,249.66,5590.0
2025-10-28 12:10:00,249.73,249.91,249.73,249.85,32049.0
2025-10-28 12:15:00,249.81,249.89,249.79,249.89,18402.0
2025-10-28 12:20:00,249.93,249.93,249.81,249.82,16069.0
2025-10-28 12:25:00,249.82,249.86,249.78,249.79,15428.0
2025-10-28 12:30:00,249.72,249.83,249.72,249.72,18600.0
2025-10-28 12:35:00,249.84,249.85,249.7,249.72,16168.0
2025-10-28 12:40:00,249.68,249.77,249.68,249.71,10008.0
2025-10-28 12:45:00,249.74,249.76,249.6792,249.6792,6494.0
2025-10-28 12:50:00,249.64,249.64,249.53,249.59,31862.0
2025-10-28 12:55:00,249.5901,249.71,249.5901,249.69,11513.0
2025-10-28 13:00:00,249.76,249.81,249.66,249.69,31367.0
2025-10-28 13:05:00,249.67,249.88,249.67,249.84,27806.0
2025-10-28 13:10:00,249.87,250.01,249.86,249.92,60705.0
2025-10-28 13:15:00,249.91,249.93,249.64,249.64,20496.0
2025-10-28 13:20:00,249.71,249.71,249.49,249.5,18903.0
2025-10-28 13:25:00,249.53,249.57,249.44,249.55,10828.0
2025-10-28 13:30:00,249.55,249.58,248.66,248.9569,1146357.0
2025-10-28 13:35:00,248.96,249.25,248.85,248.96,727030.0
2025-10-28 13:40:00,248.95,249.07,248.445,248.63,620629.0
2025-10-28 13:45:00,248.62,248.795,248.17,248.57,1098328.0
2025-10-28 13:50:00,248.57,248.575,248.11,248.44,377462.0
2025-10-28 13:55:00,248.45,248.76,248.19,248.75,515830.0
2025-10-28 14:00:00,248.7464,249.0,248.57,248.9399,407852.0
2025-10-28 14:05:00,248.94,249.0,248.51,248.69,273287.0
2025-10-28 14:10:00,248.66,249.04,248.615,248.98,238587.0
2025-10-28 14:15:00,249.02,249.39,249.0,249.265,281531.0
2025-10-28 14:20:00,249.28,249.7789,249.28,249.69,304106.0
2025-10-28 14:25:00,249.6801,249.93,249.53,249.83,390443.0
2025-10-28 14:30:00,249.835,250.0299,249.8043,250.02,372559.0
2025-10-28 14:35:00,250.02,250.23,250.0,250.02,217332.0
2025-10-28 14:40:00,250.02,250.0252,249.71,249.97,269880.0
2025-10-28 14:45:00,249.96,250.07,249.78,249.95,201355.0
2025-10-28 14:50:00,249.95,250.17,249.73,249.75,157608.0
2025-10-28 14:55:00,249.74,249.85,249.64,249.8075,220594.0
2025-10-28 15:00:00,249.8,249.94,249.73,249.86,163277.0
2025-10-28 15:05:00,249.86,250.05,249.8,250.05,115924.0
2025-10-28 15:10:00,250.05,250.07,249.6701,249.74,186698.0
2025-10-28 15:15:00,249.73,249.99,249.73,249.82,149614.0
2025-10-28 15:20:00,249.82,249.82,249.55,249.58,188422.0
2025-10-28 15:25:00,249.58,249.7,249.4306,249.64,187336.0
2025-10-28 15:30:00,249.63,249.7,249.3201,249.33,211825.0
2025-10-28 15:35:00,249.32,249.42,249.16,249.355,288619.0
2025-10-28 15:40:00,249.36,249.37,249.085,249.24,321118.0
2025-10-28 15:45:00,249.25,249.5051,249.215,249.45,279131.0
2025-10-28 15:50:00,249.46,249.74,249.455,249.7,159821.0
2025-10-28 15:55:00,249.7,249.7,249.53,249.58,94438.0
2025-10-28 16:00:00,249.58,249.7,249.5501,249.66,94611.0
2025-10-29 09:30:00,248.44,248.46,248.41,248.41,5232.0
2025-10-29 09:35:00,248.44,248.52,248.44,248.52,3337.0
2025-10-29 09:40:00,248.55,248.7,248.55,248.65,9099.0
2025-10-29 09:45:00,248.66,248.7,248.65,248.7,10188.0
2025-10-29 09:50:00,248.78,248.84,248.73,248.81,8896.0
2025-10-29 09:55:00,248.79,248.84,248.76,248.84,4216.0
2025-10-29 10:00:00,248.84,248.84,248.77,248.8,4096.0
2025-10-29 10:05:00,248.8,248.86,248.74,248.86,11045.0
2025-10-29 10:10:00,248.84,248.84,248.75,248.75,7630.0
2025-10-29 10:15:00,248.78,248.78,248.75,248.75,2845.0
2025-10-29 10:20:00,248.86,249.01,248.86,248.99,9035.0
2025-10-29 10:25:00,248.99,249.0,248.99,249.0,2852.0
2025-10-29 10:30:00,248.95,249.01,248.9,248.92,21005.0
2025-10-29 10:35:00,248.94,249.02,248.94,249.02,21008.0
2025-10-29 10:40:00,249.01,249.11,249.0,249.11,10338.0
2025-10-29 10:45:00,249.14,249.16,249.1,249.13,11503.0
2025-10-29 10:50:00,249.14,249.25,249.14,249.23,7785.0
2025-10-29 10:55:00,249.26,249.29,249.1,249.1,8754.0
2025-10-29 11:00:00,249.08,249.13,249.06,249.1,20542.0
2025-10-29 11:05:00,249.22,249.25,249.22,249.22,3250.0
2025-10-29 11:10:00,249.25,249.35,249.23,249.31,5927.0
2025-10-29 11:15:00,249.29,249.32,249.24,249.28,3434.0
2025-10-29 11:20:00,249.28,249.33,249.26,249.26,3294.0
2025-10-29 11:25:00,249.23,249.25,249.21,249.21,6597.0
2025-10-29 11:30:00,249.2,249.35,249.18,249.35,28559.0
2025-10-29 11:35:00,249.35,249.36,249.33,249.33,13462.0
2025-10-29 11:40:00,249.3,249.3,249.25,249.25,9328.0
2025-10-29 11:45:00,249.2,249.23,249.2,249.2,9307.0
2025-10-29 11:55:00,249.11,249.11,248.99,248.99,11915.0
2025-10-29 12:00:00,248.92,249.35,248.63,248.98,53901.0
2025-10-29 12:05:00,249.01,249.13,249.01,249.13,2806.0
2025-10-29 12:10:00,249.13,249.14,249.09,249.0992,8283.0
2025-10-29 12:15:00,249.13,249.16,249.06,249.06,6307.0
2025-10-29 12:20:00,248.92,248.9799,248.89,248.89,20908.0
2025-10-29 12:25:00,248.9,248.9,248.79,248.79,20067.0
2025-10-29 12:30:00,248.85,248.85,248.68,248.68,22003.0
2025-10-29 12:35:00,248.68,248.7,248.65,248.65,13935.0
2025-10-29 12:40:00,248.7,248.79,248.67,248.75,10969.0
2025-10-29 12:45:00,248.79,248.86,248.77,248.85,11518.0
2025-10-29 12:50:00,248.85,248.87,248.79,248.86,12872.0
2025-10-29 12:55:00,248.87,248.88,248.84,248.88,17041.0
2025-10-29 13:00:00,248.83,248.88,248.79,248.86,9864.0
2025-10-29 13:05:00,248.92,249.11,248.91,249.02,36854.0
2025-10-29 13:10:00,249.0,249.051,248.97,249.05,11434.0
2025-10-29 13:15:00,249.05,249.15,249.01,249.1,25072.0
2025-10-29 13:20:00,249.08,249.11,248.93,248.93,27061.0
2025-10-29 13:25:00,248.95,248.95,248.74,248.8,28647.0
2025-10-29 13:30:00,248.84,248.85,248.08,248.245,1452419.0
2025-10-29 13:35:00,248.24,248.41,247.925,248.01,1399289.0
2025-10-29 13:40:00,248.02,248.67,247.845,248.65,1304935.0
2025-10-29 13:45:00,248.65,248.785,248.35,248.47,884910.0
2025-10-29 13:50:00,248.47,249.23,248.33,249.165,737276.0
2025-10-29 13:55:00,249.15,249.305,248.87,248.91,465929.0
2025-10-29 14:00:00,248.92,248.99,248.585,248.93,358164.0
2025-10-29 14:05:00,248.9,249.16,248.59,249.115,331773.0
2025-10-29 14:10:00,249.11,249.2,248.84,248.905,410925.0
2025-10-29 14:15:00,248.91,249.015,248.69,248.94,230374.0
2025-10-29 14:20:00,248.92,249.19,248.77,249.03,278704.0
2025-10-29 14:25:00,249.03,249.07,248.73,248.9601,346274.0
2025-10-29 14:30:00,248.96,248.975,248.55,248.62,478055.0
2025-10-29 14:35:00,248.63,248.83,248.5,248.825,284660.0
2025-10-29 14:40:00,248.815,249.01,248.72,248.87,323407.0
2025-10-29 14:45:00,248.86,249.125,248.785,248.9,225977.0
2025-10-29 14:50:00,248.91,249.28,248.71,249.27,366199.0
2025-10-29 14:55:00,249.28,249.6,249.1799,249.59,328973.0
2025-10-29 15:00:00,249.59,249.995,249.58,249.76,505165.0
2025-10-29 15:05:00,249.765,250.415,249.76,250.35,596159.0
2025-10-29 15:10:00,250.33,250.525,250.2,250.34,776966.0
2025-10-29 15:15:00,250.33,250.545,250.235,250.51,347998.0
2025-10-29 15:20:00,250.52,250.82,250.28,250.815,556222.0
2025-10-29 15:25:00,250.82,250.875,250.47,250.5,341382.0
2025-10-29 15:30:00,250.51,250.595,250.41,250.515,255737.0
2025-10-29 15:35:00,250.52,250.65,250.425,250.575,309710.0
2025-10-29 15:40:00,250.575,250.77,250.48,250.76,212688.0
2025-10-29 15:45:00,250.76,250.9,250.6103,250.79,279879.0
2025-10-29 15:50:00,250.8015,250.8756,250.66,250.835,182677.0
2025-10-29 15:55:00,250.835,250.85,250.58,250.64,209907.0
2025-10-29 16:00:00,250.64,250.64,250.37,250.395,337289.0
2025-10-30 09:30:00,247.3,247.34,247.27,247.28,8041.0
2025-10-30 09:35:00,247.25,247.25,247.06,247.09,11650.0
2025-10-30 09:40:00,247.01,247.01,246.91,246.99,4104.0
2025-10-30 09:45:00,246.93,246.97,246.78,246.79,22158.0
2025-10-30 09:50:00,246.78,246.87,246.78,246.87,7686.0
2025-10-30 09:55:00,246.87,246.99,246.87,246.89,12486.0
2025-10-30 10:00:00,246.91,246.99,246.81,246.99,13346.0
2025-10-30 10:05:00,246.98,247.08,246.95,247.04,4818.0
2025-10-30 10:10:00,247.02,247.08,247.01,247.01,9738.0
2025-10-30 10:15:00,247.0,247.05,246.88,246.92,9630.0
2025-10-30 10:20:00,246.99,246.99,246.88,246.9,10479.0
2025-10-30 10:25:00,246.91,246.93,246.88,246.93,3735.0
2025-10-30 10:30:00,246.9,246.96,246.79,246.79,14470.0
2025-10-30 10:35:00,246.86,246.87,246.76,246.76,4807.0
2025-10-30 10:40:00,246.71,246.83,246.67,246.82,14593.0
2025-10-30 10:45:00,246.81,246.96,246.81,246.89,29498.0
2025-10-30 10:50:00,246.96,247.15,246.96,247.03,7448.0
2025-10-30 10:55:00,247.04,247.05,246.93,246.93,13098.0
2025-10-30 11:00:00,246.92,246.98,246.86,246.86,25863.0
2025-10-30 11:05:00,246.88,246.94,246.81,246.82,13041.0
2025-10-30 11:10:00,246.85,247.0,246.85,247.0,11401.0
2025-10-30 11:15:00,247.05,247.3,247.03,247.255,23685.0
2025-10-30 11:20:00,247.27,247.41,247.26,247.36,27354.0
2025-10-30 11:25:00,247.37,247.43,247.3,247.36,10938.0
2025-10-30 11:30:00,247.37,247.43,247.25,247.43,26328.0
2025-10-30 11:35:00,247.53,247.61,247.53,247.57,20037.0
2025-10-30 11:40:00,247.56,247.73,247.54,247.59,42928.0
2025-10-30 11:45:00,247.48,247.48,247.25,247.29,12746.0
2025-10-30 11:50:00,247.19,247.19,246.89,246.94,14164.0
2025-10-30 11:55:00,246.89,247.07,246.89,246.95,19477.0
2025-10-30 12:00:00,246.93,248.6,246.79,246.87,61670.0
2025-10-30 12:05:00,246.92,247.03,246.66,246.74,29259.0
2025-10-30 12:10:00,246.8,246.9,246.446,246.48,42253.0
2025-10-30 12:15:00,246.45,246.49,246.2,246.45,73166.0
2025-10-30 12:20:00,246.45,246.56,246.18,246.29,24628.0
2025-10-30 12:25:00,246.12,246.26,245.75,245.82,39553.0
2025-10-30 12:30:00,245.74,246.06,245.7,246.06,37597.0
2025-10-30 12:35:00,246.11,246.14,245.79,245.86,36644.0
2025-10-30 12:40:00,245.87,245.92,245.63,245.66,105130.0
2025-10-30 12:45:00,245.66,245.81,245.57,245.71,107176.0
2025-10-30 12:50:00,245.69,245.69,245.46,245.51,45337.0
2025-10-30 12:55:00,245.49,245.59,245.04,245.1,70116.0
2025-10-30 13:00:00,245.18,245.21,244.91,244.91,62314.0
2025-10-30 13:05:00,244.9,245.23,244.9,245.12,62699.0
2025-10-30 13:10:00,245.1,245.3,245.03,245.22,85215.0
2025-10-30 13:15:00,245.18,245.19,244.78,244.95,130996.0
2025-10-30 13:20:00,244.95,245.2,244.94,245.19,53480.0
2025-10-30 13:25:00,245.2,245.33,244.8,245.28,117903.0
2025-10-30 13:30:00,245.27,245.71,244.86,245.6,1813386.0
2025-10-30 13:35:00,245.62,246.16,245.022,246.11,1092033.0
2025-10-30 13:40:00,246.1,247.08,245.7,247.04,936745.0
2025-10-30 13:45:00,247.03,247.9,246.9068,247.515,960888.0
2025-10-30 13:50:00,247.5,248.14,247.4,247.87,851857.0
2025-10-30 13:55:00,247.88,247.89,247.13,247.27,896645.0
2025-10-30 14:00:00,247.28,247.51,246.64,246.73,988161.0
2025-10-30 14:05:00,246.7,247.38,246.7,247.025,779639.0
2025-10-30 14:10:00,247.055,247.56,246.64,247.15,847258.0
2025-10-30 14:15:00,247.15,247.22,246.76,246.85,572436.0
2025-10-30 14:20:00,246.84,247.27,246.71,247.04,640360.0
2025-10-30 14:25:00,247.02,247.19,246.75,246.9,441882.0
2025-10-30 14:30:00,246.9,247.56,246.9,247.54,504411.0
2025-10-30 14:35:00,247.53,247.85,247.25,247.29,571542.0
2025-10-30 14:40:00,247.3,247.96,247.3,247.62,773416.0
2025-10-30 14:45:00,247.62,247.79,247.095,247.28,470873.0
2025-10-30 14:50:00,247.29,247.29,246.63,246.995,483259.0
2025-10-30 14:55:00,246.98,247.585,246.85,247.46,989138.0
2025-10-30 15:00:00,247.46,247.97,247.46,247.87,387767.0
2025-10-30 15:05:00,247.85,247.87,247.49,247.6548,465021.0
2025-10-30 15:10:00,247.655,247.82,247.48,247.48,274077.0
2025-10-30 15:15:00,247.475,247.81,247.4,247.81,267775.0
2025-10-30 15:20:00,247.815,247.94,247.69,247.82,294729.0
2025-10-30 15:25:00,247.82,247.98,247.68,247.86,258452.0
2025-10-30 15:30:00,247.865,247.91,247.65,247.74,296362.0
2025-10-30 15:35:00,247.75,247.78,247.31,247.37,222435.0
2025-10-30 15:40:00,247.37,247.5,247.13,247.38,220251.0
2025-10-30 15:45:00,247.37,247.46,246.935,247.145,289724.0
2025-10-30 15:50:00,247.1452,247.27,247.0,247.18,238083.0
2025-10-30 15:55:00,247.16,247.3,246.935,246.97,378380.0
2025-10-30 16:00:00,246.96,247.06,246.725,247.025,294393.0
2025-10-31 09:35:00,244.73,244.73,244.67,244.67,350.0
2025-10-31 09:40:00,244.69,244.69,244.65,244.65,1484.0
2025-10-31 09:45:00,244.71,244.74,244.71,244.74,821.0
2025-10-31 09:50:00,244.73,244.77,244.73,244.75,1440.0
2025-10-31 09:55:00,244.73,244.75,244.72,244.75,2530.0
2025-10-31 10:00:00,244.72,244.72,244.67,244.67,1121.0
2025-10-31 10:05:00,244.64,244.64,244.55,244.56,2697.0
2025-10-31 10:10:00,244.58,244.6,244.55,244.55,2245.0
2025-10-31 10:15:00,244.51,244.51,244.38,244.41,4870.0
2025-10-31 10:20:00,244.39,244.51,244.39,244.5,1693.0
2025-10-31 10:25:00,244.47,244.47,244.41,244.41,1118.0
2025-10-31 10:30:00,244.48,244.55,244.48,244.49,3986.0
2025-10-31 10:35:00,244.49,244.5,244.49,244.5,4258.0
2025-10-31 10:40:00,244.54,244.55,244.54,244.55,2470.0
2025-10-31 10:45:00,244.56,244.6,244.56,244.6,1891.0
2025-10-31 10:50:00,244.6,244.67,244.6,244.67,5439.0
2025-10-31 10:55:00,244.57,244.57,244.48,244.48,3268.0
2025-10-31 11:00:00,244.5,244.53,244.37,244.45,17001.0
2025-10-31 11:05:00,244.48,244.6,244.48,244.55,4296.0
2025-10-31 11:10:00,244.57,244.58,244.5,244.5,4656.0
2025-10-31 11:15:00,244.51,244.52,244.45,244.45,6975.0
2025-10-31 11:20:00,244.47,244.63,244.47,244.63,3533.0
2025-10-31 11:25:00,244.63,244.67,244.58,244.67,25877.0
2025-10-31 11:30:00,244.61,244.61,244.44,244.44,2637.0
2025-10-31 11:35:00,244.52,244.55,244.52,244.55,8416.0
2025-10-31 11:40:00,244.69,244.74,244.66,244.72,10367.0
2025-10-31 11:45:00,244.74,244.94,244.74,244.94,59943.0
2025-10-31 11:50:00,245.0,245.08,244.93,244.93,48157.0
2025-10-31 11:55:00,244.82,244.97,244.8,244.97,35022.0
2025-10-31 12:00:00,244.4991,245.05,244.34,244.98,53494.0
2025-10-31 12:05:00,245.0,245.06,244.92,245.05,39527.0
2025-10-31 12:10:00,245.03,245.22,245.03,245.21,32646.0
2025-10-31 12:15:00,245.22,245.48,245.2,245.42,65251.0
2025-10-31 12:20:00,245.4,245.51,245.32,245.5,27430.0
2025-10-31 12:25:00,245.42,245.45,245.23,245.29,25657.0
2025-10-31 12:30:00,245.29,245.3,245.11,245.16,24213.0
2025-10-31 12:35:00,245.15,245.16,244.88,244.99,84879.0
2025-10-31 12:40:00,244.94,244.94,244.72,244.84,60052.0
2025-10-31 12:45:00,244.85,244.91,244.74,244.86,32342.0
2025-10-31 12:50:00,244.86,245.08,244.86,245.08,28632.0
2025-10-31 12:55:00,245.07,245.08,244.9,244.97,44224.0
2025-10-31 13:00:00,244.93,245.07,244.91,245.01,38534.0
2025-10-31 13:05:00,244.98,244.98,244.78,244.83,32576.0
2025-10-31 13:10:00,244.82,244.9,244.8,244.9,31263.0
2025-10-31 13:15:00,244.86,244.88,244.79,244.86,15718.0
2025-10-31 13:20:00,244.87,244.87,244.66,244.68,29320.0
2025-10-31 13:25:00,244.74,245.01,244.64,244.99,99249.0
2025-10-31 13:30:00,244.99,245.02,243.7,244.59,1551167.0
2025-10-31 13:35:00,244.59,245.11,244.41,244.68,996370.0
2025-10-31 13:40:00,244.7,244.7,244.1,244.32,491546.0
2025-10-31 13:45:00,244.32,245.065,244.2,245.02,477419.0
2025-10-31 13:50:00,245.03,245.82,245.01,245.78,629083.0
2025-10-31 13:55:00,245.79,246.015,245.5701,246.0,692121.0
2025-10-31 14:00:00,246.005,246.08,245.3,245.41,637748.0
2025-10-31 14:05:00,245.41,245.99,245.27,245.67,508985.0
2025-10-31 14:10:00,245.675,245.88,245.415,245.88,616946.0
2025-10-31 14:15:00,245.88,246.3,245.87,246.26,439891.0
2025-10-31 14:20:00,246.265,246.28,245.39,246.07,538708.0
2025-10-31 14:25:00,246.06,246.22,245.79,245.86,320255.0
2025-10-31 14:30:00,245.85,246.1999,245.75,246.03,508293.0
2025-10-31 14:35:00,246.04,246.18,245.925,245.93,408509.0
2025-10-31 14:40:00,245.92,246.37,245.75,246.37,349157.0
2025-10-31 14:45:00,246.36,246.445,246.095,246.1,469777.0
2025-10-31 14:50:00,246.095,246.44,245.985,246.4,321021.0
2025-10-31 14:55:00,246.41,246.415,246.2,246.33,226147.0
2025-10-31 15:00:00,246.34,246.355,246.05,246.185,272364.0
2025-10-31 15:05:00,246.175,246.28,245.73,245.93,292793.0
2025-10-31 15:10:00,245.93,246.12,245.85,246.09,276260.0
2025-10-31 15:15:00,246.1,246.335,246.03,246.31,265498.0
2025-10-31 15:20:00,246.31,246.46,246.2,246.23,173053.0
2025-10-31 15:25:00,246.22,246.22,245.85,245.97,316888.0
2025-10-31 15:30:00,245.98,246.17,245.87,246.1,212782.0
2025-10-31 15:35:00,246.1,246.115,245.49,245.58,285892.0
2025-10-31 15:40:00,245.59,245.75,245.165,245.735,473519.0
2025-10-31 15:45:00,245.74,246.19,245.41,245.57,900663.0
2025-10-31 15:50:00,245.57,245.71,245.4,245.4452,257326.0
2025-10-31 15:55:00,245.44,245.47,245.12,245.12,289535.0
2025-10-31 16:00:00,245.12,245.16,244.94,245.1,299415.0
