timestamp,Open,High,Low,Close,Volume
2025-05-06 09:30:00,480.98,480.98,480.7,480.92,4826.0
2025-05-06 09:35:00,480.92,480.96,480.62,480.62,2656.0
2025-05-06 09:40:00,480.49,480.6,480.47,480.52,2706.0
2025-05-06 09:45:00,480.52,480.52,480.3,480.43,4932.0
2025-05-06 09:50:00,480.31,480.92,480.31,480.89,7589.0
2025-05-06 09:55:00,480.98,481.29,480.98,481.29,10927.0
2025-05-06 10:00:00,481.16,481.29,481.07,481.17,3535.0
2025-05-06 10:05:00,481.15,481.31,481.13,481.19,6585.0
2025-05-06 10:10:00,480.95,481.19,480.95,481.19,1970.0
2025-05-06 10:15:00,481.24,481.4,481.23,481.3,8259.0
2025-05-06 10:20:00,481.23,481.32,481.16,481.32,12138.0
2025-05-06 10:25:00,481.37,481.37,481.25,481.25,1039.0
2025-05-06 10:30:00,481.26,481.49,481.25,481.49,4268.0
2025-05-06 10:35:00,481.47,481.89,481.47,481.81,19752.0
2025-05-06 10:40:00,481.76,481.76,481.44,481.44,8732.0
2025-05-06 10:45:00,481.56,481.68,481.42,481.57,6525.0
2025-05-06 10:50:00,481.68,481.72,481.35,481.52,9497.0
2025-05-06 10:55:00,481.47,481.81,481.47,481.81,5002.0
2025-05-06 11:00:00,481.84,482.14,481.84,482.1,21504.0
2025-05-06 11:05:00,482.19,482.2,482.1,482.1,6887.0
2025-05-06 11:10:00,482.09,482.15,481.82,481.82,5942.0
2025-05-06 11:15:00,481.79,481.79,481.57,481.58,10449.0
2025-05-06 11:20:00,481.59,481.67,480.85,480.85,36279.0
2025-05-06 11:25:00,480.89,481.07,480.55,480.8,36132.0
2025-05-06 11:30:00,480.84,480.96,480.59,480.9,22093.0
2025-05-06 11:35:00,480.98,481.5,480.98,481.37,9170.0
2025-05-06 11:40:00,481.31,481.35,480.95,481.24,11254.0
2025-05-06 11:45:00,481.07,481.07,480.68,480.68,13671.0
2025-05-06 11:50:00,480.62,480.8,479.87,480.1,45001.0
2025-05-06 11:55:00,480.2,480.69,480.07,480.62,33226.0
2025-05-06 12:00:00,482.15,484.23,479.9296,480.88,111774.0
2025-05-06 12:05:00,480.89,480.93,480.69,480.69,7756.0
2025-05-06 12:10:00,480.81,480.85,480.35,480.74,12483.0
2025-05-06 12:15:00,480.84,480.89,480.54,480.71,28599.0
2025-05-06 12:20:00,480.71,480.76,480.5,480.5,17137.0
2025-05-06 12:25:00,480.46,480.52,480.25,480.32,17302.0
2025-05-06 12:30:00,480.3795,480.38,479.88,480.0,43008.0
2025-05-06 12:35:00,479.94,480.16,479.83,479.94,38632.0
2025-05-06 12:40:00,479.92,480.03,479.78,479.83,55338.0
2025-05-06 12:45:00,479.83,480.42,479.77,480.4,31644.0
2025-05-06 12:50:00,480.43,480.53,480.31,480.43,29354.0
2025-05-06 12:55:00,480.45,480.78,480.45,480.61,37127.0
2025-05-06 13:00:00,480.63,480.7,480.32,480.35,41739.0
2025-05-06 13:05:00,480.36,480.36,479.95,480.02,26452.0
2025-05-06 13:10:00,479.9799,480.01,479.8,479.82,32160.0
2025-05-06 13:15:00,479.8,480.0,479.53,480.0,39606.0
2025-05-06 13:20:00,479.99,479.99,479.55,479.55,59994.0
2025-05-06 13:25:00,479.65,479.65,479.25,479.53,66287.0
2025-05-06 13:30:00,479.56,480.72,479.16,480.5388,1118731.0
2025-05-06 13:35:00,480.52,481.19,480.14,481.1762,605523.0
2025-05-06 13:40:00,481.14,481.18,480.58,480.7712,592897.0
2025-05-06 13:45:00,480.8,481.11,479.5822,479.6399,770136.0
2025-05-06 13:50:00,479.62,479.64,478.41,478.52,742411.0
2025-05-06 13:55:00,478.54,479.26,478.4,478.6109,601798.0
2025-05-06 14:00:00,478.66,480.0,478.19,479.4699,588978.0
2025-05-06 14:05:00,479.48,480.27,479.27,480.15,413990.0
2025-05-06 14:10:00,480.15,480.72,479.98,480.0645,340383.0
2025-05-06 14:15:00,480.1,481.33,480.1,481.29,528668.0
2025-05-06 14:20:00,481.29,482.27,481.29,481.85,702266.0
2025-05-06 14:25:00,481.85,482.29,481.5853,482.055,453606.0
2025-05-06 14:30:00,482.035,482.6,481.6,482.25,322949.0
2025-05-06 14:35:00,482.24,482.39,481.77,482.34,305469.0
2025-05-06 14:40:00,482.34,482.44,482.02,482.28,155726.0
2025-05-06 14:45:00,482.31,482.92,482.28,482.4653,294101.0
2025-05-06 14:50:00,482.45,482.45,481.8,482.02,286643.0
2025-05-06 14:55:00,482.02,482.42,481.88,482.15,226567.0
2025-05-06 15:00:00,482.14,482.79,482.13,482.686865,270765.0
2025-05-06 15:05:00,482.655,482.8,481.75,481.85,271919.0
2025-05-06 15:10:00,481.87,482.48,481.79,482.32,167905.0
2025-05-06 15:15:00,482.3191,482.71,482.05,482.62,144917.0
2025-05-06 15:20:00,482.65,483.08,482.47,482.9499,247027.0
2025-05-06 15:25:00,482.93,483.14,482.61,483.04,170393.0
2025-05-06 15:30:00,483.02,483.25,482.47,483.204,751649.0
2025-05-06 15:35:00,483.22,483.29,482.91,483.105,244027.0
2025-05-06 15:40:00,483.1,483.19,482.08,482.23,412604.0
2025-05-06 15:45:00,482.2059,482.5,482.011,482.38,262381.0
2025-05-06 15:50:00,482.3524,482.45,481.7,481.8877,242846.0
2025-05-06 15:55:00,481.84,482.24,481.78,481.93,175097.0
2025-05-06 16:00:00,481.95,482.37,481.87,482.28,234216.0
2025-05-07 09:30:00,484.26,484.33,483.96,483.96,6032.0
2025-05-07 09:35:00,483.99,484.25,483.91,484.25,3161.0
2025-05-07 09:40:00,484.4,484.47,484.4,484.47,3449.0
2025-05-07 09:45:00,484.44,484.61,484.44,484.53,3724.0
2025-05-07 09:50:00,484.54,484.62,484.44,484.44,8687.0
2025-05-07 09:55:00,484.46,484.5,484.3,484.3,3350.0
2025-05-07 10:00:00,484.29,484.29,483.79,484.03,17098.0
2025-05-07 10:05:00,484.05,484.05,483.9,484.05,4208.0
2025-05-07 10:10:00,484.17,484.47,484.11,484.46,6260.0
2025-05-07 10:15:00,484.52,484.52,484.26,484.31,1740.0
2025-05-07 10:20:00,484.46,484.47,484.27,484.33,3379.0
2025-05-07 10:25:00,484.33,484.33,484.18,484.18,891.0
2025-05-07 10:30:00,484.03,484.07,483.95,484.06,3261.0
2025-05-07 10:35:00,484.07,484.12,484.04,484.12,5444.0
2025-05-07 10:40:00,484.11,484.58,484.02,484.58,10245.0
2025-05-07 10:45:00,484.55,484.77,484.55,484.64,30817.0
2025-05-07 10:50:00,484.65,484.73,484.17,484.42,17489.0
2025-05-07 10:55:00,484.61,484.61,484.35,484.48,8590.0
2025-05-07 11:00:00,484.5,484.92,484.37,484.81,39484.0
2025-05-07 11:05:00,484.81,484.95,484.66,484.68,53502.0
2025-05-07 11:10:00,484.83,485.1,484.81,484.94,13336.0
2025-05-07 11:15:00,484.95,484.98,484.9,484.98,7834.0
2025-05-07 11:20:00,484.95,485.26,484.94,485.04,12204.0
2025-05-07 11:25:00,484.97,484.97,484.58,484.68,22106.0
2025-05-07 11:30:00,484.63,484.7,484.57,484.66,8948.0
2025-05-07 11:35:00,484.58,484.6,484.37,484.48,20537.0
2025-05-07 11:40:00,484.43,484.43,484.12,484.14,12234.0
2025-05-07 11:45:00,484.17,484.47,484.15,484.47,17470.0
2025-05-07 11:50:00,484.46,484.62,484.25,484.26,17287.0
2025-05-07 11:55:00,484.35,484.45,484.31,484.44,14960.0
2025-05-07 12:00:00,484.83,485.26,481.049,484.23,100313.0
2025-05-07 12:05:00,484.25,484.25,482.87,483.0,113227.0
2025-05-07 12:10:00,482.96,483.09,482.61,482.7492,77827.0
2025-05-07 12:15:00,482.74,483.24,482.68,483.12,34059.0
2025-05-07 12:20:00,483.14,483.3,483.05,483.1,31800.0
2025-05-07 12:25:00,483.041,483.1,482.37,482.41,39142.0
2025-05-07 12:30:00,482.49,482.96,482.49,482.5301,29718.0
2025-05-07 12:35:00,482.59,482.8299,482.45,482.7299,25175.0
2025-05-07 12:40:00,482.91,483.23,482.87,483.23,23257.0
2025-05-07 12:45:00,483.2015,483.3386,482.97,483.1398,36843.0
2025-05-07 12:50:00,483.08,483.83,483.08,483.41,80568.0
2025-05-07 12:55:00,483.4,483.4,482.9,482.97,82107.0
2025-05-07 13:00:00,482.91,482.91,482.33,482.55,68791.0
2025-05-07 13:05:00,482.54,482.56,481.76,481.81,88160.0
2025-05-07 13:10:00,481.79,482.03,481.74,481.88,51651.0
2025-05-07 13:15:00,481.78,482.28,481.66,482.1,29986.0
2025-05-07 13:20:00,482.06,482.38,481.95,482.25,76566.0
2025-05-07 13:25:00,482.25,482.4,481.97,482.09,33396.0
2025-05-07 13:30:00,482.08,482.6188,481.3,482.03,797629.0
2025-05-07 13:35:00,482.09,482.19,481.35,481.82,432482.0
2025-05-07 13:40:00,481.81,482.95,481.787364,482.75,539403.0
2025-05-07 13:45:00,482.74,483.04,481.18,481.56,577098.0
2025-05-07 13:50:00,481.6,482.39,481.47,482.23,359410.0
2025-05-07 13:55:00,482.21,483.1799,482.1325,483.0144,413580.0
2025-05-07 14:00:00,483.04,483.14,482.54,482.87,206454.0
2025-05-07 14:05:00,482.8837,483.28,482.37,483.22,502306.0
2025-05-07 14:10:00,483.24,483.44,482.91,483.265,219741.0
2025-05-07 14:15:00,483.255,483.49,482.83,483.22,178906.0
2025-05-07 14:20:00,483.24,483.72,482.79,483.67,244030.0
2025-05-07 14:25:00,483.69,484.01,483.35,483.88,204816.0
2025-05-07 14:30:00,483.88,483.9852,483.5392,483.71,143703.0
2025-05-07 14:35:00,483.76,483.89,483.52,483.68,322412.0
2025-05-07 14:40:00,483.69,483.74,483.37,483.56,110250.0
2025-05-07 14:45:00,483.51,483.64,482.51,482.575,266918.0
2025-05-07 14:50:00,482.55,482.77,480.7503,480.9001,503526.0
2025-05-07 14:55:00,480.9,481.19,480.44,480.7843,957651.0
2025-05-07 15:00:00,480.79,480.88,479.92,480.3736,510290.0
2025-05-07 15:05:00,480.43,480.76,479.76,480.44,361539.0
2025-05-07 15:10:00,480.41,480.68,479.46,479.75,540394.0
2025-05-07 15:15:00,479.77,480.41,479.73,480.21,357725.0
2025-05-07 15:20:00,480.22,480.8,479.88,480.38,339443.0
2025-05-07 15:25:00,480.41,480.42,479.67,480.0101,259186.0
2025-05-07 15:30:00,479.99,480.235,479.6,479.666,229888.0
2025-05-07 15:35:00,479.68,480.37,479.49,480.19,268652.0
2025-05-07 15:40:00,480.22,480.99,480.13,480.885,420918.0
2025-05-07 15:45:00,480.9,481.05,479.6,479.62,365099.0
2025-05-07 15:50:00,479.61,480.8,479.42,480.56,305245.0
2025-05-07 15:55:00,480.55,481.05,480.4103,480.87,204777.0
2025-05-07 16:00:00,480.83,480.9375,480.53,480.8599,224304.0
2025-05-08 09:30:00,490.35,490.52,490.33,490.42,7455.0
2025-05-08 09:35:00,490.33,490.64,490.31,490.58,8240.0
2025-05-08 09:40:00,490.6,490.72,490.6,490.69,17681.0
2025-05-08 09:45:00,490.7,490.75,490.58,490.75,8606.0
2025-05-08 09:50:00,490.72,490.88,490.57,490.57,13712.0
2025-05-08 09:55:00,490.56,490.64,490.47,490.51,8855.0
2025-05-08 10:00:00,490.55,490.55,490.34,490.4,8433.0
2025-05-08 10:05:00,490.5,490.69,490.35,490.35,6504.0
2025-05-08 10:10:00,490.43,490.65,490.37,490.57,6306.0
2025-05-08 10:15:00,490.47,490.7,490.42,490.7,3079.0
2025-05-08 10:20:00,490.53,490.56,490.44,490.52,7399.0
2025-05-08 10:25:00,490.49,490.59,490.45,490.47,9686.0
2025-05-08 10:30:00,490.44,490.49,490.27,490.31,12719.0
2025-05-08 10:35:00,490.33,490.4,490.05,490.34,44067.0
2025-05-08 10:40:00,490.35,490.39,490.2,490.24,15041.0
2025-05-08 10:45:00,490.32,490.47,490.16,490.47,11706.0
2025-05-08 10:50:00,490.43,490.59,490.43,490.59,11068.0
2025-05-08 10:55:00,490.71,490.75,490.57,490.69,40861.0
2025-05-08 11:00:00,490.69,490.71,490.25,490.44,61174.0
2025-05-08 11:05:00,490.27,490.49,490.01,490.12,30276.0
2025-05-08 11:10:00,490.12,490.12,489.94,489.98,46697.0
2025-05-08 11:15:00,489.97,490.07,489.86,489.99,22912.0
2025-05-08 11:20:00,489.98,490.04,489.9,489.9,19136.0
2025-05-08 11:25:00,489.9,489.98,489.85,489.9,13202.0
2025-05-08 11:30:00,489.9,489.96,489.73,489.84,21488.0
2025-05-08 11:35:00,489.87,490.03,489.51,489.62,20759.0
2025-05-08 11:40:00,489.6,489.75,489.25,489.25,32436.0
2025-05-08 11:45:00,489.28,489.35,489.05,489.33,26929.0
2025-05-08 11:50:00,489.35,489.49,489.3,489.41,8076.0
2025-05-08 11:55:00,489.45,489.48,489.3,489.33,11622.0
2025-05-08 12:00:00,490.7,490.7,487.8,489.7,185254.0
2025-05-08 12:05:00,489.82,489.86,482.938,489.75,51997.0
2025-05-08 12:10:00,489.74,489.88,489.47,489.47,41080.0
2025-05-08 12:15:00,489.59,489.75,489.3825,489.71,17465.0
2025-05-08 12:20:00,489.7,489.8,489.55,489.68,14075.0
2025-05-08 12:25:00,489.77,489.81,489.5,489.6,17749.0
2025-05-08 12:30:00,489.63,490.0794,489.62,489.84,28354.0
2025-05-08 12:35:00,489.87,489.87,487.98,488.07,196948.0
2025-05-08 12:40:00,488.02,488.66,487.83,488.42,145668.0
2025-05-08 12:45:00,488.4,489.28,488.4,489.27,52101.0
2025-05-08 12:50:00,489.25,489.4,488.89,489.02,38892.0
2025-05-08 12:55:00,489.05,489.16,488.77,488.83,38947.0
2025-05-08 13:00:00,488.78,488.98,488.7,488.74,39680.0
2025-05-08 13:05:00,488.66,488.87,488.46,488.54,26741.0
2025-05-08 13:10:00,488.6,488.74,488.4,488.5699,24728.0
2025-05-08 13:15:00,488.6,488.81,488.54,488.65,30643.0
2025-05-08 13:20:00,488.73,488.98,488.62,488.62,83050.0
2025-05-08 13:25:00,488.69,488.8,488.4,488.47,30022.0
2025-05-08 13:30:00,488.53,488.74,487.27,487.33,954666.0
2025-05-08 13:35:00,487.3,487.91,486.93,487.055,614462.0
2025-05-08 13:40:00,487.06,487.89,487.0,487.59,469881.0
2025-05-08 13:45:00,487.605,487.61,486.075,486.4492,776819.0
2025-05-08 13:50:00,486.455,486.92,486.21,486.5564,459637.0
2025-05-08 13:55:00,486.5788,487.4,486.4,486.8,475208.0
2025-05-08 14:00:00,486.82,487.6,486.49,487.16,389364.0
2025-05-08 14:05:00,487.12,487.175,485.982,486.295,451709.0
2025-05-08 14:10:00,486.28,486.46,485.24,485.6899,475129.0
2025-05-08 14:15:00,485.73,486.34,485.57,486.17,403498.0
2025-05-08 14:20:00,486.18,487.05,485.73,486.195,632580.0
2025-05-08 14:25:00,486.2,486.92,486.12,486.83,554355.0
2025-05-08 14:30:00,486.83,487.44,486.58,487.01,446121.0
2025-05-08 14:35:00,487.02,487.18,485.95,486.12,838973.0
2025-05-08 14:40:00,486.12,486.6299,485.575,486.39,504911.0
2025-05-08 14:45:00,486.42,486.52,485.48,485.7999,443126.0
2025-05-08 14:50:00,485.8,486.739,484.58,485.21,429671.0
2025-05-08 14:55:00,485.21,485.49,484.17,485.0686,821250.0
2025-05-08 15:00:00,484.95,485.52,484.5,484.64,526018.0
2025-05-08 15:05:00,484.69,486.18,484.54,486.114,313821.0
2025-05-08 15:10:00,486.08,486.76,486.02,486.68,220734.0
2025-05-08 15:15:00,486.64,487.08,486.51,486.949,355734.0
2025-05-08 15:20:00,486.95,488.32,486.95,488.245,587230.0
2025-05-08 15:25:00,488.24,489.53,488.22,488.725,1236833.0
2025-05-08 15:30:00,488.7201,489.37,488.05,489.2288,981785.0
2025-05-08 15:35:00,489.26,489.8,489.04,489.8,394444.0
2025-05-08 15:40:00,489.81,491.93,489.79,491.6,1405785.0
2025-05-08 15:45:00,491.64,492.17,491.46,491.95,821270.0
2025-05-08 15:50:00,491.92,492.065,490.96,491.4959,1030019.0
2025-05-08 15:55:00,491.515,491.515,490.7314,491.12,656275.0
2025-05-08 16:00:00,491.12,491.64,491.04,491.5799,464850.0
2025-05-09 09:30:00,489.1,489.29,488.95,489.18,5542.0
2025-05-09 09:40:00,489.33,489.45,489.33,489.42,2914.0
2025-05-09 09:45:00,489.35,489.4,489.35,489.39,3437.0
2025-05-09 09:50:00,489.5,489.5,489.4,489.44,1508.0
2025-05-09 09:55:00,489.45,489.57,489.45,489.57,1227.0
2025-05-09 10:00:00,489.6,489.85,489.6,489.83,3666.0
2025-05-09 10:05:00,489.86,489.98,489.85,489.96,2918.0
2025-05-09 10:10:00,490.0,490.08,489.98,490.08,4436.0
2025-05-09 10:15:00,490.19,490.25,490.17,490.2,3268.0
2025-05-09 10:20:00,490.15,490.15,489.86,490.0,2604.0
2025-05-09 10:25:00,490.0,490.07,489.94,490.07,3847.0
2025-05-09 10:30:00,490.13,490.47,490.13,490.42,4982.0
2025-05-09 10:35:00,490.47,490.47,490.41,490.42,2306.0
2025-05-09 10:40:00,490.4,490.4,490.31,490.32,2090.0
2025-05-09 10:45:00,490.2,490.33,490.2,490.3,4421.0
2025-05-09 10:50:00,490.35,490.38,490.25,490.25,35832.0
2025-05-09 10:55:00,490.25,490.35,490.19,490.22,5237.0
2025-05-09 11:00:00,490.27,490.3,490.1,490.1,9114.0
2025-05-09 11:05:00,490.06,490.5,490.0,490.35,40586.0
2025-05-09 11:10:00,490.37,490.61,490.37,490.6,11941.0
2025-05-09 11:15:00,490.58,490.65,490.56,490.59,9232.0
2025-05-09 11:20:00,490.56,490.58,490.46,490.58,10581.0
2025-05-09 11:25:00,490.54,492.0,488.28,489.66,208828.0
2025-05-09 11:30:00,489.61,489.91,488.95,489.01,63211.0
2025-05-09 11:35:00,489.08,489.34,488.43,488.82,35611.0
2025-05-09 11:40:00,488.84,489.62,488.65,489.62,24226.0
2025-05-09 11:45:00,489.49,490.22,489.49,489.94,28097.0
2025-05-09 11:50:00,489.91,490.0,489.62,489.7,13341.0
2025-05-09 11:55:00,489.8,489.9,489.72,489.8,11030.0
2025-05-09 12:00:00,490.22,490.64,488.35,490.0,176907.0
2025-05-09 12:05:00,490.06,490.26,487.924,490.0,30415.0
2025-05-09 12:10:00,489.9,489.96,489.7,489.74,47194.0
2025-05-09 12:15:00,489.66,489.87,489.61,489.86,17706.0
2025-05-09 12:20:00,489.94,489.94,489.66,489.92,8661.0
2025-05-09 12:25:00,489.88,489.88,489.45,489.59,12971.0
2025-05-09 12:30:00,489.6,490.2,489.55,490.2,46223.0
2025-05-09 12:35:00,490.25,490.48,490.21,490.47,23465.0
2025-05-09 12:40:00,490.49,490.85,490.29,490.37,40295.0
2025-05-09 12:45:00,490.35,490.5198,490.33,490.39,15636.0
2025-05-09 12:50:00,490.4,490.4,490.21,490.36,32187.0
2025-05-09 12:55:00,490.35,490.41,490.3,490.36,17807.0
2025-05-09 13:00:00,490.33,490.92,490.33,490.84,40496.0
2025-05-09 13:05:00,490.86,490.91,490.67,490.67,20649.0
2025-05-09 13:10:00,490.78,490.8,490.7,490.7,17382.0
2025-05-09 13:15:00,490.83,490.85,490.54,490.66,14937.0
2025-05-09 13:20:00,490.66,490.74,490.59,490.62,15651.0
2025-05-09 13:25:00,490.68,490.71,490.15,490.17,96488.0
2025-05-09 13:30:00,490.21,491.08,490.2,491.05,909370.0
2025-05-09 13:35:00,491.07,491.54,490.95,490.9847,440117.0
2025-05-09 13:40:00,490.97,491.08,490.11,490.25,461353.0
2025-05-09 13:45:00,490.24,490.77,490.08,490.58,302582.0
2025-05-09 13:50:00,490.6,490.665,489.72,490.28,382616.0
2025-05-09 13:55:00,490.26,491.07,490.24,490.91,298049.0
2025-05-09 14:00:00,490.86,491.21,490.72,491.075,274243.0
2025-05-09 14:05:00,491.06,491.4,490.4,491.13,363090.0
2025-05-09 14:10:00,491.1,491.1551,490.57,490.88,229081.0
2025-05-09 14:15:00,490.86,490.909,489.68,489.73,404076.0
2025-05-09 14:20:00,489.76,489.8496,489.0498,489.12,344211.0
2025-05-09 14:25:00,489.11,489.36,487.5,488.0001,580550.0
2025-05-09 14:30:00,488.04,488.43,487.65,487.84,737724.0
2025-05-09 14:35:00,487.81,487.88,486.195,486.635,794646.0
2025-05-09 14:40:00,486.6,487.46,486.22,487.43,564153.0
2025-05-09 14:45:00,487.44,487.8993,487.045,487.8299,559040.0
2025-05-09 14:50:00,487.81,488.19,487.17,487.59,345041.0
2025-05-09 14:55:00,487.5747,488.59,487.43,488.2,420480.0
2025-05-09 15:00:00,488.2,488.7402,487.83,488.6892,360636.0
2025-05-09 15:05:00,488.71,489.0,488.62,488.8901,289882.0
2025-05-09 15:10:00,488.89,488.89,487.91,488.47,277756.0
2025-05-09 15:15:00,488.49,488.9099,488.12,488.54,192280.0
2025-05-09 15:20:00,488.58,488.59,487.65,487.72,204087.0
2025-05-09 15:25:00,487.7304,488.1575,487.4101,487.99,225083.0
2025-05-09 15:30:00,488.0,488.24,487.19,488.2297,206834.0
2025-05-09 15:35:00,488.215,488.4599,487.78,487.9199,402280.0
2025-05-09 15:40:00,487.92,488.1,487.52,487.98,445382.0
2025-05-09 15:45:00,487.97,488.44,487.81,488.21,238802.0
2025-05-09 15:50:00,488.2,488.79,488.0399,488.38,353004.0
2025-05-09 15:55:00,488.37,488.879,488.32,488.8201,108359.0
2025-05-09 16:00:00,488.91,488.96,487.4,487.4,416832.0
2025-05-12 09:30:00,506.6,506.8,506.53,506.75,13948.0
2025-05-12 09:35:00,506.69,506.75,506.58,506.64,10966.0
2025-05-12 09:40:00,506.64,506.65,506.5,506.55,15502.0
2025-05-12 09:45:00,506.57,506.75,506.37,506.68,18688.0
2025-05-12 09:50:00,506.7,506.81,506.59,506.59,27430.0
2025-05-12 09:55:00,506.56,506.76,506.53,506.76,15674.0
2025-05-12 10:00:00,506.74,506.8,506.23,506.38,31458.0
2025-05-12 10:05:00,506.43,507.16,506.4,506.65,41477.0
2025-05-12 10:10:00,506.5,506.82,506.5,506.82,25030.0
2025-05-12 10:15:00,506.78,506.84,506.56,506.66,16407.0
2025-05-12 10:20:00,506.59,506.71,506.26,506.58,16901.0
2025-05-12 10:25:00,506.72,507.2,506.71,507.15,31512.0
2025-05-12 10:30:00,507.28,508.24,507.12,508.15,60749.0
2025-05-12 10:35:00,508.19,508.23,507.4,507.55,62931.0
2025-05-12 10:40:00,507.43,507.68,507.15,507.15,34959.0
2025-05-12 10:45:00,507.17,507.4,506.92,507.3,38505.0
2025-05-12 10:50:00,507.3,507.47,507.3,507.44,22254.0
2025-05-12 10:55:00,507.53,508.55,507.53,508.4,86482.0
2025-05-12 11:00:00,508.28,508.34,507.51,508.22,183085.0
2025-05-12 11:05:00,508.2,508.85,508.15,508.46,64544.0
2025-05-12 11:10:00,508.46,508.51,507.565,507.585,50438.0
2025-05-12 11:15:00,507.55,507.72,507.36,507.59,51354.0
2025-05-12 11:20:00,507.58,507.58,507.26,507.43,45602.0
2025-05-12 11:25:00,507.41,507.7,507.17,507.21,50063.0
2025-05-12 11:30:00,507.29,507.295,507.0,507.0,50004.0
2025-05-12 11:35:00,506.96,507.36,506.83,507.32,60825.0
2025-05-12 11:40:00,507.38,507.38,506.64,506.72,34230.0
2025-05-12 11:45:00,506.73,507.2,506.51,506.85,44693.0
2025-05-12 11:50:00,506.89,507.0,506.14,506.4,77417.0
2025-05-12 11:55:00,506.4,506.91,506.35,506.91,35672.0
2025-05-12 12:00:00,507.66,508.6697,487.605,487.605,534777.0
2025-05-12 12:05:00,507.11,507.11,506.75,506.91,59062.0
2025-05-12 12:10:00,506.96,507.33,506.88,507.3,33903.0
2025-05-12 12:15:00,507.3,507.63,507.16,507.63,38654.0
2025-05-12 12:20:00,507.63,507.93,507.41,507.88,73582.0
2025-05-12 12:25:00,507.91,508.061,507.76,508.04,75008.0
2025-05-12 12:30:00,508.03,508.03,507.48,507.62,58502.0
2025-05-12 12:35:00,507.6,507.6,507.01,507.16,47015.0
2025-05-12 12:40:00,507.13,507.13,506.8,507.01,38860.0
2025-05-12 12:45:00,507.03,507.07,506.73,507.07,27568.0
2025-05-12 12:50:00,507.16,507.32,507.08,507.25,28500.0
2025-05-12 12:55:00,507.25,507.29,506.91,506.95,35232.0
2025-05-12 13:00:00,506.92,507.4799,506.91,507.0518,52463.0
2025-05-12 13:05:00,507.09,507.09,506.3,506.37,115754.0
2025-05-12 13:10:00,506.33,506.8899,506.33,506.85,44526.0
2025-05-12 13:15:00,506.89,507.05,506.77,507.0,128515.0
2025-05-12 13:20:00,506.96,507.41,506.91,507.4,65468.0
2025-05-12 13:25:00,507.34,507.44,506.97,507.03,100292.0
2025-05-12 13:30:00,506.99,507.06,504.18,504.2312,2327766.0
2025-05-12 13:35:00,504.24,504.7288,503.35,503.77,1101887.0
2025-05-12 13:40:00,503.78,504.1599,502.78,503.58,1049254.0
2025-05-12 13:45:00,503.6,504.13,503.0201,504.005,784687.0
2025-05-12 13:50:00,504.04,505.33,503.94,504.76,953431.0
2025-05-12 13:55:00,504.78,504.91,503.5975,503.8,740156.0
2025-05-12 14:00:00,503.83,504.25,503.28,504.0299,482412.0
2025-05-12 14:05:00,503.9899,504.63,503.82,504.05,408818.0
2025-05-12 14:10:00,504.04,505.05,503.8799,505.0,505305.0
2025-05-12 14:15:00,505.02,505.32,504.54,504.62,649057.0
2025-05-12 14:20:00,504.67,504.87,504.055,504.36,695782.0
2025-05-12 14:25:00,504.345,504.35,502.28,502.7,1278907.0
2025-05-12 14:30:00,502.74,502.76,501.48,502.1703,783307.0
2025-05-12 14:35:00,502.17,502.88,501.91,502.84,487049.0
2025-05-12 14:40:00,502.86,504.0079,502.8,503.99,593303.0
2025-05-12 14:45:00,503.965,504.3299,503.74,503.9201,521687.0
2025-05-12 14:50:00,503.935,504.4087,503.62,504.38,403645.0
2025-05-12 14:55:00,504.38,504.48,503.33,503.41,338428.0
2025-05-12 15:00:00,503.45,504.05,503.26,503.93,444008.0
2025-05-12 15:05:00,503.94,504.03,503.33,503.5522,212292.0
2025-05-12 15:10:00,503.59,504.09,503.41,503.88,291163.0
2025-05-12 15:15:00,503.88,504.0922,503.61,503.94,198299.0
2025-05-12 15:20:00,503.9347,504.0,503.03,503.4745,353952.0
2025-05-12 15:25:00,503.5,504.09,503.24,503.7741,320659.0
2025-05-12 15:30:00,503.78,504.19,503.71,503.9597,278311.0
2025-05-12 15:35:00,503.93,504.28,503.51,503.735,269592.0
2025-05-12 15:40:00,503.72,503.8899,503.225,503.64,193978.0
2025-05-12 15:45:00,503.62,504.0593,503.51,503.73,227461.0
2025-05-12 15:50:00,503.78,503.81,503.16,503.4805,409360.0
2025-05-12 15:55:00,503.51,503.84,503.2,503.31,210296.0
2025-05-12 16:00:00,503.33,503.7862,503.13,503.69,310818.0
2025-05-13 09:30:00,505.66,505.76,505.62,505.63,4255.0
2025-05-13 09:35:00,505.7,505.74,505.66,505.7,3344.0
2025-05-13 09:40:00,505.79,505.79,505.66,505.72,4672.0
2025-05-13 09:45:00,505.8,505.84,505.79,505.83,2559.0
2025-05-13 09:50:00,505.75,506.03,505.75,506.03,7936.0
2025-05-13 09:55:00,505.97,506.12,505.91,506.12,8100.0
2025-05-13 10:00:00,506.21,506.32,505.69,505.73,13317.0
2025-05-13 10:05:00,505.74,505.85,505.69,505.77,4064.0
2025-05-13 10:10:00,505.81,506.24,505.81,506.18,7839.0
2025-05-13 10:15:00,506.15,506.15,506.03,506.08,9645.0
2025-05-13 10:20:00,506.2,506.37,506.18,506.29,7686.0
2025-05-13 10:25:00,506.23,506.23,506.0,506.0,3238.0
2025-05-13 10:30:00,506.11,506.2,505.98,506.05,11362.0
2025-05-13 10:35:00,506.19,506.41,506.19,506.4,19296.0
2025-05-13 10:40:00,506.45,506.8,506.39,506.71,13640.0
2025-05-13 10:45:00,506.7,506.74,506.58,506.64,4956.0
2025-05-13 10:50:00,506.58,506.8,506.46,506.77,4931.0
2025-05-13 10:55:00,506.85,506.88,506.49,506.49,11310.0
2025-05-13 11:00:00,506.45,506.77,506.39,506.57,15515.0
2025-05-13 11:05:00,506.74,506.94,506.68,506.9,15200.0
2025-05-13 11:10:00,506.96,507.25,506.95,507.209,11422.0
2025-05-13 11:15:00,507.18,507.44,507.16,507.39,11719.0
2025-05-13 11:20:00,507.34,507.38,507.01,507.17,19594.0
2025-05-13 11:25:00,507.2,507.21,506.89,507.01,11398.0
2025-05-13 11:30:00,506.99,507.06,506.94,506.99,16686.0
2025-05-13 11:35:00,507.02,507.3,506.92,507.3,8738.0
2025-05-13 11:40:00,507.3,507.53,507.3,507.48,10022.0
2025-05-13 11:45:00,507.53,507.66,507.48,507.58,16915.0
2025-05-13 11:50:00,507.58,507.58,507.21,507.35,19018.0
2025-05-13 11:55:00,507.47,507.75,507.45,507.74,11466.0
2025-05-13 12:00:00,506.78,507.81,504.78,507.56,122009.0
2025-05-13 12:05:00,507.63,508.1,507.63,508.04,29153.0
2025-05-13 12:10:00,508.11,508.22,508.02,508.1151,22063.0
2025-05-13 12:15:00,508.18,508.33,508.1,508.2,17214.0
2025-05-13 12:20:00,508.29,508.31,508.11,508.1458,42825.0
2025-05-13 12:25:00,508.18,508.79,508.14,508.75,82140.0
2025-05-13 12:30:00,508.88,510.5,507.47,509.4299,251488.0
2025-05-13 12:35:00,509.46,509.9,509.35,509.43,152614.0
2025-05-13 12:40:00,509.48,509.49,508.7401,508.91,129971.0
2025-05-13 12:45:00,508.9,509.23,508.53,509.2203,71835.0
2025-05-13 12:50:00,509.22,509.41,509.01,509.15,42440.0
2025-05-13 12:55:00,509.16,509.26,509.0,509.25,39251.0
2025-05-13 13:00:00,509.25,509.3414,508.96,509.19,52797.0
2025-05-13 13:05:00,509.2,509.53,509.18,509.41,44157.0
2025-05-13 13:10:00,509.39,509.47,509.19,509.2,24494.0
2025-05-13 13:15:00,509.39,509.59,509.27,509.3,33463.0
2025-05-13 13:20:00,509.34,509.59,509.3,509.39,34887.0
2025-05-13 13:25:00,509.38,509.38,508.86,509.15,55824.0
2025-05-13 13:30:00,509.16,510.0,508.42,509.99,1276828.0
2025-05-13 13:35:00,510.0,510.76,509.96,510.66,1176095.0
2025-05-13 13:40:00,510.67,511.045,510.2,510.71,1041603.0
2025-05-13 13:45:00,510.71,510.82,510.225,510.46,803232.0
2025-05-13 13:50:00,510.47,511.81,510.46,511.7402,875008.0
2025-05-13 13:55:00,511.74,512.26,511.58,512.1175,1078619.0
2025-05-13 14:00:00,512.12,512.6699,511.88,512.53,1070496.0
2025-05-13 14:05:00,512.54,513.41,512.42,513.2,1113112.0
2025-05-13 14:10:00,513.17,514.2,512.73,513.99,1230818.0
2025-05-13 14:15:00,514.0,514.95,513.82,514.31,1347118.0
2025-05-13 14:20:00,514.32,514.4,513.9693,514.29,963677.0
2025-05-13 14:25:00,514.304026,514.79,514.09,514.13,842015.0
2025-05-13 14:30:00,514.15,514.56,513.69,514.245,1033396.0
2025-05-13 14:35:00,514.255,514.57,514.24,514.45,545345.0
2025-05-13 14:40:00,514.43,514.55,513.62,513.6875,952140.0
2025-05-13 14:45:00,513.7,514.36,513.555,514.0,667567.0
2025-05-13 14:50:00,514.06,515.13,514.0392,514.845,862537.0
2025-05-13 14:55:00,514.82,515.29,514.76,515.09,582309.0
2025-05-13 15:00:00,515.1,515.23,514.89,515.06,470160.0
2025-05-13 15:05:00,515.04,515.11,514.62,514.9,541207.0
2025-05-13 15:10:00,514.91,515.4,514.91,514.98,495544.0
2025-05-13 15:15:00,514.99,515.73,514.98,515.6,526504.0
2025-05-13 15:20:00,515.61,515.62,515.1901,515.32,375434.0
2025-05-13 15:25:00,515.33,516.1,515.33,515.755,912452.0
2025-05-13 15:30:00,515.75,516.03,515.64,515.9291,356460.0
2025-05-13 15:35:00,515.93,516.28,515.64,516.105,637408.0
2025-05-13 15:40:00,516.0801,516.14,515.81,516.0273,380425.0
2025-05-13 15:45:00,516.05,516.35,515.75,515.89,637421.0
2025-05-13 15:50:00,515.88,515.8852,515.52,515.755,685647.0
2025-05-13 15:55:00,515.75,516.165,515.65,515.89,677246.0
2025-05-13 16:00:00,515.9,515.97,515.14,515.23,514094.0
2025-05-14 09:30:00,515.92,515.93,515.62,515.62,10165.0
2025-05-14 09:35:00,515.65,515.77,515.57,515.57,6894.0
2025-05-14 09:40:00,515.55,515.66,515.51,515.55,9227.0
2025-05-14 09:45:00,515.74,515.83,515.63,515.71,9361.0
2025-05-14 09:50:00,515.59,515.67,515.5,515.5,9153.0
2025-05-14 09:55:00,515.46,515.5,515.45,515.5,3264.0
2025-05-14 10:00:00,515.41,515.55,515.37,515.5,8639.0
2025-05-14 10:05:00,515.44,515.56,515.29,515.38,10418.0
2025-05-14 10:10:00,515.38,515.56,515.38,515.43,7918.0
2025-05-14 10:15:00,515.47,515.62,515.39,515.59,8479.0
2025-05-14 10:20:00,515.65,516.03,515.64,516.02,13045.0
2025-05-14 10:25:00,516.04,516.08,516.02,516.04,6157.0
2025-05-14 10:30:00,516.13,516.31,516.08,516.29,11075.0
2025-05-14 10:35:00,516.3,516.43,516.3,516.43,5506.0
2025-05-14 10:40:00,516.41,516.47,516.32,516.43,3788.0
2025-05-14 10:45:00,516.35,516.37,516.18,516.18,5870.0
2025-05-14 10:50:00,516.15,516.23,516.1,516.11,5737.0
2025-05-14 10:55:00,516.12,516.39,516.05,516.25,14560.0
2025-05-14 11:00:00,516.33,517.11,516.24,517.1,42664.0
2025-05-14 11:05:00,517.16,517.32,517.0,517.32,52176.0
2025-05-14 11:10:00,517.26,517.5,517.18,517.47,24501.0
2025-05-14 11:15:00,517.47,517.64,517.32,517.64,41279.0
2025-05-14 11:20:00,517.63,518.09,517.54,517.9,40934.0
2025-05-14 11:25:00,517.8,518.13,517.75,518.1,57125.0
2025-05-14 11:30:00,518.08,518.4,517.84,517.84,45700.0
2025-05-14 11:35:00,517.82,518.13,517.82,517.96,32948.0
2025-05-14 11:40:00,517.88,517.95,517.68,517.72,75433.0
2025-05-14 11:45:00,517.66,517.72,517.5,517.65,75090.0
2025-05-14 11:50:00,517.6,517.79,517.46,517.55,53871.0
2025-05-14 11:55:00,517.52,517.54,517.33,517.49,36914.0
2025-05-14 12:00:00,516.4,518.4086,515.3996,517.29,166031.0
2025-05-14 12:05:00,517.4,517.82,515.204,517.47,51460.0
2025-05-14 12:10:00,517.47,517.66,517.44,517.56,27842.0
2025-05-14 12:15:00,517.55,517.7,517.47,517.63,47698.0
2025-05-14 12:20:00,517.61,517.78,517.5,517.77,44982.0
2025-05-14 12:25:00,517.82,517.87,517.66,517.68,35397.0
2025-05-14 12:30:00,517.67,518.0,517.58,517.62,46852.0
2025-05-14 12:35:00,517.61,517.62,517.3,517.46,95234.0
2025-05-14 12:40:00,517.37,517.39,516.88,517.0,95741.0
2025-05-14 12:45:00,516.97,517.14,516.86,516.95,51159.0
2025-05-14 12:50:00,516.92,517.19,516.92,516.96,25340.0
2025-05-14 12:55:00,516.97,517.19,516.8204,516.97,29668.0
2025-05-14 13:00:00,516.96,517.1,516.7296,516.82,73634.0
2025-05-14 13:05:00,516.8899,516.94,516.71,516.86,39520.0
2025-05-14 13:10:00,516.93,517.34,516.92,517.2905,90261.0
2025-05-14 13:15:00,517.3,517.44,517.23,517.33,73490.0
2025-05-14 13:20:00,517.35,517.45,517.19,517.34,67781.0
2025-05-14 13:25:00,517.37,517.37,516.67,516.75,84169.0
2025-05-14 13:30:00,516.77,518.7,516.69,518.69,1598026.0
2025-05-14 13:35:00,518.7,518.92,518.04,518.19,1315611.0
2025-05-14 13:40:00,518.17,518.35,517.27,517.4,1014991.0
2025-05-14 13:45:00,517.4,517.5,515.83,516.58,1089812.0
2025-05-14 13:50:00,516.5895,517.14,515.94,516.4,1091413.0
2025-05-14 13:55:00,516.44,517.16,515.75,517.0992,825207.0
2025-05-14 14:00:00,517.12,517.29,516.57,517.04,750841.0
2025-05-14 14:05:00,517.08,517.85,516.4,517.15,982566.0
2025-05-14 14:10:00,517.14,517.63,516.33,517.3599,704660.0
2025-05-14 14:15:00,517.35,517.44,516.71,517.0,706102.0
2025-05-14 14:20:00,517.04,517.42,516.49,517.14,499275.0
2025-05-14 14:25:00,517.11,517.5175,517.05,517.42,570879.0
2025-05-14 14:30:00,517.4,517.76,516.87,517.2,755696.0
2025-05-14 14:35:00,517.18,517.43,516.93,517.08,575481.0
2025-05-14 14:40:00,517.05,517.44,516.73,516.89,413513.0
2025-05-14 14:45:00,516.9,517.4888,516.76,517.465,395063.0
2025-05-14 14:50:00,517.47,518.05,517.31,517.8201,759460.0
2025-05-14 14:55:00,517.85,517.9992,517.61,517.7536,317122.0
2025-05-14 15:00:00,517.77,517.87,516.23,516.4101,900157.0
2025-05-14 15:05:00,516.42,517.24,516.11,517.1,742290.0
2025-05-14 15:10:00,517.09,517.61,516.92,517.5,681540.0
2025-05-14 15:15:00,517.51,517.57,517.22,517.41,344447.0
2025-05-14 15:20:00,517.36,517.9586,517.2,517.845,381346.0
2025-05-14 15:25:00,517.86,518.41,517.77,518.15,503623.0
2025-05-14 15:30:00,518.14,518.335,517.95,518.24,428015.0
2025-05-14 15:35:00,518.23,518.46,518.14,518.42,1306794.0
2025-05-14 15:40:00,518.41,518.53,518.12,518.44,386958.0
2025-05-14 15:45:00,518.45,518.49,518.0,518.04,440821.0
2025-05-14 15:50:00,518.04,518.3302,517.85,518.03,310178.0
2025-05-14 15:55:00,518.03,518.405,517.84,518.2,264829.0
2025-05-14 16:00:00,518.19,518.448,518.04,518.36,498376.0
2025-05-15 09:30:00,514.95,515.1,514.87,515.04,16325.0
2025-05-15 09:35:00,515.02,515.11,514.61,514.99,16487.0
2025-05-15 09:40:00,515.02,515.02,514.78,514.91,8534.0
2025-05-15 09:45:00,514.94,515.17,514.92,515.15,11970.0
2025-05-15 09:50:00,515.17,515.29,515.16,515.29,10505.0
2025-05-15 09:55:00,515.28,515.53,515.28,515.42,13071.0
2025-05-15 10:00:00,515.37,515.37,515.01,515.02,9057.0
2025-05-15 10:05:00,514.97,515.13,514.86,514.95,8985.0
2025-05-15 10:10:00,515.0,515.01,514.63,515.01,6783.0
2025-05-15 10:15:00,515.0,515.02,514.8,514.89,13972.0
2025-05-15 10:20:00,514.87,515.18,514.71,515.06,12472.0
2025-05-15 10:25:00,515.01,515.35,514.98,515.24,23978.0
2025-05-15 10:30:00,515.25,515.25,515.1,515.1,35996.0
2025-05-15 10:35:00,515.2,515.34,515.1,515.12,26508.0
2025-05-15 10:40:00,515.26,515.27,515.06,515.15,29827.0
2025-05-15 10:45:00,515.14,515.14,515.01,515.07,18856.0
2025-05-15 10:50:00,515.05,515.22,514.89,515.2,18916.0
2025-05-15 10:55:00,515.26,515.34,515.06,515.19,43024.0
2025-05-15 11:00:00,515.19,515.76,515.1,515.73,55706.0
2025-05-15 11:05:00,515.73,515.94,515.61,515.82,44023.0
2025-05-15 11:10:00,515.78,515.99,515.76,515.99,16830.0
2025-05-15 11:15:00,516.0,516.0,515.56,515.69,60618.0
2025-05-15 11:20:00,515.65,515.91,515.65,515.91,17878.0
2025-05-15 11:25:00,515.9,516.66,515.81,516.33,32765.0
2025-05-15 11:30:00,516.38,516.46,516.11,516.26,28728.0
2025-05-15 11:35:00,516.3,516.3,516.03,516.05,17046.0
2025-05-15 11:40:00,516.15,516.15,516.0,516.0,12341.0
2025-05-15 11:45:00,516.03,516.03,515.74,516.0,17358.0
2025-05-15 11:50:00,515.95,515.95,515.74,515.76,10333.0
2025-05-15 11:55:00,515.76,515.92,515.76,515.79,10619.0
2025-05-15 12:00:00,514.18,518.54,514.0596,515.85,144928.0
2025-05-15 12:05:00,515.86,515.89,515.61,515.63,16990.0
2025-05-15 12:10:00,515.7,515.7,515.45,515.55,30314.0
2025-05-15 12:15:00,515.54,515.54,515.4,515.51,11275.0
2025-05-15 12:20:00,515.54,515.64,515.38,515.42,23284.0
2025-05-15 12:25:00,515.45,515.62,515.2,515.62,31578.0
2025-05-15 12:30:00,515.4,517.07,514.95,517.0,191336.0
2025-05-15 12:35:00,516.93,516.9999,516.42,516.56,120814.0
2025-05-15 12:40:00,516.57,517.18,516.34,516.92,136333.0
2025-05-15 12:45:00,516.87,516.909,516.0,516.0,163958.0
2025-05-15 12:50:00,515.94,516.26,515.7,516.1196,93634.0
2025-05-15 12:55:00,516.2,516.29,516.01,516.18,49941.0
2025-05-15 13:00:00,516.18,516.49,516.04,516.35,66007.0
2025-05-15 13:05:00,516.31,516.88,516.27,516.76,69651.0
2025-05-15 13:10:00,516.72,516.75,516.49,516.49,44253.0
2025-05-15 13:15:00,516.47,516.64,516.3,516.4,46121.0
2025-05-15 13:20:00,516.3795,516.411,516.21,516.21,64095.0
2025-05-15 13:25:00,516.16,516.58,516.1,516.53,56540.0
2025-05-15 13:30:00,516.52,517.36,516.01,517.22,1416701.0
2025-05-15 13:35:00,517.22,517.38,516.25,516.295,815897.0
2025-05-15 13:40:00,516.28,516.95,515.94,516.83,803591.0
2025-05-15 13:45:00,516.84,516.9199,515.17,515.64,909705.0
2025-05-15 13:50:00,515.63,516.75,515.41,516.435,741771.0
2025-05-15 13:55:00,516.4269,516.58,515.93,516.4,567866.0
2025-05-15 14:00:00,516.39,517.525,516.28,517.095,675627.0
2025-05-15 14:05:00,517.15,517.28,516.58,516.63,391391.0
2025-05-15 14:10:00,516.6,516.64,515.8,516.47,642541.0
2025-05-15 14:15:00,516.52,516.94,515.87,516.85,600431.0
2025-05-15 14:20:00,516.84,517.11,516.65,516.95,390130.0
2025-05-15 14:25:00,516.98,517.11,516.09,516.12,386554.0
2025-05-15 14:30:00,516.11,516.27,515.58,515.74,532311.0
2025-05-15 14:35:00,515.69,515.915,515.39,515.72,459939.0
2025-05-15 14:40:00,515.71,516.6,515.69,516.395,529656.0
2025-05-15 14:45:00,516.345,516.86,516.26,516.275,446973.0
2025-05-15 14:50:00,516.25,516.88,515.99,516.86,466250.0
2025-05-15 14:55:00,516.86,517.25,516.79,517.2409,475373.0
2025-05-15 15:00:00,517.26,517.98,517.075,517.88,558027.0
2025-05-15 15:05:00,517.9,518.13,517.7,517.81,363700.0
2025-05-15 15:10:00,517.81,518.32,517.795,518.169,1016370.0
2025-05-15 15:15:00,518.16,518.82,518.13,518.57,516630.0
2025-05-15 15:20:00,518.58,519.37,518.54,518.68,705805.0
2025-05-15 15:25:00,518.69,519.09,518.34,518.96,526910.0
2025-05-15 15:30:00,519.0,519.0,518.52,518.79,456508.0
2025-05-15 15:35:00,518.81,519.16,518.61,519.158,598512.0
2025-05-15 15:40:00,519.17,519.91,519.1494,519.81,696428.0
2025-05-15 15:45:00,519.8,519.92,519.54,519.65,791014.0
2025-05-15 15:50:00,519.66,519.67,519.22,519.31,291182.0
2025-05-15 15:55:00,519.32,519.55,519.18,519.5009,242165.0
2025-05-15 16:00:00,519.52,519.81,519.29,519.69,500884.0
2025-05-16 09:30:00,520.5,520.5,520.29,520.31,4362.0
2025-05-16 09:35:00,520.28,520.3,520.21,520.3,4164.0
2025-05-16 09:40:00,520.18,520.33,520.15,520.16,5248.0
2025-05-16 09:45:00,520.11,520.24,520.0,520.0,13737.0
2025-05-16 09:50:00,520.13,520.25,520.06,520.12,11221.0
2025-05-16 09:55:00,520.1,520.18,520.0,520.0,4594.0
2025-05-16 10:00:00,519.98,520.0,519.91,519.94,5877.0
2025-05-16 10:05:00,519.88,519.94,519.81,519.89,8104.0
2025-05-16 10:10:00,519.9,520.01,519.9,519.95,10368.0
2025-05-16 10:15:00,519.92,520.25,519.85,520.14,22150.0
2025-05-16 10:20:00,520.19,520.45,520.15,520.45,7305.0
2025-05-16 10:25:00,520.42,520.42,520.18,520.24,2722.0
2025-05-16 10:30:00,520.35,520.51,520.35,520.47,17709.0
2025-05-16 10:35:00,520.38,520.42,520.29,520.33,2838.0
2025-05-16 10:40:00,520.44,520.62,520.42,520.49,7594.0
2025-05-16 10:45:00,520.54,520.76,520.53,520.54,8546.0
2025-05-16 10:50:00,520.55,520.55,520.37,520.38,4974.0
2025-05-16 10:55:00,520.38,520.46,520.33,520.45,4981.0
2025-05-16 11:00:00,520.48,520.6,520.26,520.6,22499.0
2025-05-16 11:05:00,520.58,520.58,520.25,520.25,11085.0
2025-05-16 11:10:00,520.24,520.48,520.24,520.44,14254.0
2025-05-16 11:15:00,520.41,520.75,520.4,520.67,7473.0
2025-05-16 11:20:00,520.65,520.87,520.65,520.82,13429.0
2025-05-16 11:25:00,520.86,521.13,520.82,521.02,42855.0
2025-05-16 11:30:00,521.04,521.04,520.62,520.65,21008.0
2025-05-16 11:35:00,520.67,520.779,520.67,520.7,17593.0
2025-05-16 11:40:00,520.69,520.8,520.65,520.66,19454.0
2025-05-16 11:45:00,520.68,520.92,520.65,520.86,5417.0
2025-05-16 11:50:00,520.83,521.0,520.82,521.0,9568.0
2025-05-16 11:55:00,521.07,521.07,520.85,520.93,7280.0
2025-05-16 12:00:00,520.56,521.09,518.15,520.88,84367.0
2025-05-16 12:05:00,520.85,521.09,520.8,520.99,16474.0
2025-05-16 12:10:00,521.03,521.29,518.861,521.25,36320.0
2025-05-16 12:15:00,521.28,521.44,521.2,521.36,19939.0
2025-05-16 12:20:00,521.37,521.5,521.23,521.41,31639.0
2025-05-16 12:25:00,521.42,521.42,521.186,521.36,38745.0
2025-05-16 12:30:00,521.33,521.44,520.7,520.7399,67721.0
2025-05-16 12:35:00,520.73,520.79,520.38,520.44,82014.0
2025-05-16 12:40:00,520.41,520.64,520.28,520.32,41196.0
2025-05-16 12:45:00,520.32,520.45,520.18,520.34,53402.0
2025-05-16 12:50:00,520.37,520.42,520.02,520.05,86413.0
2025-05-16 12:55:00,520.06,520.13,519.9,519.99,56553.0
2025-05-16 13:00:00,520.0,520.16,519.63,520.16,66493.0
2025-05-16 13:05:00,520.136,520.4699,520.136,520.4699,47415.0
2025-05-16 13:10:00,520.43,520.55,520.36,520.47,43448.0
2025-05-16 13:15:00,520.56,520.84,520.54,520.7,49119.0
2025-05-16 13:20:00,520.67,520.95,520.47,520.8,51806.0
2025-05-16 13:25:00,520.75,522.0,520.08,520.7,915060.0
2025-05-16 13:30:00,520.66,520.72,519.47,519.71,1195522.0
2025-05-16 13:35:00,519.72,520.15,519.12,519.96,881349.0
2025-05-16 13:40:00,519.99,520.0,518.79,519.375,795335.0
2025-05-16 13:45:00,519.4,519.99,519.28,519.9699,529009.0
2025-05-16 13:50:00,519.94,520.17,519.5,519.6099,516063.0
2025-05-16 13:55:00,519.58,520.12,519.41,519.97,476087.0
2025-05-16 14:00:00,520.0,520.0,518.86,519.8307,892454.0
2025-05-16 14:05:00,519.87,520.17,519.12,519.78,882205.0
2025-05-16 14:10:00,519.75,519.87,519.05,519.55,526762.0
2025-05-16 14:15:00,519.55,520.35,519.37,520.34,653097.0
2025-05-16 14:20:00,520.34,520.37,519.6951,519.94,568413.0
2025-05-16 14:25:00,519.94,520.3,519.25,519.335,500349.0
2025-05-16 14:30:00,519.35,519.36,518.54,518.83,779182.0
2025-05-16 14:35:00,518.825,518.825,518.22,518.44,756009.0
2025-05-16 14:40:00,518.43,518.46,517.14,517.23,934047.0
2025-05-16 14:45:00,517.21,518.48,517.1,518.42,1295875.0
2025-05-16 14:50:00,518.45,518.86,518.4,518.85,799457.0
2025-05-16 14:55:00,518.87,519.14,518.45,518.7868,405113.0
2025-05-16 15:00:00,518.79,519.17,518.53,518.57,1831378.0
2025-05-16 15:05:00,518.57,519.02,518.42,518.43,363380.0
2025-05-16 15:10:00,518.42,519.15,518.39,518.92,339800.0
2025-05-16 15:15:00,518.91,519.18,518.64,518.8,240262.0
2025-05-16 15:20:00,518.82,518.92,518.42,518.62,335431.0
2025-05-16 15:25:00,518.615,519.0,518.59,518.98,241343.0
2025-05-16 15:30:00,518.99,519.72,518.96,519.53,762355.0
2025-05-16 15:35:00,519.53,519.59,519.22,519.3899,234954.0
2025-05-16 15:40:00,519.39,520.02,519.39,519.74,355761.0
2025-05-16 15:45:00,519.75,519.87,519.48,519.56,297882.0
2025-05-16 15:50:00,519.57,519.72,519.1001,519.59,403775.0
2025-05-16 15:55:00,519.57,519.59,519.18,519.295,291824.0
2025-05-16 16:00:00,519.295,519.85,519.14,519.7,323835.0
2025-05-19 09:30:00,513.53,513.59,513.35,513.36,15831.0
2025-05-19 09:35:00,513.36,513.61,513.32,513.38,8329.0
2025-05-19 09:40:00,513.43,513.7,513.37,513.66,15282.0
2025-05-19 09:45:00,513.52,513.55,513.21,513.24,11200.0
2025-05-19 09:50:00,513.18,513.2,513.06,513.13,6723.0
2025-05-19 09:55:00,513.16,513.42,513.16,513.4,5600.0
2025-05-19 10:00:00,513.4,513.41,512.9,512.93,10475.0
2025-05-19 10:05:00,512.92,512.95,512.71,512.8,12654.0
2025-05-19 10:10:00,512.7,512.89,512.56,512.86,8580.0
2025-05-19 10:15:00,512.88,513.05,512.85,512.88,14163.0
2025-05-19 10:20:00,512.9,513.22,512.8,513.09,10357.0
2025-05-19 10:25:00,513.07,513.48,513.07,513.34,35627.0
2025-05-19 10:30:00,513.34,513.4,513.0,513.4,7526.0
2025-05-19 10:35:00,513.42,513.73,513.42,513.62,21752.0
2025-05-19 10:40:00,513.67,514.15,513.66,514.13,37884.0
2025-05-19 10:45:00,514.12,514.23,513.87,514.18,16074.0
2025-05-19 10:50:00,514.22,514.34,514.12,514.12,20445.0
2025-05-19 10:55:00,514.05,514.05,513.8,513.88,16213.0
2025-05-19 11:00:00,513.9,514.34,513.85,514.3,87856.0
2025-05-19 11:05:00,514.32,514.5,514.17,514.19,68639.0
2025-05-19 11:10:00,514.17,514.17,513.92,513.92,23029.0
2025-05-19 11:15:00,513.93,514.14,513.78,514.08,17697.0
2025-05-19 11:20:00,514.15,514.33,514.02,514.03,18981.0
2025-05-19 11:25:00,514.0,514.29,513.81,513.81,16120.0
2025-05-19 11:30:00,513.76,513.78,513.44,513.49,20798.0
2025-05-19 11:35:00,513.52,513.64,513.42,513.52,28878.0
2025-05-19 11:40:00,513.51,513.7,513.34,513.65,22980.0
2025-05-19 11:45:00,513.7,514.23,513.68,514.19,29531.0
2025-05-19 11:50:00,514.24,514.38,514.1,514.38,42737.0
2025-05-19 11:55:00,514.36,514.56,514.26,514.36,25319.0
2025-05-19 12:00:00,513.88,516.3,512.5604,514.45,217135.0
2025-05-19 12:05:00,514.47,514.47,513.9806,514.02,35762.0
2025-05-19 12:10:00,514.05,514.33,513.89,514.28,39792.0
2025-05-19 12:15:00,514.16,514.16,513.75,513.75,24498.0
2025-05-19 12:20:00,513.73,513.84,513.6,513.61,61386.0
2025-05-19 12:25:00,513.57,513.7,513.5,513.64,29907.0
2025-05-19 12:30:00,513.64,513.91,513.4,513.5,66306.0
2025-05-19 12:35:00,513.56,514.0,513.56,514.0,57912.0
2025-05-19 12:40:00,514.04,514.27,514.01,514.2485,43235.0
2025-05-19 12:45:00,514.25,514.35,513.99,514.28,52082.0
2025-05-19 12:50:00,514.31,514.5,514.26,514.45,33293.0
2025-05-19 12:55:00,514.43,514.59,514.35,514.54,56071.0
2025-05-19 13:00:00,514.54,514.64,514.1701,514.27,52189.0
2025-05-19 13:05:00,514.26,514.38,514.05,514.1,41385.0
2025-05-19 13:10:00,514.13,514.56,513.3,513.5,235390.0
2025-05-19 13:15:00,513.48,513.9,513.12,513.9,150934.0
2025-05-19 13:20:00,513.97,514.09,513.63,513.88,73539.0
2025-05-19 13:25:00,513.8,514.29,513.57,514.29,169280.0
2025-05-19 13:30:00,514.24,515.75,514.24,515.38,1535505.0
2025-05-19 13:35:00,515.37,516.93,515.085,516.78,1294691.0
2025-05-19 13:40:00,516.76,517.47,516.45,517.425,1395222.0
2025-05-19 13:45:00,517.41,518.44,516.92,518.14,1350429.0
2025-05-19 13:50:00,518.13,518.41,517.76,517.93,749201.0
2025-05-19 13:55:00,517.9,518.2991,517.67,518.01,627828.0
2025-05-19 14:00:00,517.99,519.17,517.8,518.83,1072354.0
2025-05-19 14:05:00,518.84,520.95,518.68,520.1,1407266.0
2025-05-19 14:10:00,520.1,520.16,519.36,519.5499,713408.0
2025-05-19 14:15:00,519.55,520.56,519.52,520.18,676193.0
2025-05-19 14:20:00,520.19,520.3,519.52,519.93,588519.0
2025-05-19 14:25:00,519.9,519.9,518.5,519.1667,882472.0
2025-05-19 14:30:00,519.19,519.36,518.62,519.28,415585.0
2025-05-19 14:35:00,519.27,519.72,519.105,519.34,2876223.0
2025-05-19 14:40:00,519.3325,519.88,519.2597,519.6,781855.0
2025-05-19 14:45:00,519.6,519.87,518.62,518.81,383321.0
2025-05-19 14:50:00,518.82,519.48,518.52,519.11,679159.0
2025-05-19 14:55:00,519.095,519.2,518.7,518.8999,249883.0
2025-05-19 15:00:00,518.91,519.33,518.8,519.2898,1027417.0
2025-05-19 15:05:00,519.29,519.37,518.57,519.185,471606.0
2025-05-19 15:10:00,519.185,519.705,519.12,519.54,444363.0
2025-05-19 15:15:00,519.52,519.89,519.46,519.57,396368.0
2025-05-19 15:20:00,519.58,519.73,519.2,519.23,247906.0
2025-05-19 15:25:00,519.23,519.32,519.0,519.16,270196.0
2025-05-19 15:30:00,519.17,519.72,519.04,519.52,330301.0
2025-05-19 15:35:00,519.53,520.34,519.48,520.24,466844.0
2025-05-19 15:40:00,520.26,520.88,520.199,520.2099,699830.0
2025-05-19 15:45:00,520.22,520.43,519.5,519.59,346759.0
2025-05-19 15:50:00,519.595,519.86,519.3515,519.71,238411.0
2025-05-19 15:55:00,519.7,519.98,519.555,519.87,234958.0
2025-05-19 16:00:00,519.88,520.2001,519.74,520.17,275558.0
2025-05-20 09:30:00,519.61,519.89,519.61,519.69,2500.0
2025-05-20 09:35:00,519.85,519.94,519.78,519.94,2352.0
2025-05-20 09:40:00,519.91,519.99,519.88,519.94,4013.0
2025-05-20 09:45:00,519.8,519.85,519.7,519.7,1129.0
2025-05-20 09:50:00,519.72,519.83,519.63,519.7,4347.0
2025-05-20 09:55:00,519.7,519.77,519.59,519.77,3656.0
2025-05-20 10:00:00,519.93,520.03,519.68,519.93,20144.0
2025-05-20 10:05:00,519.98,520.19,519.8,520.19,4669.0
2025-05-20 10:10:00,520.12,520.13,520.04,520.08,3266.0
2025-05-20 10:15:00,520.1,520.46,520.1,520.38,7708.0
2025-05-20 10:20:00,520.41,520.45,520.31,520.33,4290.0
2025-05-20 10:25:00,520.34,520.34,520.16,520.16,990.0
2025-05-20 10:30:00,520.19,520.32,520.12,520.15,4988.0
2025-05-20 10:35:00,520.18,520.19,519.96,520.01,5231.0
2025-05-20 10:40:00,519.98,520.04,519.98,520.04,1055.0
2025-05-20 10:45:00,520.21,520.25,520.21,520.25,2284.0
2025-05-20 10:50:00,520.28,520.34,520.24,520.28,4823.0
2025-05-20 10:55:00,520.26,520.7,520.25,520.7,10571.0
2025-05-20 11:00:00,520.69,520.88,520.56,520.87,14805.0
2025-05-20 11:05:00,520.8,520.92,520.72,520.88,11856.0
2025-05-20 11:10:00,520.96,521.0,520.74,520.89,55241.0
2025-05-20 11:15:00,520.9,521.11,520.89,521.04,23665.0
2025-05-20 11:20:00,521.04,521.11,520.98,521.09,3582.0
2025-05-20 11:25:00,521.15,521.15,521.04,521.1,3961.0
2025-05-20 11:30:00,521.11,521.16,520.92,520.92,20941.0
2025-05-20 11:35:00,520.88,521.1,520.76,521.08,11895.0
2025-05-20 11:40:00,521.03,521.04,520.93,521.04,4518.0
2025-05-20 11:45:00,520.86,521.04,520.83,521.04,11174.0
2025-05-20 11:50:00,520.86,520.93,520.77,520.8,5666.0
2025-05-20 11:55:00,520.78,520.85,520.7,520.72,13448.0
2025-05-20 12:00:00,520.76,521.16,519.05,520.66,92360.0
2025-05-20 12:05:00,520.69,521.619,520.66,520.66,26430.0
2025-05-20 12:10:00,520.63,520.75,520.6,520.68,19614.0
2025-05-20 12:15:00,520.75,520.86,520.68,520.83,38872.0
2025-05-20 12:20:00,520.8,520.8,520.45,520.5,22083.0
2025-05-20 12:25:00,520.43,520.46,520.28,520.33,9980.0
2025-05-20 12:30:00,520.33,520.35,520.15,520.22,38448.0
2025-05-20 12:35:00,520.1998,520.1998,519.62,519.73,72643.0
2025-05-20 12:40:00,519.84,520.02,519.82,519.96,13027.0
2025-05-20 12:45:00,519.86,520.14,519.71,520.09,29928.0
2025-05-20 12:50:00,520.03,520.03,519.81,519.9,24379.0
2025-05-20 12:55:00,519.86,520.03,519.83,520.01,12016.0
2025-05-20 13:00:00,519.991,520.38,519.9557,520.35,31398.0
2025-05-20 13:05:00,520.29,520.38,520.26,520.3,16583.0
2025-05-20 13:10:00,520.35,520.35,520.13,520.33,12431.0
2025-05-20 13:15:00,520.3,520.44,520.08,520.3,17854.0
2025-05-20 13:20:00,520.35,520.54,519.93,519.93,52452.0
2025-05-20 13:25:00,519.93,520.14,519.28,519.41,72002.0
2025-05-20 13:30:00,519.47,520.05,519.32,519.67,1098779.0
2025-05-20 13:35:00,519.65,519.91,518.96,519.84,740413.0
2025-05-20 13:40:00,519.83,520.095,519.04,519.47,651491.0
2025-05-20 13:45:00,519.49,519.57,518.16,518.54,732090.0
2025-05-20 13:50:00,518.47,519.92,518.07,519.72,846144.0
2025-05-20 13:55:00,519.7001,519.7893,518.6982,519.03,619936.0
2025-05-20 14:00:00,519.03,519.28,518.6,519.2,583804.0
2025-05-20 14:05:00,519.19,519.51,518.43,518.44,541865.0
2025-05-20 14:10:00,518.41,519.0,518.28,518.82,526319.0
2025-05-20 14:15:00,518.81,519.4793,518.76,519.29,1245708.0
2025-05-20 14:20:00,519.3,519.79,519.0893,519.14,807844.0
2025-05-20 14:25:00,519.12,519.56,518.65,519.03,533786.0
2025-05-20 14:30:00,518.99,519.27,518.73,519.23,345350.0
2025-05-20 14:35:00,519.21,520.18,519.1,520.1001,634729.0
2025-05-20 14:40:00,520.12,520.29,519.97,520.25,536129.0
2025-05-20 14:45:00,520.26,520.38,520.05,520.3025,274477.0
2025-05-20 14:50:00,520.3,520.3,519.82,520.1,1120254.0
2025-05-20 14:55:00,520.1,520.22,519.26,519.34,560282.0
2025-05-20 15:00:00,519.33,519.64,518.86,519.4,754142.0
2025-05-20 15:05:00,519.4,519.57,519.14,519.47,261880.0
2025-05-20 15:10:00,519.46,519.76,519.295,519.52,313680.0
2025-05-20 15:15:00,519.52,519.92,519.45,519.745,257532.0
2025-05-20 15:20:00,519.76,519.89,519.36,519.37,207919.0
2025-05-20 15:25:00,519.36,519.75,519.26,519.69,306614.0
2025-05-20 15:30:00,519.69,519.82,519.35,519.59,293256.0
2025-05-20 15:35:00,519.59,519.64,519.28,519.45,246794.0
2025-05-20 15:40:00,519.48,519.5,519.005,519.0801,258633.0
2025-05-20 15:45:00,519.0707,519.68,518.93,519.63,324648.0
2025-05-20 15:50:00,519.64,519.74,519.44,519.5794,447052.0
2025-05-20 15:55:00,519.58,520.25,519.58,520.0,566631.0
2025-05-20 16:00:00,520.0,520.15,519.8,519.96,529748.0
2025-05-21 09:30:00,516.8,516.8,516.36,516.76,9488.0
2025-05-21 09:35:00,516.74,516.97,516.74,516.91,2727.0
2025-05-21 09:40:00,516.83,516.91,516.0,516.06,10315.0
2025-05-21 09:45:00,516.08,516.34,516.0,516.31,12388.0
2025-05-21 09:50:00,516.25,516.41,516.2,516.2,1809.0
2025-05-21 09:55:00,516.19,516.19,516.05,516.09,4234.0
2025-05-21 10:00:00,516.16,516.16,515.6,515.8,21329.0
2025-05-21 10:05:00,515.74,515.79,515.55,515.76,18812.0
2025-05-21 10:10:00,515.75,515.94,515.63,515.94,19466.0
2025-05-21 10:15:00,515.92,516.07,515.8,515.8,5709.0
2025-05-21 10:20:00,515.8,515.83,515.17,515.18,30906.0
2025-05-21 10:25:00,515.2,515.54,515.0,515.53,39320.0
2025-05-21 10:30:00,515.6,515.96,515.57,515.96,16169.0
2025-05-21 10:35:00,516.01,516.17,515.85,516.09,10236.0
2025-05-21 10:40:00,516.07,516.25,516.01,516.23,15057.0
2025-05-21 10:45:00,516.26,516.42,516.0,516.42,16466.0
2025-05-21 10:50:00,516.46,516.73,516.45,516.51,17850.0
2025-05-21 10:55:00,516.52,516.8,516.52,516.73,10421.0
2025-05-21 11:00:00,516.75,516.87,516.69,516.75,14192.0
2025-05-21 11:05:00,516.76,517.16,516.76,517.14,15567.0
2025-05-21 11:10:00,517.19,517.25,517.04,517.08,15865.0
2025-05-21 11:15:00,517.11,517.54,517.07,517.38,8967.0
2025-05-21 11:20:00,517.5,517.72,517.5,517.62,13046.0
2025-05-21 11:25:00,517.55,517.81,517.51,517.73,9932.0
2025-05-21 11:30:00,517.66,517.71,517.36,517.46,14575.0
2025-05-21 11:35:00,517.461,517.54,517.44,517.51,5652.0
2025-05-21 11:40:00,517.55,518.01,517.46,517.86,21991.0
2025-05-21 11:45:00,517.92,517.92,517.47,517.65,10491.0
2025-05-21 11:50:00,517.75,517.97,517.75,517.94,14522.0
2025-05-21 11:55:00,517.93,518.4,517.76,517.77,27865.0
2025-05-21 12:00:00,516.75,519.88,515.245,517.1685,127445.0
2025-05-21 12:05:00,517.18,517.22,516.5,516.79,45375.0
2025-05-21 12:10:00,516.86,517.05,516.77,516.99,20744.0
2025-05-21 12:15:00,516.89,517.18,516.89,517.03,10667.0
2025-05-21 12:20:00,517.2,517.5187,517.2,517.4266,19010.0
2025-05-21 12:25:00,517.44,517.79,517.34,517.39,23576.0
2025-05-21 12:30:00,517.3701,517.3701,516.63,516.7,28416.0
2025-05-21 12:35:00,516.75,516.98,516.52,516.56,29474.0
2025-05-21 12:40:00,516.57,516.75,516.44,516.7,23122.0
2025-05-21 12:45:00,516.67,516.89,516.63,516.7511,14673.0
2025-05-21 12:50:00,516.8,516.99,516.65,516.82,13662.0
2025-05-21 12:55:00,516.9,517.16,516.9,517.07,18453.0
2025-05-21 13:00:00,517.13,517.2,516.63,516.95,12299.0
2025-05-21 13:05:00,516.89,516.9,516.62,516.73,13910.0
2025-05-21 13:10:00,516.72,516.73,516.26,516.35,24274.0
2025-05-21 13:15:00,516.35,516.5,516.16,516.26,32674.0
2025-05-21 13:20:00,516.23,516.29,516.02,516.15,43624.0
2025-05-21 13:25:00,516.01,516.4,515.91,516.24,60501.0
2025-05-21 13:30:00,516.27,517.8594,516.21,517.23,1410643.0
2025-05-21 13:35:00,517.24,517.78,517.09,517.78,838543.0
2025-05-21 13:40:00,517.75,518.52,517.3,518.3,1093835.0
2025-05-21 13:45:00,518.34,518.81,518.14,518.7899,776274.0
2025-05-21 13:50:00,518.76,519.3,518.47,518.66,851590.0
2025-05-21 13:55:00,518.64,519.16,518.43,518.57,505526.0
2025-05-21 14:00:00,518.57,520.08,518.3,519.1,1484632.0
2025-05-21 14:05:00,519.1,519.6086,518.8,519.46,718058.0
2025-05-21 14:10:00,519.46,519.51,518.64,518.84,621484.0
2025-05-21 14:15:00,518.85,519.18,518.75,519.03,442121.0
2025-05-21 14:20:00,519.04,519.5,518.96,519.09,463002.0
2025-05-21 14:25:00,519.06,519.39,518.6503,518.81,658206.0
2025-05-21 14:30:00,518.8,519.43,518.56,518.7,731540.0
2025-05-21 14:35:00,518.69,519.32,518.53,519.28,605326.0
2025-05-21 14:40:00,519.27,519.57,518.7,518.84,475236.0
2025-05-21 14:45:00,518.84,519.27,518.58,519.2597,373838.0
2025-05-21 14:50:00,519.27,519.75,519.21,519.41,515661.0
2025-05-21 14:55:00,519.42,520.59,519.41,520.5594,592895.0
2025-05-21 15:00:00,520.54,521.06,520.32,520.878,738494.0
2025-05-21 15:05:00,520.87,522.04,520.63,521.91,1101465.0
2025-05-21 15:10:00,521.93,522.12,521.53,522.03,730899.0
2025-05-21 15:15:00,522.0101,522.21,521.67,521.88,596258.0
2025-05-21 15:20:00,521.87,522.43,521.56,522.4,694032.0
2025-05-21 15:25:00,522.4,522.43,522.02,522.06,484434.0
2025-05-21 15:30:00,522.05,522.14,521.695,521.92,449310.0
2025-05-21 15:35:00,521.94,521.98,521.42,521.88,572341.0
2025-05-21 15:40:00,521.89,522.17,521.66,522.1007,367566.0
2025-05-21 15:45:00,522.1,522.19,521.69,521.94,440267.0
2025-05-21 15:50:00,521.95,522.4,521.75,522.3313,398548.0
2025-05-21 15:55:00,522.3,522.37,521.78,521.96,923782.0
2025-05-21 16:00:00,521.96,522.32,521.95,522.26,483762.0
2025-05-22 09:30:00,514.55,514.58,514.42,514.42,2123.0
2025-05-22 09:35:00,514.52,514.78,514.52,514.72,9387.0
2025-05-22 09:40:00,514.66,514.66,514.27,514.31,6185.0
2025-05-22 09:45:00,514.3,514.31,514.14,514.18,8387.0
2025-05-22 09:50:00,514.2,514.32,514.15,514.24,14324.0
2025-05-22 09:55:00,514.43,514.57,514.25,514.56,20961.0
2025-05-22 10:00:00,514.41,514.41,514.17,514.2,5505.0
2025-05-22 10:05:00,514.22,514.22,513.78,513.78,17525.0
2025-05-22 10:10:00,513.75,514.39,513.75,514.37,9919.0
2025-05-22 10:15:00,514.36,514.53,514.32,514.51,57227.0
2025-05-22 10:20:00,514.48,514.53,514.4,514.4,3868.0
2025-05-22 10:25:00,514.48,514.58,514.25,514.56,8027.0
2025-05-22 10:30:00,514.59,514.59,514.24,514.3,12609.0
2025-05-22 10:35:00,514.45,514.45,514.32,514.42,2698.0
2025-05-22 10:40:00,514.33,514.45,514.33,514.34,4834.0
2025-05-22 10:45:00,514.36,514.4,514.3,514.34,3744.0
2025-05-22 10:50:00,514.35,514.42,514.3,514.42,3803.0
2025-05-22 10:55:00,514.31,514.63,514.03,514.14,35391.0
2025-05-22 11:00:00,514.11,514.93,514.11,514.85,88148.0
2025-05-22 11:05:00,514.8,515.45,514.75,515.4,46339.0
2025-05-22 11:10:00,515.27,515.27,514.23,514.26,51318.0
2025-05-22 11:15:00,514.27,514.62,514.13,514.57,41186.0
2025-05-22 11:20:00,514.65,514.81,514.49,514.52,13527.0
2025-05-22 11:25:00,514.41,514.47,513.94,513.94,25352.0
2025-05-22 11:30:00,513.93,514.27,513.83,513.92,44546.0
2025-05-22 11:35:00,513.96,513.99,513.51,513.6,35639.0
2025-05-22 11:40:00,513.66,513.87,513.5,513.67,18811.0
2025-05-22 11:45:00,513.64,513.68,513.05,513.08,40388.0
2025-05-22 11:50:00,513.1,513.1,512.67,512.7,38728.0
2025-05-22 11:55:00,512.72,512.92,511.52,511.54,70556.0
2025-05-22 12:00:00,514.87,515.4,511.2301,511.63,232977.0
2025-05-22 12:05:00,511.86,512.34,511.78,512.3,44152.0
2025-05-22 12:10:00,512.2799,512.2799,511.16,511.24,74882.0
2025-05-22 12:15:00,511.191,511.25,510.51,511.0,120184.0
2025-05-22 12:20:00,510.98,511.26,510.5309,510.5796,58157.0
2025-05-22 12:25:00,510.58,511.11,510.58,510.76,48549.0
2025-05-22 12:30:00,510.62,511.57,510.57,511.51,65360.0
2025-05-22 12:35:00,511.54,512.38,511.44,512.34,72168.0
2025-05-22 12:40:00,512.24,512.8,512.2202,512.6,53839.0
2025-05-22 12:45:00,512.52,513.4,512.5,513.36,56270.0
2025-05-22 12:50:00,513.36,513.75,513.2,513.69,81815.0
2025-05-22 12:55:00,513.61,514.26,513.58,514.17,80883.0
2025-05-22 13:00:00,514.22,514.84,514.2,514.48,178677.0
2025-05-22 13:05:00,514.45,515.02,514.25,514.6,135079.0
2025-05-22 13:10:00,514.5,514.6599,514.32,514.32,57448.0
2025-05-22 13:15:00,514.36,514.36,513.66,513.67,116920.0
2025-05-22 13:20:00,513.66,514.13,513.56,513.96,65052.0
2025-05-22 13:25:00,513.81,514.21,513.54,513.62,65524.0
2025-05-22 13:30:00,513.66,514.86,512.47,512.53,1401623.0
2025-05-22 13:35:00,512.52,514.08,512.3,513.335,1148268.0
2025-05-22 13:40:00,513.27,514.38,512.99,513.3399,1136551.0
2025-05-22 13:45:00,513.46,514.11,513.17,513.94,889002.0
2025-05-22 13:50:00,513.93,515.87,513.51,515.29,1325910.0
2025-05-22 13:55:00,515.29,516.62,515.08,516.5,927650.0
2025-05-22 14:00:00,516.52,517.28,516.32,517.01,902444.0
2025-05-22 14:05:00,517.02,517.54,516.68,517.23,870747.0
2025-05-22 14:10:00,517.23,517.23,515.89,516.12,807264.0
2025-05-22 14:15:00,516.13,516.43,515.72,515.89,576572.0
2025-05-22 14:20:00,515.85,515.89,514.77,514.97,729312.0
2025-05-22 14:25:00,514.99,515.66,514.658,515.19,754363.0
2025-05-22 14:30:00,515.21,515.95,515.01,515.49,793518.0
2025-05-22 14:35:00,515.47,515.8,514.56,514.88,622615.0
2025-05-22 14:40:00,514.9,515.88,514.6,514.875,733017.0
2025-05-22 14:45:00,514.84,515.65,514.715,514.97,603324.0
2025-05-22 14:50:00,515.02,515.24,514.26,514.35,673845.0
2025-05-22 14:55:00,514.33,515.365,513.58,515.17,1185787.0
2025-05-22 15:00:00,515.1491,515.72,515.04,515.5,801591.0
2025-05-22 15:05:00,515.52,515.9091,514.97,515.585,626131.0
2025-05-22 15:10:00,515.59,515.68,515.06,515.1,329248.0
2025-05-22 15:15:00,515.09,515.24,514.48,515.24,468546.0
2025-05-22 15:20:00,515.24,516.02,515.07,515.85,538423.0
2025-05-22 15:25:00,515.87,516.02,514.5,514.55,667060.0
2025-05-22 15:30:00,514.54,515.37,514.38,515.31,1770927.0
2025-05-22 15:35:00,515.28,515.84,514.98,515.41,667238.0
2025-05-22 15:40:00,515.36,515.95,515.22,515.83,432514.0
2025-05-22 15:45:00,515.8,516.34,515.4809,515.625,553345.0
2025-05-22 15:50:00,515.62,515.97,515.4207,515.89,425012.0
2025-05-22 15:55:00,515.88,516.15,515.68,516.14,362749.0
2025-05-22 16:00:00,516.13,516.38,515.92,516.145,465551.0
2025-05-23 09:30:00,512.82,513.41,512.82,513.41,14988.0
2025-05-23 09:35:00,513.42,513.78,513.41,513.77,7419.0
2025-05-23 09:40:00,513.75,513.82,513.72,513.77,5798.0
2025-05-23 09:45:00,513.8,513.88,513.4,513.68,10306.0
2025-05-23 09:50:00,513.8,514.21,513.78,514.2,15217.0
2025-05-23 09:55:00,514.3,514.42,514.23,514.23,8978.0
2025-05-23 10:00:00,514.26,514.45,514.17,514.17,6581.0
2025-05-23 10:05:00,514.05,514.3,514.05,514.16,3436.0
2025-05-23 10:10:00,514.08,514.12,513.82,513.84,5593.0
2025-05-23 10:15:00,513.84,513.84,513.66,513.79,3222.0
2025-05-23 10:20:00,513.78,513.99,513.76,513.99,2368.0
2025-05-23 10:25:00,513.93,514.12,513.93,514.05,3400.0
2025-05-23 10:30:00,513.95,513.95,513.82,513.92,2221.0
2025-05-23 10:35:00,513.75,513.75,513.36,513.36,7043.0
2025-05-23 10:40:00,513.42,513.81,513.42,513.77,4585.0
2025-05-23 10:45:00,513.9,514.08,513.74,514.08,4261.0
2025-05-23 10:50:00,514.02,514.05,513.83,513.84,6011.0
2025-05-23 10:55:00,513.74,514.09,513.74,514.09,6727.0
2025-05-23 11:00:00,514.1,514.26,513.88,513.9,16288.0
2025-05-23 11:05:00,513.85,513.91,513.66,513.91,14631.0
2025-05-23 11:10:00,513.97,514.0,513.81,513.95,3819.0
2025-05-23 11:15:00,513.9,514.19,512.52,512.65,39816.0
2025-05-23 11:20:00,512.5,512.5,511.0,511.67,166424.0
2025-05-23 11:25:00,511.86,512.19,511.65,512.1,63414.0
2025-05-23 11:30:00,512.02,512.61,512.0,512.41,38340.0
2025-05-23 11:35:00,512.48,512.5,511.72,512.41,46462.0
2025-05-23 11:40:00,512.34,512.5,507.29,508.18,261379.0
2025-05-23 11:45:00,508.26,508.57,506.0,506.59,325218.0
2025-05-23 11:50:00,506.59,507.49,506.16,507.49,304893.0
2025-05-23 11:55:00,507.5,507.57,505.18,505.67,177968.0
2025-05-23 12:00:00,514.23,515.327,504.61,504.84,466150.0
2025-05-23 12:05:00,504.83,505.44,503.99,504.93,259531.0
2025-05-23 12:10:00,504.72,505.21,503.74,504.56,170164.0
2025-05-23 12:15:00,504.57,505.35,504.37,504.45,174073.0
2025-05-23 12:20:00,504.44,504.499,503.28,503.8,191627.0
2025-05-23 12:25:00,503.71,505.53,503.69,505.4,195792.0
2025-05-23 12:30:00,505.42,505.85,504.79,505.33,137554.0
2025-05-23 12:35:00,505.24,505.9,505.06,505.14,153380.0
2025-05-23 12:40:00,505.24,505.47,504.75,505.45,92087.0
2025-05-23 12:45:00,505.43,505.64,504.67,505.42,89121.0
2025-05-23 12:50:00,505.42,505.45,504.54,504.82,77812.0
2025-05-23 12:55:00,504.8401,505.09,504.5,505.09,53282.0
2025-05-23 13:00:00,504.87,504.87,504.11,504.27,98975.0
2025-05-23 13:05:00,504.32,505.15,504.15,505.09,70715.0
2025-05-23 13:10:00,505.11,505.28,504.3631,504.58,105418.0
2025-05-23 13:15:00,504.53,505.13,504.0,504.86,113904.0
2025-05-23 13:20:00,504.84,504.99,504.3,504.81,74226.0
2025-05-23 13:25:00,504.85,506.22,504.75,506.16,168645.0
2025-05-23 13:30:00,506.18,507.99,505.58,507.64,2921158.0
2025-05-23 13:35:00,507.62,508.715,507.5,507.87,1542296.0
2025-05-23 13:40:00,507.84,508.28,506.78,507.57,1106316.0
2025-05-23 13:45:00,507.61,507.67,506.06,506.5,1185780.0
2025-05-23 13:50:00,506.5,507.62,506.19,506.82,1235620.0
2025-05-23 13:55:00,506.8,507.45,506.57,507.14,695514.0
2025-05-23 14:00:00,507.15,508.31,506.98,508.08,1232960.0
2025-05-23 14:05:00,508.11,508.56,507.78,508.08,800189.0
2025-05-23 14:10:00,508.07,509.68,507.775,509.1102,812948.0
2025-05-23 14:15:00,509.11,509.4,508.23,508.25,546375.0
2025-05-23 14:20:00,508.25,509.21,507.71,509.16,586724.0
2025-05-23 14:25:00,509.175,509.56,508.16,508.45,686125.0
2025-05-23 14:30:00,508.45,509.34,508.23,509.25,1010841.0
2025-05-23 14:35:00,509.28,509.43,508.812,509.09,506680.0
2025-05-23 14:40:00,509.1,509.52,508.54,508.995,523107.0
2025-05-23 14:45:00,509.0,509.5392,508.6413,509.04,509237.0
2025-05-23 14:50:00,509.06,509.17,507.96,508.0,651863.0
2025-05-23 14:55:00,508.02,508.22,507.6,507.67,607197.0
2025-05-23 15:00:00,507.67,508.645,507.62,508.18,717710.0
2025-05-23 15:05:00,508.21,508.25,507.3,508.0,607617.0
2025-05-23 15:10:00,508.03,508.32,507.32,507.8299,590730.0
2025-05-23 15:15:00,507.81,508.42,507.06,508.08,527331.0
2025-05-23 15:20:00,508.06,508.92,507.9999,508.81,431188.0
2025-05-23 15:25:00,508.8,508.98,508.57,508.88,323246.0
2025-05-23 15:30:00,508.84,509.488,508.73,509.4799,421453.0
2025-05-23 15:35:00,509.43,510.03,509.02,509.1351,734420.0
2025-05-23 15:40:00,509.18,509.67,509.05,509.47,375775.0
2025-05-23 15:45:00,509.46,509.58,508.98,509.32,336371.0
2025-05-23 15:50:00,509.3,509.36,508.37,508.72,430720.0
2025-05-23 15:55:00,508.77,508.8,508.25,508.27,457921.0
2025-05-23 16:00:00,508.265,509.19,508.03,508.12,999200.0
2025-05-27 09:30:00,517.57,518.13,517.49,518.02,17346.0
2025-05-27 09:35:00,518.08,518.31,518.03,518.24,23178.0
2025-05-27 09:40:00,518.24,518.38,518.01,518.13,29760.0
2025-05-27 09:45:00,518.18,518.43,517.94,517.94,22223.0
2025-05-27 09:50:00,517.93,518.06,517.93,517.96,5570.0
2025-05-27 09:55:00,517.92,518.0,517.88,517.97,5591.0
2025-05-27 10:00:00,517.85,517.86,517.73,517.86,4496.0
2025-05-27 10:05:00,517.86,518.0,517.86,518.0,3631.0
2025-05-27 10:10:00,517.99,517.99,517.73,517.9,7901.0
2025-05-27 10:15:00,518.04,518.21,518.04,518.07,4771.0
2025-05-27 10:20:00,518.06,518.21,518.05,518.08,3568.0
2025-05-27 10:25:00,518.1,518.27,518.08,518.24,8865.0
2025-05-27 10:30:00,518.36,518.38,517.65,518.04,44397.0
2025-05-27 10:35:00,518.08,518.08,517.73,517.9,5684.0
2025-05-27 10:40:00,517.88,517.94,517.56,517.89,12179.0
2025-05-27 10:45:00,517.85,517.85,517.38,517.38,4822.0
2025-05-27 10:50:00,517.34,517.51,517.31,517.44,8917.0
2025-05-27 10:55:00,517.41,517.41,517.22,517.28,15286.0
2025-05-27 11:00:00,517.21,517.21,516.66,516.74,48219.0
2025-05-27 11:05:00,516.73,516.9,516.47,516.9,56972.0
2025-05-27 11:10:00,516.87,517.1,516.73,517.1,35462.0
2025-05-27 11:15:00,517.02,517.1,516.62,516.72,22761.0
2025-05-27 11:20:00,516.78,516.88,516.62,516.69,10321.0
2025-05-27 11:25:00,516.74,517.04,516.68,516.99,11910.0
2025-05-27 11:30:00,517.01,517.31,516.97,517.29,26270.0
2025-05-27 11:35:00,517.34,517.36,517.16,517.2,17144.0
2025-05-27 11:40:00,517.18,517.36,517.12,517.14,10120.0
2025-05-27 11:45:00,517.27,517.39,517.03,517.03,16730.0
2025-05-27 11:50:00,516.95,517.22,516.95,517.22,6436.0
2025-05-27 11:55:00,517.2,517.27,517.06,517.06,5173.0
2025-05-27 12:00:00,516.71,518.49,513.76,517.0,145649.0
2025-05-27 12:05:00,517.01,517.15,508.859,517.0,28807.0
2025-05-27 12:10:00,516.99,517.05,516.74,516.77,15152.0
2025-05-27 12:15:00,516.77,516.85,516.36,516.5,26640.0
2025-05-27 12:20:00,516.45,517.25,516.36,516.86,80981.0
2025-05-27 12:25:00,516.98,517.0,516.71,516.88,17217.0
2025-05-27 12:30:00,516.7804,517.13,516.7804,517.01,27062.0
2025-05-27 12:35:00,517.09,517.17,516.68,516.77,33468.0
2025-05-27 12:40:00,516.72,516.72,516.2,516.3,61474.0
2025-05-27 12:45:00,516.32,516.77,516.32,516.69,18601.0
2025-05-27 12:50:00,516.671,516.671,516.12,516.15,38321.0
2025-05-27 12:55:00,516.11,516.62,516.05,516.62,30366.0
2025-05-27 13:00:00,516.64,516.969,516.55,516.91,21652.0
2025-05-27 13:05:00,516.86,517.09,516.8,517.01,35700.0
2025-05-27 13:10:00,517.0301,517.14,516.99,517.07,43134.0
2025-05-27 13:15:00,517.09,517.43,517.06,517.35,58749.0
2025-05-27 13:20:00,517.38,517.52,517.25,517.2595,38665.0
2025-05-27 13:25:00,517.23,517.23,516.06,516.1,217005.0
2025-05-27 13:30:00,516.15,516.8,515.31,515.59,1969202.0
2025-05-27 13:35:00,515.59,515.64,514.59,515.41,1090195.0
2025-05-27 13:40:00,515.4,515.86,515.08,515.77,834368.0
2025-05-27 13:45:00,515.78,516.66,515.66,516.33,838433.0
2025-05-27 13:50:00,516.34,516.74,515.95,516.54,617584.0
2025-05-27 13:55:00,516.53,517.1,516.51,516.9901,491793.0
2025-05-27 14:00:00,517.03,518.19,516.98,517.98,749445.0
2025-05-27 14:05:00,517.98,518.41,517.9,518.365,701104.0
2025-05-27 14:10:00,518.36,518.79,518.245,518.3899,793391.0
2025-05-27 14:15:00,518.39,518.98,518.3,518.95,733490.0
2025-05-27 14:20:00,518.94,519.01,518.6701,518.87,762176.0
2025-05-27 14:25:00,518.87,519.17,518.74,518.85,755653.0
2025-05-27 14:30:00,518.86,519.22,518.81,519.05,504477.0
2025-05-27 14:35:00,519.02,519.11,518.56,519.06,633531.0
2025-05-27 14:40:00,519.06,519.18,518.78,518.88,380434.0
2025-05-27 14:45:00,518.89,519.31,518.79,518.92,601779.0
2025-05-27 14:50:00,518.92,519.2,518.82,518.92,401371.0
2025-05-27 14:55:00,518.9,518.995,518.35,518.496,473406.0
2025-05-27 15:00:00,518.49,518.87,518.44,518.805,409104.0
2025-05-27 15:05:00,518.82,518.93,518.53,518.8,451904.0
2025-05-27 15:10:00,518.79,519.07,518.73,519.035,260554.0
2025-05-27 15:15:00,519.04,519.21,518.92,519.13,386825.0
2025-05-27 15:20:00,519.14,519.28,518.7722,519.26,324714.0
2025-05-27 15:25:00,519.27,519.575,519.19,519.34,569447.0
2025-05-27 15:30:00,519.32,519.435,519.08,519.335,367939.0
2025-05-27 15:35:00,519.3,519.41,519.09,519.17,303740.0
2025-05-27 15:40:00,519.16,519.35,518.82,519.2001,332603.0
2025-05-27 15:45:00,519.21,519.45,519.11,519.39,307957.0
2025-05-27 15:50:00,519.39,519.69,519.29,519.62,478686.0
2025-05-27 15:55:00,519.62,519.71,519.325,519.56,382242.0
2025-05-27 16:00:00,519.57,519.89,519.47,519.8,579418.0
2025-05-28 09:30:00,520.01,520.15,519.92,520.15,4179.0
2025-05-28 09:35:00,520.05,520.22,520.05,520.2,2630.0
2025-05-28 09:40:00,520.18,520.2,519.88,519.91,11321.0
2025-05-28 09:45:00,520.02,520.18,520.02,520.16,4313.0
2025-05-28 09:50:00,520.09,520.32,520.09,520.27,3852.0
2025-05-28 09:55:00,520.24,520.38,520.22,520.38,2296.0
2025-05-28 10:00:00,520.38,520.56,520.37,520.56,4630.0
2025-05-28 10:05:00,520.52,520.79,520.49,520.78,8440.0
2025-05-28 10:10:00,520.75,520.89,520.7,520.89,12299.0
2025-05-28 10:15:00,520.9,521.2,520.84,520.84,11243.0
2025-05-28 10:20:00,520.83,521.01,520.82,520.9,2861.0
2025-05-28 10:25:00,520.93,521.05,520.9,521.02,5398.0
2025-05-28 10:30:00,521.07,521.78,521.06,521.71,47079.0
2025-05-28 10:35:00,521.66,522.02,521.64,521.84,19214.0
2025-05-28 10:40:00,521.95,522.14,521.92,522.03,16839.0
2025-05-28 10:45:00,522.05,522.25,522.04,522.04,18007.0
2025-05-28 10:50:00,522.15,522.41,522.14,522.35,8970.0
2025-05-28 10:55:00,522.36,522.52,522.2,522.52,8609.0
2025-05-28 11:00:00,522.48,522.65,522.11,522.17,30585.0
2025-05-28 11:05:00,522.17,522.26,521.91,522.2,20389.0
2025-05-28 11:10:00,522.17,522.26,522.01,522.11,9098.0
2025-05-28 11:15:00,522.21,522.21,522.06,522.08,5659.0
2025-05-28 11:20:00,521.96,521.96,521.791,521.8,11657.0
2025-05-28 11:25:00,521.85,522.03,521.85,521.95,18957.0
2025-05-28 11:30:00,521.98,522.37,521.97,522.0,16032.0
2025-05-28 11:35:00,522.16,522.16,521.99,522.1,14003.0
2025-05-28 11:40:00,522.16,522.16,521.89,521.94,7991.0
2025-05-28 11:45:00,521.86,522.05,521.83,521.93,5174.0
2025-05-28 11:50:00,521.96,522.11,521.96,522.11,26298.0
2025-05-28 11:55:00,522.12,522.28,522.1,522.21,17359.0
2025-05-28 12:00:00,522.4,522.5795,520.054,522.269,97214.0
2025-05-28 12:05:00,522.269,522.46,522.22,522.29,17804.0
2025-05-28 12:10:00,522.29,522.5,522.23,522.48,14997.0
2025-05-28 12:15:00,522.4781,522.6,522.4,522.4,27935.0
2025-05-28 12:20:00,522.48,522.77,522.42,522.7,31730.0
2025-05-28 12:25:00,522.7,522.71,522.28,522.4,31604.0
2025-05-28 12:30:00,522.4089,522.41,522.2,522.34,14691.0
2025-05-28 12:35:00,522.43,522.74,522.42,522.72,15259.0
2025-05-28 12:40:00,522.75,522.97,522.69,522.95,22365.0
2025-05-28 12:45:00,522.95,522.97,522.42,522.46,31892.0
2025-05-28 12:50:00,522.5,522.54,522.13,522.26,34927.0
2025-05-28 12:55:00,522.25,522.33,522.2,522.27,18561.0
2025-05-28 13:00:00,522.2799,522.4,522.1202,522.2,25158.0
2025-05-28 13:05:00,522.31,522.4,522.19,522.3,21916.0
2025-05-28 13:10:00,522.43,522.55,522.27,522.43,25490.0
2025-05-28 13:15:00,522.46,522.46,522.15,522.34,17223.0
2025-05-28 13:20:00,522.3508,522.3508,521.99,522.02,28454.0
2025-05-28 13:25:00,521.99,522.2,521.79,522.16,57395.0
2025-05-28 13:30:00,522.18,522.71,521.85,522.7,1083412.0
2025-05-28 13:35:00,522.71,523.49,522.37,523.45,980036.0
2025-05-28 13:40:00,523.44,523.68,523.0299,523.11,706711.0
2025-05-28 13:45:00,523.12,523.17,521.58,521.665,824084.0
2025-05-28 13:50:00,521.67,522.21,521.301,521.858,495703.0
2025-05-28 13:55:00,521.86,521.9,520.91,521.27,525223.0
2025-05-28 14:00:00,521.28,521.7599,521.18,521.55,469286.0
2025-05-28 14:05:00,521.5317,521.7,521.16,521.29,387703.0
2025-05-28 14:10:00,521.28,521.56,521.0201,521.39,402592.0
2025-05-28 14:15:00,521.38,521.59,520.972,521.23,412977.0
2025-05-28 14:20:00,521.23,521.405,520.59,521.31,489336.0
2025-05-28 14:25:00,521.27,521.38,520.79,521.0,414739.0
2025-05-28 14:30:00,521.01,521.15,520.625,520.95,390945.0
2025-05-28 14:35:00,520.97,521.06,520.45,520.68,462945.0
2025-05-28 14:40:00,520.67,521.19,520.5828,520.78,387624.0
2025-05-28 14:45:00,520.78,521.05,520.56,520.97,314323.0
2025-05-28 14:50:00,520.99,521.04,520.53,520.59,373999.0
2025-05-28 14:55:00,520.61,520.77,520.3,520.4116,335967.0
2025-05-28 15:00:00,520.4193,521.3,520.33,521.26,458002.0
2025-05-28 15:05:00,521.25,521.3,520.82,521.05,383480.0
2025-05-28 15:10:00,521.04,521.05,520.54,520.57,331039.0
2025-05-28 15:15:00,520.58,521.21,520.58,521.21,340780.0
2025-05-28 15:20:00,521.2,521.52,521.1,521.25,1413100.0
2025-05-28 15:25:00,521.24,521.3036,520.91,521.055,274802.0
2025-05-28 15:30:00,521.05,521.285,520.86,520.91,351336.0
2025-05-28 15:35:00,520.92,521.01,520.63,520.93,568539.0
2025-05-28 15:40:00,520.9388,521.15,520.8,520.875,278778.0
2025-05-28 15:45:00,520.87,521.01,520.78,520.84,173719.0
2025-05-28 15:50:00,520.85,521.18,520.84,521.02,270511.0
2025-05-28 15:55:00,521.03,521.1,520.46,520.53,315305.0
2025-05-28 16:00:00,520.5387,521.18,520.53,521.1499,314419.0
2025-05-29 09:30:00,529.25,529.6,529.1,529.15,9737.0
2025-05-29 09:35:00,529.24,529.38,529.17,529.32,10063.0
2025-05-29 09:40:00,529.53,529.74,529.4,529.4,8675.0
2025-05-29 09:45:00,529.38,529.79,529.38,529.79,5151.0
2025-05-29 09:50:00,529.68,529.69,529.44,529.57,6891.0
2025-05-29 09:55:00,529.46,529.53,529.01,529.06,9581.0
2025-05-29 10:00:00,528.92,528.93,528.5,528.5,20585.0
2025-05-29 10:05:00,528.37,528.63,528.19,528.37,24001.0
2025-05-29 10:10:00,528.26,528.72,528.19,528.19,14067.0
2025-05-29 10:15:00,528.23,528.28,527.79,527.96,32110.0
2025-05-29 10:20:00,527.96,528.09,527.68,527.73,27733.0
2025-05-29 10:25:00,527.75,528.04,527.67,527.72,25026.0
2025-05-29 10:30:00,527.76,528.2,527.76,528.1,13728.0
2025-05-29 10:35:00,528.2,528.2,527.77,527.85,22002.0
2025-05-29 10:40:00,527.89,528.0,527.79,527.79,8556.0
2025-05-29 10:45:00,527.83,527.85,527.48,527.71,18403.0
2025-05-29 10:50:00,527.68,527.85,527.32,527.32,26687.0
2025-05-29 10:55:00,527.3,527.83,527.22,527.83,14257.0
2025-05-29 11:00:00,527.85,527.91,527.6,527.6,26880.0
2025-05-29 11:05:00,527.55,527.87,527.5,527.58,30325.0
2025-05-29 11:10:00,527.53,527.71,527.44,527.7,13414.0
2025-05-29 11:15:00,527.71,527.82,527.71,527.75,3311.0
2025-05-29 11:20:00,527.73,527.73,526.97,526.98,19951.0
2025-05-29 11:25:00,526.92,526.96,526.48,526.48,29595.0
2025-05-29 11:30:00,526.59,526.82,526.36,526.69,38330.0
2025-05-29 11:35:00,526.66,527.07,526.5,526.5,17907.0
2025-05-29 11:40:00,526.49,527.05,526.48,526.93,22688.0
2025-05-29 11:45:00,526.82,526.93,526.49,526.5,19666.0
2025-05-29 11:50:00,526.4,526.43,525.76,525.87,61544.0
2025-05-29 11:55:00,525.86,526.07,525.8,525.91,21380.0
2025-05-29 12:00:00,527.76,530.49,518.521,518.521,287588.0
2025-05-29 12:05:00,526.1,526.72,525.4,525.52,111826.0
2025-05-29 12:10:00,525.51,525.75,525.06,525.75,69593.0
2025-05-29 12:15:00,525.68,525.8,525.4306,525.5362,42079.0
2025-05-29 12:20:00,525.53,525.74,525.24,525.71,117440.0
2025-05-29 12:25:00,525.79,526.16,525.79,526.0,42536.0
2025-05-29 12:30:00,526.0,526.63,525.87,526.6,135511.0
2025-05-29 12:35:00,526.64,526.66,525.61,525.61,84958.0
2025-05-29 12:40:00,525.59,525.7,525.24,525.46,98552.0
2025-05-29 12:45:00,525.62,525.99,525.62,525.8,46127.0
2025-05-29 12:50:00,525.74,526.11,525.6,526.01,27972.0
2025-05-29 12:55:00,526.07,526.11,525.56,525.67,29232.0
2025-05-29 13:00:00,525.76,526.1107,525.54,525.85,114630.0
2025-05-29 13:05:00,525.77,526.22,525.7506,526.0,43710.0
2025-05-29 13:10:00,525.95,526.26,525.75,526.24,94125.0
2025-05-29 13:15:00,526.27,526.59,526.24,526.54,72081.0
2025-05-29 13:20:00,526.57,526.81,526.47,526.5607,77318.0
2025-05-29 13:25:00,526.58,526.63,526.06,526.33,106174.0
2025-05-29 13:30:00,526.33,526.48,524.02,524.79,1682273.0
2025-05-29 13:35:00,524.81,524.85,523.6,523.63,1384353.0
2025-05-29 13:40:00,523.62,524.07,522.69,522.77,1329041.0
2025-05-29 13:45:00,522.78,523.04,521.84,521.92,1320687.0
2025-05-29 13:50:00,521.925,523.35,521.78,523.23,1190646.0
2025-05-29 13:55:00,523.24,523.53,522.15,522.59,728386.0
2025-05-29 14:00:00,522.56,522.95,521.84,521.84,919751.0
2025-05-29 14:05:00,521.84,521.84,519.89,520.07,1536385.0
2025-05-29 14:10:00,520.09,520.66,519.61,520.6,1284215.0
2025-05-29 14:15:00,520.59,520.89,519.37,519.85,1091555.0
2025-05-29 14:20:00,519.84,520.19,519.25,519.9101,869031.0
2025-05-29 14:25:00,519.89,521.22,519.84,521.08,800987.0
2025-05-29 14:30:00,521.07,521.5,520.49,520.5,780959.0
2025-05-29 14:35:00,520.49,521.52,520.46,521.24,802681.0
2025-05-29 14:40:00,521.23,521.24,520.52,521.07,539167.0
2025-05-29 14:45:00,521.075,521.74,520.925,521.6,622354.0
2025-05-29 14:50:00,521.6,522.315,521.37,522.075,697379.0
2025-05-29 14:55:00,522.065,522.66,521.96,522.52,519544.0
2025-05-29 15:00:00,522.51,522.59,521.6,521.975,770784.0
2025-05-29 15:05:00,521.97,522.25,521.48,521.77,742983.0
2025-05-29 15:10:00,521.75,522.3,521.14,521.2,653574.0
2025-05-29 15:15:00,521.2,521.64,521.13,521.145,528789.0
2025-05-29 15:20:00,521.14,521.805,521.09,521.72,510537.0
2025-05-29 15:25:00,521.73,522.37,521.69,522.15,683626.0
2025-05-29 15:30:00,522.14,522.23,520.32,520.73,961323.0
2025-05-29 15:35:00,520.73,521.13,520.47,520.63,756227.0
2025-05-29 15:40:00,520.64,521.0,520.44,520.74,461466.0
2025-05-29 15:45:00,520.73,520.97,520.245,520.28,547477.0
2025-05-29 15:50:00,520.28,521.12,520.22,520.72,582832.0
2025-05-29 15:55:00,520.7,520.76,517.905,518.4691,1407005.0
2025-05-29 16:00:00,518.42,518.81,517.32,518.52,1358382.0
2025-05-30 09:30:00,519.45,519.69,519.44,519.68,11675.0
2025-05-30 09:35:00,519.68,519.72,519.36,519.4,5256.0
2025-05-30 09:40:00,519.4,519.4,519.26,519.33,2224.0
2025-05-30 09:45:00,519.4,519.53,519.22,519.22,4656.0
2025-05-30 09:50:00,519.1,519.23,519.09,519.13,2507.0
2025-05-30 09:55:00,519.13,519.13,518.96,518.96,13439.0
2025-05-30 10:00:00,518.89,519.29,518.76,519.29,5078.0
2025-05-30 10:05:00,519.28,519.42,519.28,519.39,2685.0
2025-05-30 10:10:00,519.31,519.31,518.75,518.78,10197.0
2025-05-30 10:15:00,518.75,519.1,518.75,519.05,2945.0
2025-05-30 10:20:00,519.02,519.24,519.02,519.19,3937.0
2025-05-30 10:25:00,519.21,519.34,519.21,519.34,7380.0
2025-05-30 10:30:00,519.32,519.61,519.32,519.41,14286.0
2025-05-30 10:35:00,519.47,519.49,519.37,519.41,3061.0
2025-05-30 10:40:00,519.41,519.52,519.41,519.48,3777.0
2025-05-30 10:45:00,519.43,519.57,519.34,519.57,6784.0
2025-05-30 10:50:00,519.62,519.62,519.25,519.26,4125.0
2025-05-30 10:55:00,519.26,519.31,519.2,519.31,4660.0
2025-05-30 11:00:00,519.49,519.71,519.37,519.67,15853.0
2025-05-30 11:05:00,519.68,520.05,519.68,520.05,8831.0
2025-05-30 11:10:00,520.1,520.4,520.1,520.21,24051.0
2025-05-30 11:15:00,520.18,520.22,520.12,520.17,5864.0
2025-05-30 11:20:00,520.1,520.25,519.96,519.97,11815.0
2025-05-30 11:25:00,519.95,519.95,519.79,519.82,6228.0
2025-05-30 11:30:00,519.78,519.95,519.62,519.74,37798.0
2025-05-30 11:35:00,519.66,519.92,519.66,519.85,9949.0
2025-05-30 11:40:00,519.93,519.93,519.63,519.68,3766.0
2025-05-30 11:45:00,519.6,519.67,519.57,519.67,11536.0
2025-05-30 11:50:00,519.8,519.95,519.78,519.78,3601.0
2025-05-30 11:55:00,519.6,519.76,519.57,519.64,9053.0
2025-05-30 12:00:00,519.51,520.38,518.0,520.09,93688.0
2025-05-30 12:05:00,520.09,520.35,517.1,519.14,99356.0
2025-05-30 12:10:00,519.2,519.31,515.7,517.0,428111.0
2025-05-30 12:15:00,517.0,518.21,516.92,517.76,154328.0
2025-05-30 12:20:00,517.78,518.2,517.04,517.44,122756.0
2025-05-30 12:25:00,517.3798,517.74,516.87,517.4,71675.0
2025-05-30 12:30:00,517.35,518.92,517.32,518.71,230429.0
2025-05-30 12:35:00,518.7303,519.02,518.35,518.6612,171888.0
2025-05-30 12:40:00,518.66,519.16,518.46,518.86,107221.0
2025-05-30 12:45:00,518.85,519.09,518.66,518.76,60540.0
2025-05-30 12:50:00,518.71,518.9901,518.54,518.79,38386.0
2025-05-30 12:55:00,518.75,518.82,518.31,518.33,71490.0
2025-05-30 13:00:00,518.3604,518.58,518.12,518.58,48046.0
2025-05-30 13:05:00,518.6,518.731,517.89,518.18,78587.0
2025-05-30 13:10:00,518.25,518.3998,518.07,518.1,22303.0
2025-05-30 13:15:00,518.12,519.4,518.12,519.39,146003.0
2025-05-30 13:20:00,519.31,519.38,518.9,518.91,65786.0
2025-05-30 13:25:00,518.88,519.53,518.7,519.43,90767.0
2025-05-30 13:30:00,519.44,519.66,518.14,518.52,1089131.0
2025-05-30 13:35:00,518.48,518.695,517.55,517.88,1025120.0
2025-05-30 13:40:00,517.9,518.28,517.35,517.4897,1172761.0
2025-05-30 13:45:00,517.45,518.12,517.14,517.205,1254092.0
2025-05-30 13:50:00,517.2,517.235,515.89,516.79,1073760.0
2025-05-30 13:55:00,516.78,516.88,516.26,516.47,475014.0
2025-05-30 14:00:00,516.46,518.04,516.4,518.0,1238608.0
2025-05-30 14:05:00,518.0,518.79,518.0,518.58,917727.0
2025-05-30 14:10:00,518.58,519.47,518.34,519.1416,836374.0
2025-05-30 14:15:00,519.12,519.36,518.83,519.305,567289.0
2025-05-30 14:20:00,519.32,519.59,518.96,519.18,662586.0
2025-05-30 14:25:00,519.18,519.68,518.97,519.5,608876.0
2025-05-30 14:30:00,519.49,519.65,519.04,519.23,568250.0
2025-05-30 14:35:00,519.24,519.86,518.92,519.8,555910.0
2025-05-30 14:40:00,519.76,519.77,519.11,519.165,605953.0
2025-05-30 14:45:00,519.17,519.52,518.8,519.38,697552.0
2025-05-30 14:50:00,519.38,519.42,518.63,518.958,576051.0
2025-05-30 14:55:00,518.955,519.58,518.56,518.79,617138.0
2025-05-30 15:00:00,518.8,519.17,518.71,518.85,615539.0
2025-05-30 15:05:00,518.85,519.27,518.58,518.96,436867.0
2025-05-30 15:10:00,518.95,519.0,518.31,518.6,616523.0
2025-05-30 15:15:00,518.6,518.74,517.91,518.02,729010.0
2025-05-30 15:20:00,518.005,518.74,518.0,518.62,545074.0
2025-05-30 15:25:00,518.61,519.34,518.34,519.09,566450.0
2025-05-30 15:30:00,519.09,519.35,517.67,518.07,866651.0
2025-05-30 15:35:00,518.1,518.29,517.56,517.85,600452.0
2025-05-30 15:40:00,517.83,517.99,517.16,517.49,591132.0
2025-05-30 15:45:00,517.48,518.13,517.27,518.07,440971.0
2025-05-30 15:50:00,518.08,518.32,517.81,518.22,631196.0
2025-05-30 15:55:00,518.22,518.59,517.97,518.005,558713.0
2025-05-30 16:00:00,518.02,518.1,517.36,517.51,420586.0
2025-06-02 09:30:00,515.74,515.93,515.71,515.83,5143.0
2025-06-02 09:35:00,515.89,515.89,515.65,515.66,6643.0
2025-06-02 09:40:00,515.71,515.8,515.39,515.39,5663.0
2025-06-02 09:45:00,515.41,515.41,515.2,515.26,10042.0
2025-06-02 09:50:00,515.42,515.6,515.25,515.34,7035.0
2025-06-02 09:55:00,515.55,515.67,515.36,515.64,4394.0
2025-06-02 10:00:00,515.66,515.72,515.57,515.64,2698.0
2025-06-02 10:05:00,515.57,516.1,515.57,516.1,4786.0
2025-06-02 10:10:00,516.13,516.33,516.1,516.18,4447.0
2025-06-02 10:15:00,516.0,516.11,515.78,516.11,2565.0
2025-06-02 10:20:00,516.12,516.12,515.52,515.53,7531.0
2025-06-02 10:25:00,515.54,515.91,515.53,515.77,4768.0
2025-06-02 10:30:00,515.74,515.83,515.64,515.78,5112.0
2025-06-02 10:35:00,515.68,515.97,515.57,515.97,12015.0
2025-06-02 10:40:00,516.01,516.19,515.96,515.96,9769.0
2025-06-02 10:45:00,515.88,516.15,515.88,516.06,4175.0
2025-06-02 10:50:00,516.2,516.4,516.08,516.34,12497.0
2025-06-02 10:55:00,516.35,516.36,516.13,516.28,9088.0
2025-06-02 11:00:00,516.37,516.51,516.07,516.51,15483.0
2025-06-02 11:05:00,516.5,516.62,516.5,516.62,9995.0
2025-06-02 11:10:00,516.68,517.11,516.53,517.01,15307.0
2025-06-02 11:15:00,516.93,517.05,516.82,516.92,8207.0
2025-06-02 11:20:00,517.0,517.0,516.87,516.89,6117.0
2025-06-02 11:25:00,516.8,516.86,516.73,516.82,15145.0
2025-06-02 11:30:00,516.81,517.3,516.7,517.17,8179.0
2025-06-02 11:35:00,517.04,517.35,516.9,516.9,7009.0
2025-06-02 11:40:00,516.98,517.04,516.78,516.81,14296.0
2025-06-02 11:45:00,516.91,516.95,516.77,516.94,14950.0
2025-06-02 11:50:00,516.9,516.92,516.72,516.75,20824.0
2025-06-02 11:55:00,516.81,516.83,516.49,516.49,7621.0
2025-06-02 12:00:00,516.5,519.499,514.42,516.84,107402.0
2025-06-02 12:05:00,516.8,516.93,516.63,516.86,11379.0
2025-06-02 12:10:00,516.88,516.98,516.79,516.95,19173.0
2025-06-02 12:15:00,516.88,517.03,516.76,516.76,41684.0
2025-06-02 12:20:00,516.7,516.7,516.2201,516.2201,26013.0
2025-06-02 12:25:00,516.2,516.37,516.0,516.36,57157.0
2025-06-02 12:30:00,516.4,516.75,516.25,516.55,31796.0
2025-06-02 12:35:00,516.45,516.69,516.35,516.58,7279.0
2025-06-02 12:40:00,516.55,517.261,516.55,517.24,49971.0
2025-06-02 12:45:00,517.25,517.4,517.02,517.11,28242.0
2025-06-02 12:50:00,517.06,517.07,516.7,516.8,24968.0
2025-06-02 12:55:00,516.78,517.19,516.73,517.19,12772.0
2025-06-02 13:00:00,517.18,517.45,517.0,517.01,29691.0
2025-06-02 13:05:00,516.96,516.96,516.52,516.9,52231.0
2025-06-02 13:10:00,516.9,517.1,516.76,516.8501,27775.0
2025-06-02 13:15:00,516.82,516.93,516.61,516.65,29856.0
2025-06-02 13:20:00,516.63,516.98,516.63,516.66,29383.0
2025-06-02 13:25:00,516.65,517.34,516.55,517.26,48120.0
2025-06-02 13:30:00,517.24,520.2901,517.22,520.1046,1287836.0
2025-06-02 13:35:00,520.092,521.35,519.9,521.29,1414802.0
2025-06-02 13:40:00,521.31,521.31,520.11,520.505,1074854.0
2025-06-02 13:45:00,520.6,520.75,519.29,519.49,878428.0
2025-06-02 13:50:00,519.49,519.51,517.73,518.24,1064928.0
2025-06-02 13:55:00,518.25,518.74,517.5,517.75,767274.0
2025-06-02 14:00:00,517.73,517.81,515.97,517.09,1387877.0
2025-06-02 14:05:00,517.0552,518.26,516.64,517.97,1052721.0
2025-06-02 14:10:00,517.99,518.16,517.08,517.81,882241.0
2025-06-02 14:15:00,517.83,518.48,517.6,517.84,743044.0
2025-06-02 14:20:00,517.82,519.19,517.6,518.77,781532.0
2025-06-02 14:25:00,518.8,519.58,518.8,519.455,548556.0
2025-06-02 14:30:00,519.45,520.47,519.22,520.085,811303.0
2025-06-02 14:35:00,520.09,520.39,518.88,519.05,1103381.0
2025-06-02 14:40:00,519.07,519.48,518.73,519.145,649686.0
2025-06-02 14:45:00,519.15,519.57,518.98,519.3,609619.0
2025-06-02 14:50:00,519.3,519.69,519.03,519.04,488194.0
2025-06-02 14:55:00,519.04,520.05,518.93,519.87,620685.0
2025-06-02 15:00:00,519.88,520.34,519.23,519.54,981982.0
2025-06-02 15:05:00,519.47,520.04,519.0501,519.13,707814.0
2025-06-02 15:10:00,519.11,520.135,518.88,519.89,614688.0
2025-06-02 15:15:00,519.89,519.97,519.31,519.52,348584.0
2025-06-02 15:20:00,519.54,519.89,519.37,519.64,301703.0
2025-06-02 15:25:00,519.66,519.78,519.0,519.22,377040.0
2025-06-02 15:30:00,519.26,519.47,518.92,518.96,395999.0
2025-06-02 15:35:00,518.93,519.57,518.89,519.2908,345160.0
2025-06-02 15:40:00,519.31,519.97,519.24,519.89,290616.0
2025-06-02 15:45:00,519.88,520.29,519.785,520.12,390929.0
2025-06-02 15:50:00,520.11,520.97,520.03,520.88,789317.0
2025-06-02 15:55:00,520.87,521.02,520.57,520.78,516709.0
2025-06-02 16:00:00,520.77,520.89,520.18,520.47,510052.0
2025-06-03 09:30:00,521.19,521.19,521.04,521.15,1313.0
2025-06-03 09:35:00,521.25,521.59,521.23,521.59,4008.0
2025-06-03 09:40:00,521.61,521.63,521.54,521.54,3107.0
2025-06-03 09:45:00,521.54,521.55,521.1,521.54,9156.0
2025-06-03 09:50:00,521.61,521.61,521.33,521.4,4693.0
2025-06-03 09:55:00,521.26,521.35,521.25,521.27,1951.0
2025-06-03 10:00:00,521.34,521.53,521.2,521.2,4173.0
2025-06-03 10:05:00,521.26,521.37,521.13,521.18,5103.0
2025-06-03 10:10:00,521.23,521.23,520.97,521.07,5486.0
2025-06-03 10:15:00,521.2,521.29,521.2,521.2,1523.0
2025-06-03 10:20:00,521.15,521.17,521.08,521.08,5042.0
2025-06-03 10:25:00,521.23,521.41,521.23,521.41,3207.0
2025-06-03 10:30:00,521.48,521.71,521.45,521.55,9340.0
2025-06-03 10:35:00,521.6,521.77,521.5,521.77,4884.0
2025-06-03 10:40:00,521.69,521.91,521.69,521.85,23686.0
2025-06-03 10:45:00,521.89,521.89,521.53,521.58,5786.0
2025-06-03 10:50:00,521.59,521.77,521.59,521.77,7444.0
2025-06-03 10:55:00,521.94,522.35,521.89,522.34,40037.0
2025-06-03 11:00:00,522.41,522.41,522.09,522.21,18307.0
2025-06-03 11:05:00,522.16,522.59,522.16,522.59,5840.0
2025-06-03 11:10:00,522.68,522.68,522.52,522.56,7214.0
2025-06-03 11:15:00,522.5,522.54,522.45,522.46,10560.0
2025-06-03 11:20:00,522.55,522.75,522.48,522.7,9374.0
2025-06-03 11:25:00,522.75,522.8,522.65,522.8,6195.0
2025-06-03 11:30:00,522.77,522.77,522.61,522.76,3504.0
2025-06-03 11:35:00,522.76,523.15,522.76,523.15,15346.0
2025-06-03 11:40:00,523.16,523.31,522.94,523.1,24806.0
2025-06-03 11:45:00,523.07,523.07,522.73,522.84,13582.0
2025-06-03 11:50:00,522.76,523.17,522.76,523.17,15406.0
2025-06-03 11:55:00,523.22,523.23,523.05,523.161,3686.0
2025-06-03 12:00:00,522.29,523.38,520.2,523.03,89224.0
2025-06-03 12:05:00,522.93,523.1,522.76,522.76,23352.0
2025-06-03 12:10:00,522.82,523.11,522.818,523.08,16620.0
2025-06-03 12:15:00,523.07,523.27,522.8594,522.94,19099.0
2025-06-03 12:20:00,522.96,523.2,522.77,523.19,34354.0
2025-06-03 12:25:00,523.15,523.5,523.15,523.43,23300.0
2025-06-03 12:30:00,523.45,523.45,523.12,523.12,21429.0
2025-06-03 12:35:00,523.13,523.16,522.8,522.89,30965.0
2025-06-03 12:40:00,522.93,522.93,522.68,522.72,28131.0
2025-06-03 12:45:00,522.77,522.82,522.58,522.79,19787.0
2025-06-03 12:50:00,522.8,523.0092,522.63,522.91,17700.0
2025-06-03 12:55:00,522.9,523.3499,522.9,523.32,25089.0
2025-06-03 13:00:00,523.35,523.57,523.07,523.57,45388.0
2025-06-03 13:05:00,523.55,523.59,523.46,523.51,12987.0
2025-06-03 13:10:00,523.55,523.59,523.25,523.31,13093.0
2025-06-03 13:15:00,523.37,523.52,523.37,523.41,11839.0
2025-06-03 13:20:00,523.43,523.795,523.43,523.71,34578.0
2025-06-03 13:25:00,523.66,523.67,523.3,523.56,44129.0
2025-06-03 13:30:00,523.56,524.77,522.95,523.2399,1276378.0
2025-06-03 13:35:00,523.23,523.45,522.69,523.05,817832.0
2025-06-03 13:40:00,523.06,524.41,522.91,524.01,855073.0
2025-06-03 13:45:00,524.015,524.85,523.9,524.38,722952.0
2025-06-03 13:50:00,524.395,524.795,523.89,524.68,710994.0
2025-06-03 13:55:00,524.67,525.039,524.39,524.79,650491.0
2025-06-03 14:00:00,524.75,525.81,524.69,525.26,856519.0
2025-06-03 14:05:00,525.27,525.62,523.86,524.67,997030.0
2025-06-03 14:10:00,524.6799,525.17,524.27,525.04,604647.0
2025-06-03 14:15:00,525.05,525.55,524.9099,525.34,561317.0
2025-06-03 14:20:00,525.34,525.58,524.93,525.05,444810.0
2025-06-03 14:25:00,525.03,525.44,524.84,525.415,436742.0
2025-06-03 14:30:00,525.41,525.415,524.73,524.82,496690.0
2025-06-03 14:35:00,524.8,525.3,524.52,525.2001,443237.0
2025-06-03 14:40:00,525.2,525.25,524.98,525.1799,395030.0
2025-06-03 14:45:00,525.17,525.72,525.14,525.63,552099.0
2025-06-03 14:50:00,525.62,526.04,525.51,525.88,508710.0
2025-06-03 14:55:00,525.9,526.39,525.83,526.355,511544.0
2025-06-03 15:00:00,526.35,526.695,526.35,526.475,654847.0
2025-06-03 15:05:00,526.47,526.75,526.16,526.34,532959.0
2025-06-03 15:10:00,526.35,526.51,526.175,526.38,426627.0
2025-06-03 15:15:00,526.385,526.7,526.2201,526.635,310925.0
2025-06-03 15:20:00,526.64,526.97,526.605,526.78,449500.0
2025-06-03 15:25:00,526.7799,526.87,526.49,526.6,359398.0
2025-06-03 15:30:00,526.62,526.67,526.4,526.49,343372.0
2025-06-03 15:35:00,526.4935,526.75,526.36,526.581,379734.0
2025-06-03 15:40:00,526.58,526.9,526.488,526.77,896838.0
2025-06-03 15:45:00,526.77,526.9199,526.44,526.45,507929.0
2025-06-03 15:50:00,526.45,526.75,526.22,526.67,422768.0
2025-06-03 15:55:00,526.66,527.0,526.64,526.9101,314375.0
2025-06-03 16:00:00,526.92,527.08,526.84,526.92,544357.0
2025-06-04 09:30:00,528.19,528.19,528.0,528.12,3528.0
2025-06-04 09:35:00,528.24,528.35,528.24,528.34,5736.0
2025-06-04 09:40:00,528.3,528.44,528.25,528.44,5436.0
2025-06-04 09:45:00,528.43,528.45,528.37,528.37,2029.0
2025-06-04 09:50:00,528.3,528.33,528.3,528.3,1560.0
2025-06-04 09:55:00,528.28,528.28,528.25,528.25,1596.0
2025-06-04 10:00:00,528.26,528.45,528.25,528.45,4306.0
2025-06-04 10:05:00,528.45,528.87,528.34,528.78,9392.0
2025-06-04 10:10:00,528.74,528.75,528.57,528.65,4077.0
2025-06-04 10:15:00,528.58,528.61,528.19,528.2,9513.0
2025-06-04 10:20:00,528.2,528.2,527.9,528.1,7726.0
2025-06-04 10:25:00,528.18,528.18,528.11,528.11,1073.0
2025-06-04 10:30:00,528.03,528.05,527.9,527.94,6871.0
2025-06-04 10:35:00,527.93,528.07,527.93,528.04,8095.0
2025-06-04 10:40:00,528.1,528.19,528.1,528.19,14594.0
2025-06-04 10:45:00,528.13,528.32,528.13,528.23,3017.0
2025-06-04 10:50:00,528.28,528.7,528.25,528.47,14838.0
2025-06-04 10:55:00,528.46,528.63,528.45,528.63,3599.0
2025-06-04 11:00:00,528.59,528.6,528.33,528.37,37718.0
2025-06-04 11:05:00,528.33,528.66,528.29,528.36,8721.0
2025-06-04 11:10:00,528.43,528.51,528.33,528.4,6297.0
2025-06-04 11:15:00,528.38,528.49,528.32,528.43,6538.0
2025-06-04 11:20:00,528.36,528.36,528.2,528.24,2719.0
2025-06-04 11:25:00,528.21,528.22,528.1,528.18,3209.0
2025-06-04 11:30:00,528.19,528.23,528.16,528.2,3461.0
2025-06-04 11:35:00,528.15,528.33,528.12,528.33,4343.0
2025-06-04 11:40:00,528.4,528.49,528.14,528.49,9349.0
2025-06-04 11:45:00,528.49,528.69,528.44,528.62,7225.0
2025-06-04 11:50:00,528.7,528.7,528.68,528.68,1121.0
2025-06-04 11:55:00,528.68,528.689,528.54,528.54,3888.0
2025-06-04 12:00:00,528.3,528.89,526.82,528.75,82373.0
2025-06-04 12:05:00,528.7499,528.97,528.71,528.74,13583.0
2025-06-04 12:10:00,528.77,528.85,526.905,528.75,7462.0
2025-06-04 12:15:00,528.65,528.71,527.45,527.54,116780.0
2025-06-04 12:20:00,527.51,527.55,526.42,526.5,118854.0
2025-06-04 12:25:00,526.47,527.12,526.31,526.91,60162.0
2025-06-04 12:30:00,526.91,527.51,526.91,527.28,74460.0
2025-06-04 12:35:00,527.23,527.51,527.0307,527.26,38100.0
2025-06-04 12:40:00,527.18,527.3,526.85,527.05,31067.0
2025-06-04 12:45:00,527.05,527.57,527.05,527.42,48292.0
2025-06-04 12:50:00,527.4,527.5,527.2,527.5,13650.0
2025-06-04 12:55:00,527.54,527.66,527.31,527.6288,11613.0
2025-06-04 13:00:00,527.64,527.73,527.47,527.6,40141.0
2025-06-04 13:05:00,527.61,527.63,527.39,527.5,23917.0
2025-06-04 13:10:00,527.55,527.68,527.45,527.68,9008.0
2025-06-04 13:15:00,527.7,527.76,527.49,527.7101,15156.0
2025-06-04 13:20:00,527.73,528.3,527.73,528.02,50980.0
2025-06-04 13:25:00,527.93,528.12,527.7192,528.05,30650.0
2025-06-04 13:30:00,528.01,528.78,527.84,528.71,1151104.0
2025-06-04 13:35:00,528.73,529.56,528.59,529.34,878090.0
2025-06-04 13:40:00,529.33,529.66,528.68,528.85,911938.0
2025-06-04 13:45:00,528.79,529.48,528.7,529.23,641076.0
2025-06-04 13:50:00,529.24,529.24,528.24,528.435,848974.0
2025-06-04 13:55:00,528.43,528.76,528.3,528.61,796518.0
2025-06-04 14:00:00,528.61,528.61,527.16,527.25,1300300.0
2025-06-04 14:05:00,527.27,527.49,525.9694,527.02,1165077.0
2025-06-04 14:10:00,527.05,527.945,527.05,527.67,895005.0
2025-06-04 14:15:00,527.68,528.19,527.31,528.02,771944.0
2025-06-04 14:20:00,528.02,528.3,527.46,527.7,537099.0
2025-06-04 14:25:00,527.7,528.51,527.64,528.46,560531.0
2025-06-04 14:30:00,528.45,528.677,528.21,528.51,408840.0
2025-06-04 14:35:00,528.51,528.82,527.92,528.175,505140.0
2025-06-04 14:40:00,528.16,528.33,527.66,528.03,749056.0
2025-06-04 14:45:00,528.03,528.35,527.56,528.16,380262.0
2025-06-04 14:50:00,528.14,528.24,527.735,528.2391,330118.0
2025-06-04 14:55:00,528.21,528.94,528.13,528.88,375274.0
2025-06-04 15:00:00,528.89,529.17,528.76,529.07,494465.0
2025-06-04 15:05:00,529.09,529.36,528.9601,529.27,450373.0
2025-06-04 15:10:00,529.26,529.43,529.06,529.1299,639619.0
2025-06-04 15:15:00,529.14,529.31,528.91,529.09,409966.0
2025-06-04 15:20:00,529.1,529.22,528.79,529.1,301774.0
2025-06-04 15:25:00,529.12,529.19,528.718,528.73,355188.0
2025-06-04 15:30:00,528.72,528.925,528.47,528.71,317706.0
2025-06-04 15:35:00,528.73,529.0977,528.56,528.96,301522.0
2025-06-04 15:40:00,528.95,529.2,528.16,528.38,553572.0
2025-06-04 15:45:00,528.34,528.9098,528.3,528.5101,465613.0
2025-06-04 15:50:00,528.52,529.0,528.515,528.84,330410.0
2025-06-04 15:55:00,528.835,528.8996,528.51,528.7,267593.0
2025-06-04 16:00:00,528.69,528.75,528.28,528.33,269728.0
2025-06-05 09:30:00,529.24,529.4,529.22,529.4,4186.0
2025-06-05 09:35:00,529.37,529.56,529.25,529.47,4873.0
2025-06-05 09:40:00,529.62,529.62,529.59,529.6,1407.0
2025-06-05 09:45:00,529.5,529.51,529.48,529.5,3326.0
2025-06-05 09:50:00,529.51,529.51,529.11,529.29,8151.0
2025-06-05 09:55:00,529.31,529.31,529.16,529.29,2550.0
2025-06-05 10:00:00,529.31,529.61,529.31,529.61,3852.0
2025-06-05 10:05:00,529.54,529.81,529.54,529.79,2476.0
2025-06-05 10:10:00,529.8,529.89,529.78,529.78,3961.0
2025-06-05 10:15:00,529.76,529.77,529.73,529.77,1390.0
2025-06-05 10:20:00,529.88,529.88,529.79,529.79,3490.0
2025-06-05 10:25:00,529.8,529.8,529.67,529.71,2534.0
2025-06-05 10:30:00,529.66,529.96,529.66,529.68,7250.0
2025-06-05 10:35:00,529.64,529.67,529.55,529.57,4000.0
2025-06-05 10:40:00,529.56,529.6,528.78,528.81,32590.0
2025-06-05 10:45:00,528.84,529.04,528.84,529.04,5091.0
2025-06-05 10:50:00,529.0,529.14,528.99,529.13,5926.0
2025-06-05 10:55:00,529.15,529.32,529.14,529.32,4399.0
2025-06-05 11:00:00,529.36,529.409,529.07,529.07,7417.0
2025-06-05 11:05:00,529.12,529.2,528.94,529.18,16314.0
2025-06-05 11:10:00,529.1,529.11,528.7,528.7,17853.0
2025-06-05 11:15:00,528.62,528.79,528.6,528.79,4528.0
2025-06-05 11:20:00,528.9,528.93,528.79,528.88,7654.0
2025-06-05 11:25:00,528.8,528.89,528.68,528.7,7742.0
2025-06-05 11:30:00,528.74,529.14,528.74,529.08,7860.0
2025-06-05 11:35:00,529.09,529.09,528.77,529.05,32205.0
2025-06-05 11:40:00,528.8,528.8,528.6,528.75,4343.0
2025-06-05 11:45:00,528.85,529.2,528.85,529.2,5752.0
2025-06-05 11:50:00,529.21,529.35,529.19,529.3,9654.0
2025-06-05 11:55:00,529.27,529.28,529.1,529.1,6304.0
2025-06-05 12:00:00,528.55,530.77,528.05,529.04,64258.0
2025-06-05 12:05:00,529.1,529.23,529.05,529.23,16260.0
2025-06-05 12:10:00,529.2,529.41,529.2,529.38,6989.0
2025-06-05 12:15:00,529.35,529.39,529.2,529.2399,7450.0
2025-06-05 12:20:00,529.3,529.3399,529.19,529.2499,2708.0
2025-06-05 12:25:00,529.11,529.21,528.99,529.03,26045.0
2025-06-05 12:30:00,528.78,528.92,527.81,528.86,97689.0
2025-06-05 12:35:00,528.8,529.32,528.76,529.12,68375.0
2025-06-05 12:40:00,529.2,529.3,529.0,529.0001,21895.0
2025-06-05 12:45:00,529.03,532.14,528.81,531.02,202783.0
2025-06-05 12:50:00,531.05,531.5,530.16,530.18,188929.0
2025-06-05 12:55:00,530.2,530.8,529.5,529.87,127666.0
2025-06-05 13:00:00,529.86,530.33,529.81,530.28,62707.0
2025-06-05 13:05:00,530.25,530.28,529.86,530.26,33558.0
2025-06-05 13:10:00,530.19,530.29,530.04,530.1899,32344.0
2025-06-05 13:15:00,530.15,530.29,529.67,530.23,47482.0
2025-06-05 13:20:00,530.28,530.37,530.01,530.01,38908.0
2025-06-05 13:25:00,529.97,530.29,529.79,530.18,81064.0
2025-06-05 13:30:00,530.18,530.85,528.97,529.92,1319789.0
2025-06-05 13:35:00,529.92,530.04,528.455,528.65,781230.0
2025-06-05 13:40:00,528.65,529.76,528.33,529.39,696386.0
2025-06-05 13:45:00,529.36,529.41,527.27,528.3211,905658.0
2025-06-05 13:50:00,528.34,528.78,527.82,528.66,598092.0
2025-06-05 13:55:00,528.64,528.86,527.6,528.028,608826.0
2025-06-05 14:00:00,528.04,528.71,527.96,528.44,634724.0
2025-06-05 14:05:00,528.47,528.98,527.58,527.6,857879.0
2025-06-05 14:10:00,527.6,528.42,527.55,528.0599,549790.0
2025-06-05 14:15:00,528.02,528.31,527.79,528.08,383786.0
2025-06-05 14:20:00,528.09,529.3,528.06,529.26,615596.0
2025-06-05 14:25:00,529.24,529.98,529.24,529.92,734285.0
2025-06-05 14:30:00,529.91,529.96,528.38,528.51,810736.0
2025-06-05 14:35:00,528.48,530.1,527.59,529.69,1343261.0
2025-06-05 14:40:00,529.72,531.47,528.9,530.66,1817027.0
2025-06-05 14:45:00,530.63,531.75,529.96,530.16,1554396.0
2025-06-05 14:50:00,530.15,530.76,530.01,530.75,542468.0
2025-06-05 14:55:00,530.76,531.51,530.63,531.29,627836.0
2025-06-05 15:00:00,531.29,531.58,531.215,531.36,685302.0
2025-06-05 15:05:00,531.34,531.47,530.96,531.39,665915.0
2025-06-05 15:10:00,531.4,531.68,531.31,531.61,539460.0
2025-06-05 15:15:00,531.6,532.7,531.57,532.535,936139.0
2025-06-05 15:20:00,532.54,532.76,532.4401,532.6506,518648.0
2025-06-05 15:25:00,532.6507,532.94,532.38,532.7893,759218.0
2025-06-05 15:30:00,532.78,532.88,532.55,532.6,391654.0
2025-06-05 15:35:00,532.58,532.72,532.4,532.63,425537.0
2025-06-05 15:40:00,532.64,532.995,532.5,532.745,338272.0
2025-06-05 15:45:00,532.77,532.77,532.23,532.52,344931.0
2025-06-05 15:50:00,532.53,532.83,532.31,532.545,243689.0
2025-06-05 15:55:00,532.56,533.05,532.43,532.79,523393.0
2025-06-05 16:00:00,532.78,532.85,532.47,532.71,346746.0
2025-06-06 09:30:00,527.12,527.22,527.12,527.14,1274.0
2025-06-06 09:35:00,527.25,527.32,527.22,527.31,2983.0
2025-06-06 09:40:00,527.3,527.3,526.84,526.95,7747.0
2025-06-06 09:45:00,527.04,527.14,527.0,527.14,3611.0
2025-06-06 09:50:00,527.11,527.4,527.11,527.31,4302.0
2025-06-06 09:55:00,527.36,527.36,527.28,527.31,3244.0
2025-06-06 10:00:00,527.3,527.3,527.01,527.2,3998.0
2025-06-06 10:05:00,527.24,527.25,527.11,527.18,2936.0
2025-06-06 10:10:00,527.11,527.19,527.07,527.18,3490.0
2025-06-06 10:15:00,527.18,527.3,527.15,527.3,2539.0
2025-06-06 10:20:00,527.38,527.47,527.33,527.41,7470.0
2025-06-06 10:25:00,527.43,527.5,527.32,527.39,6778.0
2025-06-06 10:30:00,527.33,527.42,527.25,527.3,2793.0
2025-06-06 10:35:00,527.27,527.27,526.92,527.06,6722.0
2025-06-06 10:40:00,527.05,527.05,526.91,526.93,3593.0
2025-06-06 10:45:00,526.93,526.95,526.72,526.95,5396.0
2025-06-06 10:50:00,527.0,527.0,526.71,526.72,5496.0
2025-06-06 10:55:00,526.69,526.72,526.56,526.58,6079.0
2025-06-06 11:00:00,526.57,526.72,526.27,526.68,41625.0
2025-06-06 11:05:00,526.62,526.8,526.55,526.7,15954.0
2025-06-06 11:10:00,526.72,526.78,526.6,526.68,14440.0
2025-06-06 11:15:00,526.65,526.91,526.63,526.91,10519.0
2025-06-06 11:20:00,526.99,527.13,526.86,526.9,19964.0
2025-06-06 11:25:00,527.04,527.15,526.31,526.91,26320.0
2025-06-06 11:30:00,527.0,527.07,526.76,526.97,14281.0
2025-06-06 11:35:00,527.0,527.1,526.98,527.05,17016.0
2025-06-06 11:40:00,527.08,527.17,526.84,526.94,26781.0
2025-06-06 11:45:00,526.95,527.16,526.95,527.07,8823.0
2025-06-06 11:50:00,526.98,527.21,526.97,527.13,41128.0
2025-06-06 11:55:00,527.17,527.19,526.85,526.92,9025.0
2025-06-06 12:00:00,526.59,527.3,525.183,527.1903,220648.0
2025-06-06 12:05:00,527.2,527.25,526.8512,527.21,24046.0
2025-06-06 12:10:00,527.0,527.22,527.0,527.22,29634.0
2025-06-06 12:15:00,527.1999,527.1999,526.86,526.86,20970.0
2025-06-06 12:20:00,526.84,526.97,526.75,526.93,31190.0
2025-06-06 12:25:00,526.93,527.26,526.921,526.96,58374.0
2025-06-06 12:30:00,527.28,529.7,527.26,529.03,349141.0
2025-06-06 12:35:00,529.089,529.31,528.57,529.07,114059.0
2025-06-06 12:40:00,529.11,529.65,529.11,529.43,82799.0
2025-06-06 12:45:00,529.5,529.61,529.08,529.09,153460.0
2025-06-06 12:50:00,529.14,529.43,528.89,528.92,64459.0
2025-06-06 12:55:00,528.99,529.15,528.79,529.13,54931.0
2025-06-06 13:00:00,529.14,529.61,528.8,528.9,79594.0
2025-06-06 13:05:00,528.89,529.2301,528.89,529.16,24641.0
2025-06-06 13:10:00,529.23,529.6,529.14,529.49,76362.0
2025-06-06 13:15:00,529.5,529.9685,529.35,529.84,76703.0
2025-06-06 13:20:00,529.86,530.32,529.85,529.87,131666.0
2025-06-06 13:25:00,529.84,530.06,529.65,530.0,79646.0
2025-06-06 13:30:00,530.0,530.56,529.3,529.56,2065141.0
2025-06-06 13:35:00,529.55,530.85,529.39,530.5,1256072.0
2025-06-06 13:40:00,530.44,531.33,530.4,531.05,1030576.0
2025-06-06 13:45:00,531.06,531.62,531.0,531.48,1119615.0
2025-06-06 13:50:00,531.48,531.61,530.99,531.005,607103.0
2025-06-06 13:55:00,531.02,531.11,530.15,531.0209,1116421.0
2025-06-06 14:00:00,531.07,531.33,530.36,530.53,699293.0
2025-06-06 14:05:00,530.54,531.14,530.53,531.0501,571134.0
2025-06-06 14:10:00,531.05,531.17,530.312,530.96,520917.0
2025-06-06 14:15:00,530.99,531.13,530.47,530.56,453577.0
2025-06-06 14:20:00,530.51,530.89,530.21,530.7998,359213.0
2025-06-06 14:25:00,530.79,530.88,529.29,529.7101,775821.0
2025-06-06 14:30:00,529.71,530.05,529.222,529.98,630281.0
2025-06-06 14:35:00,529.93,530.57,529.91,530.52,487950.0
2025-06-06 14:40:00,530.51,530.96,530.44,530.765,457638.0
2025-06-06 14:45:00,530.77,530.97,530.445,530.94,364055.0
2025-06-06 14:50:00,530.94,531.1,530.76,530.78,440305.0
2025-06-06 14:55:00,530.79,530.945,530.4,530.57,281345.0
2025-06-06 15:00:00,530.56,530.96,530.5,530.95,304400.0
2025-06-06 15:05:00,530.95,531.71,530.82,531.28,945504.0
2025-06-06 15:10:00,531.265,531.33,530.74,531.1,350044.0
2025-06-06 15:15:00,531.105,531.13,529.02,529.39,752999.0
2025-06-06 15:20:00,529.35,529.86,528.57,529.73,1064623.0
2025-06-06 15:25:00,529.76,530.06,529.51,529.85,348239.0
2025-06-06 15:30:00,529.84,530.2,529.45,529.76,373774.0
2025-06-06 15:35:00,529.76,529.94,529.39,529.91,323131.0
2025-06-06 15:40:00,529.9,530.2,529.79,530.09,405103.0
2025-06-06 15:45:00,530.09,530.49,530.04,530.45,387914.0
2025-06-06 15:50:00,530.4599,530.775,530.41,530.61,342290.0
2025-06-06 15:55:00,530.57,530.72,529.9,530.25,321020.0
2025-06-06 16:00:00,530.27,530.46,530.15,530.31,205838.0
2025-06-09 09:30:00,529.9,529.94,529.9,529.94,439.0
2025-06-09 09:35:00,529.84,529.93,529.84,529.84,809.0
2025-06-09 09:40:00,529.92,529.93,529.87,529.92,1656.0
2025-06-09 09:45:00,529.89,529.9,529.8,529.8,1118.0
2025-06-09 09:50:00,529.9,529.92,529.76,529.76,1910.0
2025-06-09 09:55:00,529.77,529.79,529.69,529.73,13557.0
2025-06-09 10:00:00,529.69,529.82,529.62,529.82,5758.0
2025-06-09 10:05:00,529.82,529.86,529.8,529.8,8950.0
2025-06-09 10:10:00,529.81,529.9,529.81,529.89,2798.0
2025-06-09 10:15:00,529.94,529.94,529.89,529.89,1493.0
2025-06-09 10:20:00,529.87,529.92,529.75,529.76,3226.0
2025-06-09 10:25:00,529.72,529.72,529.6,529.68,14381.0
2025-06-09 10:30:00,529.68,529.82,529.68,529.74,8417.0
2025-06-09 10:35:00,529.77,529.84,529.77,529.79,2674.0
2025-06-09 10:40:00,529.78,529.8,529.61,529.61,3636.0
2025-06-09 10:45:00,529.65,529.71,529.59,529.71,7991.0
2025-06-09 10:50:00,529.61,529.66,529.41,529.41,10768.0
2025-06-09 10:55:00,529.42,529.6,529.32,529.6,4608.0
2025-06-09 11:00:00,529.57,529.96,529.57,529.88,11511.0
2025-06-09 11:05:00,529.92,530.05,529.89,530.0,5591.0
2025-06-09 11:10:00,529.94,529.97,529.72,529.72,6046.0
2025-06-09 11:15:00,529.84,530.09,529.84,530.02,18415.0
2025-06-09 11:20:00,529.97,530.31,529.94,530.26,10208.0
2025-06-09 11:25:00,530.08,530.26,530.0,530.0,20439.0
2025-06-09 11:30:00,529.98,530.43,529.94,530.43,12612.0
2025-06-09 11:35:00,530.42,530.74,530.41,530.62,18497.0
2025-06-09 11:40:00,530.729,530.75,530.41,530.41,15120.0
2025-06-09 11:45:00,530.39,530.48,530.3,530.39,11258.0
2025-06-09 11:50:00,530.38,530.42,530.29,530.34,3206.0
2025-06-09 11:55:00,530.41,530.64,530.4,530.44,7267.0
2025-06-09 12:00:00,529.5899,530.7286,528.59,530.37,60057.0
2025-06-09 12:05:00,530.32,530.39,530.15,530.2,9101.0
2025-06-09 12:10:00,530.37,530.38,530.1,530.15,5588.0
2025-06-09 12:15:00,530.14,530.31,529.99,530.31,11979.0
2025-06-09 12:20:00,530.38,530.51,530.34,530.51,6459.0
2025-06-09 12:25:00,530.44,530.49,530.33,530.37,16533.0
2025-06-09 12:30:00,530.34,530.47,530.28,530.42,14503.0
2025-06-09 12:35:00,530.44,530.49,530.37,530.38,17713.0
2025-06-09 12:40:00,530.4,530.49,530.2,530.47,27461.0
2025-06-09 12:45:00,530.5,530.55,530.3784,530.3784,9413.0
2025-06-09 12:50:00,530.36,530.38,530.2,530.21,12486.0
2025-06-09 12:55:00,530.22,530.23,530.07,530.13,20721.0
2025-06-09 13:00:00,530.1,530.4,530.1,530.32,26731.0
2025-06-09 13:05:00,530.37,530.5099,530.3,530.3,13056.0
2025-06-09 13:10:00,530.3,530.52,530.3,530.4,15220.0
2025-06-09 13:15:00,530.35,530.36,530.09,530.16,29381.0
2025-06-09 13:20:00,530.14,530.51,530.14,530.39,27072.0
2025-06-09 13:25:00,530.3,530.45,530.08,530.18,15577.0
2025-06-09 13:30:00,530.14,530.55,529.66,529.67,1048123.0
2025-06-09 13:35:00,529.69,529.8199,529.01,529.22,619598.0
2025-06-09 13:40:00,529.25,530.15,529.2,530.1,538567.0
2025-06-09 13:45:00,530.1,530.29,529.64,530.28,608760.0
2025-06-09 13:50:00,530.27,530.6,530.19,530.55,615431.0
2025-06-09 13:55:00,530.55,530.67,529.83,529.88,791928.0
2025-06-09 14:00:00,529.92,530.515,529.91,530.24,524243.0
2025-06-09 14:05:00,530.24,530.86,530.17,530.74,453584.0
2025-06-09 14:10:00,530.72,531.42,530.65,531.405,714923.0
2025-06-09 14:15:00,531.405,531.555,531.16,531.39,484855.0
2025-06-09 14:20:00,531.39,531.76,531.33,531.56,408209.0
2025-06-09 14:25:00,531.55,531.79,531.32,531.46,396614.0
2025-06-09 14:30:00,531.46,532.35,531.35,532.09,937318.0
2025-06-09 14:35:00,532.1,532.12,531.8,532.01,377181.0
2025-06-09 14:40:00,532.03,532.12,531.54,531.58,327168.0
2025-06-09 14:45:00,531.58,531.68,531.24,531.3801,324623.0
2025-06-09 14:50:00,531.38,531.59,531.09,531.17,327041.0
2025-06-09 14:55:00,531.18,531.3,530.93,531.22,277401.0
2025-06-09 15:00:00,531.22,531.57,531.155,531.5,502993.0
2025-06-09 15:05:00,531.52,531.8,531.46,531.765,388773.0
2025-06-09 15:10:00,531.76,531.85,531.433,531.44,290096.0
2025-06-09 15:15:00,531.45,531.45,530.75,530.858,340314.0
2025-06-09 15:20:00,530.88,531.1308,530.63,530.96,299493.0
2025-06-09 15:25:00,530.96,530.98,530.53,530.7907,242920.0
2025-06-09 15:30:00,530.81,531.15,530.72,530.98,351730.0
2025-06-09 15:35:00,530.98,531.24,530.9,531.1887,292116.0
2025-06-09 15:40:00,531.1984,531.1984,530.81,530.93,246539.0
2025-06-09 15:45:00,530.96,531.06,530.68,530.85,182678.0
2025-06-09 15:50:00,530.87,531.27,530.87,531.19,315590.0
2025-06-09 15:55:00,531.19,531.33,530.9986,531.13,242312.0
2025-06-09 16:00:00,531.15,531.325,530.92,531.17,229980.0
2025-06-10 09:30:00,531.25,531.25,531.0,531.0,8741.0
2025-06-10 09:35:00,531.08,531.2,531.03,531.03,5728.0
2025-06-10 09:40:00,531.15,531.15,531.05,531.14,6651.0
2025-06-10 09:45:00,531.1,531.1,531.05,531.08,3399.0
2025-06-10 09:50:00,531.01,531.01,530.91,530.93,2275.0
2025-06-10 09:55:00,531.0,531.13,531.0,531.13,2294.0
2025-06-10 10:00:00,531.24,531.4,531.15,531.33,5308.0
2025-06-10 10:05:00,531.3,531.47,531.3,531.45,3150.0
2025-06-10 10:10:00,531.43,531.51,531.4,531.42,4122.0
2025-06-10 10:15:00,531.59,531.66,531.43,531.66,5037.0
2025-06-10 10:20:00,531.6,531.6,531.42,531.42,3138.0
2025-06-10 10:25:00,531.46,531.47,531.15,531.25,5108.0
2025-06-10 10:30:00,531.35,531.36,531.25,531.3,4088.0
2025-06-10 10:35:00,531.38,531.38,531.29,531.29,35866.0
2025-06-10 10:40:00,531.28,531.28,531.15,531.15,3178.0
2025-06-10 10:45:00,531.19,531.27,531.03,531.07,4282.0
2025-06-10 10:50:00,531.07,531.14,531.0,531.12,17609.0
2025-06-10 10:55:00,531.11,531.23,531.04,531.23,1333.0
2025-06-10 11:00:00,531.27,531.33,531.06,531.32,11233.0
2025-06-10 11:05:00,531.34,531.39,530.4,530.58,24418.0
2025-06-10 11:10:00,530.68,530.81,530.48,530.5,10478.0
2025-06-10 11:15:00,530.55,530.72,530.55,530.72,3421.0
2025-06-10 11:20:00,530.79,530.89,530.65,530.65,5053.0
2025-06-10 11:25:00,530.73,530.91,530.62,530.91,6355.0
2025-06-10 11:30:00,530.91,531.43,530.88,531.34,17541.0
2025-06-10 11:35:00,531.42,531.5,531.37,531.37,3508.0
2025-06-10 11:40:00,531.29,531.43,531.11,531.11,11143.0
2025-06-10 11:45:00,531.32,531.32,531.32,531.32,420.0
2025-06-10 11:50:00,531.3,531.52,531.3,531.48,9826.0
2025-06-10 11:55:00,531.63,531.68,531.58,531.68,4374.0
2025-06-10 12:00:00,531.33,533.5,528.96,531.61,157569.0
2025-06-10 12:05:00,531.61,531.71,531.5,531.71,18137.0
2025-06-10 12:10:00,531.75,531.76,531.6501,531.75,7022.0
2025-06-10 12:15:00,531.7449,531.84,531.74,531.78,12528.0
2025-06-10 12:20:00,531.76,531.83,531.65,531.65,5069.0
2025-06-10 12:25:00,531.76,531.83,531.65,531.7,18268.0
2025-06-10 12:30:00,531.73,531.76,531.48,531.5012,28144.0
2025-06-10 12:35:00,531.6,531.72,531.57,531.72,8510.0
2025-06-10 12:40:00,531.81,531.86,531.65,531.69,7958.0
2025-06-10 12:45:00,531.74,531.88,531.73,531.81,7817.0
2025-06-10 12:50:00,531.83,531.85,531.44,531.58,27058.0
2025-06-10 12:55:00,531.55,531.7,531.54,531.68,12926.0
2025-06-10 13:00:00,531.62,531.8,531.53,531.54,23292.0
2025-06-10 13:05:00,531.54,531.58,531.43,531.53,25518.0
2025-06-10 13:10:00,531.51,531.69,531.49,531.61,10613.0
2025-06-10 13:15:00,531.55,531.72,531.38,531.59,31847.0
2025-06-10 13:20:00,531.57,531.7,531.52,531.55,8548.0
2025-06-10 13:25:00,531.5,531.6,531.0,531.16,30839.0
2025-06-10 13:30:00,531.17,531.86,530.75,530.91,1069986.0
2025-06-10 13:35:00,530.9,532.3,530.87,532.25,659060.0
2025-06-10 13:40:00,532.23,532.37,531.08,531.575,836377.0
2025-06-10 13:45:00,531.577,532.11,531.3,532.05,631435.0
2025-06-10 13:50:00,532.03,532.54,531.58,531.68,929058.0
2025-06-10 13:55:00,531.69,531.855,531.28,531.68,479107.0
2025-06-10 14:00:00,531.68,532.12,531.55,531.64,507161.0
2025-06-10 14:05:00,531.6408,531.91,531.47,531.58,336601.0
2025-06-10 14:10:00,531.59,532.27,531.54,532.02,561979.0
2025-06-10 14:15:00,532.01,532.27,531.94,532.05,292617.0
2025-06-10 14:20:00,532.07,532.2,531.81,532.04,281200.0
2025-06-10 14:25:00,532.04,532.16,531.76,532.07,312090.0
2025-06-10 14:30:00,532.07,532.36,531.985,532.135,321966.0
2025-06-10 14:35:00,532.14,532.25,531.8301,531.95,361249.0
2025-06-10 14:40:00,531.95,532.39,531.755,532.25,443350.0
2025-06-10 14:45:00,532.26,532.44,532.0303,532.2391,311413.0
2025-06-10 14:50:00,532.22,532.24,531.85,532.075,243007.0
2025-06-10 14:55:00,532.08,532.08,531.5,531.58,402058.0
2025-06-10 15:00:00,531.58,531.97,531.38,531.9301,484385.0
2025-06-10 15:05:00,531.92,532.14,531.6692,531.725,351668.0
2025-06-10 15:10:00,531.68,532.02,531.56,531.98,291004.0
2025-06-10 15:15:00,531.99,532.18,531.87,532.1,213207.0
2025-06-10 15:20:00,532.09,532.11,531.69,531.8301,210220.0
2025-06-10 15:25:00,531.8,532.1,531.6,531.67,357074.0
2025-06-10 15:30:00,531.675,531.675,528.89,529.76,1666365.0
2025-06-10 15:35:00,529.76,530.66,529.64,530.64,766946.0
2025-06-10 15:40:00,530.635,531.38,530.52,531.3384,638551.0
2025-06-10 15:45:00,531.31,531.6387,531.23,531.5801,483738.0
2025-06-10 15:50:00,531.57,532.05,531.57,531.94,472679.0
2025-06-10 15:55:00,531.95,532.12,531.775,532.07,397160.0
2025-06-10 16:00:00,532.07,532.732,532.01,532.55,841911.0
2025-06-11 09:30:00,533.76,533.82,533.59,533.6,6149.0
2025-06-11 09:35:00,533.56,533.6,533.49,533.5,7375.0
2025-06-11 09:40:00,533.5,533.5,533.32,533.45,5739.0
2025-06-11 09:50:00,533.35,533.38,533.22,533.3,8431.0
2025-06-11 09:55:00,533.25,533.3,533.12,533.12,3306.0
2025-06-11 10:00:00,533.22,533.39,532.98,533.37,7312.0
2025-06-11 10:05:00,533.41,533.54,533.39,533.51,5321.0
2025-06-11 10:10:00,533.5,533.58,533.47,533.57,8533.0
2025-06-11 10:15:00,533.55,533.6,533.45,533.45,4235.0
2025-06-11 10:20:00,533.45,533.45,533.26,533.3,7894.0
2025-06-11 10:25:00,533.29,533.37,533.29,533.37,1057.0
2025-06-11 10:30:00,533.45,533.53,533.38,533.41,2813.0
2025-06-11 10:35:00,533.46,533.49,533.42,533.46,5576.0
2025-06-11 10:40:00,533.38,533.57,533.14,533.57,12274.0
2025-06-11 10:45:00,533.61,533.7,533.54,533.6,4309.0
2025-06-11 10:50:00,533.63,533.63,533.41,533.48,4372.0
2025-06-11 10:55:00,533.58,533.58,533.44,533.44,3497.0
2025-06-11 11:00:00,533.44,533.5,533.25,533.27,8423.0
2025-06-11 11:05:00,533.28,533.29,533.16,533.17,14742.0
2025-06-11 11:10:00,533.26,533.26,532.95,532.95,14509.0
2025-06-11 11:15:00,532.85,532.9,532.39,532.5,12372.0
2025-06-11 11:20:00,532.42,532.67,532.37,532.66,12750.0
2025-06-11 11:25:00,532.67,532.91,532.64,532.91,12691.0
2025-06-11 11:30:00,533.14,533.41,533.13,533.25,7904.0
2025-06-11 11:35:00,533.26,533.26,533.09,533.13,6153.0
2025-06-11 11:40:00,533.15,533.23,533.15,533.19,1884.0
2025-06-11 11:45:00,533.27,533.37,533.27,533.3,1690.0
2025-06-11 11:50:00,533.34,533.54,533.28,533.54,5171.0
2025-06-11 11:55:00,533.56,533.71,533.51,533.51,7963.0
2025-06-11 12:00:00,533.38,535.01,532.21,534.15,133525.0
2025-06-11 12:05:00,534.24,534.45,533.06,533.66,113084.0
2025-06-11 12:10:00,533.84,534.35,533.76,533.9,48185.0
2025-06-11 12:15:00,533.81,533.91,533.4315,533.64,34374.0
2025-06-11 12:20:00,533.75,533.99,533.6,533.73,20159.0
2025-06-11 12:25:00,533.7299,534.08,533.6,533.92,46285.0
2025-06-11 12:30:00,534.13,537.5,534.02,536.6,495609.0
2025-06-11 12:35:00,536.63,537.25,536.63,537.15,188821.0
2025-06-11 12:40:00,537.19,537.43,536.35,536.35,156968.0
2025-06-11 12:45:00,536.39,536.63,535.79,535.81,131386.0
2025-06-11 12:50:00,535.8,536.09,535.54,535.82,160632.0
2025-06-11 12:55:00,535.9,536.0,535.56,535.92,109545.0
2025-06-11 13:00:00,535.92,536.22,535.36,535.63,155719.0
2025-06-11 13:05:00,535.71,535.91,535.6,535.83,52452.0
2025-06-11 13:10:00,535.79,536.09,535.7,535.8,45195.0
2025-06-11 13:15:00,535.8,535.97,535.67,535.95,25114.0
2025-06-11 13:20:00,535.95,536.0,535.7,535.74,45489.0
2025-06-11 13:25:00,535.71,535.92,535.56,535.62,55960.0
2025-06-11 13:30:00,535.62,535.81,534.33,534.555,1233986.0
2025-06-11 13:35:00,534.55,535.28,534.27,535.14,1098991.0
2025-06-11 13:40:00,535.11,535.17,534.5,534.55,609014.0
2025-06-11 13:45:00,534.55,534.62,533.19,534.09,1067269.0
2025-06-11 13:50:00,534.1,535.16,534.07,534.78,825263.0
2025-06-11 13:55:00,534.79,535.0992,534.4401,534.76,483858.0
2025-06-11 14:00:00,534.78,535.2,534.66,534.98,525455.0
2025-06-11 14:05:00,534.98,535.31,534.58,535.2,696845.0
2025-06-11 14:10:00,535.2,535.6,534.997,535.55,641215.0
2025-06-11 14:15:00,535.54,535.77,535.27,535.67,548481.0
2025-06-11 14:20:00,535.63,535.98,535.4317,535.97,495598.0
2025-06-11 14:25:00,535.95,536.26,535.875,536.135,582182.0
2025-06-11 14:30:00,536.14,536.318,535.84,536.26,461846.0
2025-06-11 14:35:00,536.28,536.42,536.05,536.17,381435.0
2025-06-11 14:40:00,536.18,536.35,535.92,536.32,443462.0
2025-06-11 14:45:00,536.33,536.475,536.0508,536.09,498211.0
2025-06-11 14:50:00,536.06,536.55,536.05,536.5299,477882.0
2025-06-11 14:55:00,536.5,536.69,536.42,536.56,470489.0
2025-06-11 15:00:00,536.55,536.78,536.53,536.77,567901.0
2025-06-11 15:05:00,536.75,536.75,535.15,535.1699,1148794.0
2025-06-11 15:10:00,535.16,536.03,534.84,535.75,729132.0
2025-06-11 15:15:00,535.8,536.31,535.72,536.1445,475989.0
2025-06-11 15:20:00,536.13,536.32,535.935,536.23,414548.0
2025-06-11 15:25:00,536.205,536.2113,535.53,535.638,449304.0
2025-06-11 15:30:00,535.66,535.76,535.445,535.58,311570.0
2025-06-11 15:35:00,535.55,535.84,535.38,535.45,301450.0
2025-06-11 15:40:00,535.44,535.56,535.025,535.135,401827.0
2025-06-11 15:45:00,535.13,535.54,534.64,535.115,630234.0
2025-06-11 15:50:00,535.127,535.71,535.0,535.63,463647.0
2025-06-11 15:55:00,535.64,535.64,534.88,535.03,345020.0
2025-06-11 16:00:00,535.07,535.3393,534.9,535.04,682215.0
2025-06-12 09:30:00,530.62,530.94,530.58,530.84,14019.0
2025-06-12 09:35:00,530.99,531.36,530.99,531.19,12225.0
2025-06-12 09:40:00,531.07,531.07,530.59,530.85,11879.0
2025-06-12 09:45:00,530.86,531.09,530.78,530.78,8147.0
2025-06-12 09:50:00,530.72,530.76,530.51,530.65,5401.0
2025-06-12 09:55:00,530.63,530.64,530.6,530.6,3275.0
2025-06-12 10:00:00,530.4,530.74,530.35,530.7,3828.0
2025-06-12 10:05:00,530.61,530.63,530.23,530.34,6727.0
2025-06-12 10:10:00,530.35,530.38,529.93,530.26,34254.0
2025-06-12 10:15:00,530.54,530.65,530.52,530.52,8826.0
2025-06-12 10:20:00,530.39,530.39,529.69,529.69,15550.0
2025-06-12 10:25:00,529.74,529.97,529.51,529.87,18366.0
2025-06-12 10:30:00,529.94,530.09,529.82,529.82,5688.0
2025-06-12 10:35:00,529.85,530.2,529.73,530.0,15975.0
2025-06-12 10:40:00,530.06,530.42,530.05,530.36,13318.0
2025-06-12 10:45:00,530.43,530.69,530.43,530.64,10540.0
2025-06-12 10:50:00,530.59,530.74,530.54,530.71,7927.0
2025-06-12 10:55:00,530.76,530.85,530.41,530.46,11184.0
2025-06-12 11:00:00,530.5,530.53,529.96,530.24,22665.0
2025-06-12 11:05:00,530.16,530.4,529.96,530.35,14838.0
2025-06-12 11:10:00,530.43,530.43,530.07,530.07,17724.0
2025-06-12 11:15:00,530.02,530.02,529.89,530.0,18515.0
2025-06-12 11:20:00,529.97,530.09,529.87,529.91,9639.0
2025-06-12 11:25:00,529.88,529.98,529.55,529.69,9582.0
2025-06-12 11:30:00,529.6,529.7,529.34,529.68,15451.0
2025-06-12 11:35:00,529.74,529.74,529.22,529.34,8362.0
2025-06-12 11:40:00,529.41,529.64,529.3,529.59,3220.0
2025-06-12 11:45:00,529.71,529.75,529.56,529.66,9260.0
2025-06-12 11:50:00,529.71,529.71,529.01,529.1,20210.0
2025-06-12 11:55:00,529.09,529.09,528.79,528.85,9980.0
2025-06-12 12:00:00,530.94,531.73,528.84,529.16,82857.0
2025-06-12 12:05:00,529.12,529.34,529.09,529.29,13278.0
2025-06-12 12:10:00,529.4,529.77,529.32,529.65,27304.0
2025-06-12 12:15:00,529.56,529.71,529.48,529.65,18037.0
2025-06-12 12:20:00,529.7,529.7,529.48,529.56,13694.0
2025-06-12 12:25:00,529.62,529.62,529.21,529.4002,37760.0
2025-06-12 12:30:00,529.54,530.36,528.63,530.27,115416.0
2025-06-12 12:35:00,530.34,531.13,530.26,531.01,72905.0
2025-06-12 12:40:00,531.1,531.51,531.09,531.33,54675.0
2025-06-12 12:45:00,531.31,531.4999,531.03,531.18,29823.0
2025-06-12 12:50:00,531.1699,531.27,530.9,531.1799,22474.0
2025-06-12 12:55:00,531.48,531.48,531.2914,531.39,16502.0
2025-06-12 13:00:00,531.27,532.0,531.18,531.52,56945.0
2025-06-12 13:05:00,531.4,531.4,531.0027,531.23,22766.0
2025-06-12 13:10:00,531.3501,531.44,531.25,531.3099,24277.0
2025-06-12 13:15:00,531.2987,531.2987,531.07,531.29,18890.0
2025-06-12 13:20:00,531.23,531.23,531.03,531.12,9370.0
2025-06-12 13:25:00,531.14,531.22,530.9499,530.97,26801.0
2025-06-12 13:30:00,531.09,532.11,530.84,531.52,713458.0
2025-06-12 13:35:00,531.47,532.29,531.06,532.01,520461.0
2025-06-12 13:40:00,532.01,532.4,531.83,532.31,488987.0
2025-06-12 13:45:00,532.29,532.53,531.94,532.45,429889.0
2025-06-12 13:50:00,532.47,532.59,532.07,532.23,506728.0
2025-06-12 13:55:00,532.22,532.23,531.43,531.75,527756.0
2025-06-12 14:00:00,531.75,532.1,531.34,531.6799,429735.0
2025-06-12 14:05:00,531.71,532.83,531.49,532.54,757090.0
2025-06-12 14:10:00,532.55,533.16,532.46,533.13,463050.0
2025-06-12 14:15:00,533.14,533.39,532.97,533.23,570119.0
2025-06-12 14:20:00,533.22,533.51,532.99,533.22,500647.0
2025-06-12 14:25:00,533.23,533.4699,532.84,533.265,407883.0
2025-06-12 14:30:00,533.28,533.43,533.03,533.28,323970.0
2025-06-12 14:35:00,533.28,533.82,533.09,533.6,431508.0
2025-06-12 14:40:00,533.62,533.91,533.62,533.8,364604.0
2025-06-12 14:45:00,533.8,533.95,533.7,533.902,305089.0
2025-06-12 14:50:00,533.9,533.905,533.555,533.73,363928.0
2025-06-12 14:55:00,533.73,533.84,533.46,533.5929,382822.0
2025-06-12 15:00:00,533.6,534.6438,533.6,534.47,648502.0
2025-06-12 15:05:00,534.44,534.485,533.98,534.04,272993.0
2025-06-12 15:10:00,534.05,534.18,533.7699,533.93,406383.0
2025-06-12 15:15:00,533.93,534.1,533.13,533.39,528953.0
2025-06-12 15:20:00,533.36,533.525,532.3501,532.8,720845.0
2025-06-12 15:25:00,532.8,533.28,532.53,533.21,654550.0
2025-06-12 15:30:00,533.22,533.38,532.64,533.05,500604.0
2025-06-12 15:35:00,533.05,533.34,532.965,533.16,262729.0
2025-06-12 15:40:00,533.1601,533.51,533.06,533.31,262430.0
2025-06-12 15:45:00,533.3,533.32,532.79,532.87,256474.0
2025-06-12 15:50:00,532.88,533.15,532.6399,533.13,539855.0
2025-06-12 15:55:00,533.12,533.43,533.0,533.32,341402.0
2025-06-12 16:00:00,533.32,533.83,532.83,533.05,477546.0
2025-06-13 09:30:00,526.37,526.38,525.78,526.09,16222.0
2025-06-13 09:35:00,526.21,526.21,525.69,525.94,11405.0
2025-06-13 09:40:00,525.97,526.04,525.8,525.94,5555.0
2025-06-13 09:45:00,525.97,526.03,525.84,525.88,6562.0
2025-06-13 09:50:00,525.8,526.2,525.76,526.16,14750.0
2025-06-13 09:55:00,526.15,526.52,526.07,526.31,21379.0
2025-06-13 10:00:00,526.28,526.29,525.64,525.71,11618.0
2025-06-13 10:05:00,525.76,526.0,525.64,525.76,21308.0
2025-06-13 10:10:00,526.02,526.25,526.0,526.14,8780.0
2025-06-13 10:15:00,526.19,526.26,525.78,526.1,22371.0
2025-06-13 10:20:00,526.13,526.13,525.66,525.71,9752.0
2025-06-13 10:25:00,525.96,526.49,525.91,526.37,12361.0
2025-06-13 10:30:00,526.21,526.39,526.07,526.16,18302.0
2025-06-13 10:35:00,526.13,526.25,526.04,526.14,17369.0
2025-06-13 10:40:00,526.14,526.32,526.02,526.24,19607.0
2025-06-13 10:45:00,526.25,526.6,526.25,526.41,23902.0
2025-06-13 10:50:00,526.39,526.69,526.34,526.6,11441.0
2025-06-13 10:55:00,526.7,527.0,526.66,526.88,14301.0
2025-06-13 11:00:00,526.97,527.67,526.91,527.67,39728.0
2025-06-13 11:05:00,527.66,528.17,527.6,528.11,44679.0
2025-06-13 11:10:00,527.87,527.94,527.19,527.32,51570.0
2025-06-13 11:15:00,527.23,527.35,526.95,527.32,20777.0
2025-06-13 11:20:00,527.38,527.38,526.93,527.05,43703.0
2025-06-13 11:25:00,527.05,527.1,526.8,526.89,53295.0
2025-06-13 11:30:00,526.91,527.5,526.82,527.44,40358.0
2025-06-13 11:35:00,527.46,527.82,527.41,527.42,32942.0
2025-06-13 11:40:00,527.46,527.84,527.46,527.84,18080.0
2025-06-13 11:45:00,527.78,528.0,527.77,527.77,77694.0
2025-06-13 11:50:00,527.8,528.0,527.71,527.74,22720.0
2025-06-13 11:55:00,527.75,528.03,527.7,527.79,37258.0
2025-06-13 12:00:00,527.18,528.14,523.88,527.42,244030.0
2025-06-13 12:05:00,527.4,527.56,527.26,527.5299,19290.0
2025-06-13 12:10:00,527.51,527.56,527.31,527.32,29444.0
2025-06-13 12:15:00,527.25,527.77,527.2,527.65,37335.0
2025-06-13 12:20:00,527.73,528.1,527.73,528.0,29722.0
2025-06-13 12:25:00,527.98,528.1,527.73,527.7683,31508.0
2025-06-13 12:30:00,527.8,527.91,527.61,527.8,16862.0
2025-06-13 12:35:00,527.83,528.18,527.77,527.81,28565.0
2025-06-13 12:40:00,527.89,527.9,527.33,527.33,28456.0
2025-06-13 12:45:00,527.34,527.44,527.0,527.1599,58549.0
2025-06-13 12:50:00,527.12,527.29,526.79,526.93,53478.0
2025-06-13 12:55:00,526.97,527.26,526.97,527.13,42733.0
2025-06-13 13:00:00,527.06,527.1,526.76,526.98,28689.0
2025-06-13 13:05:00,527.02,527.02,526.822,526.86,41824.0
2025-06-13 13:10:00,526.83,526.99,526.54,526.95,70709.0
2025-06-13 13:15:00,526.94,526.94,526.4,526.6,58822.0
2025-06-13 13:20:00,526.55,526.97,526.42,526.69,42973.0
2025-06-13 13:25:00,526.69,527.69,526.65,527.69,81386.0
2025-06-13 13:30:00,527.68,530.01,527.25,529.68,1797971.0
2025-06-13 13:35:00,529.63,530.26,528.85,530.11,1020854.0
2025-06-13 13:40:00,530.13,530.15,529.31,529.82,854623.0
2025-06-13 13:45:00,529.83,529.83,529.06,529.47,652032.0
2025-06-13 13:50:00,529.47,530.4,528.93,528.955,809528.0
2025-06-13 13:55:00,528.955,529.34,528.44,528.67,704858.0
2025-06-13 14:00:00,528.88,529.8079,528.62,528.88,763179.0
2025-06-13 14:05:00,528.89,529.33,528.66,528.71,442719.0
2025-06-13 14:10:00,528.72,528.76,527.6,528.0599,749522.0
2025-06-13 14:15:00,528.06,528.1,527.6,527.78,612459.0
2025-06-13 14:20:00,527.77,527.8,526.74,527.27,865586.0
2025-06-13 14:25:00,527.27,527.38,526.14,526.37,772847.0
2025-06-13 14:30:00,526.3602,527.48,526.23,527.26,1176230.0
2025-06-13 14:35:00,527.29,528.59,527.155,528.475,730431.0
2025-06-13 14:40:00,528.49,529.26,528.27,528.3,655105.0
2025-06-13 14:45:00,528.31,528.75,527.75,528.005,547607.0
2025-06-13 14:50:00,527.95,529.43,527.82,529.24,611449.0
2025-06-13 14:55:00,529.22,529.79,528.94,529.17,917910.0
2025-06-13 15:00:00,529.17,529.46,529.0,529.32,336359.0
2025-06-13 15:05:00,529.32,529.72,529.26,529.489,330377.0
2025-06-13 15:10:00,529.47,529.79,529.01,529.65,614446.0
2025-06-13 15:15:00,529.679,529.92,529.28,529.7492,403838.0
2025-06-13 15:20:00,529.76,530.74,529.63,530.09,762827.0
2025-06-13 15:25:00,530.085,530.52,529.88,530.51,374159.0
2025-06-13 15:30:00,530.5,530.83,530.36,530.56,585972.0
2025-06-13 15:35:00,530.58,530.63,530.1813,530.48,341716.0
2025-06-13 15:40:00,530.49,530.92,530.24,530.7701,321445.0
2025-06-13 15:45:00,530.77,531.28,530.71,531.16,441482.0
2025-06-13 15:50:00,531.175,531.59,531.175,531.525,412939.0
2025-06-13 15:55:00,531.52,531.52,530.88,531.37,650786.0
2025-06-13 16:00:00,531.36,531.44,530.97,531.06,397390.0
2025-06-16 09:30:00,529.46,529.47,529.28,529.37,8225.0
2025-06-16 09:35:00,529.4,529.4,528.97,529.13,9588.0
2025-06-16 09:40:00,529.16,529.34,529.16,529.34,1496.0
2025-06-16 09:45:00,529.25,529.38,529.07,529.08,3285.0
2025-06-16 09:50:00,529.21,529.38,529.21,529.38,2825.0
2025-06-16 09:55:00,529.38,529.53,529.38,529.46,4898.0
2025-06-16 10:00:00,529.28,529.36,529.24,529.25,10542.0
2025-06-16 10:05:00,529.32,529.32,529.24,529.26,5134.0
2025-06-16 10:10:00,529.32,529.61,529.32,529.52,9854.0
2025-06-16 10:15:00,529.61,529.67,529.6,529.66,23461.0
2025-06-16 10:20:00,529.65,529.65,529.64,529.64,1181.0
2025-06-16 10:25:00,529.61,529.67,529.58,529.61,3634.0
2025-06-16 10:30:00,529.6,529.64,529.59,529.59,1527.0
2025-06-16 10:35:00,529.69,529.76,529.64,529.64,25963.0
2025-06-16 10:40:00,529.29,529.41,529.29,529.41,2007.0
2025-06-16 10:45:00,529.44,529.97,529.44,529.78,9940.0
2025-06-16 10:50:00,529.8,529.99,529.8,529.99,9517.0
2025-06-16 10:55:00,529.89,530.17,529.89,530.17,14116.0
2025-06-16 11:00:00,530.17,530.17,529.65,529.75,14446.0
2025-06-16 11:05:00,529.75,529.87,529.66,529.67,5169.0
2025-06-16 11:10:00,529.63,529.66,529.5,529.55,4258.0
2025-06-16 11:15:00,529.67,529.88,529.67,529.839,4288.0
2025-06-16 11:20:00,529.75,529.93,529.75,529.82,8474.0
2025-06-16 11:25:00,529.83,529.9,529.8,529.89,6095.0
2025-06-16 11:30:00,529.88,530.06,529.87,530.04,11445.0
2025-06-16 11:35:00,530.12,530.57,530.12,530.45,35645.0
2025-06-16 11:40:00,530.39,530.5,530.28,530.38,38428.0
2025-06-16 11:45:00,530.5,530.8,530.5,530.64,41043.0
2025-06-16 11:50:00,530.64,530.82,530.6,530.78,7126.0
2025-06-16 11:55:00,530.8,530.879,530.59,530.879,16298.0
2025-06-16 12:00:00,529.97,530.97,526.565,530.73,144703.0
2025-06-16 12:05:00,530.8,531.19,530.69,531.19,21104.0
2025-06-16 12:10:00,531.17,531.19,531.02,531.02,20913.0
2025-06-16 12:15:00,531.04,531.22,531.03,531.18,38306.0
2025-06-16 12:20:00,531.3,531.62,531.15,531.55,58237.0
2025-06-16 12:25:00,531.55,531.61,531.31,531.35,27790.0
2025-06-16 12:30:00,531.38,531.55,530.99,531.06,50041.0
2025-06-16 12:35:00,531.08,531.23,530.92,531.15,21639.0
2025-06-16 12:40:00,531.14,531.34,531.09,531.15,26780.0
2025-06-16 12:45:00,531.17,531.27,531.12,531.22,37575.0
2025-06-16 12:50:00,531.16,531.17,531.0103,531.05,17827.0
2025-06-16 12:55:00,531.08,531.22,530.98,530.99,22927.0
2025-06-16 13:00:00,531.04,531.28,530.98,531.17,40813.0
2025-06-16 13:05:00,531.16,531.24,530.95,531.17,27481.0
2025-06-16 13:10:00,531.18,531.22,531.04,531.15,26756.0
2025-06-16 13:15:00,531.1,531.1099,530.87,530.95,20237.0
2025-06-16 13:20:00,530.94,531.14,530.9,530.95,26158.0
2025-06-16 13:25:00,530.89,531.04,530.39,530.45,68643.0
2025-06-16 13:30:00,530.5,532.48,530.45,531.83,1372445.0
2025-06-16 13:35:00,531.78,532.37,531.32,532.215,663844.0
2025-06-16 13:40:00,532.23,532.38,531.79,532.1,595031.0
2025-06-16 13:45:00,532.11,532.76,531.58,532.6229,897288.0
2025-06-16 13:50:00,532.65,533.69,532.42,533.19,915852.0
2025-06-16 13:55:00,533.2,534.12,533.15,533.73,971597.0
2025-06-16 14:00:00,533.74,534.39,533.71,534.16,854104.0
2025-06-16 14:05:00,534.19,534.33,533.55,533.62,781657.0
2025-06-16 14:10:00,533.6,534.56,533.57,534.46,407178.0
2025-06-16 14:15:00,534.45,534.69,534.23,534.61,586470.0
2025-06-16 14:20:00,534.63,534.71,534.285,534.51,417926.0
2025-06-16 14:25:00,534.53,534.88,534.34,534.81,1121178.0
2025-06-16 14:30:00,534.81,535.06,534.74,534.95,716160.0
2025-06-16 14:35:00,534.96,535.03,534.46,534.74,632308.0
2025-06-16 14:40:00,534.75,534.8699,534.34,534.81,375417.0
2025-06-16 14:45:00,534.83,534.99,534.53,534.572,468234.0
2025-06-16 14:50:00,534.58,534.74,534.385,534.46,343978.0
2025-06-16 14:55:00,534.45,534.61,534.2,534.47,278463.0
2025-06-16 15:00:00,534.48,534.84,534.34,534.63,296904.0
2025-06-16 15:05:00,534.63,534.772,534.36,534.72,361617.0
2025-06-16 15:10:00,534.73,534.93,534.63,534.88,258592.0
2025-06-16 15:15:00,534.8912,535.31,534.82,535.19,492823.0
2025-06-16 15:20:00,535.19,535.35,535.02,535.325,299353.0
2025-06-16 15:25:00,535.33,535.37,534.44,534.58,441366.0
2025-06-16 15:30:00,534.56,534.93,534.48,534.69,425913.0
2025-06-16 15:35:00,534.72,534.94,534.495,534.68,298645.0
2025-06-16 15:40:00,534.7,534.85,534.61,534.665,193628.0
2025-06-16 15:45:00,534.67,534.96,534.63,534.85,172152.0
2025-06-16 15:50:00,534.83,534.86,534.24,534.265,238224.0
2025-06-16 15:55:00,534.26,534.38,533.81,534.16,493551.0
2025-06-16 16:00:00,534.18,534.48,533.9,534.16,271046.0
2025-06-17 09:30:00,531.0,531.14,530.8,530.86,2659.0
2025-06-17 09:35:00,530.77,531.0,530.77,530.91,3751.0
2025-06-17 09:40:00,530.94,531.11,530.94,531.05,4736.0
2025-06-17 09:45:00,531.11,531.28,531.1,531.25,7282.0
2025-06-17 09:50:00,531.28,531.3,530.75,530.79,4046.0
2025-06-17 09:55:00,530.84,530.98,530.74,530.93,6821.0
2025-06-17 10:00:00,530.85,531.14,530.75,531.11,5809.0
2025-06-17 10:05:00,531.16,531.35,531.12,531.12,4385.0
2025-06-17 10:10:00,531.25,531.35,531.2,531.25,7106.0
2025-06-17 10:15:00,531.1,531.1,530.88,530.88,2237.0
2025-06-17 10:20:00,531.03,531.08,530.96,530.97,3010.0
2025-06-17 10:25:00,530.96,530.96,530.71,530.74,6856.0
2025-06-17 10:30:00,530.81,530.84,530.74,530.78,5781.0
2025-06-17 10:35:00,530.73,530.73,530.13,530.18,14060.0
2025-06-17 10:40:00,530.1,530.46,530.1,530.19,11664.0
2025-06-17 10:45:00,530.26,530.54,530.0,530.54,12886.0
2025-06-17 10:50:00,530.51,530.93,530.51,530.93,8901.0
2025-06-17 10:55:00,530.89,531.06,530.83,531.03,7929.0
2025-06-17 11:00:00,531.02,531.2,530.89,531.19,13567.0
2025-06-17 11:05:00,531.17,531.25,531.15,531.15,7863.0
2025-06-17 11:10:00,531.21,531.44,531.16,531.32,10736.0
2025-06-17 11:15:00,531.31,531.54,531.31,531.5,8488.0
2025-06-17 11:20:00,531.53,531.7,531.53,531.55,20380.0
2025-06-17 11:25:00,531.59,531.81,531.46,531.57,10552.0
2025-06-17 11:30:00,531.55,531.67,531.44,531.54,6948.0
2025-06-17 11:35:00,531.43,531.75,531.43,531.75,4184.0
2025-06-17 11:40:00,531.66,531.66,531.34,531.35,3901.0
2025-06-17 11:45:00,531.34,531.4,531.22,531.22,10873.0
2025-06-17 11:50:00,531.28,531.43,531.28,531.31,5562.0
2025-06-17 11:55:00,531.4,531.87,531.35,531.83,15332.0
2025-06-17 12:00:00,531.04,533.0,530.4,532.07,100855.0
2025-06-17 12:05:00,532.12,532.16,531.71,531.71,15151.0
2025-06-17 12:10:00,531.79,532.14,531.71,532.14,9505.0
2025-06-17 12:15:00,532.16,532.33,531.9,531.96,36928.0
2025-06-17 12:20:00,531.95,532.25,531.94,532.16,18141.0
2025-06-17 12:25:00,532.23,532.25,531.97,532.23,11357.0
2025-06-17 12:30:00,531.77,532.4,531.3,531.92,69012.0
2025-06-17 12:35:00,531.9599,532.22,531.68,532.12,32840.0
2025-06-17 12:40:00,532.19,532.44,531.97,532.1,25005.0
2025-06-17 12:45:00,532.06,532.18,531.55,531.59,18241.0
2025-06-17 12:50:00,531.55,531.58,531.35,531.48,34647.0
2025-06-17 12:55:00,531.41,531.52,531.12,531.52,28813.0
2025-06-17 13:00:00,531.42,531.57,531.2,531.28,37037.0
2025-06-17 13:05:00,531.3408,531.4,531.1303,531.24,15908.0
2025-06-17 13:10:00,531.23,531.3399,531.13,531.25,6991.0
2025-06-17 13:15:00,531.27,532.0,531.03,531.39,17154.0
2025-06-17 13:20:00,531.48,531.57,531.2501,531.5,26568.0
2025-06-17 13:25:00,531.43,531.7,531.35,531.6908,28111.0
2025-06-17 13:30:00,531.71,532.78,531.49,532.15,970381.0
2025-06-17 13:35:00,532.19,532.3,531.77,532.19,542203.0
2025-06-17 13:40:00,532.2,532.37,530.89,530.99,877918.0
2025-06-17 13:45:00,531.0,531.85,530.8051,531.505,845975.0
2025-06-17 13:50:00,531.525,532.44,531.25,531.99,622385.0
2025-06-17 13:55:00,531.98,532.41,531.64,532.41,483914.0
2025-06-17 14:00:00,532.41,532.88,531.84,532.01,596210.0
2025-06-17 14:05:00,532.01,532.71,531.87,532.6701,409398.0
2025-06-17 14:10:00,532.71,533.225,532.59,533.0596,588139.0
2025-06-17 14:15:00,533.05,533.32,532.63,532.79,425789.0
2025-06-17 14:20:00,532.79,532.96,532.42,532.57,330454.0
2025-06-17 14:25:00,532.5501,532.74,532.37,532.58,322821.0
2025-06-17 14:30:00,532.56,532.81,532.51,532.56,467360.0
2025-06-17 14:35:00,532.56,532.5602,532.02,532.39,562389.0
2025-06-17 14:40:00,532.38,532.39,531.925,532.15,333099.0
2025-06-17 14:45:00,532.15,532.7,532.1,532.59,474092.0
2025-06-17 14:50:00,532.58,532.74,532.27,532.415,273811.0
2025-06-17 14:55:00,532.425,532.47,531.81,531.95,219865.0
2025-06-17 15:00:00,531.94,532.65,531.88,532.575,330474.0
2025-06-17 15:05:00,532.6,532.81,532.44,532.75,254480.0
2025-06-17 15:10:00,532.73,533.325,532.7,533.23,391872.0
2025-06-17 15:15:00,533.25,533.27,532.36,532.871,857936.0
2025-06-17 15:20:00,532.86,532.91,532.45,532.57,277628.0
2025-06-17 15:25:00,532.57,532.57,532.18,532.28,271005.0
2025-06-17 15:30:00,532.29,532.41,531.99,532.225,274133.0
2025-06-17 15:35:00,532.23,532.67,532.01,532.35,395460.0
2025-06-17 15:40:00,532.34,532.97,532.34,532.92,333768.0
2025-06-17 15:45:00,532.95,533.04,532.16,532.52,296782.0
2025-06-17 15:50:00,532.55,532.98,532.52,532.75,221808.0
2025-06-17 15:55:00,532.72,532.73,532.39,532.44,209043.0
2025-06-17 16:00:00,532.43,533.12,532.43,532.9701,276216.0
2025-06-18 09:30:00,531.38,531.46,531.07,531.09,10847.0
2025-06-18 09:35:00,531.09,531.11,530.99,531.07,5674.0
2025-06-18 09:40:00,531.07,531.13,531.02,531.13,2921.0
2025-06-18 09:45:00,531.17,531.21,531.05,531.11,5706.0
2025-06-18 09:50:00,531.11,531.24,531.01,531.1,8829.0
2025-06-18 09:55:00,531.06,531.06,530.98,531.02,3868.0
2025-06-18 10:00:00,530.98,531.0,530.78,530.78,2762.0
2025-06-18 10:05:00,530.77,530.83,530.7,530.76,4963.0
2025-06-18 10:10:00,530.79,530.83,530.51,530.83,13972.0
2025-06-18 10:15:00,530.92,531.03,530.92,530.97,2736.0
2025-06-18 10:20:00,530.9,530.91,530.08,530.5,13002.0
2025-06-18 10:25:00,530.53,530.66,530.37,530.4,6335.0
2025-06-18 10:30:00,530.43,530.51,530.05,530.05,10208.0
2025-06-18 10:35:00,530.0,530.16,529.94,530.16,21639.0
2025-06-18 10:40:00,530.14,530.38,530.0,530.29,5204.0
2025-06-18 10:45:00,530.21,530.45,530.02,530.13,7572.0
2025-06-18 10:50:00,530.13,530.17,529.42,529.46,10425.0
2025-06-18 10:55:00,529.47,529.57,529.15,529.27,14565.0
2025-06-18 11:00:00,529.21,529.39,529.18,529.31,13948.0
2025-06-18 11:05:00,529.37,529.52,529.25,529.33,9367.0
2025-06-18 11:10:00,529.36,529.59,529.14,529.48,13743.0
2025-06-18 11:15:00,529.54,529.57,529.5,529.5,2711.0
2025-06-18 11:20:00,529.34,529.75,529.34,529.65,6621.0
2025-06-18 11:25:00,529.66,530.0,529.66,529.88,19508.0
2025-06-18 11:30:00,529.83,530.0,529.83,529.95,11360.0
2025-06-18 11:35:00,529.98,530.15,529.75,529.88,24234.0
2025-06-18 11:40:00,529.919,530.42,529.919,530.12,32430.0
2025-06-18 11:45:00,530.37,530.99,530.37,530.85,45637.0
2025-06-18 11:50:00,530.78,530.8,530.57,530.57,14008.0
2025-06-18 11:55:00,530.54,530.54,530.34,530.34,6246.0
2025-06-18 12:00:00,530.88,531.5804,529.0,530.21,128643.0
2025-06-18 12:05:00,530.19,530.39,530.18,530.32,8343.0
2025-06-18 12:10:00,530.32,530.5,530.32,530.5,12512.0
2025-06-18 12:15:00,530.49,530.75,530.28,530.33,10990.0
2025-06-18 12:20:00,530.36,530.5,530.22,530.48,30752.0
2025-06-18 12:25:00,530.4599,530.4599,530.22,530.35,12498.0
2025-06-18 12:30:00,530.31,530.31,530.06,530.3,10275.0
2025-06-18 12:35:00,530.31,530.46,529.81,529.98,18770.0
2025-06-18 12:40:00,530.01,530.14,529.91,530.05,20340.0
2025-06-18 12:45:00,530.1,530.11,529.93,530.071,5351.0
2025-06-18 12:50:00,530.12,530.32,530.01,530.05,19701.0
2025-06-18 12:55:00,530.07,530.13,529.91,529.91,17670.0
2025-06-18 13:00:00,529.95,530.2,529.88,530.2,11971.0
2025-06-18 13:05:00,530.25,530.46,530.23,530.36,21274.0
2025-06-18 13:10:00,530.37,530.49,530.16,530.35,17091.0
2025-06-18 13:15:00,530.3,530.42,530.23,530.42,12702.0
2025-06-18 13:20:00,530.4,530.61,530.4,530.46,79348.0
2025-06-18 13:25:00,530.41,530.44,530.1,530.1,22423.0
2025-06-18 13:30:00,530.1,530.15,528.48,528.59,926683.0
2025-06-18 13:35:00,528.6,529.45,528.56,529.355,657468.0
2025-06-18 13:40:00,529.36,529.94,529.26,529.7,471356.0
2025-06-18 13:45:00,529.73,530.38,529.59,530.31,593292.0
2025-06-18 13:50:00,530.32,530.86,530.2,530.2813,753569.0
2025-06-18 13:55:00,530.265,530.605,530.21,530.28,478259.0
2025-06-18 14:00:00,530.29,531.0699,529.78,530.81,837180.0
2025-06-18 14:05:00,530.81,531.19,530.43,530.81,646596.0
2025-06-18 14:10:00,530.7796,531.5,530.68,531.3199,635851.0
2025-06-18 14:15:00,531.33,531.76,531.23,531.54,550119.0
2025-06-18 14:20:00,531.52,532.07,531.5,531.83,766183.0
2025-06-18 14:25:00,531.85,532.18,531.78,531.98,613921.0
2025-06-18 14:30:00,531.985,532.45,531.86,532.36,622408.0
2025-06-18 14:35:00,532.34,532.51,532.08,532.36,514391.0
2025-06-18 14:40:00,532.35,532.55,531.8,532.26,732923.0
2025-06-18 14:45:00,532.29,532.47,531.82,532.02,487605.0
2025-06-18 14:50:00,532.03,532.18,531.64,531.74,389913.0
2025-06-18 14:55:00,531.73,532.14,531.71,532.11,313728.0
2025-06-18 15:00:00,532.1,532.24,531.9146,532.16,297039.0
2025-06-18 15:05:00,532.16,532.18,531.63,531.65,322461.0
2025-06-18 15:10:00,531.67,531.81,531.52,531.62,185402.0
2025-06-18 15:15:00,531.62,531.77,531.48,531.5,239940.0
2025-06-18 15:20:00,531.49,531.61,531.34,531.46,430647.0
2025-06-18 15:25:00,531.455,531.66,531.22,531.41,343038.0
2025-06-18 15:30:00,531.42,531.75,531.28,531.56,301922.0
2025-06-18 15:35:00,531.56,531.725,531.37,531.7,206556.0
2025-06-18 15:40:00,531.69,531.7892,531.12,531.4101,403461.0
2025-06-18 15:45:00,531.42,531.67,531.35,531.585,258731.0
2025-06-18 15:50:00,531.58,532.02,531.5,532.0,359945.0
2025-06-18 15:55:00,532.01,532.04,531.0201,531.14,388616.0
2025-06-18 16:00:00,531.13,531.55,530.73,531.53,524920.0
2025-06-20 09:30:00,527.73,527.88,527.62,527.71,4339.0
2025-06-20 09:35:00,527.66,527.68,527.6,527.6,1539.0
2025-06-20 09:40:00,527.72,527.82,527.69,527.82,1686.0
2025-06-20 09:45:00,527.79,527.91,527.79,527.86,2315.0
2025-06-20 09:50:00,527.85,528.22,527.79,528.1,8196.0
2025-06-20 09:55:00,528.12,528.27,528.11,528.12,3790.0
2025-06-20 10:00:00,528.15,528.28,527.99,528.02,3734.0
2025-06-20 10:05:00,528.04,528.07,527.95,528.02,2367.0
2025-06-20 10:10:00,527.97,528.09,527.96,527.96,1991.0
2025-06-20 10:15:00,527.84,527.84,527.73,527.84,5655.0
2025-06-20 10:20:00,527.76,527.76,527.69,527.76,2790.0
2025-06-20 10:25:00,527.77,527.84,527.77,527.78,2893.0
2025-06-20 10:30:00,527.76,528.09,527.68,528.05,8323.0
2025-06-20 10:35:00,528.05,528.27,528.0,528.27,24826.0
2025-06-20 10:40:00,528.19,528.2,528.08,528.08,3293.0
2025-06-20 10:45:00,528.09,528.23,528.08,528.23,7322.0
2025-06-20 10:50:00,527.92,528.18,527.9,528.17,10891.0
2025-06-20 10:55:00,528.25,528.32,528.07,528.07,12599.0
2025-06-20 11:00:00,528.08,528.27,528.04,528.21,13116.0
2025-06-20 11:05:00,528.3,528.51,528.28,528.47,14145.0
2025-06-20 11:10:00,528.44,528.44,528.25,528.25,1935.0
2025-06-20 11:15:00,528.27,528.54,528.17,528.54,8082.0
2025-06-20 11:20:00,528.34,528.37,528.3,528.31,1836.0
2025-06-20 11:25:00,528.32,528.35,528.29,528.3,1449.0
2025-06-20 11:30:00,528.25,528.47,528.21,528.47,2042.0
2025-06-20 11:35:00,528.52,528.81,528.5,528.81,22016.0
2025-06-20 11:40:00,528.8,529.75,528.8,529.72,19159.0
2025-06-20 11:45:00,529.85,530.6,529.65,530.35,62341.0
2025-06-20 11:50:00,530.35,530.37,530.02,530.21,28870.0
2025-06-20 11:55:00,530.24,530.29,529.71,529.72,15107.0
2025-06-20 12:00:00,528.27,530.47,527.4496,530.08,84875.0
2025-06-20 12:05:00,530.18,530.23,529.81,529.96,20358.0
2025-06-20 12:10:00,529.96,530.21,529.93,530.1,31477.0
2025-06-20 12:15:00,530.12,530.36,530.0,530.36,27370.0
2025-06-20 12:20:00,530.27,530.37,529.9,529.95,27778.0
2025-06-20 12:25:00,529.85,530.19,529.81,530.06,26973.0
2025-06-20 12:30:00,530.1,530.85,530.03,530.85,71914.0
2025-06-20 12:35:00,530.81,530.81,530.35,530.67,45475.0
2025-06-20 12:40:00,530.68,530.86,530.47,530.71,22960.0
2025-06-20 12:45:00,530.76,531.0,530.74,530.93,37358.0
2025-06-20 12:50:00,530.93,531.14,530.89,531.11,34419.0
2025-06-20 12:55:00,531.1,531.45,530.96,531.13,54150.0
2025-06-20 13:00:00,531.16,531.43,531.16,531.22,17380.0
2025-06-20 13:05:00,531.29,531.29,531.13,531.25,16215.0
2025-06-20 13:10:00,531.2308,531.29,531.1,531.21,19628.0
2025-06-20 13:15:00,531.24,531.68,531.0801,531.65,29255.0
2025-06-20 13:20:00,531.67,532.0,531.6203,531.85,44966.0
2025-06-20 13:25:00,531.89,533.0,531.48,532.28,426681.0
2025-06-20 13:30:00,532.26,532.83,531.4,532.6,1659556.0
2025-06-20 13:35:00,532.64,533.37,532.44,533.33,841708.0
2025-06-20 13:40:00,533.34,533.56,532.8187,533.2,824606.0
2025-06-20 13:45:00,533.24,533.38,531.96,531.97,1129145.0
2025-06-20 13:50:00,531.99,532.05,531.2414,531.535,876792.0
2025-06-20 13:55:00,531.56,531.585,530.7,530.86,969345.0
2025-06-20 14:00:00,530.86,531.0799,530.51,530.9091,761602.0
2025-06-20 14:05:00,530.93,531.17,529.9001,530.3,844889.0
2025-06-20 14:10:00,530.32,530.5075,529.78,530.35,617481.0
2025-06-20 14:15:00,530.31,530.53,529.7,530.34,567143.0
2025-06-20 14:20:00,530.33,530.46,528.385,528.41,589700.0
2025-06-20 14:25:00,528.41,529.08,527.78,528.92,913235.0
2025-06-20 14:30:00,528.93,529.145,528.46,528.73,481786.0
2025-06-20 14:35:00,528.72,529.52,528.65,529.24,452966.0
2025-06-20 14:40:00,529.23,529.6,527.26,527.58,1139329.0
2025-06-20 14:45:00,527.58,527.58,526.66,526.92,717765.0
2025-06-20 14:50:00,526.91,526.91,525.64,525.8061,1053298.0
2025-06-20 14:55:00,525.8,526.72,525.69,526.13,790167.0
2025-06-20 15:00:00,526.11,526.11,525.1,525.27,1111406.0
2025-06-20 15:05:00,525.28,526.17,525.17,526.0099,520489.0
2025-06-20 15:10:00,526.01,526.995,525.93,526.9699,538492.0
2025-06-20 15:15:00,526.95,527.57,526.81,527.38,632802.0
2025-06-20 15:20:00,527.4,527.435,526.78,527.1,647105.0
2025-06-20 15:25:00,527.095,527.46,527.0,527.105,495175.0
2025-06-20 15:30:00,527.08,528.03,527.004,527.9483,458489.0
2025-06-20 15:35:00,527.94,528.52,527.85,528.43,503920.0
2025-06-20 15:40:00,528.43,533.1783,528.14,528.5387,3902902.0
2025-06-20 15:45:00,528.52,528.57,527.97,528.32,441493.0
2025-06-20 15:50:00,528.32,528.37,527.02,527.05,627922.0
2025-06-20 15:55:00,527.07,527.21,526.67,526.842,734862.0
2025-06-20 16:00:00,526.85,527.08,526.71,526.96,467930.0
2025-06-23 09:30:00,527.48,527.68,527.46,527.64,5689.0
2025-06-23 09:35:00,527.6,527.61,527.44,527.51,3390.0
2025-06-23 09:40:00,527.49,527.53,527.41,527.41,2811.0
2025-06-23 09:45:00,527.42,527.53,527.39,527.4,2537.0
2025-06-23 09:50:00,527.44,527.44,527.4,527.4,624.0
2025-06-23 09:55:00,527.35,527.36,527.19,527.19,2584.0
2025-06-23 10:00:00,527.15,527.26,526.86,527.25,21306.0
2025-06-23 10:05:00,527.2,527.5,527.2,527.43,3368.0
2025-06-23 10:10:00,527.14,528.09,526.97,527.39,17953.0
2025-06-23 10:15:00,527.46,527.46,527.0,527.02,5818.0
2025-06-23 10:20:00,527.19,527.4,526.75,526.89,13996.0
2025-06-23 10:25:00,526.88,527.16,526.88,526.9,7433.0
2025-06-23 10:30:00,526.85,526.93,526.69,526.93,5523.0
2025-06-23 10:35:00,527.1,527.1,526.8,526.85,8879.0
2025-06-23 10:40:00,526.81,526.81,526.33,526.42,11365.0
2025-06-23 10:45:00,526.47,526.55,526.32,526.55,5267.0
2025-06-23 10:50:00,526.56,526.63,526.49,526.57,5268.0
2025-06-23 10:55:00,526.5,526.68,526.41,526.54,10660.0
2025-06-23 11:00:00,526.53,526.72,526.31,526.32,13577.0
2025-06-23 11:05:00,526.31,526.31,525.8,525.9,17693.0
2025-06-23 11:10:00,525.92,525.99,525.57,525.83,11378.0
2025-06-23 11:15:00,525.72,525.77,525.46,525.65,15273.0
2025-06-23 11:20:00,525.49,525.5,525.24,525.31,11682.0
2025-06-23 11:25:00,525.28,525.45,524.99,525.45,19608.0
2025-06-23 11:30:00,525.42,525.55,525.31,525.44,4480.0
2025-06-23 11:35:00,525.44,525.62,525.41,525.59,5024.0
2025-06-23 11:40:00,525.49,525.5,525.0,525.01,17788.0
2025-06-23 11:45:00,525.06,525.3,524.6,525.27,12940.0
2025-06-23 11:50:00,525.19,525.5,525.0,525.5,18455.0
2025-06-23 11:55:00,525.6,525.81,525.58,525.77,26113.0
2025-06-23 12:00:00,527.54,527.67,524.11,526.04,135835.0
2025-06-23 12:05:00,526.12,526.12,525.54,525.7,14662.0
2025-06-23 12:10:00,525.9,526.2,525.8904,526.13,11273.0
2025-06-23 12:15:00,526.2,526.43,526.03,526.06,11240.0
2025-06-23 12:20:00,526.03,526.2,525.94,526.14,9184.0
2025-06-23 12:25:00,526.21,526.36,526.07,526.08,30447.0
2025-06-23 12:30:00,526.0255,526.52,526.01,526.52,13462.0
2025-06-23 12:35:00,526.56,526.83,526.48,526.6601,43109.0
2025-06-23 12:40:00,526.72,526.87,526.64,526.73,15124.0
2025-06-23 12:45:00,526.71,526.92,526.7,526.74,17954.0
2025-06-23 12:50:00,526.7301,527.03,526.71,527.02,19712.0
2025-06-23 12:55:00,527.02,527.2,526.93,527.16,21399.0
2025-06-23 13:00:00,527.13,527.21,526.98,527.04,24409.0
2025-06-23 13:05:00,527.0489,527.25,526.75,526.93,87411.0
2025-06-23 13:10:00,526.96,527.01,526.5,526.94,47580.0
2025-06-23 13:15:00,526.84,527.28,526.74,527.09,28467.0
2025-06-23 13:20:00,527.08,527.18,527.05,527.06,26419.0
2025-06-23 13:25:00,527.02,527.03,526.5,526.61,74213.0
2025-06-23 13:30:00,526.81,526.84,524.16,524.765,1273163.0
2025-06-23 13:35:00,524.75,526.78,524.54,526.77,887788.0
2025-06-23 13:40:00,526.76,527.2,526.47,527.0245,736510.0
2025-06-23 13:45:00,527.04,527.92,526.62,527.64,798212.0
2025-06-23 13:50:00,527.64,528.155,527.39,528.09,478118.0
2025-06-23 13:55:00,528.08,528.235,527.67,528.1536,405722.0
2025-06-23 14:00:00,528.17,528.97,528.17,528.895,834549.0
2025-06-23 14:05:00,528.9,529.78,528.9,529.6,1108432.0
2025-06-23 14:10:00,529.605,529.67,528.93,529.4646,599726.0
2025-06-23 14:15:00,529.47,530.16,529.05,529.88,841026.0
2025-06-23 14:20:00,529.88,530.21,529.59,529.83,487656.0
2025-06-23 14:25:00,529.83,529.96,529.22,529.5366,440927.0
2025-06-23 14:30:00,529.56,529.79,529.22,529.71,418317.0
2025-06-23 14:35:00,529.67,529.79,529.33,529.545,345154.0
2025-06-23 14:40:00,529.56,530.06,529.5,530.06,392415.0
2025-06-23 14:45:00,530.06,530.35,529.48,529.58,524913.0
2025-06-23 14:50:00,529.57,529.82,529.345,529.49,263691.0
2025-06-23 14:55:00,529.475,529.64,528.75,528.83,572511.0
2025-06-23 15:00:00,528.85,529.77,528.78,529.635,372319.0
2025-06-23 15:05:00,529.63,529.96,529.55,529.8609,381037.0
2025-06-23 15:10:00,529.905,530.02,529.6201,529.96,289289.0
2025-06-23 15:15:00,529.98,530.07,529.71,529.82,265743.0
2025-06-23 15:20:00,529.83,529.91,529.3602,529.5,198691.0
2025-06-23 15:25:00,529.52,529.57,528.63,528.67,448465.0
2025-06-23 15:30:00,528.66,529.115,528.33,529.02,446290.0
2025-06-23 15:35:00,529.02,529.142,528.6,528.73,240995.0
2025-06-23 15:40:00,528.71,528.84,528.1,528.62,443578.0
2025-06-23 15:45:00,528.62,528.78,528.353022,528.71,311869.0
2025-06-23 15:50:00,528.71,529.09,528.5,528.62,298477.0
2025-06-23 15:55:00,528.58,529.03,528.415,528.45,386758.0
2025-06-23 16:00:00,528.463,528.61,527.891,528.45,411461.0
2025-06-24 09:30:00,538.05,538.3,538.05,538.29,7743.0
2025-06-24 09:35:00,538.34,538.5,538.28,538.5,10537.0
2025-06-24 09:40:00,538.39,538.44,538.21,538.26,9361.0
2025-06-24 09:45:00,538.25,538.25,537.89,537.91,4925.0
2025-06-24 09:50:00,537.85,537.86,537.59,537.67,8851.0
2025-06-24 09:55:00,537.67,537.73,537.57,537.62,8037.0
2025-06-24 10:00:00,537.6,537.77,537.09,537.16,26362.0
2025-06-24 10:05:00,537.24,537.29,537.08,537.12,7861.0
2025-06-24 10:10:00,537.08,537.23,536.91,536.95,12391.0
2025-06-24 10:15:00,537.0,537.2,536.86,537.17,9540.0
2025-06-24 10:20:00,537.16,537.31,537.14,537.31,5026.0
2025-06-24 10:25:00,537.29,537.29,537.08,537.08,5969.0
2025-06-24 10:30:00,537.0,537.0,536.8,536.94,7561.0
2025-06-24 10:35:00,536.9,537.07,536.85,536.99,15350.0
2025-06-24 10:40:00,537.1,537.29,536.89,537.0,11695.0
2025-06-24 10:45:00,537.16,537.23,537.08,537.23,4053.0
2025-06-24 10:50:00,537.21,537.3,537.15,537.2,9926.0
2025-06-24 10:55:00,537.2,537.31,536.87,536.91,7860.0
2025-06-24 11:00:00,536.92,537.18,536.78,536.91,17143.0
2025-06-24 11:05:00,537.0,537.1,536.55,536.6,21351.0
2025-06-24 11:10:00,536.65,536.66,536.44,536.5,18907.0
2025-06-24 11:15:00,536.52,536.68,536.38,536.44,9108.0
2025-06-24 11:20:00,536.4,536.5,536.12,536.5,17077.0
2025-06-24 11:25:00,536.49,537.25,536.49,537.22,18326.0
2025-06-24 11:30:00,537.11,537.44,536.94,536.97,14813.0
2025-06-24 11:35:00,536.97,537.29,536.91,537.29,9413.0
2025-06-24 11:40:00,537.16,537.2,537.05,537.1,2805.0
2025-06-24 11:45:00,537.23,537.4,537.18,537.37,7088.0
2025-06-24 11:50:00,537.38,537.4,537.23,537.25,10269.0
2025-06-24 11:55:00,537.24,537.42,537.19,537.39,10164.0
2025-06-24 12:00:00,536.71,539.0,535.51,537.39,136653.0
2025-06-24 12:05:00,537.29,537.54,537.28,537.44,12598.0
2025-06-24 12:10:00,537.44,537.48,531.252,536.85,14944.0
2025-06-24 12:15:00,536.88,536.95,536.63,536.72,16783.0
2025-06-24 12:20:00,536.6999,537.03,536.6,536.9801,16502.0
2025-06-24 12:25:00,536.9899,537.02,536.72,536.93,17929.0
2025-06-24 12:30:00,536.85,537.1,536.25,536.87,46269.0
2025-06-24 12:35:00,536.97,537.27,536.97,537.0611,15541.0
2025-06-24 12:40:00,537.09,537.2,536.97,537.14,23706.0
2025-06-24 12:45:00,537.13,537.32,536.84,536.8583,23855.0
2025-06-24 12:50:00,536.88,536.95,536.61,536.71,21395.0
2025-06-24 12:55:00,536.74,536.95,536.74,536.92,17149.0
2025-06-24 13:00:00,536.92,537.0,536.7,536.77,42382.0
2025-06-24 13:05:00,536.75,536.95,536.75,536.92,21584.0
2025-06-24 13:10:00,536.93,537.07,536.82,536.95,39040.0
2025-06-24 13:15:00,536.9401,537.5,536.72,537.15,53149.0
2025-06-24 13:20:00,537.13,537.29,536.97,537.09,18122.0
2025-06-24 13:25:00,537.13,537.23,536.85,536.9,51839.0
2025-06-24 13:30:00,536.89,537.56,536.27,537.12,1724811.0
2025-06-24 13:35:00,537.1,537.62,536.985,537.26,846429.0
2025-06-24 13:40:00,537.26,537.89,537.26,537.51,847301.0
2025-06-24 13:45:00,537.51,538.04,537.5,537.575,926857.0
2025-06-24 13:50:00,537.575,537.63,536.9,537.185,782771.0
2025-06-24 13:55:00,537.178,537.53,536.74,536.99,512464.0
2025-06-24 14:00:00,536.94,537.48,536.84,537.31,530456.0
2025-06-24 14:05:00,537.31,537.5,536.43,537.001,699772.0
2025-06-24 14:10:00,537.02,537.22,536.79,537.07,623947.0
2025-06-24 14:15:00,537.07,537.83,537.03,537.56,728656.0
2025-06-24 14:20:00,537.58,537.75,537.4001,537.58,528567.0
2025-06-24 14:25:00,537.57,537.79,537.11,537.405,953288.0
2025-06-24 14:30:00,537.41,537.88,537.37,537.84,438655.0
2025-06-24 14:35:00,537.82,537.9052,537.475,537.61,509713.0
2025-06-24 14:40:00,537.6,538.185,537.55,538.12,579008.0
2025-06-24 14:45:00,538.13,538.19,537.81,537.94,611521.0
2025-06-24 14:50:00,537.92,538.03,537.66,537.985,316493.0
2025-06-24 14:55:00,537.99,538.08,537.23,537.59,572359.0
2025-06-24 15:00:00,537.6,538.41,537.56,538.2601,658621.0
2025-06-24 15:05:00,538.27,538.64,538.07,538.22,664160.0
2025-06-24 15:10:00,538.24,538.6,538.2101,538.52,422026.0
2025-06-24 15:15:00,538.49,538.59,538.38,538.41,342928.0
2025-06-24 15:20:00,538.41,538.9,538.35,538.76,432142.0
2025-06-24 15:25:00,538.745,538.97,538.72,538.9588,335697.0
2025-06-24 15:30:00,538.97,539.01,538.72,538.91,361912.0
2025-06-24 15:35:00,538.91,539.19,538.84,539.105,329662.0
2025-06-24 15:40:00,539.11,539.2,538.88,539.115,460976.0
2025-06-24 15:45:00,539.105,539.2991,538.965,539.285,353931.0
2025-06-24 15:50:00,539.28,539.29,538.77,538.885,413164.0
2025-06-24 15:55:00,538.885,539.05,538.61,538.685,411571.0
2025-06-24 16:00:00,538.69,539.07,538.585,539.0665,418104.0
2025-06-25 09:30:00,540.4,540.54,540.4,540.53,875.0
2025-06-25 09:35:00,540.51,540.55,540.38,540.42,5500.0
2025-06-25 09:40:00,540.4,540.42,540.35,540.37,2048.0
2025-06-25 09:45:00,540.36,540.36,540.31,540.32,3488.0
2025-06-25 09:50:00,540.39,540.41,540.25,540.29,1455.0
2025-06-25 09:55:00,540.28,540.41,540.25,540.31,3755.0
2025-06-25 10:00:00,540.32,540.35,540.32,540.34,2577.0
2025-06-25 10:05:00,540.31,540.31,540.2,540.2,687.0
2025-06-25 10:10:00,540.16,540.16,540.07,540.14,3592.0
2025-06-25 10:15:00,540.18,540.27,540.18,540.27,1340.0
2025-06-25 10:20:00,540.23,540.3,540.18,540.18,5303.0
2025-06-25 10:25:00,540.29,540.55,540.29,540.49,9321.0
2025-06-25 10:30:00,540.45,540.71,540.43,540.68,10617.0
2025-06-25 10:35:00,540.73,540.86,540.66,540.66,24615.0
2025-06-25 10:40:00,540.73,540.81,540.66,540.81,3739.0
2025-06-25 10:45:00,540.75,540.75,540.6,540.63,4369.0
2025-06-25 10:50:00,540.67,540.85,540.62,540.84,2817.0
2025-06-25 10:55:00,540.84,541.05,540.79,540.83,11478.0
2025-06-25 11:00:00,540.87,540.98,540.74,540.97,8797.0
2025-06-25 11:05:00,540.95,541.0,540.75,541.0,8903.0
2025-06-25 11:10:00,541.04,541.04,540.91,540.91,2817.0
2025-06-25 11:15:00,540.92,540.95,540.79,540.95,7512.0
2025-06-25 11:20:00,541.0,541.12,540.97,541.1,13043.0
2025-06-25 11:25:00,541.08,541.08,540.97,540.97,4763.0
2025-06-25 11:30:00,541.0,541.3,540.97,541.2,10856.0
2025-06-25 11:35:00,541.15,541.18,541.12,541.18,6489.0
2025-06-25 11:40:00,541.22,541.35,541.15,541.33,12263.0
2025-06-25 11:45:00,541.35,541.6,541.35,541.549,22811.0
2025-06-25 11:50:00,541.54,541.879,541.48,541.7,17237.0
2025-06-25 11:55:00,541.68,541.9,541.68,541.9,7080.0
2025-06-25 12:00:00,540.83,541.96,539.82,541.8,72630.0
2025-06-25 12:05:00,541.73,541.87,541.73,541.8289,15882.0
2025-06-25 12:10:00,541.77,541.86,541.71,541.85,7394.0
2025-06-25 12:15:00,541.87,541.96,541.84,541.84,10643.0
2025-06-25 12:20:00,541.88,541.88,541.66,541.83,20442.0
2025-06-25 12:25:00,541.8,541.95,541.8,541.93,14849.0
2025-06-25 12:30:00,541.91,541.93,541.72,541.75,17324.0
2025-06-25 12:35:00,541.72,541.99,541.7,541.99,16607.0
2025-06-25 12:40:00,541.96,542.1,541.9,541.97,26155.0
2025-06-25 12:45:00,541.96,541.96,541.87,541.87,19622.0
2025-06-25 12:50:00,541.85,542.15,541.85,542.0799,29220.0
2025-06-25 12:55:00,542.05,542.33,542.03,542.33,24051.0
2025-06-25 13:00:00,542.3,542.37,542.23,542.34,31385.0
2025-06-25 13:05:00,542.28,542.29,542.0,542.05,23856.0
2025-06-25 13:10:00,542.03,542.29,542.03,542.25,13662.0
2025-06-25 13:15:00,542.2,542.2,542.0,542.11,17329.0
2025-06-25 13:20:00,542.14,542.26,542.1,542.25,21328.0
2025-06-25 13:25:00,542.22,542.23,541.97,542.1,55071.0
2025-06-25 13:30:00,542.06,542.785,541.94,542.52,1436746.0
2025-06-25 13:35:00,542.51,543.12,542.51,543.11,1720132.0
2025-06-25 13:40:00,543.11,543.31,542.808,543.075,1446899.0
2025-06-25 13:45:00,543.08,543.24,542.49,542.49,1083355.0
2025-06-25 13:50:00,542.49,542.49,541.81,542.38,1465334.0
2025-06-25 13:55:00,542.38,542.97,542.31,542.65,915494.0
2025-06-25 14:00:00,542.66,542.82,541.91,542.21,597169.0
2025-06-25 14:05:00,542.23,542.485,541.99,542.07,841216.0
2025-06-25 14:10:00,542.06,542.195,541.28,541.46,981403.0
2025-06-25 14:15:00,541.47,541.99,541.3,541.58,806856.0
2025-06-25 14:20:00,541.58,541.89,541.24,541.5999,544037.0
2025-06-25 14:25:00,541.58,542.02,541.51,541.79,437677.0
2025-06-25 14:30:00,541.8,542.13,541.8,542.065,493505.0
2025-06-25 14:35:00,542.08,542.23,541.83,541.915,498828.0
2025-06-25 14:40:00,541.91,542.44,541.76,542.38,590036.0
2025-06-25 14:45:00,542.4,542.65,541.85,541.96,661529.0
2025-06-25 14:50:00,541.98,542.05,541.51,541.8099,559863.0
2025-06-25 14:55:00,541.8,542.105,541.7148,541.885,399115.0
2025-06-25 15:00:00,541.88,541.93,541.105,541.23,429231.0
2025-06-25 15:05:00,541.24,541.46,540.925,541.02,467660.0
2025-06-25 15:10:00,541.025,541.3,540.75,540.97,482352.0
2025-06-25 15:15:00,540.98,541.21,540.86,540.98,304304.0
2025-06-25 15:20:00,540.97,541.08,540.76,541.06,400076.0
2025-06-25 15:25:00,541.08,541.37,541.025,541.17,419432.0
2025-06-25 15:30:00,541.17,541.195,540.37,540.565,578995.0
2025-06-25 15:35:00,540.565,541.05,540.47,540.86,473014.0
2025-06-25 15:40:00,540.87,540.905,540.545,540.77,307308.0
2025-06-25 15:45:00,540.73,541.04,540.52,540.959,220293.0
2025-06-25 15:50:00,540.95,541.03,540.7701,540.98,220400.0
2025-06-25 15:55:00,540.98,541.15,540.69,540.73,213743.0
2025-06-25 16:00:00,540.71,541.02,540.68,540.82,329345.0
2025-06-26 09:30:00,543.4,543.4,543.18,543.38,13416.0
2025-06-26 09:35:00,543.4,543.44,543.34,543.42,5362.0
2025-06-26 09:40:00,543.31,543.31,543.22,543.28,2537.0
2025-06-26 09:45:00,543.27,543.38,543.27,543.36,4526.0
2025-06-26 09:50:00,543.37,543.42,543.37,543.41,2322.0
2025-06-26 09:55:00,543.42,543.42,543.34,543.34,4787.0
2025-06-26 10:00:00,543.4,543.41,543.18,543.22,7135.0
2025-06-26 10:05:00,543.31,543.55,543.31,543.53,4925.0
2025-06-26 10:10:00,543.5,543.63,543.49,543.62,2715.0
2025-06-26 10:15:00,543.68,543.8,543.63,543.8,3428.0
2025-06-26 10:20:00,543.9,544.02,543.87,543.91,11441.0
2025-06-26 10:25:00,544.0,544.0,543.86,543.86,2173.0
2025-06-26 10:30:00,543.86,543.93,543.83,543.86,5413.0
2025-06-26 10:35:00,543.82,543.85,543.75,543.78,5263.0
2025-06-26 10:40:00,543.77,543.8,543.66,543.66,3092.0
2025-06-26 10:45:00,543.66,543.76,543.57,543.76,3697.0
2025-06-26 10:50:00,543.7,543.84,543.56,543.6,3640.0
2025-06-26 10:55:00,543.57,543.57,543.43,543.46,6541.0
2025-06-26 11:00:00,543.45,543.53,543.41,543.42,15650.0
2025-06-26 11:05:00,543.49,543.75,543.48,543.75,12407.0
2025-06-26 11:10:00,543.74,543.84,543.67,543.77,5556.0
2025-06-26 11:15:00,543.69,543.8,543.61,543.8,10559.0
2025-06-26 11:20:00,543.76,543.82,543.63,543.63,45881.0
2025-06-26 11:25:00,543.61,543.61,543.53,543.6,33619.0
2025-06-26 11:30:00,543.62,543.7,543.59,543.66,32681.0
2025-06-26 11:35:00,543.68,543.77,543.54,543.56,29358.0
2025-06-26 11:40:00,543.51,543.51,543.45,543.475,29844.0
2025-06-26 11:45:00,543.44,543.6,543.42,543.54,38856.0
2025-06-26 11:50:00,543.59,543.84,543.57,543.78,61740.0
2025-06-26 11:55:00,543.79,543.89,543.78,543.88,34272.0
2025-06-26 12:00:00,543.49,543.97,540.755,543.95,84608.0
2025-06-26 12:05:00,543.97,544.05,543.79,543.79,35749.0
2025-06-26 12:10:00,543.78,543.95,543.78,543.81,25188.0
2025-06-26 12:15:00,543.781,543.86,543.7417,543.85,18738.0
2025-06-26 12:20:00,543.85,543.85,543.69,543.77,13094.0
2025-06-26 12:25:00,543.81,543.92,543.78,543.82,14249.0
2025-06-26 12:30:00,543.8135,544.0,542.65,542.96,89711.0
2025-06-26 12:35:00,542.93,543.21,542.93,543.2,38172.0
2025-06-26 12:40:00,543.25,543.4,543.09,543.4,22884.0
2025-06-26 12:45:00,543.5,543.65,543.29,543.4,27256.0
2025-06-26 12:50:00,543.29,543.41,543.01,543.22,34734.0
2025-06-26 12:55:00,543.3,543.35,543.17,543.35,18803.0
2025-06-26 13:00:00,543.39,543.42,542.87,542.87,32380.0
2025-06-26 13:05:00,542.91,543.09,542.84,543.01,63798.0
2025-06-26 13:10:00,542.95,543.03,542.85,542.96,38540.0
2025-06-26 13:15:00,542.99,543.34,542.81,543.12,40863.0
2025-06-26 13:20:00,543.31,543.43,543.26,543.28,31583.0
2025-06-26 13:25:00,543.31,543.6,543.21,543.36,57288.0
2025-06-26 13:30:00,543.35,543.7,542.5,542.95,1275653.0
2025-06-26 13:35:00,542.95,543.205,542.06,542.4798,820127.0
2025-06-26 13:40:00,542.46,542.84,541.98,542.67,636471.0
2025-06-26 13:45:00,542.71,542.91,541.83,542.03,826990.0
2025-06-26 13:50:00,542.04,542.47,541.52,542.32,918924.0
2025-06-26 13:55:00,542.31,543.195,542.2602,543.13,1112345.0
2025-06-26 14:00:00,543.14,543.72,543.14,543.61,724417.0
2025-06-26 14:05:00,543.61,543.8,543.0,543.21,710491.0
2025-06-26 14:10:00,543.21,543.66,543.19,543.33,408619.0
2025-06-26 14:15:00,543.34,543.6751,543.17,543.4,360983.0
2025-06-26 14:20:00,543.4,543.865,543.36,543.78,434001.0
2025-06-26 14:25:00,543.78,543.85,543.62,543.76,431062.0
2025-06-26 14:30:00,543.755,544.39,543.68,544.01,747194.0
2025-06-26 14:35:00,544.0,544.035,543.77,543.91,348111.0
2025-06-26 14:40:00,543.92,543.94,543.555,543.555,431949.0
2025-06-26 14:45:00,543.57,543.99,543.45,543.95,533006.0
2025-06-26 14:50:00,543.92,543.96,543.74,543.915,197794.0
2025-06-26 14:55:00,543.925,543.925,543.68,543.762,369341.0
2025-06-26 15:00:00,543.76,544.105,543.71,544.0701,280651.0
2025-06-26 15:05:00,544.065,544.16,543.91,544.13,314590.0
2025-06-26 15:10:00,544.13,544.37,544.01,544.18,1581622.0
2025-06-26 15:15:00,544.175,544.64,544.17,544.51,367668.0
2025-06-26 15:20:00,544.51,544.75,544.47,544.58,358807.0
2025-06-26 15:25:00,544.575,544.58,543.61,543.645,455613.0
2025-06-26 15:30:00,543.65,544.04,543.3125,544.0299,867161.0
2025-06-26 15:35:00,544.01,544.43,543.995,544.41,438847.0
2025-06-26 15:40:00,544.405,544.58,544.29,544.34,726124.0
2025-06-26 15:45:00,544.34,544.7,544.33,544.411,321381.0
2025-06-26 15:50:00,544.41,544.88,544.27,544.76,394870.0
2025-06-26 15:55:00,544.7651,544.81,544.52,544.7096,235082.0
2025-06-26 16:00:00,544.71,545.23,544.63,545.155,501375.0
2025-06-27 09:30:00,548.04,548.14,548.0,548.14,7152.0
2025-06-27 09:35:00,548.12,548.12,548.0,548.0,2895.0
2025-06-27 09:40:00,548.09,548.17,548.03,548.03,2302.0
2025-06-27 09:45:00,548.1,548.14,548.06,548.08,3750.0
2025-06-27 09:50:00,548.08,548.08,547.92,548.04,5507.0
2025-06-27 09:55:00,548.05,548.2,548.03,548.19,7754.0
2025-06-27 10:00:00,548.26,548.27,547.95,548.17,8618.0
2025-06-27 10:05:00,548.11,548.11,548.0,548.0,671.0
2025-06-27 10:10:00,547.98,547.98,547.79,547.81,4937.0
2025-06-27 10:15:00,547.96,548.0,547.95,547.95,1346.0
2025-06-27 10:20:00,547.98,548.02,547.92,547.92,2045.0
2025-06-27 10:25:00,547.92,547.93,547.82,547.88,2963.0
2025-06-27 10:30:00,547.92,547.94,547.9,547.92,1057.0
2025-06-27 10:35:00,547.95,547.95,547.83,547.83,5523.0
2025-06-27 10:40:00,547.85,547.89,547.83,547.86,1369.0
2025-06-27 10:45:00,547.86,547.98,547.86,547.98,1841.0
2025-06-27 10:50:00,547.87,547.98,547.86,547.97,4092.0
2025-06-27 10:55:00,547.94,547.95,547.92,547.95,24037.0
2025-06-27 11:00:00,547.9,548.34,547.87,548.27,42591.0
2025-06-27 11:05:00,548.22,548.28,548.19,548.24,4728.0
2025-06-27 11:10:00,548.41,548.55,548.35,548.5,25430.0
2025-06-27 11:15:00,548.44,548.52,548.42,548.5,11773.0
2025-06-27 11:20:00,548.54,548.66,548.54,548.6,12468.0
2025-06-27 11:25:00,548.58,548.66,548.57,548.6,5531.0
2025-06-27 11:30:00,548.55,548.75,548.55,548.72,8993.0
2025-06-27 11:35:00,548.72,548.9,548.72,548.88,9293.0
2025-06-27 11:40:00,548.92,549.0,548.81,548.83,9871.0
2025-06-27 11:45:00,548.8,548.87,548.73,548.83,7549.0
2025-06-27 11:50:00,548.89,548.91,548.85,548.85,3789.0
2025-06-27 11:55:00,548.86,549.0,548.8,549.0,22432.0
2025-06-27 12:00:00,548.14,549.19,546.84,548.88,122454.0
2025-06-27 12:05:00,548.87,548.92,548.72,548.82,18139.0
2025-06-27 12:10:00,548.76,548.76,548.5104,548.5104,21795.0
2025-06-27 12:15:00,548.5,548.52,548.39,548.39,31033.0
2025-06-27 12:20:00,548.4,548.8,548.32,548.78,40055.0
2025-06-27 12:25:00,548.82,548.85,548.62,548.85,23491.0
2025-06-27 12:30:00,548.7,548.73,548.08,548.17,94816.0
2025-06-27 12:35:00,548.17,548.38,548.06,548.3,21712.0
2025-06-27 12:40:00,548.25,548.25,547.78,547.8301,40142.0
2025-06-27 12:45:00,547.89,548.19,547.8,547.98,27458.0
2025-06-27 12:50:00,547.97,548.0,547.64,547.83,62148.0
2025-06-27 12:55:00,547.77,547.9,547.74,547.84,49928.0
2025-06-27 13:00:00,547.815,547.88,547.35,547.39,53004.0
2025-06-27 13:05:00,547.39,547.45,547.19,547.24,49090.0
2025-06-27 13:10:00,547.27,547.35,547.15,547.24,16666.0
2025-06-27 13:15:00,547.24,547.61,547.24,547.4599,29755.0
2025-06-27 13:20:00,547.42,547.56,547.39,547.45,48328.0
2025-06-27 13:25:00,547.46,547.68,547.18,547.21,44989.0
2025-06-27 13:30:00,547.26,547.74,546.74,547.49,1321142.0
2025-06-27 13:35:00,547.49,548.09,547.2,547.96,710240.0
2025-06-27 13:40:00,547.95,547.979,547.48,547.868,613993.0
2025-06-27 13:45:00,547.87,548.135,547.83,547.9,656532.0
2025-06-27 13:50:00,547.92,548.14,547.78,548.1,524404.0
2025-06-27 13:55:00,548.08,548.72,548.08,548.598,578669.0
2025-06-27 14:00:00,548.6,549.43,548.6,549.28,917338.0
2025-06-27 14:05:00,549.27,549.79,549.22,549.34,825643.0
2025-06-27 14:10:00,549.34,549.99,549.11,549.48,787867.0
2025-06-27 14:15:00,549.47,549.69,549.17,549.31,691489.0
2025-06-27 14:20:00,549.31,549.83,549.11,549.1551,745676.0
2025-06-27 14:25:00,549.14,549.15,548.76,549.0252,659333.0
2025-06-27 14:30:00,549.02,549.08,548.57,548.87,383233.0
2025-06-27 14:35:00,548.87,549.76,548.68,549.39,913250.0
2025-06-27 14:40:00,549.39,549.5551,549.27,549.42,359890.0
2025-06-27 14:45:00,549.45,549.49,549.13,549.235,303941.0
2025-06-27 14:50:00,549.23,549.27,548.3,548.82,843981.0
2025-06-27 14:55:00,548.83,548.84,548.2,548.4512,960678.0
2025-06-27 15:00:00,548.46,548.77,548.1403,548.69,686850.0
2025-06-27 15:05:00,548.68,549.04,548.615,548.86,388078.0
2025-06-27 15:10:00,548.86,549.11,548.83,548.915,289696.0
2025-06-27 15:15:00,548.92,548.94,548.46,548.815,305400.0
2025-06-27 15:20:00,548.82,549.18,548.63,549.16,272344.0
2025-06-27 15:25:00,549.17,549.26,549.0,549.26,359443.0
2025-06-27 15:30:00,549.26,549.62,549.19,549.61,379401.0
2025-06-27 15:35:00,549.62,549.74,549.52,549.71,1004454.0
2025-06-27 15:40:00,549.72,549.855,549.56,549.79,322128.0
2025-06-27 15:45:00,549.79,549.93,549.62,549.885,255160.0
2025-06-27 15:50:00,549.895,549.91,549.63,549.79,209792.0
2025-06-27 15:55:00,549.7851,549.84,549.63,549.655,267354.0
2025-06-27 16:00:00,549.66,549.66,549.36,549.48,449431.0
2025-06-30 09:30:00,551.97,552.16,551.97,552.03,15382.0
2025-06-30 09:35:00,552.1,552.26,552.1,552.21,10714.0
2025-06-30 09:40:00,552.21,552.21,551.91,551.95,8622.0
2025-06-30 09:45:00,551.9,551.91,551.61,551.62,7566.0
2025-06-30 09:50:00,551.62,551.62,551.46,551.6,9342.0
2025-06-30 09:55:00,551.58,551.58,551.45,551.46,6502.0
2025-06-30 10:00:00,551.46,551.52,551.43,551.48,7458.0
2025-06-30 10:05:00,551.54,551.82,551.54,551.74,8469.0
2025-06-30 10:10:00,551.77,551.98,551.75,551.97,6278.0
2025-06-30 10:15:00,551.92,551.98,551.92,551.98,5911.0
2025-06-30 10:20:00,552.0,552.04,551.95,551.95,12266.0
2025-06-30 10:25:00,551.99,552.02,551.97,551.97,7114.0
2025-06-30 10:30:00,552.0,552.09,551.87,551.95,4435.0
2025-06-30 10:35:00,551.92,552.03,551.9,552.03,4489.0
2025-06-30 10:40:00,552.05,552.05,551.95,551.95,1847.0
2025-06-30 10:45:00,551.91,551.94,551.78,551.79,6137.0
2025-06-30 10:50:00,551.8,551.85,551.7,551.76,7657.0
2025-06-30 10:55:00,551.77,551.78,551.68,551.74,4863.0
2025-06-30 11:00:00,551.65,551.75,551.46,551.5,20941.0
2025-06-30 11:05:00,551.49,551.71,551.49,551.69,11057.0
2025-06-30 11:10:00,551.69,551.77,551.6,551.74,18412.0
2025-06-30 11:15:00,551.74,551.91,551.64,551.91,10824.0
2025-06-30 11:20:00,551.83,551.98,551.78,551.94,8230.0
2025-06-30 11:25:00,551.81,551.93,551.81,551.93,3712.0
2025-06-30 11:30:00,551.84,551.84,551.72,551.77,13225.0
2025-06-30 11:35:00,551.75,551.75,551.5,551.58,21820.0
2025-06-30 11:40:00,551.57,551.85,551.57,551.85,8544.0
2025-06-30 11:45:00,551.87,552.03,551.84,552.0,12898.0
2025-06-30 11:50:00,552.0,552.01,551.79,551.8,10391.0
2025-06-30 11:55:00,551.8,551.84,551.69,551.76,7986.0
2025-06-30 12:00:00,551.5,552.0,550.76,551.62,99157.0
2025-06-30 12:05:00,551.65,551.75,548.37,551.73,19066.0
2025-06-30 12:10:00,551.73,551.82,551.64,551.8099,13959.0
2025-06-30 12:15:00,551.76,551.82,551.6,551.74,16950.0
2025-06-30 12:20:00,551.73,551.81,551.4801,551.56,25189.0
2025-06-30 12:25:00,551.57,551.6,551.47,551.56,38586.0
2025-06-30 12:30:00,551.47,551.54,551.2293,551.29,28973.0
2025-06-30 12:35:00,551.29,551.36,551.09,551.14,29638.0
2025-06-30 12:40:00,551.08,551.12,551.03,551.11,29902.0
2025-06-30 12:45:00,551.12,551.14,550.93,550.96,24989.0
2025-06-30 12:50:00,550.96,551.24,550.82,551.0996,43068.0
2025-06-30 12:55:00,551.13,551.2,551.0,551.15,26937.0
2025-06-30 13:00:00,551.16,551.3983,551.12,551.36,23940.0
2025-06-30 13:05:00,551.3901,551.44,551.21,551.32,16479.0
2025-06-30 13:10:00,551.33,551.51,551.26,551.43,33565.0
2025-06-30 13:15:00,551.42,551.619,551.37,551.619,48080.0
2025-06-30 13:20:00,551.62,551.68,551.52,551.52,40905.0
2025-06-30 13:25:00,551.45,551.56,551.2,551.26,59808.0
2025-06-30 13:30:00,551.26,551.31,549.94,550.14,1382128.0
2025-06-30 13:35:00,550.15,550.66,549.75,550.3,864591.0
2025-06-30 13:40:00,550.31,550.45,549.66,549.87,553508.0
2025-06-30 13:45:00,549.88,550.22,549.01,549.51,975562.0
2025-06-30 13:50:00,549.53,550.01,549.4,549.68,719601.0
2025-06-30 13:55:00,549.67,550.23,549.67,550.13,744756.0
2025-06-30 14:00:00,550.13,550.45,550.02,550.28,540955.0
2025-06-30 14:05:00,550.25,550.44,549.905,550.2107,651746.0
2025-06-30 14:10:00,550.19,550.76,550.16,550.55,657037.0
2025-06-30 14:15:00,550.55,550.5899,550.0,550.3599,463766.0
2025-06-30 14:20:00,550.33,550.3901,549.7,550.06,656115.0
2025-06-30 14:25:00,550.04,550.5,549.81,550.4999,499462.0
2025-06-30 14:30:00,550.515,550.57,550.13,550.13,330709.0
2025-06-30 14:35:00,550.135,550.16,549.71,549.91,568790.0
2025-06-30 14:40:00,549.9199,550.42,549.74,549.99,535808.0
2025-06-30 14:45:00,549.98,550.3487,549.769,550.24,459237.0
2025-06-30 14:50:00,550.24,550.27,549.86,550.02,782670.0
2025-06-30 14:55:00,550.01,550.1701,549.9,549.99,202627.0
2025-06-30 15:00:00,550.0,550.27,549.86,550.21,412129.0
2025-06-30 15:05:00,550.2099,550.48,550.1799,550.46,356807.0
2025-06-30 15:10:00,550.45,550.47,549.71,549.87,389978.0
2025-06-30 15:15:00,549.85,549.87,549.53,549.68,283381.0
2025-06-30 15:20:00,549.67,550.01,549.59,550.0,338689.0
2025-06-30 15:25:00,549.99,550.1305,549.7899,549.89,627694.0
2025-06-30 15:30:00,549.91,550.43,549.7005,550.35,397800.0
2025-06-30 15:35:00,550.345,550.431,550.185,550.431,240606.0
2025-06-30 15:40:00,550.43,550.68,550.23,550.5699,284857.0
2025-06-30 15:45:00,550.57,550.87,550.51,550.7,315777.0
2025-06-30 15:50:00,550.72,550.89,550.64,550.67,332719.0
2025-06-30 15:55:00,550.65,550.73,550.3601,550.5299,290155.0
2025-06-30 16:00:00,550.53,551.0,550.5,550.97,303944.0
2025-07-01 09:30:00,550.4,550.4,550.18,550.34,6210.0
2025-07-01 09:35:00,550.41,550.44,550.29,550.29,1992.0
2025-07-01 09:40:00,550.34,550.34,550.18,550.19,4906.0
2025-07-01 09:45:00,550.27,550.28,550.0,550.12,14643.0
2025-07-01 09:50:00,550.04,550.17,550.0,550.17,6722.0
2025-07-01 09:55:00,550.16,550.46,550.14,550.46,5572.0
2025-07-01 10:00:00,550.43,550.6,550.39,550.45,5937.0
2025-07-01 10:05:00,550.52,550.56,550.41,550.55,3185.0
2025-07-01 10:10:00,550.54,550.57,550.44,550.48,9707.0
2025-07-01 10:15:00,550.53,550.53,550.42,550.42,739.0
2025-07-01 10:20:00,550.42,550.44,550.35,550.44,4431.0
2025-07-01 10:25:00,550.45,550.46,550.34,550.34,3355.0
2025-07-01 10:30:00,550.38,550.38,550.3,550.34,3412.0
2025-07-01 10:35:00,550.35,550.44,550.28,550.44,2906.0
2025-07-01 10:40:00,550.43,550.45,550.31,550.41,3964.0
2025-07-01 10:45:00,550.4,550.44,550.35,550.36,3283.0
2025-07-01 10:50:00,550.39,550.44,550.38,550.38,3378.0
2025-07-01 10:55:00,550.38,550.61,550.32,550.58,7071.0
2025-07-01 11:00:00,550.6,550.79,550.59,550.78,12812.0
2025-07-01 11:05:00,550.65,550.7,550.59,550.63,5000.0
2025-07-01 11:10:00,550.55,550.64,550.55,550.62,2725.0
2025-07-01 11:15:00,550.68,550.7,550.37,550.41,6453.0
2025-07-01 11:20:00,550.42,550.59,550.42,550.51,4300.0
2025-07-01 11:25:00,550.6,550.61,550.51,550.6,2103.0
2025-07-01 11:30:00,550.66,550.7,550.57,550.7,2477.0
2025-07-01 11:35:00,550.71,550.71,550.61,550.65,3884.0
2025-07-01 11:40:00,550.6,550.6,550.44,550.44,8966.0
2025-07-01 11:45:00,550.45,550.5,550.38,550.5,7314.0
2025-07-01 11:50:00,550.44,550.44,550.21,550.23,10104.0
2025-07-01 11:55:00,550.2,550.4,549.91,550.36,14054.0
2025-07-01 12:00:00,550.6,551.5,549.93,550.27,71858.0
2025-07-01 12:05:00,550.34,551.227,549.82,549.88,19077.0
2025-07-01 12:10:00,549.84,549.86,549.6,549.65,58034.0
2025-07-01 12:15:00,549.62,549.67,549.5,549.5,27763.0
2025-07-01 12:20:00,549.53,549.55,548.91,549.12,44998.0
2025-07-01 12:25:00,549.07,549.08,548.65,549.08,90309.0
2025-07-01 12:30:00,549.06,549.61,549.05,549.51,47226.0
2025-07-01 12:35:00,549.56,549.61,549.04,549.07,31456.0
2025-07-01 12:40:00,549.07,549.35,549.01,549.26,36413.0
2025-07-01 12:45:00,549.3,549.66,549.26,549.5,30531.0
2025-07-01 12:50:00,549.49,549.7,549.43,549.65,25021.0
2025-07-01 12:55:00,549.62,549.7,549.5001,549.54,42706.0
2025-07-01 13:00:00,549.65,549.76,549.52,549.72,32878.0
2025-07-01 13:05:00,549.73,550.11,549.64,550.06,47895.0
2025-07-01 13:10:00,550.1,550.1,549.89,550.0,51084.0
2025-07-01 13:15:00,549.98,550.04,549.56,549.57,34941.0
2025-07-01 13:20:00,549.59,549.7,549.48,549.7,25331.0
2025-07-01 13:25:00,549.65,549.78,549.49,549.78,42058.0
2025-07-01 13:30:00,549.73,550.15,549.5,549.71,1516957.0
2025-07-01 13:35:00,549.73,550.06,549.52,549.87,742358.0
2025-07-01 13:40:00,549.87,550.05,549.14,549.45,776854.0
2025-07-01 13:45:00,549.47,550.18,549.36,550.1,630125.0
2025-07-01 13:50:00,550.1,550.46,549.98,550.22,706054.0
2025-07-01 13:55:00,550.23,550.3,549.784,549.93,421964.0
2025-07-01 14:00:00,549.76,550.35,549.48,549.7299,551849.0
2025-07-01 14:05:00,549.78,550.085,549.6,549.6399,457284.0
2025-07-01 14:10:00,549.62,550.36,549.37,550.31,643721.0
2025-07-01 14:15:00,550.33,550.71,550.12,550.22,646676.0
2025-07-01 14:20:00,550.22,550.24,549.08,549.383,896541.0
2025-07-01 14:25:00,549.39,549.56,548.42,548.835,1054016.0
2025-07-01 14:30:00,548.84,549.21,548.0288,548.12,1415592.0
2025-07-01 14:35:00,548.13,548.55,547.68,547.79,1618473.0
2025-07-01 14:40:00,547.78,547.79,547.26,547.52,1216775.0
2025-07-01 14:45:00,547.51,547.68,546.81,547.35,1311470.0
2025-07-01 14:50:00,547.34,547.6399,547.14,547.36,721691.0
2025-07-01 14:55:00,547.35,547.47,546.6,546.92,930952.0
2025-07-01 15:00:00,546.91,547.555,546.5,547.549,1181583.0
2025-07-01 15:05:00,547.56,547.63,545.4,545.73,1737431.0
2025-07-01 15:10:00,545.74,545.89,544.66,544.9,1859889.0
2025-07-01 15:15:00,544.89,545.8299,544.705,545.8299,1151125.0
2025-07-01 15:20:00,545.83,546.48,545.6331,546.43,689752.0
2025-07-01 15:25:00,546.42,547.09,546.4,546.83,767132.0
2025-07-01 15:30:00,546.83,547.07,546.63,546.94,613021.0
2025-07-01 15:35:00,546.95,547.06,545.905,546.06,608193.0
2025-07-01 15:40:00,546.06,546.1,545.21,545.7,820889.0
2025-07-01 15:45:00,545.69,546.18,545.61,545.81,470170.0
2025-07-01 15:50:00,545.8,546.51,545.64,546.4,696281.0
2025-07-01 15:55:00,546.41,546.43,546.02,546.22,370306.0
2025-07-01 16:00:00,546.23,546.46,545.78,545.7965,383162.0
2025-07-02 09:30:00,547.59,547.65,547.55,547.62,15067.0
2025-07-02 09:35:00,547.59,547.59,547.24,547.29,4776.0
2025-07-02 09:40:00,547.26,547.55,547.26,547.55,2764.0
2025-07-02 09:45:00,547.58,547.61,547.58,547.59,1113.0
2025-07-02 09:50:00,547.58,547.65,547.55,547.59,2689.0
2025-07-02 09:55:00,547.51,547.63,547.51,547.61,1779.0
2025-07-02 10:00:00,547.57,547.57,547.48,547.54,3558.0
2025-07-02 10:05:00,547.58,547.7,547.55,547.63,3576.0
2025-07-02 10:10:00,547.5,547.51,547.46,547.49,1900.0
2025-07-02 10:15:00,547.48,547.55,547.48,547.49,2107.0
2025-07-02 10:20:00,547.35,547.35,547.35,547.35,170.0
2025-07-02 10:25:00,547.25,547.25,547.11,547.14,1757.0
2025-07-02 10:30:00,547.08,547.37,547.03,547.05,15828.0
2025-07-02 10:35:00,547.12,547.16,547.0,547.0,6794.0
2025-07-02 10:40:00,546.98,547.0,546.79,546.91,5399.0
2025-07-02 10:45:00,546.89,546.91,546.7,546.84,12533.0
2025-07-02 10:50:00,546.87,546.98,546.75,546.75,6327.0
2025-07-02 10:55:00,546.76,546.95,546.67,546.95,10807.0
2025-07-02 11:00:00,546.95,547.05,546.83,547.0,15452.0
2025-07-02 11:05:00,547.07,547.18,547.05,547.17,5944.0
2025-07-02 11:10:00,547.17,547.17,546.98,546.98,26817.0
2025-07-02 11:15:00,547.01,547.13,547.0,547.0,3328.0
2025-07-02 11:20:00,547.18,547.23,547.18,547.23,2157.0
2025-07-02 11:25:00,547.22,547.22,547.11,547.16,4267.0
2025-07-02 11:30:00,547.14,547.35,546.86,546.86,4989.0
2025-07-02 11:35:00,546.96,546.99,546.94,546.94,7282.0
2025-07-02 11:40:00,547.0,547.06,546.95,546.99,7984.0
2025-07-02 11:45:00,546.98,547.0,546.4,546.4,12735.0
2025-07-02 11:50:00,546.4,546.4,545.84,545.89,33070.0
2025-07-02 11:55:00,545.83,546.42,545.82,546.42,9484.0
2025-07-02 12:00:00,547.14,549.1,545.8301,547.38,91420.0
2025-07-02 12:05:00,546.3799,546.61,546.37,546.57,10003.0
2025-07-02 12:10:00,546.58,546.89,546.53,546.81,15326.0
2025-07-02 12:15:00,546.9,546.9,545.94,546.1999,52781.0
2025-07-02 12:20:00,546.0,546.46,545.44,545.68,46104.0
2025-07-02 12:25:00,545.54,545.96,545.43,545.8,68140.0
2025-07-02 12:30:00,545.81,545.86,545.17,545.3,60970.0
2025-07-02 12:35:00,545.33,545.65,545.3,545.34,21549.0
2025-07-02 12:40:00,548.94,548.94,544.54,544.79,82711.0
2025-07-02 12:45:00,544.77,545.37,544.72,545.09,59065.0
2025-07-02 12:50:00,545.09,545.19,544.8,544.99,33710.0
2025-07-02 12:55:00,545.05,545.28,544.91,545.28,20013.0
2025-07-02 13:00:00,545.31,546.16,544.97,546.16,96528.0
2025-07-02 13:05:00,546.2,546.25,545.8499,545.8499,82699.0
2025-07-02 13:10:00,545.95,546.0483,545.79,545.96,21236.0
2025-07-02 13:15:00,545.99,546.08,545.63,545.72,49809.0
2025-07-02 13:20:00,545.7,546.0,545.7,545.92,17564.0
2025-07-02 13:25:00,545.87,546.18,545.8,546.17,69259.0
2025-07-02 13:30:00,546.16,547.045,546.12,546.55,1291911.0
2025-07-02 13:35:00,546.54,547.44,546.35,547.35,952274.0
2025-07-02 13:40:00,547.35,547.36,546.76,547.1393,774947.0
2025-07-02 13:45:00,547.12,547.94,547.12,547.5399,755949.0
2025-07-02 13:50:00,547.51,547.958,547.41,547.8807,477118.0
2025-07-02 13:55:00,547.9,547.915,547.36,547.42,479954.0
2025-07-02 14:00:00,547.41,548.149,547.34,548.05,569219.0
2025-07-02 14:05:00,548.05,548.35,547.98,548.25,545674.0
2025-07-02 14:10:00,548.25,548.74,548.25,548.625,544042.0
2025-07-02 14:15:00,548.61,548.84,548.59,548.73,390838.0
2025-07-02 14:20:00,548.71,548.91,548.6,548.91,329071.0
2025-07-02 14:25:00,548.92,549.64,548.81,549.465,957918.0
2025-07-02 14:30:00,549.45,549.73,549.43,549.71,619749.0
2025-07-02 14:35:00,549.72,549.96,549.57,549.705,442935.0
2025-07-02 14:40:00,549.7,550.01,549.03,549.1295,872919.0
2025-07-02 14:45:00,549.1,550.17,549.1,550.055,671856.0
2025-07-02 14:50:00,550.05,550.4112,549.93,550.08,459997.0
2025-07-02 14:55:00,550.08,550.08,549.6901,549.93,426227.0
2025-07-02 15:00:00,549.94,550.4399,549.94,550.38,635478.0
2025-07-02 15:05:00,550.4,550.7599,550.365,550.47,659906.0
2025-07-02 15:10:00,550.46,550.51,550.04,550.17,504396.0
2025-07-02 15:15:00,550.16,550.385,550.05,550.155,842660.0
2025-07-02 15:20:00,550.16,550.4,550.0,550.03,404053.0
2025-07-02 15:25:00,550.03,550.215,549.62,549.73,409400.0
2025-07-02 15:30:00,549.74,550.14,549.66,550.07,364162.0
2025-07-02 15:35:00,550.045,550.2994,549.795,549.88,334031.0
2025-07-02 15:40:00,549.87,550.02,549.7699,549.855,387839.0
2025-07-02 15:45:00,549.85,550.31,549.73,550.15,372008.0
2025-07-02 15:50:00,550.17,550.26,549.962,549.9648,208780.0
2025-07-02 15:55:00,549.96,550.27,549.92,550.18,249096.0
2025-07-02 16:00:00,550.17,550.325,549.88,550.04,256782.0
2025-07-03 09:30:00,551.72,551.75,551.48,551.48,5528.0
2025-07-03 09:35:00,551.45,551.47,551.37,551.38,3145.0
2025-07-03 09:40:00,551.38,551.54,551.34,551.39,7250.0
2025-07-03 09:45:00,551.44,551.65,551.44,551.65,3696.0
2025-07-03 09:50:00,551.52,551.52,551.49,551.52,1808.0
2025-07-03 09:55:00,551.45,551.45,551.2,551.22,4230.0
2025-07-03 10:00:00,551.26,551.36,551.09,551.1,11060.0
2025-07-03 10:05:00,551.03,551.13,550.94,550.95,7791.0
2025-07-03 10:10:00,550.97,551.09,550.9,551.04,6291.0
2025-07-03 10:15:00,551.11,551.12,550.99,550.99,2054.0
2025-07-03 10:20:00,550.97,550.97,550.8,550.85,4841.0
2025-07-03 10:25:00,550.92,551.13,550.92,551.0,2869.0
2025-07-03 10:30:00,551.02,551.15,551.02,551.15,3918.0
2025-07-03 10:35:00,551.26,551.28,551.16,551.2,2473.0
2025-07-03 10:40:00,551.23,551.27,551.21,551.23,4611.0
2025-07-03 10:45:00,551.25,551.34,551.25,551.34,1215.0
2025-07-03 10:50:00,551.3,551.39,551.27,551.39,2596.0
2025-07-03 10:55:00,551.39,551.39,551.27,551.35,2580.0
2025-07-03 11:00:00,551.34,551.47,551.29,551.43,12370.0
2025-07-03 11:05:00,551.51,551.54,551.45,551.54,3685.0
2025-07-03 11:10:00,551.6,551.6,551.47,551.55,2154.0
2025-07-03 11:15:00,551.49,551.65,551.37,551.62,5922.0
2025-07-03 11:20:00,551.64,551.67,551.52,551.55,3737.0
2025-07-03 11:25:00,551.55,551.68,551.55,551.68,6347.0
2025-07-03 11:30:00,551.64,551.64,551.4,551.42,16484.0
2025-07-03 11:35:00,551.43,551.46,551.32,551.34,5101.0
2025-07-03 11:40:00,551.38,551.67,551.33,551.5,9886.0
2025-07-03 11:45:00,551.56,551.56,551.37,551.39,7731.0
2025-07-03 11:50:00,551.43,551.52,551.32,551.52,8911.0
2025-07-03 11:55:00,551.52,551.55,551.3,551.54,6263.0
2025-07-03 12:00:00,551.49,552.44,550.98,551.7118,54277.0
2025-07-03 12:05:00,551.76,551.92,551.75,551.92,20425.0
2025-07-03 12:10:00,551.901,551.901,551.4736,551.52,12782.0
2025-07-03 12:15:00,551.55,551.5999,551.411,551.411,6978.0
2025-07-03 12:20:00,551.5,551.5,551.29,551.44,12394.0
2025-07-03 12:25:00,551.46,551.55,551.34,551.52,14259.0
2025-07-03 12:30:00,551.83,553.08,551.83,553.08,214250.0
2025-07-03 12:35:00,553.12,553.25,552.43,552.67,119521.0
2025-07-03 12:40:00,552.62,552.73,552.22,552.42,56949.0
2025-07-03 12:45:00,552.5,552.5,551.9199,552.03,44905.0
2025-07-03 12:50:00,552.01,552.38,552.01,552.25,26745.0
2025-07-03 12:55:00,552.28,552.48,552.22,552.26,21381.0
2025-07-03 13:00:00,552.28,552.76,552.28,552.76,27987.0
2025-07-03 13:05:00,552.74,553.07,552.74,552.9,51863.0
2025-07-03 13:10:00,552.92,552.99,552.591,552.69,34021.0
2025-07-03 13:15:00,552.7,552.78,552.55,552.62,29642.0
2025-07-03 13:20:00,552.7,553.1,552.69,553.06,30979.0
2025-07-03 13:25:00,553.06,553.38,553.01,553.23,46584.0
2025-07-03 13:30:00,553.18,554.51,553.18,553.98,1523024.0
2025-07-03 13:35:00,553.98,554.42,553.62,553.71,798950.0
2025-07-03 13:40:00,553.71,553.92,553.22,553.86,1006142.0
2025-07-03 13:45:00,553.86,554.23,553.58,554.06,1216688.0
2025-07-03 13:50:00,554.06,554.76,553.9,554.645,761782.0
2025-07-03 13:55:00,554.66,554.94,554.57,554.75,595086.0
2025-07-03 14:00:00,554.74,555.74,554.74,555.7001,924402.0
2025-07-03 14:05:00,555.71,556.02,555.67,555.995,726730.0
2025-07-03 14:10:00,556.0,556.29,555.95,556.015,804817.0
2025-07-03 14:15:00,556.03,556.24,555.72,556.24,620072.0
2025-07-03 14:20:00,556.24,556.33,556.05,556.215,430244.0
2025-07-03 14:25:00,556.22,556.285,556.0,556.2,338995.0
2025-07-03 14:30:00,556.2,556.37,555.8,555.95,750631.0
2025-07-03 14:35:00,555.96,556.2,555.82,556.02,278950.0
2025-07-03 14:40:00,556.02,556.25,555.83,555.89,398405.0
2025-07-03 14:45:00,555.8908,556.05,555.71,555.74,521807.0
2025-07-03 14:50:00,555.73,555.93,555.6499,555.9101,454681.0
2025-07-03 14:55:00,555.9199,556.08,555.8416,555.9107,473119.0
2025-07-03 15:00:00,555.92,556.3,555.905,556.035,505893.0
2025-07-03 15:05:00,556.02,556.44,555.96,556.21,528392.0
2025-07-03 15:10:00,556.22,556.455,556.14,556.45,302558.0
2025-07-03 15:15:00,556.45,556.48,556.16,556.26,350822.0
2025-07-03 15:20:00,556.25,556.44,556.24,556.335,297486.0
2025-07-03 15:25:00,556.335,556.67,556.175,556.42,544169.0
2025-07-03 15:30:00,556.41,556.669,556.34,556.4601,314342.0
2025-07-03 15:35:00,556.4499,556.92,556.4,556.85,274064.0
2025-07-03 15:40:00,556.845,557.2,556.845,557.1199,316185.0
2025-07-03 15:45:00,557.1,557.11,556.92,557.08,245629.0
2025-07-03 15:50:00,557.08,557.1,556.83,556.9,438308.0
2025-07-03 15:55:00,556.9,556.93,556.67,556.78,644551.0
2025-07-03 16:00:00,556.7891,556.97,556.77,556.8917,510631.0
2025-07-07 09:30:00,552.98,553.02,552.96,553.02,1346.0
2025-07-07 09:35:00,553.05,553.41,553.05,553.41,10729.0
2025-07-07 09:40:00,553.39,553.56,553.38,553.46,7833.0
2025-07-07 09:45:00,553.46,553.46,553.37,553.37,3255.0
2025-07-07 09:50:00,553.4,553.75,553.4,553.73,6134.0
2025-07-07 09:55:00,553.7,554.02,553.7,554.02,11918.0
2025-07-07 10:00:00,553.99,554.08,553.92,554.08,5666.0
2025-07-07 10:05:00,554.07,554.3,554.07,554.3,5041.0
2025-07-07 10:10:00,554.3,554.5,554.23,554.46,7176.0
2025-07-07 10:15:00,554.45,554.45,554.12,554.21,7625.0
2025-07-07 10:20:00,554.25,554.38,554.16,554.34,6908.0
2025-07-07 10:25:00,554.31,554.43,554.28,554.38,4914.0
2025-07-07 10:30:00,554.33,554.45,554.23,554.45,3628.0
2025-07-07 10:35:00,554.48,554.54,554.24,554.31,7806.0
2025-07-07 10:40:00,554.26,554.26,554.17,554.25,3528.0
2025-07-07 10:45:00,554.26,554.26,554.05,554.05,2344.0
2025-07-07 10:50:00,554.04,554.1,553.97,554.05,4786.0
2025-07-07 10:55:00,554.01,554.02,553.9,553.95,5295.0
2025-07-07 11:00:00,553.94,554.13,553.94,554.01,23041.0
2025-07-07 11:05:00,554.02,554.119,553.83,554.01,19489.0
2025-07-07 11:10:00,553.99,553.99,553.83,553.83,12374.0
2025-07-07 11:15:00,553.94,553.97,553.8,553.9,11538.0
2025-07-07 11:20:00,553.86,554.0,553.86,554.0,13114.0
2025-07-07 11:25:00,554.049,554.33,554.039,554.33,13674.0
2025-07-07 11:30:00,554.33,554.33,554.04,554.1,11624.0
2025-07-07 11:35:00,554.19,554.27,554.01,554.03,19965.0
2025-07-07 11:40:00,554.0,554.39,554.0,554.22,9696.0
2025-07-07 11:45:00,554.26,554.38,554.26,554.38,2817.0
2025-07-07 11:50:00,554.41,554.41,554.3,554.34,6421.0
2025-07-07 11:55:00,554.39,554.5,554.39,554.48,7994.0
2025-07-07 12:00:00,554.41,554.5,552.77,554.21,146304.0
2025-07-07 12:05:00,554.23,556.637,554.23,554.59,16600.0
2025-07-07 12:10:00,554.6,554.75,554.4801,554.75,11280.0
2025-07-07 12:15:00,554.75,554.94,554.71,554.88,26924.0
2025-07-07 12:20:00,554.9,554.9,554.64,554.7,15198.0
2025-07-07 12:25:00,554.71,554.72,554.389,554.51,19521.0
2025-07-07 12:30:00,554.51,554.59,554.42,554.57,11613.0
2025-07-07 12:35:00,554.55,554.69,554.2627,554.35,14359.0
2025-07-07 12:40:00,554.41,554.41,554.1001,554.1001,32747.0
2025-07-07 12:45:00,554.08,554.2,554.02,554.089,15948.0
2025-07-07 12:50:00,554.06,554.14,553.7789,553.7789,48964.0
2025-07-07 12:55:00,553.77,553.81,553.57,553.73,41614.0
2025-07-07 13:00:00,553.7,553.77,553.41,553.57,25291.0
2025-07-07 13:05:00,553.6,553.7,553.44,553.48,26564.0
2025-07-07 13:10:00,553.48,553.67,553.45,553.51,24692.0
2025-07-07 13:15:00,553.5,553.55,553.36,553.44,15379.0
2025-07-07 13:20:00,553.4201,553.45,553.19,553.3,18148.0
2025-07-07 13:25:00,553.3,553.65,553.15,553.49,56143.0
2025-07-07 13:30:00,553.52,554.27,552.49,553.1295,1591081.0
2025-07-07 13:35:00,553.13,553.71,553.01,553.05,791476.0
2025-07-07 13:40:00,553.04,553.92,552.84,553.6508,740295.0
2025-07-07 13:45:00,553.65,553.79,553.01,553.72,550717.0
2025-07-07 13:50:00,553.735,554.34,553.67,553.9793,799038.0
2025-07-07 13:55:00,553.97,554.0099,553.535,553.6,466783.0
2025-07-07 14:00:00,553.59,553.82,552.56,553.25,776764.0
2025-07-07 14:05:00,553.26,553.548,553.18,553.225,347899.0
2025-07-07 14:10:00,553.28,553.415,552.89,552.91,401398.0
2025-07-07 14:15:00,552.905,553.39,552.64,553.385,416755.0
2025-07-07 14:20:00,553.38,553.66,553.24,553.575,304716.0
2025-07-07 14:25:00,553.6,553.97,553.2749,553.38,469155.0
2025-07-07 14:30:00,553.37,553.41,552.92,552.92,408803.0
2025-07-07 14:35:00,552.93,553.27,552.88,553.01,249007.0
2025-07-07 14:40:00,553.0,553.25,552.89,552.94,326169.0
2025-07-07 14:45:00,552.92,553.25,552.73,553.18,305328.0
2025-07-07 14:50:00,553.17,553.28,552.28,552.67,1017928.0
2025-07-07 14:55:00,552.68,552.68,552.05,552.335,592535.0
2025-07-07 15:00:00,552.33,552.84,552.19,552.45,507455.0
2025-07-07 15:05:00,552.47,552.64,552.34,552.595,228166.0
2025-07-07 15:10:00,552.59,552.74,552.34,552.56,251911.0
2025-07-07 15:15:00,552.55,552.8601,552.42,552.58,295324.0
2025-07-07 15:20:00,552.56,552.76,552.41,552.615,263762.0
2025-07-07 15:25:00,552.6,553.01,552.52,552.95,262082.0
2025-07-07 15:30:00,552.94,553.17,552.781,552.88,390905.0
2025-07-07 15:35:00,552.87,553.01,552.72,552.98,316167.0
2025-07-07 15:40:00,552.99,553.1,552.76,552.7952,233870.0
2025-07-07 15:45:00,552.78,552.88,552.42,552.73,315791.0
2025-07-07 15:50:00,552.72,552.85,552.56,552.7,232309.0
2025-07-07 15:55:00,552.71,553.33,552.685,553.13,362124.0
2025-07-07 16:00:00,553.12,553.67,553.1101,553.6148,514049.0
2025-07-08 09:30:00,553.55,553.6,553.38,553.38,2052.0
2025-07-08 09:35:00,553.37,553.5,553.34,553.5,2580.0
2025-07-08 09:40:00,553.4,553.48,553.4,553.48,2377.0
2025-07-08 09:45:00,553.51,553.52,553.3,553.31,6744.0
2025-07-08 09:50:00,553.13,553.16,553.04,553.16,4383.0
2025-07-08 09:55:00,553.14,553.23,553.13,553.14,3050.0
2025-07-08 10:00:00,553.2,553.2,552.7,552.7,9740.0
2025-07-08 10:05:00,552.76,553.01,552.76,553.01,3626.0
2025-07-08 10:10:00,552.97,553.02,552.89,552.89,3156.0
2025-07-08 10:15:00,552.95,553.17,552.95,553.17,2722.0
2025-07-08 10:20:00,553.2,553.2,553.1,553.1,1614.0
2025-07-08 10:25:00,553.02,553.11,552.99,553.11,5853.0
2025-07-08 10:30:00,553.08,553.24,553.06,553.18,6353.0
2025-07-08 10:35:00,553.21,553.54,553.2,553.54,20552.0
2025-07-08 10:40:00,553.55,553.78,553.54,553.78,10414.0
2025-07-08 10:45:00,553.77,553.77,553.59,553.59,2290.0
2025-07-08 10:50:00,553.63,553.73,553.52,553.6,6149.0
2025-07-08 10:55:00,553.47,553.61,553.47,553.61,3967.0
2025-07-08 11:00:00,553.59,553.59,553.47,553.49,15787.0
2025-07-08 11:05:00,553.44,553.44,553.28,553.3,2631.0
2025-07-08 11:10:00,553.251,553.58,553.251,553.58,5307.0
2025-07-08 11:15:00,553.62,553.62,553.45,553.49,6042.0
2025-07-08 11:20:00,553.61,553.7,553.6,553.7,5074.0
2025-07-08 11:25:00,553.71,553.72,553.611,553.63,3261.0
2025-07-08 11:30:00,553.6,553.6,553.52,553.55,3128.0
2025-07-08 11:35:00,553.61,553.63,553.55,553.63,2642.0
2025-07-08 11:40:00,553.69,553.81,553.68,553.8,7410.0
2025-07-08 11:45:00,553.81,553.86,553.65,553.65,3216.0
2025-07-08 11:50:00,553.64,553.64,553.5,553.5,4108.0
2025-07-08 11:55:00,553.48,553.53,553.41,553.53,2175.0
2025-07-08 12:00:00,553.45,554.26,552.76,553.21,89036.0
2025-07-08 12:05:00,553.27,553.45,551.616,553.4001,12864.0
2025-07-08 12:10:00,553.43,553.69,553.33,553.67,10234.0
2025-07-08 12:15:00,553.66,553.8,553.633,553.8,9100.0
2025-07-08 12:20:00,553.79,553.8,553.6401,553.65,9320.0
2025-07-08 12:25:00,553.69,553.69,553.5408,553.57,21709.0
2025-07-08 12:30:00,553.51,553.51,553.13,553.25,40176.0
2025-07-08 12:35:00,553.2399,553.2399,552.97,553.06,24462.0
2025-07-08 12:40:00,553.07,553.15,552.89,553.03,14454.0
2025-07-08 12:45:00,553.04,553.27,553.03,553.05,31413.0
2025-07-08 12:50:00,553.04,553.26,552.98,553.1601,12018.0
2025-07-08 12:55:00,553.19,553.4399,553.1707,553.38,9468.0
2025-07-08 13:00:00,553.45,553.7,553.39,553.7,19806.0
2025-07-08 13:05:00,553.7,553.84,553.66,553.75,19176.0
2025-07-08 13:10:00,553.74,553.77,553.63,553.71,22667.0
2025-07-08 13:15:00,553.68,553.7,553.47,553.47,11555.0
2025-07-08 13:20:00,553.5,553.67,553.37,553.5999,40765.0
2025-07-08 13:25:00,553.6,553.6,553.271,553.33,18544.0
2025-07-08 13:30:00,553.38,553.55,552.5,552.58,904123.0
2025-07-08 13:35:00,552.57,552.94,552.3507,552.405,545561.0
2025-07-08 13:40:00,552.41,553.05,552.29,552.67,566243.0
2025-07-08 13:45:00,552.67,552.96,552.62,552.75,571937.0
2025-07-08 13:50:00,552.74,553.0812,552.36,552.95,693180.0
2025-07-08 13:55:00,552.9299,553.11,552.1,552.11,552447.0
2025-07-08 14:00:00,552.11,552.5,551.92,552.43,835552.0
2025-07-08 14:05:00,552.43,552.468,551.73,552.01,629334.0
2025-07-08 14:10:00,552.04,552.24,551.77,552.095,351060.0
2025-07-08 14:15:00,552.09,552.4,551.96,552.06,309263.0
2025-07-08 14:20:00,552.08,552.29,551.53,551.53,429134.0
2025-07-08 14:25:00,551.54,551.93,551.29,551.9,468915.0
2025-07-08 14:30:00,551.9,553.04,551.85,553.03,687971.0
2025-07-08 14:35:00,553.05,553.46,552.92,553.38,876647.0
2025-07-08 14:40:00,553.38,553.53,552.89,553.1299,529216.0
2025-07-08 14:45:00,553.16,553.21,552.19,552.51,930029.0
2025-07-08 14:50:00,552.485,552.76,551.2,551.61,674147.0
2025-07-08 14:55:00,551.605,552.36,551.1,552.3591,577802.0
2025-07-08 15:00:00,552.35,552.74,552.14,552.45,524029.0
2025-07-08 15:05:00,552.45,552.86,552.43,552.65,333983.0
2025-07-08 15:10:00,552.65,552.84,552.47,552.535,399595.0
2025-07-08 15:15:00,552.54,552.62,552.14,552.19,380735.0
2025-07-08 15:20:00,552.22,552.3791,551.63,551.69,423086.0
2025-07-08 15:25:00,551.7,551.94,551.4351,551.77,448221.0
2025-07-08 15:30:00,551.77,552.225,551.77,552.082827,324980.0
2025-07-08 15:35:00,552.04,552.3,551.98,552.23,330975.0
2025-07-08 15:40:00,552.24,552.32,552.0,552.07,218887.0
2025-07-08 15:45:00,552.06,552.42,552.03,552.3607,248486.0
2025-07-08 15:50:00,552.36,552.5601,552.22,552.38,312583.0
2025-07-08 15:55:00,552.35,552.78,552.27,552.65,294057.0
2025-07-08 16:00:00,552.66,552.8,552.58,552.77,217657.0
2025-07-09 09:30:00,553.31,553.39,553.25,553.37,5228.0
2025-07-09 09:35:00,553.22,553.31,553.19,553.31,1701.0
2025-07-09 09:40:00,553.41,553.55,553.41,553.55,5581.0
2025-07-09 09:45:00,553.47,553.47,553.29,553.32,3098.0
2025-07-09 09:50:00,553.37,553.37,553.24,553.24,4996.0
2025-07-09 09:55:00,553.13,553.15,553.13,553.14,1832.0
2025-07-09 10:00:00,553.11,553.11,553.0,553.0,2653.0
2025-07-09 10:05:00,552.94,552.94,552.86,552.94,1101.0
2025-07-09 10:10:00,553.01,553.2,552.9,553.2,4910.0
2025-07-09 10:15:00,553.19,553.26,553.19,553.26,1899.0
2025-07-09 10:20:00,553.07,553.14,553.03,553.1,2704.0
2025-07-09 10:25:00,553.07,553.07,553.06,553.06,755.0
2025-07-09 10:30:00,553.13,553.34,553.13,553.34,7357.0
2025-07-09 10:35:00,553.34,553.41,553.34,553.37,2142.0
2025-07-09 10:40:00,553.36,553.38,553.12,553.14,6143.0
2025-07-09 10:45:00,553.11,553.12,553.08,553.1,2487.0
2025-07-09 10:50:00,553.11,553.2,553.04,553.15,5576.0
2025-07-09 10:55:00,553.1,553.26,553.01,553.14,6170.0
2025-07-09 11:00:00,553.14,553.28,553.1,553.18,7158.0
2025-07-09 11:05:00,553.21,553.3,553.1,553.3,2578.0
2025-07-09 11:10:00,553.23,553.4,553.23,553.4,1821.0
2025-07-09 11:15:00,553.38,553.44,553.28,553.28,1962.0
2025-07-09 11:20:00,553.43,553.55,553.34,553.5,6222.0
2025-07-09 11:25:00,553.5,553.5,553.44,553.45,2666.0
2025-07-09 11:30:00,553.549,553.76,553.549,553.66,10842.0
2025-07-09 11:35:00,553.66,553.72,553.6,553.6,5459.0
2025-07-09 11:40:00,553.47,553.49,553.41,553.47,4361.0
2025-07-09 11:45:00,553.5,553.84,553.42,553.79,9069.0
2025-07-09 11:50:00,553.72,553.8,553.56,553.62,2736.0
2025-07-09 11:55:00,553.6,553.62,553.42,553.53,4436.0
2025-07-09 12:00:00,553.23,553.78,551.43,553.44,34663.0
2025-07-09 12:05:00,553.4,553.55,553.4,553.46,27567.0
2025-07-09 12:10:00,553.51,553.64,553.43,553.63,18451.0
2025-07-09 12:15:00,553.58,553.63,553.5,553.63,20663.0
2025-07-09 12:20:00,553.61,553.71,553.61,553.68,1356.0
2025-07-09 12:25:00,553.5399,553.59,553.41,553.59,13696.0
2025-07-09 12:30:00,553.5714,553.62,553.46,553.5,13977.0
2025-07-09 12:35:00,553.48,553.53,553.45,553.48,5064.0
2025-07-09 12:40:00,553.43,553.67,553.42,553.65,17919.0
2025-07-09 12:45:00,553.68,553.91,553.68,553.87,16284.0
2025-07-09 12:50:00,553.87,553.87,553.58,553.58,37820.0
2025-07-09 12:55:00,553.56,553.6,553.24,553.43,38517.0
2025-07-09 13:00:00,553.45,553.7,553.36,553.7,12664.0
2025-07-09 13:05:00,553.73,553.85,553.61,553.85,12278.0
2025-07-09 13:10:00,553.9,554.032,553.86,554.03,29198.0
2025-07-09 13:15:00,554.0,554.06,553.91,554.03,24371.0
2025-07-09 13:20:00,554.03,554.1395,554.0003,554.09,17568.0
2025-07-09 13:25:00,554.05,554.5,554.0,554.45,47657.0
2025-07-09 13:30:00,554.48,555.6853,554.47,555.57,1232818.0
2025-07-09 13:35:00,555.59,556.2,555.59,556.16,875820.0
2025-07-09 13:40:00,556.165,556.54,555.9348,556.295,717515.0
2025-07-09 13:45:00,556.31,557.07,556.31,557.015,1041399.0
2025-07-09 13:50:00,557.02,557.2953,556.82,557.0893,717084.0
2025-07-09 13:55:00,557.08,557.21,556.755,557.04,545325.0
2025-07-09 14:00:00,557.03,557.63,557.02,557.12,824194.0
2025-07-09 14:05:00,557.11,557.44,556.82,557.14,698589.0
2025-07-09 14:10:00,557.14,557.47,556.96,557.165,689293.0
2025-07-09 14:15:00,557.16,557.26,556.8,556.82,502546.0
2025-07-09 14:20:00,556.82,557.0051,556.62,556.67,786594.0
2025-07-09 14:25:00,556.68,556.8699,555.84,556.135,639319.0
2025-07-09 14:30:00,556.14,556.14,554.68,554.98,1526236.0
2025-07-09 14:35:00,554.97,555.15,554.12,555.13,873799.0
2025-07-09 14:40:00,555.13,555.17,554.4,554.48,895613.0
2025-07-09 14:45:00,554.4899,554.985,553.93,554.1707,687723.0
2025-07-09 14:50:00,554.13,554.16,553.61,553.84,733419.0
2025-07-09 14:55:00,553.83,553.96,553.2899,553.74,792182.0
2025-07-09 15:00:00,553.74,554.13,553.4,553.895,837498.0
2025-07-09 15:05:00,553.885,553.99,553.29,553.685,670737.0
2025-07-09 15:10:00,553.68,553.88,553.46,553.6,371690.0
2025-07-09 15:15:00,553.59,553.83,553.1,553.81,415873.0
2025-07-09 15:20:00,553.84,554.345,553.81,554.33,609721.0
2025-07-09 15:25:00,554.32,554.74,554.31,554.5251,626846.0
2025-07-09 15:30:00,554.53,554.65,554.25,554.425,303176.0
2025-07-09 15:35:00,554.42,554.5601,553.57,554.34,557321.0
2025-07-09 15:40:00,554.36,554.64,554.29,554.5952,272318.0
2025-07-09 15:45:00,554.62,554.74,554.46,554.5,308192.0
2025-07-09 15:50:00,554.49,554.52,553.665,553.735,481139.0
2025-07-09 15:55:00,553.735,554.08,553.65,553.785,428395.0
2025-07-09 16:00:00,553.78,554.3458,553.72,554.16,285100.0
2025-07-10 09:30:00,555.55,555.58,555.4,555.58,8475.0
2025-07-10 09:35:00,555.6,555.6,555.4,555.49,5032.0
2025-07-10 09:40:00,555.45,555.49,555.42,555.46,3224.0
2025-07-10 09:45:00,555.48,555.59,555.48,555.54,3793.0
2025-07-10 09:50:00,555.55,555.71,555.55,555.64,3028.0
2025-07-10 09:55:00,555.64,555.9,555.64,555.77,7526.0
2025-07-10 10:00:00,555.67,555.84,555.67,555.84,960.0
2025-07-10 10:05:00,555.98,555.98,555.92,555.95,4524.0
2025-07-10 10:10:00,555.95,555.97,555.87,555.9,3030.0
2025-07-10 10:15:00,555.83,555.86,555.81,555.81,2801.0
2025-07-10 10:20:00,555.82,555.92,555.82,555.92,1548.0
2025-07-10 10:25:00,555.92,555.92,555.84,555.84,2208.0
2025-07-10 10:30:00,555.94,556.09,555.94,556.09,15109.0
2025-07-10 10:35:00,556.11,556.17,556.05,556.05,7179.0
2025-07-10 10:40:00,556.1,556.1,556.1,556.1,229.0
2025-07-10 10:45:00,556.13,556.2,556.06,556.06,10373.0
2025-07-10 10:50:00,556.17,556.34,556.17,556.19,6264.0
2025-07-10 10:55:00,556.21,556.22,556.12,556.13,3187.0
2025-07-10 11:00:00,556.11,556.28,556.02,556.28,7530.0
2025-07-10 11:05:00,556.33,556.47,556.23,556.23,6580.0
2025-07-10 11:10:00,556.24,556.43,556.23,556.38,3852.0
2025-07-10 11:15:00,556.39,556.41,556.33,556.33,3059.0
2025-07-10 11:20:00,556.4,556.4,556.34,556.34,1347.0
2025-07-10 11:25:00,556.42,556.53,556.42,556.53,3293.0
2025-07-10 11:30:00,556.38,556.57,556.38,556.57,5048.0
2025-07-10 11:35:00,556.55,556.66,556.49,556.66,19857.0
2025-07-10 11:40:00,556.68,556.8,556.66,556.8,10691.0
2025-07-10 11:45:00,556.79,556.88,556.69,556.84,4921.0
2025-07-10 11:50:00,556.88,556.91,556.81,556.82,8532.0
2025-07-10 11:55:00,556.83,556.87,556.8,556.8,14122.0
2025-07-10 12:00:00,556.16,556.8996,554.69,556.6,81240.0
2025-07-10 12:05:00,556.59,556.7,556.51,556.51,41089.0
2025-07-10 12:10:00,556.55,556.69,556.55,556.6607,4870.0
2025-07-10 12:15:00,556.6401,556.6796,556.48,556.58,7335.0
2025-07-10 12:20:00,556.5418,556.63,554.84,556.35,37191.0
2025-07-10 12:25:00,556.33,556.5,556.26,556.5,17951.0
2025-07-10 12:30:00,556.45,556.74,556.23,556.4,17664.0
2025-07-10 12:35:00,556.41,556.43,556.03,556.19,17190.0
2025-07-10 12:40:00,556.2,556.35,556.12,556.14,13415.0
2025-07-10 12:45:00,556.15,556.26,556.0,556.17,20048.0
2025-07-10 12:50:00,556.14,556.24,556.02,556.18,27475.0
2025-07-10 12:55:00,556.19,556.37,556.06,556.3,7938.0
2025-07-10 13:00:00,556.32,556.56,556.3,556.34,17726.0
2025-07-10 13:05:00,556.35,556.6,556.34,556.5201,36165.0
2025-07-10 13:10:00,556.52,556.52,556.13,556.2,10114.0
2025-07-10 13:15:00,556.34,556.57,556.34,556.57,16908.0
2025-07-10 13:20:00,556.57,556.83,556.57,556.79,18919.0
2025-07-10 13:25:00,556.79,557.0,556.67,556.98,51042.0
2025-07-10 13:30:00,556.89,557.3,555.69,555.92,1187349.0
2025-07-10 13:35:00,555.95,556.16,555.76,556.01,721401.0
2025-07-10 13:40:00,556.0,556.09,555.73,555.86,542757.0
2025-07-10 13:45:00,555.85,555.95,554.87,554.97,791056.0
2025-07-10 13:50:00,554.95,555.365,554.35,554.59,730452.0
2025-07-10 13:55:00,554.57,554.75,553.66,554.16,1152972.0
2025-07-10 14:00:00,554.16,554.17,553.12,553.22,939502.0
2025-07-10 14:05:00,553.21,553.45,552.75,553.43,968428.0
2025-07-10 14:10:00,553.43,553.89,553.4,553.695,677310.0
2025-07-10 14:15:00,553.71,554.33,553.65,554.2499,579088.0
2025-07-10 14:20:00,554.24,554.31,553.46,553.57,669660.0
2025-07-10 14:25:00,553.57,553.63,552.94,553.6,557636.0
2025-07-10 14:30:00,553.62,553.91,553.55,553.72,679317.0
2025-07-10 14:35:00,553.71,554.3,553.6,554.21,395627.0
2025-07-10 14:40:00,554.21,554.59,554.08,554.435,643912.0
2025-07-10 14:45:00,554.44,554.66,554.06,554.4587,476899.0
2025-07-10 14:50:00,554.45,554.8,554.42,554.58,380922.0
2025-07-10 14:55:00,554.575,554.625,554.04,554.2407,451773.0
2025-07-10 15:00:00,554.23,554.55,554.14,554.38,407089.0
2025-07-10 15:05:00,554.36,554.51,554.24,554.29,241694.0
2025-07-10 15:10:00,554.29,554.33,553.69,554.0,396485.0
2025-07-10 15:15:00,554.01,554.48,553.99,554.2199,249499.0
2025-07-10 15:20:00,554.235,554.64,553.96,554.64,272343.0
2025-07-10 15:25:00,554.63,555.16,554.58,555.0593,497070.0
2025-07-10 15:30:00,555.06,555.26,554.82,554.83,847985.0
2025-07-10 15:35:00,554.83,555.245,554.805,555.23,274742.0
2025-07-10 15:40:00,555.23,555.39,555.08,555.39,236128.0
2025-07-10 15:45:00,555.39,555.465,555.19,555.43,231439.0
2025-07-10 15:50:00,555.44,555.62,555.35,555.465,354033.0
2025-07-10 15:55:00,555.46,555.695,555.43,555.685,290443.0
2025-07-10 16:00:00,555.68,555.69,555.2,555.36,413316.0
2025-07-11 09:30:00,552.55,552.97,552.44,552.97,7487.0
2025-07-11 09:35:00,552.79,553.0,552.79,552.93,7344.0
2025-07-11 09:40:00,553.08,553.1,552.69,552.81,8195.0
2025-07-11 09:45:00,552.75,552.87,552.64,552.77,5019.0
2025-07-11 09:50:00,552.76,552.8,552.55,552.55,9583.0
2025-07-11 09:55:00,552.51,552.57,551.99,552.12,28945.0
2025-07-11 10:00:00,552.07,552.24,551.86,552.22,17943.0
2025-07-11 10:05:00,552.19,552.61,552.19,552.45,11794.0
2025-07-11 10:10:00,552.52,552.76,552.46,552.71,7325.0
2025-07-11 10:15:00,552.66,552.66,552.39,552.39,6066.0
2025-07-11 10:20:00,552.41,552.52,552.38,552.45,3461.0
2025-07-11 10:25:00,552.46,552.52,552.32,552.4,5999.0
2025-07-11 10:30:00,552.46,552.54,552.36,552.41,9865.0
2025-07-11 10:35:00,552.37,552.38,552.1,552.18,8496.0
2025-07-11 10:40:00,552.15,552.31,552.15,552.27,4364.0
2025-07-11 10:45:00,552.4,552.51,552.33,552.43,8139.0
2025-07-11 10:50:00,552.44,552.49,552.32,552.33,5373.0
2025-07-11 10:55:00,552.22,552.37,552.0,552.3,10261.0
2025-07-11 11:00:00,552.3,552.56,552.21,552.45,25621.0
2025-07-11 11:05:00,552.48,552.74,552.33,552.69,21136.0
2025-07-11 11:10:00,552.7,552.81,552.58,552.79,14331.0
2025-07-11 11:15:00,552.79,552.89,552.73,552.79,8962.0
2025-07-11 11:20:00,552.76,552.96,552.76,552.84,8889.0
2025-07-11 11:25:00,552.8,553.1,552.8,553.05,5661.0
2025-07-11 11:30:00,553.08,553.2,552.98,553.19,32447.0
2025-07-11 11:35:00,553.05,553.21,553.03,553.1,8997.0
2025-07-11 11:40:00,553.06,553.1,552.92,552.96,17035.0
2025-07-11 11:45:00,552.88,553.05,552.88,553.049,5284.0
2025-07-11 11:50:00,553.19,553.5,553.19,553.4,12010.0
2025-07-11 11:55:00,553.43,553.5,553.14,553.14,10327.0
2025-07-11 12:00:00,552.35,554.68,551.92,553.31,123456.0
2025-07-11 12:05:00,553.26,553.4,553.17,553.22,18935.0
2025-07-11 12:10:00,553.18,553.3999,553.18,553.39,17038.0
2025-07-11 12:15:00,553.36,553.39,553.11,553.2,18055.0
2025-07-11 12:20:00,553.2,553.2,552.6,552.6,29969.0
2025-07-11 12:25:00,552.6099,552.77,552.5201,552.72,20498.0
2025-07-11 12:30:00,552.72,553.11,552.55,553.04,19025.0
2025-07-11 12:35:00,553.08,553.08,552.6,552.8,27422.0
2025-07-11 12:40:00,552.79,552.88,552.6569,552.68,9984.0
2025-07-11 12:45:00,552.96,553.19,552.86,553.19,15782.0
2025-07-11 12:50:00,553.09,553.25,553.04,553.14,8723.0
2025-07-11 12:55:00,553.05,553.19,552.98,553.06,9857.0
2025-07-11 13:00:00,552.99,553.29,552.8,553.13,36185.0
2025-07-11 13:05:00,553.04,553.11,552.9,552.9,9043.0
2025-07-11 13:10:00,553.03,553.19,552.75,553.04,31043.0
2025-07-11 13:15:00,553.07,553.07,552.67,552.72,23066.0
2025-07-11 13:20:00,552.74,552.94,552.69,552.92,17683.0
2025-07-11 13:25:00,552.9,553.4,552.87,553.33,84387.0
2025-07-11 13:30:00,553.3,554.33,553.18,553.65,1469370.0
2025-07-11 13:35:00,553.6625,553.71,552.33,552.76,810562.0
2025-07-11 13:40:00,552.76,552.85,552.22,552.37,606557.0
2025-07-11 13:45:00,552.38,553.85,552.05,553.76,919584.0
2025-07-11 13:50:00,553.75,554.1,553.6,553.698,727077.0
2025-07-11 13:55:00,553.71,554.52,553.57,554.43,620652.0
2025-07-11 14:00:00,554.43,554.55,554.14,554.26,599573.0
2025-07-11 14:05:00,554.27,554.61,553.99,554.14,463948.0
2025-07-11 14:10:00,554.12,554.83,553.95,554.79,550808.0
2025-07-11 14:15:00,554.79,555.02,554.575,554.8544,494133.0
2025-07-11 14:20:00,554.85,555.23,554.74,555.16,469199.0
2025-07-11 14:25:00,555.15,555.39,554.98,555.09,464937.0
2025-07-11 14:30:00,555.08,555.35,554.87,555.27,553464.0
2025-07-11 14:35:00,555.265,555.48,555.06,555.09,918265.0
2025-07-11 14:40:00,555.05,555.08,554.6621,554.97,468998.0
2025-07-11 14:45:00,554.95,555.01,554.62,554.86,312188.0
2025-07-11 14:50:00,554.86,554.97,554.1,554.28,544238.0
2025-07-11 14:55:00,554.29,554.5879,554.18,554.55,442166.0
2025-07-11 15:00:00,554.55,554.68,554.36,554.4348,339997.0
2025-07-11 15:05:00,554.41,554.455,554.05,554.19,400931.0
2025-07-11 15:10:00,554.2,554.34,553.265,553.265,570399.0
2025-07-11 15:15:00,553.27,553.78,553.11,553.755,430619.0
2025-07-11 15:20:00,553.76,554.48,553.76,553.96,397539.0
2025-07-11 15:25:00,553.93,554.13,553.64,554.095,342624.0
2025-07-11 15:30:00,554.09,554.43,554.05,554.35,305717.0
2025-07-11 15:35:00,554.33,554.83,554.3,554.79,325664.0
2025-07-11 15:40:00,554.8,555.51,554.8,555.27,648486.0
2025-07-11 15:45:00,555.271,555.38,554.941,554.955,477698.0
2025-07-11 15:50:00,554.9615,554.97,554.42,554.75,520511.0
2025-07-11 15:55:00,554.75,554.78,554.43,554.71,261665.0
2025-07-11 16:00:00,554.72,555.15,554.535,554.615,456689.0
2025-07-14 09:30:00,552.81,552.81,552.73,552.75,2247.0
2025-07-14 09:35:00,552.77,552.8,552.74,552.77,4513.0
2025-07-14 09:40:00,552.81,552.99,552.81,552.95,5585.0
2025-07-14 09:45:00,553.0,553.05,552.95,552.95,6508.0
2025-07-14 09:50:00,552.98,552.98,552.88,552.88,2019.0
2025-07-14 09:55:00,552.83,552.99,552.83,552.96,1912.0
2025-07-14 10:00:00,552.93,552.98,552.78,552.78,3916.0
2025-07-14 10:05:00,552.82,552.82,552.55,552.58,5212.0
2025-07-14 10:10:00,552.61,552.66,552.53,552.57,7266.0
2025-07-14 10:15:00,552.78,552.79,552.72,552.72,2386.0
2025-07-14 10:20:00,552.67,552.71,552.59,552.71,7940.0
2025-07-14 10:25:00,552.66,552.7,552.53,552.55,9063.0
2025-07-14 10:30:00,552.57,552.59,552.41,552.42,6530.0
2025-07-14 10:35:00,552.41,552.51,552.28,552.46,10124.0
2025-07-14 10:40:00,552.46,552.63,552.44,552.62,9152.0
2025-07-14 10:45:00,552.59,552.59,552.47,552.49,3738.0
2025-07-14 10:50:00,552.54,552.62,552.49,552.6,6409.0
2025-07-14 10:55:00,552.59,552.66,552.4,552.4,5915.0
2025-07-14 11:00:00,552.5,552.68,552.4,552.6,10861.0
2025-07-14 11:05:00,552.72,552.76,552.31,552.6,14842.0
2025-07-14 11:10:00,552.78,552.8,552.73,552.73,4734.0
2025-07-14 11:15:00,552.63,552.63,552.26,552.42,11916.0
2025-07-14 11:20:00,552.35,552.38,552.16,552.2,7083.0
2025-07-14 11:25:00,552.27,552.41,552.26,552.26,4903.0
2025-07-14 11:30:00,552.33,552.45,552.33,552.34,4395.0
2025-07-14 11:35:00,552.31,552.52,552.26,552.52,3899.0
2025-07-14 11:40:00,552.55,552.94,552.54,552.94,10821.0
2025-07-14 11:45:00,553.0,553.0,552.67,552.78,23697.0
2025-07-14 11:50:00,552.77,552.92,552.77,552.86,15356.0
2025-07-14 11:55:00,552.82,552.82,552.71,552.71,6494.0
2025-07-14 12:00:00,552.61,554.615,550.8,552.75,121567.0
2025-07-14 12:05:00,552.66,552.71,552.51,552.57,16953.0
2025-07-14 12:10:00,552.64,552.8,552.62,552.8,17455.0
2025-07-14 12:15:00,552.8,552.9,552.75,552.9,14480.0
2025-07-14 12:20:00,552.87,553.09,552.87,552.99,28825.0
2025-07-14 12:25:00,553.08,553.19,553.07,553.16,18081.0
2025-07-14 12:30:00,553.17,553.19,552.68,552.85,24755.0
2025-07-14 12:35:00,552.82,553.13,552.82,553.13,9214.0
2025-07-14 12:40:00,553.06,553.13,552.97,553.05,12275.0
2025-07-14 12:45:00,553.03,553.13,552.97,553.04,4714.0
2025-07-14 12:50:00,553.03,553.13,553.0,553.13,12559.0
2025-07-14 12:55:00,553.05,553.06,552.79,552.91,19567.0
2025-07-14 13:00:00,552.91,553.03,552.72,552.73,17539.0
2025-07-14 13:05:00,552.76,552.96,552.73,552.86,20841.0
2025-07-14 13:10:00,552.9,553.09,552.84,553.05,7849.0
2025-07-14 13:15:00,553.1,553.13,552.91,552.91,14447.0
2025-07-14 13:20:00,552.91,553.47,552.91,553.47,32160.0
2025-07-14 13:25:00,553.49,554.04,553.46,554.04,78262.0
2025-07-14 13:30:00,553.99,554.87,553.52,553.84,1559661.0
2025-07-14 13:35:00,553.83,554.44,553.41,553.78,882888.0
2025-07-14 13:40:00,553.73,553.9,551.88,551.9,1218053.0
2025-07-14 13:45:00,551.91,553.57,551.63,553.46,1652019.0
2025-07-14 13:50:00,553.45,553.83,553.1981,553.7604,707125.0
2025-07-14 13:55:00,553.77,553.86,553.055,553.27,549289.0
2025-07-14 14:00:00,553.28,553.835,553.15,553.8138,590835.0
2025-07-14 14:05:00,553.82,553.93,553.52,553.86,374111.0
2025-07-14 14:10:00,553.82,554.13,553.2699,554.055,683628.0
2025-07-14 14:15:00,554.06,554.57,554.02,554.511,743062.0
2025-07-14 14:20:00,554.52,555.08,554.39,554.835,800518.0
2025-07-14 14:25:00,554.83,554.86,553.7,553.9451,612097.0
2025-07-14 14:30:00,553.91,554.05,553.54,553.68,470821.0
2025-07-14 14:35:00,553.66,554.0801,553.5796,553.99,379211.0
2025-07-14 14:40:00,553.98,554.4,553.84,554.3702,309293.0
2025-07-14 14:45:00,554.355,554.66,554.22,554.35,318770.0
2025-07-14 14:50:00,554.35,554.92,554.27,554.8,437058.0
2025-07-14 14:55:00,554.8,555.18,554.765,555.17,462310.0
2025-07-14 15:00:00,555.16,555.9199,555.01,555.57,909645.0
2025-07-14 15:05:00,555.57,555.845,555.39,555.495,616879.0
2025-07-14 15:10:00,555.495,555.66,555.23,555.55,392359.0
2025-07-14 15:15:00,555.56,555.85,555.5,555.58,408074.0
2025-07-14 15:20:00,555.57,555.61,555.3092,555.3449,299255.0
2025-07-14 15:25:00,555.37,555.675,555.23,555.6552,240193.0
2025-07-14 15:30:00,555.66,555.74,555.275,555.32,343241.0
2025-07-14 15:35:00,555.33,555.72,555.2,555.56,337939.0
2025-07-14 15:40:00,555.56,555.74,555.485,555.5,293776.0
2025-07-14 15:45:00,555.505,555.56,555.24,555.475,287474.0
2025-07-14 15:50:00,555.51,555.605,555.3896,555.5001,214456.0
2025-07-14 15:55:00,555.48,555.6,555.2699,555.5801,345772.0
2025-07-14 16:00:00,555.57,555.58,555.36,555.43,213039.0
2025-07-15 09:30:00,559.58,559.65,559.54,559.54,4951.0
2025-07-15 09:35:00,559.63,559.81,559.63,559.78,11233.0
2025-07-15 09:40:00,559.75,559.75,559.52,559.52,4173.0
2025-07-15 09:45:00,559.49,559.57,559.42,559.53,5948.0
2025-07-15 09:50:00,559.61,559.61,559.51,559.51,2333.0
2025-07-15 09:55:00,559.5,559.6,559.5,559.58,1198.0
2025-07-15 10:00:00,559.68,559.68,559.56,559.57,2397.0
2025-07-15 10:05:00,559.44,559.62,559.44,559.6,1584.0
2025-07-15 10:10:00,559.6,559.64,559.57,559.57,2946.0
2025-07-15 10:15:00,559.55,559.74,559.55,559.69,5910.0
2025-07-15 10:20:00,559.72,559.76,559.64,559.76,3917.0
2025-07-15 10:25:00,559.66,559.86,559.65,559.84,5633.0
2025-07-15 10:30:00,559.82,560.0,559.74,559.74,21864.0
2025-07-15 10:35:00,559.78,559.87,559.76,559.86,6641.0
2025-07-15 10:40:00,559.8,559.8,559.62,559.73,49120.0
2025-07-15 10:45:00,559.7,559.7,559.41,559.46,9094.0
2025-07-15 10:50:00,559.41,559.59,559.41,559.59,17609.0
2025-07-15 10:55:00,559.53,559.6,559.46,559.59,9795.0
2025-07-15 11:00:00,559.56,559.56,559.4,559.45,28530.0
2025-07-15 11:05:00,559.47,560.05,559.31,559.86,24535.0
2025-07-15 11:10:00,559.8,559.95,559.7,559.84,18988.0
2025-07-15 11:15:00,559.87,559.9,559.8,559.87,6365.0
2025-07-15 11:20:00,559.84,559.98,559.68,559.68,15408.0
2025-07-15 11:25:00,559.66,559.67,559.54,559.6,5561.0
2025-07-15 11:30:00,559.63,559.73,559.58,559.72,8561.0
2025-07-15 11:35:00,559.64,559.74,559.63,559.7,14462.0
2025-07-15 11:40:00,559.72,559.72,559.59,559.59,3793.0
2025-07-15 11:45:00,559.52,559.54,559.2,559.38,15267.0
2025-07-15 11:50:00,559.36,559.42,559.21,559.34,13018.0
2025-07-15 11:55:00,559.4,559.5,559.4,559.48,3853.0
2025-07-15 12:00:00,559.87,559.98,557.63,559.42,112926.0
2025-07-15 12:05:00,559.36,559.36,555.793,559.1,31324.0
2025-07-15 12:10:00,559.07,559.25,558.9812,559.13,25240.0
2025-07-15 12:15:00,559.05,559.11,558.98,559.0001,23866.0
2025-07-15 12:20:00,559.0,559.0,558.72,558.81,22364.0
2025-07-15 12:25:00,558.84,559.09,558.79,559.08,35327.0
2025-07-15 12:30:00,559.0,560.32,559.0,559.91,177265.0
2025-07-15 12:35:00,559.88,560.02,559.5198,559.62,43010.0
2025-07-15 12:40:00,559.65,559.79,559.28,559.41,50672.0
2025-07-15 12:45:00,559.39,559.8,559.39,559.8,68038.0
2025-07-15 12:50:00,559.84,560.16,559.78,560.13,33760.0
2025-07-15 12:55:00,560.15,560.44,560.13,560.15,75105.0
2025-07-15 13:00:00,560.19,560.21,559.9892,560.17,23780.0
2025-07-15 13:05:00,560.21,560.38,560.16,560.32,23501.0
2025-07-15 13:10:00,560.34,560.36,560.19,560.27,29446.0
2025-07-15 13:15:00,560.18,560.35,560.1,560.3,59077.0
2025-07-15 13:20:00,560.37,560.73,560.36,560.7001,89931.0
2025-07-15 13:25:00,560.67,560.67,560.23,560.35,84791.0
2025-07-15 13:30:00,560.25,560.8,559.341,559.35,1499509.0
2025-07-15 13:35:00,559.35,559.92,559.135,559.1707,1012075.0
2025-07-15 13:40:00,559.19,559.56,558.4201,559.42,1011013.0
2025-07-15 13:45:00,559.42,559.89,558.9,559.04,823265.0
2025-07-15 13:50:00,559.05,559.5293,558.88,559.1614,601111.0
2025-07-15 13:55:00,559.17,559.33,558.655,558.7811,590108.0
2025-07-15 14:00:00,558.8,559.01,558.37,558.6952,755296.0
2025-07-15 14:05:00,558.71,559.4997,558.67,559.37,960409.0
2025-07-15 14:10:00,559.37,560.05,559.34,560.025,779207.0
2025-07-15 14:15:00,560.0,560.2104,559.58,559.9,652014.0
2025-07-15 14:20:00,559.88,560.08,559.54,559.84,460266.0
2025-07-15 14:25:00,559.81,559.95,559.3,559.75,578732.0
2025-07-15 14:30:00,559.77,559.92,558.99,559.465,642245.0
2025-07-15 14:35:00,559.47,559.7,559.14,559.28,412188.0
2025-07-15 14:40:00,559.28,559.32,558.61,558.855,686609.0
2025-07-15 14:45:00,558.835,559.38,558.785,559.19,474635.0
2025-07-15 14:50:00,559.18,559.37,557.98,558.4,879112.0
2025-07-15 14:55:00,558.42,558.42,557.76,557.845,713563.0
2025-07-15 15:00:00,557.86,558.45,557.86,558.205,534500.0
2025-07-15 15:05:00,558.23,558.8,558.17,558.58,407205.0
2025-07-15 15:10:00,558.58,558.995,558.49,558.49,414283.0
2025-07-15 15:15:00,558.5,558.85,558.41,558.77,448512.0
2025-07-15 15:20:00,558.77,559.33,558.6099,559.16,469218.0
2025-07-15 15:25:00,559.16,559.59,559.08,559.505,455138.0
2025-07-15 15:30:00,559.52,559.54,558.85,559.05,535271.0
2025-07-15 15:35:00,559.04,559.37,558.93,559.285,314221.0
2025-07-15 15:40:00,559.29,559.6,559.155,559.39,261475.0
2025-07-15 15:45:00,559.39,559.78,559.33,559.6683,480036.0
2025-07-15 15:50:00,559.6588,559.73,559.16,559.23,336559.0
2025-07-15 15:55:00,559.23,559.35,558.96,559.25,343936.0
2025-07-15 16:00:00,559.25,559.39,559.01,559.25,392728.0
2025-07-16 09:30:00,555.1,555.21,555.05,555.21,6780.0
2025-07-16 09:35:00,555.23,555.36,555.23,555.36,1874.0
2025-07-16 09:40:00,555.26,555.27,555.13,555.18,2970.0
2025-07-16 09:45:00,555.17,555.43,555.17,555.38,3994.0
2025-07-16 09:50:00,555.37,555.52,555.37,555.48,3737.0
2025-07-16 09:55:00,555.5,555.52,555.46,555.52,1626.0
2025-07-16 10:00:00,555.51,555.51,555.36,555.36,2187.0
2025-07-16 10:05:00,555.39,555.51,555.35,555.51,5709.0
2025-07-16 10:10:00,555.51,555.57,555.5,555.54,3476.0
2025-07-16 10:15:00,555.52,555.55,555.52,555.55,1129.0
2025-07-16 10:20:00,555.52,555.62,555.47,555.55,6523.0
2025-07-16 10:25:00,555.54,555.56,555.49,555.52,6128.0
2025-07-16 10:30:00,555.56,555.77,555.5,555.57,17340.0
2025-07-16 10:35:00,555.62,555.79,555.62,555.74,7223.0
2025-07-16 10:40:00,555.75,555.75,555.51,555.68,3467.0
2025-07-16 10:45:00,555.69,555.99,555.69,555.99,4498.0
2025-07-16 10:50:00,556.0,556.01,555.84,555.92,7350.0
2025-07-16 10:55:00,555.92,556.01,555.84,555.84,9384.0
2025-07-16 11:00:00,555.83,556.06,555.83,556.05,26557.0
2025-07-16 11:05:00,556.07,556.1,555.92,555.929,9839.0
2025-07-16 11:10:00,555.82,555.88,555.74,555.79,10675.0
2025-07-16 11:15:00,555.77,555.88,555.77,555.84,12930.0
2025-07-16 11:20:00,555.83,555.95,555.8,555.87,11580.0
2025-07-16 11:25:00,555.88,555.98,555.71,555.8,5172.0
2025-07-16 11:30:00,555.78,555.78,555.47,555.6,7622.0
2025-07-16 11:35:00,555.59,555.6,555.46,555.48,15934.0
2025-07-16 11:40:00,555.5,555.52,555.48,555.52,2546.0
2025-07-16 11:45:00,555.58,555.8,555.58,555.8,15573.0
2025-07-16 11:50:00,555.82,555.92,555.82,555.84,2729.0
2025-07-16 11:55:00,555.9,556.04,555.9,556.04,7060.0
2025-07-16 12:00:00,555.96,556.36,553.95,555.79,83673.0
2025-07-16 12:05:00,555.8488,555.99,555.84,555.99,19275.0
2025-07-16 12:10:00,556.0,556.28,555.9813,556.18,17590.0
2025-07-16 12:15:00,556.1212,556.29,556.1212,556.19,18174.0
2025-07-16 12:20:00,556.18,556.29,556.07,556.0799,16606.0
2025-07-16 12:25:00,556.05,556.29,556.02,556.12,20332.0
2025-07-16 12:30:00,556.26,557.5,556.26,556.96,115488.0
2025-07-16 12:35:00,557.04,557.5,557.01,557.25,76518.0
2025-07-16 12:40:00,557.2605,557.34,556.91,557.15,70939.0
2025-07-16 12:45:00,557.14,557.42,557.14,557.3201,51957.0
2025-07-16 12:50:00,557.35,557.51,557.24,557.24,28568.0
2025-07-16 12:55:00,557.25,557.29,557.14,557.27,22194.0
2025-07-16 13:00:00,557.28,557.29,556.96,557.09,35260.0
2025-07-16 13:05:00,557.08,557.27,557.01,557.19,39154.0
2025-07-16 13:10:00,557.16,557.32,557.14,557.2,20370.0
2025-07-16 13:15:00,557.18,557.24,557.07,557.23,16884.0
2025-07-16 13:20:00,557.15,557.34,557.15,557.26,31771.0
2025-07-16 13:25:00,557.25,557.4,557.11,557.32,34272.0
2025-07-16 13:30:00,557.28,557.67,556.02,556.18,1269746.0
2025-07-16 13:35:00,556.17,556.73,555.86,556.555,712712.0
2025-07-16 13:40:00,556.56,556.57,555.65,555.83,640345.0
2025-07-16 13:45:00,555.81,556.29,555.44,555.465,638089.0
2025-07-16 13:50:00,555.46,555.49,554.65,554.7,760010.0
2025-07-16 13:55:00,554.69,555.1652,554.52,554.77,739313.0
2025-07-16 14:00:00,554.78,555.19,554.58,554.85,701810.0
2025-07-16 14:05:00,554.84,555.11,554.31,554.93,774316.0
2025-07-16 14:10:00,554.95,555.62,554.85,554.938,576512.0
2025-07-16 14:15:00,554.92,555.4,554.6,555.3701,490023.0
2025-07-16 14:20:00,555.36,555.7951,555.08,555.58,534558.0
2025-07-16 14:25:00,555.598,555.78,555.16,555.655,499501.0
2025-07-16 14:30:00,555.66,556.27,555.58,555.87,632842.0
2025-07-16 14:35:00,555.83,555.86,555.38,555.6501,547986.0
2025-07-16 14:40:00,555.65,555.91,555.25,555.565,359442.0
2025-07-16 14:45:00,555.56,556.12,555.53,556.02,368966.0
2025-07-16 14:50:00,556.0,556.3,554.75,554.96,1139019.0
2025-07-16 14:55:00,554.93,555.82,554.6,555.27,944137.0
2025-07-16 15:00:00,555.31,556.12,555.18,555.91,574835.0
2025-07-16 15:05:00,555.91,556.14,555.6,555.925,311754.0
2025-07-16 15:10:00,555.97,556.52,555.845,556.5199,438025.0
2025-07-16 15:15:00,556.49,556.58,553.98,554.1,2109907.0
2025-07-16 15:20:00,554.05,554.35,553.07,553.48,1816048.0
2025-07-16 15:25:00,553.46,555.33,553.39,555.0448,940111.0
2025-07-16 15:30:00,555.04,555.12,552.84,553.03,1675895.0
2025-07-16 15:35:00,553.02,553.02,551.56,552.3799,1721068.0
2025-07-16 15:40:00,552.39,554.03,552.08,553.92,1372185.0
2025-07-16 15:45:00,553.94,554.28,553.59,554.1804,816965.0
2025-07-16 15:50:00,554.19,554.54,553.41,554.24,718665.0
2025-07-16 15:55:00,554.26,556.08,554.14,555.27,2092300.0
2025-07-16 16:00:00,555.27,555.53,554.81,555.04,588849.0
2025-07-17 09:30:00,558.51,558.59,558.49,558.58,951.0
2025-07-17 09:35:00,558.64,558.64,558.5,558.5,1994.0
2025-07-17 09:40:00,558.55,558.6,558.39,558.48,1868.0
2025-07-17 09:50:00,558.36,558.38,558.28,558.28,2028.0
2025-07-17 09:55:00,558.28,558.32,558.26,558.27,2879.0
2025-07-17 10:00:00,558.28,558.38,558.28,558.34,1849.0
2025-07-17 10:05:00,558.32,558.34,558.27,558.3,2193.0
2025-07-17 10:10:00,558.22,558.3,558.21,558.28,4944.0
2025-07-17 10:15:00,558.24,558.27,558.19,558.25,1861.0
2025-07-17 10:20:00,558.24,558.28,558.17,558.19,3717.0
2025-07-17 10:25:00,558.2,558.35,558.2,558.35,1378.0
2025-07-17 10:30:00,558.35,558.35,558.21,558.27,2112.0
2025-07-17 10:35:00,558.31,558.31,558.27,558.29,1408.0
2025-07-17 10:40:00,558.33,558.36,558.14,558.19,6977.0
2025-07-17 10:45:00,558.27,558.27,557.91,557.91,3440.0
2025-07-17 10:50:00,557.91,557.97,557.9,557.95,11513.0
2025-07-17 10:55:00,557.93,557.96,557.78,557.86,13162.0
2025-07-17 11:00:00,557.81,557.81,557.41,557.55,13131.0
2025-07-17 11:05:00,557.55,557.83,557.55,557.83,7229.0
2025-07-17 11:10:00,557.76,557.95,557.76,557.88,5342.0
2025-07-17 11:15:00,557.8,557.88,557.72,557.75,6136.0
2025-07-17 11:20:00,557.77,557.8,557.74,557.76,3162.0
2025-07-17 11:25:00,557.77,557.91,557.77,557.8,2799.0
2025-07-17 11:30:00,557.8,557.8,557.53,557.62,5325.0
2025-07-17 11:35:00,557.62,557.77,557.62,557.72,3756.0
2025-07-17 11:40:00,557.68,557.7,557.6,557.66,2226.0
2025-07-17 11:45:00,557.69,557.69,557.44,557.53,8077.0
2025-07-17 11:50:00,557.58,557.61,557.53,557.61,7861.0
2025-07-17 11:55:00,557.59,557.74,557.58,557.74,6181.0
2025-07-17 12:00:00,557.7,559.2,556.38,557.9099,102727.0
2025-07-17 12:05:00,557.92,558.07,557.92,557.96,8868.0
2025-07-17 12:10:00,557.96,558.05,557.65,557.65,6229.0
2025-07-17 12:15:00,557.72,557.75,557.6,557.65,9853.0
2025-07-17 12:20:00,557.6,557.87,557.43,557.87,24396.0
2025-07-17 12:25:00,557.81,557.94,557.81,557.91,14473.0
2025-07-17 12:30:00,557.99,558.37,557.74,557.9,63918.0
2025-07-17 12:35:00,558.05,558.36,558.02,558.34,24724.0
2025-07-17 12:40:00,558.39,558.64,558.33,558.6,33402.0
2025-07-17 12:45:00,558.58,558.77,558.51,558.76,19619.0
2025-07-17 12:50:00,558.77,559.1,558.69,559.05,38189.0
2025-07-17 12:55:00,559.0699,559.19,558.9,559.13,27527.0
2025-07-17 13:00:00,559.12,559.4,559.02,559.22,34392.0
2025-07-17 13:05:00,559.21,559.35,559.13,559.17,28261.0
2025-07-17 13:10:00,559.16,559.18,558.86,558.89,21879.0
2025-07-17 13:15:00,558.85,558.87,558.42,558.42,46629.0
2025-07-17 13:20:00,558.43,558.45,558.18,558.2999,54828.0
2025-07-17 13:25:00,558.33,558.38,557.51,558.01,73540.0
2025-07-17 13:30:00,558.02,558.425,557.21,557.66,1435754.0
2025-07-17 13:35:00,557.65,557.88,557.305,557.54,832349.0
2025-07-17 13:40:00,557.53,558.69,557.4,558.555,825107.0
2025-07-17 13:45:00,558.56,558.92,558.45,558.9,563176.0
2025-07-17 13:50:00,558.89,559.38,558.78,559.29,467473.0
2025-07-17 13:55:00,559.29,559.42,558.97,559.2,398129.0
2025-07-17 14:00:00,559.22,559.81,559.19,559.76,590751.0
2025-07-17 14:05:00,559.74,559.78,559.39,559.61,595288.0
2025-07-17 14:10:00,559.6,559.68,559.0,559.26,539224.0
2025-07-17 14:15:00,559.27,559.37,558.82,558.8449,374400.0
2025-07-17 14:20:00,558.845,559.0452,558.39,558.7,587566.0
2025-07-17 14:25:00,558.71,559.36,558.5707,559.31,534080.0
2025-07-17 14:30:00,559.32,559.89,559.15,559.72,395669.0
2025-07-17 14:35:00,559.72,559.905,559.44,559.63,434664.0
2025-07-17 14:40:00,559.64,559.9,559.575,559.75,295001.0
2025-07-17 14:45:00,559.775,560.27,559.65,560.235,473230.0
2025-07-17 14:50:00,560.22,560.325,560.0,560.06,445005.0
2025-07-17 14:55:00,560.06,560.37,559.95,560.2625,420499.0
2025-07-17 15:00:00,560.27,560.78,560.245,560.78,651906.0
2025-07-17 15:05:00,560.775,561.44,560.72,561.19,1102614.0
2025-07-17 15:10:00,561.205,561.26,560.96,561.23,430491.0
2025-07-17 15:15:00,561.245,561.29,560.8,560.95,358482.0
2025-07-17 15:20:00,560.945,561.06,560.78,561.05,334253.0
2025-07-17 15:25:00,561.055,561.1489,560.94,561.0849,305410.0
2025-07-17 15:30:00,561.085,561.11,560.81,560.86,444202.0
2025-07-17 15:35:00,560.86,561.18,560.82,561.16,424360.0
2025-07-17 15:40:00,561.15,561.47,561.14,561.35,316751.0
2025-07-17 15:45:00,561.34,561.51,561.32,561.345,282532.0
2025-07-17 15:50:00,561.34,561.53,561.25,561.39,357747.0
2025-07-17 15:55:00,561.39,561.68,561.34,561.58,255988.0
2025-07-17 16:00:00,561.58,561.78,561.505,561.73,319529.0
2025-07-18 09:30:00,562.7,562.72,562.68,562.72,916.0
2025-07-18 09:35:00,562.76,562.77,562.69,562.69,2908.0
2025-07-18 09:40:00,562.74,562.74,562.57,562.65,1912.0
2025-07-18 09:45:00,562.57,562.63,562.53,562.53,1799.0
2025-07-18 09:50:00,562.53,562.68,562.51,562.68,2367.0
2025-07-18 09:55:00,562.54,562.54,562.54,562.54,252.0
2025-07-18 10:00:00,562.54,562.62,562.54,562.62,1177.0
2025-07-18 10:05:00,562.53,562.53,562.45,562.52,1979.0
2025-07-18 10:10:00,562.54,562.55,562.47,562.52,806.0
2025-07-18 10:15:00,562.42,562.42,562.3,562.31,1804.0
2025-07-18 10:20:00,562.25,562.26,561.99,561.99,12398.0
2025-07-18 10:25:00,562.09,562.16,562.02,562.15,8050.0
2025-07-18 10:30:00,562.08,562.18,561.98,562.16,6174.0
2025-07-18 10:35:00,562.14,562.16,562.09,562.16,2240.0
2025-07-18 10:40:00,562.25,562.25,562.15,562.2,4783.0
2025-07-18 10:45:00,562.17,562.17,562.14,562.14,1830.0
2025-07-18 10:50:00,562.15,562.28,562.14,562.22,3122.0
2025-07-18 10:55:00,562.25,562.3,562.25,562.26,3011.0
2025-07-18 11:00:00,562.26,562.4,562.2,562.2,11141.0
2025-07-18 11:05:00,562.2,562.24,562.2,562.24,2226.0
2025-07-18 11:10:00,562.22,562.23,562.18,562.2,7744.0
2025-07-18 11:15:00,562.16,562.16,561.95,561.95,10668.0
2025-07-18 11:20:00,562.07,562.18,562.01,562.15,6601.0
2025-07-18 11:25:00,562.13,562.17,562.08,562.14,4143.0
2025-07-18 11:30:00,562.17,562.25,562.17,562.24,4178.0
2025-07-18 11:35:00,562.25,562.28,562.19,562.26,12680.0
2025-07-18 11:40:00,562.23,562.27,562.19,562.2,2394.0
2025-07-18 11:45:00,562.25,562.31,562.25,562.25,3388.0
2025-07-18 11:50:00,562.28,562.47,562.28,562.41,16369.0
2025-07-18 11:55:00,562.41,562.42,562.25,562.25,2308.0
2025-07-18 12:00:00,562.35,563.24,561.94,562.16,84526.0
2025-07-18 12:05:00,562.13,562.13,561.98,562.1,16282.0
2025-07-18 12:10:00,562.09,562.19,562.02,562.13,10406.0
2025-07-18 12:15:00,562.12,562.31,562.09,562.24,18292.0
2025-07-18 12:20:00,562.15,562.27,562.15,562.27,10357.0
2025-07-18 12:25:00,562.25,562.31,562.22,562.25,19227.0
2025-07-18 12:30:00,562.18,562.21,562.0,562.12,14136.0
2025-07-18 12:35:00,562.11,562.28,562.07,562.27,12789.0
2025-07-18 12:40:00,562.26,562.26,562.08,562.22,25347.0
2025-07-18 12:45:00,562.24,562.39,562.16,562.359,15307.0
2025-07-18 12:50:00,562.31,562.31,562.19,562.19,19212.0
2025-07-18 12:55:00,562.1798,562.39,562.14,562.33,11977.0
2025-07-18 13:00:00,562.35,562.57,562.3,562.49,27890.0
2025-07-18 13:05:00,562.53,562.64,562.4899,562.61,27601.0
2025-07-18 13:10:00,562.61,562.645,562.53,562.56,11021.0
2025-07-18 13:15:00,562.52,562.52,562.0501,562.25,26561.0
2025-07-18 13:20:00,562.26,562.33,562.18,562.3,11767.0
2025-07-18 13:25:00,562.3,563.8,562.3,563.12,1207968.0
2025-07-18 13:30:00,563.12,563.32,562.35,562.91,1446995.0
2025-07-18 13:35:00,562.91,563.02,562.11,562.51,624555.0
2025-07-18 13:40:00,562.53,562.64,562.29,562.35,484578.0
2025-07-18 13:45:00,562.33,563.0,562.32,562.78,513766.0
2025-07-18 13:50:00,562.78,562.96,561.95,562.2514,758244.0
2025-07-18 13:55:00,562.26,562.28,561.95,562.08,460377.0
2025-07-18 14:00:00,562.12,562.87,561.66,561.8549,608857.0
2025-07-18 14:05:00,561.82,562.02,561.5,561.755,485581.0
2025-07-18 14:10:00,561.73,561.93,561.27,561.41,427969.0
2025-07-18 14:15:00,561.39,561.51,560.8,561.3692,1144317.0
2025-07-18 14:20:00,561.36,561.59,560.8,560.9,720873.0
2025-07-18 14:25:00,560.9,560.97,560.33,560.4801,623774.0
2025-07-18 14:30:00,560.49,560.9351,560.41,560.76,483348.0
2025-07-18 14:35:00,560.75,561.08,560.53,560.805,479350.0
2025-07-18 14:40:00,560.8,561.23,560.6612,561.215,471156.0
2025-07-18 14:45:00,561.21,561.38,560.835,560.9,700817.0
2025-07-18 14:50:00,560.905,561.2,560.83,560.905,353475.0
2025-07-18 14:55:00,560.91,561.265,560.74,560.778,334448.0
2025-07-18 15:00:00,560.78,560.87,560.34,560.41,590020.0
2025-07-18 15:05:00,560.41,560.975,560.32,560.86,460443.0
2025-07-18 15:10:00,560.84,561.0999,560.73,560.785,1499383.0
2025-07-18 15:15:00,560.775,561.17,560.755,560.78,253232.0
2025-07-18 15:20:00,560.79,561.0252,560.66,560.79,333407.0
2025-07-18 15:25:00,560.77,561.0801,560.7,561.045,2537224.0
2025-07-18 15:30:00,561.05,561.47,561.05,561.375,556264.0
2025-07-18 15:35:00,561.37,561.54,561.255,561.29,362820.0
2025-07-18 15:40:00,561.28,561.57,561.11,561.45,229391.0
2025-07-18 15:45:00,561.46,561.77,561.395,561.76,249159.0
2025-07-18 15:50:00,561.75,561.92,561.71,561.8401,353794.0
2025-07-18 15:55:00,561.84,561.87,561.58,561.805,294965.0
2025-07-18 16:00:00,561.81,561.85,561.48,561.57,389545.0
2025-07-21 09:30:00,563.06,563.06,562.89,562.89,4350.0
2025-07-21 09:35:00,562.91,562.95,562.88,562.88,4552.0
2025-07-21 09:40:00,562.88,562.88,562.84,562.84,3938.0
2025-07-21 09:45:00,562.89,562.94,562.89,562.92,3161.0
2025-07-21 09:50:00,562.93,562.99,562.93,562.97,2509.0
2025-07-21 09:55:00,562.98,562.98,562.85,562.91,8193.0
2025-07-21 10:00:00,562.9,562.91,562.88,562.91,1638.0
2025-07-21 10:05:00,562.92,562.92,562.81,562.85,3167.0
2025-07-21 10:10:00,562.92,563.29,562.92,563.17,10358.0
2025-07-21 10:15:00,563.11,563.18,563.11,563.16,1858.0
2025-07-21 10:20:00,563.17,563.17,563.17,563.17,113.0
2025-07-21 10:25:00,563.11,563.11,563.09,563.11,3108.0
2025-07-21 10:30:00,563.1,563.1,562.92,562.92,4237.0
2025-07-21 10:35:00,562.94,562.94,562.87,562.89,6084.0
2025-07-21 10:40:00,562.95,562.95,562.88,562.95,12188.0
2025-07-21 10:45:00,562.96,562.98,562.95,562.97,2724.0
2025-07-21 10:50:00,562.99,562.99,562.75,562.81,20471.0
2025-07-21 10:55:00,562.84,563.05,562.84,562.93,10111.0
2025-07-21 11:00:00,562.96,562.96,562.86,562.9,7270.0
2025-07-21 11:05:00,562.85,562.87,562.77,562.77,9502.0
2025-07-21 11:10:00,562.77,562.78,562.65,562.66,12269.0
2025-07-21 11:15:00,562.66,562.72,562.61,562.69,10972.0
2025-07-21 11:20:00,562.7,562.78,562.7,562.75,4524.0
2025-07-21 11:25:00,562.78,562.82,562.72,562.81,4124.0
2025-07-21 11:30:00,562.75,562.9,562.7,562.82,7709.0
2025-07-21 11:35:00,562.85,562.85,562.67,562.67,4220.0
2025-07-21 11:40:00,562.73,562.73,562.66,562.66,6277.0
2025-07-21 11:45:00,562.66,562.75,562.61,562.61,9283.0
2025-07-21 11:50:00,562.63,562.67,562.56,562.58,18448.0
2025-07-21 11:55:00,562.6,562.63,562.56,562.6,10639.0
2025-07-21 12:00:00,562.91,563.11,561.89,562.68,58320.0
2025-07-21 12:05:00,562.65,562.68,562.47,562.5,8119.0
2025-07-21 12:10:00,562.51,562.59,562.46,562.53,6086.0
2025-07-21 12:15:00,562.51,562.51,562.4599,562.4701,8237.0
2025-07-21 12:20:00,562.52,562.6,562.49,562.59,19977.0
2025-07-21 12:25:00,562.57,562.58,562.53,562.58,7416.0
2025-07-21 12:30:00,562.64,562.68,562.57,562.59,14875.0
2025-07-21 12:35:00,562.61,562.7,562.5,562.5,15804.0
2025-07-21 12:40:00,562.55,562.57,562.3,562.33,41651.0
2025-07-21 12:45:00,562.35,562.38,562.29,562.31,42138.0
2025-07-21 12:50:00,562.32,562.37,561.98,561.98,40228.0
2025-07-21 12:55:00,562.01,562.04,561.62,561.67,83594.0
2025-07-21 13:00:00,561.65,561.78,561.43,561.51,77544.0
2025-07-21 13:05:00,561.5,561.58,561.42,561.48,31612.0
2025-07-21 13:10:00,561.45,561.57,561.32,561.41,70275.0
2025-07-21 13:15:00,561.43,561.75,561.43,561.65,44488.0
2025-07-21 13:20:00,561.68,561.88,561.65,561.77,27395.0
2025-07-21 13:25:00,561.81,562.13,561.81,562.1299,43673.0
2025-07-21 13:30:00,562.09,563.17,562.06,563.14,1041375.0
2025-07-21 13:35:00,563.15,563.8499,563.07,563.7953,685029.0
2025-07-21 13:40:00,563.8,564.272,563.71,564.04,835563.0
2025-07-21 13:45:00,564.05,565.16,564.0199,564.98,1163488.0
2025-07-21 13:50:00,564.98,565.08,564.6739,564.875,691967.0
2025-07-21 13:55:00,564.88,565.39,564.8,564.91,697929.0
2025-07-21 14:00:00,564.93,565.52,564.93,565.3347,780286.0
2025-07-21 14:05:00,565.34,565.52,565.24,565.2901,481742.0
2025-07-21 14:10:00,565.3,565.48,565.02,565.47,474494.0
2025-07-21 14:15:00,565.48,565.57,565.2,565.3313,373447.0
2025-07-21 14:20:00,565.34,565.9,565.31,565.6,782736.0
2025-07-21 14:25:00,565.59,565.88,565.47,565.8784,320212.0
2025-07-21 14:30:00,565.89,566.06,565.77,565.925,894230.0
2025-07-21 14:35:00,565.9399,566.06,565.76,565.81,444643.0
2025-07-21 14:40:00,565.81,565.82,565.5308,565.73,302055.0
2025-07-21 14:45:00,565.72,565.72,565.29,565.35,300910.0
2025-07-21 14:50:00,565.35,565.45,565.19,565.32,357318.0
2025-07-21 14:55:00,565.32,565.57,565.28,565.45,365453.0
2025-07-21 15:00:00,565.45,565.46,565.245,565.35,292154.0
2025-07-21 15:05:00,565.32,565.37,565.03,565.19,402993.0
2025-07-21 15:10:00,565.21,565.47,565.11,565.46,235873.0
2025-07-21 15:15:00,565.46,565.46,565.1148,565.16,257384.0
2025-07-21 15:20:00,565.17,565.3999,565.13,565.32,182988.0
2025-07-21 15:25:00,565.33,565.51,565.29,565.4299,271798.0
2025-07-21 15:30:00,565.43,565.56,565.34,565.5,269490.0
2025-07-21 15:35:00,565.49,565.61,565.45,565.485,229356.0
2025-07-21 15:40:00,565.485,565.6299,565.425,565.48,209754.0
2025-07-21 15:45:00,565.47,565.59,565.36,565.485,193314.0
2025-07-21 15:50:00,565.485,565.58,565.355,565.36,184085.0
2025-07-21 15:55:00,565.35,565.48,565.065,565.16,555236.0
2025-07-21 16:00:00,565.16,565.2781,564.855,565.19,551667.0
2025-07-22 09:30:00,562.65,562.75,562.61,562.75,8507.0
2025-07-22 09:35:00,562.73,562.74,562.61,562.62,7820.0
2025-07-22 09:40:00,562.67,562.67,562.46,562.58,64103.0
2025-07-22 09:45:00,562.57,562.79,562.57,562.78,10652.0
2025-07-22 09:50:00,562.8,562.81,562.74,562.79,2338.0
2025-07-22 09:55:00,562.82,562.84,562.8,562.8,4829.0
2025-07-22 10:00:00,562.85,563.15,562.84,563.11,25224.0
2025-07-22 10:05:00,563.1,563.16,563.09,563.16,4043.0
2025-07-22 10:10:00,563.14,563.25,563.05,563.05,6727.0
2025-07-22 10:15:00,563.07,563.1,563.05,563.05,2797.0
2025-07-22 10:20:00,563.09,563.09,562.91,562.94,3829.0
2025-07-22 10:25:00,562.9,563.02,562.9,562.99,17586.0
2025-07-22 10:30:00,563.02,563.1,562.91,562.93,6637.0
2025-07-22 10:35:00,562.94,562.96,562.7,562.9,9564.0
2025-07-22 10:40:00,562.91,562.93,562.85,562.88,2329.0
2025-07-22 10:45:00,562.9,563.04,562.89,562.97,5458.0
2025-07-22 10:50:00,563.01,563.02,562.83,562.89,3828.0
2025-07-22 10:55:00,562.86,563.23,562.86,563.2,9310.0
2025-07-22 11:00:00,563.23,563.47,563.12,563.47,22859.0
2025-07-22 11:05:00,563.5,563.83,563.5,563.63,8938.0
2025-07-22 11:10:00,563.58,563.58,563.4,563.42,11774.0
2025-07-22 11:15:00,563.43,563.48,563.25,563.25,4327.0
2025-07-22 11:20:00,563.24,563.35,563.24,563.34,11881.0
2025-07-22 11:25:00,563.35,563.42,563.33,563.42,5016.0
2025-07-22 11:30:00,563.4,563.5,563.37,563.47,1881.0
2025-07-22 11:35:00,563.47,563.47,563.26,563.32,9514.0
2025-07-22 11:40:00,563.3,563.87,563.3,563.67,17936.0
2025-07-22 11:45:00,563.73,563.86,563.71,563.83,9076.0
2025-07-22 11:50:00,563.87,563.95,563.79,563.79,17414.0
2025-07-22 11:55:00,563.94,564.0,563.78,564.0,5913.0
2025-07-22 12:00:00,563.65,564.3,562.75,564.13,73551.0
2025-07-22 12:05:00,564.07,564.1,563.747,563.88,20472.0
2025-07-22 12:10:00,563.88,563.96,563.82,563.9,36211.0
2025-07-22 12:15:00,563.89,563.9198,563.71,563.74,21981.0
2025-07-22 12:20:00,563.77,563.9,563.77,563.8,11684.0
2025-07-22 12:25:00,563.82,564.19,563.81,564.14,27030.0
2025-07-22 12:30:00,564.1407,564.1407,563.88,564.0599,20289.0
2025-07-22 12:35:00,564.05,564.07,563.94,564.07,8875.0
2025-07-22 12:40:00,564.02,564.02,563.87,563.87,11497.0
2025-07-22 12:45:00,563.85,563.96,563.8025,563.96,12398.0
2025-07-22 12:50:00,563.98,564.11,563.98,564.05,23801.0
2025-07-22 12:55:00,564.05,564.09,563.98,564.03,27074.0
2025-07-22 13:00:00,564.03,564.18,564.03,564.04,19837.0
2025-07-22 13:05:00,564.04,564.28,563.99,564.03,25863.0
2025-07-22 13:10:00,564.05,564.21,564.05,564.18,10228.0
2025-07-22 13:15:00,564.21,564.21,564.08,564.11,13676.0
2025-07-22 13:20:00,564.12,564.14,563.97,564.1,42371.0
2025-07-22 13:25:00,564.08,564.29,563.95,564.17,43605.0
2025-07-22 13:30:00,564.3,564.35,562.718,562.96,1425470.0
2025-07-22 13:35:00,562.96,563.56,562.9,563.34,785561.0
2025-07-22 13:40:00,563.34,563.35,562.19,562.66,907617.0
2025-07-22 13:45:00,562.67,562.68,561.0,561.085,1372471.0
2025-07-22 13:50:00,561.06,561.27,558.63,559.06,2878329.0
2025-07-22 13:55:00,559.05,560.07,558.86,559.335,1562424.0
2025-07-22 14:00:00,559.34,559.34,558.61,559.18,1430988.0
2025-07-22 14:05:00,559.18,560.32,559.16,560.215,1000585.0
2025-07-22 14:10:00,560.21,560.48,559.99,560.32,1093319.0
2025-07-22 14:15:00,560.32,560.74,560.0218,560.11,589738.0
2025-07-22 14:20:00,560.12,560.39,559.8601,559.8799,830578.0
2025-07-22 14:25:00,559.86,560.08,559.7401,560.01,462109.0
2025-07-22 14:30:00,560.0,560.85,559.96,560.81,565368.0
2025-07-22 14:35:00,560.83,561.3401,560.79,561.04,709561.0
2025-07-22 14:40:00,561.05,561.39,560.88,561.13,519305.0
2025-07-22 14:45:00,561.13,561.4352,560.73,560.86,353391.0
2025-07-22 14:50:00,560.86,560.97,560.68,560.82,401057.0
2025-07-22 14:55:00,560.83,561.48,560.74,561.352,455902.0
2025-07-22 15:00:00,561.36,561.49,560.94,561.13,523496.0
2025-07-22 15:05:00,561.16,561.43,561.112,561.16,300370.0
2025-07-22 15:10:00,561.16,561.37,560.89,560.96,282742.0
2025-07-22 15:15:00,560.95,561.18,560.635,561.18,388682.0
2025-07-22 15:20:00,561.18,561.3099,560.84,560.93,223907.0
2025-07-22 15:25:00,560.92,561.135,560.885,560.97,244625.0
2025-07-22 15:30:00,560.96,561.56,560.85,561.54,334167.0
2025-07-22 15:35:00,561.53,561.55,561.1,561.2607,341137.0
2025-07-22 15:40:00,561.25,561.36,561.0152,561.12,315333.0
2025-07-22 15:45:00,561.12,561.61,561.0,561.31,311980.0
2025-07-22 15:50:00,561.29,561.465,561.065,561.145,299633.0
2025-07-22 15:55:00,561.16,561.27,560.83,560.935,251945.0
2025-07-22 16:00:00,560.95,561.07,560.53,561.0492,536492.0
2025-07-23 09:30:00,562.31,562.4,562.31,562.4,3506.0
2025-07-23 09:35:00,562.39,562.46,562.32,562.46,3949.0
2025-07-23 09:40:00,562.46,562.46,562.38,562.41,2381.0
2025-07-23 09:45:00,562.43,562.49,562.43,562.49,3600.0
2025-07-23 09:50:00,562.58,562.58,562.54,562.54,1386.0
2025-07-23 09:55:00,562.55,562.68,562.55,562.6,4628.0
2025-07-23 10:00:00,562.64,562.68,562.55,562.55,3058.0
2025-07-23 10:05:00,562.55,562.55,562.49,562.49,1897.0
2025-07-23 10:10:00,562.49,562.52,562.47,562.49,1137.0
2025-07-23 10:15:00,562.48,562.5,562.43,562.5,4149.0
2025-07-23 10:20:00,562.54,562.75,562.54,562.61,2146.0
2025-07-23 10:25:00,562.53,562.65,562.53,562.65,1177.0
2025-07-23 10:30:00,562.65,562.84,562.63,562.76,17404.0
2025-07-23 10:35:00,562.74,562.77,562.71,562.72,8563.0
2025-07-23 10:40:00,562.69,562.72,562.61,562.71,3057.0
2025-07-23 10:45:00,562.65,562.66,562.61,562.61,1520.0
2025-07-23 10:50:00,562.52,562.59,562.42,562.45,7555.0
2025-07-23 10:55:00,562.42,562.53,562.42,562.53,3081.0
2025-07-23 11:00:00,562.38,562.39,562.31,562.33,11807.0
2025-07-23 11:05:00,562.3,562.43,561.69,561.83,30250.0
2025-07-23 11:10:00,561.79,562.33,561.79,562.17,14710.0
2025-07-23 11:15:00,562.04,562.14,561.95,562.04,5131.0
2025-07-23 11:20:00,562.0,562.12,561.92,562.12,7193.0
2025-07-23 11:25:00,562.19,562.2,562.05,562.05,5675.0
2025-07-23 11:30:00,562.1,562.13,562.03,562.1,5228.0
2025-07-23 11:35:00,562.13,562.35,562.02,562.35,11831.0
2025-07-23 11:40:00,562.36,562.38,562.08,562.13,2814.0
2025-07-23 11:45:00,562.2,562.25,562.15,562.21,4133.0
2025-07-23 11:50:00,562.25,562.3,562.25,562.28,7960.0
2025-07-23 11:55:00,562.29,562.3,562.21,562.3,18899.0
2025-07-23 12:00:00,562.35,562.79,561.72,562.5,81285.0
2025-07-23 12:05:00,562.5,562.54,562.22,562.27,8891.0
2025-07-23 12:10:00,562.2,562.36,562.11,562.33,23161.0
2025-07-23 12:15:00,562.31,562.36,562.2,562.23,19943.0
2025-07-23 12:20:00,562.24,562.24,561.88,561.91,45617.0
2025-07-23 12:25:00,561.93,562.11,561.84,562.09,19162.0
2025-07-23 12:30:00,562.09,562.09,561.72,561.76,35974.0
2025-07-23 12:35:00,561.8,562.0,561.79,561.87,15728.0
2025-07-23 12:40:00,561.84,561.9,561.7,561.89,18819.0
2025-07-23 12:45:00,561.9,562.029,561.82,561.92,40041.0
2025-07-23 12:50:00,561.85,561.91,561.59,561.62,40654.0
2025-07-23 12:55:00,561.64,561.82,561.64,561.67,8167.0
2025-07-23 13:00:00,561.76,561.91,561.68,561.91,18546.0
2025-07-23 13:05:00,561.89,561.91,561.75,561.87,19873.0
2025-07-23 13:10:00,561.82,561.95,561.73,561.81,10691.0
2025-07-23 13:15:00,561.78,561.99,561.7,561.81,34580.0
2025-07-23 13:20:00,561.9428,562.53,561.9428,562.44,53485.0
2025-07-23 13:25:00,562.46,562.58,562.19,562.2799,50319.0
2025-07-23 13:30:00,562.34,562.37,560.45,561.34,1743931.0
2025-07-23 13:35:00,561.33,561.7552,561.2,561.47,839516.0
2025-07-23 13:40:00,561.46,561.64,560.77,560.7999,709564.0
2025-07-23 13:45:00,560.8,561.1,559.95,560.76,1071028.0
2025-07-23 13:50:00,560.73,561.06,560.32,560.81,538299.0
2025-07-23 13:55:00,560.81,560.87,559.93,560.05,713152.0
2025-07-23 14:00:00,560.03,560.39,559.76,559.9,707450.0
2025-07-23 14:05:00,559.88,560.49,559.71,560.115,533398.0
2025-07-23 14:10:00,560.11,560.1867,559.58,559.68,615068.0
2025-07-23 14:15:00,559.67,560.55,559.64,560.09,555282.0
2025-07-23 14:20:00,560.04,560.5,559.97,560.43,388225.0
2025-07-23 14:25:00,560.42,560.69,560.26,560.69,378705.0
2025-07-23 14:30:00,560.68,560.725,559.68,559.715,378519.0
2025-07-23 14:35:00,559.69,560.16,559.67,559.995,750187.0
2025-07-23 14:40:00,559.985,560.4299,559.83,560.23,260482.0
2025-07-23 14:45:00,560.22,560.5,560.09,560.47,278664.0
2025-07-23 14:50:00,560.48,560.715,560.31,560.69,274746.0
2025-07-23 14:55:00,560.71,560.94,560.615,560.848,268567.0
2025-07-23 15:00:00,560.84,561.27,560.44,560.69,531757.0
2025-07-23 15:05:00,560.66,560.91,560.35,560.77,239891.0
2025-07-23 15:10:00,560.77,560.94,560.58,560.61,216466.0
2025-07-23 15:15:00,560.61,560.79,560.535,560.78,196512.0
2025-07-23 15:20:00,560.78,561.13,560.705,560.9093,220509.0
2025-07-23 15:25:00,560.915,561.1,560.75,561.045,793684.0
2025-07-23 15:30:00,561.04,561.18,560.87,561.0,229182.0
2025-07-23 15:35:00,561.025,561.165,560.78,561.05,333079.0
2025-07-23 15:40:00,561.02,561.17,560.92,561.14,203224.0
2025-07-23 15:45:00,561.14,561.26,560.915,561.2,230214.0
2025-07-23 15:50:00,561.21,563.0,561.15,562.37,1135289.0
2025-07-23 15:55:00,562.34,563.07,561.92,562.22,1587774.0
2025-07-23 16:00:00,562.21,562.33,561.77,562.28,988846.0
2025-07-24 09:30:00,565.57,565.65,565.57,565.64,3590.0
2025-07-24 09:35:00,565.59,565.59,565.53,565.59,2622.0
2025-07-24 09:40:00,565.5,565.5,565.46,565.46,591.0
2025-07-24 09:45:00,565.57,565.57,565.5,565.5,548.0
2025-07-24 09:50:00,565.64,565.65,565.61,565.61,2123.0
2025-07-24 09:55:00,565.65,565.65,565.55,565.55,1863.0
2025-07-24 10:00:00,565.55,565.59,565.38,565.55,10014.0
2025-07-24 10:05:00,565.56,565.57,565.42,565.42,3018.0
2025-07-24 10:10:00,565.4,565.42,565.36,565.39,2344.0
2025-07-24 10:15:00,565.34,565.35,565.34,565.35,1617.0
2025-07-24 10:20:00,565.18,565.18,565.04,565.11,3693.0
2025-07-24 10:25:00,565.08,565.09,565.03,565.06,5586.0
2025-07-24 10:30:00,565.13,565.16,564.91,564.97,5921.0
2025-07-24 10:35:00,564.97,565.12,564.97,565.06,3020.0
2025-07-24 10:40:00,565.13,565.13,565.1,565.1,2158.0
2025-07-24 10:45:00,565.17,565.17,565.0,565.09,3948.0
2025-07-24 10:50:00,565.06,565.07,565.06,565.07,904.0
2025-07-24 10:55:00,565.07,565.13,565.01,565.13,2873.0
2025-07-24 11:00:00,565.1,565.23,564.96,565.18,33012.0
2025-07-24 11:05:00,565.16,565.3,565.16,565.27,11614.0
2025-07-24 11:10:00,565.29,565.37,565.28,565.31,10340.0
2025-07-24 11:15:00,565.42,565.43,565.33,565.4,5832.0
2025-07-24 11:20:00,565.44,565.45,565.4,565.45,7972.0
2025-07-24 11:25:00,565.48,565.61,565.48,565.59,4336.0
2025-07-24 11:30:00,565.5,565.63,565.5,565.63,3278.0
2025-07-24 11:35:00,565.62,565.67,565.56,565.61,10374.0
2025-07-24 11:40:00,565.62,565.829,565.58,565.6,7937.0
2025-07-24 11:45:00,565.64,565.65,565.6,565.6,3333.0
2025-07-24 11:50:00,565.52,565.52,565.45,565.45,5371.0
2025-07-24 11:55:00,565.45,565.51,565.39,565.4,9848.0
2025-07-24 12:00:00,565.2,565.7486,564.487,565.38,53396.0
2025-07-24 12:05:00,565.3705,565.56,565.3705,565.51,18178.0
2025-07-24 12:10:00,565.52,565.5314,565.37,565.5314,10313.0
2025-07-24 12:15:00,565.49,565.49,565.27,565.33,11223.0
2025-07-24 12:20:00,565.27,565.27,564.91,564.91,35820.0
2025-07-24 12:25:00,564.91,565.19,564.89,565.19,14873.0
2025-07-24 12:30:00,565.29,565.29,564.82,564.88,34537.0
2025-07-24 12:35:00,564.85,564.89,564.65,564.69,139001.0
2025-07-24 12:40:00,564.65,564.8,564.34,564.37,66479.0
2025-07-24 12:45:00,564.31,564.51,564.01,564.51,85718.0
2025-07-24 12:50:00,564.46,564.634,564.34,564.4101,56598.0
2025-07-24 12:55:00,564.41,564.7805,564.4,564.76,52557.0
2025-07-24 13:00:00,564.79,564.79,564.54,564.58,32016.0
2025-07-24 13:05:00,564.63,564.78,564.61,564.67,39626.0
2025-07-24 13:10:00,564.69,564.78,564.46,564.68,50849.0
2025-07-24 13:15:00,564.69,564.73,564.52,564.67,19349.0
2025-07-24 13:20:00,564.7,564.99,564.65,564.93,43084.0
2025-07-24 13:25:00,565.0,565.22,564.98,565.12,84642.0
2025-07-24 13:30:00,565.13,565.72,564.39,564.98,1483935.0
2025-07-24 13:35:00,564.98,565.12,564.25,564.4733,1027005.0
2025-07-24 13:40:00,564.51,564.9,563.87,564.775,1124264.0
2025-07-24 13:45:00,564.81,565.77,564.69,565.5399,604351.0
2025-07-24 13:50:00,565.54,565.55,564.48,564.52,613905.0
2025-07-24 13:55:00,564.52,565.08,564.52,564.85,366362.0
2025-07-24 14:00:00,564.88,564.91,564.21,564.37,626177.0
2025-07-24 14:05:00,564.38,564.88,563.99,564.0499,470214.0
2025-07-24 14:10:00,564.045,564.27,563.295,563.63,1147212.0
2025-07-24 14:15:00,563.64,564.2798,563.37,564.16,580041.0
2025-07-24 14:20:00,564.16,564.29,563.89,564.055,391380.0
2025-07-24 14:25:00,564.04,564.29,563.87,564.11,291363.0
2025-07-24 14:30:00,564.12,564.35,564.03,564.16,375363.0
2025-07-24 14:35:00,564.16,564.805,564.11,564.615,383852.0
2025-07-24 14:40:00,564.61,564.76,564.49,564.595,276806.0
2025-07-24 14:45:00,564.6,564.89,564.58,564.79,324295.0
2025-07-24 14:50:00,564.78,565.03,564.75,564.945,499930.0
2025-07-24 14:55:00,564.935,565.29,564.79,565.07,387908.0
2025-07-24 15:00:00,565.08,565.44,565.04,565.375,565177.0
2025-07-24 15:05:00,565.35,565.44,565.24,565.27,344762.0
2025-07-24 15:10:00,565.29,565.52,565.11,565.45,261357.0
2025-07-24 15:15:00,565.44,565.57,565.13,565.19,275114.0
2025-07-24 15:20:00,565.2,565.5201,565.18,565.49,306311.0
2025-07-24 15:25:00,565.495,565.64,565.18,565.265,265397.0
2025-07-24 15:30:00,565.27,565.35,565.035,565.21,346038.0
2025-07-24 15:35:00,565.2,565.22,564.9748,565.135,261128.0
2025-07-24 15:40:00,565.15,565.3,565.06,565.21,286330.0
2025-07-24 15:45:00,565.21,565.44,565.12,565.37,412047.0
2025-07-24 15:50:00,565.38,565.72,565.34,565.54,397568.0
2025-07-24 15:55:00,565.54,565.57,565.39,565.42,215343.0
2025-07-24 16:00:00,565.395,565.43,564.86,564.92,415127.0
2025-07-25 09:30:00,565.22,565.22,565.22,565.22,699.0
2025-07-25 09:35:00,565.27,565.3,565.27,565.28,1719.0
2025-07-25 09:40:00,565.27,565.27,565.27,565.27,139.0
2025-07-25 09:45:00,565.26,565.26,565.16,565.16,2654.0
2025-07-25 09:50:00,565.08,565.12,565.08,565.09,966.0
2025-07-25 09:55:00,565.12,565.25,565.12,565.25,2729.0
2025-07-25 10:00:00,565.26,565.26,565.24,565.24,1099.0
2025-07-25 10:05:00,565.29,565.29,565.24,565.24,977.0
2025-07-25 10:10:00,565.26,565.3,565.26,565.3,330.0
2025-07-25 10:15:00,565.3,565.3,565.24,565.24,1121.0
2025-07-25 10:20:00,565.28,565.28,565.19,565.22,2120.0
2025-07-25 10:25:00,565.24,565.37,565.2,565.28,6044.0
2025-07-25 10:30:00,565.34,565.48,565.34,565.48,2597.0
2025-07-25 10:35:00,565.49,565.5,565.45,565.46,5131.0
2025-07-25 10:40:00,565.52,565.52,565.51,565.51,523.0
2025-07-25 10:45:00,565.51,565.59,565.51,565.59,3565.0
2025-07-25 10:50:00,565.63,565.68,565.61,565.68,4540.0
2025-07-25 10:55:00,565.64,565.64,565.52,565.59,4537.0
2025-07-25 11:00:00,565.62,565.63,565.42,565.46,9373.0
2025-07-25 11:05:00,565.45,565.49,565.31,565.49,3557.0
2025-07-25 11:10:00,565.48,565.52,565.46,565.47,2535.0
2025-07-25 11:15:00,565.46,565.46,565.25,565.329,2099.0
2025-07-25 11:20:00,565.34,565.38,565.28,565.28,2088.0
2025-07-25 11:25:00,565.24,565.38,565.23,565.38,4258.0
2025-07-25 11:30:00,565.22,565.25,565.22,565.25,1780.0
2025-07-25 11:35:00,565.38,565.38,565.31,565.35,3774.0
2025-07-25 11:40:00,565.38,565.44,565.38,565.44,1845.0
2025-07-25 11:45:00,565.3,565.3,565.25,565.25,996.0
2025-07-25 11:50:00,565.17,565.18,565.0,565.06,7979.0
2025-07-25 11:55:00,565.15,565.23,565.09,565.09,5651.0
2025-07-25 12:00:00,565.33,566.55,564.95,565.07,63916.0
2025-07-25 12:05:00,565.01,565.08,564.96,564.979,14613.0
2025-07-25 12:10:00,565.03,565.06,564.97,565.01,43829.0
2025-07-25 12:15:00,565.011,565.22,564.587,565.19,14545.0
2025-07-25 12:20:00,565.21,565.38,565.19,565.38,14126.0
2025-07-25 12:25:00,565.45,565.47,565.33,565.37,17702.0
2025-07-25 12:30:00,565.32,565.57,565.32,565.52,10842.0
2025-07-25 12:35:00,565.45,565.53,565.34,565.37,12416.0
2025-07-25 12:40:00,565.3908,565.4,565.16,565.18,18234.0
2025-07-25 12:45:00,565.19,565.22,565.12,565.12,23496.0
2025-07-25 12:50:00,565.15,565.23,565.11,565.21,7557.0
2025-07-25 12:55:00,565.2,565.24,565.1698,565.2299,5419.0
2025-07-25 13:00:00,565.21,565.25,564.98,565.1,10550.0
2025-07-25 13:05:00,565.17,565.17,564.63,565.0499,53772.0
2025-07-25 13:10:00,565.05,565.2,564.85,564.91,62084.0
2025-07-25 13:15:00,564.88,565.15,564.81,565.15,19511.0
2025-07-25 13:20:00,565.07,565.29,565.07,565.26,17568.0
2025-07-25 13:25:00,565.19,565.22,564.91,564.95,37866.0
2025-07-25 13:30:00,564.93,565.26,564.56,565.0847,989481.0
2025-07-25 13:35:00,565.07,565.39,564.27,564.775,726951.0
2025-07-25 13:40:00,564.77,565.07,564.57,564.98,574068.0
2025-07-25 13:45:00,565.02,565.545,564.99,565.535,911229.0
2025-07-25 13:50:00,565.54,565.92,565.29,565.76,676156.0
2025-07-25 13:55:00,565.77,566.11,565.52,565.652,496918.0
2025-07-25 14:00:00,565.68,566.17,565.65,565.65,497583.0
2025-07-25 14:05:00,565.6405,566.01,565.53,565.97,476814.0
2025-07-25 14:10:00,565.96,566.31,565.91,566.04,385370.0
2025-07-25 14:15:00,566.04,566.12,565.69,565.9885,432588.0
2025-07-25 14:20:00,565.98,566.075,565.68,565.89,347288.0
2025-07-25 14:25:00,565.88,566.06,565.75,566.03,327421.0
2025-07-25 14:30:00,566.03,566.37,565.75,565.92,563512.0
2025-07-25 14:35:00,565.95,566.32,565.945,565.95,292308.0
2025-07-25 14:40:00,565.945,566.18,565.91,566.1,238385.0
2025-07-25 14:45:00,566.11,566.28,566.015,566.235,307484.0
2025-07-25 14:50:00,566.23,566.2401,565.92,565.93,313095.0
2025-07-25 14:55:00,565.915,566.03,565.66,566.02,511251.0
2025-07-25 15:00:00,566.02,566.06,565.73,565.8999,284750.0
2025-07-25 15:05:00,565.9,566.0499,565.81,565.85,257556.0
2025-07-25 15:10:00,565.852,566.09,565.83,566.0,233594.0
2025-07-25 15:15:00,566.005,566.27,565.9792,566.225,238008.0
2025-07-25 15:20:00,566.23,566.4091,565.97,566.25,363979.0
2025-07-25 15:25:00,566.25,566.43,566.1,566.355,231330.0
2025-07-25 15:30:00,566.35,566.54,566.275,566.3,232214.0
2025-07-25 15:35:00,566.31,566.315,565.95,566.09,255496.0
2025-07-25 15:40:00,566.09,566.26,565.9701,566.01,202175.0
2025-07-25 15:45:00,565.99,566.3,565.96,566.27,229572.0
2025-07-25 15:50:00,566.26,566.455,566.26,566.39,309550.0
2025-07-25 15:55:00,566.38,566.48,566.36,566.3901,217665.0
2025-07-25 16:00:00,566.39,566.53,566.29,566.3818,295366.0
2025-07-28 09:30:00,569.15,569.24,569.15,569.23,2356.0
2025-07-28 09:35:00,569.1,569.11,569.1,569.11,937.0
2025-07-28 09:40:00,569.07,569.09,569.05,569.07,3440.0
2025-07-28 09:45:00,569.12,569.16,569.08,569.09,6075.0
2025-07-28 09:50:00,569.09,569.13,569.09,569.1,5140.0
2025-07-28 09:55:00,569.07,569.07,568.97,569.06,5666.0
2025-07-28 10:00:00,569.04,569.04,568.97,569.0,5530.0
2025-07-28 10:05:00,568.95,568.96,568.88,568.88,3851.0
2025-07-28 10:10:00,568.85,568.94,568.83,568.86,1629.0
2025-07-28 10:15:00,568.93,569.06,568.93,569.0,4332.0
2025-07-28 10:20:00,568.97,568.99,568.96,568.98,2516.0
2025-07-28 10:25:00,568.82,568.88,568.77,568.83,3344.0
2025-07-28 10:30:00,568.82,568.85,568.75,568.8,6005.0
2025-07-28 10:35:00,568.82,568.82,568.72,568.72,605.0
2025-07-28 10:40:00,568.63,568.66,568.46,568.46,8754.0
2025-07-28 10:45:00,568.43,568.48,568.27,568.36,16213.0
2025-07-28 10:50:00,568.36,568.37,568.08,568.23,6100.0
2025-07-28 10:55:00,568.23,568.3,568.1,568.3,11534.0
2025-07-28 11:00:00,568.23,568.55,568.2,568.41,15763.0
2025-07-28 11:05:00,568.42,568.5,568.4,568.48,4546.0
2025-07-28 11:10:00,568.43,568.55,568.429,568.55,3204.0
2025-07-28 11:15:00,568.5,568.5,568.32,568.35,11043.0
2025-07-28 11:20:00,568.44,568.54,568.42,568.48,3565.0
2025-07-28 11:25:00,568.56,568.57,568.4,568.4,2966.0
2025-07-28 11:30:00,568.41,568.47,568.4,568.43,4898.0
2025-07-28 11:35:00,568.5,568.51,568.47,568.51,6644.0
2025-07-28 11:40:00,568.54,568.59,568.47,568.51,3194.0
2025-07-28 11:45:00,568.49,568.5,568.4,568.48,4826.0
2025-07-28 11:50:00,568.49,568.61,568.49,568.49,1667.0
2025-07-28 11:55:00,568.53,568.53,568.46,568.49,7552.0
2025-07-28 12:00:00,568.53,570.38,565.946,568.375,82727.0
2025-07-28 12:05:00,568.45,568.46,568.35,568.36,16313.0
2025-07-28 12:10:00,568.44,568.44,568.1,568.12,30344.0
2025-07-28 12:15:00,568.18,568.3,568.16,568.3,22374.0
2025-07-28 12:20:00,568.33,568.51,568.3,568.5,19850.0
2025-07-28 12:25:00,568.47,568.62,568.47,568.59,15773.0
2025-07-28 12:30:00,568.5,568.56,568.34,568.36,21346.0
2025-07-28 12:35:00,568.42,568.53,568.42,568.51,17061.0
2025-07-28 12:40:00,568.53,568.72,568.53,568.69,27686.0
2025-07-28 12:45:00,568.72,568.76,568.6899,568.75,29635.0
2025-07-28 12:50:00,568.8,568.87,568.74,568.74,12615.0
2025-07-28 12:55:00,568.76,568.76,568.67,568.69,19313.0
2025-07-28 13:00:00,568.73,568.74,568.31,568.31,33151.0
2025-07-28 13:05:00,568.25,568.31,568.0,568.02,75324.0
2025-07-28 13:10:00,568.01,568.04,567.7,567.83,99765.0
2025-07-28 13:15:00,567.81,568.03,567.8,567.83,52533.0
2025-07-28 13:20:00,567.85,567.92,567.69,567.92,30434.0
2025-07-28 13:25:00,567.9,567.95,567.56,567.71,69438.0
2025-07-28 13:30:00,567.74,568.38,567.54,568.2499,1425968.0
2025-07-28 13:35:00,568.27,568.51,567.92,568.08,657410.0
2025-07-28 13:40:00,568.1,568.34,567.7,568.28,569272.0
2025-07-28 13:45:00,568.28,568.8488,568.14,568.42,754690.0
2025-07-28 13:50:00,568.41,568.87,568.26,568.55,469249.0
2025-07-28 13:55:00,568.55,568.88,568.402,568.86,612430.0
2025-07-28 14:00:00,568.86,568.985,568.5,568.65,736359.0
2025-07-28 14:05:00,568.645,569.04,568.57,568.9208,471523.0
2025-07-28 14:10:00,568.93,569.005,568.44,568.7653,419019.0
2025-07-28 14:15:00,568.76,568.9,568.505,568.57,316815.0
2025-07-28 14:20:00,568.56,568.73,567.81,568.37,665148.0
2025-07-28 14:25:00,568.36,568.68,568.25,568.46,306035.0
2025-07-28 14:30:00,568.44,568.565,568.29,568.45,330276.0
2025-07-28 14:35:00,568.43,568.5799,568.29,568.57,259446.0
2025-07-28 14:40:00,568.57,568.83,568.4499,568.45,307589.0
2025-07-28 14:45:00,568.45,568.53,568.31,568.42,201394.0
2025-07-28 14:50:00,568.41,568.41,567.98,568.12,313759.0
2025-07-28 14:55:00,568.115,568.355,568.07,568.235,221975.0
2025-07-28 15:00:00,568.23,568.3155,568.01,568.13,294142.0
2025-07-28 15:05:00,568.13,568.39,568.1,568.3,195811.0
2025-07-28 15:10:00,568.32,568.32,568.04,568.18,239479.0
2025-07-28 15:15:00,568.18,568.3,567.29,567.435,712661.0
2025-07-28 15:20:00,567.39,567.68,566.87,567.66,623901.0
2025-07-28 15:25:00,567.66,567.955,567.54,567.9167,320558.0
2025-07-28 15:30:00,567.925,568.16,567.85,567.95,298372.0
2025-07-28 15:35:00,567.95,568.14,567.95,567.99,218505.0
2025-07-28 15:40:00,567.99,568.13,567.9,568.1,271136.0
2025-07-28 15:45:00,568.1,568.26,568.02,568.23,288308.0
2025-07-28 15:50:00,568.23,568.38,568.155,568.29,303661.0
2025-07-28 15:55:00,568.3,568.38,568.21,568.245,198076.0
2025-07-28 16:00:00,568.25,568.25,568.0,568.11,220932.0
2025-07-29 09:30:00,570.53,570.62,570.51,570.62,7222.0
2025-07-29 09:35:00,570.6,570.68,570.6,570.62,5477.0
2025-07-29 09:40:00,570.61,570.65,570.55,570.58,3581.0
2025-07-29 09:45:00,570.59,570.67,570.58,570.67,1946.0
2025-07-29 09:50:00,570.71,570.81,570.71,570.72,3894.0
2025-07-29 09:55:00,570.73,571.0,570.5,570.84,15525.0
2025-07-29 10:00:00,570.9,571.07,570.9,570.99,9277.0
2025-07-29 10:05:00,570.97,570.97,570.88,570.88,3506.0
2025-07-29 10:10:00,570.9,570.9,570.78,570.79,3580.0
2025-07-29 10:15:00,570.89,570.89,570.79,570.8,3246.0
2025-07-29 10:20:00,570.82,570.83,570.82,570.83,557.0
2025-07-29 10:25:00,570.77,570.83,570.75,570.83,1700.0
2025-07-29 10:30:00,570.81,570.94,570.76,570.88,17332.0
2025-07-29 10:35:00,570.83,570.99,570.78,570.98,2817.0
2025-07-29 10:40:00,570.97,570.99,570.9,570.9,2383.0
2025-07-29 10:45:00,570.96,571.02,570.96,570.98,1874.0
2025-07-29 10:50:00,570.98,571.02,570.93,570.97,5607.0
2025-07-29 10:55:00,570.97,570.98,570.89,570.89,4011.0
2025-07-29 11:00:00,570.91,571.05,570.85,570.86,20937.0
2025-07-29 11:05:00,570.91,570.91,570.82,570.88,5331.0
2025-07-29 11:10:00,570.799,570.83,570.77,570.82,15573.0
2025-07-29 11:15:00,570.83,570.88,570.729,570.73,5104.0
2025-07-29 11:20:00,570.69,570.82,570.69,570.82,11620.0
2025-07-29 11:25:00,570.81,570.88,570.77,570.8,7922.0
2025-07-29 11:30:00,570.84,570.87,570.68,570.7,7548.0
2025-07-29 11:35:00,570.63,570.64,570.41,570.419,7434.0
2025-07-29 11:40:00,570.46,570.58,570.44,570.54,6432.0
2025-07-29 11:45:00,570.72,570.75,570.7,570.7,3166.0
2025-07-29 11:50:00,570.62,570.73,570.62,570.71,2185.0
2025-07-29 11:55:00,570.78,570.93,570.77,570.93,18828.0
2025-07-29 12:00:00,570.49,571.06,569.5,571.04,79909.0
2025-07-29 12:05:00,571.056,571.2,568.566,571.04,17174.0
2025-07-29 12:10:00,571.03,571.03,570.94,570.94,7154.0
2025-07-29 12:15:00,570.84,570.91,570.78,570.87,15613.0
2025-07-29 12:20:00,570.82,570.93,570.74,570.93,17884.0
2025-07-29 12:25:00,570.85,570.85,570.7,570.79,11350.0
2025-07-29 12:30:00,570.76,570.81,570.73,570.75,11210.0
2025-07-29 12:35:00,570.7,570.84,570.66,570.8201,12320.0
2025-07-29 12:40:00,570.75,570.7907,570.59,570.6,22391.0
2025-07-29 12:45:00,570.62,570.62,570.51,570.54,15868.0
2025-07-29 12:50:00,570.57,570.6,570.36,570.38,34503.0
2025-07-29 12:55:00,570.38,570.42,570.25,570.42,36345.0
2025-07-29 13:00:00,570.43,570.6,570.3,570.57,22637.0
2025-07-29 13:05:00,570.5,570.591,570.44,570.52,15195.0
2025-07-29 13:10:00,570.48,570.51,570.4,570.51,14071.0
2025-07-29 13:15:00,570.5,570.54,570.45,570.54,6181.0
2025-07-29 13:20:00,570.54,570.86,570.54,570.75,60284.0
2025-07-29 13:25:00,570.78,570.91,570.59,570.76,47456.0
2025-07-29 13:30:00,570.76,571.73,570.71,571.63,1466607.0
2025-07-29 13:35:00,571.61,572.11,571.485,571.95,887075.0
2025-07-29 13:40:00,571.96,572.03,571.21,571.38,784763.0
2025-07-29 13:45:00,571.37,571.47,570.27,570.625,899863.0
2025-07-29 13:50:00,570.62,570.67,569.8,570.575,1116903.0
2025-07-29 13:55:00,570.58,570.75,570.08,570.56,713418.0
2025-07-29 14:00:00,570.69,570.72,569.84,570.07,827393.0
2025-07-29 14:05:00,570.08,570.3,569.725,570.185,516268.0
2025-07-29 14:10:00,570.18,570.525,570.04,570.2,518118.0
2025-07-29 14:15:00,570.19,570.34,569.84,570.11,665391.0
2025-07-29 14:20:00,570.1,570.18,569.75,569.99,484862.0
2025-07-29 14:25:00,569.99,570.04,569.41,569.89,715508.0
2025-07-29 14:30:00,569.88,570.11,569.72,569.86,497623.0
2025-07-29 14:35:00,569.89,570.13,569.78,570.01,454574.0
2025-07-29 14:40:00,569.985,570.3,569.69,569.77,473638.0
2025-07-29 14:45:00,569.77,570.1,569.66,569.74,312310.0
2025-07-29 14:50:00,569.7,569.81,568.82,569.125,663805.0
2025-07-29 14:55:00,569.12,569.33,568.87,569.135,437449.0
2025-07-29 15:00:00,569.11,569.47,568.85,568.9499,502389.0
2025-07-29 15:05:00,568.91,568.98,568.62,568.79,405052.0
2025-07-29 15:10:00,568.75,569.21,568.685,568.702,496444.0
2025-07-29 15:15:00,568.7097,568.74,568.27,568.35,775197.0
2025-07-29 15:20:00,568.35,568.63,568.12,568.16,650887.0
2025-07-29 15:25:00,568.16,568.24,567.42,567.545,966985.0
2025-07-29 15:30:00,567.54,568.255,567.3,568.105,841208.0
2025-07-29 15:35:00,568.09,568.09,567.66,567.66,476983.0
2025-07-29 15:40:00,567.65,567.785,566.92,567.43,872184.0
2025-07-29 15:45:00,567.4299,568.57,567.4299,568.37,762433.0
2025-07-29 15:50:00,568.35,568.72,568.25,568.7001,832748.0
2025-07-29 15:55:00,568.71,568.88,568.05,568.51,481238.0
2025-07-29 16:00:00,568.48,568.72,568.28,568.485,396020.0
2025-07-30 09:30:00,568.19,568.2,567.97,567.97,3239.0
2025-07-30 09:35:00,568.0,568.01,567.9,567.99,2753.0
2025-07-30 09:40:00,568.04,568.05,567.99,567.99,1277.0
2025-07-30 09:45:00,567.91,567.99,567.9,567.99,2550.0
2025-07-30 09:50:00,567.99,567.99,567.91,567.95,861.0
2025-07-30 09:55:00,567.98,568.31,567.98,568.31,6381.0
2025-07-30 10:00:00,568.4,568.4,568.34,568.36,1878.0
2025-07-30 10:05:00,568.31,568.31,568.24,568.28,2690.0
2025-07-30 10:10:00,568.34,568.49,568.34,568.49,4760.0
2025-07-30 10:15:00,568.49,568.52,568.46,568.52,2264.0
2025-07-30 10:20:00,568.55,568.6,568.47,568.52,4436.0
2025-07-30 10:25:00,568.45,568.45,568.31,568.4,6903.0
2025-07-30 10:30:00,568.39,568.49,568.36,568.48,17229.0
2025-07-30 10:35:00,568.5,568.61,568.5,568.61,8393.0
2025-07-30 10:40:00,568.61,568.61,568.56,568.6,3225.0
2025-07-30 10:45:00,568.58,568.64,568.58,568.64,1773.0
2025-07-30 10:50:00,568.65,568.65,568.5,568.52,3740.0
2025-07-30 10:55:00,568.52,568.63,568.52,568.63,1001.0
2025-07-30 11:00:00,568.67,568.671,568.57,568.58,11747.0
2025-07-30 11:05:00,568.67,568.67,568.54,568.59,2856.0
2025-07-30 11:10:00,568.59,568.73,568.59,568.6,5509.0
2025-07-30 11:15:00,568.52,568.59,568.52,568.54,5085.0
2025-07-30 11:20:00,568.5,568.59,568.5,568.56,3210.0
2025-07-30 11:25:00,568.58,568.83,568.58,568.79,4895.0
2025-07-30 11:30:00,568.86,568.89,568.75,568.89,3570.0
2025-07-30 11:35:00,568.841,568.94,568.84,568.87,11020.0
2025-07-30 11:40:00,568.84,568.86,568.56,568.7,8878.0
2025-07-30 11:45:00,568.7,569.0,568.7,568.96,17575.0
2025-07-30 11:50:00,568.91,569.0,568.7,568.76,26646.0
2025-07-30 11:55:00,568.73,568.78,568.68,568.68,6882.0
2025-07-30 12:00:00,568.65,568.98,566.835,568.54,68440.0
2025-07-30 12:05:00,568.5,568.51,568.0,568.12,15210.0
2025-07-30 12:10:00,567.91,568.29,567.83,568.29,38400.0
2025-07-30 12:15:00,568.48,568.48,568.07,568.21,14984.0
2025-07-30 12:20:00,568.15,568.15,567.94,568.08,31987.0
2025-07-30 12:25:00,568.09,568.25,568.09,568.1,8537.0
2025-07-30 12:30:00,568.05,568.58,567.93,568.1,77267.0
2025-07-30 12:35:00,568.22,568.4101,567.86,568.41,26900.0
2025-07-30 12:40:00,568.45,568.52,568.39,568.49,12783.0
2025-07-30 12:45:00,568.46,568.6,568.34,568.55,36473.0
2025-07-30 12:50:00,568.48,568.55,568.4,568.41,14157.0
2025-07-30 12:55:00,568.4201,568.54,568.2502,568.28,20333.0
2025-07-30 13:00:00,568.24,568.28,567.9,567.9,17034.0
2025-07-30 13:05:00,567.92,568.05,567.8,568.049,26748.0
2025-07-30 13:10:00,568.02,568.11,567.91,568.04,7824.0
2025-07-30 13:15:00,568.04,568.25,568.01,568.19,11503.0
2025-07-30 13:20:00,568.16,568.2,568.08,568.1498,9397.0
2025-07-30 13:25:00,568.08,568.24,567.97,568.14,11206.0
2025-07-30 13:30:00,568.18,568.27,567.27,568.13,1201031.0
2025-07-30 13:35:00,568.15,568.69,568.07,568.27,639370.0
2025-07-30 13:40:00,568.29,568.69,568.05,568.65,489138.0
2025-07-30 13:45:00,568.63,569.11,568.03,568.22,841591.0
2025-07-30 13:50:00,568.23,568.29,567.81,568.0,474699.0
2025-07-30 13:55:00,567.995,568.23,567.76,568.06,412586.0
2025-07-30 14:00:00,568.06,568.1,567.69,567.915,451282.0
2025-07-30 14:05:00,567.89,568.445,567.82,568.02,309946.0
2025-07-30 14:10:00,568.02,568.135,567.67,567.98,254378.0
2025-07-30 14:15:00,567.98,568.465,567.94,568.34,283370.0
2025-07-30 14:20:00,568.34,569.0,568.15,568.85,394926.0
2025-07-30 14:25:00,568.85,568.88,568.515,568.57,350574.0
2025-07-30 14:30:00,568.58,569.15,568.58,568.84,390601.0
2025-07-30 14:35:00,568.84,569.0651,568.6899,568.8,305420.0
2025-07-30 14:40:00,568.805,569.1,568.76,568.915,206720.0
2025-07-30 14:45:00,568.92,569.095,568.87,568.875,215774.0
2025-07-30 14:50:00,568.88,569.35,568.85,569.26,267605.0
2025-07-30 14:55:00,569.255,569.468,568.775,568.8493,298946.0
2025-07-30 15:00:00,568.835,569.0901,568.585,568.65,223634.0
2025-07-30 15:05:00,568.6405,568.78,568.51,568.61,167681.0
2025-07-30 15:10:00,568.6,568.67,567.92,568.06,421307.0
2025-07-30 15:15:00,568.06,568.365,567.875,568.2,335033.0
2025-07-30 15:20:00,568.21,568.58,568.06,568.52,305945.0
2025-07-30 15:25:00,568.521,568.61,568.11,568.17,241669.0
2025-07-30 15:30:00,568.18,568.325,567.91,567.99,177291.0
2025-07-30 15:35:00,567.99,568.31,567.98,568.2,128701.0
2025-07-30 15:40:00,568.22,568.61,568.205,568.565,219408.0
2025-07-30 15:45:00,568.56,568.585,568.395,568.56,112558.0
2025-07-30 15:50:00,568.56,568.79,568.49,568.78,146211.0
2025-07-30 15:55:00,568.78,569.21,568.76,569.2,333771.0
2025-07-30 16:00:00,569.195,569.205,568.9,569.06,185748.0
2025-07-31 09:30:00,575.6,575.64,575.49,575.49,6872.0
2025-07-31 09:35:00,575.47,575.56,575.43,575.44,3895.0
2025-07-31 09:40:00,575.45,575.59,575.4,575.5,10220.0
2025-07-31 09:45:00,575.57,575.63,575.53,575.61,4257.0
2025-07-31 09:50:00,575.54,575.57,575.4,575.44,5860.0
2025-07-31 09:55:00,575.5,575.54,575.39,575.41,8254.0
2025-07-31 10:00:00,575.44,575.52,575.43,575.5,5266.0
2025-07-31 10:05:00,575.43,575.43,575.43,575.43,751.0
2025-07-31 10:10:00,575.43,575.51,575.36,575.51,5781.0
2025-07-31 10:15:00,575.57,575.68,575.57,575.63,4585.0
2025-07-31 10:20:00,575.57,575.63,575.56,575.63,3298.0
2025-07-31 10:25:00,575.65,575.74,575.65,575.72,3198.0
2025-07-31 10:30:00,575.72,575.77,575.72,575.77,1464.0
2025-07-31 10:35:00,575.75,575.85,575.7,575.7,3151.0
2025-07-31 10:40:00,575.73,575.73,575.64,575.73,5451.0
2025-07-31 10:45:00,575.7,575.87,575.7,575.87,2304.0
2025-07-31 10:50:00,575.9,575.9,575.52,575.56,7385.0
2025-07-31 10:55:00,575.55,575.55,575.21,575.38,15083.0
2025-07-31 11:00:00,575.25,575.8,575.23,575.8,20851.0
2025-07-31 11:05:00,575.75,575.79,575.57,575.57,8938.0
2025-07-31 11:10:00,575.5,575.59,575.06,575.51,47293.0
2025-07-31 11:15:00,575.53,575.58,575.41,575.51,20167.0
2025-07-31 11:20:00,575.42,575.42,575.07,575.1,13416.0
2025-07-31 11:25:00,575.09,575.24,575.05,575.07,22503.0
2025-07-31 11:30:00,575.18,575.28,575.18,575.2,18612.0
2025-07-31 11:35:00,575.25,575.31,575.09,575.31,9925.0
2025-07-31 11:40:00,575.3,575.3,574.861,574.98,25676.0
2025-07-31 11:45:00,574.95,575.19,574.92,575.16,19455.0
2025-07-31 11:50:00,575.09,575.09,574.8,574.8,16198.0
2025-07-31 11:55:00,574.82,574.99,574.7,574.96,27734.0
2025-07-31 12:00:00,574.98,576.93,574.7,574.87,135034.0
2025-07-31 12:05:00,575.0,575.26,574.88,575.24,22314.0
2025-07-31 12:10:00,575.26,575.63,575.26,575.57,27998.0
2025-07-31 12:15:00,575.56,575.63,575.43,575.55,41183.0
2025-07-31 12:20:00,575.57,575.78,575.4,575.77,33579.0
2025-07-31 12:25:00,575.76,575.76,575.53,575.73,18901.0
2025-07-31 12:30:00,575.45,576.05,575.2,575.44,60879.0
2025-07-31 12:35:00,575.6217,575.92,575.6,575.88,53278.0
2025-07-31 12:40:00,575.82,576.06,575.6691,575.75,31901.0
2025-07-31 12:45:00,575.59,575.84,575.56,575.84,15344.0
2025-07-31 12:50:00,575.77,575.94,575.759,575.84,48140.0
2025-07-31 12:55:00,575.85,576.02,575.78,575.91,39033.0
2025-07-31 13:00:00,575.91,575.91,575.71,575.85,24503.0
2025-07-31 13:05:00,575.86,575.92,575.71,575.77,29034.0
2025-07-31 13:10:00,575.72,575.79,575.67,575.72,47513.0
2025-07-31 13:15:00,575.65,575.7,575.36,575.4,49771.0
2025-07-31 13:20:00,575.37,575.43,575.2,575.2,65468.0
2025-07-31 13:25:00,575.16,575.22,574.48,574.54,96756.0
2025-07-31 13:30:00,574.54,574.63,572.28,572.87,3076778.0
2025-07-31 13:35:00,572.85,572.89,571.94,572.39,1326721.0
2025-07-31 13:40:00,572.38,572.54,571.4696,571.8307,893601.0
2025-07-31 13:45:00,571.84,572.43,571.2,572.05,1293025.0
2025-07-31 13:50:00,572.05,573.185,571.9401,572.945,919870.0
2025-07-31 13:55:00,572.95,573.47,572.66,572.66,838940.0
2025-07-31 14:00:00,572.665,573.19,572.59,572.7,708912.0
2025-07-31 14:05:00,572.7,573.37,572.5,573.05,575627.0
2025-07-31 14:10:00,573.04,573.08,572.072,572.68,737352.0
2025-07-31 14:15:00,572.69,572.95,572.43,572.78,541994.0
2025-07-31 14:20:00,572.8,572.8,571.8,572.26,723886.0
2025-07-31 14:25:00,572.26,572.28,571.5,571.9301,534198.0
2025-07-31 14:30:00,571.93,572.32,571.35,571.475,436230.0
2025-07-31 14:35:00,571.47,571.7813,570.96,571.63,722031.0
2025-07-31 14:40:00,571.61,571.68,570.96,571.45,457752.0
2025-07-31 14:45:00,571.42,571.48,570.62,571.07,697741.0
2025-07-31 14:50:00,571.05,571.22,569.97,570.22,813206.0
2025-07-31 14:55:00,570.21,570.4,569.42,569.58,998756.0
2025-07-31 15:00:00,569.57,570.58,569.53,570.355,848491.0
2025-07-31 15:05:00,570.35,570.59,569.545,569.72,653414.0
2025-07-31 15:10:00,569.7,569.8,568.69,568.69,787090.0
2025-07-31 15:15:00,568.69,568.89,568.175,568.67,803193.0
2025-07-31 15:20:00,568.65,569.27,568.41,568.5,755859.0
2025-07-31 15:25:00,568.49,569.53,568.37,569.42,630023.0
2025-07-31 15:30:00,569.43,570.03,569.3,569.74,522114.0
2025-07-31 15:35:00,569.685,570.43,569.685,570.4299,352124.0
2025-07-31 15:40:00,570.4,570.549,570.18,570.51,416953.0
2025-07-31 15:45:00,570.51,570.6,570.07,570.09,471764.0
2025-07-31 15:50:00,570.11,570.41,569.96,570.175,379836.0
2025-07-31 15:55:00,570.19,570.6,570.07,570.6,319482.0
2025-07-31 16:00:00,570.6,570.83,570.46,570.465,492107.0
2025-08-01 09:30:00,558.9,559.26,558.76,559.26,26399.0
2025-08-01 09:35:00,559.2,559.54,559.13,559.5,20222.0
2025-08-01 09:40:00,559.55,559.73,559.41,559.49,16469.0
2025-08-01 09:45:00,559.58,559.88,559.58,559.8,14219.0
2025-08-01 09:50:00,559.73,559.85,559.59,559.64,10361.0
2025-08-01 09:55:00,559.68,559.85,559.64,559.78,13125.0
2025-08-01 10:00:00,559.7,559.7,559.25,559.28,11267.0
2025-08-01 10:05:00,559.18,559.27,558.78,559.11,22587.0
2025-08-01 10:10:00,559.12,559.23,559.09,559.23,8466.0
2025-08-01 10:15:00,559.1,559.31,558.97,559.16,13123.0
2025-08-01 10:20:00,559.23,559.29,558.8,559.05,16018.0
2025-08-01 10:25:00,559.02,559.24,558.7,559.14,18752.0
2025-08-01 10:30:00,559.08,559.25,559.0,559.17,28233.0
2025-08-01 10:35:00,559.0,559.07,558.73,558.73,23368.0
2025-08-01 10:40:00,558.8,558.84,558.26,558.34,35827.0
2025-08-01 10:45:00,558.3,558.59,557.92,557.92,26286.0
2025-08-01 10:50:00,558.13,558.19,557.57,557.7,49662.0
2025-08-01 10:55:00,557.52,558.08,557.45,558.01,37323.0
2025-08-01 11:00:00,558.08,558.37,557.98,558.22,75555.0
2025-08-01 11:05:00,558.27,558.59,558.22,558.59,39496.0
2025-08-01 11:10:00,558.6,559.2,558.6,559.1,55432.0
2025-08-01 11:15:00,559.13,559.4,559.05,559.22,31135.0
2025-08-01 11:20:00,559.17,559.38,558.92,559.26,14388.0
2025-08-01 11:25:00,559.25,559.38,559.23,559.23,14949.0
2025-08-01 11:30:00,559.2,559.44,559.14,559.24,14357.0
2025-08-01 11:35:00,559.13,559.67,559.13,559.57,31051.0
2025-08-01 11:40:00,559.45,559.7,559.45,559.561,11969.0
2025-08-01 11:45:00,559.65,559.83,559.44,559.44,24031.0
2025-08-01 11:50:00,559.44,559.72,559.4,559.53,22846.0
2025-08-01 11:55:00,559.48,559.83,559.48,559.8,18408.0
2025-08-01 12:00:00,558.31,564.44,557.867,559.82,263189.0
2025-08-01 12:05:00,559.8,559.91,559.68,559.79,15248.0
2025-08-01 12:10:00,559.79,564.587,559.7001,559.81,27418.0
2025-08-01 12:15:00,559.83,559.86,559.39,559.48,57328.0
2025-08-01 12:20:00,559.48,559.69,559.37,559.67,70106.0
2025-08-01 12:25:00,559.64,559.7699,559.5,559.56,96602.0
2025-08-01 12:30:00,559.55,559.89,558.22,558.24,225950.0
2025-08-01 12:35:00,558.21,559.82,558.21,559.56,163268.0
2025-08-01 12:40:00,559.56,560.76,559.55,560.36,125049.0
2025-08-01 12:45:00,560.17,560.17,559.3682,559.3682,101681.0
2025-08-01 12:50:00,559.35,559.5,558.96,559.26,107046.0
2025-08-01 12:55:00,559.22,559.3,558.27,558.3501,134052.0
2025-08-01 13:00:00,558.41,559.17,558.37,558.6499,87018.0
2025-08-01 13:05:00,558.76,558.9,558.43,558.62,40560.0
2025-08-01 13:10:00,558.6,558.86,558.14,558.14,84367.0
2025-08-01 13:15:00,558.18,558.44,558.02,558.42,53059.0
2025-08-01 13:20:00,558.3,558.39,558.01,558.249,55852.0
2025-08-01 13:25:00,558.08,558.85,557.87,558.85,147672.0
2025-08-01 13:30:00,558.83,559.02,556.76,557.1,2815172.0
2025-08-01 13:35:00,557.03,557.51,556.15,556.53,2171235.0
2025-08-01 13:40:00,556.53,556.53,554.75,554.77,1830645.0
2025-08-01 13:45:00,554.79,555.0,553.48,553.48,2044207.0
2025-08-01 13:50:00,553.48,554.5,553.32,553.85,1990940.0
2025-08-01 13:55:00,553.85,554.42,553.62,553.8002,1194439.0
2025-08-01 14:00:00,553.73,553.81,551.88,553.38,1929776.0
2025-08-01 14:05:00,553.38,554.33,552.715,554.08,1497504.0
2025-08-01 14:10:00,554.07,555.06,554.01,554.535,2010217.0
2025-08-01 14:15:00,554.53,555.79,554.46,555.15,1675033.0
2025-08-01 14:20:00,555.16,556.02,554.86,555.94,1158939.0
2025-08-01 14:25:00,555.91,556.38,555.415,556.38,934123.0
2025-08-01 14:30:00,556.38,557.26,556.08,556.96,1117668.0
2025-08-01 14:35:00,556.95,557.23,556.17,556.26,994348.0
2025-08-01 14:40:00,556.28,556.71,555.635,555.74,989515.0
2025-08-01 14:45:00,555.74,557.02,555.4,555.7001,876800.0
2025-08-01 14:50:00,555.63,555.94,554.93,555.24,590217.0
2025-08-01 14:55:00,555.26,555.88,554.78,555.035,448128.0
2025-08-01 15:00:00,555.03,555.24,554.36,554.91,831887.0
2025-08-01 15:05:00,554.92,555.49,554.85,555.07,514587.0
2025-08-01 15:10:00,555.05,555.74,554.77,554.9,501566.0
2025-08-01 15:15:00,554.86,555.7,554.745,554.99,477051.0
2025-08-01 15:20:00,554.975,555.445,554.52,554.57,693974.0
2025-08-01 15:25:00,554.59,554.93,554.32,554.3782,379135.0
2025-08-01 15:30:00,554.37,554.8,554.23,554.42,934316.0
2025-08-01 15:35:00,554.43,555.7,554.36,555.6006,533081.0
2025-08-01 15:40:00,555.61,556.61,555.55,556.59,539762.0
2025-08-01 15:45:00,556.57,557.16,556.3504,556.67,585703.0
2025-08-01 15:50:00,556.69,556.76,556.265,556.6118,687293.0
2025-08-01 15:55:00,556.63,556.95,556.315,556.915,481831.0
2025-08-01 16:00:00,556.92,557.5192,556.77,557.39,758766.0
2025-08-04 09:30:00,558.27,558.47,558.23,558.47,9587.0
2025-08-04 09:35:00,558.51,558.66,558.47,558.66,3072.0
2025-08-04 09:40:00,558.67,558.7,558.57,558.57,4793.0
2025-08-04 09:45:00,558.52,558.53,558.26,558.41,12101.0
2025-08-04 09:50:00,558.37,558.37,558.21,558.37,8363.0
2025-08-04 09:55:00,558.34,558.38,558.17,558.17,5263.0
2025-08-04 10:00:00,558.2,558.35,558.12,558.33,10320.0
2025-08-04 10:05:00,558.31,558.42,558.29,558.35,11128.0
2025-08-04 10:10:00,558.37,558.51,558.37,558.43,5653.0
2025-08-04 10:15:00,558.43,558.54,558.32,558.32,17626.0
2025-08-04 10:20:00,558.35,558.5,558.35,558.44,17031.0
2025-08-04 10:25:00,558.46,558.54,558.44,558.49,48661.0
2025-08-04 10:30:00,558.49,558.57,558.35,558.54,13958.0
2025-08-04 10:35:00,558.52,558.58,558.29,558.3,11259.0
2025-08-04 10:40:00,558.35,558.7,558.35,558.51,28018.0
2025-08-04 10:45:00,558.48,558.48,558.36,558.42,6574.0
2025-08-04 10:50:00,558.42,558.57,558.29,558.33,14029.0
2025-08-04 10:55:00,558.38,558.39,558.22,558.33,7248.0
2025-08-04 11:00:00,558.34,558.34,557.75,557.88,32673.0
2025-08-04 11:05:00,557.87,558.0,557.65,557.95,14479.0
2025-08-04 11:10:00,557.99,558.04,557.71,557.77,12032.0
2025-08-04 11:15:00,557.95,558.01,557.82,557.86,6662.0
2025-08-04 11:20:00,557.87,558.0,557.67,557.83,12461.0
2025-08-04 11:25:00,557.83,558.24,557.82,558.23,27711.0
2025-08-04 11:30:00,558.3,558.64,558.3,558.4,20303.0
2025-08-04 11:35:00,558.38,558.52,558.27,558.3,12879.0
2025-08-04 11:40:00,558.3,558.41,558.27,558.37,6076.0
2025-08-04 11:45:00,558.3,558.41,558.2,558.22,6254.0
2025-08-04 11:50:00,558.13,558.38,558.13,558.16,12776.0
2025-08-04 11:55:00,558.15,558.16,557.8,557.92,25435.0
2025-08-04 12:00:00,557.95,558.6304,555.7,557.98,163544.0
2025-08-04 12:05:00,557.99,557.99,557.7119,557.89,13192.0
2025-08-04 12:10:00,557.89,558.04,557.8304,557.92,16253.0
2025-08-04 12:15:00,557.98,558.19,557.92,558.17,9690.0
2025-08-04 12:20:00,558.16,558.45,558.16,558.45,11254.0
2025-08-04 12:25:00,558.4499,558.59,558.39,558.52,28699.0
2025-08-04 12:30:00,558.55,558.76,558.53,558.56,47316.0
2025-08-04 12:35:00,558.6,558.71,558.49,558.61,23729.0
2025-08-04 12:40:00,558.6,558.65,558.36,558.44,28022.0
2025-08-04 12:45:00,558.41,558.51,558.26,558.36,25049.0
2025-08-04 12:50:00,558.4,558.49,558.35,558.42,22506.0
2025-08-04 12:55:00,558.44,558.65,558.44,558.6002,52089.0
2025-08-04 13:00:00,558.64,558.77,558.52,558.77,33731.0
2025-08-04 13:05:00,558.741,558.78,558.64,558.7,19993.0
2025-08-04 13:10:00,558.71,558.85,558.5199,558.62,42393.0
2025-08-04 13:15:00,558.61,558.86,558.6,558.8304,49327.0
2025-08-04 13:20:00,558.82,558.86,558.68,558.86,29511.0
2025-08-04 13:25:00,558.8,559.13,558.68,559.06,84788.0
2025-08-04 13:30:00,559.05,559.95,558.95,559.939,1845528.0
2025-08-04 13:35:00,559.93,560.99,559.86,560.64,1697981.0
2025-08-04 13:40:00,560.64,561.54,560.4151,561.3799,1372188.0
2025-08-04 13:45:00,561.38,562.29,561.38,562.04,1579424.0
2025-08-04 13:50:00,562.05,562.29,561.592,562.267,1070123.0
2025-08-04 13:55:00,562.27,563.01,561.93,562.755,1102097.0
2025-08-04 14:00:00,562.77,563.07,562.59,562.79,926594.0
2025-08-04 14:05:00,562.79,562.965,562.33,562.335,694891.0
2025-08-04 14:10:00,562.33,562.89,561.98,562.8799,635542.0
2025-08-04 14:15:00,562.89,563.13,562.72,562.78,700387.0
2025-08-04 14:20:00,562.77,563.02,562.481,562.6,708100.0
2025-08-04 14:25:00,562.59,562.96,562.3652,562.83,391372.0
2025-08-04 14:30:00,562.85,562.88,562.215,562.78,441702.0
2025-08-04 14:35:00,562.79,562.95,562.59,562.69,421033.0
2025-08-04 14:40:00,562.7,562.72,561.98,562.113,498219.0
2025-08-04 14:45:00,562.09,562.95,561.79,562.79,608025.0
2025-08-04 14:50:00,562.81,562.839,561.64,561.69,745734.0
2025-08-04 14:55:00,561.7,562.02,561.51,562.02,600594.0
2025-08-04 15:00:00,562.01,562.205,561.35,562.04,556684.0
2025-08-04 15:05:00,562.03,562.07,561.51,561.935,443676.0
2025-08-04 15:10:00,561.92,562.09,561.64,561.95,376365.0
2025-08-04 15:15:00,561.96,562.055,561.43,561.59,408128.0
2025-08-04 15:20:00,561.6,561.92,561.45,561.89,331259.0
2025-08-04 15:25:00,561.88,562.22,561.88,561.93,482110.0
2025-08-04 15:30:00,561.91,562.23,561.73,562.09,352694.0
2025-08-04 15:35:00,562.09,562.33,561.9448,562.15,303640.0
2025-08-04 15:40:00,562.18,562.25,561.62,561.885,421899.0
2025-08-04 15:45:00,561.89,562.17,561.75,562.14,601345.0
2025-08-04 15:50:00,562.13,562.66,562.02,562.645,385119.0
2025-08-04 15:55:00,562.65,563.2,562.6,562.97,565708.0
2025-08-04 16:00:00,562.97,563.29,562.84,563.0195,660959.0
2025-08-05 09:30:00,565.17,565.3,565.14,565.3,4188.0
2025-08-05 09:35:00,565.31,565.47,565.3,565.42,7423.0
2025-08-05 09:40:00,565.37,565.38,565.27,565.27,2558.0
2025-08-05 09:45:00,565.26,565.26,565.18,565.26,4348.0
2025-08-05 09:50:00,565.21,565.26,565.21,565.22,3032.0
2025-08-05 09:55:00,565.26,565.4,565.26,565.4,3506.0
2025-08-05 10:00:00,565.39,565.49,565.39,565.49,2874.0
2025-08-05 10:05:00,565.56,565.94,565.55,565.79,14216.0
2025-08-05 10:10:00,565.82,565.85,565.77,565.81,2768.0
2025-08-05 10:15:00,565.81,565.89,565.76,565.89,3638.0
2025-08-05 10:20:00,565.8,565.91,565.8,565.91,2555.0
2025-08-05 10:25:00,565.95,566.21,565.95,566.09,15708.0
2025-08-05 10:30:00,566.06,566.17,565.88,566.0,6681.0
2025-08-05 10:35:00,566.01,566.01,565.89,565.89,4005.0
2025-08-05 10:40:00,566.03,566.15,566.03,566.14,5084.0
2025-08-05 10:45:00,566.2,566.23,566.14,566.23,2524.0
2025-08-05 10:50:00,566.17,566.41,566.17,566.41,8977.0
2025-08-05 10:55:00,566.45,566.45,566.28,566.29,10975.0
2025-08-05 11:00:00,566.25,566.36,566.101,566.329,19353.0
2025-08-05 11:05:00,566.29,566.48,566.25,566.44,10588.0
2025-08-05 11:10:00,566.46,566.52,566.37,566.39,16954.0
2025-08-05 11:15:00,566.4,566.41,566.33,566.33,3516.0
2025-08-05 11:20:00,566.41,566.41,566.23,566.4,11819.0
2025-08-05 11:25:00,566.38,566.38,566.05,566.06,10199.0
2025-08-05 11:30:00,566.04,566.16,565.8,566.16,23706.0
2025-08-05 11:35:00,566.16,566.26,566.0,566.06,49414.0
2025-08-05 11:40:00,566.06,566.3,566.01,566.3,3999.0
2025-08-05 11:45:00,566.27,566.57,566.2,566.35,18186.0
2025-08-05 11:50:00,566.28,566.35,566.23,566.35,4108.0
2025-08-05 11:55:00,566.34,566.4,566.26,566.26,3912.0
2025-08-05 12:00:00,566.31,566.51,564.8204,566.26,135843.0
2025-08-05 12:05:00,566.3,566.31,563.677,566.23,6320.0
2025-08-05 12:10:00,566.16,566.721,566.16,566.6403,79329.0
2025-08-05 12:15:00,566.66,566.68,565.32,565.97,48992.0
2025-08-05 12:20:00,565.94,566.22,565.5,565.9,71592.0
2025-08-05 12:25:00,565.91,566.0,565.67,565.85,24334.0
2025-08-05 12:30:00,565.9,565.93,565.51,565.71,27573.0
2025-08-05 12:35:00,565.69,565.82,565.69,565.79,12996.0
2025-08-05 12:40:00,565.74,566.04,565.74,566.03,31685.0
2025-08-05 12:45:00,566.02,566.21,565.73,565.8,141493.0
2025-08-05 12:50:00,565.91,565.99,565.67,565.7,82400.0
2025-08-05 12:55:00,565.67,565.76,565.59,565.76,64105.0
2025-08-05 13:00:00,565.72,565.9108,565.59,565.62,56269.0
2025-08-05 13:05:00,565.59,565.68,565.42,565.43,65757.0
2025-08-05 13:10:00,565.4,565.56,565.35,565.4499,37455.0
2025-08-05 13:15:00,565.42,565.86,565.4,565.79,46421.0
2025-08-05 13:20:00,565.75,565.75,565.28,565.28,38861.0
2025-08-05 13:25:00,565.34,565.49,565.2,565.39,66781.0
2025-08-05 13:30:00,565.39,565.615,564.315,564.425,1418669.0
2025-08-05 13:35:00,564.44,565.73,564.42,565.47,1036253.0
2025-08-05 13:40:00,565.47,565.74,565.23,565.58,724853.0
2025-08-05 13:45:00,565.58,566.5607,565.55,566.17,1031941.0
2025-08-05 13:50:00,566.16,566.45,565.73,566.36,558201.0
2025-08-05 13:55:00,566.37,566.4,565.76,566.07,371743.0
2025-08-05 14:00:00,566.01,566.15,564.8,564.87,1410618.0
2025-08-05 14:05:00,564.87,565.4,564.608,565.09,668011.0
2025-08-05 14:10:00,565.09,565.46,564.38,564.522,663325.0
2025-08-05 14:15:00,564.53,564.78,564.03,564.43,656059.0
2025-08-05 14:20:00,564.42,564.42,563.65,563.7452,587778.0
2025-08-05 14:25:00,563.73,564.08,563.28,563.95,633673.0
2025-08-05 14:30:00,563.95,563.995,562.98,563.0,537798.0
2025-08-05 14:35:00,563.0,563.09,562.38,562.5985,979911.0
2025-08-05 14:40:00,562.59,562.95,561.245,561.47,907127.0
2025-08-05 14:45:00,561.47,561.505,560.33,560.3401,1286838.0
2025-08-05 14:50:00,560.34,561.32,560.3,560.765,1093885.0
2025-08-05 14:55:00,560.74,561.5,560.68,561.36,838334.0
2025-08-05 15:00:00,561.35,561.99,560.64,561.75,1138945.0
2025-08-05 15:05:00,561.72,562.16,561.72,561.8099,585722.0
2025-08-05 15:10:00,561.81,562.2434,560.86,562.17,715283.0
2025-08-05 15:15:00,562.17,562.2671,561.25,561.5648,644365.0
2025-08-05 15:20:00,561.59,561.83,560.79,560.99,443609.0
2025-08-05 15:25:00,561.0,561.28,560.771,561.11,363534.0
2025-08-05 15:30:00,561.09,561.43,560.83,560.93,439382.0
2025-08-05 15:35:00,560.92,560.92,559.91,560.26,660062.0
2025-08-05 15:40:00,560.25,560.6,559.73,560.48,695710.0
2025-08-05 15:45:00,560.48,561.05,560.27,560.28,433210.0
2025-08-05 15:50:00,560.28,560.655,559.88,560.56,573043.0
2025-08-05 15:55:00,560.54,560.96,560.36,560.76,422552.0
2025-08-05 16:00:00,560.74,561.26,560.7,561.23,577065.0
2025-08-06 09:30:00,560.62,560.68,560.55,560.62,5236.0
2025-08-06 09:35:00,560.55,560.66,560.38,560.49,5348.0
2025-08-06 09:40:00,560.37,560.58,560.32,560.51,8849.0
2025-08-06 09:45:00,560.45,560.49,560.36,560.4,8151.0
2025-08-06 09:50:00,560.5,560.55,560.44,560.53,4617.0
2025-08-06 09:55:00,560.57,560.58,560.23,560.58,7740.0
2025-08-06 10:00:00,560.4,560.53,560.0,560.0,10159.0
2025-08-06 10:05:00,560.02,560.13,559.95,560.03,7416.0
2025-08-06 10:10:00,560.32,560.76,560.32,560.74,9031.0
2025-08-06 10:15:00,560.66,560.73,560.18,560.2,8335.0
2025-08-06 10:20:00,560.28,560.45,560.0,560.29,4236.0
2025-08-06 10:25:00,560.32,560.56,560.26,560.56,3107.0
2025-08-06 10:30:00,560.59,560.59,560.39,560.55,3053.0
2025-08-06 10:35:00,560.56,560.58,560.2,560.39,9034.0
2025-08-06 10:40:00,560.36,560.41,560.07,560.11,11279.0
2025-08-06 10:45:00,560.01,560.14,559.66,559.69,9684.0
2025-08-06 10:50:00,559.64,560.25,559.64,560.1,9643.0
2025-08-06 10:55:00,560.25,560.51,560.25,560.44,5704.0
2025-08-06 11:00:00,560.51,561.1,560.34,561.07,21272.0
2025-08-06 11:05:00,561.0,561.06,560.69,561.06,12115.0
2025-08-06 11:10:00,561.08,561.22,560.74,561.0,13160.0
2025-08-06 11:15:00,560.959,561.1,560.89,561.0,4592.0
2025-08-06 11:20:00,561.0,561.25,561.0,561.21,4170.0
2025-08-06 11:25:00,561.15,561.21,561.09,561.21,2009.0
2025-08-06 11:30:00,561.35,561.63,561.35,561.38,12073.0
2025-08-06 11:35:00,561.33,561.6,561.33,561.58,14693.0
2025-08-06 11:40:00,561.51,561.58,561.35,561.52,13899.0
2025-08-06 11:45:00,561.52,561.62,561.47,561.61,3830.0
2025-08-06 11:50:00,561.5,561.5,561.34,561.35,7225.0
2025-08-06 11:55:00,561.33,561.44,561.23,561.3,10316.0
2025-08-06 12:00:00,561.09,562.28,560.03,560.9,181423.0
2025-08-06 12:05:00,560.84,560.91,559.85,560.77,21484.0
2025-08-06 12:10:00,560.75,560.78,560.48,560.55,7086.0
2025-08-06 12:15:00,560.55,561.2,560.49,561.2,27606.0
2025-08-06 12:20:00,561.23,561.5,561.23,561.28,22299.0
2025-08-06 12:25:00,561.19,561.2,560.68,560.69,23868.0
2025-08-06 12:30:00,560.65,561.19,560.6,561.13,13264.0
2025-08-06 12:35:00,561.1701,561.2595,560.96,560.97,9324.0
2025-08-06 12:40:00,561.0,561.16,560.94,561.12,15646.0
2025-08-06 12:45:00,561.06,561.34,561.041,561.3,14904.0
2025-08-06 12:50:00,561.32,561.39,561.05,561.22,21170.0
2025-08-06 12:55:00,561.29,561.44,561.26,561.281,12009.0
2025-08-06 13:00:00,561.38,561.4,561.21,561.31,28411.0
2025-08-06 13:05:00,561.27,561.43,561.2,561.28,20189.0
2025-08-06 13:10:00,561.34,561.51,561.25,561.51,26532.0
2025-08-06 13:15:00,561.53,561.67,561.5,561.53,22399.0
2025-08-06 13:20:00,561.51,561.59,561.1,561.11,32052.0
2025-08-06 13:25:00,561.08,561.3,561.02,561.09,40665.0
2025-08-06 13:30:00,561.11,562.41,560.75,562.34,1325564.0
2025-08-06 13:35:00,562.34,562.54,560.74,560.8955,1064460.0
2025-08-06 13:40:00,560.9,561.93,560.63,561.91,632692.0
2025-08-06 13:45:00,561.91,562.805,561.47,562.29,854452.0
2025-08-06 13:50:00,562.3,562.85,561.24,562.56,623878.0
2025-08-06 13:55:00,562.55,562.93,561.8,561.92,768734.0
2025-08-06 14:00:00,561.91,563.52,561.79,563.51,817296.0
2025-08-06 14:05:00,563.53,563.89,563.32,563.73,778306.0
2025-08-06 14:10:00,563.73,563.73,562.32,562.32,699601.0
2025-08-06 14:15:00,562.33,562.74,561.98,562.38,560265.0
2025-08-06 14:20:00,562.38,562.61,561.0,561.41,653006.0
2025-08-06 14:25:00,561.43,561.98,561.06,561.83,533060.0
2025-08-06 14:30:00,561.85,562.12,561.36,561.9599,521540.0
2025-08-06 14:35:00,561.94,563.06,561.79,562.96,576572.0
2025-08-06 14:40:00,562.88,563.34,562.72,563.15,496783.0
2025-08-06 14:45:00,563.16,563.4946,562.76,562.87,432466.0
2025-08-06 14:50:00,562.89,563.31,562.48,563.3,542131.0
2025-08-06 14:55:00,563.3,563.93,563.29,563.8351,711819.0
2025-08-06 15:00:00,563.84,564.08,563.43,563.52,467688.0
2025-08-06 15:05:00,563.52,564.0399,563.27,564.005,420544.0
2025-08-06 15:10:00,564.01,564.23,563.61,564.15,477984.0
2025-08-06 15:15:00,564.145,564.66,564.07,564.525,611887.0
2025-08-06 15:20:00,564.53,564.87,564.33,564.65,575396.0
2025-08-06 15:25:00,564.64,565.035,564.59,564.88,522104.0
2025-08-06 15:30:00,564.86,565.335,564.8,565.17,523928.0
2025-08-06 15:35:00,565.1706,565.38,564.57,564.72,610025.0
2025-08-06 15:40:00,564.74,565.21,564.26,565.1446,537849.0
2025-08-06 15:45:00,565.15,565.46,565.09,565.405,317238.0
2025-08-06 15:50:00,565.41,566.09,565.375,566.025,538136.0
2025-08-06 15:55:00,566.025,566.06,565.75,565.91,262725.0
2025-08-06 16:00:00,565.91,566.21,565.66,566.205,598532.0
2025-08-07 09:30:00,571.05,571.29,570.99,571.05,8154.0
2025-08-07 09:35:00,570.95,570.95,570.88,570.88,2737.0
2025-08-07 09:40:00,570.88,571.4,570.88,571.38,3620.0
2025-08-07 09:45:00,571.41,571.46,571.23,571.23,3075.0
2025-08-07 09:50:00,571.27,571.6,571.25,571.45,9480.0
2025-08-07 09:55:00,571.47,571.73,571.47,571.6,17960.0
2025-08-07 10:00:00,571.6,571.79,571.58,571.79,10992.0
2025-08-07 10:05:00,571.82,571.83,571.75,571.79,5885.0
2025-08-07 10:10:00,571.74,571.99,571.67,571.89,9788.0
2025-08-07 10:15:00,572.0,572.19,571.99,572.13,11789.0
2025-08-07 10:20:00,572.15,572.17,571.6,571.65,15121.0
2025-08-07 10:25:00,571.6,571.77,571.56,571.73,13302.0
2025-08-07 10:30:00,571.83,571.83,571.55,571.73,20193.0
2025-08-07 10:35:00,571.78,571.93,571.72,571.93,12052.0
2025-08-07 10:40:00,571.96,571.96,571.65,571.75,5596.0
2025-08-07 10:45:00,571.88,572.05,571.87,571.97,9818.0
2025-08-07 10:50:00,572.01,572.11,571.96,572.11,6284.0
2025-08-07 10:55:00,572.11,572.11,571.87,571.91,16663.0
2025-08-07 11:00:00,572.02,572.38,571.81,571.95,55359.0
2025-08-07 11:05:00,572.01,572.01,571.81,571.81,20192.0
2025-08-07 11:10:00,571.91,571.91,571.7,571.72,7404.0
2025-08-07 11:15:00,571.79,572.15,571.79,572.15,17955.0
2025-08-07 11:20:00,572.069,572.069,571.79,571.82,17095.0
2025-08-07 11:25:00,571.86,571.91,571.77,571.9,9349.0
2025-08-07 11:30:00,571.84,571.88,571.48,571.54,12302.0
2025-08-07 11:35:00,571.54,571.57,571.25,571.36,31935.0
2025-08-07 11:40:00,571.26,571.7,571.21,571.49,7479.0
2025-08-07 11:45:00,571.45,571.51,571.35,571.43,6980.0
2025-08-07 11:50:00,571.45,571.52,571.1,571.17,13119.0
2025-08-07 11:55:00,571.32,571.35,571.16,571.21,12285.0
2025-08-07 12:00:00,571.9,572.5,566.895,571.1303,114820.0
2025-08-07 12:05:00,571.11,571.48,571.06,571.43,18650.0
2025-08-07 12:10:00,571.34,571.44,571.2,571.399,28471.0
2025-08-07 12:15:00,571.37,571.63,571.37,571.53,11158.0
2025-08-07 12:20:00,571.43,571.7,571.41,571.58,28134.0
2025-08-07 12:25:00,571.6,571.6,571.41,571.6,16571.0
2025-08-07 12:30:00,571.49,571.92,571.22,571.55,55749.0
2025-08-07 12:35:00,571.53,571.79,571.48,571.63,20212.0
2025-08-07 12:40:00,571.56,571.68,571.49,571.68,18443.0
2025-08-07 12:45:00,571.6,571.81,571.6,571.71,13926.0
2025-08-07 12:50:00,571.65,571.91,571.53,571.91,43931.0
2025-08-07 12:55:00,571.9,571.9,571.479,571.52,42159.0
2025-08-07 13:00:00,571.6201,571.98,571.53,571.97,22790.0
2025-08-07 13:05:00,571.97,572.04,571.8,572.04,33074.0
2025-08-07 13:10:00,572.03,572.0301,571.7,571.7,30488.0
2025-08-07 13:15:00,571.76,572.0004,571.62,571.99,26614.0
2025-08-07 13:20:00,571.97,572.0,571.85,571.93,17963.0
2025-08-07 13:25:00,571.9,571.9,571.4,571.63,38304.0
2025-08-07 13:30:00,571.67,572.34,571.2,571.97,1604110.0
2025-08-07 13:35:00,571.96,572.3982,571.46,572.39,931683.0
2025-08-07 13:40:00,572.38,572.75,571.52,571.76,851693.0
2025-08-07 13:45:00,571.75,571.86,570.8895,571.63,975093.0
2025-08-07 13:50:00,571.65,572.39,571.64,572.05,634715.0
2025-08-07 13:55:00,572.03,573.02,571.78,572.92,905188.0
2025-08-07 14:00:00,572.92,573.32,572.3099,572.55,919925.0
2025-08-07 14:05:00,572.54,572.9499,571.72,571.76,1044917.0
2025-08-07 14:10:00,571.73,571.965,571.12,571.83,804715.0
2025-08-07 14:15:00,571.82,572.2,571.39,571.68,558247.0
2025-08-07 14:20:00,571.7,571.965,570.68,570.76,646620.0
2025-08-07 14:25:00,570.76,571.0645,570.26,571.025,722436.0
2025-08-07 14:30:00,571.03,571.085,570.21,570.8346,575056.0
2025-08-07 14:35:00,570.84,571.16,570.34,571.065,465597.0
2025-08-07 14:40:00,571.06,571.195,570.56,571.13,414536.0
2025-08-07 14:45:00,571.13,571.46,570.15,571.0901,612678.0
2025-08-07 14:50:00,571.09,571.125,570.14,570.485,428227.0
2025-08-07 14:55:00,570.48,570.48,569.67,570.15,581591.0
2025-08-07 15:00:00,570.15,570.6,569.47,569.95,623361.0
2025-08-07 15:05:00,569.89,570.22,569.71,569.97,396315.0
2025-08-07 15:10:00,569.9945,570.4093,569.51,569.8431,432873.0
2025-08-07 15:15:00,569.82,570.52,569.33,570.2,546755.0
2025-08-07 15:20:00,570.18,570.64,570.17,570.48,405806.0
2025-08-07 15:25:00,570.49,570.565,569.16,569.48,643252.0
2025-08-07 15:30:00,569.465,569.98,569.24,569.56,472812.0
2025-08-07 15:35:00,569.575,569.895,569.39,569.55,421719.0
2025-08-07 15:40:00,569.54,569.67,569.2,569.44,260617.0
2025-08-07 15:45:00,569.42,569.6399,568.69,568.71,564657.0
2025-08-07 15:50:00,568.71,569.66,568.71,569.58,365850.0
2025-08-07 15:55:00,569.58,569.78,569.19,569.19,267393.0
2025-08-07 16:00:00,569.17,569.41,568.32,569.03,502812.0
2025-08-08 09:30:00,571.06,571.06,571.06,571.06,227.0
2025-08-08 09:35:00,571.1,571.1,571.02,571.02,2074.0
2025-08-08 09:40:00,570.99,571.05,570.93,570.98,3745.0
2025-08-08 09:45:00,571.0,571.08,570.98,571.07,2099.0
2025-08-08 09:50:00,570.99,571.13,570.94,570.94,4390.0
2025-08-08 09:55:00,570.94,571.02,570.94,570.94,1369.0
2025-08-08 10:00:00,571.01,571.23,571.01,571.23,5740.0
2025-08-08 10:05:00,571.25,571.25,571.15,571.2,1384.0
2025-08-08 10:10:00,571.05,571.09,571.05,571.09,2924.0
2025-08-08 10:15:00,571.09,571.09,571.04,571.04,3071.0
2025-08-08 10:20:00,571.04,571.05,570.98,571.01,1990.0
2025-08-08 10:25:00,570.97,571.02,570.96,571.02,4663.0
2025-08-08 10:30:00,571.0,571.06,571.0,571.02,1327.0
2025-08-08 10:35:00,571.02,571.17,571.02,571.17,2237.0
2025-08-08 10:40:00,571.18,571.22,571.17,571.22,1345.0
2025-08-08 10:45:00,571.22,571.25,571.16,571.16,2036.0
2025-08-08 10:50:00,571.15,571.17,571.07,571.1,5593.0
2025-08-08 10:55:00,571.14,571.14,571.04,571.04,1706.0
2025-08-08 11:00:00,571.09,571.24,570.95,570.99,8435.0
2025-08-08 11:05:00,571.0,571.06,571.0,571.05,12220.0
2025-08-08 11:10:00,571.06,571.28,571.06,571.28,3588.0
2025-08-08 11:15:00,571.26,571.39,571.23,571.32,9624.0
2025-08-08 11:20:00,571.3,571.36,571.25,571.25,3550.0
2025-08-08 11:25:00,571.2,571.22,571.18,571.2,2498.0
2025-08-08 11:30:00,571.21,571.3,571.21,571.24,2429.0
2025-08-08 11:35:00,571.37,571.4,571.37,571.4,2174.0
2025-08-08 11:40:00,571.4,571.42,571.32,571.37,7173.0
2025-08-08 11:45:00,571.35,571.37,571.33,571.37,4843.0
2025-08-08 11:50:00,571.35,571.35,571.26,571.34,11039.0
2025-08-08 11:55:00,571.33,571.33,571.25,571.27,16776.0
2025-08-08 12:00:00,571.0,571.41,569.6,571.09,71352.0
2025-08-08 12:05:00,571.0396,571.0396,570.77,570.8,22355.0
2025-08-08 12:10:00,570.78,570.84,568.814,570.5216,22427.0
2025-08-08 12:15:00,570.51,570.62,570.2102,570.23,35345.0
2025-08-08 12:20:00,570.2,570.27,569.91,570.22,45571.0
2025-08-08 12:25:00,570.21,570.42,570.05,570.14,31585.0
2025-08-08 12:30:00,570.1799,570.25,570.1,570.2,24743.0
2025-08-08 12:35:00,570.15,570.17,570.05,570.1,8693.0
2025-08-08 12:40:00,570.12,570.4,569.91,570.32,42526.0
2025-08-08 12:45:00,570.3,570.54,570.27,570.52,11768.0
2025-08-08 12:50:00,570.5,570.57,570.25,570.28,11554.0
2025-08-08 12:55:00,570.21,570.3,570.17,570.22,19164.0
2025-08-08 13:00:00,570.29,570.54,570.29,570.37,9464.0
2025-08-08 13:05:00,570.2908,570.3,570.08,570.27,11718.0
2025-08-08 13:10:00,570.26,570.31,569.98,570.14,22494.0
2025-08-08 13:15:00,570.16,570.25,570.1,570.2,11954.0
2025-08-08 13:20:00,570.23,570.37,570.19,570.2001,12724.0
2025-08-08 13:25:00,570.19,570.5,570.19,570.43,10547.0
2025-08-08 13:30:00,570.45,571.23,570.15,570.56,1044356.0
2025-08-08 13:35:00,570.55,571.32,570.47,571.31,667941.0
2025-08-08 13:40:00,571.29,572.14,571.075,571.88,764946.0
2025-08-08 13:45:00,571.9,572.86,571.9,572.48,863369.0
2025-08-08 13:50:00,572.47,572.67,572.14,572.352,587093.0
2025-08-08 13:55:00,572.36,572.98,572.35,572.835,480874.0
2025-08-08 14:00:00,572.85,573.05,572.575,572.99,709495.0
2025-08-08 14:05:00,572.98,573.42,572.77,573.41,923532.0
2025-08-08 14:10:00,573.4,573.67,572.64,572.76,798934.0
2025-08-08 14:15:00,572.76,573.27,572.43,573.17,493046.0
2025-08-08 14:20:00,573.18,573.4592,572.94,573.34,296694.0
2025-08-08 14:25:00,573.34,573.8,573.1,573.62,422534.0
2025-08-08 14:30:00,573.61,574.26,573.5651,574.055,712079.0
2025-08-08 14:35:00,574.055,574.18,573.9,573.99,408274.0
2025-08-08 14:40:00,574.0,574.18,573.5,573.875,727990.0
2025-08-08 14:45:00,573.88,573.94,573.6,573.84,429706.0
2025-08-08 14:50:00,573.82,573.86,573.27,573.3599,384849.0
2025-08-08 14:55:00,573.36,573.38,572.88,573.0593,487447.0
2025-08-08 15:00:00,573.07,573.295,572.86,573.285,1239133.0
2025-08-08 15:05:00,573.28,573.745,573.17,573.57,513727.0
2025-08-08 15:10:00,573.57,573.7,573.16,573.6955,269921.0
2025-08-08 15:15:00,573.71,573.77,573.47,573.52,293989.0
2025-08-08 15:20:00,573.53,573.65,573.28,573.5099,207047.0
2025-08-08 15:25:00,573.51,573.6,573.27,573.39,219610.0
2025-08-08 15:30:00,573.37,573.43,572.88,573.045,293978.0
2025-08-08 15:35:00,573.04,573.07,572.26,572.4901,898969.0
2025-08-08 15:40:00,572.49,572.57,572.11,572.3,299332.0
2025-08-08 15:45:00,572.3,573.04,572.14,572.93,403650.0
2025-08-08 15:50:00,572.95,573.47,572.94,573.41,366783.0
2025-08-08 15:55:00,573.41,573.75,573.38,573.74,411261.0
2025-08-08 16:00:00,573.74,574.13,573.66,573.94,370014.0
2025-08-11 09:30:00,574.9,575.02,574.9,574.97,4971.0
2025-08-11 09:35:00,574.83,574.94,574.83,574.94,2517.0
2025-08-11 09:40:00,574.95,574.95,574.9,574.9,742.0
2025-08-11 09:45:00,575.03,575.07,575.03,575.05,3075.0
2025-08-11 09:50:00,574.95,574.96,574.84,574.92,4396.0
2025-08-11 09:55:00,574.89,574.89,574.86,574.86,3140.0
2025-08-11 10:00:00,574.9,574.97,574.78,574.91,5297.0
2025-08-11 10:05:00,574.97,574.97,574.85,574.85,1955.0
2025-08-11 10:10:00,574.87,574.88,574.82,574.88,4168.0
2025-08-11 10:15:00,575.04,575.06,575.0,575.04,4487.0
2025-08-11 10:20:00,575.11,575.34,575.11,575.34,10186.0
2025-08-11 10:25:00,575.35,575.35,575.19,575.25,3047.0
2025-08-11 10:30:00,575.29,575.3,575.14,575.14,7585.0
2025-08-11 10:35:00,575.06,575.09,575.04,575.08,7955.0
2025-08-11 10:40:00,575.01,575.01,574.89,574.95,5551.0
2025-08-11 10:45:00,574.94,574.94,574.64,574.64,10154.0
2025-08-11 10:50:00,574.58,574.72,574.58,574.72,9960.0
2025-08-11 10:55:00,574.78,575.01,574.78,575.0,7073.0
2025-08-11 11:00:00,574.94,575.16,574.89,575.16,14281.0
2025-08-11 11:05:00,575.2,575.2,575.04,575.19,10440.0
2025-08-11 11:10:00,575.08,575.2,575.0,575.07,9644.0
2025-08-11 11:15:00,575.04,575.18,575.04,575.04,7526.0
2025-08-11 11:20:00,575.04,575.05,574.9,575.02,11925.0
2025-08-11 11:25:00,574.94,574.98,574.88,574.93,16559.0
2025-08-11 11:30:00,574.82,574.94,574.82,574.88,7422.0
2025-08-11 11:35:00,574.9,575.05,574.86,574.9,12727.0
2025-08-11 11:40:00,574.92,575.0,574.92,574.93,4057.0
2025-08-11 11:45:00,575.051,575.18,575.051,575.14,4713.0
2025-08-11 11:50:00,575.16,575.22,575.15,575.22,2898.0
2025-08-11 11:55:00,575.18,575.27,575.18,575.19,3950.0
2025-08-11 12:00:00,575.18,575.76,573.66,575.6,110912.0
2025-08-11 12:05:00,575.62,575.6599,575.46,575.5,10653.0
2025-08-11 12:10:00,575.48,575.56,575.27,575.3201,8307.0
2025-08-11 12:15:00,575.321,575.61,575.32,575.61,21648.0
2025-08-11 12:20:00,575.5801,575.65,575.17,575.22,18948.0
2025-08-11 12:25:00,575.3,575.33,575.01,575.15,23448.0
2025-08-11 12:30:00,575.16,575.16,574.74,575.0,23939.0
2025-08-11 12:35:00,575.02,575.02,574.63,574.8,22131.0
2025-08-11 12:40:00,574.8701,574.96,574.86,574.87,11422.0
2025-08-11 12:45:00,574.9,574.92,574.81,574.82,15988.0
2025-08-11 12:50:00,574.85,574.95,574.54,574.77,29628.0
2025-08-11 12:55:00,574.82,574.86,574.67,574.86,19070.0
2025-08-11 13:00:00,574.89,574.89,574.68,574.75,20414.0
2025-08-11 13:05:00,574.68,574.76,574.59,574.68,22424.0
2025-08-11 13:10:00,574.66,574.9,574.5,574.9,19300.0
2025-08-11 13:15:00,574.88,574.95,574.87,574.9199,22441.0
2025-08-11 13:20:00,574.55,574.87,574.55,574.7995,14963.0
2025-08-11 13:25:00,574.79,574.87,574.36,574.7,71534.0
2025-08-11 13:30:00,574.69,575.04,573.83,573.94,1342746.0
2025-08-11 13:35:00,573.97,574.76,573.93,574.62,698497.0
2025-08-11 13:40:00,574.62,575.25,574.45,575.02,628202.0
2025-08-11 13:45:00,575.02,575.19,574.72,575.14,592722.0
2025-08-11 13:50:00,575.16,575.181,574.505,574.79,429225.0
2025-08-11 13:55:00,574.78,575.38,574.7,575.36,411267.0
2025-08-11 14:00:00,575.38,575.45,574.8693,574.945,648053.0
2025-08-11 14:05:00,574.93,575.32,574.84,575.19,338428.0
2025-08-11 14:10:00,575.17,575.72,575.16,575.41,601130.0
2025-08-11 14:15:00,575.41,575.92,575.28,575.92,557151.0
2025-08-11 14:20:00,575.91,575.925,575.575,575.58,347235.0
2025-08-11 14:25:00,575.59,575.85,575.48,575.55,279302.0
2025-08-11 14:30:00,575.56,575.765,575.42,575.44,250329.0
2025-08-11 14:35:00,575.45,575.74,575.3413,575.45,256589.0
2025-08-11 14:40:00,575.42,575.69,575.3,575.605,183665.0
2025-08-11 14:45:00,575.62,575.69,574.765,575.0,393121.0
2025-08-11 14:50:00,575.0,575.46,574.92,575.2599,322441.0
2025-08-11 14:55:00,575.26,575.26,574.91,574.95,216397.0
2025-08-11 15:00:00,574.94,575.185,574.86,574.9,286821.0
2025-08-11 15:05:00,574.87,575.0,574.65,574.84,225875.0
2025-08-11 15:10:00,574.85,575.42,574.74,575.42,269025.0
2025-08-11 15:15:00,575.42,575.52,575.26,575.43,267390.0
2025-08-11 15:20:00,575.4325,575.44,575.04,575.19,256040.0
2025-08-11 15:25:00,575.185,575.28,575.04,575.12,193253.0
2025-08-11 15:30:00,575.08,575.34,574.93,575.3109,213115.0
2025-08-11 15:35:00,575.33,575.33,574.82,574.8493,261933.0
2025-08-11 15:40:00,574.83,575.14,574.685,575.0,265672.0
2025-08-11 15:45:00,575.0,575.28,574.87,575.25,332338.0
2025-08-11 15:50:00,575.26,575.68,575.24,575.655,332182.0
2025-08-11 15:55:00,575.65,575.83,575.6,575.825,288962.0
2025-08-11 16:00:00,575.825,575.94,575.67,575.86,365756.0
2025-08-12 09:30:00,573.0,573.04,572.96,572.98,2929.0
2025-08-12 09:35:00,573.03,573.04,573.03,573.04,998.0
2025-08-12 09:40:00,573.01,573.01,572.96,572.96,2899.0
2025-08-12 09:45:00,573.07,573.16,573.05,573.05,1596.0
2025-08-12 09:50:00,573.16,573.22,573.09,573.09,1381.0
2025-08-12 09:55:00,573.0,573.0,572.86,572.86,4057.0
2025-08-12 10:00:00,572.73,572.83,572.71,572.74,2391.0
2025-08-12 10:05:00,572.71,572.77,572.71,572.77,1885.0
2025-08-12 10:10:00,572.74,573.0,572.71,573.0,5676.0
2025-08-12 10:15:00,572.95,572.97,572.9,572.9,1845.0
2025-08-12 10:20:00,572.95,573.02,572.95,573.02,1333.0
2025-08-12 10:25:00,573.03,573.03,572.76,572.76,2914.0
2025-08-12 10:30:00,572.89,572.98,572.89,572.92,1432.0
2025-08-12 10:35:00,572.78,572.78,572.78,572.78,941.0
2025-08-12 10:40:00,572.75,572.89,572.75,572.85,1346.0
2025-08-12 10:45:00,572.79,572.79,572.76,572.77,2113.0
2025-08-12 10:50:00,572.78,572.88,572.78,572.88,3089.0
2025-08-12 10:55:00,572.76,572.83,572.74,572.77,2876.0
2025-08-12 11:00:00,572.78,572.83,572.67,572.7,7465.0
2025-08-12 11:05:00,572.68,572.68,572.49,572.5,5389.0
2025-08-12 11:10:00,572.38,572.38,572.18,572.2,7492.0
2025-08-12 11:15:00,572.31,572.62,572.31,572.62,4892.0
2025-08-12 11:20:00,572.69,572.69,572.57,572.63,3215.0
2025-08-12 11:25:00,572.48,572.51,572.48,572.49,3661.0
2025-08-12 11:30:00,572.47,572.77,572.47,572.63,13318.0
2025-08-12 11:35:00,572.75,572.84,572.72,572.72,6437.0
2025-08-12 11:40:00,572.64,572.7,572.55,572.55,7345.0
2025-08-12 11:45:00,572.47,572.59,572.38,572.38,13129.0
2025-08-12 11:50:00,572.37,572.74,572.27,572.73,6179.0
2025-08-12 11:55:00,572.73,572.96,572.71,572.95,21332.0
2025-08-12 12:00:00,572.42,573.73,572.0,573.0704,67375.0
2025-08-12 12:05:00,573.1,573.1,572.86,573.0,28779.0
2025-08-12 12:10:00,572.99,573.3,572.95,573.3,24805.0
2025-08-12 12:15:00,573.19,573.21,573.13,573.14,7994.0
2025-08-12 12:20:00,573.16,573.39,572.85,573.39,64128.0
2025-08-12 12:25:00,573.35,573.82,573.3,573.56,196698.0
2025-08-12 12:30:00,573.87,575.83,573.6,575.75,298164.0
2025-08-12 12:35:00,575.73,576.88,575.71,576.61,221492.0
2025-08-12 12:40:00,576.7,577.24,576.28,576.42,182766.0
2025-08-12 12:45:00,576.43,576.82,576.24,576.7,100440.0
2025-08-12 12:50:00,576.719,576.74,576.42,576.64,70060.0
2025-08-12 12:55:00,576.7,576.75,575.98,576.12,115554.0
2025-08-12 13:00:00,576.16,576.33,575.37,575.43,124575.0
2025-08-12 13:05:00,575.41,575.53,575.0,575.14,131558.0
2025-08-12 13:10:00,575.18,575.4601,575.15,575.32,53577.0
2025-08-12 13:15:00,575.31,575.37,575.09,575.29,56963.0
2025-08-12 13:20:00,575.2501,575.35,574.91,574.98,60738.0
2025-08-12 13:25:00,575.0,575.31,575.0,575.19,45873.0
2025-08-12 13:30:00,575.16,576.33,574.61,576.3,1638668.0
2025-08-12 13:35:00,576.29,576.69,575.69,576.61,1197846.0
2025-08-12 13:40:00,576.63,576.94,574.95,575.27,1263807.0
2025-08-12 13:45:00,575.27,575.87,573.955,574.35,1341651.0
2025-08-12 13:50:00,574.33,574.7,573.57,574.67,1183766.0
2025-08-12 13:55:00,574.66,574.955,573.14,573.26,830113.0
2025-08-12 14:00:00,573.28,573.55,572.485,573.49,1190158.0
2025-08-12 14:05:00,573.49,574.7798,573.36,574.18,727229.0
2025-08-12 14:10:00,574.19,574.92,573.66,574.85,702880.0
2025-08-12 14:15:00,574.87,575.458,574.72,575.19,665657.0
2025-08-12 14:20:00,575.18,575.84,575.02,575.4,450661.0
2025-08-12 14:25:00,575.42,575.85,575.3,575.65,496386.0
2025-08-12 14:30:00,575.65,575.91,575.4,575.49,378791.0
2025-08-12 14:35:00,575.49,575.97,575.45,575.875,326341.0
2025-08-12 14:40:00,575.88,575.93,575.43,575.7,356215.0
2025-08-12 14:45:00,575.69,575.83,575.15,575.7835,324020.0
2025-08-12 14:50:00,575.79,576.32,575.66,575.91,392877.0
2025-08-12 14:55:00,575.92,576.23,575.4401,576.21,408852.0
2025-08-12 15:00:00,576.21,576.64,576.135,576.56,502300.0
2025-08-12 15:05:00,576.55,577.09,576.55,577.0,585897.0
2025-08-12 15:10:00,577.01,577.5913,577.01,577.3599,805732.0
2025-08-12 15:15:00,577.38,578.22,577.38,577.915,665523.0
2025-08-12 15:20:00,577.92,578.155,577.8,577.98,506996.0
2025-08-12 15:25:00,577.99,578.12,577.3835,577.56,722868.0
2025-08-12 15:30:00,577.56,577.9599,577.27,577.89,587032.0
2025-08-12 15:35:00,577.89,578.1,577.72,578.095,372132.0
2025-08-12 15:40:00,578.1,578.1999,577.94,578.06,539927.0
2025-08-12 15:45:00,578.07,578.2,577.84,577.87,233782.0
2025-08-12 15:50:00,577.88,578.09,577.79,578.08,306982.0
2025-08-12 15:55:00,578.07,578.47,578.06,578.4,368482.0
2025-08-12 16:00:00,578.398,578.4,577.89,578.05,324243.0
2025-08-13 09:30:00,581.42,581.55,581.38,581.53,1495.0
2025-08-13 09:35:00,581.56,581.56,581.51,581.54,2917.0
2025-08-13 09:40:00,581.55,581.63,581.45,581.47,3268.0
2025-08-13 09:45:00,581.5,581.58,581.5,581.54,4419.0
2025-08-13 09:50:00,581.52,581.57,581.52,581.57,1053.0
2025-08-13 09:55:00,581.66,581.92,581.66,581.89,4924.0
2025-08-13 10:00:00,581.9,581.9,581.78,581.88,2991.0
2025-08-13 10:05:00,581.82,581.9,581.8,581.9,1626.0
2025-08-13 10:10:00,581.87,581.87,581.79,581.85,4092.0
2025-08-13 10:15:00,581.91,581.99,581.91,581.99,5957.0
2025-08-13 10:20:00,581.9,581.9,581.9,581.9,657.0
2025-08-13 10:25:00,581.85,581.85,581.74,581.74,4696.0
2025-08-13 10:30:00,581.76,581.78,581.72,581.78,2535.0
2025-08-13 10:35:00,581.77,581.81,581.68,581.68,1656.0
2025-08-13 10:40:00,581.66,581.66,581.52,581.55,5175.0
2025-08-13 10:45:00,581.5,581.52,581.46,581.52,3603.0
2025-08-13 10:50:00,581.52,581.6,581.46,581.6,4693.0
2025-08-13 10:55:00,581.53,581.57,581.52,581.55,3556.0
2025-08-13 11:00:00,581.53,581.63,581.5,581.56,8513.0
2025-08-13 11:05:00,581.579,581.64,581.54,581.64,4237.0
2025-08-13 11:10:00,581.63,581.67,581.62,581.66,3184.0
2025-08-13 11:15:00,581.54,581.55,581.51,581.51,2720.0
2025-08-13 11:20:00,581.44,581.5,581.44,581.49,2060.0
2025-08-13 11:25:00,581.51,581.72,581.51,581.54,3277.0
2025-08-13 11:30:00,581.49,581.6,581.36,581.6,4721.0
2025-08-13 11:35:00,581.54,581.6,581.53,581.53,1883.0
2025-08-13 11:40:00,581.6,581.62,581.5,581.53,7381.0
2025-08-13 11:45:00,581.51,581.78,581.42,581.78,10419.0
2025-08-13 11:50:00,581.6,581.64,581.44,581.51,5698.0
2025-08-13 11:55:00,581.51,581.6,581.51,581.55,5432.0
2025-08-13 12:00:00,581.59,582.0,579.615,581.7396,71859.0
2025-08-13 12:05:00,581.77,581.78,581.69,581.69,3790.0
2025-08-13 12:10:00,581.67,581.67,581.5,581.54,12562.0
2025-08-13 12:15:00,581.591,581.75,581.58,581.68,20059.0
2025-08-13 12:20:00,581.67,581.74,581.64,581.6601,4454.0
2025-08-13 12:25:00,581.68,581.89,581.66,581.89,13979.0
2025-08-13 12:30:00,581.82,582.08,581.8,582.08,41641.0
2025-08-13 12:35:00,582.02,582.21,582.0,582.1,39776.0
2025-08-13 12:40:00,582.05,582.3,582.05,582.26,15592.0
2025-08-13 12:45:00,582.25,582.36,582.19,582.35,52203.0
2025-08-13 12:50:00,582.34,582.49,582.3,582.45,42902.0
2025-08-13 12:55:00,582.43,582.45,582.1302,582.15,25119.0
2025-08-13 13:00:00,582.1209,582.35,582.1209,582.34,19342.0
2025-08-13 13:05:00,582.35,582.38,582.21,582.37,12214.0
2025-08-13 13:10:00,582.39,582.51,582.35,582.5,25464.0
2025-08-13 13:15:00,582.5,582.52,582.33,582.52,22548.0
2025-08-13 13:20:00,582.43,582.56,582.43,582.5399,17467.0
2025-08-13 13:25:00,582.57,582.79,582.5301,582.77,42077.0
2025-08-13 13:30:00,582.76,583.2956,582.38,583.09,1280542.0
2025-08-13 13:35:00,583.1,583.3199,582.73,582.9,740378.0
2025-08-13 13:40:00,582.9,583.06,582.4804,582.78,698309.0
2025-08-13 13:45:00,582.78,582.81,582.35,582.67,674815.0
2025-08-13 13:50:00,582.65,583.1423,582.64,582.95,580310.0
2025-08-13 13:55:00,582.95,582.96,581.815,582.0895,881397.0
2025-08-13 14:00:00,582.1,582.11,581.45,581.495,891624.0
2025-08-13 14:05:00,581.51,582.03,581.38,581.83,683121.0
2025-08-13 14:10:00,581.82,581.85,581.14,581.57,587321.0
2025-08-13 14:15:00,581.59,581.7799,581.33,581.55,543326.0
2025-08-13 14:20:00,581.55,581.819,580.97,581.0,551995.0
2025-08-13 14:25:00,581.04,581.14,580.41,580.64,843189.0
2025-08-13 14:30:00,580.63,580.9,580.36,580.57,673144.0
2025-08-13 14:35:00,580.57,580.93,580.3,580.71,560365.0
2025-08-13 14:40:00,580.71,581.03,580.39,580.9,540519.0
2025-08-13 14:45:00,580.88,580.93,580.06,580.69,689681.0
2025-08-13 14:50:00,580.68,580.73,580.36,580.64,431005.0
2025-08-13 14:55:00,580.63,580.95,580.62,580.6988,379599.0
2025-08-13 15:00:00,580.69,580.73,580.0,580.12,707215.0
2025-08-13 15:05:00,580.12,580.335,579.67,579.69,601678.0
2025-08-13 15:10:00,579.66,579.9688,579.4,579.52,1098429.0
2025-08-13 15:15:00,579.52,579.89,579.065,579.85,938363.0
2025-08-13 15:20:00,579.84,580.48,579.75,580.2701,664201.0
2025-08-13 15:25:00,580.29,580.45,579.73,579.87,510229.0
2025-08-13 15:30:00,579.9,580.38,579.7,580.18,363345.0
2025-08-13 15:35:00,580.18,580.27,579.8,580.02,362961.0
2025-08-13 15:40:00,580.03,580.67,579.99,580.58,316077.0
2025-08-13 15:45:00,580.5899,580.6,580.26,580.48,307283.0
2025-08-13 15:50:00,580.47,580.5,579.715,579.8893,294581.0
2025-08-13 15:55:00,579.89,580.0751,579.735,579.87,228964.0
2025-08-13 16:00:00,579.9,580.2299,579.72,580.16,307626.0
2025-08-14 09:30:00,580.22,580.26,580.22,580.25,7209.0
2025-08-14 09:35:00,580.27,580.27,580.18,580.22,858.0
2025-08-14 09:40:00,580.22,580.22,580.11,580.11,426.0
2025-08-14 09:45:00,580.19,580.19,580.19,580.19,2083.0
2025-08-14 09:50:00,580.11,580.11,580.04,580.06,2282.0
2025-08-14 09:55:00,579.96,579.96,579.96,579.96,305.0
2025-08-14 10:00:00,580.0,580.08,580.0,580.08,607.0
2025-08-14 10:05:00,580.05,580.05,580.0,580.0,564.0
2025-08-14 10:10:00,579.86,579.99,579.86,579.99,3007.0
2025-08-14 10:15:00,579.98,580.04,579.98,580.04,514.0
2025-08-14 10:20:00,579.93,580.11,579.93,580.07,1904.0
2025-08-14 10:25:00,580.1,580.1,580.04,580.04,1336.0
2025-08-14 10:30:00,580.07,580.15,580.07,580.13,1548.0
2025-08-14 10:35:00,580.2,580.26,580.2,580.21,2556.0
2025-08-14 10:40:00,580.15,580.15,580.07,580.07,627.0
2025-08-14 10:45:00,580.05,580.07,580.04,580.04,1245.0
2025-08-14 10:50:00,580.04,580.16,580.01,580.16,851.0
2025-08-14 10:55:00,580.21,580.22,580.16,580.16,1576.0
2025-08-14 11:00:00,580.2,580.2,580.05,580.08,4784.0
2025-08-14 11:05:00,580.2,580.2,580.19,580.19,1319.0
2025-08-14 11:10:00,580.17,580.17,580.14,580.17,1828.0
2025-08-14 11:15:00,580.21,580.29,580.2,580.23,1403.0
2025-08-14 11:20:00,580.29,580.52,580.29,580.52,10474.0
2025-08-14 11:25:00,580.44,580.58,580.39,580.53,12554.0
2025-08-14 11:30:00,580.55,580.58,580.55,580.58,3168.0
2025-08-14 11:35:00,580.56,580.579,580.401,580.401,16126.0
2025-08-14 11:40:00,580.44,580.49,580.38,580.43,6217.0
2025-08-14 11:45:00,580.41,580.47,580.37,580.47,10231.0
2025-08-14 11:50:00,580.49,580.67,580.49,580.56,21055.0
2025-08-14 11:55:00,580.65,580.75,580.65,580.68,44508.0
2025-08-14 12:00:00,580.14,580.8679,579.35,580.72,92115.0
2025-08-14 12:05:00,580.57,580.57,580.47,580.54,3124.0
2025-08-14 12:10:00,580.5,580.8,580.5,580.75,15100.0
2025-08-14 12:15:00,580.799,580.88,580.75,580.83,12054.0
2025-08-14 12:20:00,580.84,580.84,580.65,580.67,16330.0
2025-08-14 12:25:00,580.66,580.84,580.45,580.61,21584.0
2025-08-14 12:30:00,580.7,580.9,577.17,577.39,654312.0
2025-08-14 12:35:00,577.4,577.55,576.74,577.38,449659.0
2025-08-14 12:40:00,577.49,578.1,577.45,578.04,202962.0
2025-08-14 12:45:00,578.0,578.25,577.66,577.8906,57336.0
2025-08-14 12:50:00,577.97,578.58,577.76,577.76,108368.0
2025-08-14 12:55:00,577.7408,577.98,577.59,577.98,91414.0
2025-08-14 13:00:00,577.95,577.95,577.4,577.48,98086.0
2025-08-14 13:05:00,577.44,577.79,577.3,577.7,61278.0
2025-08-14 13:10:00,577.77,578.09,577.55,578.03,139281.0
2025-08-14 13:15:00,578.02,578.06,577.5799,577.5799,69114.0
2025-08-14 13:20:00,577.58,577.69,577.47,577.52,80267.0
2025-08-14 13:25:00,577.53,578.36,577.53,578.3,80085.0
2025-08-14 13:30:00,578.28,579.41,577.91,579.4,1699876.0
2025-08-14 13:35:00,579.39,579.81,579.24,579.69,1115422.0
2025-08-14 13:40:00,579.69,579.91,579.24,579.9,1164677.0
2025-08-14 13:45:00,579.89,580.24,579.54,580.11,943736.0
2025-08-14 13:50:00,580.1,580.8,579.79,579.8299,1111784.0
2025-08-14 13:55:00,579.82,580.29,579.3,580.19,875335.0
2025-08-14 14:00:00,580.2,580.33,579.86,579.89,575605.0
2025-08-14 14:05:00,579.88,580.24,579.54,579.8,565899.0
2025-08-14 14:10:00,579.75,580.09,579.45,579.59,588731.0
2025-08-14 14:15:00,579.6,580.62,579.57,580.46,623114.0
2025-08-14 14:20:00,580.46,580.65,580.0501,580.27,548044.0
2025-08-14 14:25:00,580.27,580.6899,579.99,580.58,446707.0
2025-08-14 14:30:00,580.57,581.25,580.57,581.0898,584333.0
2025-08-14 14:35:00,581.08,581.36,580.83,581.35,435086.0
2025-08-14 14:40:00,581.35,581.49,581.11,581.33,443699.0
2025-08-14 14:45:00,581.32,581.88,581.21,581.73,597593.0
2025-08-14 14:50:00,581.72,581.74,581.12,581.135,416536.0
2025-08-14 14:55:00,581.15,581.26,580.33,580.6822,558136.0
2025-08-14 15:00:00,580.68,580.79,580.45,580.5,417917.0
2025-08-14 15:05:00,580.5,580.679,580.2906,580.37,392857.0
2025-08-14 15:10:00,580.39,580.44,580.0099,580.22,444622.0
2025-08-14 15:15:00,580.2,580.5699,580.125,580.15,334643.0
2025-08-14 15:20:00,580.15,580.17,579.595,579.6,497645.0
2025-08-14 15:25:00,579.5944,579.5944,578.45,579.04,903017.0
2025-08-14 15:30:00,579.04,579.455,578.82,578.98,559816.0
2025-08-14 15:35:00,578.98,579.18,578.77,578.86,309308.0
2025-08-14 15:40:00,578.84,579.1099,578.66,579.02,411671.0
2025-08-14 15:45:00,579.02,579.96,578.88,579.8744,580730.0
2025-08-14 15:50:00,579.89,580.14,579.77,579.93,598391.0
2025-08-14 15:55:00,579.92,580.34,579.75,580.1,481007.0
2025-08-14 16:00:00,580.09,580.15,579.5699,579.62,420351.0
2025-08-15 09:30:00,579.36,579.36,579.16,579.16,1601.0
2025-08-15 09:35:00,579.18,579.23,579.15,579.22,6140.0
2025-08-15 09:40:00,579.2,579.27,579.2,579.27,629.0
2025-08-15 09:45:00,579.4,579.4,579.31,579.38,4114.0
2025-08-15 09:50:00,579.41,579.41,579.37,579.37,4144.0
2025-08-15 09:55:00,579.17,579.17,579.17,579.17,482.0
2025-08-15 10:00:00,579.05,579.08,579.0,579.04,8399.0
2025-08-15 10:05:00,578.96,579.07,578.91,579.05,1890.0
2025-08-15 10:15:00,579.25,579.25,579.25,579.25,227.0
2025-08-15 10:20:00,579.3,579.39,579.3,579.35,1111.0
2025-08-15 10:30:00,579.45,579.79,579.45,579.79,5590.0
2025-08-15 10:35:00,579.63,579.63,579.61,579.63,1710.0
2025-08-15 10:40:00,579.62,579.8,579.62,579.8,2134.0
2025-08-15 10:45:00,579.65,579.73,579.65,579.73,694.0
2025-08-15 10:50:00,579.7,579.7,579.7,579.7,227.0
2025-08-15 10:55:00,579.73,580.01,579.73,579.87,8986.0
2025-08-15 11:00:00,579.78,579.99,579.72,579.92,15202.0
2025-08-15 11:05:00,579.95,579.95,579.85,579.87,4971.0
2025-08-15 11:10:00,579.9,579.97,579.85,579.92,5099.0
2025-08-15 11:15:00,579.89,579.98,579.85,579.93,6162.0
2025-08-15 11:20:00,579.95,580.06,579.92,580.06,6050.0
2025-08-15 11:25:00,580.08,580.18,580.06,580.09,9951.0
2025-08-15 11:30:00,579.96,580.09,579.94,580.04,7731.0
2025-08-15 11:35:00,580.03,580.1,580.03,580.1,5696.0
2025-08-15 11:40:00,580.08,580.15,580.08,580.15,3322.0
2025-08-15 11:45:00,580.1,580.16,580.02,580.15,10501.0
2025-08-15 11:50:00,580.15,580.22,580.15,580.15,3859.0
2025-08-15 11:55:00,580.16,580.16,580.01,580.07,3744.0
2025-08-15 12:00:00,579.78,581.02,579.02,579.82,57643.0
2025-08-15 12:05:00,579.8,579.92,579.781,579.9,11853.0
2025-08-15 12:10:00,579.99,579.99,579.75,579.75,3265.0
2025-08-15 12:15:00,579.74,579.85,579.73,579.77,6736.0
2025-08-15 12:20:00,579.78,579.82,579.3,579.44,34873.0
2025-08-15 12:25:00,579.5,579.63,579.31,579.53,33125.0
2025-08-15 12:30:00,579.51,579.91,579.3,579.75,19571.0
2025-08-15 12:35:00,579.76,579.9,579.48,579.61,15677.0
2025-08-15 12:40:00,579.54,579.82,579.47,579.58,17667.0
2025-08-15 12:45:00,579.75,579.85,579.71,579.75,7841.0
2025-08-15 12:50:00,579.7384,579.83,579.63,579.72,19600.0
2025-08-15 12:55:00,579.76,579.84,579.6561,579.72,8414.0
2025-08-15 13:00:00,579.6,579.72,579.48,579.67,18864.0
2025-08-15 13:05:00,579.7,579.81,579.49,579.53,18623.0
2025-08-15 13:10:00,579.54,579.54,579.41,579.5,10437.0
2025-08-15 13:15:00,579.52,579.75,579.48,579.7488,18060.0
2025-08-15 13:20:00,579.77,579.91,579.64,579.72,29550.0
2025-08-15 13:25:00,579.73,580.2,579.32,579.87,270100.0
2025-08-15 13:30:00,579.8,579.84,578.38,578.54,1100039.0
2025-08-15 13:35:00,578.55,579.25,578.41,578.4799,748981.0
2025-08-15 13:40:00,578.43,578.71,578.0,578.43,753269.0
2025-08-15 13:45:00,578.43,578.455,576.61,576.7599,1276559.0
2025-08-15 13:50:00,576.75,577.29,576.44,576.8,1033516.0
2025-08-15 13:55:00,576.81,577.49,576.78,577.29,775954.0
2025-08-15 14:00:00,577.2,578.57,576.4,578.45,1014642.0
2025-08-15 14:05:00,578.44,578.76,578.13,578.72,727109.0
2025-08-15 14:10:00,578.73,578.955,578.34,578.88,561538.0
2025-08-15 14:15:00,578.89,579.09,578.53,578.7,893309.0
2025-08-15 14:20:00,578.72,578.8601,578.29,578.47,505819.0
2025-08-15 14:25:00,578.48,578.99,578.09,578.49,507592.0
2025-08-15 14:30:00,578.49,578.64,578.0,578.09,416613.0
2025-08-15 14:35:00,578.06,578.4101,577.84,578.29,475093.0
2025-08-15 14:40:00,578.3,578.47,577.81,577.92,354233.0
2025-08-15 14:45:00,577.94,577.94,577.23,577.52,505958.0
2025-08-15 14:50:00,577.51,577.57,577.19,577.35,367910.0
2025-08-15 14:55:00,577.35,577.55,576.84,577.145,431645.0
2025-08-15 15:00:00,577.13,577.33,576.91,577.17,779490.0
2025-08-15 15:05:00,577.16,577.2857,576.84,577.17,4144213.0
2025-08-15 15:10:00,577.18,577.49,577.05,577.4,370746.0
2025-08-15 15:15:00,577.39,577.97,577.3401,577.7299,423043.0
2025-08-15 15:20:00,577.73,577.9386,577.2025,577.25,329175.0
2025-08-15 15:25:00,577.25,577.5089,577.16,577.21,877319.0
2025-08-15 15:30:00,577.2,577.6,577.105,577.44,3159470.0
2025-08-15 15:35:00,577.44,577.45,576.525,576.5399,501331.0
2025-08-15 15:40:00,576.5218,576.62,575.5743,575.74,1829955.0
2025-08-15 15:45:00,575.74,576.655,575.73,576.635,837816.0
2025-08-15 15:50:00,576.62,577.53,576.55,577.422,500449.0
2025-08-15 15:55:00,577.43,577.59,576.74,576.84,494767.0
2025-08-15 16:00:00,576.83,576.95,576.36,576.56,440190.0
2025-08-18 09:30:00,576.19,576.19,576.14,576.14,1083.0
2025-08-18 09:35:00,576.27,576.28,576.17,576.17,2607.0
2025-08-18 09:40:00,576.31,576.31,576.27,576.27,1205.0
2025-08-18 09:45:00,576.2,576.2,576.17,576.17,846.0
2025-08-18 09:50:00,576.17,576.17,576.105,576.15,1933.0
2025-08-18 09:55:00,576.32,576.32,576.25,576.3,2003.0
2025-08-18 10:00:00,576.25,576.52,576.25,576.52,2413.0
2025-08-18 10:05:00,576.43,576.6,576.38,576.44,5965.0
2025-08-18 10:10:00,576.36,576.36,576.36,576.36,510.0
2025-08-18 10:15:00,576.46,576.46,576.2,576.26,4679.0
2025-08-18 10:20:00,576.3,576.42,576.3,576.4,2177.0
2025-08-18 10:25:00,576.47,576.47,576.39,576.39,421.0
2025-08-18 10:30:00,576.5,576.59,576.5,576.57,1030.0
2025-08-18 10:35:00,576.49,576.61,576.49,576.61,1207.0
2025-08-18 10:40:00,576.65,576.85,576.61,576.85,2948.0
2025-08-18 10:45:00,576.9,576.9,576.81,576.85,13541.0
2025-08-18 10:50:00,576.96,576.96,576.88,576.88,657.0
2025-08-18 10:55:00,576.92,576.93,576.87,576.87,7804.0
2025-08-18 11:00:00,576.91,576.99,576.67,576.85,13525.0
2025-08-18 11:05:00,576.9,576.91,576.77,576.77,3761.0
2025-08-18 11:10:00,576.74,576.78,576.66,576.69,5435.0
2025-08-18 11:15:00,576.66,576.66,576.48,576.48,6544.0
2025-08-18 11:20:00,576.47,576.49,576.4,576.4,1934.0
2025-08-18 11:25:00,576.24,576.41,576.24,576.35,9034.0
2025-08-18 11:30:00,576.33,576.33,576.11,576.11,4456.0
2025-08-18 11:35:00,576.04,576.12,576.0,576.0,10674.0
2025-08-18 11:40:00,576.05,576.06,575.94,575.97,4716.0
2025-08-18 11:45:00,575.98,576.25,575.98,576.24,6707.0
2025-08-18 11:50:00,576.21,576.21,576.1,576.1,5204.0
2025-08-18 11:55:00,576.26,576.53,576.24,576.53,6926.0
2025-08-18 12:00:00,576.86,578.65,575.9301,576.05,96385.0
2025-08-18 12:05:00,576.04,576.13,575.92,576.13,10819.0
2025-08-18 12:10:00,576.18,576.2801,576.05,576.19,5929.0
2025-08-18 12:15:00,576.27,576.3,576.18,576.3,7304.0
2025-08-18 12:20:00,576.3,576.4,576.24,576.32,16067.0
2025-08-18 12:25:00,576.37,576.48,576.28,576.48,23388.0
2025-08-18 12:30:00,576.43,576.43,576.12,576.13,15134.0
2025-08-18 12:35:00,576.13,576.37,576.05,576.25,18693.0
2025-08-18 12:40:00,576.19,576.37,576.18,576.35,15404.0
2025-08-18 12:45:00,576.3909,576.5,576.3712,576.49,23070.0
2025-08-18 12:50:00,576.45,576.5,576.41,576.46,9027.0
2025-08-18 12:55:00,576.49,576.61,576.49,576.57,15204.0
2025-08-18 13:00:00,576.55,576.89,576.54,576.84,36189.0
2025-08-18 13:05:00,576.81,576.85,576.64,576.67,23671.0
2025-08-18 13:10:00,576.65,576.65,576.17,576.28,28155.0
2025-08-18 13:15:00,576.26,576.5,576.26,576.45,13571.0
2025-08-18 13:20:00,576.5,576.525,576.39,576.4,18422.0
2025-08-18 13:25:00,576.41,576.65,576.25,576.4,30374.0
2025-08-18 13:30:00,576.44,577.58,576.41,577.555,1259406.0
2025-08-18 13:35:00,577.56,577.6,576.9,577.335,632619.0
2025-08-18 13:40:00,577.335,577.44,576.51,576.63,757230.0
2025-08-18 13:45:00,576.63,577.29,576.53,577.0,633899.0
2025-08-18 13:50:00,576.97,576.99,575.88,576.1775,712623.0
2025-08-18 13:55:00,576.18,576.44,575.645,575.95,586015.0
2025-08-18 14:00:00,575.96,576.89,575.91,576.76,563150.0
2025-08-18 14:05:00,576.76,576.8901,576.405,576.44,369423.0
2025-08-18 14:10:00,576.44,576.64,576.21,576.56,335907.0
2025-08-18 14:15:00,576.55,576.815,576.27,576.5,301712.0
2025-08-18 14:20:00,576.51,577.625,576.46,577.595,693444.0
2025-08-18 14:25:00,577.59,577.765,576.6,576.6,800020.0
2025-08-18 14:30:00,576.6,576.9,576.11,576.69,554510.0
2025-08-18 14:35:00,576.71,576.89,576.28,576.31,293832.0
2025-08-18 14:40:00,576.31,576.59,576.03,576.03,328973.0
2025-08-18 14:45:00,576.03,576.11,575.2412,575.94,708774.0
2025-08-18 14:50:00,575.94,576.68,575.88,576.55,438340.0
2025-08-18 14:55:00,576.55,576.715,576.3,576.64,414843.0
2025-08-18 15:00:00,576.652,576.8,576.5,576.59,322783.0
2025-08-18 15:05:00,576.58,576.75,576.3301,576.71,305366.0
2025-08-18 15:10:00,576.71,576.73,576.18,576.18,372800.0
2025-08-18 15:15:00,576.19,576.29,575.86,576.1,418371.0
2025-08-18 15:20:00,576.1,576.46,576.09,576.22,346784.0
2025-08-18 15:25:00,576.245,576.26,575.71,575.8496,230731.0
2025-08-18 15:30:00,575.85,575.89,575.53,575.6911,313446.0
2025-08-18 15:35:00,575.69,576.0895,575.48,575.96,369719.0
2025-08-18 15:40:00,575.96,576.0299,575.76,575.8601,187401.0
2025-08-18 15:45:00,575.86,576.2,575.855,576.13,295309.0
2025-08-18 15:50:00,576.13,576.18,575.8851,576.02,371428.0
2025-08-18 15:55:00,576.02,576.02,575.76,575.92,164091.0
2025-08-18 16:00:00,575.91,576.2,575.86,576.08,177669.0
2025-08-19 09:30:00,577.3,577.36,577.3,577.36,1846.0
2025-08-19 09:35:00,577.31,577.32,577.23,577.23,1836.0
2025-08-19 09:40:00,577.15,577.18,577.06,577.07,4631.0
2025-08-19 09:45:00,577.11,577.11,577.08,577.08,362.0
2025-08-19 09:50:00,577.02,577.12,576.94,576.97,8567.0
2025-08-19 09:55:00,577.0,577.0,576.99,576.99,1287.0
2025-08-19 10:00:00,576.98,576.98,576.64,576.87,14383.0
2025-08-19 10:05:00,576.91,576.97,576.89,576.95,2151.0
2025-08-19 10:10:00,576.94,576.94,576.86,576.86,939.0
2025-08-19 10:15:00,576.87,576.9,576.76,576.8,2745.0
2025-08-19 10:20:00,576.8,576.8,576.75,576.75,2082.0
2025-08-19 10:25:00,576.73,576.78,576.73,576.78,440.0
2025-08-19 10:30:00,576.79,576.83,576.66,576.66,1964.0
2025-08-19 10:35:00,576.71,576.71,576.71,576.71,1231.0
2025-08-19 10:40:00,576.68,576.68,576.38,576.66,2975.0
2025-08-19 10:45:00,576.45,576.48,576.4,576.46,1533.0
2025-08-19 10:50:00,576.39,576.43,576.14,576.37,5181.0
2025-08-19 10:55:00,576.37,576.44,576.32,576.44,2337.0
2025-08-19 11:00:00,576.41,576.59,576.32,576.45,7465.0
2025-08-19 11:05:00,576.32,576.46,576.28,576.46,6962.0
2025-08-19 11:10:00,576.5,576.5,576.4,576.48,5228.0
2025-08-19 11:15:00,576.48,576.55,576.39,576.55,2766.0
2025-08-19 11:20:00,576.52,576.56,576.45,576.51,5282.0
2025-08-19 11:25:00,576.43,576.54,576.43,576.46,2398.0
2025-08-19 11:30:00,576.33,576.42,576.3,576.3,3764.0
2025-08-19 11:35:00,576.35,576.43,576.28,576.28,2337.0
2025-08-19 11:40:00,576.29,576.39,576.22,576.38,3315.0
2025-08-19 11:45:00,576.52,576.7,576.52,576.66,3480.0
2025-08-19 11:50:00,576.69,576.7,576.65,576.65,3320.0
2025-08-19 11:55:00,576.68,576.68,576.68,576.68,396.0
2025-08-19 12:00:00,576.46,577.31,575.67,576.42,34940.0
2025-08-19 12:05:00,576.42,576.5994,576.2,576.26,10725.0
2025-08-19 12:10:00,576.3,576.47,576.3,576.39,1351.0
2025-08-19 12:15:00,576.48,576.48,576.39,576.48,17315.0
2025-08-19 12:20:00,576.41,576.62,576.41,576.62,4139.0
2025-08-19 12:25:00,576.64,576.81,576.62,576.73,10373.0
2025-08-19 12:30:00,576.79,576.83,576.55,576.6,19051.0
2025-08-19 12:35:00,576.61,576.7099,576.58,576.69,9226.0
2025-08-19 12:40:00,576.63,576.63,576.48,576.5,18076.0
2025-08-19 12:45:00,576.5199,576.5199,576.07,576.08,24430.0
2025-08-19 12:50:00,576.07,576.07,575.84,576.06,39939.0
2025-08-19 12:55:00,576.05,576.1502,575.89,575.89,26630.0
2025-08-19 13:00:00,575.93,576.105,575.86,576.08,20979.0
2025-08-19 13:05:00,576.05,576.06,575.78,575.86,24821.0
2025-08-19 13:10:00,575.86,575.89,575.74,575.74,36144.0
2025-08-19 13:15:00,575.85,575.99,575.84,575.87,22474.0
2025-08-19 13:20:00,575.84,576.14,575.83,576.08,16058.0
2025-08-19 13:25:00,576.06,576.37,576.02,576.37,48081.0
2025-08-19 13:30:00,576.39,576.56,574.03,574.09,2184700.0
2025-08-19 13:35:00,574.1,574.96,573.92,574.71,1509472.0
2025-08-19 13:40:00,574.71,575.6,574.44,574.44,1094051.0
2025-08-19 13:45:00,574.45,574.49,573.42,573.68,1221221.0
2025-08-19 13:50:00,573.69,574.73,573.44,574.68,1073946.0
2025-08-19 13:55:00,574.68,574.85,574.25,574.32,837035.0
2025-08-19 14:00:00,574.33,575.38,574.2,575.36,1092509.0
2025-08-19 14:05:00,575.36,575.52,575.04,575.46,577520.0
2025-08-19 14:10:00,575.46,575.53,574.855,575.06,473744.0
2025-08-19 14:15:00,575.05,575.12,574.44,574.84,792586.0
2025-08-19 14:20:00,574.82,575.09,574.49,574.66,378125.0
2025-08-19 14:25:00,574.6637,574.8199,573.01,573.095,1101277.0
2025-08-19 14:30:00,573.11,573.85,572.74,573.4401,1093658.0
2025-08-19 14:35:00,573.445,573.53,572.395,572.5889,792281.0
2025-08-19 14:40:00,572.58,572.9593,571.53,572.03,1204478.0
2025-08-19 14:45:00,572.04,572.36,571.45,571.83,1057064.0
2025-08-19 14:50:00,571.83,572.26,571.67,572.175,721683.0
2025-08-19 14:55:00,572.17,572.44,571.02,571.0399,760888.0
2025-08-19 15:00:00,571.03,571.28,570.39,571.19,1203422.0
2025-08-19 15:05:00,571.205,571.39,570.92,571.2,599454.0
2025-08-19 15:10:00,571.21,571.59,570.67,571.54,710375.0
2025-08-19 15:15:00,571.54,571.81,571.29,571.765,692031.0
2025-08-19 15:20:00,571.76,571.841,571.2807,571.4,480925.0
2025-08-19 15:25:00,571.39,572.12,571.3,571.96,538926.0
2025-08-19 15:30:00,571.95,572.14,571.84,572.14,316207.0
2025-08-19 15:35:00,572.125,572.15,571.48,571.67,340036.0
2025-08-19 15:40:00,571.66,572.175,571.52,571.92,450838.0
2025-08-19 15:45:00,571.92,572.14,571.72,571.78,443497.0
2025-08-19 15:50:00,571.78,571.795,571.3,571.54,442458.0
2025-08-19 15:55:00,571.51,571.61,571.335,571.46,270026.0
2025-08-19 16:00:00,571.45,571.91,571.43,571.47,345884.0
2025-08-20 09:30:00,568.32,568.42,568.28,568.42,6970.0
2025-08-20 09:35:00,568.39,568.53,568.38,568.49,4600.0
2025-08-20 09:40:00,568.51,568.51,568.32,568.33,5183.0
2025-08-20 09:45:00,568.37,568.54,568.37,568.53,5949.0
2025-08-20 09:50:00,568.58,568.63,568.56,568.61,2589.0
2025-08-20 09:55:00,568.48,568.5,568.42,568.45,7516.0
2025-08-20 10:00:00,568.39,568.47,568.33,568.33,2857.0
2025-08-20 10:05:00,568.51,568.51,568.41,568.42,1399.0
2025-08-20 10:10:00,568.45,568.6,568.41,568.6,7949.0
2025-08-20 10:15:00,568.62,568.69,568.56,568.69,3744.0
2025-08-20 10:20:00,568.67,568.67,568.55,568.56,3525.0
2025-08-20 10:25:00,568.52,568.52,568.44,568.45,2640.0
2025-08-20 10:30:00,568.38,568.38,568.02,568.02,5603.0
2025-08-20 10:35:00,568.02,568.06,567.82,567.87,23208.0
2025-08-20 10:40:00,567.9,568.04,567.9,568.04,1826.0
2025-08-20 10:45:00,568.05,568.14,568.03,568.03,3618.0
2025-08-20 10:50:00,568.07,568.25,568.07,568.25,3725.0
2025-08-20 10:55:00,568.19,568.36,568.19,568.35,12472.0
2025-08-20 11:00:00,568.3,568.91,568.21,568.9,76841.0
2025-08-20 11:05:00,568.81,568.82,568.62,568.62,9612.0
2025-08-20 11:10:00,568.66,568.8,568.64,568.77,3896.0
2025-08-20 11:15:00,568.64,568.64,568.35,568.53,12167.0
2025-08-20 11:20:00,568.55,568.56,568.39,568.39,11250.0
2025-08-20 11:25:00,568.38,568.38,567.99,568.06,17906.0
2025-08-20 11:30:00,568.07,568.16,568.0,568.0,14845.0
2025-08-20 11:35:00,568.0,568.0,567.56,567.57,25356.0
2025-08-20 11:40:00,567.53,567.74,567.5,567.71,10287.0
2025-08-20 11:45:00,567.68,567.68,567.37,567.61,5679.0
2025-08-20 11:50:00,567.7,568.14,567.7,567.92,24797.0
2025-08-20 11:55:00,567.93,568.02,567.82,567.99,6826.0
2025-08-20 12:00:00,568.56,568.869,566.1,568.21,166617.0
2025-08-20 12:05:00,568.221,568.31,568.18,568.2396,9652.0
2025-08-20 12:10:00,568.22,568.25,568.0301,568.1,6451.0
2025-08-20 12:15:00,568.07,568.24,568.03,568.24,14441.0
2025-08-20 12:20:00,568.24,568.31,568.19,568.21,10895.0
2025-08-20 12:25:00,568.27,568.33,567.9,567.92,20531.0
2025-08-20 12:30:00,567.99,568.18,567.66,567.78,87521.0
2025-08-20 12:35:00,567.79,567.89,567.63,567.84,52489.0
2025-08-20 12:40:00,567.87,568.2799,567.87,568.2,44224.0
2025-08-20 12:45:00,568.22,568.57,568.14,568.53,48881.0
2025-08-20 12:50:00,568.48,568.53,568.3,568.33,41553.0
2025-08-20 12:55:00,568.34,568.39,568.2,568.32,41185.0
2025-08-20 13:00:00,568.31,568.4,568.18,568.29,27676.0
2025-08-20 13:05:00,568.23,568.35,568.09,568.11,29703.0
2025-08-20 13:10:00,568.11,568.11,567.83,567.88,54720.0
2025-08-20 13:15:00,567.81,568.03,567.81,567.89,38084.0
2025-08-20 13:20:00,567.88,568.1,567.8,568.0,35545.0
2025-08-20 13:25:00,567.93,568.42,567.8,568.33,84889.0
2025-08-20 13:30:00,568.33,568.45,566.75,566.95,2056086.0
2025-08-20 13:35:00,566.98,567.49,566.63,566.67,1136110.0
2025-08-20 13:40:00,566.67,566.99,565.79,565.79,1245215.0
2025-08-20 13:45:00,565.8,565.81,564.36,564.37,1834500.0
2025-08-20 13:50:00,564.37,564.37,562.01,562.13,3295912.0
2025-08-20 13:55:00,562.12,562.93,561.52,562.18,2273240.0
2025-08-20 14:00:00,562.18,563.17,561.98,562.116165,1784664.0
2025-08-20 14:05:00,562.11,562.28,560.295,560.66,2110685.0
2025-08-20 14:10:00,560.66,561.08,560.15,560.62,1659767.0
2025-08-20 14:15:00,560.63,560.99,559.51,560.74,2710642.0
2025-08-20 14:20:00,560.71,561.765,560.5,561.4,1295751.0
2025-08-20 14:25:00,561.3981,561.71,560.25,560.281,1133776.0
2025-08-20 14:30:00,560.31,560.61,559.96,560.375,1274111.0
2025-08-20 14:35:00,560.38,560.6,559.96,559.98,891322.0
2025-08-20 14:40:00,560.0,560.08,559.37,559.67,1202789.0
2025-08-20 14:45:00,559.61,560.13,559.03,559.38,1162401.0
2025-08-20 14:50:00,559.36,559.62,558.84,559.06,1027867.0
2025-08-20 14:55:00,559.07,559.46,558.86,559.368,856872.0
2025-08-20 15:00:00,559.37,559.875,559.1,559.85,1037980.0
2025-08-20 15:05:00,559.84,561.08,559.8,560.97,1052701.0
2025-08-20 15:10:00,560.97,561.2801,560.74,561.19,1288671.0
2025-08-20 15:15:00,561.18,562.2219,561.175,562.195,1000132.0
2025-08-20 15:20:00,562.2,563.25,562.17,563.21,1164717.0
2025-08-20 15:25:00,563.21,563.5,562.72,563.44,1236216.0
2025-08-20 15:30:00,563.435,564.21,563.18,564.09,1241620.0
2025-08-20 15:35:00,564.09,564.42,563.425,563.44,1167734.0
2025-08-20 15:40:00,563.44,564.22,563.4,563.56,958555.0
2025-08-20 15:45:00,563.57,563.88,563.13,563.25,1009449.0
2025-08-20 15:50:00,563.25,563.255,561.8751,562.075,979560.0
2025-08-20 15:55:00,562.11,562.37,561.67,562.13,611085.0
2025-08-20 16:00:00,562.13,563.2,562.06,563.05,801613.0
2025-08-21 09:30:00,565.78,565.84,565.72,565.73,3841.0
2025-08-21 09:35:00,565.71,565.72,565.68,565.71,2079.0
2025-08-21 09:40:00,565.72,565.86,565.72,565.86,3325.0
2025-08-21 09:45:00,565.99,566.0,565.87,566.0,4512.0
2025-08-21 09:50:00,566.0,566.0,565.66,565.72,5706.0
2025-08-21 09:55:00,565.72,565.74,565.42,565.42,2839.0
2025-08-21 10:00:00,565.43,565.43,565.05,565.32,11323.0
2025-08-21 10:05:00,565.4,565.53,565.4,565.46,3414.0
2025-08-21 10:10:00,565.35,565.35,565.17,565.17,3318.0
2025-08-21 10:15:00,565.18,565.26,564.89,564.94,7870.0
2025-08-21 10:20:00,564.85,565.4,564.72,565.4,9784.0
2025-08-21 10:25:00,565.37,565.42,565.16,565.37,7936.0
2025-08-21 10:30:00,565.4,565.41,565.19,565.19,4674.0
2025-08-21 10:35:00,565.22,565.29,565.2,565.29,4540.0
2025-08-21 10:40:00,565.33,565.46,565.33,565.36,5851.0
2025-08-21 10:45:00,565.34,565.45,565.34,565.4,9791.0
2025-08-21 10:50:00,565.39,565.71,565.26,565.7,7702.0
2025-08-21 10:55:00,565.67,565.73,565.42,565.63,12729.0
2025-08-21 11:00:00,565.59,566.11,565.35,565.51,26054.0
2025-08-21 11:05:00,565.53,565.87,565.53,565.66,7567.0
2025-08-21 11:10:00,565.6,565.65,565.24,565.34,26397.0
2025-08-21 11:15:00,565.35,565.42,565.27,565.3,10283.0
2025-08-21 11:20:00,565.23,565.56,565.23,565.46,16168.0
2025-08-21 11:25:00,565.51,565.53,565.361,565.4,6058.0
2025-08-21 11:30:00,565.37,565.46,565.17,565.23,4576.0
2025-08-21 11:35:00,565.19,565.3,564.91,564.99,21723.0
2025-08-21 11:40:00,565.02,565.21,564.92,565.03,8105.0
2025-08-21 11:45:00,564.99,564.99,564.49,564.67,13955.0
2025-08-21 11:50:00,564.61,565.0,564.61,564.83,9803.0
2025-08-21 11:55:00,564.77,564.98,564.75,564.84,6958.0
2025-08-21 12:00:00,565.37,566.9,564.39,564.46,163780.0
2025-08-21 12:05:00,564.5,565.476,564.4,564.45,48943.0
2025-08-21 12:10:00,564.3799,564.38,563.75,563.94,60916.0
2025-08-21 12:15:00,563.97,563.97,563.46,563.68,55674.0
2025-08-21 12:20:00,563.64,564.05,563.47,563.9802,48737.0
2025-08-21 12:25:00,563.98,564.0,563.73,563.79,19238.0
2025-08-21 12:30:00,563.74,564.55,563.43,564.4904,72768.0
2025-08-21 12:35:00,564.48,564.48,563.89,563.9494,28612.0
2025-08-21 12:40:00,563.88,564.01,563.69,563.69,17498.0
2025-08-21 12:45:00,563.65,563.69,563.34,563.58,52843.0
2025-08-21 12:50:00,563.45,563.56,563.28,563.4,62369.0
2025-08-21 12:55:00,563.47,563.56,563.28,563.45,55106.0
2025-08-21 13:00:00,563.44,563.6,563.11,563.5801,73816.0
2025-08-21 13:05:00,563.55,564.03,563.54,564.03,19235.0
2025-08-21 13:10:00,564.04,564.06,563.53,563.61,26045.0
2025-08-21 13:15:00,563.59,563.76,563.5,563.68,24547.0
2025-08-21 13:20:00,563.74,564.02,563.72,563.88,29139.0
2025-08-21 13:25:00,563.87,564.35,563.78,564.32,32223.0
2025-08-21 13:30:00,564.35,564.66,562.88,563.975,1685239.0
2025-08-21 13:35:00,563.91,565.08,563.48,564.765,1323480.0
2025-08-21 13:40:00,564.76,564.77,563.7514,564.24,754705.0
2025-08-21 13:45:00,564.29,564.52,562.32,564.48,1438698.0
2025-08-21 13:50:00,564.47,564.53,563.27,563.88,1080221.0
2025-08-21 13:55:00,563.86,564.05,562.51,562.59,773007.0
2025-08-21 14:00:00,562.57,564.55,561.85,564.4,1278157.0
2025-08-21 14:05:00,564.41,565.06,564.34,564.89,902390.0
2025-08-21 14:10:00,564.89,565.38,564.58,564.88,832214.0
2025-08-21 14:15:00,564.88,565.669,564.66,565.4,669871.0
2025-08-21 14:20:00,565.4,565.88,565.26,565.795,558650.0
2025-08-21 14:25:00,565.79,566.49,565.31,566.41,871634.0
2025-08-21 14:30:00,566.42,566.42,564.95,565.2,724143.0
2025-08-21 14:35:00,565.21,565.35,564.31,564.34,571547.0
2025-08-21 14:40:00,564.31,564.84,564.11,564.82,642244.0
2025-08-21 14:45:00,564.82,565.07,564.26,564.31,643793.0
2025-08-21 14:50:00,564.33,565.32,564.315,565.29,645828.0
2025-08-21 14:55:00,565.26,565.36,564.97,565.2,400881.0
2025-08-21 15:00:00,565.23,565.63,564.82,564.9,511544.0
2025-08-21 15:05:00,564.92,564.93,564.4,564.55,487908.0
2025-08-21 15:10:00,564.55,564.635,563.13,563.22,721724.0
2025-08-21 15:15:00,563.22,563.97,563.0101,563.913,582402.0
2025-08-21 15:20:00,563.9,565.02,563.62,564.79,563027.0
2025-08-21 15:25:00,564.78,564.86,563.99,564.28,492133.0
2025-08-21 15:30:00,564.28,565.11,564.23,564.93,454015.0
2025-08-21 15:35:00,564.93,565.1,564.75,564.815,320991.0
2025-08-21 15:40:00,564.8,565.22,564.57,564.93,403211.0
2025-08-21 15:45:00,564.93,564.94,564.15,564.25,392713.0
2025-08-21 15:50:00,564.23,564.29,562.95,563.09,630937.0
2025-08-21 15:55:00,563.1,563.22,562.718,563.03,582247.0
2025-08-21 16:00:00,563.02,563.21,562.48,562.6007,712283.0
2025-08-22 09:30:00,564.18,564.29,564.18,564.2,2939.0
2025-08-22 09:35:00,564.1,564.1,563.89,564.01,7004.0
2025-08-22 09:40:00,564.04,564.17,564.04,564.08,4405.0
2025-08-22 09:45:00,564.12,564.23,564.1,564.23,2258.0
2025-08-22 09:50:00,564.15,564.27,564.15,564.22,4374.0
2025-08-22 09:55:00,564.31,564.42,564.26,564.37,6986.0
2025-08-22 10:00:00,564.36,564.59,564.36,564.56,10761.0
2025-08-22 10:05:00,564.56,564.75,564.56,564.75,8607.0
2025-08-22 10:10:00,564.77,564.9,564.68,564.76,6224.0
2025-08-22 10:15:00,564.76,564.76,564.47,564.47,4960.0
2025-08-22 10:20:00,564.51,564.54,564.47,564.49,2817.0
2025-08-22 10:25:00,564.59,564.77,564.59,564.75,6110.0
2025-08-22 10:30:00,564.75,564.91,564.73,564.73,3539.0
2025-08-22 10:35:00,564.74,564.74,564.73,564.73,1427.0
2025-08-22 10:40:00,564.7,564.79,564.65,564.79,2980.0
2025-08-22 10:45:00,564.65,564.73,564.6,564.68,25510.0
2025-08-22 10:50:00,564.56,564.66,564.56,564.64,13905.0
2025-08-22 10:55:00,564.66,564.7,564.61,564.64,3403.0
2025-08-22 11:00:00,564.66,564.9,564.63,564.77,24154.0
2025-08-22 11:05:00,564.76,565.0,564.76,564.96,23415.0
2025-08-22 11:10:00,564.93,564.93,564.46,564.5,12860.0
2025-08-22 11:15:00,564.5,564.6,564.36,564.43,25806.0
2025-08-22 11:20:00,564.46,564.5,564.4,564.47,4612.0
2025-08-22 11:25:00,564.45,564.48,564.38,564.41,8935.0
2025-08-22 11:30:00,564.44,564.52,564.24,564.41,35748.0
2025-08-22 11:35:00,564.31,564.35,564.2,564.25,12449.0
2025-08-22 11:40:00,564.28,564.28,564.13,564.25,19114.0
2025-08-22 11:45:00,564.3,564.45,564.29,564.45,3963.0
2025-08-22 11:50:00,564.5,564.5,564.45,564.48,2993.0
2025-08-22 11:55:00,564.44,564.46,564.27,564.33,23777.0
2025-08-22 12:00:00,564.72,564.99,560.45,564.54,116483.0
2025-08-22 12:05:00,564.56,564.56,564.4207,564.5,2780.0
2025-08-22 12:10:00,564.44,564.56,564.26,564.33,29049.0
2025-08-22 12:15:00,564.4,564.77,564.4,564.74,29476.0
2025-08-22 12:20:00,564.749,564.8499,564.66,564.66,24619.0
2025-08-22 12:25:00,564.68,564.91,564.65,564.82,30595.0
2025-08-22 12:30:00,564.83,564.85,564.48,564.5001,30476.0
2025-08-22 12:35:00,564.48,564.52,564.2097,564.52,26662.0
2025-08-22 12:40:00,564.5,564.51,564.33,564.48,18816.0
2025-08-22 12:45:00,564.52,564.6,564.28,564.28,23720.0
2025-08-22 12:50:00,564.26,564.45,564.2499,564.25,36367.0
2025-08-22 12:55:00,564.3,564.319,564.1,564.14,41867.0
2025-08-22 13:00:00,564.16,564.4,564.06,564.4,36707.0
2025-08-22 13:05:00,564.4,564.64,564.38,564.46,51281.0
2025-08-22 13:10:00,564.47,564.51,564.24,564.36,23395.0
2025-08-22 13:15:00,564.29,564.59,564.29,564.56,23319.0
2025-08-22 13:20:00,564.53,564.65,564.42,564.42,28880.0
2025-08-22 13:25:00,564.4,564.67,564.25,564.67,24688.0
2025-08-22 13:30:00,564.67,564.85,563.27,563.865,1185764.0
2025-08-22 13:35:00,563.95,565.12,563.76,564.97,636900.0
2025-08-22 13:40:00,564.97,566.08,564.73,566.058,826234.0
2025-08-22 13:45:00,566.05,566.4,565.4,566.3301,922859.0
2025-08-22 13:50:00,566.34,566.54,565.68,565.79,815447.0
2025-08-22 13:55:00,565.8,565.895,564.26,564.71,794827.0
2025-08-22 14:00:00,564.76,571.2,564.75,570.0,3608637.0
2025-08-22 14:05:00,570.04,572.4,569.93,572.05,1820079.0
2025-08-22 14:10:00,572.07,572.64,571.39,572.495,1472974.0
2025-08-22 14:15:00,572.495,573.58,571.76,571.97,2007219.0
2025-08-22 14:20:00,572.03,572.23,570.205,571.3499,1548204.0
2025-08-22 14:25:00,571.34,572.41,570.98,571.68,1114722.0
2025-08-22 14:30:00,571.71,572.78,571.695,572.57,991381.0
2025-08-22 14:35:00,572.58,573.1391,572.33,572.47,783126.0
2025-08-22 14:40:00,572.47,573.42,572.47,573.32,664250.0
2025-08-22 14:45:00,573.29,573.88,573.0,573.1,923558.0
2025-08-22 14:50:00,573.12,573.435,572.69,573.25,700830.0
2025-08-22 14:55:00,573.24,573.67,572.885,572.885,654337.0
2025-08-22 15:00:00,572.9,573.99,572.855,573.93,820710.0
2025-08-22 15:05:00,573.94,573.94,573.32,573.41,657235.0
2025-08-22 15:10:00,573.39,573.96,573.26,573.335,543776.0
2025-08-22 15:15:00,573.335,573.68,573.23,573.53,556277.0
2025-08-22 15:20:00,573.51,573.68,573.06,573.06,345990.0
2025-08-22 15:25:00,573.09,573.46,572.94,573.32,358502.0
2025-08-22 15:30:00,573.3,573.88,573.29,573.74,596043.0
2025-08-22 15:35:00,573.73,573.89,572.97,573.13,445044.0
2025-08-22 15:40:00,573.15,573.25,572.97,573.1699,284563.0
2025-08-22 15:45:00,573.17,573.41,572.455,572.56,548204.0
2025-08-22 15:50:00,572.56,572.6886,572.28,572.43,531231.0
2025-08-22 15:55:00,572.4572,572.675,571.965,572.05,433296.0
2025-08-22 16:00:00,572.07,572.59,572.005,572.52,395572.0
2025-08-25 09:30:00,570.24,570.43,570.17,570.43,11077.0
2025-08-25 09:35:00,570.47,570.47,570.39,570.42,5128.0
2025-08-25 09:40:00,570.36,570.37,570.34,570.34,1016.0
2025-08-25 09:45:00,570.31,570.32,570.25,570.25,943.0
2025-08-25 09:50:00,570.24,570.3,570.2,570.22,19665.0
2025-08-25 09:55:00,570.28,570.58,570.26,570.54,29323.0
2025-08-25 10:00:00,570.55,570.59,570.47,570.5,4304.0
2025-08-25 10:05:00,570.48,570.55,570.48,570.53,5021.0
2025-08-25 10:10:00,570.5,570.5,570.36,570.36,6177.0
2025-08-25 10:15:00,570.35,570.36,570.25,570.27,6371.0
2025-08-25 10:20:00,570.24,570.25,570.1,570.1,8833.0
2025-08-25 10:25:00,570.11,570.11,569.84,569.96,29559.0
2025-08-25 10:30:00,569.89,570.1,569.62,570.04,56847.0
2025-08-25 10:35:00,570.07,570.15,569.97,570.12,8245.0
2025-08-25 10:40:00,570.11,570.21,570.06,570.21,12733.0
2025-08-25 10:45:00,570.16,570.32,570.1,570.29,18106.0
2025-08-25 10:50:00,570.28,570.28,570.06,570.12,5362.0
2025-08-25 10:55:00,570.15,570.15,569.99,569.99,4029.0
2025-08-25 11:00:00,570.03,570.11,569.8,569.899,15962.0
2025-08-25 11:05:00,569.91,570.1,569.91,570.1,6549.0
2025-08-25 11:10:00,570.13,570.32,570.03,570.281,3766.0
2025-08-25 11:15:00,570.3,570.41,570.3,570.4,8100.0
2025-08-25 11:20:00,570.33,570.35,570.27,570.31,2950.0
2025-08-25 11:25:00,570.33,570.42,570.31,570.36,12540.0
2025-08-25 11:30:00,570.33,570.36,570.29,570.34,2217.0
2025-08-25 11:35:00,570.34,570.37,570.3,570.3,2259.0
2025-08-25 11:40:00,570.32,570.34,570.22,570.27,6524.0
2025-08-25 11:45:00,570.32,570.39,570.25,570.25,2647.0
2025-08-25 11:50:00,570.24,570.45,570.23,570.441,7285.0
2025-08-25 11:55:00,570.46,570.48,570.4,570.41,10625.0
2025-08-25 12:00:00,570.08,572.08,569.8101,569.87,127454.0
2025-08-25 12:05:00,569.98,569.989,569.63,569.65,29185.0
2025-08-25 12:10:00,569.73,569.82,569.63,569.79,31349.0
2025-08-25 12:15:00,569.79,569.91,569.68,569.84,20691.0
2025-08-25 12:20:00,569.86,570.0,569.76,569.97,26146.0
2025-08-25 12:25:00,569.9,569.9497,569.76,569.77,20554.0
2025-08-25 12:30:00,569.75,569.92,569.6,569.91,28054.0
2025-08-25 12:35:00,569.9,569.9,569.63,569.78,19479.0
2025-08-25 12:40:00,569.78,570.1,569.78,570.06,22297.0
2025-08-25 12:45:00,570.03,570.08,569.99,570.07,9648.0
2025-08-25 12:50:00,570.05,570.1,570.01,570.03,12993.0
2025-08-25 12:55:00,570.03,570.1,569.93,569.99,43178.0
2025-08-25 13:00:00,570.01,570.27,569.92,570.23,29007.0
2025-08-25 13:05:00,570.23,570.23,570.0,570.02,24798.0
2025-08-25 13:10:00,570.01,570.11,569.94,570.11,31284.0
2025-08-25 13:15:00,570.12,570.1999,570.0,570.09,17413.0
2025-08-25 13:20:00,570.13,570.18,570.1,570.18,17697.0
2025-08-25 13:25:00,570.18,570.44,570.18,570.44,84267.0
2025-08-25 13:30:00,570.4,570.92,569.16,569.77,1701081.0
2025-08-25 13:35:00,569.76,570.77,569.74,570.489,1079825.0
2025-08-25 13:40:00,570.49,570.5,569.73,569.99,990676.0
2025-08-25 13:45:00,570.01,570.39,569.22,570.3,952085.0
2025-08-25 13:50:00,570.28,570.375,569.73,570.17,674374.0
2025-08-25 13:55:00,570.17,570.9399,570.02,570.9399,846699.0
2025-08-25 14:00:00,570.95,571.52,570.59,571.51,882233.0
2025-08-25 14:05:00,571.46,571.81,571.235,571.66,544408.0
2025-08-25 14:10:00,571.63,571.86,571.27,571.74,701089.0
2025-08-25 14:15:00,571.73,571.94,571.32,571.33,596756.0
2025-08-25 14:20:00,571.32,571.66,570.95,571.59,496562.0
2025-08-25 14:25:00,571.56,571.79,571.309,571.48,439555.0
2025-08-25 14:30:00,571.46,571.84,571.26,571.6,428265.0
2025-08-25 14:35:00,571.6,572.1,571.5897,571.72,492975.0
2025-08-25 14:40:00,571.72,571.82,571.29,571.46,452206.0
2025-08-25 14:45:00,571.46,572.27,571.29,572.22,363869.0
2025-08-25 14:50:00,572.22,572.26,571.81,571.9198,330264.0
2025-08-25 14:55:00,571.89,572.24,571.58,572.195,333320.0
2025-08-25 15:00:00,572.18,572.4699,572.06,572.44,463138.0
2025-08-25 15:05:00,572.42,572.5706,572.2001,572.35,414565.0
2025-08-25 15:10:00,572.35,572.67,572.13,572.56,401481.0
2025-08-25 15:15:00,572.56,572.745,572.44,572.5149,284056.0
2025-08-25 15:20:00,572.52,572.965,572.51,572.8601,315519.0
2025-08-25 15:25:00,572.88,572.94,572.8,572.8599,182817.0
2025-08-25 15:30:00,572.87,573.07,572.7011,572.75,334257.0
2025-08-25 15:35:00,572.755,572.88,572.41,572.72,358972.0
2025-08-25 15:40:00,572.71,572.79,572.48,572.735,329204.0
2025-08-25 15:45:00,572.74,572.85,572.5,572.65,251007.0
2025-08-25 15:50:00,572.65,573.2871,572.63,573.01,448483.0
2025-08-25 15:55:00,573.0,573.11,572.81,572.912,221467.0
2025-08-25 16:00:00,572.9,573.07,572.84,572.955,288751.0
2025-08-26 09:30:00,569.96,570.08,569.96,570.05,8062.0
2025-08-26 09:35:00,570.04,570.07,569.99,569.99,1897.0
2025-08-26 09:40:00,569.9,569.9,569.69,569.84,5931.0
2025-08-26 09:45:00,569.84,569.85,569.83,569.85,556.0
2025-08-26 09:50:00,569.84,569.94,569.84,569.94,7241.0
2025-08-26 09:55:00,569.83,569.99,569.83,569.94,5098.0
2025-08-26 10:00:00,569.94,570.29,569.94,570.28,14872.0
2025-08-26 10:05:00,570.28,570.28,570.1,570.18,11358.0
2025-08-26 10:10:00,570.23,570.37,570.23,570.36,9618.0
2025-08-26 10:15:00,570.33,570.36,570.3,570.36,5249.0
2025-08-26 10:20:00,570.28,570.35,570.21,570.25,3198.0
2025-08-26 10:25:00,570.28,570.4,570.28,570.4,2452.0
2025-08-26 10:30:00,570.4,570.59,570.39,570.59,7557.0
2025-08-26 10:35:00,570.58,570.63,570.54,570.57,7295.0
2025-08-26 10:40:00,570.47,570.58,570.35,570.35,4284.0
2025-08-26 10:45:00,570.37,570.49,570.37,570.45,2796.0
2025-08-26 10:50:00,570.45,570.47,570.28,570.33,12962.0
2025-08-26 10:55:00,570.29,570.4,570.29,570.4,4132.0
2025-08-26 11:00:00,570.32,570.39,570.1,570.19,20824.0
2025-08-26 11:05:00,570.05,570.2,570.05,570.2,3417.0
2025-08-26 11:10:00,570.21,570.21,570.02,570.02,2517.0
2025-08-26 11:15:00,570.04,570.04,569.881,569.89,5593.0
2025-08-26 11:20:00,569.81,569.92,569.801,569.86,5538.0
2025-08-26 11:25:00,569.85,569.85,569.81,569.81,729.0
2025-08-26 11:30:00,569.74,569.75,569.37,569.46,19091.0
2025-08-26 11:35:00,569.44,569.56,569.43,569.45,6666.0
2025-08-26 11:40:00,569.56,569.56,569.45,569.49,6479.0
2025-08-26 11:45:00,569.45,569.45,569.2,569.301,4403.0
2025-08-26 11:50:00,569.4,569.6,569.4,569.6,4574.0
2025-08-26 11:55:00,569.56,569.84,569.56,569.81,7604.0
2025-08-26 12:00:00,570.17,570.61,568.56,569.61,89558.0
2025-08-26 12:05:00,569.6048,569.6048,569.41,569.45,12939.0
2025-08-26 12:10:00,569.6,569.62,569.32,569.32,20943.0
2025-08-26 12:15:00,569.2915,569.67,569.14,569.6,26769.0
2025-08-26 12:20:00,569.58,569.84,569.52,569.8,14636.0
2025-08-26 12:25:00,569.78,569.82,569.66,569.66,8937.0
2025-08-26 12:30:00,569.66,569.98,569.1,569.98,20023.0
2025-08-26 12:35:00,569.9,569.93,569.63,569.82,16434.0
2025-08-26 12:40:00,569.78,569.9,569.78,569.82,9232.0
2025-08-26 12:45:00,569.91,570.01,569.9001,569.99,16145.0
2025-08-26 12:50:00,569.96,570.01,569.7,569.7,23264.0
2025-08-26 12:55:00,569.64,569.8,569.64,569.71,31124.0
2025-08-26 13:00:00,569.7205,569.85,569.7,569.7,23302.0
2025-08-26 13:05:00,569.7,569.84,569.67,569.82,17134.0
2025-08-26 13:10:00,569.82,569.95,569.78,569.88,14549.0
2025-08-26 13:15:00,569.79,569.87,569.75,569.82,16039.0
2025-08-26 13:20:00,569.86,569.88,569.7401,569.7401,11175.0
2025-08-26 13:25:00,569.81,569.84,569.73,569.83,36710.0
2025-08-26 13:30:00,569.83,570.9,569.76,570.6,1071432.0
2025-08-26 13:35:00,570.59,570.73,569.68,570.19,901340.0
2025-08-26 13:40:00,570.16,570.98,570.16,570.49,663370.0
2025-08-26 13:45:00,570.5,570.52,568.8,569.165,1028595.0
2025-08-26 13:50:00,569.2,570.59,569.06,570.465,900812.0
2025-08-26 13:55:00,570.46,570.69,570.03,570.4726,682168.0
2025-08-26 14:00:00,570.42,570.87,570.35,570.6993,1467846.0
2025-08-26 14:05:00,570.68,570.74,570.242,570.57,449137.0
2025-08-26 14:10:00,570.58,571.18,570.17,570.74,645048.0
2025-08-26 14:15:00,570.7,571.225,570.58,570.86,424688.0
2025-08-26 14:20:00,570.87,571.64,570.85,571.52,514303.0
2025-08-26 14:25:00,571.51,571.705,571.41,571.59,404703.0
2025-08-26 14:30:00,571.58,571.72,571.33,571.363,406665.0
2025-08-26 14:35:00,571.37,571.6999,571.07,571.08,317707.0
2025-08-26 14:40:00,571.1,571.65,570.9,571.64,297901.0
2025-08-26 14:45:00,571.65,571.81,571.16,571.37,317490.0
2025-08-26 14:50:00,571.38,571.495,571.22,571.39,219193.0
2025-08-26 14:55:00,571.41,571.74,571.02,571.08,316820.0
2025-08-26 15:00:00,571.09,571.27,570.99,571.17,333693.0
2025-08-26 15:05:00,571.15,571.31,570.86,570.95,271282.0
2025-08-26 15:10:00,570.93,571.34,570.86,571.25,317633.0
2025-08-26 15:15:00,571.24,571.35,570.82,571.08,243082.0
2025-08-26 15:20:00,571.08,571.36,571.02,571.28,183460.0
2025-08-26 15:25:00,571.29,571.42,570.68,570.7403,292996.0
2025-08-26 15:30:00,570.74,570.925,570.38,570.4,315245.0
2025-08-26 15:35:00,570.4,570.96,570.37,570.9,294911.0
2025-08-26 15:40:00,570.9,570.99,570.82,570.915,188313.0
2025-08-26 15:45:00,570.93,571.06,570.61,570.655,193463.0
2025-08-26 15:50:00,570.65,571.07,570.505,570.95,260772.0
2025-08-26 15:55:00,570.95,571.0904,570.83,570.972,193928.0
2025-08-26 16:00:00,570.97,571.34,570.97,571.3,276197.0
2025-08-27 09:30:00,572.99,572.99,572.91,572.92,3257.0
2025-08-27 09:35:00,572.92,573.07,572.92,573.06,2652.0
2025-08-27 09:40:00,573.02,573.02,572.9,572.9,2682.0
2025-08-27 09:45:00,572.95,573.02,572.95,573.01,3556.0
2025-08-27 09:50:00,573.01,573.02,572.98,572.99,2523.0
2025-08-27 09:55:00,572.95,572.99,572.95,572.98,1518.0
2025-08-27 10:00:00,572.93,573.0,572.93,573.0,1445.0
2025-08-27 10:05:00,572.98,572.98,572.88,572.96,3116.0
2025-08-27 10:10:00,572.93,572.94,572.88,572.94,2634.0
2025-08-27 10:15:00,572.99,572.99,572.99,572.99,638.0
2025-08-27 10:20:00,572.92,572.96,572.87,572.96,1772.0
2025-08-27 10:25:00,573.05,573.1,573.04,573.1,3966.0
2025-08-27 10:30:00,573.12,573.17,573.09,573.14,7441.0
2025-08-27 10:35:00,573.07,573.07,572.95,572.95,1723.0
2025-08-27 10:40:00,573.01,573.11,573.01,573.09,1636.0
2025-08-27 10:45:00,573.07,573.14,573.07,573.14,4491.0
2025-08-27 10:50:00,573.14,573.15,573.02,573.03,5324.0
2025-08-27 10:55:00,573.05,573.14,573.05,573.09,1054.0
2025-08-27 11:00:00,573.07,573.18,573.02,573.04,7886.0
2025-08-27 11:05:00,573.02,573.16,573.0,573.16,8156.0
2025-08-27 11:10:00,573.1,573.22,573.1,573.22,2621.0
2025-08-27 11:15:00,573.25,573.29,573.25,573.27,6342.0
2025-08-27 11:20:00,573.29,573.31,573.26,573.28,4157.0
2025-08-27 11:25:00,573.21,573.26,573.17,573.26,4241.0
2025-08-27 11:30:00,573.25,573.35,573.24,573.31,6541.0
2025-08-27 11:35:00,573.3,573.38,573.3,573.32,4648.0
2025-08-27 11:40:00,573.3,573.31,573.23,573.27,5166.0
2025-08-27 11:45:00,573.28,573.38,573.28,573.38,1534.0
2025-08-27 11:50:00,573.39,573.39,573.34,573.389,2926.0
2025-08-27 11:55:00,573.39,573.39,573.21,573.21,3677.0
2025-08-27 12:00:00,573.26,573.51,572.5,573.19,63583.0
2025-08-27 12:05:00,573.24,573.43,573.2,573.37,9469.0
2025-08-27 12:10:00,573.32,573.42,573.32,573.42,7884.0
2025-08-27 12:15:00,573.44,573.55,572.181,573.43,7280.0
2025-08-27 12:20:00,573.41,573.43,573.32,573.32,9314.0
2025-08-27 12:25:00,573.28,573.28,572.89,572.93,31301.0
2025-08-27 12:30:00,572.9,572.98,572.46,572.48,77579.0
2025-08-27 12:35:00,572.46,572.56,572.38,572.5,36346.0
2025-08-27 12:40:00,572.48,572.49,572.17,572.22,54257.0
2025-08-27 12:45:00,572.37,572.52,572.27,572.49,36243.0
2025-08-27 12:50:00,572.46,572.5209,572.38,572.46,11277.0
2025-08-27 12:55:00,572.49,572.64,572.48,572.6,13643.0
2025-08-27 13:00:00,572.6,572.68,572.29,572.29,45499.0
2025-08-27 13:05:00,572.29,572.37,571.88,572.09,95797.0
2025-08-27 13:10:00,572.15,572.38,572.11,572.21,42833.0
2025-08-27 13:15:00,572.19,572.21,571.92,571.98,75477.0
2025-08-27 13:20:00,571.98,572.08,571.85,572.02,43601.0
2025-08-27 13:25:00,572.02,572.11,571.5,571.571,42297.0
2025-08-27 13:30:00,571.59,572.06,571.22,571.94,1497795.0
2025-08-27 13:35:00,571.94,572.21,571.5,571.915,1255659.0
2025-08-27 13:40:00,571.92,571.96,570.97,571.23,866549.0
2025-08-27 13:45:00,571.23,571.35,570.37,570.62,1194719.0
2025-08-27 13:50:00,570.6199,571.6299,570.6199,571.591,706192.0
2025-08-27 13:55:00,571.6,571.635,571.02,571.47,494798.0
2025-08-27 14:00:00,571.47,571.78,571.28,571.481,800196.0
2025-08-27 14:05:00,571.49,572.06,571.35,572.055,518975.0
2025-08-27 14:10:00,572.055,572.24,571.7,572.22,364117.0
2025-08-27 14:15:00,572.215,573.0654,572.215,572.99,585910.0
2025-08-27 14:20:00,573.0,573.13,572.77,572.95,520375.0
2025-08-27 14:25:00,572.94,573.18,572.88,572.9701,395194.0
2025-08-27 14:30:00,572.99,573.255,572.94,573.08,1351934.0
2025-08-27 14:35:00,573.09,573.32,572.98,573.32,358932.0
2025-08-27 14:40:00,573.31,573.4,572.995,573.085,451528.0
2025-08-27 14:45:00,573.09,573.13,572.65,573.0,479058.0
2025-08-27 14:50:00,572.99,573.165,572.83,573.0801,301953.0
2025-08-27 14:55:00,573.075,573.28,572.98,573.042,321487.0
2025-08-27 15:00:00,573.05,573.25,572.83,572.85,337518.0
2025-08-27 15:05:00,572.86,573.07,572.77,572.97,313841.0
2025-08-27 15:10:00,572.97,573.14,572.795,572.995,465681.0
2025-08-27 15:15:00,572.99,573.11,572.885,572.9195,205038.0
2025-08-27 15:20:00,572.92,573.25,572.91,573.14,182742.0
2025-08-27 15:25:00,573.13,573.14,572.745,572.8099,544045.0
2025-08-27 15:30:00,572.8,572.96,572.57,572.88,309119.0
2025-08-27 15:35:00,572.88,573.185,572.87,573.17,208867.0
2025-08-27 15:40:00,573.17,573.18,572.4,573.05,532227.0
2025-08-27 15:45:00,573.04,573.6299,572.97,573.575,374297.0
2025-08-27 15:50:00,573.59,573.65,573.3999,573.565,255859.0
2025-08-27 15:55:00,573.5601,573.77,573.515,573.595,280292.0
2025-08-27 16:00:00,573.59,573.6195,573.44,573.4499,274538.0
2025-08-28 09:30:00,573.67,573.67,573.54,573.57,1463.0
2025-08-28 09:35:00,573.64,573.65,573.62,573.64,4217.0
2025-08-28 09:40:00,573.6,573.6,573.46,573.5,6115.0
2025-08-28 09:45:00,573.58,573.59,573.37,573.46,3889.0
2025-08-28 09:50:00,573.45,573.52,573.44,573.5,4348.0
2025-08-28 09:55:00,573.54,573.56,573.43,573.43,4411.0
2025-08-28 10:00:00,573.47,573.5,573.35,573.5,5348.0
2025-08-28 10:05:00,573.43,573.48,573.43,573.48,3045.0
2025-08-28 10:10:00,573.48,573.59,573.45,573.59,7127.0
2025-08-28 10:15:00,573.6,573.62,573.52,573.55,4197.0
2025-08-28 10:20:00,573.48,573.63,573.39,573.63,1447.0
2025-08-28 10:25:00,573.65,573.69,573.57,573.57,2865.0
2025-08-28 10:30:00,573.47,573.65,573.47,573.6,5454.0
2025-08-28 10:35:00,573.63,573.71,573.52,573.52,5148.0
2025-08-28 10:40:00,573.4,573.4,573.1,573.1,11488.0
2025-08-28 10:45:00,573.13,573.29,573.13,573.26,3403.0
2025-08-28 10:50:00,573.19,573.32,573.19,573.31,1669.0
2025-08-28 10:55:00,573.32,573.35,573.28,573.35,5621.0
2025-08-28 11:00:00,573.37,573.45,573.26,573.29,11131.0
2025-08-28 11:05:00,573.21,573.22,573.03,573.07,4309.0
2025-08-28 11:10:00,573.03,573.03,572.87,572.9,7648.0
2025-08-28 11:15:00,572.93,572.93,572.68,572.68,6534.0
2025-08-28 11:20:00,572.74,572.9,572.74,572.89,4939.0
2025-08-28 11:25:00,572.92,572.92,572.88,572.88,1412.0
2025-08-28 11:30:00,572.86,572.96,572.81,572.96,4097.0
2025-08-28 11:35:00,573.0,573.01,572.85,572.85,6905.0
2025-08-28 11:40:00,572.86,572.95,572.81,572.95,3911.0
2025-08-28 11:45:00,572.96,573.14,572.91,573.07,5683.0
2025-08-28 11:50:00,573.109,573.35,573.109,573.35,7391.0
2025-08-28 11:55:00,573.39,573.52,573.38,573.52,5968.0
2025-08-28 12:00:00,573.5,574.28,571.7,573.68,201799.0
2025-08-28 12:05:00,573.78,573.82,573.56,573.59,17262.0
2025-08-28 12:10:00,573.54,573.54,573.38,573.4386,9885.0
2025-08-28 12:15:00,573.34,573.35,573.17,573.17,31352.0
2025-08-28 12:20:00,573.2,573.2,573.02,573.1201,24674.0
2025-08-28 12:25:00,573.12,573.2,572.99,573.1865,20291.0
2025-08-28 12:30:00,573.22,574.09,573.2,573.8,123077.0
2025-08-28 12:35:00,573.83,574.1,573.6,574.06,55032.0
2025-08-28 12:40:00,574.03,574.55,574.0,574.2,91135.0
2025-08-28 12:45:00,574.21,574.21,573.851,573.92,51698.0
2025-08-28 12:50:00,573.94,574.13,573.8901,574.0,32629.0
2025-08-28 12:55:00,573.95,574.22,573.9,573.95,30315.0
2025-08-28 13:00:00,573.94,574.11,573.92,574.11,25551.0
2025-08-28 13:05:00,574.11,574.21,574.04,574.1,43981.0
2025-08-28 13:10:00,574.1,574.22,574.03,574.2,30838.0
2025-08-28 13:15:00,574.19,574.46,574.12,574.43,60268.0
2025-08-28 13:20:00,574.44,574.5,574.32,574.32,25431.0
2025-08-28 13:25:00,574.25,574.33,573.91,574.08,38909.0
2025-08-28 13:30:00,574.11,576.53,573.84,576.21,1784619.0
2025-08-28 13:35:00,576.2,576.24,575.0858,576.01,1464950.0
2025-08-28 13:40:00,576.0,576.39,575.28,575.59,1100410.0
2025-08-28 13:45:00,575.59,575.75,574.53,574.53,1246919.0
2025-08-28 13:50:00,574.51,574.64,572.96,573.51,1833009.0
2025-08-28 13:55:00,573.49,573.8,572.46,573.348,1264259.0
2025-08-28 14:00:00,573.34,573.96,572.97,573.23,1247948.0
2025-08-28 14:05:00,573.24,574.97,573.11,574.3899,1133412.0
2025-08-28 14:10:00,574.39,574.88,574.27,574.69,602623.0
2025-08-28 14:15:00,574.71,574.89,573.98,574.02,902029.0
2025-08-28 14:20:00,574.01,574.79,574.01,574.345,566619.0
2025-08-28 14:25:00,574.34,574.37,573.69,573.8118,459716.0
2025-08-28 14:30:00,573.84,574.96,573.8,574.59,676165.0
2025-08-28 14:35:00,574.58,574.87,574.17,574.84,447413.0
2025-08-28 14:40:00,574.84,575.53,574.83,575.3601,789252.0
2025-08-28 14:45:00,575.36,575.98,575.13,575.73,593976.0
2025-08-28 14:50:00,575.73,576.0,575.39,575.94,491310.0
2025-08-28 14:55:00,575.96,576.22,575.83,575.85,565573.0
2025-08-28 15:00:00,575.87,575.99,575.56,575.7,439743.0
2025-08-28 15:05:00,575.7,575.9,575.44,575.84,413459.0
2025-08-28 15:10:00,575.85,576.26,575.83,576.15,752797.0
2025-08-28 15:15:00,576.16,576.77,576.09,576.3099,667249.0
2025-08-28 15:20:00,576.28,576.34,575.415,575.6895,545416.0
2025-08-28 15:25:00,575.69,575.69,574.67,574.8599,716964.0
2025-08-28 15:30:00,574.86,575.95,574.82,575.8,510930.0
2025-08-28 15:35:00,575.8,575.96,575.435,575.475,397891.0
2025-08-28 15:40:00,575.5,575.66,575.15,575.22,365051.0
2025-08-28 15:45:00,575.19,575.37,574.92,575.22,446319.0
2025-08-28 15:50:00,575.2299,575.4899,575.03,575.24,318679.0
2025-08-28 15:55:00,575.23,575.48,575.1207,575.2,279757.0
2025-08-28 16:00:00,575.21,575.36,575.09,575.315,224120.0
2025-08-29 09:30:00,574.7,574.76,574.65,574.65,8322.0
2025-08-29 09:35:00,574.8,574.82,574.68,574.79,5540.0
2025-08-29 09:40:00,574.77,574.77,574.56,574.56,8889.0
2025-08-29 09:45:00,574.69,574.75,574.67,574.75,2181.0
2025-08-29 09:50:00,574.65,574.69,574.5,574.5,11516.0
2025-08-29 09:55:00,574.48,574.68,574.47,574.58,3108.0
2025-08-29 10:00:00,574.46,574.5,574.25,574.5,8839.0
2025-08-29 10:05:00,574.45,574.59,574.44,574.57,5674.0
2025-08-29 10:10:00,574.81,574.89,574.64,574.64,12111.0
2025-08-29 10:15:00,574.6,574.72,574.5,574.72,2464.0
2025-08-29 10:20:00,574.7,574.7,574.57,574.61,1766.0
2025-08-29 10:25:00,574.66,574.69,574.56,574.61,6278.0
2025-08-29 10:30:00,574.58,574.58,574.38,574.44,7357.0
2025-08-29 10:35:00,574.51,574.51,574.31,574.38,8841.0
2025-08-29 10:40:00,574.33,574.34,574.23,574.23,2967.0
2025-08-29 10:45:00,574.32,574.38,574.18,574.18,3562.0
2025-08-29 10:50:00,574.37,574.41,574.25,574.25,2423.0
2025-08-29 10:55:00,574.18,574.31,574.0,574.23,43350.0
2025-08-29 11:00:00,574.27,574.46,574.24,574.45,17478.0
2025-08-29 11:05:00,574.44,574.45,574.3,574.4,7621.0
2025-08-29 11:10:00,574.509,574.64,574.509,574.64,6815.0
2025-08-29 11:15:00,574.67,574.75,574.52,574.67,13602.0
2025-08-29 11:20:00,574.67,574.74,574.59,574.62,9906.0
2025-08-29 11:25:00,574.59,574.62,574.47,574.52,6591.0
2025-08-29 11:30:00,574.52,574.52,574.4,574.43,9294.0
2025-08-29 11:35:00,574.49,574.54,574.35,574.41,6394.0
2025-08-29 11:40:00,574.38,574.54,574.38,574.44,1993.0
2025-08-29 11:45:00,574.32,574.41,574.32,574.32,4437.0
2025-08-29 11:50:00,574.3,574.3,574.18,574.24,7155.0
2025-08-29 11:55:00,574.22,574.41,574.22,574.34,5326.0
2025-08-29 12:00:00,574.61,576.66,574.09,574.16,80738.0
2025-08-29 12:05:00,574.11,574.23,573.94,574.0806,43932.0
2025-08-29 12:10:00,574.08,574.16,574.0,574.16,9764.0
2025-08-29 12:15:00,574.2,574.39,574.13,574.14,16864.0
2025-08-29 12:20:00,574.17,574.33,574.12,574.14,20053.0
2025-08-29 12:25:00,574.13,574.36,574.08,574.16,30899.0
2025-08-29 12:30:00,574.01,575.289,574.01,574.9,115022.0
2025-08-29 12:35:00,574.95,575.0,574.54,574.65,100358.0
2025-08-29 12:40:00,574.66,574.75,574.48,574.72,44462.0
2025-08-29 12:45:00,574.67,575.0,574.64,574.94,32820.0
2025-08-29 12:50:00,574.86,574.96,574.7,574.88,20003.0
2025-08-29 12:55:00,574.89,575.0,574.86,574.94,17102.0
2025-08-29 13:00:00,574.93,574.99,574.76,574.96,27226.0
2025-08-29 13:05:00,574.97,574.97,574.75,574.77,13179.0
2025-08-29 13:10:00,574.84,574.85,574.66,574.78,32511.0
2025-08-29 13:15:00,574.7801,574.9,574.65,574.65,61202.0
2025-08-29 13:20:00,574.64,574.9297,574.64,574.72,12272.0
2025-08-29 13:25:00,574.72,575.07,574.59,574.67,85036.0
2025-08-29 13:30:00,574.655,575.03,574.14,574.35,1516931.0
2025-08-29 13:35:00,574.33,574.45,573.266,573.2999,1183282.0
2025-08-29 13:40:00,573.3,574.04,573.12,573.42,1176402.0
2025-08-29 13:45:00,573.42,573.43,571.905,572.03,1576954.0
2025-08-29 13:50:00,572.02,572.805,571.615,572.17,1116464.0
2025-08-29 13:55:00,572.19,572.4399,571.15,571.44,1187023.0
2025-08-29 14:00:00,571.46,572.23,570.53,570.55,1385056.0
2025-08-29 14:05:00,570.53,570.75,569.55,569.975,1540361.0
2025-08-29 14:10:00,569.98,570.31,569.34,569.98,1493440.0
2025-08-29 14:15:00,569.99,570.21,569.25,570.11,1124850.0
2025-08-29 14:20:00,570.12,570.96,570.04,570.66,1372329.0
2025-08-29 14:25:00,570.65,570.96,569.73,570.948,1000560.0
2025-08-29 14:30:00,570.95,571.13,570.41,570.78,726201.0
2025-08-29 14:35:00,570.78,571.33,570.49,571.22,579430.0
2025-08-29 14:40:00,571.19,571.37,570.26,570.29,579822.0
2025-08-29 14:45:00,570.285,570.53,569.61,569.76,1128666.0
2025-08-29 14:50:00,569.76,569.83,569.09,569.435,928249.0
2025-08-29 14:55:00,569.46,569.84,568.96,569.42,974318.0
2025-08-29 15:00:00,569.41,569.93,569.27,569.77,676270.0
2025-08-29 15:05:00,569.78,570.42,569.63,570.35,570573.0
2025-08-29 15:10:00,570.33,570.56,570.14,570.195,437859.0
2025-08-29 15:15:00,570.2,570.52,570.04,570.27,393696.0
2025-08-29 15:20:00,570.24,570.75,570.21,570.685,489954.0
2025-08-29 15:25:00,570.68,570.93,570.405,570.5401,493899.0
2025-08-29 15:30:00,570.53,570.645,569.97,570.005,545067.0
2025-08-29 15:35:00,570.01,570.42,569.8,570.13,387675.0
2025-08-29 15:40:00,570.13,570.34,569.9,569.935,400312.0
2025-08-29 15:45:00,569.94,569.97,569.68,569.75,407505.0
2025-08-29 15:50:00,569.72,570.0,569.4101,569.659,603410.0
2025-08-29 15:55:00,569.65,569.81,569.17,569.32,614570.0
2025-08-29 16:00:00,569.33,569.92,569.26,569.81,538212.0
2025-09-02 09:30:00,566.81,566.83,566.57,566.62,7790.0
2025-09-02 09:35:00,566.74,566.87,566.73,566.73,7165.0
2025-09-02 09:40:00,566.77,566.77,566.55,566.55,4183.0
2025-09-02 09:45:00,566.56,566.58,566.13,566.13,9149.0
2025-09-02 09:50:00,566.22,566.39,565.97,565.97,10000.0
2025-09-02 09:55:00,566.0,566.09,565.98,566.0,14272.0
2025-09-02 10:00:00,565.96,566.09,565.94,566.09,3579.0
2025-09-02 10:05:00,566.07,566.32,565.95,566.31,8316.0
2025-09-02 10:10:00,566.3,566.44,566.14,566.16,2679.0
2025-09-02 10:15:00,566.14,566.18,565.74,565.74,7722.0
2025-09-02 10:20:00,565.71,565.8,565.36,565.38,12839.0
2025-09-02 10:25:00,565.38,565.54,564.9,565.11,55888.0
2025-09-02 10:30:00,565.03,565.25,564.78,565.12,43869.0
2025-09-02 10:35:00,565.06,565.28,565.06,565.28,30443.0
2025-09-02 10:40:00,565.2,565.24,564.59,565.09,23427.0
2025-09-02 10:45:00,565.15,565.18,564.95,564.95,8532.0
2025-09-02 10:50:00,564.99,564.99,564.8,564.85,18851.0
2025-09-02 10:55:00,564.92,565.05,564.77,565.0,18554.0
2025-09-02 11:00:00,565.07,565.19,564.65,564.65,20284.0
2025-09-02 11:05:00,564.61,564.66,564.53,564.56,7722.0
2025-09-02 11:10:00,564.5,564.86,564.35,564.82,6546.0
2025-09-02 11:15:00,564.8,565.03,564.8,564.85,11544.0
2025-09-02 11:20:00,564.67,564.8,564.47,564.77,11328.0
2025-09-02 11:25:00,564.73,564.98,564.56,564.56,20887.0
2025-09-02 11:30:00,564.43,564.7,564.43,564.53,10756.0
2025-09-02 11:35:00,564.53,564.68,564.46,564.501,14962.0
2025-09-02 11:40:00,564.56,565.0,564.55,564.55,56704.0
2025-09-02 11:45:00,564.68,564.82,564.56,564.581,20849.0
2025-09-02 11:50:00,564.55,564.61,564.23,564.61,16450.0
2025-09-02 11:55:00,564.53,564.64,564.33,564.36,10883.0
2025-09-02 12:00:00,564.77,570.827,563.51,563.6,273191.0
2025-09-02 12:05:00,563.63,563.76,563.21,563.21,94578.0
2025-09-02 12:10:00,563.24,563.35,562.93,563.22,59675.0
2025-09-02 12:15:00,563.2,563.37,563.12,563.12,46805.0
2025-09-02 12:20:00,563.06,563.19,562.78,562.78,59359.0
2025-09-02 12:25:00,562.78,563.1,562.74,562.92,33178.0
2025-09-02 12:30:00,562.8982,562.99,562.55,562.8099,53370.0
2025-09-02 12:35:00,562.78,562.97,562.35,562.38,50738.0
2025-09-02 12:40:00,562.36,562.38,561.91,562.05,75334.0
2025-09-02 12:45:00,562.13,562.15,561.77,561.91,62012.0
2025-09-02 12:50:00,561.88,562.33,560.57,561.25,146483.0
2025-09-02 12:55:00,561.16,561.71,560.81,561.29,128550.0
2025-09-02 13:00:00,561.25,561.4,560.83,561.36,68030.0
2025-09-02 13:05:00,561.4,561.66,561.3,561.3,66623.0
2025-09-02 13:10:00,561.28,561.97,561.22,561.89,64768.0
2025-09-02 13:15:00,561.85,561.9,561.61,561.64,17128.0
2025-09-02 13:20:00,561.64,561.91,561.52,561.86,26348.0
2025-09-02 13:25:00,561.81,562.02,561.1,561.32,74128.0
2025-09-02 13:30:00,561.31,561.36,559.535,560.91,3746642.0
2025-09-02 13:35:00,560.89,562.85,560.8401,562.14,2279643.0
2025-09-02 13:40:00,562.12,563.19,561.98,562.5662,1548202.0
2025-09-02 13:45:00,562.52,563.76,562.27,563.71,1759530.0
2025-09-02 13:50:00,563.72,564.99,563.54,564.99,1685943.0
2025-09-02 13:55:00,564.98,565.23,564.27,564.585,1184270.0
2025-09-02 14:00:00,564.61,565.7,564.21,564.4101,1651983.0
2025-09-02 14:05:00,564.48,564.58,563.85,564.015,1170327.0
2025-09-02 14:10:00,564.04,564.71,563.66,563.95,1222077.0
2025-09-02 14:15:00,563.94,564.68,563.44,564.32,992450.0
2025-09-02 14:20:00,564.31,565.1,563.8,563.89,1037176.0
2025-09-02 14:25:00,563.88,565.26,563.62,565.24,1080362.0
2025-09-02 14:30:00,565.22,565.22,564.39,564.98,779992.0
2025-09-02 14:35:00,564.97,565.22,564.19,564.35,665074.0
2025-09-02 14:40:00,564.36,564.37,563.23,563.315,934601.0
2025-09-02 14:45:00,563.34,563.45,562.38,562.42,966718.0
2025-09-02 14:50:00,562.42,562.86,562.19,562.589,741098.0
2025-09-02 14:55:00,562.57,562.9587,562.23,562.85,777135.0
2025-09-02 15:00:00,562.86,563.25,562.37,562.39,632468.0
2025-09-02 15:05:00,562.39,562.46,561.93,562.2899,704977.0
2025-09-02 15:10:00,562.31,562.58,561.89,562.055,506642.0
2025-09-02 15:15:00,562.06,562.17,561.26,561.49,712045.0
2025-09-02 15:20:00,561.5,561.73,561.24,561.63,604093.0
2025-09-02 15:25:00,561.62,561.9724,561.52,561.58,650725.0
2025-09-02 15:30:00,561.57,561.57,561.04,561.06,537779.0
2025-09-02 15:35:00,561.07,561.09,560.26,560.288,950192.0
2025-09-02 15:40:00,560.29,560.55,560.15,560.24,589035.0
2025-09-02 15:45:00,560.25,560.51,560.1,560.195,477547.0
2025-09-02 15:50:00,560.19,560.21,559.57,559.83,774146.0
2025-09-02 15:55:00,559.82,560.31,559.6313,560.09,661317.0
2025-09-02 16:00:00,560.09,560.49,559.93,559.99,662105.0
2025-09-03 09:30:00,569.36,569.37,569.12,569.36,4665.0
2025-09-03 09:35:00,569.29,569.55,569.29,569.51,8052.0
2025-09-03 09:40:00,569.56,569.75,569.55,569.62,10676.0
2025-09-03 09:45:00,569.68,569.68,569.49,569.52,3387.0
2025-09-03 09:50:00,569.52,569.7,569.52,569.7,1565.0
2025-09-03 09:55:00,569.61,569.64,569.61,569.62,1392.0
2025-09-03 10:00:00,569.61,569.7,569.53,569.57,4032.0
2025-09-03 10:05:00,569.65,569.69,569.48,569.48,3252.0
2025-09-03 10:10:00,569.5,569.5,569.36,569.4,3484.0
2025-09-03 10:15:00,569.46,569.47,569.29,569.38,4984.0
2025-09-03 10:20:00,569.45,569.5,569.41,569.45,7589.0
2025-09-03 10:25:00,569.5,569.67,569.47,569.67,4504.0
2025-09-03 10:30:00,569.68,569.84,569.62,569.62,7256.0
2025-09-03 10:35:00,569.55,569.57,569.36,569.55,42645.0
2025-09-03 10:40:00,569.55,569.55,569.44,569.52,3947.0
2025-09-03 10:45:00,569.53,569.62,569.5,569.61,6393.0
2025-09-03 10:50:00,569.55,569.73,569.55,569.73,2700.0
2025-09-03 10:55:00,569.71,569.76,569.61,569.71,5313.0
2025-09-03 11:00:00,569.69,569.96,569.66,569.91,16218.0
2025-09-03 11:05:00,569.96,570.01,569.71,569.84,36991.0
2025-09-03 11:10:00,569.83,570.08,569.83,569.87,18537.0
2025-09-03 11:15:00,569.76,569.8,569.6,569.69,31074.0
2025-09-03 11:20:00,569.75,569.75,569.53,569.63,7581.0
2025-09-03 11:25:00,569.69,569.69,569.32,569.32,9097.0
2025-09-03 11:30:00,569.3,569.33,568.92,569.3,24985.0
2025-09-03 11:35:00,569.5,569.699,569.48,569.54,19146.0
2025-09-03 11:40:00,569.53,569.87,569.49,569.84,32845.0
2025-09-03 11:45:00,569.81,569.9,569.55,569.55,57279.0
2025-09-03 11:50:00,569.54,569.59,569.44,569.5,24888.0
2025-09-03 11:55:00,569.45,569.459,568.95,569.1,82510.0
2025-09-03 12:00:00,569.14,570.0403,566.044,569.56,178696.0
2025-09-03 12:05:00,569.54,569.65,569.47,569.55,14966.0
2025-09-03 12:10:00,569.57,569.78,569.56,569.78,15439.0
2025-09-03 12:15:00,569.8,569.85,569.7,569.73,15578.0
2025-09-03 12:20:00,569.79,569.84,569.51,569.51,9819.0
2025-09-03 12:25:00,569.51,569.7,569.47,569.5899,15274.0
2025-09-03 12:30:00,569.59,569.591,568.72,568.8301,87970.0
2025-09-03 12:35:00,568.87,569.45,568.87,569.4,31197.0
2025-09-03 12:40:00,569.4,569.5691,569.23,569.33,38503.0
2025-09-03 12:45:00,569.34,569.49,569.25,569.41,50328.0
2025-09-03 12:50:00,569.46,569.46,569.27,569.29,31559.0
2025-09-03 12:55:00,569.29,569.42,569.22,569.27,37937.0
2025-09-03 13:00:00,569.27,569.52,569.1,569.46,30971.0
2025-09-03 13:05:00,569.46,569.79,569.46,569.64,74542.0
2025-09-03 13:10:00,569.65,569.94,569.65,569.93,35863.0
2025-09-03 13:15:00,569.9,569.98,569.7,569.92,52166.0
2025-09-03 13:20:00,569.93,570.06,569.6,569.6,53787.0
2025-09-03 13:25:00,569.61,569.76,569.25,569.33,90757.0
2025-09-03 13:30:00,569.23,569.6,568.21,568.65,1812301.0
2025-09-03 13:35:00,568.69,569.17,568.03,568.55,1137299.0
2025-09-03 13:40:00,568.53,568.88,568.1,568.64,991338.0
2025-09-03 13:45:00,568.64,568.96,567.98,568.81,1147873.0
2025-09-03 13:50:00,568.82,569.44,568.65,568.87,923137.0
2025-09-03 13:55:00,568.87,569.01,568.1,568.28,812669.0
2025-09-03 14:00:00,568.27,569.89,568.06,569.5772,1098661.0
2025-09-03 14:05:00,569.58,570.13,569.32,569.51,854392.0
2025-09-03 14:10:00,569.51,569.93,568.3,568.51,1065791.0
2025-09-03 14:15:00,568.52,569.8,568.51,569.7351,883472.0
2025-09-03 14:20:00,569.71,570.04,569.49,569.92,695362.0
2025-09-03 14:25:00,569.92,570.41,569.45,569.51,1061871.0
2025-09-03 14:30:00,569.51,570.55,569.49,570.52,627935.0
2025-09-03 14:35:00,570.5,570.75,570.395,570.6551,599138.0
2025-09-03 14:40:00,570.62,571.47,570.62,571.29,1034217.0
2025-09-03 14:45:00,571.27,571.65,571.03,571.5,718026.0
2025-09-03 14:50:00,571.5,571.695,571.06,571.35,683724.0
2025-09-03 14:55:00,571.35,571.45,571.1342,571.32,404263.0
2025-09-03 15:00:00,571.31,571.49,571.06,571.31,773989.0
2025-09-03 15:05:00,571.3,571.465,570.885,571.25,548739.0
2025-09-03 15:10:00,571.29,571.4,570.86,570.9,413640.0
2025-09-03 15:15:00,570.9,571.01,570.5198,570.725,456133.0
2025-09-03 15:20:00,570.72,570.82,570.0599,570.385,489105.0
2025-09-03 15:25:00,570.36,570.4,569.19,569.28,776019.0
2025-09-03 15:30:00,569.26,569.45,568.865,569.09,1028372.0
2025-09-03 15:35:00,569.08,569.66,569.08,569.64,914790.0
2025-09-03 15:40:00,569.64,569.84,569.362,569.44,416608.0
2025-09-03 15:45:00,569.43,569.52,568.93,569.3199,484436.0
2025-09-03 15:50:00,569.31,569.63,569.04,569.415,468672.0
2025-09-03 15:55:00,569.39,569.39,568.78,569.0866,429946.0
2025-09-03 16:00:00,569.07,569.24,568.75,568.99,799894.0
2025-09-04 09:30:00,571.23,571.38,571.22,571.37,2372.0
2025-09-04 09:35:00,571.35,571.44,571.33,571.42,4642.0
2025-09-04 09:40:00,571.42,571.44,571.4,571.4,4719.0
2025-09-04 09:45:00,571.37,571.47,571.37,571.47,5242.0
2025-09-04 09:50:00,571.36,571.38,571.23,571.34,2873.0
2025-09-04 09:55:00,571.35,571.65,571.35,571.62,13429.0
2025-09-04 10:00:00,571.62,571.83,571.62,571.79,8767.0
2025-09-04 10:05:00,571.8,571.81,571.74,571.81,8987.0
2025-09-04 10:10:00,571.74,572.03,571.67,572.0,10997.0
2025-09-04 10:15:00,571.97,571.97,571.7,571.7,9564.0
2025-09-04 10:20:00,571.71,571.72,571.51,571.51,5802.0
2025-09-04 10:25:00,571.44,571.47,571.26,571.29,4218.0
2025-09-04 10:30:00,571.29,571.56,571.29,571.45,7744.0
2025-09-04 10:35:00,571.53,571.58,571.52,571.53,4939.0
2025-09-04 10:40:00,571.53,571.66,571.53,571.66,3878.0
2025-09-04 10:45:00,571.58,571.58,571.48,571.48,1096.0
2025-09-04 10:50:00,571.51,571.58,571.48,571.58,34617.0
2025-09-04 10:55:00,571.57,571.57,571.43,571.44,4798.0
2025-09-04 11:00:00,571.43,571.71,571.34,571.66,13537.0
2025-09-04 11:05:00,571.66,571.7,571.54,571.6,4190.0
2025-09-04 11:10:00,571.48,571.65,571.42,571.65,3456.0
2025-09-04 11:15:00,571.63,571.67,571.46,571.46,1650.0
2025-09-04 11:20:00,571.44,571.45,571.16,571.25,3453.0
2025-09-04 11:25:00,571.29,571.36,571.04,571.15,12822.0
2025-09-04 11:30:00,571.15,571.33,571.12,571.33,10807.0
2025-09-04 11:35:00,571.25,571.26,571.15,571.17,5690.0
2025-09-04 11:40:00,571.2,571.43,571.17,571.36,10615.0
2025-09-04 11:45:00,571.37,571.37,571.0,571.07,8240.0
2025-09-04 11:50:00,571.1,571.11,570.75,570.92,11152.0
2025-09-04 11:55:00,570.98,571.1,570.97,571.09,20665.0
2025-09-04 12:00:00,571.5,571.7904,570.17,571.4,92915.0
2025-09-04 12:05:00,571.36,571.51,571.31,571.4,14247.0
2025-09-04 12:10:00,571.47,571.71,571.45,571.55,21214.0
2025-09-04 12:15:00,571.66,571.76,570.97,570.97,30090.0
2025-09-04 12:20:00,570.9599,570.99,570.81,570.96,74986.0
2025-09-04 12:25:00,570.96,571.02,570.81,570.97,11257.0
2025-09-04 12:30:00,571.15,571.35,570.7,570.71,60169.0
2025-09-04 12:35:00,570.67,570.87,570.62,570.81,28891.0
2025-09-04 12:40:00,570.84,570.92,570.55,570.69,32172.0
2025-09-04 12:45:00,570.66,570.87,570.48,570.83,42338.0
2025-09-04 12:50:00,570.83,570.92,570.68,570.6808,21436.0
2025-09-04 12:55:00,570.72,570.94,570.72,570.84,18958.0
2025-09-04 13:00:00,570.8,570.83,570.54,570.6,21582.0
2025-09-04 13:05:00,570.61,570.61,570.36,570.54,35650.0
2025-09-04 13:10:00,570.58,570.58,570.32,570.42,44351.0
2025-09-04 13:15:00,570.39,570.55,570.31,570.52,24469.0
2025-09-04 13:20:00,570.5492,570.55,570.36,570.36,13356.0
2025-09-04 13:25:00,570.33,570.86,570.26,570.77,70627.0
2025-09-04 13:30:00,570.74,572.05,570.18,572.04,1645856.0
2025-09-04 13:35:00,572.04,572.35,570.7707,571.0,1203562.0
2025-09-04 13:40:00,570.98,571.29,570.2912,570.92,966890.0
2025-09-04 13:45:00,570.92,571.51,570.24,570.83,1013187.0
2025-09-04 13:50:00,570.83,571.27,570.39,570.6,721442.0
2025-09-04 13:55:00,570.6,571.0,570.23,570.61,572097.0
2025-09-04 14:00:00,570.83,570.86,569.4242,569.515,1035703.0
2025-09-04 14:05:00,569.56,570.09,569.32,569.78,843935.0
2025-09-04 14:10:00,569.77,570.48,569.61,569.69,837884.0
2025-09-04 14:15:00,569.68,569.95,569.025,569.83,888008.0
2025-09-04 14:20:00,569.85,570.72,569.79,570.67,776673.0
2025-09-04 14:25:00,570.66,571.0518,570.32,570.77,672133.0
2025-09-04 14:30:00,570.74,571.39,570.72,571.16,686841.0
2025-09-04 14:35:00,571.16,571.92,571.14,571.66,938643.0
2025-09-04 14:40:00,571.68,571.7704,571.08,571.2,610665.0
2025-09-04 14:45:00,571.2,571.7,571.0407,571.68,401349.0
2025-09-04 14:50:00,571.67,571.82,571.26,571.63,527052.0
2025-09-04 14:55:00,571.61,571.74,571.2,571.738,390812.0
2025-09-04 15:00:00,571.73,572.0,571.71,571.81,467842.0
2025-09-04 15:05:00,571.815,572.16,571.7,571.925,485259.0
2025-09-04 15:10:00,571.92,572.0,571.01,571.3201,704596.0
2025-09-04 15:15:00,571.335,572.105,571.32,572.09,490123.0
2025-09-04 15:20:00,572.075,572.34,571.95,572.09,652285.0
2025-09-04 15:25:00,572.085,572.53,572.04,572.3,579636.0
2025-09-04 15:30:00,572.32,572.38,571.86,572.05,538446.0
2025-09-04 15:35:00,572.04,572.065,571.62,571.88,345466.0
2025-09-04 15:40:00,571.88,572.22,571.67,571.95,331193.0
2025-09-04 15:45:00,571.96,572.23,571.7801,572.2,263590.0
2025-09-04 15:50:00,572.2,572.4402,571.96,572.4399,333507.0
2025-09-04 15:55:00,572.43,572.52,572.12,572.12,338491.0
2025-09-04 16:00:00,572.125,572.17,571.85,572.118,333787.0
2025-09-05 09:30:00,578.31,578.45,578.31,578.39,10520.0
2025-09-05 09:35:00,578.42,578.42,578.32,578.32,4496.0
2025-09-05 09:40:00,578.29,578.29,578.26,578.29,1282.0
2025-09-05 09:45:00,578.35,578.4,578.32,578.4,1679.0
2025-09-05 09:50:00,578.39,578.41,578.39,578.4,4047.0
2025-09-05 09:55:00,578.37,578.37,578.27,578.28,4576.0
2025-09-05 10:00:00,578.31,578.31,578.2,578.21,3216.0
2025-09-05 10:05:00,578.19,578.19,578.06,578.14,8830.0
2025-09-05 10:10:00,578.17,578.32,578.14,578.27,3701.0
2025-09-05 10:15:00,578.3,578.38,578.3,578.38,3881.0
2025-09-05 10:20:00,578.26,578.36,578.26,578.27,7283.0
2025-09-05 10:25:00,578.28,578.4,578.27,578.33,14166.0
2025-09-05 10:30:00,578.34,578.37,578.28,578.31,7095.0
2025-09-05 10:35:00,578.31,578.4,578.31,578.39,14376.0
2025-09-05 10:40:00,578.38,578.43,578.35,578.4,5060.0
2025-09-05 10:45:00,578.38,578.4,578.34,578.4,10282.0
2025-09-05 10:50:00,578.4,578.4,578.32,578.32,13269.0
2025-09-05 10:55:00,578.32,578.32,578.22,578.23,7610.0
2025-09-05 11:00:00,578.11,578.37,578.06,578.37,11430.0
2025-09-05 11:05:00,578.36,578.45,578.31,578.44,11842.0
2025-09-05 11:10:00,578.42,578.55,578.42,578.55,4796.0
2025-09-05 11:15:00,578.58,578.61,578.51,578.51,7735.0
2025-09-05 11:20:00,578.5,578.7,578.5,578.61,11238.0
2025-09-05 11:25:00,578.66,578.68,578.58,578.58,6020.0
2025-09-05 11:30:00,578.599,578.599,578.34,578.4,7187.0
2025-09-05 11:35:00,578.45,578.53,578.4,578.4,10787.0
2025-09-05 11:40:00,578.35,578.36,578.25,578.34,6678.0
2025-09-05 11:45:00,578.33,578.4,578.25,578.25,5697.0
2025-09-05 11:50:00,578.28,578.45,578.28,578.35,3377.0
2025-09-05 11:55:00,578.26,578.26,577.98,577.98,8032.0
2025-09-05 12:00:00,578.36,578.7,574.799,578.3236,186862.0
2025-09-05 12:05:00,578.31,578.54,578.09,578.33,20292.0
2025-09-05 12:10:00,578.27,578.34,578.15,578.3,11654.0
2025-09-05 12:15:00,578.32,578.56,578.29,578.29,33102.0
2025-09-05 12:20:00,578.3,578.3193,578.04,578.1599,38677.0
2025-09-05 12:25:00,578.13,578.36,578.0701,578.16,43558.0
2025-09-05 12:30:00,578.4,579.43,576.92,579.43,541238.0
2025-09-05 12:35:00,579.34,579.73,578.82,579.03,348183.0
2025-09-05 12:40:00,579.04,579.37,578.51,579.36,157283.0
2025-09-05 12:45:00,579.44,579.68,579.2,579.63,112187.0
2025-09-05 12:50:00,579.63,580.3,579.6,580.25,168951.0
2025-09-05 12:55:00,580.28,580.46,579.95,580.45,131076.0
2025-09-05 13:00:00,580.45,580.85,580.37,580.69,117339.0
2025-09-05 13:05:00,580.74,581.01,580.66,580.69,167110.0
2025-09-05 13:10:00,580.68,580.78,580.51,580.69,258947.0
2025-09-05 13:15:00,580.66,580.93,580.47,580.9,63275.0
2025-09-05 13:20:00,580.88,580.89,580.5,580.69,72340.0
2025-09-05 13:25:00,580.66,580.97,580.4,580.48,82056.0
2025-09-05 13:30:00,580.49,581.12,579.78,579.83,3268819.0
2025-09-05 13:35:00,579.835,580.03,579.21,579.56,1821480.0
2025-09-05 13:40:00,579.57,580.65,579.5,580.46,1617576.0
2025-09-05 13:45:00,580.47,580.76,579.54,580.57,1486828.0
2025-09-05 13:50:00,580.58,580.9,579.44,580.185,1943276.0
2025-09-05 13:55:00,580.18,580.2,579.29,579.95,1005330.0
2025-09-05 14:00:00,579.92,579.94,578.78,579.53,1264623.0
2025-09-05 14:05:00,579.53,579.57,578.31,578.56,1600371.0
2025-09-05 14:10:00,578.55,578.7,577.55,577.57,1180660.0
2025-09-05 14:15:00,577.59,577.75,576.02,576.13,1814558.0
2025-09-05 14:20:00,576.08,577.025,575.13,575.33,1619125.0
2025-09-05 14:25:00,575.35,575.9,574.52,575.129,1787658.0
2025-09-05 14:30:00,575.1,575.41,574.57,574.95,1186595.0
2025-09-05 14:35:00,574.97,575.23,574.0,574.25,1166548.0
2025-09-05 14:40:00,574.23,574.78,573.58,574.02,1125249.0
2025-09-05 14:45:00,574.03,574.03,573.015,573.55,1236485.0
2025-09-05 14:50:00,573.54,574.675,572.94,574.665,1608825.0
2025-09-05 14:55:00,574.62,574.75,572.5,572.5542,1601621.0
2025-09-05 15:00:00,572.56,572.87,571.78,572.25,1402000.0
2025-09-05 15:05:00,572.27,572.8801,572.0299,572.32,991470.0
2025-09-05 15:10:00,572.3,573.22,571.53,573.185,1097637.0
2025-09-05 15:15:00,573.165,573.695,572.9,573.29,974381.0
2025-09-05 15:20:00,573.29,574.23,573.16,574.14,936227.0
2025-09-05 15:25:00,574.1201,574.73,573.73,574.63,751985.0
2025-09-05 15:30:00,574.62,574.785,573.995,574.33,861434.0
2025-09-05 15:35:00,574.34,575.26,574.34,574.9,740893.0
2025-09-05 15:40:00,574.9,575.5,574.81,575.345,486181.0
2025-09-05 15:45:00,575.33,575.33,574.36,575.04,874394.0
2025-09-05 15:50:00,575.07,575.115,574.21,574.53,659276.0
2025-09-05 15:55:00,574.51,574.88,573.92,574.27,616886.0
2025-09-05 16:00:00,574.26,574.59,573.71,574.09,621164.0
2025-09-08 09:30:00,577.9,578.02,577.83,578.0,6487.0
2025-09-08 09:35:00,577.99,578.01,577.92,577.93,7688.0
2025-09-08 09:40:00,577.93,577.99,577.88,577.97,7652.0
2025-09-08 09:45:00,577.95,578.08,577.95,578.08,2342.0
2025-09-08 09:50:00,578.09,578.38,578.09,578.38,7311.0
2025-09-08 09:55:00,578.34,578.34,578.26,578.26,1322.0
2025-09-08 10:00:00,578.32,578.32,578.22,578.22,4110.0
2025-09-08 10:05:00,578.2,578.3,578.17,578.3,3641.0
2025-09-08 10:10:00,578.34,578.43,578.3,578.42,5085.0
2025-09-08 10:15:00,578.43,578.43,578.22,578.29,5423.0
2025-09-08 10:20:00,578.33,578.41,578.28,578.41,7289.0
2025-09-08 10:25:00,578.34,578.36,578.29,578.33,9163.0
2025-09-08 10:30:00,578.32,578.44,578.3,578.43,8462.0
2025-09-08 10:35:00,578.48,578.53,578.28,578.3,8823.0
2025-09-08 10:40:00,578.28,578.38,578.28,578.38,7387.0
2025-09-08 10:45:00,578.37,578.38,578.22,578.22,3683.0
2025-09-08 10:50:00,578.29,578.29,578.18,578.2,1296.0
2025-09-08 10:55:00,578.13,578.14,578.03,578.13,2405.0
2025-09-08 11:00:00,578.07,578.11,577.951,578.06,10150.0
2025-09-08 11:05:00,578.1,578.19,578.1,578.13,19057.0
2025-09-08 11:10:00,578.18,578.23,578.18,578.23,2826.0
2025-09-08 11:15:00,578.3,578.3,578.08,578.23,6887.0
2025-09-08 11:20:00,578.24,578.24,578.04,578.05,10632.0
2025-09-08 11:25:00,578.01,578.22,578.01,578.19,1575.0
2025-09-08 11:30:00,578.25,578.3,578.12,578.12,2036.0
2025-09-08 11:35:00,578.11,578.14,578.09,578.09,1321.0
2025-09-08 11:40:00,578.16,578.23,578.16,578.23,5312.0
2025-09-08 11:45:00,578.19,578.19,578.03,578.09,4258.0
2025-09-08 11:50:00,578.09,578.23,578.09,578.23,3893.0
2025-09-08 11:55:00,578.24,578.27,577.86,577.87,9003.0
2025-09-08 12:00:00,578.06,578.39,577.1,577.9,90060.0
2025-09-08 12:05:00,577.85,577.8599,575.628,577.71,20358.0
2025-09-08 12:10:00,577.64,577.66,577.4313,577.47,14045.0
2025-09-08 12:15:00,577.51,577.67,577.47,577.6395,9237.0
2025-09-08 12:20:00,577.54,577.64,577.45,577.49,11905.0
2025-09-08 12:25:00,577.6,577.71,577.58,577.61,12273.0
2025-09-08 12:30:00,577.6499,577.9899,577.6499,577.87,32492.0
2025-09-08 12:35:00,577.91,577.93,577.73,577.78,16258.0
2025-09-08 12:40:00,577.79,577.79,577.7,577.75,15992.0
2025-09-08 12:45:00,577.81,577.99,577.65,577.94,15852.0
2025-09-08 12:50:00,577.98,578.06,577.91,578.06,11395.0
2025-09-08 12:55:00,578.07,578.24,578.07,578.16,30795.0
2025-09-08 13:00:00,578.25,578.31,578.11,578.2875,19779.0
2025-09-08 13:05:00,578.29,578.29,578.07,578.07,30080.0
2025-09-08 13:10:00,578.04,578.31,578.04,578.3,16714.0
2025-09-08 13:15:00,578.27,578.43,578.27,578.37,32286.0
2025-09-08 13:20:00,578.42,578.58,578.35,578.37,34024.0
2025-09-08 13:25:00,578.31,578.63,578.21,578.32,32265.0
2025-09-08 13:30:00,578.37,579.22,578.07,579.2,1930112.0
2025-09-08 13:35:00,579.21,579.89,578.66,578.82,1343655.0
2025-09-08 13:40:00,578.815,579.83,578.81,579.48,1047017.0
2025-09-08 13:45:00,579.47,579.97,579.08,579.9,1428728.0
2025-09-08 13:50:00,579.9,580.3,579.45,580.29,1491374.0
2025-09-08 13:55:00,580.29,580.56,579.82,579.84,1742284.0
2025-09-08 14:00:00,579.84,580.1101,579.38,580.095,956205.0
2025-09-08 14:05:00,580.09,580.4,579.85,580.04,962749.0
2025-09-08 14:10:00,580.03,580.19,579.56,579.74,805422.0
2025-09-08 14:15:00,579.73,579.81,579.01,579.13,795121.0
2025-09-08 14:20:00,579.12,579.46,578.87,579.31,693299.0
2025-09-08 14:25:00,579.29,580.39,579.27,580.25,652140.0
2025-09-08 14:30:00,580.24,580.66,579.99,580.13,706320.0
2025-09-08 14:35:00,580.12,580.6458,580.01,580.4799,367264.0
2025-09-08 14:40:00,580.5,580.8,580.42,580.68,480147.0
2025-09-08 14:45:00,580.68,580.84,580.51,580.59,597222.0
2025-09-08 14:50:00,580.56,580.56,580.26,580.46,716246.0
2025-09-08 14:55:00,580.46,580.65,580.13,580.16,459948.0
2025-09-08 15:00:00,580.15,580.36,580.06,580.22,549736.0
2025-09-08 15:05:00,580.22,580.38,580.16,580.305,306835.0
2025-09-08 15:10:00,580.31,580.67,580.31,580.5,408631.0
2025-09-08 15:15:00,580.5,580.5,579.82,579.9,548179.0
2025-09-08 15:20:00,579.92,580.0499,579.79,579.93,395365.0
2025-09-08 15:25:00,579.93,580.58,579.895,580.565,465339.0
2025-09-08 15:30:00,580.56,580.74,580.34,580.43,380311.0
2025-09-08 15:35:00,580.43,580.53,580.3,580.435,275148.0
2025-09-08 15:40:00,580.44,580.44,580.1454,580.21,242257.0
2025-09-08 15:45:00,580.21,580.25,579.46,579.81,686443.0
2025-09-08 15:50:00,579.79,580.3,579.66,580.24,869306.0
2025-09-08 15:55:00,580.23,580.56,580.22,580.49,330033.0
2025-09-08 16:00:00,580.49,580.5,579.99,580.0622,363321.0
2025-09-09 09:30:00,579.99,580.04,579.97,579.98,7436.0
2025-09-09 09:35:00,580.08,580.08,580.05,580.06,3329.0
2025-09-09 09:40:00,580.07,580.17,579.99,580.04,3985.0
2025-09-09 09:45:00,580.04,580.05,580.0,580.04,894.0
2025-09-09 09:50:00,580.0,580.01,579.9,580.01,1594.0
2025-09-09 09:55:00,579.9,580.02,579.86,579.88,4679.0
2025-09-09 10:00:00,579.89,579.97,579.85,579.85,798.0
2025-09-09 10:05:00,579.97,580.0,579.97,579.99,2107.0
2025-09-09 10:10:00,580.05,580.19,580.01,580.12,5025.0
2025-09-09 10:15:00,580.12,580.18,580.11,580.11,1359.0
2025-09-09 10:20:00,580.12,580.14,580.12,580.13,1001.0
2025-09-09 10:25:00,580.1,580.11,579.99,579.99,1682.0
2025-09-09 10:30:00,579.98,580.02,579.84,580.02,4912.0
2025-09-09 10:35:00,579.99,580.09,579.97,580.09,10331.0
2025-09-09 10:40:00,580.14,580.24,580.14,580.19,1099.0
2025-09-09 10:45:00,580.05,580.05,579.91,579.91,2605.0
2025-09-09 10:50:00,579.88,579.95,579.76,579.82,7422.0
2025-09-09 10:55:00,579.82,579.89,579.81,579.89,2170.0
2025-09-09 11:00:00,579.91,579.91,579.73,579.74,3500.0
2025-09-09 11:05:00,579.77,579.8,579.7,579.79,4085.0
2025-09-09 11:10:00,579.83,579.83,579.55,579.6,5024.0
2025-09-09 11:15:00,579.58,579.59,579.13,579.22,6487.0
2025-09-09 11:20:00,579.16,579.31,579.16,579.25,6711.0
2025-09-09 11:25:00,579.43,579.43,579.34,579.34,12046.0
2025-09-09 11:30:00,579.44,579.62,579.44,579.62,2922.0
2025-09-09 11:35:00,579.57,579.63,579.57,579.63,2480.0
2025-09-09 11:40:00,579.64,579.68,579.58,579.68,11234.0
2025-09-09 11:45:00,579.68,580.0,579.68,580.0,12999.0
2025-09-09 11:50:00,579.95,580.02,579.95,580.02,5734.0
2025-09-09 11:55:00,580.01,580.05,579.91,580.05,5662.0
2025-09-09 12:00:00,579.8,580.82,579.1682,579.96,93843.0
2025-09-09 12:05:00,579.97,579.9994,579.93,579.93,4180.0
2025-09-09 12:10:00,579.95,580.21,579.95,580.18,11440.0
2025-09-09 12:15:00,580.1,580.19,579.97,579.98,15393.0
2025-09-09 12:20:00,580.07,580.14,579.93,579.93,95300.0
2025-09-09 12:25:00,579.89,580.08,579.89,580.08,11074.0
2025-09-09 12:30:00,580.05,580.05,579.6795,579.87,19432.0
2025-09-09 12:35:00,579.9,580.07,579.8399,580.02,19538.0
2025-09-09 12:40:00,580.02,580.06,579.8,579.83,25944.0
2025-09-09 12:45:00,579.82,579.92,579.77,579.78,8053.0
2025-09-09 12:50:00,579.75,579.78,579.6694,579.77,8611.0
2025-09-09 12:55:00,579.7701,579.87,579.75,579.78,7872.0
2025-09-09 13:00:00,579.79,579.79,578.84,579.01,75338.0
2025-09-09 13:05:00,579.03,579.48,578.83,579.48,145667.0
2025-09-09 13:10:00,579.4,579.46,579.19,579.342,36340.0
2025-09-09 13:15:00,579.31,579.38,579.2,579.21,20770.0
2025-09-09 13:20:00,579.21,579.4,579.13,579.24,45636.0
2025-09-09 13:25:00,579.28,579.7,579.28,579.65,40073.0
2025-09-09 13:30:00,579.67,580.2,579.38,579.85,1503121.0
2025-09-09 13:35:00,579.85,579.96,579.41,579.65,908517.0
2025-09-09 13:40:00,579.65,579.85,579.23,579.83,730063.0
2025-09-09 13:45:00,579.81,579.97,579.4,579.51,745121.0
2025-09-09 13:50:00,579.52,579.57,578.93,578.99,731654.0
2025-09-09 13:55:00,578.98,579.64,578.84,579.2,709797.0
2025-09-09 14:00:00,579.2,579.6,578.35,578.7,1325858.0
2025-09-09 14:05:00,578.68,579.61,578.55,579.57,888544.0
2025-09-09 14:10:00,579.58,580.03,579.46,579.67,747369.0
2025-09-09 14:15:00,579.68,579.8,579.07,579.21,638060.0
2025-09-09 14:20:00,579.22,579.49,579.1799,579.24,356419.0
2025-09-09 14:25:00,579.26,579.35,578.81,579.08,514247.0
2025-09-09 14:30:00,579.07,579.11,577.68,577.7,874325.0
2025-09-09 14:35:00,577.71,577.87,577.21,577.43,1447758.0
2025-09-09 14:40:00,577.44,577.79,577.04,577.45,1001940.0
2025-09-09 14:45:00,577.45,577.95,577.29,577.8797,722947.0
2025-09-09 14:50:00,577.87,578.54,577.39,578.529,620947.0
2025-09-09 14:55:00,578.51,578.86,578.47,578.49,547646.0
2025-09-09 15:00:00,578.48,578.9,577.99,578.13,843658.0
2025-09-09 15:05:00,578.12,578.28,577.66,578.15,491537.0
2025-09-09 15:10:00,578.15,578.43,577.94,578.23,324560.0
2025-09-09 15:15:00,578.24,578.57,578.2302,578.4,284445.0
2025-09-09 15:20:00,578.39,578.58,578.19,578.3,220770.0
2025-09-09 15:25:00,578.3558,578.51,578.2,578.43,293971.0
2025-09-09 15:30:00,578.43,578.48,578.1,578.16,490834.0
2025-09-09 15:35:00,578.18,578.27,577.955,578.07,317372.0
2025-09-09 15:40:00,578.07,578.1,577.685,577.87,359386.0
2025-09-09 15:45:00,577.865,578.22,577.8,577.83,320602.0
2025-09-09 15:50:00,577.83,579.05,577.83,578.94,494072.0
2025-09-09 15:55:00,578.95,579.11,578.43,578.43,526628.0
2025-09-09 16:00:00,578.44,578.84,578.38,578.76,251130.0
2025-09-10 09:30:00,581.05,581.15,581.0,581.06,7958.0
2025-09-10 09:35:00,581.1,581.18,581.1,581.15,3383.0
2025-09-10 09:40:00,581.18,581.29,581.15,581.29,2100.0
2025-09-10 09:45:00,581.36,581.48,581.35,581.48,3514.0
2025-09-10 09:50:00,581.49,581.51,581.46,581.51,4033.0
2025-09-10 09:55:00,581.48,581.53,581.48,581.51,2871.0
2025-09-10 10:00:00,581.41,581.53,581.41,581.49,3461.0
2025-09-10 10:05:00,581.55,581.55,581.52,581.52,901.0
2025-09-10 10:10:00,581.61,581.7,581.6,581.67,9323.0
2025-09-10 10:15:00,581.53,581.54,581.49,581.49,2727.0
2025-09-10 10:20:00,581.56,581.7,581.53,581.7,3833.0
2025-09-10 10:25:00,581.75,581.8,581.73,581.74,10757.0
2025-09-10 10:30:00,581.86,581.86,581.72,581.77,16705.0
2025-09-10 10:35:00,581.77,581.92,581.75,581.9,18337.0
2025-09-10 10:40:00,581.87,581.95,581.86,581.95,3606.0
2025-09-10 10:45:00,581.93,581.95,581.84,581.86,2782.0
2025-09-10 10:50:00,581.85,581.91,581.85,581.91,4734.0
2025-09-10 10:55:00,581.92,581.93,581.83,581.89,13416.0
2025-09-10 11:00:00,581.93,581.99,581.866,581.99,18141.0
2025-09-10 11:05:00,581.96,582.0,581.95,582.0,4961.0
2025-09-10 11:10:00,581.95,582.03,581.95,582.03,14378.0
2025-09-10 11:15:00,581.9,582.05,581.9,582.02,10790.0
2025-09-10 11:20:00,582.06,582.16,581.95,581.96,15380.0
2025-09-10 11:25:00,581.96,582.03,581.92,582.01,8575.0
2025-09-10 11:30:00,582.01,582.12,582.0,582.12,9089.0
2025-09-10 11:35:00,582.18,582.49,582.18,582.45,16316.0
2025-09-10 11:40:00,582.42,582.62,582.42,582.57,25269.0
2025-09-10 11:45:00,582.58,582.7,582.58,582.629,5349.0
2025-09-10 11:50:00,582.6,582.62,582.5,582.52,14205.0
2025-09-10 11:55:00,582.56,582.6,582.49,582.5,6691.0
2025-09-10 12:00:00,581.97,582.83,581.03,582.83,121785.0
2025-09-10 12:05:00,582.81,582.86,582.54,582.75,65577.0
2025-09-10 12:10:00,582.69,582.7,582.46,582.49,11095.0
2025-09-10 12:15:00,582.4955,582.5,582.33,582.48,24160.0
2025-09-10 12:20:00,582.52,582.52,582.27,582.3,26662.0
2025-09-10 12:25:00,582.29,582.38,582.18,582.36,33369.0
2025-09-10 12:30:00,582.0,584.77,581.86,584.3,458270.0
2025-09-10 12:35:00,584.27,584.33,583.61,583.6603,160356.0
2025-09-10 12:40:00,583.87,584.03,583.7,584.03,65669.0
2025-09-10 12:45:00,584.1,584.1099,583.72,583.85,78686.0
2025-09-10 12:50:00,583.78,583.91,583.671,583.79,33949.0
2025-09-10 12:55:00,583.74,583.88,583.74,583.88,18995.0
2025-09-10 13:00:00,583.87,583.87,583.25,583.47,32768.0
2025-09-10 13:05:00,583.4,583.45,583.3,583.45,16928.0
2025-09-10 13:10:00,583.4895,583.79,583.44,583.78,25854.0
2025-09-10 13:15:00,583.73,584.0,583.73,583.96,36874.0
2025-09-10 13:20:00,583.96,584.05,583.9,583.96,31080.0
2025-09-10 13:25:00,583.97,584.1,583.68,583.78,55637.0
2025-09-10 13:30:00,583.74,583.77,582.11,582.85,2323223.0
2025-09-10 13:35:00,582.84,583.16,581.97,582.31,1652670.0
2025-09-10 13:40:00,582.3,582.56,581.76,582.0507,1173591.0
2025-09-10 13:45:00,582.08,582.4,581.61,582.39,1742960.0
2025-09-10 13:50:00,582.38,582.58,581.33,581.7,1337280.0
2025-09-10 13:55:00,581.7,582.17,581.45,582.035,807971.0
2025-09-10 14:00:00,582.03,582.99,581.9,582.82,1044156.0
2025-09-10 14:05:00,582.83,583.15,582.41,582.62,871223.0
2025-09-10 14:10:00,582.61,583.04,582.43,582.71,724567.0
2025-09-10 14:15:00,582.71,583.145,582.49,582.99,608904.0
2025-09-10 14:20:00,582.98,583.33,582.77,583.29,654655.0
2025-09-10 14:25:00,583.28,583.355,582.75,582.85,571963.0
2025-09-10 14:30:00,582.84,583.27,582.77,582.97,587087.0
2025-09-10 14:35:00,582.97,583.28,582.69,583.02,509151.0
2025-09-10 14:40:00,583.02,583.265,582.8017,583.18,455741.0
2025-09-10 14:45:00,583.155,583.45,583.04,583.175,491923.0
2025-09-10 14:50:00,583.18,583.4,582.73,582.975,553683.0
2025-09-10 14:55:00,582.97,583.31,582.72,582.91,524060.0
2025-09-10 15:00:00,582.92,583.195,582.75,582.99,668141.0
2025-09-10 15:05:00,582.99,583.11,582.72,582.91,594387.0
2025-09-10 15:10:00,582.91,583.1799,582.89,582.95,432035.0
2025-09-10 15:15:00,582.9454,582.9607,582.17,582.22,672089.0
2025-09-10 15:20:00,582.22,582.28,581.92,582.1246,701413.0
2025-09-10 15:25:00,582.12,582.485,581.8499,582.33,663635.0
2025-09-10 15:30:00,582.35,582.43,581.85,582.08,501133.0
2025-09-10 15:35:00,582.11,582.56,581.97,582.48,399662.0
2025-09-10 15:40:00,582.47,582.65,582.37,582.65,342580.0
2025-09-10 15:45:00,582.65,582.79,582.47,582.75,509176.0
2025-09-10 15:50:00,582.75,582.9699,582.71,582.93,385063.0
2025-09-10 15:55:00,582.93,582.935,582.49,582.5,325961.0
2025-09-10 16:00:00,582.5,582.5101,581.985,582.08,675403.0
2025-09-11 09:30:00,581.99,582.0,581.94,582.0,2987.0
2025-09-11 09:35:00,581.88,581.88,581.78,581.8,4053.0
2025-09-11 09:40:00,581.79,581.83,581.76,581.76,2901.0
2025-09-11 09:45:00,581.74,581.74,581.6,581.74,6900.0
2025-09-11 09:50:00,581.8,581.84,581.76,581.84,3309.0
2025-09-11 09:55:00,581.86,581.89,581.85,581.89,2964.0
2025-09-11 10:00:00,581.9,582.05,581.88,582.05,3849.0
2025-09-11 10:05:00,582.1,582.2,582.0,582.14,8367.0
2025-09-11 10:10:00,582.17,582.21,582.17,582.19,3713.0
2025-09-11 10:15:00,582.18,582.3,582.18,582.23,5325.0
2025-09-11 10:20:00,582.34,582.34,582.27,582.27,2362.0
2025-09-11 10:25:00,582.23,582.31,582.23,582.31,2518.0
2025-09-11 10:30:00,582.31,582.34,582.3,582.3,1257.0
2025-09-11 10:35:00,582.26,582.4,582.24,582.4,2738.0
2025-09-11 10:40:00,582.41,582.5,582.33,582.36,4985.0
2025-09-11 10:45:00,582.34,582.45,582.32,582.45,2831.0
2025-09-11 10:50:00,582.5,582.53,582.46,582.53,5184.0
2025-09-11 10:55:00,582.53,582.57,582.53,582.53,4849.0
2025-09-11 11:00:00,582.46,582.57,582.46,582.55,15891.0
2025-09-11 11:05:00,582.5,582.55,582.464,582.53,7246.0
2025-09-11 11:10:00,582.5,582.5,582.43,582.43,2376.0
2025-09-11 11:15:00,582.44,582.46,582.36,582.39,7335.0
2025-09-11 11:20:00,582.36,582.44,582.36,582.41,2153.0
2025-09-11 11:25:00,582.34,582.43,582.33,582.39,4454.0
2025-09-11 11:30:00,582.39,582.44,582.34,582.37,8179.0
2025-09-11 11:35:00,582.46,582.53,582.41,582.5,20235.0
2025-09-11 11:40:00,582.52,582.6,582.49,582.6,17372.0
2025-09-11 11:45:00,582.58,582.7,582.53,582.69,7324.0
2025-09-11 11:50:00,582.53,582.54,582.48,582.53,3074.0
2025-09-11 11:55:00,582.56,582.59,582.5,582.5,7660.0
2025-09-11 12:00:00,582.51,582.63,580.77,582.58,73509.0
2025-09-11 12:05:00,582.53,582.58,582.42,582.42,17463.0
2025-09-11 12:10:00,582.46,582.51,582.35,582.47,16940.0
2025-09-11 12:15:00,582.5,582.58,582.36,582.43,24494.0
2025-09-11 12:20:00,582.41,582.73,582.36,582.4,56672.0
2025-09-11 12:25:00,582.4,582.73,582.14,582.49,79091.0
2025-09-11 12:30:00,582.08,583.17,580.01,581.01,346529.0
2025-09-11 12:35:00,580.96,581.66,580.95,581.4,101104.0
2025-09-11 12:40:00,581.39,581.88,581.31,581.88,116429.0
2025-09-11 12:45:00,581.95,582.5,581.75,582.15,77821.0
2025-09-11 12:50:00,582.16,582.83,582.09,582.57,169044.0
2025-09-11 12:55:00,582.55,582.84,580.265,582.82,57543.0
2025-09-11 13:00:00,582.8,582.92,582.64,582.67,58226.0
2025-09-11 13:05:00,582.63,582.7,582.4,582.65,66356.0
2025-09-11 13:10:00,582.63,582.68,582.35,582.54,47419.0
2025-09-11 13:15:00,582.56,582.65,582.35,582.6,38584.0
2025-09-11 13:20:00,582.61,582.83,582.6,582.66,35355.0
2025-09-11 13:25:00,582.71,583.26,582.68,583.21,46139.0
2025-09-11 13:30:00,583.24,583.73,583.015,583.43,1710127.0
2025-09-11 13:35:00,583.44,583.49,582.02,582.19,1396833.0
2025-09-11 13:40:00,582.21,582.47,581.66,581.94,1096482.0
2025-09-11 13:45:00,581.96,582.945,581.62,582.57,1292983.0
2025-09-11 13:50:00,582.6,583.24,582.33,583.0872,824920.0
2025-09-11 13:55:00,583.08,583.48,582.85,583.28,1192039.0
2025-09-11 14:00:00,583.26,583.36,582.85,583.29,849611.0
2025-09-11 14:05:00,583.28,583.85,583.23,583.45,900098.0
2025-09-11 14:10:00,583.45,583.56,582.69,582.78,1034663.0
2025-09-11 14:15:00,582.79,583.23,582.54,582.62,673899.0
2025-09-11 14:20:00,582.62,583.022,582.5,583.022,640201.0
2025-09-11 14:25:00,583.01,583.085,582.61,582.95,495688.0
2025-09-11 14:30:00,582.94,583.7612,582.86,583.74,552781.0
2025-09-11 14:35:00,583.73,584.099,583.7,584.08,800187.0
2025-09-11 14:40:00,584.075,584.21,583.94,584.13,585477.0
2025-09-11 14:45:00,584.12,584.24,583.69,583.91,572700.0
2025-09-11 14:50:00,583.93,584.0,583.1907,583.56,604437.0
2025-09-11 14:55:00,583.57,583.865,583.175,583.8607,586028.0
2025-09-11 15:00:00,583.86,584.065,583.815,583.93,905174.0
2025-09-11 15:05:00,583.93,584.18,583.79,583.93,436544.0
2025-09-11 15:10:00,583.94,584.23,583.925,584.18,349155.0
2025-09-11 15:15:00,584.18,584.88,584.12,584.742,828547.0
2025-09-11 15:20:00,584.76,584.85,584.39,584.4568,604774.0
2025-09-11 15:25:00,584.48,584.72,584.3812,584.68,441920.0
2025-09-11 15:30:00,584.68,584.88,584.6599,584.67,427524.0
2025-09-11 15:35:00,584.66,584.72,584.33,584.37,433472.0
2025-09-11 15:40:00,584.36,584.4501,584.23,584.23,322258.0
2025-09-11 15:45:00,584.24,584.31,583.87,584.06,568574.0
2025-09-11 15:50:00,584.06,584.5,584.04,584.43,392311.0
2025-09-11 15:55:00,584.415,584.5,584.33,584.37,191850.0
2025-09-11 16:00:00,584.37,584.83,584.3,584.79,432898.0
2025-09-12 09:30:00,584.23,584.23,584.11,584.12,1726.0
2025-09-12 09:35:00,584.1,584.14,583.98,584.14,6090.0
2025-09-12 09:40:00,584.12,584.28,584.12,584.23,10702.0
2025-09-12 09:45:00,584.27,584.42,584.23,584.42,2986.0
2025-09-12 09:50:00,584.4,584.53,584.39,584.49,4041.0
2025-09-12 09:55:00,584.45,584.45,584.32,584.32,2017.0
2025-09-12 10:00:00,584.27,584.27,584.21,584.21,946.0
2025-09-12 10:05:00,584.27,584.36,584.27,584.35,3273.0
2025-09-12 10:10:00,584.33,584.35,584.31,584.33,3337.0
2025-09-12 10:15:00,584.42,584.42,584.35,584.37,1963.0
2025-09-12 10:20:00,584.36,584.41,584.35,584.38,3352.0
2025-09-12 10:25:00,584.33,584.44,584.32,584.44,6385.0
2025-09-12 10:30:00,584.44,584.57,584.38,584.52,8071.0
2025-09-12 10:35:00,584.51,584.56,584.51,584.51,2025.0
2025-09-12 10:40:00,584.5,584.56,584.49,584.56,3518.0
2025-09-12 10:45:00,584.54,584.61,584.53,584.59,7493.0
2025-09-12 10:50:00,584.6,584.61,584.51,584.52,4157.0
2025-09-12 10:55:00,584.59,584.65,584.59,584.63,1909.0
2025-09-12 11:00:00,584.61,584.64,584.54,584.64,5419.0
2025-09-12 11:05:00,584.56,584.56,584.39,584.39,5064.0
2025-09-12 11:10:00,584.41,584.43,584.4,584.43,1262.0
2025-09-12 11:15:00,584.41,584.41,584.41,584.41,391.0
2025-09-12 11:20:00,584.38,584.58,584.35,584.58,5932.0
2025-09-12 11:25:00,584.6,584.7,584.55,584.69,5250.0
2025-09-12 11:30:00,584.69,584.71,584.66,584.66,10523.0
2025-09-12 11:35:00,584.66,584.75,584.59,584.75,3738.0
2025-09-12 11:40:00,584.73,584.75,584.68,584.75,2709.0
2025-09-12 11:45:00,584.77,584.91,584.76,584.87,3332.0
2025-09-12 11:50:00,584.81,584.92,584.79,584.9,11834.0
2025-09-12 11:55:00,584.91,585.21,584.91,585.16,21797.0
2025-09-12 12:00:00,585.12,585.17,583.642,584.78,102361.0
2025-09-12 12:05:00,584.78,584.91,584.7,584.75,22677.0
2025-09-12 12:10:00,584.84,584.88,584.77,584.84,14693.0
2025-09-12 12:15:00,584.87,585.1,584.87,585.1,24088.0
2025-09-12 12:20:00,585.05,585.09,584.94,584.98,22037.0
2025-09-12 12:25:00,584.99,585.06,584.73,584.93,52667.0
2025-09-12 12:30:00,584.94,584.98,584.42,584.74,82867.0
2025-09-12 12:35:00,584.72,584.84,584.56,584.75,73810.0
2025-09-12 12:40:00,584.73,584.92,584.66,584.83,44175.0
2025-09-12 12:45:00,584.83,585.0,584.83,585.0,25848.0
2025-09-12 12:50:00,585.01,585.09,584.93,585.09,18463.0
2025-09-12 12:55:00,585.08,585.11,585.04,585.06,16655.0
2025-09-12 13:00:00,585.05,585.22,585.02,585.1,14340.0
2025-09-12 13:05:00,585.22,585.28,585.09,585.28,26530.0
2025-09-12 13:10:00,585.28,585.29,585.2,585.22,17300.0
2025-09-12 13:15:00,585.22,585.2301,585.17,585.19,22126.0
2025-09-12 13:20:00,585.181,585.23,585.15,585.19,20586.0
2025-09-12 13:25:00,585.14,585.24,584.98,585.01,31481.0
2025-09-12 13:30:00,585.04,585.57,584.69,584.8704,1577906.0
2025-09-12 13:35:00,584.88,584.88,584.1,584.35,1151430.0
2025-09-12 13:40:00,584.36,584.85,584.21,584.76,746342.0
2025-09-12 13:45:00,584.76,584.99,584.5301,584.69,720072.0
2025-09-12 13:50:00,584.67,584.86,584.445,584.6693,513750.0
2025-09-12 13:55:00,584.67,585.24,584.66,585.145,655955.0
2025-09-12 14:00:00,585.145,585.36,584.76,585.225,674786.0
2025-09-12 14:05:00,585.22,585.44,585.155,585.42,1430004.0
2025-09-12 14:10:00,585.42,585.49,584.74,584.7999,610313.0
2025-09-12 14:15:00,584.79,585.38,584.69,585.34,520483.0
2025-09-12 14:20:00,585.335,585.81,585.27,585.77,703841.0
2025-09-12 14:25:00,585.76,585.875,585.64,585.75,523832.0
2025-09-12 14:30:00,585.76,586.08,585.6,585.9782,551384.0
2025-09-12 14:35:00,585.97,586.175,585.89,586.005,479514.0
2025-09-12 14:40:00,586.01,586.14,585.86,586.0,373796.0
2025-09-12 14:45:00,586.01,586.35,585.955,586.34,478543.0
2025-09-12 14:50:00,586.33,586.63,586.25,586.62,539390.0
2025-09-12 14:55:00,586.63,586.83,586.46,586.6,815681.0
2025-09-12 15:00:00,586.6,586.725694,586.1088,586.13,792342.0
2025-09-12 15:05:00,586.13,586.34,586.05,586.27,448504.0
2025-09-12 15:10:00,586.27,586.42,586.06,586.34,406673.0
2025-09-12 15:15:00,586.34,586.58,586.175,586.2,326141.0
2025-09-12 15:20:00,586.2,586.29,585.95,586.2768,1196486.0
2025-09-12 15:25:00,586.28,586.4214,586.135,586.135,309170.0
2025-09-12 15:30:00,586.14,586.38,585.935,586.3,340165.0
2025-09-12 15:35:00,586.29,586.37,586.04,586.115,322554.0
2025-09-12 15:40:00,586.11,586.2545,585.9,585.97,312213.0
2025-09-12 15:45:00,585.97,586.05,585.79,585.98,370231.0
2025-09-12 15:50:00,585.98,586.205,585.95,586.175,727132.0
2025-09-12 15:55:00,586.18,586.44,586.17,586.23,340393.0
2025-09-12 16:00:00,586.2201,586.25,585.84,585.97,482934.0
2025-09-15 09:30:00,586.41,586.44,586.35,586.36,1469.0
2025-09-15 09:35:00,586.39,586.54,586.33,586.51,5710.0
2025-09-15 09:40:00,586.42,586.49,586.36,586.39,3993.0
2025-09-15 09:45:00,586.4,586.5,586.4,586.4,6845.0
2025-09-15 09:50:00,586.43,586.49,586.42,586.47,4294.0
2025-09-15 09:55:00,586.47,586.49,586.44,586.44,3405.0
2025-09-15 10:00:00,586.41,586.46,586.4,586.44,2893.0
2025-09-15 10:05:00,586.47,586.5,586.47,586.5,1442.0
2025-09-15 10:10:00,586.45,586.53,586.45,586.49,1972.0
2025-09-15 10:15:00,586.59,586.74,586.58,586.72,9412.0
2025-09-15 10:20:00,586.76,586.88,586.74,586.77,12307.0
2025-09-15 10:25:00,586.86,587.05,586.86,587.05,15312.0
2025-09-15 10:30:00,587.11,587.31,587.09,587.14,12101.0
2025-09-15 10:35:00,587.27,587.27,587.01,587.02,12532.0
2025-09-15 10:40:00,587.04,587.04,586.97,586.97,4536.0
2025-09-15 10:45:00,587.03,587.13,586.96,587.12,3357.0
2025-09-15 10:50:00,587.09,587.2,587.05,587.2,3112.0
2025-09-15 10:55:00,587.16,587.21,587.16,587.17,4764.0
2025-09-15 11:00:00,587.24,587.42,587.19,587.42,46233.0
2025-09-15 11:05:00,587.42,587.59,587.4,587.58,8585.0
2025-09-15 11:10:00,587.56,587.6,587.47,587.55,7020.0
2025-09-15 11:15:00,587.49,587.49,587.38,587.4,4747.0
2025-09-15 11:20:00,587.42,587.56,587.42,587.46,5182.0
2025-09-15 11:25:00,587.45,587.5,587.3,587.48,30855.0
2025-09-15 11:30:00,587.34,587.5,587.3,587.46,15560.0
2025-09-15 11:35:00,587.4,587.68,587.4,587.644,19526.0
2025-09-15 11:40:00,587.6,587.63,587.46,587.58,4217.0
2025-09-15 11:45:00,587.6,587.66,587.57,587.63,5368.0
2025-09-15 11:50:00,587.6,587.6,587.56,587.6,2813.0
2025-09-15 11:55:00,587.53,587.59,587.53,587.59,7154.0
2025-09-15 12:00:00,587.34,587.85,586.18,587.8,111011.0
2025-09-15 12:05:00,587.78,587.8,587.6501,587.7599,6458.0
2025-09-15 12:10:00,587.7887,587.8,587.63,587.7,9221.0
2025-09-15 12:15:00,587.69,588.03,587.63,587.79,40852.0
2025-09-15 12:20:00,587.75,588.26,587.73,588.26,79066.0
2025-09-15 12:25:00,588.28,588.29,587.89,587.96,41680.0
2025-09-15 12:30:00,587.98,587.98,587.66,587.84,57040.0
2025-09-15 12:35:00,587.8098,587.8098,587.59,587.64,18883.0
2025-09-15 12:40:00,587.65,587.93,587.5318,587.9,42342.0
2025-09-15 12:45:00,587.88,587.88,587.75,587.8799,13633.0
2025-09-15 12:50:00,587.91,588.2,587.88,588.19,44444.0
2025-09-15 12:55:00,588.19,588.31,588.05,588.29,26068.0
2025-09-15 13:00:00,588.23,588.44,588.23,588.29,38078.0
2025-09-15 13:05:00,588.29,588.411,588.25,588.28,34774.0
2025-09-15 13:10:00,588.31,588.3806,588.25,588.31,35062.0
2025-09-15 13:15:00,588.261,588.3,588.09,588.23,25676.0
2025-09-15 13:20:00,588.2532,588.4,588.2532,588.37,63842.0
2025-09-15 13:25:00,588.41,588.55,588.2,588.38,57792.0
2025-09-15 13:30:00,588.44,589.34,588.295,589.01,1939703.0
2025-09-15 13:35:00,589.01,589.59,588.89,589.315,1099999.0
2025-09-15 13:40:00,589.32,589.64,588.92,589.08,982371.0
2025-09-15 13:45:00,589.07,589.75,589.07,589.68,825165.0
2025-09-15 13:50:00,589.67,590.2,589.61,590.11,811043.0
2025-09-15 13:55:00,590.1,590.47,589.91,590.43,736427.0
2025-09-15 14:00:00,590.44,590.56,590.16,590.25,751758.0
2025-09-15 14:05:00,590.25,590.48,590.09,590.17,659959.0
2025-09-15 14:10:00,590.19,590.27,589.885,590.11,571757.0
2025-09-15 14:15:00,590.12,590.165,589.91,589.96,545756.0
2025-09-15 14:20:00,589.98,590.03,589.68,589.815,555729.0
2025-09-15 14:25:00,589.815,590.355,589.705,590.2907,524651.0
2025-09-15 14:30:00,590.28,590.35,589.89,589.97,742591.0
2025-09-15 14:35:00,589.965,590.2598,589.875,590.13,410978.0
2025-09-15 14:40:00,590.14,590.39,590.08,590.3,386706.0
2025-09-15 14:45:00,590.305,590.47,589.95,590.05,540977.0
2025-09-15 14:50:00,590.04,590.34,589.96,590.2,339159.0
2025-09-15 14:55:00,590.22,590.47,590.2,590.468,327750.0
2025-09-15 15:00:00,590.47,590.65,590.37,590.56,560341.0
2025-09-15 15:05:00,590.57,590.6,590.16,590.17,430066.0
2025-09-15 15:10:00,590.18,590.54,590.09,590.3187,354164.0
2025-09-15 15:15:00,590.31,590.465,590.14,590.17,332020.0
2025-09-15 15:20:00,590.19,590.19,589.96,590.115,556586.0
2025-09-15 15:25:00,590.12,590.52,590.12,590.278,347464.0
2025-09-15 15:30:00,590.27,590.36,590.205,590.21,531473.0
2025-09-15 15:35:00,590.22,590.5999,590.21,590.56,658038.0
2025-09-15 15:40:00,590.58,590.78,590.45,590.46,454237.0
2025-09-15 15:45:00,590.47,590.885,590.42,590.87,282116.0
2025-09-15 15:50:00,590.86,590.98,590.765,590.95,396142.0
2025-09-15 15:55:00,590.94,591.13,590.81,590.91,529071.0
2025-09-15 16:00:00,590.91,590.9351,590.59,590.66,564868.0
2025-09-16 09:30:00,593.62,593.64,593.4,593.4,3534.0
2025-09-16 09:35:00,593.46,593.5,593.31,593.31,3074.0
2025-09-16 09:40:00,593.27,593.37,593.27,593.36,4266.0
2025-09-16 09:45:00,593.38,593.45,593.38,593.43,3084.0
2025-09-16 09:50:00,593.33,593.46,593.29,593.44,6351.0
2025-09-16 09:55:00,593.34,593.49,593.34,593.48,2826.0
2025-09-16 10:00:00,593.45,593.47,593.4,593.4,4846.0
2025-09-16 10:05:00,593.35,593.4,593.3,593.34,5573.0
2025-09-16 10:10:00,593.37,593.38,593.3,593.3,3352.0
2025-09-16 10:15:00,593.31,593.44,593.31,593.44,3541.0
2025-09-16 10:20:00,593.44,593.56,593.44,593.56,3572.0
2025-09-16 10:25:00,593.54,593.54,593.46,593.47,3287.0
2025-09-16 10:30:00,593.48,593.48,593.39,593.41,6924.0
2025-09-16 10:35:00,593.4,593.4,593.32,593.34,4284.0
2025-09-16 10:40:00,593.39,593.39,593.35,593.38,1080.0
2025-09-16 10:45:00,593.36,593.47,593.36,593.44,3623.0
2025-09-16 10:50:00,593.54,593.57,593.53,593.57,5070.0
2025-09-16 10:55:00,593.53,593.54,593.38,593.44,4796.0
2025-09-16 11:00:00,593.43,593.46,593.3,593.32,17819.0
2025-09-16 11:05:00,593.25,593.43,593.25,593.36,3931.0
2025-09-16 11:10:00,593.4,593.41,593.27,593.35,12818.0
2025-09-16 11:15:00,593.26,593.26,592.88,593.08,17352.0
2025-09-16 11:20:00,593.08,593.15,593.01,593.15,3359.0
2025-09-16 11:25:00,593.08,593.18,593.07,593.13,4264.0
2025-09-16 11:30:00,593.09,593.16,593.07,593.109,4840.0
2025-09-16 11:35:00,593.049,593.054,592.94,592.95,4090.0
2025-09-16 11:40:00,592.92,592.93,592.8,592.86,31459.0
2025-09-16 11:45:00,592.94,592.98,592.83,592.83,5714.0
2025-09-16 11:50:00,592.87,592.95,592.7,592.95,16557.0
2025-09-16 11:55:00,593.0,593.04,592.97,592.97,5086.0
2025-09-16 12:00:00,593.2,593.9496,592.32,592.66,76286.0
2025-09-16 12:05:00,592.67,592.7,591.237,592.7,18324.0
2025-09-16 12:10:00,592.72,592.83,592.59,592.82,14863.0
2025-09-16 12:15:00,592.81,592.83,592.75,592.83,12338.0
2025-09-16 12:20:00,592.71,592.86,592.7,592.71,15264.0
2025-09-16 12:25:00,592.705,592.72,592.2,592.59,21213.0
2025-09-16 12:30:00,592.58,592.88,592.51,592.8,34328.0
2025-09-16 12:35:00,592.78,593.02,592.73,592.95,41897.0
2025-09-16 12:40:00,592.8,592.87,592.63,592.81,37564.0
2025-09-16 12:45:00,592.9,593.0,592.82,592.94,15810.0
2025-09-16 12:50:00,592.93,592.93,592.73,592.76,25128.0
2025-09-16 12:55:00,592.75,592.94,592.59,592.82,49247.0
2025-09-16 13:00:00,592.79,593.03,592.71,593.02,31054.0
2025-09-16 13:05:00,593.0097,593.06,592.8,592.8102,34038.0
2025-09-16 13:10:00,592.8,592.88,592.78,592.78,26377.0
2025-09-16 13:15:00,592.81,592.87,592.75,592.84,43414.0
2025-09-16 13:20:00,592.89,593.1,592.83,593.07,33084.0
2025-09-16 13:25:00,593.06,593.06,592.55,592.59,80697.0
2025-09-16 13:30:00,592.61,592.86,591.87,592.11,1657870.0
2025-09-16 13:35:00,592.11,592.32,591.76,591.815,984212.0
2025-09-16 13:40:00,591.82,592.19,591.71,592.06,869404.0
2025-09-16 13:45:00,592.08,592.13,591.52,591.94,1182050.0
2025-09-16 13:50:00,591.9401,592.005,591.1,591.36,1070820.0
2025-09-16 13:55:00,591.365,591.555,591.01,591.37,621636.0
2025-09-16 14:00:00,591.36,591.59,591.15,591.33,799401.0
2025-09-16 14:05:00,591.32,591.78,591.31,591.5151,523620.0
2025-09-16 14:10:00,591.5,591.6599,590.99,591.38,631687.0
2025-09-16 14:15:00,591.36,591.88,591.33,591.595,569655.0
2025-09-16 14:20:00,591.58,591.91,591.31,591.83,454782.0
2025-09-16 14:25:00,591.84,591.85,591.315,591.405,397435.0
2025-09-16 14:30:00,591.41,591.64,591.32,591.57,400540.0
2025-09-16 14:35:00,591.56,591.84,591.15,591.27,529699.0
2025-09-16 14:40:00,591.3,591.4,591.21,591.24,301526.0
2025-09-16 14:45:00,591.24,591.52,591.128,591.4,418950.0
2025-09-16 14:50:00,591.39,591.68,591.36,591.6,290318.0
2025-09-16 14:55:00,591.6,591.61,591.34,591.392,287222.0
2025-09-16 15:00:00,591.39,591.43,590.74,590.8799,576181.0
2025-09-16 15:05:00,590.87,591.19,590.85,591.14,341069.0
2025-09-16 15:10:00,591.13,591.33,590.955,591.19,320131.0
2025-09-16 15:15:00,591.18,591.25,590.92,591.2301,331331.0
2025-09-16 15:20:00,591.23,591.49,591.0894,591.1,326095.0
2025-09-16 15:25:00,591.1,591.26,590.88,590.92,375178.0
2025-09-16 15:30:00,590.91,591.08,590.8201,590.84,254424.0
2025-09-16 15:35:00,590.86,590.99,590.73,590.97,248131.0
2025-09-16 15:40:00,590.97,591.06,590.5611,590.7662,371156.0
2025-09-16 15:45:00,590.7899,591.055,590.7557,590.79,299541.0
2025-09-16 15:50:00,590.79,591.09,590.67,591.04,203380.0
2025-09-16 15:55:00,591.0451,591.1,590.57,590.73,221140.0
2025-09-16 16:00:00,590.71,590.87,590.49,590.515,353043.0
2025-09-17 09:30:00,591.15,591.24,591.14,591.24,4105.0
2025-09-17 09:35:00,591.28,591.28,591.25,591.25,780.0
2025-09-17 09:40:00,591.25,591.29,591.12,591.12,1684.0
2025-09-17 09:45:00,591.03,591.18,591.0,591.03,2909.0
2025-09-17 09:50:00,590.9,590.96,590.81,590.96,2042.0
2025-09-17 09:55:00,591.05,591.05,590.92,590.92,1808.0
2025-09-17 10:00:00,590.84,591.06,590.84,591.04,4193.0
2025-09-17 10:05:00,590.94,590.98,590.9,590.93,6059.0
2025-09-17 10:10:00,590.93,590.97,590.73,590.73,5658.0
2025-09-17 10:15:00,590.72,590.84,590.72,590.79,4186.0
2025-09-17 10:20:00,590.84,590.84,590.68,590.68,694.0
2025-09-17 10:25:00,590.67,590.71,590.57,590.61,2464.0
2025-09-17 10:30:00,590.71,590.71,590.53,590.69,8909.0
2025-09-17 10:35:00,590.66,590.66,590.39,590.64,13912.0
2025-09-17 10:40:00,590.72,590.74,590.61,590.65,4411.0
2025-09-17 10:45:00,590.59,590.74,590.59,590.69,6010.0
2025-09-17 10:50:00,590.55,590.65,590.45,590.65,10771.0
2025-09-17 10:55:00,590.56,590.59,590.1,590.59,16753.0
2025-09-17 11:00:00,590.61,590.66,590.44,590.45,9387.0
2025-09-17 11:05:00,590.43,590.68,590.43,590.68,4659.0
2025-09-17 11:10:00,590.66,590.93,590.66,590.93,6415.0
2025-09-17 11:15:00,590.93,590.96,590.8,590.8,7245.0
2025-09-17 11:20:00,590.81,590.969,590.81,590.93,7061.0
2025-09-17 11:25:00,590.87,590.92,590.74,590.74,7199.0
2025-09-17 11:30:00,590.74,590.74,590.56,590.58,3763.0
2025-09-17 11:35:00,590.52,590.53,590.3,590.41,9535.0
2025-09-17 11:40:00,590.41,590.49,590.37,590.37,8562.0
2025-09-17 11:45:00,590.39,590.67,590.39,590.65,9558.0
2025-09-17 11:50:00,590.64,590.78,590.64,590.76,19778.0
2025-09-17 11:55:00,590.63,590.63,590.61,590.63,3688.0
2025-09-17 12:00:00,590.7,591.82,590.33,590.6063,62193.0
2025-09-17 12:05:00,590.63,590.7,590.63,590.63,4442.0
2025-09-17 12:10:00,590.6,590.8,590.56,590.78,8599.0
2025-09-17 12:15:00,590.78,590.89,590.7,590.89,7666.0
2025-09-17 12:20:00,590.91,590.94,590.84,590.91,5643.0
2025-09-17 12:25:00,590.92,591.05,590.91,591.0,16507.0
2025-09-17 12:30:00,591.12,591.16,590.98,591.0,10436.0
2025-09-17 12:35:00,590.99,591.13,590.99,591.08,17343.0
2025-09-17 12:40:00,591.03,591.09,590.87,590.87,23402.0
2025-09-17 12:45:00,590.85,591.0,590.76,590.92,31994.0
2025-09-17 12:50:00,590.9,590.96,590.84,590.96,18544.0
2025-09-17 12:55:00,591.06,591.18,591.04,591.15,19888.0
2025-09-17 13:00:00,591.14,591.25,591.09,591.16,25105.0
2025-09-17 13:05:00,591.13,591.2477,591.06,591.06,30356.0
2025-09-17 13:10:00,591.15,591.15,591.06,591.09,10608.0
2025-09-17 13:15:00,591.06,591.13,590.99,591.06,13197.0
2025-09-17 13:20:00,590.96,591.08,590.89,591.04,11083.0
2025-09-17 13:25:00,591.02,591.35,591.02,591.12,32956.0
2025-09-17 13:30:00,591.1,591.57,590.48,590.6,1436669.0
2025-09-17 13:35:00,590.6,590.83,590.03,590.11,1063985.0
2025-09-17 13:40:00,590.1,590.26,589.73,589.9519,1171995.0
2025-09-17 13:45:00,589.96,590.52,589.63,590.452,921406.0
2025-09-17 13:50:00,590.46,591.02,590.35,590.5,887347.0
2025-09-17 13:55:00,590.52,590.68,589.88,589.99,728868.0
2025-09-17 14:00:00,590.0,590.05,589.27,589.855,757016.0
2025-09-17 14:05:00,589.85,590.005,589.635,589.7,534407.0
2025-09-17 14:10:00,589.69,589.94,589.57,589.91,392173.0
2025-09-17 14:15:00,589.9,590.07,589.44,589.62,382037.0
2025-09-17 14:20:00,589.66,589.89,589.38,589.41,336656.0
2025-09-17 14:25:00,589.42,589.521,589.0,589.0807,590340.0
2025-09-17 14:30:00,589.09,589.55,588.97,589.275,650245.0
2025-09-17 14:35:00,589.275,589.3,588.87,589.14,390249.0
2025-09-17 14:40:00,589.14,589.28,588.69,588.71,385345.0
2025-09-17 14:45:00,588.715,588.955,588.51,588.821,463686.0
2025-09-17 14:50:00,588.82,588.88,588.38,588.84,436437.0
2025-09-17 14:55:00,588.845,588.99,588.56,588.61,405951.0
2025-09-17 15:00:00,588.61,588.7247,588.37,588.4,365184.0
2025-09-17 15:05:00,588.41,588.5599,588.2301,588.5357,412751.0
2025-09-17 15:10:00,588.525,588.92,588.3107,588.895,381712.0
2025-09-17 15:15:00,588.89,589.17,588.73,589.03,323836.0
2025-09-17 15:20:00,589.02,589.06,588.67,588.7,316106.0
2025-09-17 15:25:00,588.7,588.75,588.29,588.4388,312766.0
2025-09-17 15:30:00,588.44,588.63,588.34,588.4999,351786.0
2025-09-17 15:35:00,588.52,588.6946,588.3,588.34,292445.0
2025-09-17 15:40:00,588.34,588.57,588.15,588.54,310285.0
2025-09-17 15:45:00,588.55,588.71,588.35,588.53,302468.0
2025-09-17 15:50:00,588.53,588.57,588.165,588.21,250877.0
2025-09-17 15:55:00,588.205,588.48,588.185,588.3936,216080.0
2025-09-17 16:00:00,588.4,588.475,588.17,588.185,208131.0
2025-09-18 09:30:00,595.92,596.14,595.92,596.13,12159.0
2025-09-18 09:35:00,596.14,596.2,596.0,596.14,17855.0
2025-09-18 09:40:00,596.13,596.13,595.92,595.92,5350.0
2025-09-18 09:45:00,595.97,596.04,595.8,595.96,22711.0
2025-09-18 09:50:00,595.95,596.13,595.91,595.92,12788.0
2025-09-18 09:55:00,595.91,595.98,595.87,595.91,6432.0
2025-09-18 10:00:00,595.87,595.93,595.81,595.93,4680.0
2025-09-18 10:05:00,596.08,596.15,596.08,596.08,2628.0
2025-09-18 10:10:00,596.11,596.11,596.07,596.07,2073.0
2025-09-18 10:15:00,596.08,596.14,595.98,595.98,7587.0
2025-09-18 10:20:00,596.02,596.06,595.81,595.85,3903.0
2025-09-18 10:25:00,595.8,595.8,595.63,595.73,9295.0
2025-09-18 10:30:00,595.66,595.66,595.46,595.48,15118.0
2025-09-18 10:35:00,595.45,595.59,595.43,595.55,16116.0
2025-09-18 10:40:00,595.53,595.61,595.47,595.49,4944.0
2025-09-18 10:45:00,595.52,595.62,595.4,595.4,30948.0
2025-09-18 10:50:00,595.39,595.46,595.31,595.37,11415.0
2025-09-18 10:55:00,595.4,595.63,595.35,595.63,15752.0
2025-09-18 11:00:00,595.58,596.31,595.35,596.04,59955.0
2025-09-18 11:05:00,596.06,596.25,595.8,596.25,32642.0
2025-09-18 11:10:00,596.28,596.61,596.17,596.49,38120.0
2025-09-18 11:15:00,596.58,596.63,596.37,596.5,14325.0
2025-09-18 11:20:00,596.46,596.79,596.46,596.55,20929.0
2025-09-18 11:25:00,596.52,596.52,596.24,596.42,14457.0
2025-09-18 11:30:00,596.4,596.7,596.3,596.35,37408.0
2025-09-18 11:35:00,596.36,596.42,596.301,596.37,8797.0
2025-09-18 11:40:00,596.36,596.36,595.84,596.0,23352.0
2025-09-18 11:45:00,596.08,596.24,595.96,596.17,24095.0
2025-09-18 11:50:00,596.06,596.34,596.06,596.25,15053.0
2025-09-18 11:55:00,596.27,596.47,596.24,596.46,25622.0
2025-09-18 12:00:00,596.22,596.7895,592.87,596.5,174133.0
2025-09-18 12:05:00,596.49,596.54,596.23,596.23,23837.0
2025-09-18 12:10:00,596.18,596.3,596.03,596.2701,25281.0
2025-09-18 12:15:00,596.29,596.4297,596.17,596.42,16354.0
2025-09-18 12:20:00,596.37,596.71,596.33,596.62,41468.0
2025-09-18 12:25:00,596.64,596.92,596.62,596.7,46027.0
2025-09-18 12:30:00,596.65,596.81,596.13,596.13,48551.0
2025-09-18 12:35:00,596.24,596.4,596.08,596.14,44554.0
2025-09-18 12:40:00,596.12,596.3101,596.1,596.14,36834.0
2025-09-18 12:45:00,596.22,596.31,596.17,596.23,22497.0
2025-09-18 12:50:00,596.15,596.18,595.66,595.68,77729.0
2025-09-18 12:55:00,595.68,595.79,595.18,595.2,61373.0
2025-09-18 13:00:00,595.16,595.26,594.45,594.67,83554.0
2025-09-18 13:05:00,594.66,594.97,594.27,594.97,135094.0
2025-09-18 13:10:00,594.91,595.19,594.75,594.89,81987.0
2025-09-18 13:15:00,594.88,595.25,594.83,594.83,62304.0
2025-09-18 13:20:00,594.85,595.07,594.81,594.97,37011.0
2025-09-18 13:25:00,594.89,595.17,594.79,594.94,39478.0
2025-09-18 13:30:00,594.91,595.61,594.32,595.3799,2187431.0
2025-09-18 13:35:00,595.36,595.72,594.592,594.63,1999081.0
2025-09-18 13:40:00,594.63,594.83,593.57,593.58,1821425.0
2025-09-18 13:45:00,593.58,594.375,592.96,594.36,1797754.0
2025-09-18 13:50:00,594.36,595.34,594.28,594.468,1274735.0
2025-09-18 13:55:00,594.47,595.333,594.02,595.32,1206989.0
2025-09-18 14:00:00,595.32,596.03,595.25,595.905,1140422.0
2025-09-18 14:05:00,595.89,596.54,595.89,596.535,1091471.0
2025-09-18 14:10:00,596.54,596.91,596.4,596.54,1490491.0
2025-09-18 14:15:00,596.54,597.085,596.48,597.05,1085002.0
2025-09-18 14:20:00,597.04,597.305,596.67,597.025,853577.0
2025-09-18 14:25:00,597.03,597.4825,597.02,597.45,626915.0
2025-09-18 14:30:00,597.44,597.97,597.31,597.34,880681.0
2025-09-18 14:35:00,597.34,597.42,596.86,596.8901,1045125.0
2025-09-18 14:40:00,596.9,597.17,596.76,596.83,577977.0
2025-09-18 14:45:00,596.82,597.24,596.59,597.02,840832.0
2025-09-18 14:50:00,597.03,597.03,596.46,596.48,564104.0
2025-09-18 14:55:00,596.49,596.835,596.16,596.205,566808.0
2025-09-18 15:00:00,596.21,597.07,596.1999,596.73,773017.0
2025-09-18 15:05:00,596.74,597.22,596.48,597.14,926531.0
2025-09-18 15:10:00,597.16,597.46,596.89,597.24,528539.0
2025-09-18 15:15:00,597.24,597.99,597.08,597.95,964459.0
2025-09-18 15:20:00,597.96,598.14,597.5768,597.67,1652489.0
2025-09-18 15:25:00,597.68,597.8,597.2,597.34,598216.0
2025-09-18 15:30:00,597.34,597.9,597.34,597.53,851005.0
2025-09-18 15:35:00,597.54,597.56,597.32,597.53,377866.0
2025-09-18 15:40:00,597.53,597.61,597.04,597.13,392664.0
2025-09-18 15:45:00,597.13,597.21,596.84,596.925,408488.0
2025-09-18 15:50:00,596.92,596.96,596.01,596.39,935932.0
2025-09-18 15:55:00,596.39,596.61,596.06,596.29,701523.0
2025-09-18 16:00:00,596.28,596.73,596.19,596.71,615687.0
2025-09-19 09:30:00,596.14,596.32,596.1,596.25,3859.0
2025-09-19 09:35:00,596.24,596.34,596.2,596.34,2433.0
2025-09-19 09:40:00,596.31,596.32,596.28,596.32,2755.0
2025-09-19 09:45:00,596.21,596.26,596.18,596.2,3287.0
2025-09-19 09:50:00,596.13,596.13,595.79,595.84,10740.0
2025-09-19 09:55:00,595.87,595.94,595.78,595.78,6540.0
2025-09-19 10:00:00,595.83,595.83,595.68,595.79,7076.0
2025-09-19 10:05:00,595.8,595.93,595.8,595.89,5631.0
2025-09-19 10:10:00,595.91,596.04,595.83,595.95,3456.0
2025-09-19 10:15:00,596.06,596.31,596.05,596.18,9170.0
2025-09-19 10:20:00,596.15,596.15,595.96,596.04,2275.0
2025-09-19 10:25:00,596.08,596.29,596.08,596.25,1820.0
2025-09-19 10:30:00,596.25,596.25,596.2,596.22,2510.0
2025-09-19 10:35:00,596.23,596.4,596.18,596.32,10119.0
2025-09-19 10:40:00,596.3,596.39,596.25,596.25,6529.0
2025-09-19 10:45:00,596.25,596.29,596.1,596.1,4249.0
2025-09-19 10:50:00,596.2,596.2,596.07,596.09,4797.0
2025-09-19 10:55:00,596.14,596.35,596.0,596.27,8054.0
2025-09-19 11:00:00,596.31,596.52,596.24,596.32,9141.0
2025-09-19 11:05:00,596.4,596.4,596.3,596.3,5858.0
2025-09-19 11:10:00,596.15,596.18,596.02,596.1,5691.0
2025-09-19 11:15:00,596.13,596.2,596.08,596.2,4528.0
2025-09-19 11:20:00,596.19,596.22,596.09,596.22,6455.0
2025-09-19 11:25:00,596.15,596.3,596.1,596.25,16354.0
2025-09-19 11:30:00,596.2,596.25,596.11,596.25,4131.0
2025-09-19 11:35:00,596.27,596.41,596.27,596.39,5584.0
2025-09-19 11:40:00,596.42,596.47,596.36,596.36,5316.0
2025-09-19 11:45:00,596.28,596.4,596.28,596.31,3506.0
2025-09-19 11:50:00,596.45,596.46,596.42,596.44,6573.0
2025-09-19 11:55:00,596.48,596.52,596.44,596.52,6987.0
2025-09-19 12:00:00,596.11,596.7,594.61,596.68,94606.0
2025-09-19 12:05:00,596.721,596.7399,596.57,596.58,9603.0
2025-09-19 12:10:00,596.62,596.75,596.62,596.71,7306.0
2025-09-19 12:15:00,596.72,596.73,596.63,596.71,12727.0
2025-09-19 12:20:00,596.69,596.76,596.62,596.74,34969.0
2025-09-19 12:25:00,596.67,596.95,596.67,596.86,31582.0
2025-09-19 12:30:00,596.87,596.94,596.75,596.7513,30167.0
2025-09-19 12:35:00,596.74,596.88,596.6,596.73,38118.0
2025-09-19 12:40:00,596.75,596.84,596.52,596.52,62957.0
2025-09-19 12:45:00,596.58,596.81,596.55,596.81,29840.0
2025-09-19 12:50:00,596.83,596.84,596.5,596.52,30558.0
2025-09-19 12:55:00,596.5,596.66,596.49,596.58,22955.0
2025-09-19 13:00:00,596.55,596.7,596.5025,596.6985,30722.0
2025-09-19 13:05:00,596.74,596.89,596.72,596.83,34996.0
2025-09-19 13:10:00,596.84,597.1,596.84,597.07,40795.0
2025-09-19 13:15:00,597.08,597.24,597.01,597.04,74824.0
2025-09-19 13:20:00,597.03,597.27,596.99,597.18,36065.0
2025-09-19 13:25:00,597.3,597.8,597.26,597.32,308176.0
2025-09-19 13:30:00,597.33,597.65,596.72,596.9,2390565.0
2025-09-19 13:35:00,596.9,597.12,596.555,596.91,1120244.0
2025-09-19 13:40:00,596.92,597.625,596.815,597.25,901009.0
2025-09-19 13:45:00,597.26,598.08,596.81,597.89,1066947.0
2025-09-19 13:50:00,597.88,598.43,597.75,598.12,1029831.0
2025-09-19 13:55:00,598.125,598.34,597.61,597.83,704909.0
2025-09-19 14:00:00,597.83,598.17,597.69,598.02,797655.0
2025-09-19 14:05:00,598.03,598.22,597.65,597.715,781829.0
2025-09-19 14:10:00,597.73,598.06,597.54,597.7941,489123.0
2025-09-19 14:15:00,597.79,597.83,597.14,597.26,619785.0
2025-09-19 14:20:00,597.25,597.73,596.96,597.62,560253.0
2025-09-19 14:25:00,597.595,598.04,597.51,597.62,527131.0
2025-09-19 14:30:00,597.62,597.785,597.41,597.64,472663.0
2025-09-19 14:35:00,597.66,597.788,597.25,597.39,492708.0
2025-09-19 14:40:00,597.38,597.4,596.925,596.93,540678.0
2025-09-19 14:45:00,596.93,597.09,596.51,597.0,635861.0
2025-09-19 14:50:00,596.99,597.53,596.7499,597.0985,789772.0
2025-09-19 14:55:00,597.095,597.32,596.78,597.18,391874.0
2025-09-19 15:00:00,597.19,597.545,596.735,596.735,426820.0
2025-09-19 15:05:00,596.73,596.88,596.43,596.65,540688.0
2025-09-19 15:10:00,596.64,596.77,596.42,596.49,4532881.0
2025-09-19 15:15:00,596.505,596.575,596.23,596.5499,414250.0
2025-09-19 15:20:00,596.53,596.82,596.11,596.55,682063.0
2025-09-19 15:25:00,596.54,596.61,596.12,596.29,784197.0
2025-09-19 15:30:00,596.28,598.315,595.85,596.22,1060363.0
2025-09-19 15:35:00,596.21,596.46,596.15,596.29,622949.0
2025-09-19 15:40:00,596.3,596.9396,596.3,596.77,454323.0
2025-09-19 15:45:00,596.77,596.89,596.69,596.81,327653.0
2025-09-19 15:50:00,596.81,597.23,596.7999,597.195,373652.0
2025-09-19 15:55:00,597.2,597.415,597.03,597.36,1013001.0
2025-09-19 16:00:00,597.34,597.98,597.33,597.91,865942.0
2025-09-22 09:30:00,597.01,597.05,596.9,596.94,6832.0
2025-09-22 09:35:00,596.95,596.95,596.72,596.78,7955.0
2025-09-22 09:40:00,596.86,596.87,596.76,596.77,4548.0
2025-09-22 09:45:00,596.82,596.82,596.76,596.8,3064.0
2025-09-22 09:50:00,596.81,596.92,596.79,596.91,6871.0
2025-09-22 09:55:00,596.9,596.9,596.83,596.9,5312.0
2025-09-22 10:00:00,596.87,596.99,596.84,596.99,12105.0
2025-09-22 10:05:00,596.99,597.2,596.98,597.16,3950.0
2025-09-22 10:10:00,597.21,597.26,597.2,597.26,9288.0
2025-09-22 10:15:00,597.22,597.44,597.21,597.42,5502.0
2025-09-22 10:20:00,597.41,597.45,597.33,597.44,5802.0
2025-09-22 10:25:00,597.47,597.52,597.39,597.39,4354.0
2025-09-22 10:30:00,597.45,597.49,597.32,597.32,7411.0
2025-09-22 10:35:00,597.26,597.29,597.12,597.14,13235.0
2025-09-22 10:40:00,597.31,597.32,597.09,597.15,8625.0
2025-09-22 10:45:00,597.1,597.24,597.09,597.24,7761.0
2025-09-22 10:50:00,597.24,597.24,596.87,596.95,5829.0
2025-09-22 10:55:00,596.99,596.99,596.69,596.69,5767.0
2025-09-22 11:00:00,596.77,596.93,596.58,596.89,21982.0
2025-09-22 11:05:00,596.92,597.06,596.75,597.06,35403.0
2025-09-22 11:10:00,597.08,597.08,596.84,596.84,13291.0
2025-09-22 11:15:00,596.87,596.89,596.82,596.89,6081.0
2025-09-22 11:20:00,596.86,597.0,596.76,596.78,10916.0
2025-09-22 11:25:00,596.66,596.89,596.66,596.89,3513.0
2025-09-22 11:30:00,596.83,597.0,596.77,597.0,12628.0
2025-09-22 11:35:00,597.0,597.0,596.74,596.74,5932.0
2025-09-22 11:40:00,596.72,596.91,596.72,596.81,16087.0
2025-09-22 11:45:00,596.78,596.89,596.72,596.83,15993.0
2025-09-22 11:50:00,596.72,596.85,596.63,596.85,9890.0
2025-09-22 11:55:00,596.86,597.1,596.86,597.08,2583.0
2025-09-22 12:00:00,596.7489,598.88,596.22,596.8,120691.0
2025-09-22 12:05:00,596.83,599.191,596.65,596.75,32444.0
2025-09-22 12:10:00,596.73,596.73,596.56,596.56,5163.0
2025-09-22 12:15:00,596.59,596.78,596.55,596.62,10520.0
2025-09-22 12:20:00,596.68,596.87,596.66,596.87,5904.0
2025-09-22 12:25:00,596.81,596.8291,596.65,596.65,112751.0
2025-09-22 12:30:00,596.6,596.8,596.55,596.77,9579.0
2025-09-22 12:35:00,596.74,596.96,596.74,596.96,4900.0
2025-09-22 12:40:00,596.99,597.3,596.94,597.2,19166.0
2025-09-22 12:45:00,597.25,597.49,597.24,597.3639,15826.0
2025-09-22 12:50:00,597.44,597.45,597.22,597.24,14532.0
2025-09-22 12:55:00,597.25,597.34,597.22,597.26,10056.0
2025-09-22 13:00:00,597.26,597.33,596.97,597.32,46098.0
2025-09-22 13:05:00,597.33,597.49,597.32,597.42,26637.0
2025-09-22 13:10:00,597.43,597.57,597.36,597.37,17708.0
2025-09-22 13:15:00,597.4,597.62,597.349,597.61,25801.0
2025-09-22 13:20:00,597.64,597.77,597.56,597.76,32824.0
2025-09-22 13:25:00,597.7,597.89,597.63,597.76,57310.0
2025-09-22 13:30:00,597.74,598.75,597.72,598.61,1695158.0
2025-09-22 13:35:00,598.59,598.79,598.16,598.25,1201710.0
2025-09-22 13:40:00,598.25,598.6,597.94,598.57,1038809.0
2025-09-22 13:45:00,598.59,599.01,598.42,598.81,843830.0
2025-09-22 13:50:00,598.805,599.3144,598.76,599.29,1549777.0
2025-09-22 13:55:00,599.29,599.38,598.83,599.17,663235.0
2025-09-22 14:00:00,599.165,599.52,599.01,599.22,690397.0
2025-09-22 14:05:00,599.235,599.52,599.2,599.355,639697.0
2025-09-22 14:10:00,599.345,599.35,598.75,598.96,1134618.0
2025-09-22 14:15:00,598.97,599.34,598.845,599.175,1016333.0
2025-09-22 14:20:00,599.18,599.65,599.18,599.61,638787.0
2025-09-22 14:25:00,599.6,599.98,599.47,599.9301,564217.0
2025-09-22 14:30:00,599.92,599.9501,599.6115,599.77,756532.0
2025-09-22 14:35:00,599.76,600.05,599.725,600.03,546663.0
2025-09-22 14:40:00,600.025,600.345,600.025,600.27,663108.0
2025-09-22 14:45:00,600.275,600.45,600.17,600.2,607955.0
2025-09-22 14:50:00,600.21,600.579,600.17,600.3,663626.0
2025-09-22 14:55:00,600.3,600.53,600.28,600.47,361229.0
2025-09-22 15:00:00,600.46,600.72,600.24,600.27,621138.0
2025-09-22 15:05:00,600.27,600.4,600.14,600.35,412294.0
2025-09-22 15:10:00,600.33,600.39,600.02,600.05,605443.0
2025-09-22 15:15:00,600.045,600.18,599.93,599.99,311488.0
2025-09-22 15:20:00,599.99,600.27,599.93,600.25,584965.0
2025-09-22 15:25:00,600.26,600.4,600.13,600.32,629306.0
2025-09-22 15:30:00,600.33,600.44,599.86,599.885,1309261.0
2025-09-22 15:35:00,599.87,600.21,599.77,600.1057,824504.0
2025-09-22 15:40:00,600.12,600.23,599.97,600.02,1154272.0
2025-09-22 15:45:00,600.03,600.2007,600.03,600.17,260678.0
2025-09-22 15:50:00,600.1756,600.3,600.055,600.19,3319143.0
2025-09-22 15:55:00,600.18,600.21,600.02,600.13,395869.0
2025-09-22 16:00:00,600.11,600.48,600.0907,600.33,1003217.0
2025-09-23 09:30:00,602.47,602.49,602.41,602.49,4853.0
2025-09-23 09:35:00,602.47,602.6,602.46,602.59,5612.0
2025-09-23 09:40:00,602.61,602.64,602.57,602.57,6660.0
2025-09-23 09:45:00,602.59,602.7,602.59,602.62,2836.0
2025-09-23 09:50:00,602.6,602.64,602.59,602.64,7602.0
2025-09-23 09:55:00,602.63,602.63,602.57,602.63,4163.0
2025-09-23 10:00:00,602.63,602.69,602.59,602.59,7151.0
2025-09-23 10:05:00,602.71,602.75,602.7,602.75,1783.0
2025-09-23 10:10:00,602.66,602.72,602.58,602.59,5594.0
2025-09-23 10:15:00,602.58,602.58,602.5,602.5,8667.0
2025-09-23 10:20:00,602.43,602.58,602.41,602.52,9316.0
2025-09-23 10:25:00,602.51,602.52,602.38,602.38,5129.0
2025-09-23 10:30:00,602.33,602.41,602.2,602.41,18475.0
2025-09-23 10:35:00,602.3,602.33,602.19,602.23,6541.0
2025-09-23 10:40:00,602.16,602.29,602.11,602.28,7838.0
2025-09-23 10:45:00,602.28,602.42,602.28,602.42,3404.0
2025-09-23 10:50:00,602.41,602.44,602.38,602.43,6937.0
2025-09-23 10:55:00,602.48,602.5,602.43,602.43,3580.0
2025-09-23 11:00:00,602.41,602.41,602.13,602.2,13429.0
2025-09-23 11:05:00,602.23,602.23,601.89,602.09,22298.0
2025-09-23 11:10:00,602.09,602.09,601.63,601.65,31457.0
2025-09-23 11:15:00,601.77,601.96,601.77,601.82,8156.0
2025-09-23 11:20:00,602.0,602.05,601.95,602.05,4322.0
2025-09-23 11:25:00,602.04,602.16,602.04,602.16,2173.0
2025-09-23 11:30:00,602.19,602.22,602.16,602.21,9716.0
2025-09-23 11:35:00,602.17,602.17,602.07,602.14,3823.0
2025-09-23 11:40:00,602.19,602.28,602.19,602.2,2786.0
2025-09-23 11:45:00,602.21,602.39,602.17,602.33,4320.0
2025-09-23 11:50:00,602.34,602.43,602.34,602.38,4185.0
2025-09-23 11:55:00,602.37,602.42,602.36,602.36,5933.0
2025-09-23 12:00:00,601.94,602.87,601.73,602.32,56250.0
2025-09-23 12:05:00,602.24,602.25,602.1,602.22,7796.0
2025-09-23 12:10:00,602.24,602.57,602.22,602.51,12037.0
2025-09-23 12:15:00,602.46,602.61,602.37,602.39,29444.0
2025-09-23 12:20:00,602.36,602.48,602.25,602.33,11688.0
2025-09-23 12:25:00,602.34,602.35,602.18,602.22,9809.0
2025-09-23 12:30:00,602.16,602.34,601.97,602.31,31621.0
2025-09-23 12:35:00,602.3,602.3,602.18,602.23,15321.0
2025-09-23 12:40:00,602.21,602.52,602.15,602.48,25917.0
2025-09-23 12:45:00,602.47,602.54,602.46,602.51,18355.0
2025-09-23 12:50:00,602.43,602.53,602.41,602.49,25370.0
2025-09-23 12:55:00,602.52,602.57,602.46,602.57,14347.0
2025-09-23 13:00:00,602.57,602.6,602.4505,602.4505,16732.0
2025-09-23 13:05:00,602.45,602.5,602.4,602.4,16056.0
2025-09-23 13:10:00,602.4,602.45,602.36,602.36,17730.0
2025-09-23 13:15:00,602.35,602.41,602.31,602.37,29639.0
2025-09-23 13:20:00,602.38,602.51,602.35,602.4,19928.0
2025-09-23 13:25:00,602.39,602.5395,602.26,602.35,54930.0
2025-09-23 13:30:00,602.37,602.57,602.01,602.15,1462714.0
2025-09-23 13:35:00,602.13,602.23,601.62,601.842,1113772.0
2025-09-23 13:40:00,601.86,601.965,600.97,601.22,1049299.0
2025-09-23 13:45:00,601.25,601.64,601.05,601.23,759125.0
2025-09-23 13:50:00,601.24,601.645,601.01,601.0799,865236.0
2025-09-23 13:55:00,601.08,601.185,600.69,600.87,1196239.0
2025-09-23 14:00:00,600.89,601.16,600.62,600.88,972361.0
2025-09-23 14:05:00,600.9,601.34,600.865,601.17,681578.0
2025-09-23 14:10:00,601.16,601.38,600.85,601.3,648189.0
2025-09-23 14:15:00,601.3,601.355,601.0,601.3,679315.0
2025-09-23 14:20:00,601.31,601.4,600.74,600.785,477676.0
2025-09-23 14:25:00,600.78,601.41,600.7,601.19,820482.0
2025-09-23 14:30:00,601.21,601.37,601.0801,601.15,446891.0
2025-09-23 14:35:00,601.16,601.375,601.04,601.23,612247.0
2025-09-23 14:40:00,601.215,601.7,601.05,601.15,541870.0
2025-09-23 14:45:00,601.155,601.2,600.81,601.0,447279.0
2025-09-23 14:50:00,601.01,601.27,600.87,601.25,467153.0
2025-09-23 14:55:00,601.25,601.4082,600.925,600.97,545400.0
2025-09-23 15:00:00,600.97,601.08,600.7,600.94,437201.0
2025-09-23 15:05:00,600.938,601.05,600.675,601.0201,600990.0
2025-09-23 15:10:00,601.04,601.48,601.01,601.3699,494056.0
2025-09-23 15:15:00,601.37,601.49,601.09,601.44,421332.0
2025-09-23 15:20:00,601.44,601.57,601.3,601.55,2030158.0
2025-09-23 15:25:00,601.555,601.555,601.16,601.3,400643.0
2025-09-23 15:30:00,601.3,601.39,601.12,601.21,358277.0
2025-09-23 15:35:00,601.21,601.34,600.925,600.95,402959.0
2025-09-23 15:40:00,600.93,601.1,600.61,601.08,758512.0
2025-09-23 15:45:00,601.09,601.35,601.03,601.18,372966.0
2025-09-23 15:50:00,601.17,601.25,600.98,601.07,292386.0
2025-09-23 15:55:00,601.07,601.1,600.875,601.0,264551.0
2025-09-23 16:00:00,601.0,601.16,600.8244,600.86,260852.0
2025-09-24 09:30:00,600.0,600.13,599.95,599.96,5520.0
2025-09-24 09:35:00,599.96,600.04,599.9,599.9,4314.0
2025-09-24 09:40:00,599.92,599.93,599.86,599.86,4496.0
2025-09-24 09:45:00,599.86,599.92,599.82,599.92,2261.0
2025-09-24 09:50:00,599.95,600.06,599.95,599.98,5897.0
2025-09-24 09:55:00,599.96,600.07,599.96,600.07,6832.0
2025-09-24 10:00:00,599.99,600.16,599.95,599.99,7636.0
2025-09-24 10:05:00,599.93,600.07,599.92,600.03,4339.0
2025-09-24 10:10:00,599.99,600.09,599.94,600.0,5755.0
2025-09-24 10:15:00,600.01,600.08,600.0,600.01,3858.0
2025-09-24 10:20:00,600.01,600.01,599.79,599.86,5726.0
2025-09-24 10:25:00,599.78,599.78,599.57,599.58,9231.0
2025-09-24 10:30:00,599.62,599.78,599.61,599.73,15214.0
2025-09-24 10:35:00,599.7,599.8,599.67,599.69,3847.0
2025-09-24 10:40:00,599.72,599.72,599.57,599.7,4776.0
2025-09-24 10:45:00,599.75,599.85,599.73,599.85,3910.0
2025-09-24 10:50:00,599.86,600.08,599.82,600.02,10834.0
2025-09-24 10:55:00,599.96,600.02,599.94,600.02,7045.0
2025-09-24 11:00:00,599.99,600.06,599.89,600.01,12250.0
2025-09-24 11:05:00,600.0,600.11,600.0,600.07,7316.0
2025-09-24 11:10:00,600.13,600.2,600.04,600.13,6841.0
2025-09-24 11:15:00,600.12,600.12,600.06,600.07,6438.0
2025-09-24 11:20:00,600.06,600.07,599.97,599.97,4764.0
2025-09-24 11:25:00,599.96,600.01,599.86,599.86,3915.0
2025-09-24 11:30:00,599.92,600.0,599.86,600.0,5909.0
2025-09-24 11:35:00,599.99,599.99,599.64,599.7,8833.0
2025-09-24 11:40:00,599.65,599.65,599.32,599.41,19316.0
2025-09-24 11:45:00,599.37,599.47,599.33,599.47,16354.0
2025-09-24 11:50:00,599.52,599.55,599.46,599.5,7386.0
2025-09-24 11:55:00,599.5,599.76,599.5,599.76,8246.0
2025-09-24 12:00:00,599.97,600.17,598.4,599.66,98021.0
2025-09-24 12:05:00,599.74,599.81,599.73,599.77,8104.0
2025-09-24 12:10:00,599.76,599.79,599.69,599.74,5181.0
2025-09-24 12:15:00,599.72,599.72,599.38,599.48,20915.0
2025-09-24 12:20:00,599.42,599.52,599.3817,599.44,37603.0
2025-09-24 12:25:00,599.43,599.48,599.37,599.46,197247.0
2025-09-24 12:30:00,599.43,599.54,599.38,599.43,33627.0
2025-09-24 12:35:00,599.46,599.52,599.35,599.47,25715.0
2025-09-24 12:40:00,599.46,599.52,599.28,599.29,23104.0
2025-09-24 12:45:00,599.29,599.3803,599.23,599.23,16744.0
2025-09-24 12:50:00,599.25,599.32,599.19,599.23,33368.0
2025-09-24 12:55:00,599.22,599.5,599.22,599.47,133114.0
2025-09-24 13:00:00,599.49,599.62,599.45,599.61,45211.0
2025-09-24 13:05:00,599.61,599.65,599.31,599.4,31645.0
2025-09-24 13:10:00,599.39,599.47,599.27,599.3,30119.0
2025-09-24 13:15:00,599.3,599.48,599.28,599.43,22158.0
2025-09-24 13:20:00,599.41,599.41,599.3,599.35,14097.0
2025-09-24 13:25:00,599.36,599.56,599.29,599.52,21096.0
2025-09-24 13:30:00,599.58,599.9,598.22,598.5,1780006.0
2025-09-24 13:35:00,598.51,598.87,598.09,598.375,1121313.0
2025-09-24 13:40:00,598.375,598.73,598.17,598.37,1262324.0
2025-09-24 13:45:00,598.35,598.43,597.61,597.62,973180.0
2025-09-24 13:50:00,597.65,597.91,597.13,597.52,1154233.0
2025-09-24 13:55:00,597.54,598.1,597.54,598.0013,1031945.0
2025-09-24 14:00:00,597.99,598.46,597.6,598.4,885148.0
2025-09-24 14:05:00,598.42,598.44,597.77,597.85,675886.0
2025-09-24 14:10:00,597.85,598.21,597.62,598.18,542567.0
2025-09-24 14:15:00,598.16,598.445,597.96,598.3,519047.0
2025-09-24 14:20:00,598.27,598.38,597.76,597.84,440184.0
2025-09-24 14:25:00,597.83,598.11,597.73,597.93,456006.0
2025-09-24 14:30:00,597.92,598.14,597.33,597.49,694096.0
2025-09-24 14:35:00,597.49,598.05,597.49,597.77,471856.0
2025-09-24 14:40:00,597.77,597.8301,597.39,597.79,391700.0
2025-09-24 14:45:00,597.78,598.16,597.73,598.0601,486804.0
2025-09-24 14:50:00,598.09,598.22,597.5,597.54,418433.0
2025-09-24 14:55:00,597.54,597.62,597.27,597.342,390758.0
2025-09-24 15:00:00,597.35,597.57,597.19,597.265,473403.0
2025-09-24 15:05:00,597.2753,597.548,597.25,597.27,348675.0
2025-09-24 15:10:00,597.26,597.38,596.9402,596.9601,568372.0
2025-09-24 15:15:00,596.97,597.34,596.97,597.34,304490.0
2025-09-24 15:20:00,597.3305,597.73,597.31,597.61,442446.0
2025-09-24 15:25:00,597.605,597.67,597.3051,597.355,312770.0
2025-09-24 15:30:00,597.36,597.365,596.73,596.75,362796.0
2025-09-24 15:35:00,596.77,597.12,596.63,596.81,440762.0
2025-09-24 15:40:00,596.81,596.92,596.49,596.63,417982.0
2025-09-24 15:45:00,596.63,596.63,595.755,595.8,1044599.0
2025-09-24 15:50:00,595.8,595.96,595.36,595.66,2791083.0
2025-09-24 15:55:00,595.68,595.69,594.55,594.6,1154102.0
2025-09-24 16:00:00,594.6,594.98,594.32,594.48,1341936.0
2025-09-25 09:30:00,595.85,595.91,595.71,595.73,7023.0
2025-09-25 09:35:00,595.8,595.9,595.6,595.6,8887.0
2025-09-25 09:40:00,595.6,595.6,595.25,595.25,11435.0
2025-09-25 09:45:00,595.28,595.28,594.98,595.28,22326.0
2025-09-25 09:50:00,595.31,595.36,595.22,595.36,8379.0
2025-09-25 09:55:00,595.44,595.44,595.09,595.26,8185.0
2025-09-25 10:00:00,595.32,595.39,595.1,595.28,12224.0
2025-09-25 10:05:00,595.29,595.42,595.21,595.42,6418.0
2025-09-25 10:10:00,595.38,595.47,595.28,595.28,7299.0
2025-09-25 10:15:00,595.36,595.36,595.13,595.36,8921.0
2025-09-25 10:20:00,595.35,595.35,595.01,595.18,8314.0
2025-09-25 10:25:00,595.0,595.0,594.75,594.83,10299.0
2025-09-25 10:30:00,594.81,595.31,594.78,595.31,12418.0
2025-09-25 10:35:00,595.34,595.39,595.18,595.2,9128.0
2025-09-25 10:40:00,595.04,595.04,594.8,594.8,9356.0
2025-09-25 10:45:00,594.67,594.67,594.5,594.63,5960.0
2025-09-25 10:50:00,594.61,594.76,594.51,594.76,8284.0
2025-09-25 10:55:00,594.8,594.89,594.74,594.89,12796.0
2025-09-25 11:00:00,594.93,594.98,594.37,594.66,28084.0
2025-09-25 11:05:00,594.64,594.7,594.33,594.35,6385.0
2025-09-25 11:10:00,594.331,594.331,593.68,593.79,23436.0
2025-09-25 11:15:00,593.8,593.99,593.74,593.79,25561.0
2025-09-25 11:20:00,593.73,593.85,593.4,593.7,16753.0
2025-09-25 11:25:00,593.72,593.97,593.67,593.67,10414.0
2025-09-25 11:30:00,593.67,593.88,593.56,593.69,21989.0
2025-09-25 11:35:00,593.57,593.77,593.46,593.5,38587.0
2025-09-25 11:40:00,593.5,593.52,593.0,593.0,24497.0
2025-09-25 11:45:00,593.0,593.3,592.87,593.18,25747.0
2025-09-25 11:50:00,593.26,593.51,593.08,593.29,16768.0
2025-09-25 11:55:00,593.4,593.4,592.5,592.61,20863.0
2025-09-25 12:00:00,594.55,597.29,592.49,592.88,177145.0
2025-09-25 12:05:00,592.88,593.16,592.75,593.09,31192.0
2025-09-25 12:10:00,593.1,593.27,592.97,593.09,18462.0
2025-09-25 12:15:00,593.0,593.29,593.0,593.07,14470.0
2025-09-25 12:20:00,593.1099,593.47,592.99,593.38,56313.0
2025-09-25 12:25:00,593.38,593.45,592.89,593.1596,74471.0
2025-09-25 12:30:00,593.0,593.0,592.48,592.54,175402.0
2025-09-25 12:35:00,592.56,592.67,592.26,592.46,123379.0
2025-09-25 12:40:00,592.44,592.55,592.03,592.08,123856.0
2025-09-25 12:45:00,592.11,592.22,591.7199,591.99,144667.0
2025-09-25 12:50:00,591.97,591.98,591.46,591.61,87662.0
2025-09-25 12:55:00,591.572,592.05,591.51,592.0,148304.0
2025-09-25 13:00:00,591.93,592.06,591.55,591.74,206444.0
2025-09-25 13:05:00,591.72,591.94,591.37,591.42,109565.0
2025-09-25 13:10:00,591.38,591.76,591.34,591.71,70594.0
2025-09-25 13:15:00,591.77,592.29,591.59,592.29,109055.0
2025-09-25 13:20:00,592.28,592.43,592.19,592.29,111229.0
2025-09-25 13:25:00,592.26,592.37,591.94,592.22,70756.0
2025-09-25 13:30:00,592.2,592.23,590.78,590.83,2869858.0
2025-09-25 13:35:00,590.82,590.98,589.71,589.75,1835399.0
2025-09-25 13:40:00,589.77,589.8,588.5,588.62,1933568.0
2025-09-25 13:45:00,588.63,590.28,588.56,590.02,2337569.0
2025-09-25 13:50:00,590.02,590.895,589.075,589.37,1920911.0
2025-09-25 13:55:00,589.38,589.75,588.72,589.23,1163711.0
2025-09-25 14:00:00,589.23,590.89,589.07,590.81,1482467.0
2025-09-25 14:05:00,590.81,592.05,590.79,591.99,1239782.0
2025-09-25 14:10:00,591.99,592.39,591.61,592.2,1186080.0
2025-09-25 14:15:00,592.21,593.08,592.17,592.92,1237135.0
2025-09-25 14:20:00,592.91,593.78,592.74,593.64,878972.0
2025-09-25 14:25:00,593.645,593.79,592.835,593.25,1100509.0
2025-09-25 14:30:00,593.25,593.63,593.03,593.51,963565.0
2025-09-25 14:35:00,593.49,593.63,593.0,593.55,689943.0
2025-09-25 14:40:00,593.55,593.89,593.07,593.485,652023.0
2025-09-25 14:45:00,593.48,594.139,593.17,594.0944,1127271.0
2025-09-25 14:50:00,594.1,594.1,593.21,593.44,828053.0
2025-09-25 14:55:00,593.44,594.08,593.43,593.6271,591331.0
2025-09-25 15:00:00,593.63,593.67,592.93,593.081,793911.0
2025-09-25 15:05:00,593.1,593.37,592.39,592.74,1074384.0
2025-09-25 15:10:00,592.72,594.06,592.59,594.0095,877573.0
2025-09-25 15:15:00,594.01,594.12,593.6,593.75,585721.0
2025-09-25 15:20:00,593.75,593.885,593.06,593.078,662467.0
2025-09-25 15:25:00,593.09,593.1004,592.49,592.75,562718.0
2025-09-25 15:30:00,592.73,594.0,592.73,593.97,975708.0
2025-09-25 15:35:00,593.98,594.57,593.7,594.545,710979.0
2025-09-25 15:40:00,594.56,595.06,594.41,594.89,689751.0
2025-09-25 15:45:00,594.88,595.115,594.82,595.05,619287.0
2025-09-25 15:50:00,595.035,595.04,594.45,594.72,643602.0
2025-09-25 15:55:00,594.72,594.84,594.43,594.665,451160.0
2025-09-25 16:00:00,594.66,595.0,594.48,594.51,457622.0
2025-09-26 09:30:00,592.81,593.06,592.5,593.01,11597.0
2025-09-26 09:35:00,592.98,593.09,592.94,593.03,4449.0
2025-09-26 09:40:00,592.99,593.05,592.81,593.03,10256.0
2025-09-26 09:45:00,593.02,593.26,593.02,593.26,7535.0
2025-09-26 09:50:00,593.28,593.44,593.28,593.37,11427.0
2025-09-26 09:55:00,593.38,593.43,593.35,593.36,5617.0
2025-09-26 10:00:00,593.42,593.64,593.19,593.2,13440.0
2025-09-26 10:05:00,593.23,593.23,592.8,592.81,44863.0
2025-09-26 10:10:00,592.77,593.13,592.71,593.04,31270.0
2025-09-26 10:15:00,593.1,593.12,592.98,593.01,10097.0
2025-09-26 10:20:00,593.07,593.1,592.91,592.93,26722.0
2025-09-26 10:25:00,592.91,593.12,592.83,592.83,53706.0
2025-09-26 10:30:00,592.85,592.94,592.68,592.78,15295.0
2025-09-26 10:35:00,592.86,592.86,592.72,592.72,5273.0
2025-09-26 10:40:00,592.74,592.74,592.63,592.65,7720.0
2025-09-26 10:45:00,592.68,592.85,592.68,592.74,11965.0
2025-09-26 10:50:00,592.77,592.87,592.64,592.84,11240.0
2025-09-26 10:55:00,592.83,592.96,592.83,592.96,4107.0
2025-09-26 11:00:00,592.94,593.22,592.93,593.03,12865.0
2025-09-26 11:05:00,593.05,593.25,593.03,593.19,9766.0
2025-09-26 11:10:00,593.35,593.65,593.35,593.48,10181.0
2025-09-26 11:15:00,593.49,593.52,593.0,593.11,6223.0
2025-09-26 11:20:00,593.11,593.22,592.91,592.91,11811.0
2025-09-26 11:25:00,592.83,593.19,592.78,593.19,14923.0
2025-09-26 11:30:00,593.21,593.46,593.06,593.46,6645.0
2025-09-26 11:35:00,593.53,593.6,593.39,593.6,4326.0
2025-09-26 11:40:00,593.6,593.82,593.57,593.65,14721.0
2025-09-26 11:45:00,593.72,593.96,593.72,593.89,11615.0
2025-09-26 11:50:00,593.92,594.28,593.92,594.28,12414.0
2025-09-26 11:55:00,594.26,594.26,593.92,593.92,8122.0
2025-09-26 12:00:00,593.93,594.63,592.38,593.76,98728.0
2025-09-26 12:05:00,593.76,594.08,593.76,594.08,34345.0
2025-09-26 12:10:00,594.03,594.04,593.85,593.93,8152.0
2025-09-26 12:15:00,593.91,594.13,593.91,594.12,12678.0
2025-09-26 12:20:00,594.12,594.12,593.89,594.12,17047.0
2025-09-26 12:25:00,594.139,594.3,593.93,594.2201,31335.0
2025-09-26 12:30:00,594.21,595.57,594.14,595.56,188400.0
2025-09-26 12:35:00,595.57,596.57,595.53,596.3,196182.0
2025-09-26 12:40:00,596.34,596.38,595.9058,596.08,94352.0
2025-09-26 12:45:00,596.04,596.06,595.4897,595.68,84320.0
2025-09-26 12:50:00,595.69,595.75,595.04,595.08,54789.0
2025-09-26 12:55:00,595.1,595.55,595.04,595.3,44292.0
2025-09-26 13:00:00,595.31,595.38,594.73,594.82,54932.0
2025-09-26 13:05:00,594.7,594.91,594.69,594.75,42562.0
2025-09-26 13:10:00,594.68,595.08,594.51,595.0042,46439.0
2025-09-26 13:15:00,595.08,595.13,594.83,594.92,43644.0
2025-09-26 13:20:00,594.85,595.09,594.69,594.75,23897.0
2025-09-26 13:25:00,594.78,594.87,594.3,594.36,56401.0
2025-09-26 13:30:00,594.35,595.45,592.96,595.27,2343574.0
2025-09-26 13:35:00,595.28,595.5684,594.79,595.2701,1268602.0
2025-09-26 13:40:00,595.27,595.725,594.52,594.72,1047914.0
2025-09-26 13:45:00,594.74,595.67,594.08,595.39,1349343.0
2025-09-26 13:50:00,595.39,595.765,594.82,595.17,1005337.0
2025-09-26 13:55:00,595.18,595.63,594.8,595.525,566738.0
2025-09-26 14:00:00,595.55,596.2,594.76,594.79,1042841.0
2025-09-26 14:05:00,594.82,594.91,593.17,593.51,1291490.0
2025-09-26 14:10:00,593.54,593.865,592.74,593.15,1199595.0
2025-09-26 14:15:00,593.11,593.34,592.61,593.19,890082.0
2025-09-26 14:20:00,593.1844,593.26,592.19,592.28,904841.0
2025-09-26 14:25:00,592.3,592.36,591.06,592.23,1506531.0
2025-09-26 14:30:00,592.25,592.25,591.54,591.75,867374.0
2025-09-26 14:35:00,591.74,593.3,591.57,593.24,981760.0
2025-09-26 14:40:00,593.23,594.01,593.1,593.64,857266.0
2025-09-26 14:45:00,593.63,593.87,592.1799,592.1799,858284.0
2025-09-26 14:50:00,592.15,592.87,591.81,592.6201,737448.0
2025-09-26 14:55:00,592.6,593.07,592.03,592.18,618507.0
2025-09-26 15:00:00,592.18,592.96,592.04,592.55,635464.0
2025-09-26 15:05:00,592.56,592.86,592.22,592.47,531345.0
2025-09-26 15:10:00,592.49,592.67,591.8781,591.8939,938272.0
2025-09-26 15:15:00,591.89,593.19,591.72,593.09,624720.0
2025-09-26 15:20:00,593.11,593.2,592.34,592.66,531117.0
2025-09-26 15:25:00,592.68,593.8,592.67,593.77,661969.0
2025-09-26 15:30:00,593.77,593.87,593.16,593.5,833367.0
2025-09-26 15:35:00,593.51,593.61,592.71,592.9,1081933.0
2025-09-26 15:40:00,592.91,593.46,592.74,593.18,669047.0
2025-09-26 15:45:00,593.18,593.405,592.84,593.39,364047.0
2025-09-26 15:50:00,593.38,593.38,592.74,593.01,545248.0
2025-09-26 15:55:00,593.05,593.17,592.44,592.565,379620.0
2025-09-26 16:00:00,592.585,592.8,592.27,592.68,477804.0
2025-09-29 09:30:00,600.1,600.1,599.93,599.98,12825.0
2025-09-29 09:35:00,600.04,600.21,600.01,600.18,10118.0
2025-09-29 09:40:00,600.19,600.23,600.11,600.19,8157.0
2025-09-29 09:45:00,600.21,600.29,599.93,600.03,17831.0
2025-09-29 09:50:00,600.01,600.02,599.96,600.0,4809.0
2025-09-29 09:55:00,599.79,599.79,599.67,599.67,11450.0
2025-09-29 10:00:00,599.68,599.84,599.54,599.69,14267.0
2025-09-29 10:05:00,599.7,599.83,599.67,599.67,6281.0
2025-09-29 10:10:00,599.78,599.94,599.78,599.94,4753.0
2025-09-29 10:15:00,600.0,600.07,600.0,600.04,10579.0
2025-09-29 10:20:00,600.11,600.34,600.11,600.34,13093.0
2025-09-29 10:25:00,600.27,600.31,600.23,600.25,5826.0
2025-09-29 10:30:00,600.25,600.35,600.08,600.08,23571.0
2025-09-29 10:35:00,600.07,600.07,599.99,599.99,2732.0
2025-09-29 10:40:00,600.04,600.1,599.93,600.06,5350.0
2025-09-29 10:45:00,600.0,600.11,599.95,600.11,2399.0
2025-09-29 10:50:00,600.15,600.15,599.99,600.07,5214.0
2025-09-29 10:55:00,600.07,600.09,600.02,600.06,4933.0
2025-09-29 11:00:00,600.06,600.12,599.81,599.81,20006.0
2025-09-29 11:05:00,599.82,599.83,599.651,599.651,7091.0
2025-09-29 11:10:00,599.65,599.66,599.4,599.4,54405.0
2025-09-29 11:15:00,599.31,599.69,599.31,599.69,11282.0
2025-09-29 11:20:00,599.71,599.76,599.57,599.57,4557.0
2025-09-29 11:25:00,599.5,599.53,599.32,599.32,31139.0
2025-09-29 11:30:00,599.3,599.47,599.29,599.33,8034.0
2025-09-29 11:35:00,599.35,599.51,599.25,599.25,5200.0
2025-09-29 11:40:00,599.27,599.43,599.21,599.36,14929.0
2025-09-29 11:45:00,599.33,599.5,599.26,599.46,9891.0
2025-09-29 11:50:00,599.49,599.75,599.49,599.69,13777.0
2025-09-29 11:55:00,599.72,599.75,599.7,599.71,6313.0
2025-09-29 12:00:00,600.1,600.23,595.524,599.55,115963.0
2025-09-29 12:05:00,599.54,599.75,599.4716,599.72,11733.0
2025-09-29 12:10:00,599.74,599.91,599.72,599.91,23955.0
2025-09-29 12:15:00,599.9,599.94,599.79,599.93,16129.0
2025-09-29 12:20:00,599.92,600.02,599.87,600.01,20679.0
2025-09-29 12:25:00,600.03,600.03,599.89,599.91,14634.0
2025-09-29 12:30:00,599.94,600.08,599.87,600.07,22598.0
2025-09-29 12:35:00,600.07,600.13,599.94,600.13,43516.0
2025-09-29 12:40:00,600.12,600.19,599.96,600.15,26004.0
2025-09-29 12:45:00,600.15,600.4,600.15,600.32,29574.0
2025-09-29 12:50:00,600.3,600.45,600.3,600.42,26052.0
2025-09-29 12:55:00,600.43,600.49,600.18,600.2743,82617.0
2025-09-29 13:00:00,600.29,600.48,599.97,600.01,56473.0
2025-09-29 13:05:00,600.01,600.09,599.89,600.01,43554.0
2025-09-29 13:10:00,600.0,600.11,599.91,599.98,24248.0
2025-09-29 13:15:00,599.98,600.09,599.91,600.08,29141.0
2025-09-29 13:20:00,600.12,600.12,599.89,599.91,24651.0
2025-09-29 13:25:00,599.92,600.01,599.04,599.15,108151.0
2025-09-29 13:30:00,599.11,599.99,599.045,599.628,1830142.0
2025-09-29 13:35:00,599.6,600.12,599.48,599.65,997717.0
2025-09-29 13:40:00,599.66,600.66,599.53,600.64,1133095.0
2025-09-29 13:45:00,600.64,601.41,600.61,601.4,1140116.0
2025-09-29 13:50:00,601.41,601.57,600.79,601.5,1051711.0
2025-09-29 13:55:00,601.49,601.57,600.99,601.26,707700.0
2025-09-29 14:00:00,601.26,601.64,600.73,600.905,1221282.0
2025-09-29 14:05:00,600.9,602.05,600.78,601.9,963404.0
2025-09-29 14:10:00,601.9,601.96,601.34,601.59,617593.0
2025-09-29 14:15:00,601.61,601.71,600.9,600.9,601685.0
2025-09-29 14:20:00,600.91,601.87,600.68,601.81,569245.0
2025-09-29 14:25:00,601.82,601.9,601.54,601.605,433054.0
2025-09-29 14:30:00,601.605,601.635,601.26,601.495,527048.0
2025-09-29 14:35:00,601.535,601.72,601.09,601.295,498721.0
2025-09-29 14:40:00,601.29,601.62,601.24,601.49,500905.0
2025-09-29 14:45:00,601.49,601.69,601.37,601.54,389964.0
2025-09-29 14:50:00,601.55,601.68,601.19,601.2699,557846.0
2025-09-29 14:55:00,601.265,601.33,600.805,600.945,441397.0
2025-09-29 15:00:00,600.94,601.278,600.885,601.1,373172.0
2025-09-29 15:05:00,601.1,601.17,600.68,600.73,332901.0
2025-09-29 15:10:00,600.73,600.76,600.05,600.12,556400.0
2025-09-29 15:15:00,600.11,600.11,599.38,599.815,929267.0
2025-09-29 15:20:00,599.82,600.15,599.54,599.65,483498.0
2025-09-29 15:25:00,599.65,599.875,599.37,599.48,532988.0
2025-09-29 15:30:00,599.48,599.64,599.15,599.33,631451.0
2025-09-29 15:35:00,599.33,599.445,598.835,599.31,605481.0
2025-09-29 15:40:00,599.31,599.505,599.09,599.48,431211.0
2025-09-29 15:45:00,599.49,599.53,599.04,599.09,341532.0
2025-09-29 15:50:00,599.1,599.17,598.64,598.98,431188.0
2025-09-29 15:55:00,599.0,599.2,598.64,599.07,346748.0
2025-09-29 16:00:00,599.06,599.25,598.51,598.64,517628.0
2025-09-30 09:30:00,598.09,598.43,598.08,598.36,18816.0
2025-09-30 09:35:00,598.34,598.37,597.98,598.02,13536.0
2025-09-30 09:40:00,597.98,598.12,597.84,597.96,12082.0
2025-09-30 09:45:00,597.96,597.97,597.71,597.71,9723.0
2025-09-30 09:50:00,597.77,597.88,597.66,597.77,9304.0
2025-09-30 09:55:00,597.86,597.91,597.83,597.86,9649.0
2025-09-30 10:00:00,597.82,598.07,597.81,598.07,10336.0
2025-09-30 10:05:00,598.05,598.22,598.05,598.22,7296.0
2025-09-30 10:10:00,598.11,598.13,597.7,597.74,9311.0
2025-09-30 10:15:00,597.74,597.84,597.48,597.84,13431.0
2025-09-30 10:20:00,597.85,597.85,597.59,597.75,12468.0
2025-09-30 10:25:00,597.66,597.74,597.65,597.71,8107.0
2025-09-30 10:30:00,597.69,597.8,597.65,597.65,33262.0
2025-09-30 10:35:00,597.59,597.6,597.31,597.52,24557.0
2025-09-30 10:40:00,597.5,597.8,597.45,597.8,8542.0
2025-09-30 10:45:00,598.01,598.04,597.89,598.0,3478.0
2025-09-30 10:50:00,597.98,598.26,597.95,598.25,11737.0
2025-09-30 10:55:00,598.24,598.26,598.12,598.12,12770.0
2025-09-30 11:00:00,598.1,598.2,597.99,598.2,26147.0
2025-09-30 11:05:00,598.22,598.37,598.14,598.14,20703.0
2025-09-30 11:10:00,598.23,598.23,597.94,598.17,7460.0
2025-09-30 11:15:00,598.07,598.08,597.92,598.04,10970.0
2025-09-30 11:20:00,597.88,598.0,597.88,597.91,2312.0
2025-09-30 11:25:00,597.95,598.07,597.93,598.07,2985.0
2025-09-30 11:30:00,598.06,598.15,598.02,598.02,7062.0
2025-09-30 11:35:00,598.01,598.18,597.97,598.13,10005.0
2025-09-30 11:40:00,598.11,598.15,598.1,598.12,2938.0
2025-09-30 11:45:00,598.11,598.27,598.06,598.27,5530.0
2025-09-30 11:50:00,598.22,598.22,597.7,597.91,10748.0
2025-09-30 11:55:00,597.96,598.09,597.95,598.08,13236.0
2025-09-30 12:00:00,598.06,599.179,597.0,597.79,87927.0
2025-09-30 12:05:00,597.79,597.84,597.72,597.82,15298.0
2025-09-30 12:10:00,597.76,597.84,597.74,597.79,11768.0
2025-09-30 12:15:00,597.734,597.97,597.734,597.96,9734.0
2025-09-30 12:20:00,598.05,598.25,598.02,598.23,15715.0
2025-09-30 12:25:00,598.2,598.4,598.14,598.31,21382.0
2025-09-30 12:30:00,598.31,598.49,598.25,598.41,425028.0
2025-09-30 12:35:00,598.45,598.77,598.34,598.77,78881.0
2025-09-30 12:40:00,598.79,598.93,598.7,598.84,44835.0
2025-09-30 12:45:00,598.88,598.9299,598.77,598.92,25789.0
2025-09-30 12:50:00,598.91,599.01,598.86,598.93,29435.0
2025-09-30 12:55:00,598.88,598.9,598.66,598.75,19961.0
2025-09-30 13:00:00,598.78,598.78,598.46,598.46,73368.0
2025-09-30 13:05:00,598.47,598.6,598.34,598.58,31199.0
2025-09-30 13:10:00,598.52,598.67,598.45,598.45,17638.0
2025-09-30 13:15:00,598.51,598.51,598.34,598.5,27642.0
2025-09-30 13:20:00,598.51,598.6,598.47,598.47,13353.0
2025-09-30 13:25:00,598.45,598.46,598.25,598.46,43412.0
2025-09-30 13:30:00,598.43,598.67,596.94,597.04,1324904.0
2025-09-30 13:35:00,597.06,597.57,596.55,596.81,903490.0
2025-09-30 13:40:00,596.8,597.89,596.7,597.89,681924.0
2025-09-30 13:45:00,597.89,598.1,597.15,597.5,721574.0
2025-09-30 13:50:00,597.47,597.58,596.31,596.355,846834.0
2025-09-30 13:55:00,596.35,597.72,596.1,597.63,625052.0
2025-09-30 14:00:00,597.72,598.24,597.47,597.93,772763.0
2025-09-30 14:05:00,597.95,597.97,596.7905,596.9,674698.0
2025-09-30 14:10:00,596.88,597.2999,596.66,597.17,618448.0
2025-09-30 14:15:00,597.16,597.89,597.03,597.29,442461.0
2025-09-30 14:20:00,597.29,597.89,597.055,597.21,332940.0
2025-09-30 14:25:00,597.22,597.61,597.0,597.53,608976.0
2025-09-30 14:30:00,597.52,598.13,597.34,597.71,471630.0
2025-09-30 14:35:00,597.71,597.9,596.8,596.91,447039.0
2025-09-30 14:40:00,596.88,597.79,596.8,597.71,872790.0
2025-09-30 14:45:00,597.69,598.83,597.69,598.6,876752.0
2025-09-30 14:50:00,598.6,598.77,598.34,598.575,482818.0
2025-09-30 14:55:00,598.57,599.21,598.56,598.94,623837.0
2025-09-30 15:00:00,598.94,599.41,598.87,599.28,577406.0
2025-09-30 15:05:00,599.28,599.4,598.84,599.199124,554976.0
2025-09-30 15:10:00,599.23,599.27,598.55,598.56,394415.0
2025-09-30 15:15:00,598.58,598.7,597.93,598.0301,465255.0
2025-09-30 15:20:00,598.01,598.21,597.52,597.8,682357.0
2025-09-30 15:25:00,597.81,597.91,596.85,597.43,596432.0
2025-09-30 15:30:00,597.44,598.05,597.33,597.8601,464255.0
2025-09-30 15:35:00,597.87,597.89,597.16,597.16,452774.0
2025-09-30 15:40:00,597.17,597.41,597.03,597.23,424241.0
2025-09-30 15:45:00,597.22,597.86,597.07,597.841,582700.0
2025-09-30 15:50:00,597.86,598.15,597.62,597.99,500809.0
2025-09-30 15:55:00,597.97,598.42,597.58,598.2,538923.0
2025-09-30 16:00:00,598.18,598.38,597.945,598.0,332660.0
2025-10-01 09:30:00,597.14,597.14,596.68,596.68,25676.0
2025-10-01 09:35:00,596.9,596.9,596.68,596.79,10886.0
2025-10-01 09:40:00,596.86,596.86,596.64,596.75,11349.0
2025-10-01 09:45:00,596.76,596.91,596.74,596.8,14241.0
2025-10-01 09:50:00,596.79,596.86,596.74,596.84,6385.0
2025-10-01 09:55:00,596.78,596.8,596.67,596.8,11838.0
2025-10-01 10:00:00,596.86,596.92,596.82,596.91,7778.0
2025-10-01 10:05:00,596.91,597.15,596.83,597.15,31309.0
2025-10-01 10:10:00,597.18,597.2,596.86,596.86,11992.0
2025-10-01 10:15:00,596.93,597.08,596.85,596.91,13908.0
2025-10-01 10:20:00,596.91,597.09,596.81,596.87,9857.0
2025-10-01 10:25:00,596.89,596.94,596.67,596.67,5788.0
2025-10-01 10:30:00,596.64,596.67,596.45,596.55,15877.0
2025-10-01 10:35:00,596.55,596.9,596.55,596.55,10516.0
2025-10-01 10:40:00,596.55,596.57,596.2,596.22,8467.0
2025-10-01 10:45:00,596.32,596.59,596.29,596.59,6351.0
2025-10-01 10:50:00,596.52,596.6,596.41,596.53,6988.0
2025-10-01 10:55:00,596.56,596.56,596.43,596.43,9773.0
2025-10-01 11:00:00,596.48,596.86,596.43,596.74,35438.0
2025-10-01 11:05:00,596.83,597.4,596.77,597.13,106841.0
2025-10-01 11:10:00,597.09,597.32,596.94,597.32,22604.0
2025-10-01 11:15:00,597.32,597.42,597.27,597.27,28869.0
2025-10-01 11:20:00,597.3,597.49,597.3,597.42,24621.0
2025-10-01 11:25:00,597.45,597.62,597.43,597.61,44740.0
2025-10-01 11:30:00,597.63,597.78,597.49,597.78,28933.0
2025-10-01 11:35:00,597.75,597.84,597.51,597.55,20724.0
2025-10-01 11:40:00,597.58,597.7,597.57,597.67,15326.0
2025-10-01 11:45:00,597.7,597.92,597.69,597.89,10549.0
2025-10-01 11:50:00,597.95,598.03,597.69,597.94,16205.0
2025-10-01 11:55:00,597.94,598.12,597.93,598.04,27716.0
2025-10-01 12:00:00,596.45,599.92,594.31,597.85,241041.0
2025-10-01 12:05:00,597.83,597.84,597.5,597.63,48960.0
2025-10-01 12:10:00,597.62,597.8,597.54,597.71,35256.0
2025-10-01 12:15:00,597.68,597.69,596.82,597.2,167685.0
2025-10-01 12:20:00,597.25,598.0,597.21,597.65,161299.0
2025-10-01 12:25:00,597.65,597.8,597.38,597.54,75824.0
2025-10-01 12:30:00,597.57,597.61,597.29,597.42,71576.0
2025-10-01 12:35:00,597.45,597.69,597.24,597.66,50958.0
2025-10-01 12:40:00,597.67,597.82,597.47,597.58,83568.0
2025-10-01 12:45:00,597.62,597.91,597.51,597.88,77944.0
2025-10-01 12:50:00,597.86,597.87,597.44,597.49,77829.0
2025-10-01 12:55:00,597.46,597.6201,597.35,597.52,86350.0
2025-10-01 13:00:00,597.54,597.88,597.48,597.79,60159.0
2025-10-01 13:05:00,597.79,597.93,597.63,597.76,70961.0
2025-10-01 13:10:00,597.75,597.77,597.64,597.75,59335.0
2025-10-01 13:15:00,597.74,597.84,597.66,597.71,57838.0
2025-10-01 13:20:00,597.69,597.8201,597.61,597.64,35845.0
2025-10-01 13:25:00,597.64,597.64,597.11,597.2,104345.0
2025-10-01 13:30:00,597.17,598.91,596.7,598.44,2360129.0
2025-10-01 13:35:00,598.425,599.07,598.1988,598.74,1085030.0
2025-10-01 13:40:00,598.7,598.9899,598.2,598.775,901543.0
2025-10-01 13:45:00,598.74,598.94,596.55,596.6,1192077.0
2025-10-01 13:50:00,596.58,597.6645,596.34,597.595,1161434.0
2025-10-01 13:55:00,597.598,598.44,597.19,597.6,907650.0
2025-10-01 14:00:00,597.59,598.67,597.14,598.65,798932.0
2025-10-01 14:05:00,598.65,598.67,598.01,598.465,947984.0
2025-10-01 14:10:00,598.48,598.93,598.36,598.86,510781.0
2025-10-01 14:15:00,598.86,599.55,598.76,599.51,544533.0
2025-10-01 14:20:00,599.51,600.09,599.44,599.81,677210.0
2025-10-01 14:25:00,599.85,600.35,599.85,600.12,511589.0
2025-10-01 14:30:00,600.13,600.45,599.91,600.44,537169.0
2025-10-01 14:35:00,600.44,600.79,600.36,600.39,660109.0
2025-10-01 14:40:00,600.4,600.43,600.05,600.27,624380.0
2025-10-01 14:45:00,600.28,600.37,600.0,600.1495,561879.0
2025-10-01 14:50:00,600.15,600.53,600.13,600.41,396123.0
2025-10-01 14:55:00,600.435,600.56,600.3,600.47,434858.0
2025-10-01 15:00:00,600.45,601.02,600.45,600.65,857888.0
2025-10-01 15:05:00,600.645,600.9,600.39,600.77,444993.0
2025-10-01 15:10:00,600.77,600.83,600.06,600.51,468512.0
2025-10-01 15:15:00,600.535,600.57,600.0,600.03,455113.0
2025-10-01 15:20:00,600.03,600.29,599.94,600.25,386376.0
2025-10-01 15:25:00,600.24,600.455,600.05,600.31,274605.0
2025-10-01 15:30:00,600.33,600.76,600.32,600.71,296105.0
2025-10-01 15:35:00,600.71,601.26,600.62,601.1799,477755.0
2025-10-01 15:40:00,601.17,601.3,601.03,601.24,382630.0
2025-10-01 15:45:00,601.25,601.41,601.02,601.145,700729.0
2025-10-01 15:50:00,601.1201,601.37,601.11,601.2899,274845.0
2025-10-01 15:55:00,601.26,601.45,601.23,601.285,356576.0
2025-10-01 16:00:00,601.29,601.56,601.26,601.3,418057.0
2025-10-02 09:30:00,605.34,605.34,605.12,605.23,31251.0
2025-10-02 09:35:00,605.23,605.26,604.96,605.03,26837.0
2025-10-02 09:40:00,605.04,605.22,604.96,605.19,17988.0
2025-10-02 09:45:00,605.26,605.36,605.23,605.23,27448.0
2025-10-02 09:50:00,605.27,605.39,605.27,605.32,7767.0
2025-10-02 09:55:00,605.32,605.45,605.32,605.37,14573.0
2025-10-02 10:00:00,605.35,606.02,605.32,605.62,41264.0
2025-10-02 10:05:00,605.6,605.72,605.54,605.66,18851.0
2025-10-02 10:10:00,605.64,605.7,605.59,605.59,14281.0
2025-10-02 10:15:00,605.59,605.64,605.55,605.6,10310.0
2025-10-02 10:20:00,605.62,605.69,605.52,605.68,11148.0
2025-10-02 10:25:00,605.66,605.72,605.58,605.63,16429.0
2025-10-02 10:30:00,605.66,605.71,605.62,605.69,13310.0
2025-10-02 10:35:00,605.71,605.9,605.61,605.87,14935.0
2025-10-02 10:40:00,605.83,605.83,605.7,605.8,10506.0
2025-10-02 10:45:00,605.77,605.77,605.67,605.69,5920.0
2025-10-02 10:50:00,605.69,605.73,605.63,605.71,10122.0
2025-10-02 10:55:00,605.7,605.76,605.7,605.73,6469.0
2025-10-02 11:00:00,605.74,605.88,605.68,605.88,17254.0
2025-10-02 11:05:00,605.87,606.05,605.87,606.05,9732.0
2025-10-02 11:10:00,606.08,606.31,606.08,606.25,11337.0
2025-10-02 11:15:00,606.27,606.27,606.15,606.18,13341.0
2025-10-02 11:20:00,606.17,606.3,606.17,606.23,12416.0
2025-10-02 11:25:00,606.22,606.3,606.22,606.3,5100.0
2025-10-02 11:30:00,606.27,606.33,606.21,606.24,10539.0
2025-10-02 11:35:00,606.29,606.33,606.22,606.33,5178.0
2025-10-02 11:40:00,606.34,606.47,606.28,606.4,11930.0
2025-10-02 11:45:00,606.37,606.54,606.31,606.31,20572.0
2025-10-02 11:50:00,606.3,606.63,606.29,606.61,18696.0
2025-10-02 11:55:00,606.61,606.7,606.59,606.66,12173.0
2025-10-02 12:00:00,605.8,606.77,603.702,606.72,173936.0
2025-10-02 12:05:00,606.7,606.83,606.66,606.79,34471.0
2025-10-02 12:10:00,606.77,606.85,606.71,606.81,33035.0
2025-10-02 12:15:00,606.82,606.92,606.79,606.9,21446.0
2025-10-02 12:20:00,606.895,606.99,606.88,606.98,20715.0
2025-10-02 12:25:00,606.99,606.99,606.77,606.82,25672.0
2025-10-02 12:30:00,606.81,606.9476,606.73,606.78,25439.0
2025-10-02 12:35:00,606.79,606.93,606.74,606.93,35875.0
2025-10-02 12:40:00,606.93,606.95,606.69,606.7,40540.0
2025-10-02 12:45:00,606.7,606.82,606.67,606.74,19439.0
2025-10-02 12:50:00,606.71,606.92,606.69,606.92,33750.0
2025-10-02 12:55:00,606.92,607.0,606.9,606.96,39084.0
2025-10-02 13:00:00,606.98,607.32,606.96,607.26,146039.0
2025-10-02 13:05:00,607.25,607.37,607.25,607.28,57939.0
2025-10-02 13:10:00,607.28,607.28,607.15,607.22,44759.0
2025-10-02 13:15:00,607.24,607.39,607.21,607.21,86359.0
2025-10-02 13:20:00,607.21,607.24,607.11,607.12,35379.0
2025-10-02 13:25:00,607.1,607.25,607.0,607.04,51800.0
2025-10-02 13:30:00,607.06,607.16,605.83,605.92,1719896.0
2025-10-02 13:35:00,605.915,606.1942,604.93,605.03,1124855.0
2025-10-02 13:40:00,605.01,605.02,603.99,604.26,1027711.0
2025-10-02 13:45:00,604.23,604.81,603.74,603.8,1028656.0
2025-10-02 13:50:00,603.81,604.51,603.44,604.3214,1058986.0
2025-10-02 13:55:00,604.3,604.7,603.575,604.645,663425.0
2025-10-02 14:00:00,604.63,604.94,604.1,604.91,794345.0
2025-10-02 14:05:00,604.92,605.08,604.43,604.93,732347.0
2025-10-02 14:10:00,604.94,604.99,604.12,604.585,737929.0
2025-10-02 14:15:00,604.61,605.17,604.51,604.5351,620534.0
2025-10-02 14:20:00,604.54,605.1851,604.26,605.061,519238.0
2025-10-02 14:25:00,605.07,605.31,604.87,604.92,633573.0
2025-10-02 14:30:00,604.95,605.28,604.53,604.765,543488.0
2025-10-02 14:35:00,604.78,605.239,604.7,605.225,378593.0
2025-10-02 14:40:00,605.2399,605.24,604.4099,604.64,506207.0
2025-10-02 14:45:00,604.64,604.72,603.73,604.305,745693.0
2025-10-02 14:50:00,604.32,604.33,603.62,603.64,501211.0
2025-10-02 14:55:00,603.64,603.94,603.54,603.5905,520413.0
2025-10-02 15:00:00,603.59,603.84,602.93,602.96,997732.0
2025-10-02 15:05:00,602.96,604.02,602.96,603.8701,515013.0
2025-10-02 15:10:00,603.88,604.32,603.63,603.87,517308.0
2025-10-02 15:15:00,603.91,603.95,603.6551,603.87,316271.0
2025-10-02 15:20:00,603.86,604.35,603.66,604.19,404663.0
2025-10-02 15:25:00,604.17,604.39,603.89,604.12,318242.0
2025-10-02 15:30:00,604.09,604.155,603.71,603.81,298052.0
2025-10-02 15:35:00,603.81,603.91,603.14,603.5956,479453.0
2025-10-02 15:40:00,603.59,604.07,603.59,603.73,300757.0
2025-10-02 15:45:00,603.72,604.01,603.5,603.85,299466.0
2025-10-02 15:50:00,603.86,604.63,603.82,604.612,400047.0
2025-10-02 15:55:00,604.6125,605.085,604.59,604.97,493761.0
2025-10-02 16:00:00,604.96,604.97,604.62,604.715,404476.0
2025-10-03 09:30:00,607.59,607.64,607.54,607.64,8539.0
2025-10-03 09:35:00,607.64,607.74,607.6,607.74,8955.0
2025-10-03 09:40:00,607.74,607.76,607.64,607.64,12359.0
2025-10-03 09:45:00,607.65,607.75,607.64,607.74,5994.0
2025-10-03 09:55:00,607.81,607.84,607.78,607.78,8059.0
2025-10-03 10:00:00,607.96,607.98,607.88,607.92,17373.0
2025-10-03 10:05:00,607.91,608.04,607.85,607.86,12557.0
2025-10-03 10:10:00,607.88,607.88,607.73,607.84,9102.0
2025-10-03 10:15:00,607.85,607.85,607.71,607.77,13414.0
2025-10-03 10:20:00,607.73,607.77,607.67,607.73,11874.0
2025-10-03 10:25:00,607.67,607.7,607.59,607.62,10492.0
2025-10-03 10:30:00,607.64,607.64,607.44,607.44,14266.0
2025-10-03 10:35:00,607.4,607.4,607.11,607.23,20090.0
2025-10-03 10:40:00,607.32,607.47,607.32,607.41,19924.0
2025-10-03 10:45:00,607.42,607.48,607.4,607.41,13218.0
2025-10-03 10:50:00,607.43,607.46,607.4,607.43,9596.0
2025-10-03 10:55:00,607.41,607.42,607.23,607.23,7080.0
2025-10-03 11:00:00,607.22,607.42,607.17,607.19,22009.0
2025-10-03 11:05:00,607.19,607.31,607.18,607.27,8319.0
2025-10-03 11:10:00,607.27,607.3,607.04,607.05,11351.0
2025-10-03 11:15:00,607.21,607.21,606.91,606.99,12282.0
2025-10-03 11:20:00,607.01,607.04,606.9,606.94,15545.0
2025-10-03 11:25:00,606.95,606.95,606.72,606.79,12128.0
2025-10-03 11:30:00,606.84,606.84,606.65,606.77,20484.0
2025-10-03 11:35:00,606.64,606.89,606.51,606.89,23302.0
2025-10-03 11:40:00,606.97,607.12,606.87,607.12,29807.0
2025-10-03 11:45:00,607.12,607.21,607.1,607.13,4374.0
2025-10-03 11:50:00,607.24,607.29,606.69,606.7,35608.0
2025-10-03 11:55:00,606.68,606.88,606.5,606.55,32924.0
2025-10-03 12:00:00,606.63,607.9896,606.184,606.77,130187.0
2025-10-03 12:05:00,606.82,606.82,606.67,606.68,13490.0
2025-10-03 12:10:00,606.65,606.85,606.63,606.7977,35234.0
2025-10-03 12:15:00,606.79,606.84,606.64,606.7,14941.0
2025-10-03 12:20:00,606.66,606.73,606.45,606.54,38940.0
2025-10-03 12:25:00,606.48,606.6,606.44,606.6,23298.0
2025-10-03 12:30:00,606.6805,606.77,606.61,606.62,31022.0
2025-10-03 12:35:00,606.6,606.6,606.3,606.5101,66247.0
2025-10-03 12:40:00,606.54,606.54,606.09,606.1,36335.0
2025-10-03 12:45:00,606.11,606.17,605.83,606.02,52361.0
2025-10-03 12:50:00,606.02,606.24,605.89,606.24,27657.0
2025-10-03 12:55:00,606.23,606.38,606.17,606.22,33442.0
2025-10-03 13:00:00,606.19,606.27,606.12,606.18,20173.0
2025-10-03 13:05:00,606.16,606.44,606.16,606.33,24546.0
2025-10-03 13:10:00,606.38,606.38,606.22,606.24,31483.0
2025-10-03 13:15:00,606.24,606.35,606.17,606.33,31001.0
2025-10-03 13:20:00,606.32,606.44,606.25,606.36,31787.0
2025-10-03 13:25:00,606.37,606.6,606.37,606.51,48668.0
2025-10-03 13:30:00,606.51,607.25,606.24,606.81,1258948.0
2025-10-03 13:35:00,606.83,607.17,606.5,607.12,835921.0
2025-10-03 13:40:00,607.12,607.25,606.06,606.56,920275.0
2025-10-03 13:45:00,606.51,607.08,606.37,606.925,497832.0
2025-10-03 13:50:00,606.9206,607.3255,606.56,606.6,484317.0
2025-10-03 13:55:00,606.6007,606.6191,605.71,605.8856,577851.0
2025-10-03 14:00:00,605.89,605.92,604.86,605.33,1123054.0
2025-10-03 14:05:00,605.34,605.41,604.52,605.06,679416.0
2025-10-03 14:10:00,605.07,605.38,604.65,605.12,518700.0
2025-10-03 14:15:00,605.11,605.72,605.02,605.08,502794.0
2025-10-03 14:20:00,605.08,605.29,604.72,605.2,376421.0
2025-10-03 14:25:00,605.195,605.86,605.04,605.465,422214.0
2025-10-03 14:30:00,605.46,605.68,605.19,605.54,317064.0
2025-10-03 14:35:00,605.5601,606.09,605.39,605.92,462126.0
2025-10-03 14:40:00,605.91,606.34,605.83,605.95,447199.0
2025-10-03 14:45:00,605.98,606.145,605.62,605.68,325403.0
2025-10-03 14:50:00,605.68,606.21,605.49,606.199,353418.0
2025-10-03 14:55:00,606.195,606.25,606.0,606.1,336244.0
2025-10-03 15:00:00,606.11,606.12,605.76,605.88,286606.0
2025-10-03 15:05:00,605.865,606.23,605.75,605.9201,453771.0
2025-10-03 15:10:00,605.9262,606.33,605.68,606.3,459551.0
2025-10-03 15:15:00,606.29,606.46,606.24,606.41,340895.0
2025-10-03 15:20:00,606.415,606.7,606.28,606.69,393497.0
2025-10-03 15:25:00,606.68,606.7053,606.25,606.5,465065.0
2025-10-03 15:30:00,606.49,606.62,606.28,606.37,240852.0
2025-10-03 15:35:00,606.38,606.61,606.16,606.16,275448.0
2025-10-03 15:40:00,606.17,606.192,605.79,606.18,381049.0
2025-10-03 15:45:00,606.165,606.34,605.995,606.3001,408190.0
2025-10-03 15:50:00,606.26,606.5791,606.26,606.5791,437523.0
2025-10-03 15:55:00,606.56,606.9294,606.49,606.775,565537.0
2025-10-03 16:00:00,606.76,606.881,606.67,606.85,336985.0
2025-10-06 09:30:00,606.36,606.43,606.23,606.34,29954.0
2025-10-06 09:35:00,606.32,606.51,606.31,606.51,24592.0
2025-10-06 09:40:00,606.52,606.67,606.52,606.59,16117.0
2025-10-06 09:45:00,606.48,606.49,606.38,606.39,9824.0
2025-10-06 09:50:00,606.36,606.52,606.36,606.48,19382.0
2025-10-06 09:55:00,606.49,606.57,606.49,606.57,3144.0
2025-10-06 10:00:00,606.52,606.54,606.52,606.54,2711.0
2025-10-06 10:05:00,606.59,606.75,606.59,606.75,19361.0
2025-10-06 10:10:00,606.64,606.64,606.37,606.41,21071.0
2025-10-06 10:15:00,606.47,606.47,606.34,606.39,15340.0
2025-10-06 10:20:00,606.33,606.6,606.33,606.41,27137.0
2025-10-06 10:25:00,606.51,606.57,606.44,606.57,10502.0
2025-10-06 10:30:00,606.65,606.68,606.63,606.68,15037.0
2025-10-06 10:35:00,606.69,606.7,606.64,606.65,7100.0
2025-10-06 10:40:00,606.69,606.8,606.68,606.74,37440.0
2025-10-06 10:45:00,606.8,606.95,606.8,606.91,16578.0
2025-10-06 10:50:00,606.94,607.71,606.88,607.43,74258.0
2025-10-06 10:55:00,607.34,607.74,607.32,607.43,41027.0
2025-10-06 11:00:00,607.44,607.44,607.01,607.2,82132.0
2025-10-06 11:05:00,607.15,607.15,606.81,606.84,35982.0
2025-10-06 11:10:00,606.81,607.13,606.81,607.0,44970.0
2025-10-06 11:15:00,606.9,606.971,606.74,606.85,19987.0
2025-10-06 11:20:00,606.86,606.87,606.4,606.56,24743.0
2025-10-06 11:25:00,606.55,607.0,606.41,606.97,24166.0
2025-10-06 11:30:00,606.981,607.24,606.981,607.02,58005.0
2025-10-06 11:35:00,607.14,607.14,606.86,607.14,23352.0
2025-10-06 11:40:00,607.26,607.35,607.17,607.22,18839.0
2025-10-06 11:45:00,607.2,607.39,607.2,607.38,30763.0
2025-10-06 11:50:00,607.39,607.64,607.39,607.58,29080.0
2025-10-06 11:55:00,607.57,607.75,607.55,607.73,53501.0
2025-10-06 12:00:00,607.1,608.25,604.44,608.21,247854.0
2025-10-06 12:05:00,608.18,608.52,608.16,608.4949,59256.0
2025-10-06 12:10:00,608.52,609.06,608.51,608.81,59653.0
2025-10-06 12:15:00,608.81,608.84,608.46,608.49,49331.0
2025-10-06 12:20:00,608.49,608.6899,608.4,608.6,26368.0
2025-10-06 12:25:00,608.5285,608.66,608.36,608.36,69442.0
2025-10-06 12:30:00,608.42,608.42,608.0,608.15,31848.0
2025-10-06 12:35:00,608.06,608.18,607.9,608.03,56671.0
2025-10-06 12:40:00,607.96,608.07,607.89,607.9381,47117.0
2025-10-06 12:45:00,607.94,608.05,607.79,607.8393,51216.0
2025-10-06 12:50:00,607.86,608.09,607.82,608.0,26906.0
2025-10-06 12:55:00,608.02,608.09,607.79,607.88,59184.0
2025-10-06 13:00:00,607.84,607.94,607.58,607.58,43250.0
2025-10-06 13:05:00,607.631,608.09,607.63,607.75,131436.0
2025-10-06 13:10:00,607.7601,607.99,607.73,607.97,33054.0
2025-10-06 13:15:00,608.04,608.1,607.83,608.04,50102.0
2025-10-06 13:20:00,608.09,608.09,607.84,607.871,24862.0
2025-10-06 13:25:00,608.01,608.5,607.94,608.42,88744.0
2025-10-06 13:30:00,608.45,608.6188,607.04,607.19,1784622.0
2025-10-06 13:35:00,607.18,607.94,606.87,607.19,1175133.0
2025-10-06 13:40:00,607.23,607.69,606.09,606.66,1069138.0
2025-10-06 13:45:00,606.66,607.46,606.54,607.24,1067162.0
2025-10-06 13:50:00,607.27,607.28,606.42,606.88,704208.0
2025-10-06 13:55:00,606.87,607.12,606.55,607.03,745354.0
2025-10-06 14:00:00,607.03,607.56,606.69,607.44,848030.0
2025-10-06 14:05:00,607.46,607.6,606.84,606.86,611826.0
2025-10-06 14:10:00,606.88,607.26,606.555,607.12,599327.0
2025-10-06 14:15:00,607.15,607.4125,607.03,607.2,567176.0
2025-10-06 14:20:00,607.21,607.73,607.03,607.08,496362.0
2025-10-06 14:25:00,607.1,607.13,606.66,606.745,386013.0
2025-10-06 14:30:00,606.74,606.9451,606.39,606.49,536129.0
2025-10-06 14:35:00,606.505,606.7647,606.25,606.75,479088.0
2025-10-06 14:40:00,606.75,606.8,605.97,606.45,766208.0
2025-10-06 14:45:00,606.46,607.095,606.32,607.04,404157.0
2025-10-06 14:50:00,607.01,607.02,606.58,606.61,371189.0
2025-10-06 14:55:00,606.62,606.98,606.48,606.9793,338649.0
2025-10-06 15:00:00,606.97,607.23,606.76,607.21,349261.0
2025-10-06 15:05:00,607.22,607.435,607.1,607.25,399649.0
2025-10-06 15:10:00,607.238,607.4,607.14,607.1555,291718.0
2025-10-06 15:15:00,607.165,607.42,607.05,607.2051,332241.0
2025-10-06 15:20:00,607.17,607.27,607.03,607.2,184002.0
2025-10-06 15:25:00,607.18,607.56,607.055,607.1986,283490.0
2025-10-06 15:30:00,607.2,607.46,607.1344,607.445,263748.0
2025-10-06 15:35:00,607.45,607.58,607.38,607.45,242855.0
2025-10-06 15:40:00,607.45,607.66,607.34,607.578,298156.0
2025-10-06 15:45:00,607.575,608.18,607.57,608.1706,504331.0
2025-10-06 15:50:00,608.18,608.43,608.11,608.3501,574654.0
2025-10-06 15:55:00,608.36,608.495,608.26,608.305,505947.0
2025-10-06 16:00:00,608.3,608.385,607.915,608.03,549453.0
2025-10-07 09:30:00,607.79,607.95,607.79,607.95,18321.0
2025-10-07 09:35:00,607.95,608.0,607.87,608.0,14340.0
2025-10-07 09:40:00,607.96,607.96,607.79,607.83,20097.0
2025-10-07 09:45:00,607.82,607.89,607.77,607.78,28040.0
2025-10-07 09:50:00,607.8,607.89,607.73,607.87,15128.0
2025-10-07 09:55:00,607.83,607.98,607.83,607.98,9721.0
2025-10-07 10:00:00,607.97,607.97,607.65,607.66,25245.0
2025-10-07 10:05:00,607.63,607.72,607.56,607.71,20073.0
2025-10-07 10:10:00,607.72,607.95,607.72,607.95,6014.0
2025-10-07 10:15:00,607.91,607.93,607.68,607.79,17499.0
2025-10-07 10:20:00,607.75,607.79,607.74,607.77,6046.0
2025-10-07 10:25:00,607.81,607.89,607.75,607.89,10442.0
2025-10-07 10:30:00,607.9,608.02,607.9,608.0,13871.0
2025-10-07 10:35:00,607.96,608.1,607.96,608.05,21448.0
2025-10-07 10:40:00,608.04,608.04,607.7,607.73,13962.0
2025-10-07 10:45:00,607.76,607.79,607.68,607.74,11740.0
2025-10-07 10:50:00,607.77,607.87,607.77,607.84,12662.0
2025-10-07 10:55:00,607.85,607.85,607.55,607.57,10645.0
2025-10-07 11:00:00,607.59,607.75,607.59,607.62,14248.0
2025-10-07 11:05:00,607.67,607.69,607.5,607.61,21524.0
2025-10-07 11:10:00,607.63,607.72,607.63,607.69,4153.0
2025-10-07 11:15:00,607.72,607.73,607.6,607.73,3813.0
2025-10-07 11:20:00,607.66,607.76,607.63,607.66,8301.0
2025-10-07 11:25:00,607.67,607.81,607.6,607.77,11012.0
2025-10-07 11:30:00,607.83,607.96,607.83,607.95,15317.0
2025-10-07 11:35:00,607.87,607.9,607.82,607.9,5704.0
2025-10-07 11:40:00,607.89,607.97,607.74,607.77,9122.0
2025-10-07 11:45:00,607.79,607.96,607.76,607.96,5725.0
2025-10-07 11:50:00,607.96,608.26,607.93,608.23,16829.0
2025-10-07 11:55:00,608.19,608.45,608.16,608.44,20286.0
2025-10-07 12:00:00,608.45,608.5099,606.79,608.36,133299.0
2025-10-07 12:05:00,608.371,608.52,608.26,608.26,33474.0
2025-10-07 12:10:00,608.13,608.24,608.1,608.21,22599.0
2025-10-07 12:15:00,608.2,608.39,608.19,608.36,22080.0
2025-10-07 12:20:00,608.38,608.531,608.29,608.4,61021.0
2025-10-07 12:25:00,608.44,608.56,608.4,608.5,23897.0
2025-10-07 12:30:00,608.5,608.63,608.43,608.51,34081.0
2025-10-07 12:35:00,608.53,608.71,608.53,608.63,42037.0
2025-10-07 12:40:00,608.65,608.92,608.65,608.88,80542.0
2025-10-07 12:45:00,608.8802,608.99,608.77,608.97,72259.0
2025-10-07 12:50:00,609.0,609.32,608.99,609.16,66947.0
2025-10-07 12:55:00,609.18,609.53,609.18,609.45,51784.0
2025-10-07 13:00:00,609.46,609.84,609.43,609.7801,114809.0
2025-10-07 13:05:00,609.79,609.94,609.6001,609.69,85288.0
2025-10-07 13:10:00,609.68,609.71,609.14,609.1897,107574.0
2025-10-07 13:15:00,609.22,609.25,609.0,609.0497,58647.0
2025-10-07 13:20:00,609.03,609.11,608.95,609.0,42974.0
2025-10-07 13:25:00,609.03,609.19,609.0,609.05,85192.0
2025-10-07 13:30:00,609.02,609.3,608.58,609.1,1621797.0
2025-10-07 13:35:00,609.1,609.69,608.99,609.28,926976.0
2025-10-07 13:40:00,609.29,609.5897,609.05,609.27,831079.0
2025-10-07 13:45:00,609.27,609.425,608.89,609.3199,814845.0
2025-10-07 13:50:00,609.33,609.39,608.91,609.315,621551.0
2025-10-07 13:55:00,609.32,609.71,609.0399,609.16,720341.0
2025-10-07 14:00:00,609.17,609.3501,608.51,608.63,722014.0
2025-10-07 14:05:00,608.61,609.27,608.5,609.2509,622609.0
2025-10-07 14:10:00,609.26,609.54,609.06,609.09,572388.0
2025-10-07 14:15:00,609.1,609.27,609.01,609.1251,398071.0
2025-10-07 14:20:00,609.13,609.17,608.82,608.9468,815201.0
2025-10-07 14:25:00,608.95,609.005,608.34,608.475,878731.0
2025-10-07 14:30:00,608.485,608.9,608.44,608.71,526430.0
2025-10-07 14:35:00,608.7,608.72,607.86,608.1101,1181572.0
2025-10-07 14:40:00,608.115,608.44,607.885,608.13,701483.0
2025-10-07 14:45:00,608.13,608.42,607.9,607.99,442617.0
2025-10-07 14:50:00,607.99,608.0301,607.72,607.9699,655867.0
2025-10-07 14:55:00,607.97,608.0496,607.53,607.84,459397.0
2025-10-07 15:00:00,607.85,607.96,606.74,606.8456,965005.0
2025-10-07 15:05:00,606.83,606.88,604.67,604.83,2495673.0
2025-10-07 15:10:00,604.83,606.28,604.74,606.04,1756759.0
2025-10-07 15:15:00,606.03,606.35,605.5211,605.77,836079.0
2025-10-07 15:20:00,605.74,606.4201,605.69,605.934,661074.0
2025-10-07 15:25:00,605.93,606.2,604.97,605.21,981925.0
2025-10-07 15:30:00,605.18,605.29,604.45,604.73,1050093.0
2025-10-07 15:35:00,604.72,605.06,603.5258,604.05,2037179.0
2025-10-07 15:40:00,604.04,605.01,603.61,604.3,1066833.0
2025-10-07 15:45:00,604.32,604.36,603.13,603.38,905777.0
2025-10-07 15:50:00,603.39,603.98,603.03,603.31,1170598.0
2025-10-07 15:55:00,603.31,604.2,603.21,604.14,956470.0
2025-10-07 16:00:00,604.13,604.88,604.06,604.7045,1026845.0
2025-10-08 09:30:00,605.43,605.6,605.35,605.56,21515.0
2025-10-08 09:35:00,605.66,605.75,605.66,605.75,12796.0
2025-10-08 09:40:00,605.67,605.69,605.49,605.68,20441.0
2025-10-08 09:45:00,605.66,605.75,605.52,605.53,21594.0
2025-10-08 09:50:00,605.48,605.64,605.48,605.63,10336.0
2025-10-08 09:55:00,605.59,605.66,605.58,605.58,14694.0
2025-10-08 10:00:00,605.58,605.69,605.58,605.69,15452.0
2025-10-08 10:05:00,605.66,605.7,605.52,605.52,29770.0
2025-10-08 10:10:00,605.5,605.5,604.9,605.33,27667.0
2025-10-08 10:15:00,605.35,605.47,605.35,605.45,13695.0
2025-10-08 10:20:00,605.36,605.53,605.36,605.44,10746.0
2025-10-08 10:25:00,605.38,605.53,605.38,605.53,8649.0
2025-10-08 10:30:00,605.55,605.67,605.49,605.67,12857.0
2025-10-08 10:35:00,605.58,605.77,605.58,605.73,6352.0
2025-10-08 10:40:00,605.67,605.7,605.61,605.61,6614.0
2025-10-08 10:45:00,605.63,605.75,605.62,605.66,22748.0
2025-10-08 10:50:00,605.67,605.73,605.66,605.73,9561.0
2025-10-08 10:55:00,605.76,605.84,605.76,605.83,19332.0
2025-10-08 11:00:00,605.82,605.88,605.8,605.87,13452.0
2025-10-08 11:05:00,605.8,605.99,605.8,605.93,15187.0
2025-10-08 11:10:00,605.86,605.91,605.8,605.8,9997.0
2025-10-08 11:15:00,605.67,605.73,605.37,605.38,12057.0
2025-10-08 11:20:00,605.43,605.43,605.26,605.28,26555.0
2025-10-08 11:25:00,605.25,605.29,604.91,604.92,23149.0
2025-10-08 11:30:00,604.95,605.13,604.94,605.13,42118.0
2025-10-08 11:35:00,605.19,605.47,605.19,605.29,11911.0
2025-10-08 11:40:00,605.29,605.34,605.22,605.32,11266.0
2025-10-08 11:45:00,605.3,605.67,605.27,605.61,29530.0
2025-10-08 11:50:00,605.64,605.71,605.56,605.6,8473.0
2025-10-08 11:55:00,605.62,605.64,605.59,605.64,4972.0
2025-10-08 12:00:00,605.81,606.05,604.057,605.39,112911.0
2025-10-08 12:05:00,605.2791,605.2791,604.99,605.05,41236.0
2025-10-08 12:10:00,605.02,605.07,604.68,604.68,35603.0
2025-10-08 12:15:00,604.69,604.9201,604.5,604.91,61539.0
2025-10-08 12:20:00,604.88,605.03,604.85,604.85,55122.0
2025-10-08 12:25:00,604.86,605.04,604.74,604.96,34154.0
2025-10-08 12:30:00,604.99,605.04,604.58,604.79,60312.0
2025-10-08 12:35:00,604.78,605.0,604.62,604.97,37750.0
2025-10-08 12:40:00,604.99,605.05,604.97,604.97,27783.0
2025-10-08 12:45:00,604.97,605.11,604.85,605.07,52061.0
2025-10-08 12:50:00,605.02,605.22,604.93,605.1899,29193.0
2025-10-08 12:55:00,605.19,605.22,604.88,604.95,36833.0
2025-10-08 13:00:00,604.97,605.06,604.81,604.96,45184.0
2025-10-08 13:05:00,604.93,605.1532,604.92,605.15,28181.0
2025-10-08 13:10:00,605.12,605.32,605.12,605.2401,27357.0
2025-10-08 13:15:00,605.28,605.49,605.28,605.48,22218.0
2025-10-08 13:20:00,605.51,605.66,605.41,605.5,38294.0
2025-10-08 13:25:00,605.55,605.85,605.4,605.4,74644.0
2025-10-08 13:30:00,605.41,606.69,605.26,606.41,1738834.0
2025-10-08 13:35:00,606.42,607.0,606.13,606.99,1057068.0
2025-10-08 13:40:00,606.995,607.08,606.2,606.5968,850807.0
2025-10-08 13:45:00,606.58,607.4,606.48,607.29,1129294.0
2025-10-08 13:50:00,607.31,607.385,606.84,607.345,999564.0
2025-10-08 13:55:00,607.36,607.81,607.26,607.58,839500.0
2025-10-08 14:00:00,607.59,608.461,607.59,608.28,1605125.0
2025-10-08 14:05:00,608.29,608.67,608.26,608.555,777234.0
2025-10-08 14:10:00,608.56,608.945,608.39,608.46,972826.0
2025-10-08 14:15:00,608.44,608.75,608.34,608.47,662208.0
2025-10-08 14:20:00,608.48,608.53,607.83,608.22,804458.0
2025-10-08 14:25:00,608.23,608.675,608.09,608.63,515286.0
2025-10-08 14:30:00,608.61,608.83,608.45,608.54,561478.0
2025-10-08 14:35:00,608.54,608.65,608.19,608.54,608398.0
2025-10-08 14:40:00,608.53,608.605,608.11,608.14,400794.0
2025-10-08 14:45:00,608.14,608.34,607.88,608.07,466641.0
2025-10-08 14:50:00,608.08,608.1,607.6599,607.8,764994.0
2025-10-08 14:55:00,607.81,608.11,607.585,608.095,528788.0
2025-10-08 15:00:00,608.1,608.46,608.02,608.33,488727.0
2025-10-08 15:05:00,608.34,608.5,608.285,608.36,358725.0
2025-10-08 15:10:00,608.35,608.665,608.35,608.4999,348100.0
2025-10-08 15:15:00,608.51,608.73,608.26,608.385,429529.0
2025-10-08 15:20:00,608.38,608.86,608.35,608.8295,267770.0
2025-10-08 15:25:00,608.81,609.35,608.775,609.1,669713.0
2025-10-08 15:30:00,609.08,609.19,608.94,609.0399,385716.0
2025-10-08 15:35:00,609.03,609.3,608.98,609.185,279349.0
2025-10-08 15:40:00,609.18,609.37,609.02,609.13,251092.0
2025-10-08 15:45:00,609.14,609.4,609.14,609.315,264908.0
2025-10-08 15:50:00,609.3,609.64,609.3,609.61,537928.0
2025-10-08 15:55:00,609.61,609.685,609.47,609.538,451864.0
2025-10-08 16:00:00,609.54,609.58,609.36,609.415,431522.0
2025-10-09 09:30:00,611.31,611.59,611.29,611.59,11638.0
2025-10-09 09:35:00,611.67,611.71,611.5,611.62,14024.0
2025-10-09 09:40:00,611.57,611.6,611.31,611.5,13440.0
2025-10-09 09:45:00,611.47,611.47,611.36,611.36,11652.0
2025-10-09 09:50:00,611.36,611.48,611.35,611.39,11662.0
2025-10-09 09:55:00,611.37,611.49,611.29,611.29,13576.0
2025-10-09 10:00:00,611.29,611.43,611.08,611.43,17424.0
2025-10-09 10:05:00,611.46,611.47,611.33,611.44,11982.0
2025-10-09 10:10:00,611.34,611.58,611.34,611.5,17491.0
2025-10-09 10:15:00,611.51,611.56,611.43,611.43,6795.0
2025-10-09 10:20:00,611.49,611.56,611.37,611.4,15536.0
2025-10-09 10:25:00,611.22,611.25,611.0,611.0,13831.0
2025-10-09 10:30:00,610.98,611.17,610.89,610.89,15754.0
2025-10-09 10:35:00,610.94,611.1,610.9,611.1,22701.0
2025-10-09 10:40:00,611.15,611.17,611.05,611.07,13497.0
2025-10-09 10:45:00,611.07,611.07,610.92,610.96,9341.0
2025-10-09 10:50:00,610.95,611.16,610.95,611.16,10906.0
2025-10-09 10:55:00,611.25,611.31,611.22,611.25,15096.0
2025-10-09 11:00:00,611.24,611.46,611.22,611.38,21993.0
2025-10-09 11:05:00,611.31,611.52,611.29,611.479,20708.0
2025-10-09 11:10:00,611.46,611.49,611.39,611.39,18950.0
2025-10-09 11:15:00,611.35,611.43,611.3,611.36,10347.0
2025-10-09 11:20:00,611.39,611.57,611.37,611.54,12969.0
2025-10-09 11:25:00,611.55,611.69,611.45,611.669,20631.0
2025-10-09 11:30:00,611.67,611.79,611.6,611.65,18563.0
2025-10-09 11:35:00,611.5,611.62,611.46,611.59,17027.0
2025-10-09 11:40:00,611.54,611.57,611.35,611.39,13716.0
2025-10-09 11:45:00,611.35,611.49,611.22,611.47,26336.0
2025-10-09 11:50:00,611.46,611.46,611.33,611.36,12089.0
2025-10-09 11:55:00,611.35,611.35,611.11,611.12,19626.0
2025-10-09 12:00:00,611.3,612.36,610.7,611.39,109892.0
2025-10-09 12:05:00,611.36,611.38,611.18,611.18,27623.0
2025-10-09 12:10:00,611.16,611.23,611.08,611.15,36256.0
2025-10-09 12:15:00,611.15,611.31,611.15,611.24,31580.0
2025-10-09 12:20:00,611.26,611.36,611.17,611.3,33982.0
2025-10-09 12:25:00,611.29,611.43,611.25,611.4225,23165.0
2025-10-09 12:30:00,611.43,611.5,611.21,611.37,16488.0
2025-10-09 12:35:00,611.35,611.51,611.26,611.46,46077.0
2025-10-09 12:40:00,611.46,611.47,611.29,611.45,25335.0
2025-10-09 12:45:00,611.47,611.48,611.26,611.26,26913.0
2025-10-09 12:50:00,611.23,611.53,611.22,611.5,47101.0
2025-10-09 12:55:00,611.52,611.62,611.47,611.6,20766.0
2025-10-09 13:00:00,611.61,611.62,611.41,611.43,20688.0
2025-10-09 13:05:00,611.5,611.51,611.24,611.3,36441.0
2025-10-09 13:10:00,611.34,611.37,611.16,611.17,33709.0
2025-10-09 13:15:00,611.26,611.49,611.2,611.39,16018.0
2025-10-09 13:20:00,611.35,611.58,611.35,611.58,34435.0
2025-10-09 13:25:00,611.56,611.66,611.2,611.54,125048.0
2025-10-09 13:30:00,611.48,611.61,610.72,610.96,1550452.0
2025-10-09 13:35:00,610.98,611.15,610.57,610.8,713639.0
2025-10-09 13:40:00,610.8,610.87,609.8,610.2,1039812.0
2025-10-09 13:45:00,610.2,610.87,609.69,610.83,1039724.0
2025-10-09 13:50:00,610.82,611.18,609.85,609.98,1054500.0
2025-10-09 13:55:00,610.01,610.6599,609.68,610.29,847094.0
2025-10-09 14:00:00,610.3,610.44,609.86,610.31,734121.0
2025-10-09 14:05:00,610.3,610.53,609.9,610.11,637349.0
2025-10-09 14:10:00,610.13,610.29,609.97,610.12,489828.0
2025-10-09 14:15:00,610.12,610.21,609.78,609.94,595173.0
2025-10-09 14:20:00,609.945,610.2111,609.48,610.137,599914.0
2025-10-09 14:25:00,610.13,610.17,609.53,609.64,573566.0
2025-10-09 14:30:00,609.66,609.66,609.02,609.07,653868.0
2025-10-09 14:35:00,609.08,609.18,608.6,608.72,713183.0
2025-10-09 14:40:00,608.71,609.18,608.4,608.445,773518.0
2025-10-09 14:45:00,608.44,609.22,608.23,609.18,646559.0
2025-10-09 14:50:00,609.13,609.44,609.09,609.34,528470.0
2025-10-09 14:55:00,609.31,609.84,609.26,609.63,473236.0
2025-10-09 15:00:00,609.64,610.02,609.42,609.79,464273.0
2025-10-09 15:05:00,609.79,610.0,609.51,609.985,349722.0
2025-10-09 15:10:00,610.0,610.01,609.61,609.78,259299.0
2025-10-09 15:15:00,609.79,610.18,609.7,609.7801,359407.0
2025-10-09 15:20:00,609.77,609.87,609.12,609.23,435844.0
2025-10-09 15:25:00,609.23,609.37,608.95,609.06,384604.0
2025-10-09 15:30:00,609.05,609.12,608.5,608.625,403037.0
2025-10-09 15:35:00,608.64,609.26,608.34,609.04,547604.0
2025-10-09 15:40:00,609.04,609.04,608.64,608.7987,414055.0
2025-10-09 15:45:00,608.81,609.65,608.79,609.63,601969.0
2025-10-09 15:50:00,609.63,609.9748,609.54,609.9748,442762.0
2025-10-09 15:55:00,609.97,610.19,609.88,609.92,317055.0
2025-10-09 16:00:00,609.93,610.129,609.83,610.04,283079.0
2025-10-10 09:30:00,611.14,611.3,610.95,611.11,21358.0
2025-10-10 09:35:00,611.13,611.21,610.94,610.96,19317.0
2025-10-10 09:40:00,610.98,611.0,610.77,610.9,27287.0
2025-10-10 09:45:00,610.9,611.0,610.42,610.43,25078.0
2025-10-10 09:50:00,610.42,610.59,610.15,610.15,26047.0
2025-10-10 09:55:00,610.21,610.25,609.99,610.07,21773.0
2025-10-10 10:00:00,610.11,610.34,610.1,610.29,21844.0
2025-10-10 10:05:00,610.32,610.6,610.32,610.57,12061.0
2025-10-10 10:10:00,610.63,610.86,610.6,610.76,13688.0
2025-10-10 10:15:00,610.71,611.0,610.63,610.88,11717.0
2025-10-10 10:20:00,610.86,610.95,610.8,610.83,15624.0
2025-10-10 10:25:00,610.83,610.83,610.67,610.8,25027.0
2025-10-10 10:30:00,610.77,610.85,610.64,610.71,27810.0
2025-10-10 10:35:00,610.69,610.69,610.56,610.64,16627.0
2025-10-10 10:40:00,610.71,611.05,610.67,611.02,18890.0
2025-10-10 10:45:00,611.02,611.02,610.77,610.81,13794.0
2025-10-10 10:50:00,610.77,611.04,610.77,610.97,25229.0
2025-10-10 10:55:00,610.97,611.15,610.97,611.14,18172.0
2025-10-10 11:00:00,611.17,611.46,611.15,611.46,12746.0
2025-10-10 11:05:00,611.42,611.44,611.15,611.32,12037.0
2025-10-10 11:10:00,611.25,611.49,611.24,611.39,13938.0
2025-10-10 11:15:00,611.4,611.42,611.3,611.33,13895.0
2025-10-10 11:20:00,611.4,611.55,611.36,611.36,20174.0
2025-10-10 11:25:00,611.34,611.39,611.33,611.38,4866.0
2025-10-10 11:30:00,611.43,611.63,611.43,611.63,5860.0
2025-10-10 11:35:00,611.63,611.63,611.35,611.35,15403.0
2025-10-10 11:40:00,611.35,611.51,611.25,611.49,22466.0
2025-10-10 11:45:00,611.46,611.58,611.44,611.58,13688.0
2025-10-10 11:50:00,611.59,611.65,611.5,611.55,12649.0
2025-10-10 11:55:00,611.5,611.69,611.5,611.69,9346.0
2025-10-10 12:00:00,611.35,612.32,610.07,611.7,85815.0
2025-10-10 12:05:00,611.69,611.87,611.65,611.8,18675.0
2025-10-10 12:10:00,611.8,611.95,611.79,611.85,23242.0
2025-10-10 12:15:00,611.86,611.89,611.74,611.78,28860.0
2025-10-10 12:20:00,611.78,611.9,611.75,611.8,24452.0
2025-10-10 12:25:00,611.81,611.81,611.6699,611.77,26899.0
2025-10-10 12:30:00,611.74,611.83,611.69,611.77,18573.0
2025-10-10 12:35:00,611.75,611.75,611.45,611.47,38655.0
2025-10-10 12:40:00,611.49,611.7,611.0,611.03,102363.0
2025-10-10 12:45:00,611.03,611.24,610.94,611.12,31992.0
2025-10-10 12:50:00,611.05,611.159,610.98,611.1,18878.0
2025-10-10 12:55:00,611.02,611.08,610.87,611.03,21570.0
2025-10-10 13:00:00,611.07,611.43,611.07,611.35,19184.0
2025-10-10 13:05:00,611.341,611.38,611.31,611.3436,9704.0
2025-10-10 13:10:00,611.34,611.39,611.3,611.36,32938.0
2025-10-10 13:15:00,611.37,611.4,611.21,611.23,29942.0
2025-10-10 13:20:00,611.19,611.25,611.05,611.06,33232.0
2025-10-10 13:25:00,611.18,611.5,611.03,611.49,50955.0
2025-10-10 13:30:00,611.4,612.21,610.96,611.78,1447826.0
2025-10-10 13:35:00,611.775,612.91,611.58,612.79,1180454.0
2025-10-10 13:40:00,612.8,612.84,612.36,612.7,1104648.0
2025-10-10 13:45:00,612.7,613.18,612.14,612.36,958168.0
2025-10-10 13:50:00,612.34,612.34,611.69,611.88,903690.0
2025-10-10 13:55:00,611.88,612.68,611.76,612.5,459349.0
2025-10-10 14:00:00,612.55,612.75,611.39,611.93,693324.0
2025-10-10 14:05:00,611.94,612.3895,611.6999,612.18,498049.0
2025-10-10 14:10:00,612.18,612.39,611.64,611.74,413525.0
2025-10-10 14:15:00,611.715,611.84,611.1319,611.615,568146.0
2025-10-10 14:20:00,611.6,612.09,611.59,611.97,454374.0
2025-10-10 14:25:00,611.9599,612.34,611.8,611.895,483959.0
2025-10-10 14:30:00,611.93,612.2056,611.82,611.99,327415.0
2025-10-10 14:35:00,611.97,612.15,611.52,611.87,401759.0
2025-10-10 14:40:00,611.88,612.04,611.44,612.02,409694.0
2025-10-10 14:45:00,612.01,612.42,611.93,612.29,335342.0
2025-10-10 14:50:00,612.29,612.32,611.79,612.02,383672.0
2025-10-10 14:55:00,612.02,612.14,606.93,608.52,2305709.0
2025-10-10 15:00:00,608.47,608.54,603.64,604.54,4130935.0
2025-10-10 15:05:00,604.54,606.3,603.43,603.78,2471047.0
2025-10-10 15:10:00,603.78,606.3,603.73,605.4,1381587.0
2025-10-10 15:15:00,605.37,605.8,601.68,602.64,1836808.0
2025-10-10 15:20:00,602.675,603.12,599.46,599.57,2474098.0
2025-10-10 15:25:00,599.55,601.48,599.1001,599.565,2884952.0
2025-10-10 15:30:00,599.5,599.63,595.93,597.2299,3413422.0
2025-10-10 15:35:00,597.22,598.8,597.08,597.19,2216162.0
2025-10-10 15:40:00,597.23,600.64,596.28,600.53,2217359.0
2025-10-10 15:45:00,600.51,601.4,599.329,600.095,1844630.0
2025-10-10 15:50:00,600.09,601.69,599.93,600.72,1390792.0
2025-10-10 15:55:00,600.7,600.7,598.38,599.74,1069179.0
2025-10-10 16:00:00,599.64,599.7,597.95,598.67,1117390.0
2025-10-13 09:30:00,600.45,600.5,600.21,600.46,31209.0
2025-10-13 09:35:00,600.46,600.46,600.05,600.12,37159.0
2025-10-13 09:40:00,600.15,600.23,600.06,600.15,38735.0
2025-10-13 09:45:00,600.14,600.23,599.9,600.03,50575.0
2025-10-13 09:50:00,600.05,600.28,599.93,600.14,28025.0
2025-10-13 09:55:00,600.16,600.47,600.16,600.18,50344.0
2025-10-13 10:00:00,600.14,600.55,599.98,600.32,53520.0
2025-10-13 10:05:00,600.33,600.4,600.13,600.39,34736.0
2025-10-13 10:10:00,600.37,600.5,600.21,600.41,63553.0
2025-10-13 10:15:00,600.42,600.42,599.7,600.1,70494.0
2025-10-13 10:20:00,600.1,600.27,599.73,600.11,77475.0
2025-10-13 10:25:00,600.16,600.47,600.13,600.43,46742.0
2025-10-13 10:30:00,600.42,600.86,600.37,600.75,79126.0
2025-10-13 10:35:00,600.77,600.8,600.44,600.59,44160.0
2025-10-13 10:40:00,600.56,600.64,599.98,600.04,38789.0
2025-10-13 10:45:00,599.99,600.15,599.81,600.02,58866.0
2025-10-13 10:50:00,600.06,600.07,599.71,600.0,51493.0
2025-10-13 10:55:00,600.03,600.34,600.01,600.26,58142.0
2025-10-13 11:00:00,600.23,600.63,599.1,599.6,358133.0
2025-10-13 11:05:00,599.63,599.64,597.96,598.3,226456.0
2025-10-13 11:10:00,598.54,598.71,597.46,598.71,112955.0
2025-10-13 11:15:00,598.54,598.98,598.49,598.9,100436.0
2025-10-13 11:20:00,598.84,599.01,598.33,598.35,50999.0
2025-10-13 11:25:00,598.55,598.69,598.0,598.18,56730.0
2025-10-13 11:30:00,598.12,598.8,597.49,598.62,110969.0
2025-10-13 11:35:00,598.48,598.67,597.91,598.23,93221.0
2025-10-13 11:40:00,598.18,599.0,598.15,598.87,60620.0
2025-10-13 11:45:00,598.87,599.39,598.82,598.96,84036.0
2025-10-13 11:50:00,598.93,599.29,598.58,599.19,106907.0
2025-10-13 11:55:00,599.14,599.19,598.83,598.96,76308.0
2025-10-13 12:00:00,594.82,602.38,594.82,598.62,685438.0
2025-10-13 12:05:00,598.52,598.82,598.31,598.76,66025.0
2025-10-13 12:10:00,598.76,599.399,598.76,599.35,88256.0
2025-10-13 12:15:00,599.36,599.75,599.24,599.67,146551.0
2025-10-13 12:20:00,599.63,599.67,598.89,599.58,152283.0
2025-10-13 12:25:00,599.56,599.59,599.26,599.44,91787.0
2025-10-13 12:30:00,599.39,600.19,599.37,599.7,121263.0
2025-10-13 12:35:00,599.71,599.92,599.67,599.9,119110.0
2025-10-13 12:40:00,599.89,599.89,599.5,599.58,86157.0
2025-10-13 12:45:00,599.58,599.76,599.44,599.57,213219.0
2025-10-13 12:50:00,599.54,599.54,598.98,599.35,219640.0
2025-10-13 12:55:00,599.3696,599.43,598.62,598.76,172624.0
2025-10-13 13:00:00,598.74,601.19,598.73,600.98,757381.0
2025-10-13 13:05:00,600.97,601.22,600.49,600.71,213042.0
2025-10-13 13:10:00,600.73,600.78,600.14,600.28,222154.0
2025-10-13 13:15:00,600.3,600.55,600.1,600.41,147129.0
2025-10-13 13:20:00,600.39,600.79,600.0,600.21,276898.0
2025-10-13 13:25:00,600.23,600.34,599.64,599.7,270151.0
2025-10-13 13:30:00,599.68,600.11,598.06,598.08,2949295.0
2025-10-13 13:35:00,598.07,598.44,597.23,598.02,2354303.0
2025-10-13 13:40:00,598.05,599.38,597.37,599.35,1736742.0
2025-10-13 13:45:00,599.31,599.7491,598.31,599.71,1307656.0
2025-10-13 13:50:00,599.71,600.64,599.34,600.035,1274008.0
2025-10-13 13:55:00,600.03,601.25,599.93,601.16,1217554.0
2025-10-13 14:00:00,601.14,601.59,600.6215,601.55,1169327.0
2025-10-13 14:05:00,601.55,601.73,601.06,601.52,1122483.0
2025-10-13 14:10:00,601.49,601.74,600.8,601.0601,1152452.0
2025-10-13 14:15:00,601.05,601.54,600.46,600.49,859838.0
2025-10-13 14:20:00,600.52,600.69,598.74,599.91,1241452.0
2025-10-13 14:25:00,599.92,599.93,598.91,599.63,742319.0
2025-10-13 14:30:00,599.65,600.43,598.95,600.3044,756206.0
2025-10-13 14:35:00,600.29,601.16,600.21,600.99,874538.0
2025-10-13 14:40:00,601.01,601.11,599.76,599.83,786547.0
2025-10-13 14:45:00,599.83,600.8,599.05,599.12,1054847.0
2025-10-13 14:50:00,599.05,599.19,598.24,598.64,807826.0
2025-10-13 14:55:00,598.62,598.63,597.6842,598.0397,700690.0
2025-10-13 15:00:00,598.06,598.56,597.74,598.19,784464.0
2025-10-13 15:05:00,598.23,599.0,597.88,598.979,871870.0
2025-10-13 15:10:00,598.97,599.91,598.91,599.72,769243.0
2025-10-13 15:15:00,599.72,600.68,599.72,600.5801,555035.0
2025-10-13 15:20:00,600.61,601.05,600.57,600.61,675628.0
2025-10-13 15:25:00,600.63,601.09,600.55,600.8956,602657.0
2025-10-13 15:30:00,600.9,601.39,600.8,601.1,519302.0
2025-10-13 15:35:00,601.14,601.2,600.79,600.8,439517.0
2025-10-13 15:40:00,600.8,600.89,600.3,600.35,460931.0
2025-10-13 15:45:00,600.38,601.05,600.33,601.0099,516127.0
2025-10-13 15:50:00,601.0,601.15,600.61,601.06,352584.0
2025-10-13 15:55:00,601.07,601.47,601.01,601.255,369800.0
2025-10-13 16:00:00,601.29,601.5,601.02,601.41,486757.0
2025-10-14 09:30:00,596.07,596.28,595.6,595.62,39075.0
2025-10-14 09:35:00,595.64,595.73,595.41,595.59,22415.0
2025-10-14 09:40:00,595.5,596.04,595.5,595.86,17031.0
2025-10-14 09:45:00,595.84,596.01,595.51,595.51,19579.0
2025-10-14 09:50:00,595.43,595.5,595.0,595.31,66151.0
2025-10-14 09:55:00,595.25,595.37,595.17,595.22,14999.0
2025-10-14 10:00:00,595.28,595.35,595.03,595.11,25836.0
2025-10-14 10:05:00,595.09,595.26,594.89,594.89,22209.0
2025-10-14 10:10:00,594.93,594.97,594.37,594.86,37950.0
2025-10-14 10:15:00,594.85,594.85,594.3,594.41,20902.0
2025-10-14 10:20:00,594.38,594.71,594.04,594.68,28288.0
2025-10-14 10:25:00,594.65,594.72,593.72,593.84,48107.0
2025-10-14 10:30:00,593.81,593.82,592.89,593.17,76571.0
2025-10-14 10:35:00,593.28,593.8,593.28,593.55,62614.0
2025-10-14 10:40:00,593.51,593.54,592.57,592.64,66167.0
2025-10-14 10:45:00,592.56,592.58,592.03,592.09,55503.0
2025-10-14 10:50:00,592.0,592.74,592.0,592.38,49858.0
2025-10-14 10:55:00,592.28,593.31,592.04,593.28,70635.0
2025-10-14 11:00:00,593.36,593.57,593.04,593.55,101124.0
2025-10-14 11:05:00,593.48,594.25,593.45,593.83,69784.0
2025-10-14 11:10:00,593.98,594.41,593.89,594.29,20379.0
2025-10-14 11:15:00,594.28,594.45,594.23,594.26,39872.0
2025-10-14 11:20:00,594.28,594.91,594.28,594.77,77645.0
2025-10-14 11:25:00,594.75,595.14,594.68,594.73,40666.0
2025-10-14 11:30:00,594.64,595.17,594.56,594.98,40662.0
2025-10-14 11:35:00,595.07,595.68,595.07,595.45,41631.0
2025-10-14 11:40:00,595.39,595.5,595.09,595.4,30803.0
2025-10-14 11:45:00,595.25,595.66,595.15,595.25,28449.0
2025-10-14 11:50:00,595.33,595.9,595.33,595.88,25622.0
2025-10-14 11:55:00,595.82,595.89,595.42,595.67,24627.0
2025-10-14 12:00:00,593.365,601.85,592.04,594.88,448212.0
2025-10-14 12:05:00,594.87,595.3,594.52,595.24,61125.0
2025-10-14 12:10:00,595.31,595.8,595.31,595.6926,37031.0
2025-10-14 12:15:00,595.59,595.61,595.03,595.3,32412.0
2025-10-14 12:20:00,595.34,595.53,595.18,595.4,31679.0
2025-10-14 12:25:00,595.54,595.82,595.38,595.62,46463.0
2025-10-14 12:30:00,595.63,595.63,594.87,594.97,51662.0
2025-10-14 12:35:00,594.9,594.94,594.21,594.37,77468.0
2025-10-14 12:40:00,594.43,594.61,593.32,593.8,147143.0
2025-10-14 12:45:00,593.8,594.47,593.78,594.36,93620.0
2025-10-14 12:50:00,594.39,594.95,594.38,594.73,53388.0
2025-10-14 12:55:00,594.77,594.97,594.68,594.74,23703.0
2025-10-14 13:00:00,594.8,595.61,594.8,595.55,65161.0
2025-10-14 13:05:00,595.57,595.68,595.41,595.6,94227.0
2025-10-14 13:10:00,595.54,595.62,595.26,595.46,102524.0
2025-10-14 13:15:00,595.44,595.44,594.75,595.11,135639.0
2025-10-14 13:20:00,595.14,595.17,594.63,594.86,87183.0
2025-10-14 13:25:00,594.9,595.46,594.5298,595.34,136957.0
2025-10-14 13:30:00,595.31,595.33,593.36,593.41,2183642.0
2025-10-14 13:35:00,593.4,593.407,591.23,592.18,1694712.0
2025-10-14 13:40:00,592.18,592.42,590.29,590.8,1876371.0
2025-10-14 13:45:00,590.8,592.29,590.13,591.38,1597313.0
2025-10-14 13:50:00,591.33,593.3,591.02,593.07,1459320.0
2025-10-14 13:55:00,593.07,594.1,592.94,593.8,1327919.0
2025-10-14 14:00:00,593.77,594.65,593.34,594.481,1022595.0
2025-10-14 14:05:00,594.49,594.83,593.88,593.99,1005926.0
2025-10-14 14:10:00,594.01,595.16,593.92,594.9878,801917.0
2025-10-14 14:15:00,594.97,595.28,594.43,595.08,782568.0
2025-10-14 14:20:00,595.09,596.68,594.96,596.51,993318.0
2025-10-14 14:25:00,596.49,597.38,596.49,597.3,1109994.0
2025-10-14 14:30:00,597.29,597.41,596.28,596.76,943714.0
2025-10-14 14:35:00,596.7707,597.62,596.7707,597.4799,703979.0
2025-10-14 14:40:00,597.47,597.63,597.23,597.24,594252.0
2025-10-14 14:45:00,597.24,597.8199,596.71,597.19,990867.0
2025-10-14 14:50:00,597.19,597.3018,596.04,596.78,725899.0
2025-10-14 14:55:00,596.7814,596.8801,596.06,596.52,692220.0
2025-10-14 15:00:00,596.56,597.76,596.56,597.7395,850990.0
2025-10-14 15:05:00,597.715,598.39,596.95,597.0506,886754.0
2025-10-14 15:10:00,597.08,597.46,596.79,597.14,430361.0
2025-10-14 15:15:00,597.17,597.17,596.39,596.59,599990.0
2025-10-14 15:20:00,596.61,597.47,596.57,597.45,456183.0
2025-10-14 15:25:00,597.48,597.505,596.65,596.84,388407.0
2025-10-14 15:30:00,596.86,597.41,596.81,597.35,420510.0
2025-10-14 15:35:00,597.3382,598.36,596.8,597.0813,1396584.0
2025-10-14 15:40:00,597.1,598.91,596.82,598.61,1146221.0
2025-10-14 15:45:00,598.61,599.28,598.61,599.22,844740.0
2025-10-14 15:50:00,599.21,600.07,599.15,599.68,676800.0
2025-10-14 15:55:00,599.67,599.68,599.04,599.27,624062.0
2025-10-14 16:00:00,599.29,599.51,598.64,598.87,646768.0
2025-10-15 09:30:00,602.7,603.19,602.68,603.17,19526.0
2025-10-15 09:35:00,603.15,603.31,603.06,603.1,22327.0
2025-10-15 09:40:00,603.11,603.11,602.85,602.98,21618.0
2025-10-15 09:45:00,602.92,603.14,602.83,603.14,16829.0
2025-10-15 09:50:00,603.06,603.33,603.06,603.31,32751.0
2025-10-15 09:55:00,603.36,603.45,603.23,603.31,20428.0
2025-10-15 10:00:00,603.34,603.4,603.03,603.03,25593.0
2025-10-15 10:05:00,603.05,603.3,603.0,603.07,25076.0
2025-10-15 10:10:00,603.02,603.12,602.96,603.06,18571.0
2025-10-15 10:15:00,603.04,603.06,602.86,603.06,11604.0
2025-10-15 10:20:00,603.08,603.08,602.99,603.06,19233.0
2025-10-15 10:25:00,603.03,603.18,603.03,603.18,9216.0
2025-10-15 10:30:00,603.18,603.21,602.89,602.92,16552.0
2025-10-15 10:35:00,602.85,602.95,602.77,602.89,18800.0
2025-10-15 10:40:00,602.88,603.11,602.86,603.08,23381.0
2025-10-15 10:45:00,603.07,603.38,603.06,603.36,17687.0
2025-10-15 10:50:00,603.35,603.51,603.32,603.34,19863.0
2025-10-15 10:55:00,603.41,603.48,603.16,603.23,21962.0
2025-10-15 11:00:00,603.15,603.26,603.0,603.01,25995.0
2025-10-15 11:05:00,603.0,603.13,602.91,603.02,22743.0
2025-10-15 11:10:00,603.04,603.2,602.93,602.97,15302.0
2025-10-15 11:15:00,602.97,602.97,602.57,602.76,15153.0
2025-10-15 11:20:00,602.75,602.82,602.64,602.66,23954.0
2025-10-15 11:25:00,602.69,602.97,602.67,602.76,64989.0
2025-10-15 11:30:00,602.69,602.85,602.54,602.81,23275.0
2025-10-15 11:35:00,602.77,602.9,602.71,602.9,20532.0
2025-10-15 11:40:00,602.9,603.169,602.9,603.14,31889.0
2025-10-15 11:45:00,603.11,603.2,603.05,603.12,43638.0
2025-10-15 11:50:00,603.08,603.22,603.0,603.22,15188.0
2025-10-15 11:55:00,603.26,603.26,602.97,603.05,24710.0
2025-10-15 12:00:00,603.06,603.71,597.552,603.25,187902.0
2025-10-15 12:05:00,603.27,603.98,603.27,603.96,111133.0
2025-10-15 12:10:00,603.97,604.23,603.97,604.15,54652.0
2025-10-15 12:15:00,604.15,604.54,604.15,604.49,52446.0
2025-10-15 12:20:00,604.49,604.49,603.8,604.39,126780.0
2025-10-15 12:25:00,604.37,604.41,603.73,603.82,90273.0
2025-10-15 12:30:00,604.09,604.67,603.6,604.02,78318.0
2025-10-15 12:35:00,604.0,604.05,603.71,603.86,65510.0
2025-10-15 12:40:00,603.85,604.27,603.73,604.15,66704.0
2025-10-15 12:45:00,604.16,604.38,604.04,604.23,67290.0
2025-10-15 12:50:00,604.28,604.5,603.69,604.41,118827.0
2025-10-15 12:55:00,604.4,604.57,604.32,604.49,63837.0
2025-10-15 13:00:00,604.51,604.51,604.22,604.28,54641.0
2025-10-15 13:05:00,604.32,604.324,604.0,604.1,79258.0
2025-10-15 13:10:00,604.08,604.2023,604.0,604.1,41490.0
2025-10-15 13:15:00,604.09,604.42,604.04,604.401,47557.0
2025-10-15 13:20:00,604.4,604.42,603.89,603.94,69023.0
2025-10-15 13:25:00,603.97,604.22,603.85,604.01,147213.0
2025-10-15 13:30:00,604.01,604.04,602.71,603.0501,2113024.0
2025-10-15 13:35:00,603.04,603.8151,602.24,602.38,1228010.0
2025-10-15 13:40:00,602.43,603.32,602.06,602.59,1011720.0
2025-10-15 13:45:00,602.565,603.62,601.51,601.95,1262338.0
2025-10-15 13:50:00,601.98,603.67,601.8,603.432,954055.0
2025-10-15 13:55:00,603.43,604.52,603.37,604.29,1069122.0
2025-10-15 14:00:00,604.33,604.98,604.28,604.88,1268274.0
2025-10-15 14:05:00,604.89,606.28,604.8559,606.23,1209369.0
2025-10-15 14:10:00,606.25,606.61,605.67,605.85,1159549.0
2025-10-15 14:15:00,605.85,606.41,605.7101,606.04,786327.0
2025-10-15 14:20:00,606.05,606.56,605.75,606.48,792230.0
2025-10-15 14:25:00,606.47,606.67,606.11,606.39,784478.0
2025-10-15 14:30:00,606.4,606.7,606.3,606.53,503878.0
2025-10-15 14:35:00,606.53,606.66,606.26,606.46,539505.0
2025-10-15 14:40:00,606.47,606.5242,605.87,606.21,817361.0
2025-10-15 14:45:00,606.23,606.51,605.95,606.1,641625.0
2025-10-15 14:50:00,606.1,606.23,605.75,605.965,611750.0
2025-10-15 14:55:00,605.97,606.67,605.8701,606.34,491130.0
2025-10-15 15:00:00,606.39,606.5999,605.93,606.169,617295.0
2025-10-15 15:05:00,606.15,606.48,605.94,606.06,393806.0
2025-10-15 15:10:00,606.05,606.14,605.34,605.81,528854.0
2025-10-15 15:15:00,605.79,605.995,605.22,605.27,421588.0
2025-10-15 15:20:00,605.24,605.53,605.15,605.32,390226.0
2025-10-15 15:25:00,605.3,605.97,605.1,605.2156,465563.0
2025-10-15 15:30:00,605.22,605.38,604.01,604.31,1031148.0
2025-10-15 15:35:00,604.31,604.32,603.2,603.98,1031629.0
2025-10-15 15:40:00,603.96,603.99,602.39,603.03,935522.0
2025-10-15 15:45:00,603.02,603.03,601.92,602.1607,721445.0
2025-10-15 15:50:00,602.1799,602.1999,601.025,601.7,1158956.0
2025-10-15 15:55:00,601.71,602.74,601.62,602.43,987903.0
2025-10-15 16:00:00,602.43,603.37,602.26,602.73,934882.0
2025-10-16 09:30:00,604.93,604.93,604.76,604.79,13872.0
2025-10-16 09:35:00,604.73,604.77,604.33,604.41,20079.0
2025-10-16 09:40:00,604.27,604.63,604.2,604.58,22679.0
2025-10-16 09:45:00,604.57,605.1,604.56,605.06,22606.0
2025-10-16 09:50:00,605.08,605.11,604.99,605.1,22285.0
2025-10-16 09:55:00,605.1,605.14,605.0,605.05,9432.0
2025-10-16 10:00:00,605.07,605.13,605.0,605.07,17515.0
2025-10-16 10:05:00,605.09,605.61,605.08,605.57,27158.0
2025-10-16 10:10:00,605.55,605.55,605.28,605.5,14577.0
2025-10-16 10:15:00,605.47,605.53,605.27,605.34,20385.0
2025-10-16 10:20:00,605.29,605.5,605.29,605.44,26083.0
2025-10-16 10:25:00,605.43,605.7,605.43,605.64,40552.0
2025-10-16 10:30:00,605.62,605.74,605.59,605.69,25500.0
2025-10-16 10:35:00,605.67,605.69,605.43,605.5,26303.0
2025-10-16 10:40:00,605.58,605.63,605.27,605.45,34974.0
2025-10-16 10:45:00,605.39,605.45,605.07,605.19,38707.0
2025-10-16 10:50:00,605.21,605.3,605.14,605.26,18967.0
2025-10-16 10:55:00,605.25,605.43,605.18,605.33,38126.0
2025-10-16 11:00:00,605.32,605.56,605.15,605.56,34585.0
2025-10-16 11:05:00,605.611,605.71,605.54,605.6,11762.0
2025-10-16 11:10:00,605.61,605.65,605.41,605.53,37946.0
2025-10-16 11:15:00,605.63,605.74,605.6,605.69,11642.0
2025-10-16 11:20:00,605.67,605.94,605.67,605.93,15309.0
2025-10-16 11:25:00,605.93,606.05,605.93,605.96,12932.0
2025-10-16 11:30:00,605.96,605.97,605.85,605.87,11751.0
2025-10-16 11:35:00,605.76,605.8,605.56,605.69,6505.0
2025-10-16 11:40:00,605.69,605.69,605.5,605.58,9864.0
2025-10-16 11:45:00,605.6,605.73,605.54,605.56,21534.0
2025-10-16 11:50:00,605.5,605.69,605.45,605.61,16403.0
2025-10-16 11:55:00,605.64,605.72,605.6,605.63,9651.0
2025-10-16 12:00:00,605.57,606.0491,602.1,605.76,182032.0
2025-10-16 12:05:00,605.69,605.8,601.769,605.2,55736.0
2025-10-16 12:10:00,605.19,605.19,604.78,604.88,117332.0
2025-10-16 12:15:00,604.81,605.14,604.81,604.94,93579.0
2025-10-16 12:20:00,604.96,605.2078,604.9,605.1,44630.0
2025-10-16 12:25:00,605.08,605.14,604.76,605.14,29017.0
2025-10-16 12:30:00,605.23,605.75,604.8,605.63,86322.0
2025-10-16 12:35:00,605.58,605.84,605.3,605.83,81023.0
2025-10-16 12:40:00,605.86,606.32,605.86,606.2911,81545.0
2025-10-16 12:45:00,606.3,606.37,605.94,606.15,50817.0
2025-10-16 12:50:00,606.17,606.28,606.1,606.22,34436.0
2025-10-16 12:55:00,606.24,606.3603,605.88,605.93,73423.0
2025-10-16 13:00:00,605.93,606.14,605.53,605.6389,132484.0
2025-10-16 13:05:00,605.68,605.89,605.66,605.8201,64857.0
2025-10-16 13:10:00,605.83,605.92,605.73,605.92,29915.0
2025-10-16 13:15:00,605.91,606.1,605.77,605.77,51051.0
2025-10-16 13:20:00,605.76,605.78,605.4709,605.69,35959.0
2025-10-16 13:25:00,605.67,605.67,605.11,605.11,87307.0
2025-10-16 13:30:00,605.11,606.55,605.02,606.1701,1962474.0
2025-10-16 13:35:00,606.18,606.18,605.2901,605.47,983187.0
2025-10-16 13:40:00,605.47,606.29,604.94,606.23,917920.0
2025-10-16 13:45:00,606.21,607.02,605.17,605.2295,1160116.0
2025-10-16 13:50:00,605.24,605.72,604.66,605.57,906464.0
2025-10-16 13:55:00,605.6,606.33,605.19,605.5151,804644.0
2025-10-16 14:00:00,605.52,605.84,604.87,605.62,585792.0
2025-10-16 14:05:00,605.64,606.11,605.06,605.29,790939.0
2025-10-16 14:10:00,605.33,605.54,604.36,605.06,910633.0
2025-10-16 14:15:00,605.11,606.23,604.78,605.73,775462.0
2025-10-16 14:20:00,605.76,606.74,605.65,606.0899,714120.0
2025-10-16 14:25:00,606.09,606.47,605.11,605.96,929422.0
2025-10-16 14:30:00,605.98,606.7,605.98,606.6499,519872.0
2025-10-16 14:35:00,606.64,607.5,606.54,607.07,944001.0
2025-10-16 14:40:00,607.04,608.3,607.02,608.09,868388.0
2025-10-16 14:45:00,608.09,608.31,607.1,607.49,801021.0
2025-10-16 14:50:00,607.41,607.4401,606.5401,607.34,765881.0
2025-10-16 14:55:00,607.32,607.58,606.34,606.589,787636.0
2025-10-16 15:00:00,606.64,607.0,606.31,606.51,530091.0
2025-10-16 15:05:00,606.51,607.07,605.81,607.0201,560211.0
2025-10-16 15:10:00,607.04,607.16,606.55,606.99,354348.0
2025-10-16 15:15:00,606.97,607.0799,606.416,606.91,537746.0
2025-10-16 15:20:00,606.89,607.06,606.0,606.06,469715.0
2025-10-16 15:25:00,606.06,606.11,604.48,604.9462,1016928.0
2025-10-16 15:30:00,604.93,605.46,604.02,605.455,1229271.0
2025-10-16 15:35:00,605.46,605.77,604.901,605.1599,837262.0
2025-10-16 15:40:00,605.15,605.21,603.47,603.99,891134.0
2025-10-16 15:45:00,604.06,604.07,603.09,603.32,819286.0
2025-10-16 15:50:00,603.325,604.48,603.325,603.71,767516.0
2025-10-16 15:55:00,603.74,603.82,602.76,603.375,748633.0
2025-10-16 16:00:00,603.34,603.43,602.45,603.2501,800532.0
2025-10-17 09:30:00,593.07,593.1,592.52,593.02,32543.0
2025-10-17 09:35:00,592.98,593.68,592.91,593.4,59094.0
2025-10-17 09:40:00,593.28,593.28,592.24,592.61,55106.0
2025-10-17 09:45:00,592.58,592.81,592.34,592.6,22912.0
2025-10-17 09:50:00,592.72,592.95,592.63,592.69,41647.0
2025-10-17 09:55:00,592.71,592.72,592.05,592.18,27255.0
2025-10-17 10:00:00,592.2,593.25,592.2,593.23,32169.0
2025-10-17 10:05:00,593.25,593.37,592.8,593.07,38861.0
2025-10-17 10:10:00,593.0,593.2,592.45,592.55,39982.0
2025-10-17 10:15:00,592.51,592.66,592.05,592.39,34672.0
2025-10-17 10:20:00,592.3,592.32,591.9,592.02,31010.0
2025-10-17 10:25:00,591.94,592.36,591.86,592.05,29122.0
2025-10-17 10:30:00,592.04,593.22,592.04,592.78,44471.0
2025-10-17 10:35:00,593.02,593.39,592.68,593.33,29016.0
2025-10-17 10:40:00,593.35,593.42,593.0,593.25,21645.0
2025-10-17 10:45:00,593.28,593.94,592.79,592.8,64704.0
2025-10-17 10:50:00,592.87,593.35,592.42,593.34,24205.0
2025-10-17 10:55:00,593.32,594.08,593.3,594.05,28539.0
2025-10-17 11:00:00,594.06,594.63,593.93,594.18,69767.0
2025-10-17 11:05:00,594.11,595.6,593.9,595.54,74988.0
2025-10-17 11:10:00,595.4,597.59,595.03,597.43,136178.0
2025-10-17 11:15:00,597.47,597.68,596.41,596.68,103109.0
2025-10-17 11:20:00,596.75,597.28,596.49,597.24,54942.0
2025-10-17 11:25:00,597.19,598.07,596.81,597.2,83170.0
2025-10-17 11:30:00,597.21,597.3,596.4,596.8,131769.0
2025-10-17 11:35:00,596.75,597.4,596.57,597.32,60890.0
2025-10-17 11:40:00,597.39,597.81,597.06,597.37,42414.0
2025-10-17 11:45:00,597.24,597.48,596.91,597.41,51221.0
2025-10-17 11:50:00,597.35,597.4,596.34,597.03,53249.0
2025-10-17 11:55:00,597.06,597.75,596.92,597.75,44013.0
2025-10-17 12:00:00,597.71,599.541,590.41,597.77,473452.0
2025-10-17 12:05:00,597.78,599.22,597.74,599.0,109736.0
2025-10-17 12:10:00,599.04,599.1235,597.88,598.44,129108.0
2025-10-17 12:15:00,598.41,598.88,598.25,598.75,43233.0
2025-10-17 12:20:00,598.72,599.49,598.67,599.06,63500.0
2025-10-17 12:25:00,599.06,599.07,598.311,598.69,64366.0
2025-10-17 12:30:00,598.78,599.21,598.18,598.52,80944.0
2025-10-17 12:35:00,598.64,599.41,598.37,599.13,69468.0
2025-10-17 12:40:00,599.12,599.15,598.34,598.38,49965.0
2025-10-17 12:45:00,598.32,598.69,598.19,598.58,41948.0
2025-10-17 12:50:00,598.5,598.82,597.83,598.34,59834.0
2025-10-17 12:55:00,598.44,598.49,597.91,597.99,45344.0
2025-10-17 13:00:00,597.93,598.52,597.89,598.27,74512.0
2025-10-17 13:05:00,598.13,598.84,597.91,598.61,49754.0
2025-10-17 13:10:00,598.62,598.73,597.86,597.9499,56176.0
2025-10-17 13:15:00,597.87,598.1487,597.6,598.13,65083.0
2025-10-17 13:20:00,598.16,598.5,598.01,598.47,31527.0
2025-10-17 13:25:00,598.41,598.76,597.52,597.92,128150.0
2025-10-17 13:30:00,597.95,599.27,597.08,599.01,2354004.0
2025-10-17 13:35:00,598.96,599.8899,597.81,597.97,1618113.0
2025-10-17 13:40:00,597.95,598.17,596.37,596.88,1170259.0
2025-10-17 13:45:00,596.87,599.12,596.41,598.63,1453026.0
2025-10-17 13:50:00,598.66,600.98,598.57,600.64,1198371.0
2025-10-17 13:55:00,600.65,601.61,599.81,600.0,1116671.0
2025-10-17 14:00:00,599.97,601.48,598.91,600.62,1171990.0
2025-10-17 14:05:00,600.6,601.4,599.775,599.96,1315332.0
2025-10-17 14:10:00,599.93,602.78,599.83,602.57,1243665.0
2025-10-17 14:15:00,602.6,603.32,601.64,601.85,1272683.0
2025-10-17 14:20:00,601.86,602.54,601.29,602.27,756658.0
2025-10-17 14:25:00,602.245,602.71,601.72,602.08,693519.0
2025-10-17 14:30:00,602.07,602.185,600.75,600.81,848509.0
2025-10-17 14:35:00,600.83,600.93,599.6,599.62,1027560.0
2025-10-17 14:40:00,599.62,600.93,599.08,599.655,1023633.0
2025-10-17 14:45:00,599.621,601.07,599.23,600.44,729891.0
2025-10-17 14:50:00,600.5,601.03,599.73,599.93,630132.0
2025-10-17 14:55:00,599.94,599.98,598.2,598.57,877562.0
2025-10-17 15:00:00,598.55,600.5,598.28,599.99,973672.0
2025-10-17 15:05:00,599.97,600.78,599.62,599.65,788053.0
2025-10-17 15:10:00,599.62,600.46,598.0,598.02,968426.0
2025-10-17 15:15:00,598.0,599.21,597.89,598.17,4149289.0
2025-10-17 15:20:00,598.15,598.43,597.34,597.44,700329.0
2025-10-17 15:25:00,597.4595,598.42,597.02,597.87,828809.0
2025-10-17 15:30:00,597.9,598.4,597.12,597.39,789782.0
2025-10-17 15:35:00,597.45,598.32,596.424,598.22,1469130.0
2025-10-17 15:40:00,598.26,599.36,598.2,599.1959,897190.0
2025-10-17 15:45:00,599.17,600.31,598.94,600.175,941889.0
2025-10-17 15:50:00,600.17,600.96,599.78,600.31,846179.0
2025-10-17 15:55:00,600.32,601.19,600.21,600.6007,659743.0
2025-10-17 16:00:00,600.62,602.25,600.6,601.97674,850344.0
2025-10-20 09:30:00,606.54,606.63,606.44,606.48,12497.0
2025-10-20 09:35:00,606.45,606.49,606.2,606.28,15312.0
2025-10-20 09:40:00,606.41,606.59,606.09,606.15,11608.0
2025-10-20 09:45:00,606.24,606.25,606.0,606.25,12875.0
2025-10-20 09:50:00,606.1,606.25,606.1,606.17,6818.0
2025-10-20 09:55:00,606.22,606.45,606.17,606.44,9222.0
2025-10-20 10:00:00,606.44,606.65,606.05,606.05,18448.0
2025-10-20 10:05:00,606.16,606.18,605.97,606.14,17632.0
2025-10-20 10:10:00,606.11,606.17,605.97,606.08,14620.0
2025-10-20 10:15:00,606.11,606.28,606.05,606.14,18780.0
2025-10-20 10:20:00,606.09,606.12,605.94,606.02,17906.0
2025-10-20 10:25:00,606.02,606.06,605.86,605.96,19105.0
2025-10-20 10:30:00,606.05,606.51,606.03,606.49,34948.0
2025-10-20 10:35:00,606.48,606.64,606.48,606.59,24990.0
2025-10-20 10:40:00,606.66,606.81,606.04,606.08,41439.0
2025-10-20 10:45:00,606.08,606.13,605.36,605.73,49472.0
2025-10-20 10:50:00,605.77,605.79,605.3,605.77,55927.0
2025-10-20 10:55:00,605.79,605.79,605.36,605.39,27277.0
2025-10-20 11:00:00,605.31,605.74,605.27,605.57,44307.0
2025-10-20 11:05:00,605.64,605.91,605.52,605.89,14187.0
2025-10-20 11:10:00,605.93,606.12,605.76,606.04,13904.0
2025-10-20 11:15:00,606.07,606.28,606.04,606.07,28816.0
2025-10-20 11:20:00,606.07,606.12,606.01,606.08,11519.0
2025-10-20 11:25:00,606.12,606.32,606.11,606.27,17139.0
2025-10-20 11:30:00,606.22,606.22,606.0,606.14,19383.0
2025-10-20 11:35:00,606.16,606.22,606.0,606.05,17661.0
2025-10-20 11:40:00,606.16,606.21,605.92,605.95,14972.0
2025-10-20 11:45:00,605.97,606.04,605.88,605.9,18002.0
2025-10-20 11:50:00,605.91,606.46,605.9,606.45,13405.0
2025-10-20 11:55:00,606.42,606.5,606.35,606.38,13869.0
2025-10-20 12:00:00,606.34,607.85,603.478,606.33,185595.0
2025-10-20 12:05:00,606.33,606.33,606.15,606.33,18642.0
2025-10-20 12:10:00,606.4,606.53,606.39,606.49,25025.0
2025-10-20 12:15:00,606.48,606.53,606.22,606.35,35106.0
2025-10-20 12:20:00,606.45,606.62,606.31,606.51,35346.0
2025-10-20 12:25:00,606.59,606.59,606.36,606.43,24392.0
2025-10-20 12:30:00,606.46,606.7,606.46,606.61,30631.0
2025-10-20 12:35:00,606.62,606.7,606.57,606.69,28834.0
2025-10-20 12:40:00,606.72,606.84,606.7,606.75,52720.0
2025-10-20 12:45:00,606.77,607.34,606.76,606.96,130948.0
2025-10-20 12:50:00,606.96,607.33,606.95,607.1,83150.0
2025-10-20 12:55:00,607.11,607.48,607.11,607.43,92414.0
2025-10-20 13:00:00,607.43,607.78,607.43,607.73,75393.0
2025-10-20 13:05:00,607.72,607.78,607.57,607.72,67019.0
2025-10-20 13:10:00,607.72,607.75,607.45,607.49,60432.0
2025-10-20 13:15:00,607.5,607.71,607.38,607.62,89125.0
2025-10-20 13:20:00,607.6398,607.93,607.6,607.64,48095.0
2025-10-20 13:25:00,607.65,607.66,607.15,607.15,43707.0
2025-10-20 13:30:00,607.14,609.13,607.065,608.77,1761777.0
2025-10-20 13:35:00,608.77,609.6989,608.6,609.3401,1431829.0
2025-10-20 13:40:00,609.36,609.53,608.83,608.88,1221625.0
2025-10-20 13:45:00,608.89,609.8848,608.7,609.62,836595.0
2025-10-20 13:50:00,609.64,609.96,609.47,609.84,737558.0
2025-10-20 13:55:00,609.85,610.07,609.2,609.63,1157417.0
2025-10-20 14:00:00,609.65,610.18,609.42,610.065,838162.0
2025-10-20 14:05:00,610.09,610.41,609.93,610.2993,759733.0
2025-10-20 14:10:00,610.3042,610.39,609.925,610.0499,716022.0
2025-10-20 14:15:00,610.05,610.06,609.495,609.745,548942.0
2025-10-20 14:20:00,609.745,610.33,609.58,610.3,525159.0
2025-10-20 14:25:00,610.3201,611.14,610.25,611.0991,901516.0
2025-10-20 14:30:00,611.09,611.17,610.72,610.8,797502.0
2025-10-20 14:35:00,610.81,611.21,610.7,611.19,565195.0
2025-10-20 14:40:00,611.1899,611.61,611.1201,611.42,813444.0
2025-10-20 14:45:00,611.4199,611.78,611.38,611.73,632805.0
2025-10-20 14:50:00,611.72,612.01,611.46,611.9645,689525.0
2025-10-20 14:55:00,611.97,612.03,611.7482,611.84,543136.0
2025-10-20 15:00:00,611.86,611.9301,611.55,611.74,532536.0
2025-10-20 15:05:00,611.74,612.005,611.57,611.885,551029.0
2025-10-20 15:10:00,611.89,612.01,611.285,611.285,522644.0
2025-10-20 15:15:00,611.295,611.98,611.24,611.94,424136.0
2025-10-20 15:20:00,611.925,612.08,611.83,611.99,402203.0
2025-10-20 15:25:00,611.98,612.17,611.755,611.99,366812.0
2025-10-20 15:30:00,612.03,612.14,611.78,611.96,374732.0
2025-10-20 15:35:00,611.97,612.07,611.705,611.89,314965.0
2025-10-20 15:40:00,611.91,612.0886,611.71,611.825,353271.0
2025-10-20 15:45:00,611.82,612.34,611.6701,612.32,584694.0
2025-10-20 15:50:00,612.32,612.58,611.57,612.13,1141270.0
2025-10-20 15:55:00,612.128,612.16,611.45,611.905,642725.0
2025-10-20 16:00:00,611.91,612.05,611.66,611.83,402654.0
2025-10-21 09:30:00,611.29,611.52,611.25,611.43,20116.0
2025-10-21 09:35:00,611.44,611.44,611.16,611.21,35022.0
2025-10-21 09:40:00,611.21,611.32,611.18,611.3,15657.0
2025-10-21 09:45:00,611.3,611.49,611.26,611.26,9253.0
2025-10-21 09:50:00,611.31,611.4,611.26,611.26,12449.0
2025-10-21 09:55:00,611.24,611.25,611.15,611.17,21698.0
2025-10-21 10:00:00,611.2,611.3,611.12,611.16,25341.0
2025-10-21 10:05:00,611.1,611.25,611.1,611.18,12293.0
2025-10-21 10:10:00,611.1,611.14,610.98,611.0,13900.0
2025-10-21 10:15:00,610.98,611.01,610.77,610.81,16372.0
2025-10-21 10:20:00,610.83,610.89,610.65,610.83,34171.0
2025-10-21 10:25:00,610.8,611.04,610.8,611.0,27429.0
2025-10-21 10:30:00,611.01,611.18,610.97,611.0,27794.0
2025-10-21 10:35:00,610.98,611.14,610.84,611.04,17017.0
2025-10-21 10:40:00,611.07,611.07,610.97,610.99,12187.0
2025-10-21 10:45:00,611.07,611.17,610.97,611.09,14433.0
2025-10-21 10:50:00,611.14,611.31,611.13,611.28,15227.0
2025-10-21 10:55:00,611.28,611.29,611.08,611.12,21029.0
2025-10-21 11:00:00,611.12,611.26,611.02,611.25,18069.0
2025-10-21 11:05:00,611.19,611.4,611.11,611.13,11432.0
2025-10-21 11:10:00,611.12,611.53,611.12,611.5,18133.0
2025-10-21 11:15:00,611.56,611.69,611.56,611.56,11613.0
2025-10-21 11:20:00,611.57,611.63,611.56,611.59,8300.0
2025-10-21 11:25:00,611.57,611.78,611.56,611.78,8695.0
2025-10-21 11:30:00,611.74,611.75,611.33,611.62,60058.0
2025-10-21 11:35:00,611.6,611.67,611.43,611.64,18943.0
2025-10-21 11:40:00,611.61,611.75,611.52,611.57,24963.0
2025-10-21 11:45:00,611.58,611.71,611.57,611.71,7318.0
2025-10-21 11:50:00,611.67,611.78,611.54,611.59,7738.0
2025-10-21 11:55:00,611.59,611.86,611.59,611.83,43077.0
2025-10-21 12:00:00,611.12,612.28,610.7,611.7302,176984.0
2025-10-21 12:05:00,611.7,611.998,611.66,611.8,25438.0
2025-10-21 12:10:00,611.8,612.0,611.8,611.8,40386.0
2025-10-21 12:15:00,611.79,611.88,611.6785,611.85,24633.0
2025-10-21 12:20:00,611.85,612.0,611.81,611.97,32490.0
2025-10-21 12:25:00,612.02,612.02,611.75,611.86,52352.0
2025-10-21 12:30:00,611.84,611.89,611.44,611.44,103189.0
2025-10-21 12:35:00,611.47,611.64,611.42,611.43,74793.0
2025-10-21 12:40:00,611.42,611.78,611.42,611.73,32745.0
2025-10-21 12:45:00,611.79,611.86,611.76,611.77,39634.0
2025-10-21 12:50:00,611.78,611.8,611.52,611.59,34935.0
2025-10-21 12:55:00,611.6,611.64,611.48,611.61,35573.0
2025-10-21 13:00:00,611.59,611.75,611.59,611.64,39920.0
2025-10-21 13:05:00,611.66,611.68,611.180725,611.37,59254.0
2025-10-21 13:10:00,611.35,611.41,610.97,611.3399,99982.0
2025-10-21 13:15:00,611.42,611.4599,611.11,611.12,60220.0
2025-10-21 13:20:00,611.2,611.22,611.03,611.13,35706.0
2025-10-21 13:25:00,611.11,611.61,611.1,611.61,44349.0
2025-10-21 13:30:00,611.64,611.72,610.55,611.11,1117941.0
2025-10-21 13:35:00,611.11,611.44,610.86,611.0895,839016.0
2025-10-21 13:40:00,611.11,611.23,609.99,610.53,1238261.0
2025-10-21 13:45:00,610.53,610.68,609.67,610.19,985543.0
2025-10-21 13:50:00,610.19,610.9,610.13,610.4999,666119.0
2025-10-21 13:55:00,610.52,610.52,609.5412,610.03,839988.0
2025-10-21 14:00:00,610.04,610.23,609.49,609.8,1044515.0
2025-10-21 14:05:00,609.81,610.47,609.7,609.885,597987.0
2025-10-21 14:10:00,609.89,610.53,609.66,610.3952,717988.0
2025-10-21 14:15:00,610.42,611.07,610.16,611.0,721107.0
2025-10-21 14:20:00,610.99,611.3,610.67,610.87,716779.0
2025-10-21 14:25:00,610.87,610.87,609.35,609.73,807392.0
2025-10-21 14:30:00,609.72,610.01,609.32,609.998,656945.0
2025-10-21 14:35:00,609.99,610.73,609.9513,610.46,549031.0
2025-10-21 14:40:00,610.485,610.83,610.24,610.355,520554.0
2025-10-21 14:45:00,610.38,610.87,609.99,610.6655,451213.0
2025-10-21 14:50:00,610.65,611.215,610.55,611.12,460210.0
2025-10-21 14:55:00,611.105,611.69,611.08,611.6,627847.0
2025-10-21 15:00:00,611.61,611.7199,610.9601,611.06,1411247.0
2025-10-21 15:05:00,611.05,611.44,610.9,611.29,706219.0
2025-10-21 15:10:00,611.3,611.65,611.17,611.29,496748.0
2025-10-21 15:15:00,611.29,611.29,610.251,610.945,554166.0
2025-10-21 15:20:00,610.95,611.03,610.6078,610.84,446341.0
2025-10-21 15:25:00,610.84,611.22,610.745,611.0387,321245.0
2025-10-21 15:30:00,611.05,611.48,611.03,611.39,354177.0
2025-10-21 15:35:00,611.38,611.43,610.605,611.06,477272.0
2025-10-21 15:40:00,611.07,611.4387,610.9901,611.19,368457.0
2025-10-21 15:45:00,611.175,612.05,611.17,611.83,583431.0
2025-10-21 15:50:00,611.83,612.25,611.8,612.11,548340.0
2025-10-21 15:55:00,612.11,612.19,611.89,612.15,476339.0
2025-10-21 16:00:00,612.14,612.61,611.995,612.39,642573.0
2025-10-22 09:30:00,610.64,610.69,610.4,610.68,26832.0
2025-10-22 09:35:00,610.74,610.88,610.69,610.69,20339.0
2025-10-22 09:40:00,610.72,610.84,610.57,610.59,20761.0
2025-10-22 09:45:00,610.58,610.62,610.42,610.47,20365.0
2025-10-22 09:50:00,610.48,610.75,610.48,610.73,10477.0
2025-10-22 09:55:00,610.74,611.04,610.74,611.0,42935.0
2025-10-22 10:00:00,610.99,610.99,610.56,610.91,27492.0
2025-10-22 10:05:00,610.91,610.95,610.82,610.93,18293.0
2025-10-22 10:10:00,610.97,611.03,610.91,610.96,15474.0
2025-10-22 10:15:00,610.99,611.275,610.99,611.11,25178.0
2025-10-22 10:20:00,611.13,611.37,611.12,611.29,28389.0
2025-10-22 10:25:00,611.34,611.4,611.24,611.29,12019.0
2025-10-22 10:30:00,611.3,611.43,611.24,611.37,31389.0
2025-10-22 10:35:00,611.35,611.43,611.27,611.43,12820.0
2025-10-22 10:40:00,611.42,612.0,611.42,611.75,26900.0
2025-10-22 10:45:00,611.76,611.78,611.62,611.7,13662.0
2025-10-22 10:50:00,611.69,611.71,611.48,611.58,9611.0
2025-10-22 10:55:00,611.6,611.6,611.29,611.31,27749.0
2025-10-22 11:00:00,611.31,611.43,610.75,610.83,38817.0
2025-10-22 11:05:00,610.82,610.851,610.17,610.17,25775.0
2025-10-22 11:10:00,610.08,610.5,609.961,610.48,48666.0
2025-10-22 11:15:00,610.4,610.61,609.99,610.61,31146.0
2025-10-22 11:20:00,610.56,610.75,610.4,610.75,25496.0
2025-10-22 11:25:00,610.72,610.72,610.16,610.16,23728.0
2025-10-22 11:30:00,610.17,610.37,609.93,610.16,23242.0
2025-10-22 11:35:00,610.13,610.13,609.73,609.73,21410.0
2025-10-22 11:40:00,609.7,609.9,609.5,609.68,35257.0
2025-10-22 11:45:00,609.78,609.82,609.499,609.63,24800.0
2025-10-22 11:50:00,609.74,610.18,609.65,610.15,22249.0
2025-10-22 11:55:00,610.21,610.23,609.87,609.89,15241.0
2025-10-22 12:00:00,611.41,612.55,609.5,610.18,167036.0
2025-10-22 12:05:00,610.18,610.51,610.13,610.39,20540.0
2025-10-22 12:10:00,610.41,610.66,610.35,610.58,44711.0
2025-10-22 12:15:00,610.56,610.8,610.45,610.71,74104.0
2025-10-22 12:20:00,610.71,610.78,610.54,610.6,23105.0
2025-10-22 12:25:00,610.58,610.66,610.42,610.58,24674.0
2025-10-22 12:30:00,610.49,610.82,610.4,610.65,39201.0
2025-10-22 12:35:00,610.68,610.71,610.35,610.37,31947.0
2025-10-22 12:40:00,610.39,610.75,610.37,610.75,37403.0
2025-10-22 12:45:00,610.8,610.85,610.66,610.69,28956.0
2025-10-22 12:50:00,610.72,610.86,610.69,610.85,36243.0
2025-10-22 12:55:00,610.87,610.9,610.67,610.73,38104.0
2025-10-22 13:00:00,610.76,610.83,610.56,610.59,51687.0
2025-10-22 13:05:00,610.57,610.71,610.46,610.68,71226.0
2025-10-22 13:10:00,610.68,611.08,610.67,611.04,56454.0
2025-10-22 13:15:00,611.02,611.1101,610.98,611.09,41721.0
2025-10-22 13:20:00,611.08,611.08,610.93,611.02,40332.0
2025-10-22 13:25:00,610.99,611.0,610.75,610.82,31660.0
2025-10-22 13:30:00,610.82,610.95,608.8,608.9007,1410049.0
2025-10-22 13:35:00,608.9,609.91,608.6301,609.91,928715.0
2025-10-22 13:40:00,609.92,610.82,609.84,610.71,844397.0
2025-10-22 13:45:00,610.71,610.76,610.14,610.615,1355207.0
2025-10-22 13:50:00,610.615,611.41,610.425,611.205,591053.0
2025-10-22 13:55:00,611.2,611.25,610.48,610.645,650318.0
2025-10-22 14:00:00,610.64,611.19,610.42,610.47,560919.0
2025-10-22 14:05:00,610.47,610.91,610.33,610.55,427346.0
2025-10-22 14:10:00,610.55,610.615,609.5,609.53,749214.0
2025-10-22 14:15:00,609.52,610.32,609.06,610.14,1149508.0
2025-10-22 14:20:00,610.15,610.21,608.95,609.09,815473.0
2025-10-22 14:25:00,609.09,609.4,607.24,607.42,1297386.0
2025-10-22 14:30:00,607.43,607.84,606.57,607.27,1373365.0
2025-10-22 14:35:00,607.22,607.6,606.53,606.66,895909.0
2025-10-22 14:40:00,606.68,607.2875,606.16,606.1787,802952.0
2025-10-22 14:45:00,606.16,607.11,605.63,607.01,1352562.0
2025-10-22 14:50:00,607.02,607.77,607.02,607.59,833933.0
2025-10-22 14:55:00,607.63,609.8,607.11,608.598,861598.0
2025-10-22 15:00:00,608.6,609.02,608.32,608.71,807800.0
2025-10-22 15:05:00,608.72,608.8699,608.11,608.26,470027.0
2025-10-22 15:10:00,608.23,608.23,607.322,607.81,679707.0
2025-10-22 15:15:00,607.78,608.075,607.19,607.3,430437.0
2025-10-22 15:20:00,607.26,607.4,605.075,605.82,1273564.0
2025-10-22 15:25:00,605.81,606.11,604.98,605.11,677255.0
2025-10-22 15:30:00,605.11,605.83,604.495,605.18,846875.0
2025-10-22 15:35:00,605.21,605.48,604.67,605.38,1075977.0
2025-10-22 15:40:00,605.36,606.2,605.12,605.93,574862.0
2025-10-22 15:45:00,605.93,606.96,605.88,606.9,879028.0
2025-10-22 15:50:00,606.9,607.4401,606.77,607.1947,670183.0
2025-10-22 15:55:00,607.25,607.57,606.67,606.82,532295.0
2025-10-22 16:00:00,606.87,607.07,605.79,606.18,776354.0
2025-10-23 09:30:00,605.69,605.79,605.52,605.79,17571.0
2025-10-23 09:35:00,605.72,605.83,605.7,605.74,6657.0
2025-10-23 09:40:00,605.72,605.72,605.52,605.56,16602.0
2025-10-23 09:45:00,605.58,605.67,605.16,605.67,31112.0
2025-10-23 09:50:00,605.61,605.95,605.58,605.88,22779.0
2025-10-23 09:55:00,605.78,606.02,605.78,605.95,15504.0
2025-10-23 10:00:00,605.96,606.13,605.84,605.84,38620.0
2025-10-23 10:05:00,605.97,606.14,605.88,605.99,22770.0
2025-10-23 10:10:00,606.0,606.04,605.92,605.96,9085.0
2025-10-23 10:15:00,605.94,606.12,605.94,606.07,11283.0
2025-10-23 10:20:00,606.0,606.01,605.78,605.79,15055.0
2025-10-23 10:25:00,605.77,606.08,605.77,605.82,13566.0
2025-10-23 10:30:00,605.84,606.03,605.78,605.82,12086.0
2025-10-23 10:35:00,605.76,605.96,605.74,605.9,8234.0
2025-10-23 10:40:00,605.81,605.85,605.71,605.71,5846.0
2025-10-23 10:45:00,605.57,605.64,605.38,605.45,21625.0
2025-10-23 10:50:00,605.45,605.61,605.4,605.48,12980.0
2025-10-23 10:55:00,605.53,605.75,605.47,605.7,20610.0
2025-10-23 11:00:00,605.71,605.76,605.0,605.0,47777.0
2025-10-23 11:05:00,604.91,605.27,604.88,605.14,42997.0
2025-10-23 11:10:00,605.1,605.12,604.25,604.57,55556.0
2025-10-23 11:15:00,604.63,604.84,604.45,604.64,60839.0
2025-10-23 11:20:00,604.66,604.86,604.56,604.78,30509.0
2025-10-23 11:25:00,604.89,604.99,604.73,604.95,17258.0
2025-10-23 11:30:00,604.89,604.91,604.63,604.77,24628.0
2025-10-23 11:35:00,604.65,604.89,604.65,604.78,11047.0
2025-10-23 11:40:00,604.71,604.71,604.13,604.2,90607.0
2025-10-23 11:45:00,604.24,604.3,603.95,604.26,28707.0
2025-10-23 11:50:00,604.19,604.22,603.64,604.04,44335.0
2025-10-23 11:55:00,604.0,604.1,603.77,603.91,24393.0
2025-10-23 12:00:00,603.87,607.55,603.54,603.6,197048.0
2025-10-23 12:05:00,603.55,603.86,603.47,603.81,34351.0
2025-10-23 12:10:00,603.74,603.81,603.4799,603.57,31763.0
2025-10-23 12:15:00,603.6,603.72,603.13,603.17,49582.0
2025-10-23 12:20:00,603.19,603.74,603.06,603.48,65992.0
2025-10-23 12:25:00,603.5,603.91,603.48,603.84,47712.0
2025-10-23 12:30:00,603.77,603.77,603.0,603.28,71430.0
2025-10-23 12:35:00,603.24,603.3,603.0,603.08,35957.0
2025-10-23 12:40:00,603.04,603.62,603.02,603.6,30016.0
2025-10-23 12:45:00,603.59,603.99,603.59,603.95,46003.0
2025-10-23 12:50:00,603.98,604.41,603.91,604.37,60858.0
2025-10-23 12:55:00,604.36,604.79,604.31,604.72,131447.0
2025-10-23 13:00:00,604.7,604.8,604.5,604.6,58759.0
2025-10-23 13:05:00,604.6,604.6,603.31,603.38,204111.0
2025-10-23 13:10:00,603.38,604.02,603.1001,603.97,80777.0
2025-10-23 13:15:00,603.96,604.31,603.88,604.26,49778.0
2025-10-23 13:20:00,604.24,604.5601,604.2,604.51,40165.0
2025-10-23 13:25:00,604.54,604.95,604.48,604.9,64787.0
2025-10-23 13:30:00,604.91,605.57,604.52,605.3,1134534.0
2025-10-23 13:35:00,605.3,606.4,604.99,606.1799,875440.0
2025-10-23 13:40:00,606.21,606.74,605.9,606.74,769206.0
2025-10-23 13:45:00,606.74,607.93,606.74,607.82,998247.0
2025-10-23 13:50:00,607.85,608.51,607.83,608.47,1272809.0
2025-10-23 13:55:00,608.48,608.83,608.05,608.34,939570.0
2025-10-23 14:00:00,608.38,608.74,607.83,608.27,758359.0
2025-10-23 14:05:00,608.27,608.28,607.43,607.5,822225.0
2025-10-23 14:10:00,607.52,608.0123,606.97,607.78,824269.0
2025-10-23 14:15:00,607.79,607.99,606.58,606.8,708074.0
2025-10-23 14:20:00,606.79,608.25,606.51,608.21,961423.0
2025-10-23 14:25:00,608.1988,608.47,607.92,608.035,802261.0
2025-10-23 14:30:00,608.05,608.43,607.76,608.41,380422.0
2025-10-23 14:35:00,608.385,609.08,608.33,609.0,575119.0
2025-10-23 14:40:00,608.98,609.07,608.3,608.43,439714.0
2025-10-23 14:45:00,608.46,609.27,607.94,609.18,616899.0
2025-10-23 14:50:00,609.18,609.19,608.25,608.2852,395501.0
2025-10-23 14:55:00,608.2709,609.075,608.065,609.06,364920.0
2025-10-23 15:00:00,609.06,609.14,608.51,608.83,325158.0
2025-10-23 15:05:00,608.82,609.12,608.58,608.98,276344.0
2025-10-23 15:10:00,609.01,609.07,608.37,608.6599,316268.0
2025-10-23 15:15:00,608.65,608.755,608.0273,608.2699,274320.0
2025-10-23 15:20:00,608.29,608.6,607.88,608.49,268331.0
2025-10-23 15:25:00,608.475,608.95,608.25,608.81,403725.0
2025-10-23 15:30:00,608.85,609.4399,608.849,609.04,511297.0
2025-10-23 15:35:00,609.05,609.13,608.26,608.64,305545.0
2025-10-23 15:40:00,608.63,608.77,607.4,607.59,394901.0
2025-10-23 15:45:00,607.595,608.57,607.47,608.53,523739.0
2025-10-23 15:50:00,608.54,609.3,608.33,609.23,430854.0
2025-10-23 15:55:00,609.19,609.69,608.98,609.1707,521619.0
2025-10-23 16:00:00,609.17,609.45,609.0,609.44,251605.0
2025-10-24 09:30:00,613.9,614.0,613.9,613.96,11012.0
2025-10-24 09:35:00,613.99,614.17,613.99,614.09,15525.0
2025-10-24 09:40:00,614.17,614.22,614.13,614.13,19345.0
2025-10-24 09:45:00,614.15,614.16,613.89,613.93,10212.0
2025-10-24 09:50:00,613.89,613.95,613.87,613.92,12029.0
2025-10-24 09:55:00,613.88,613.91,613.83,613.83,10407.0
2025-10-24 10:00:00,613.85,613.85,613.72,613.74,7809.0
2025-10-24 10:05:00,613.72,613.95,613.66,613.91,18649.0
2025-10-24 10:10:00,613.96,614.15,613.96,614.11,10650.0
2025-10-24 10:15:00,614.17,614.17,614.01,614.02,13384.0
2025-10-24 10:20:00,614.02,614.07,613.79,613.82,18253.0
2025-10-24 10:25:00,613.78,613.9,613.75,613.79,9537.0
2025-10-24 10:30:00,613.84,614.05,613.82,613.99,17212.0
2025-10-24 10:35:00,613.93,613.97,613.86,613.96,10931.0
2025-10-24 10:40:00,613.93,613.98,613.74,613.79,17212.0
2025-10-24 10:45:00,613.76,613.93,613.73,613.87,13925.0
2025-10-24 10:50:00,613.81,613.82,613.68,613.68,9381.0
2025-10-24 10:55:00,613.71,613.73,613.58,613.59,12477.0
2025-10-24 11:00:00,613.62,613.75,613.57,613.68,37541.0
2025-10-24 11:05:00,613.68,613.73,613.58,613.68,16475.0
2025-10-24 11:10:00,613.69,613.94,613.68,613.92,10090.0
2025-10-24 11:15:00,613.93,613.93,613.68,613.7,16624.0
2025-10-24 11:20:00,613.69,613.69,613.52,613.62,14427.0
2025-10-24 11:25:00,613.63,613.72,613.6,613.66,13312.0
2025-10-24 11:30:00,613.66,613.66,613.57,613.57,9712.0
2025-10-24 11:35:00,613.54,613.7,613.53,613.7,10097.0
2025-10-24 11:40:00,613.69,613.8,613.64,613.64,18017.0
2025-10-24 11:45:00,613.66,613.75,613.66,613.71,8059.0
2025-10-24 11:50:00,613.83,613.9,613.71,613.9,20294.0
2025-10-24 11:55:00,613.92,614.05,613.71,613.75,28163.0
2025-10-24 12:00:00,613.6,614.19,612.49,613.85,126695.0
2025-10-24 12:05:00,613.85,613.99,610.123,613.91,18849.0
2025-10-24 12:10:00,613.88,613.93,613.8,613.8,21437.0
2025-10-24 12:15:00,613.78,613.81,613.62,613.71,28521.0
2025-10-24 12:20:00,613.68,613.72,613.55,613.59,56666.0
2025-10-24 12:25:00,613.59,613.85,613.52,613.85,74954.0
2025-10-24 12:30:00,613.56,617.28,613.22,616.26,440021.0
2025-10-24 12:35:00,616.26,616.93,616.11,616.2,221610.0
2025-10-24 12:40:00,616.31,616.38,615.7,616.0717,121247.0
2025-10-24 12:45:00,616.14,616.46,616.01,616.23,81414.0
2025-10-24 12:50:00,616.31,616.34,615.72,615.84,117479.0
2025-10-24 12:55:00,615.89,615.94,615.5397,615.8,77884.0
2025-10-24 13:00:00,615.83,616.11,615.7,616.0806,103970.0
2025-10-24 13:05:00,616.08,616.219,616.04,616.21,105839.0
2025-10-24 13:10:00,616.23,616.29,616.01,616.22,100657.0
2025-10-24 13:15:00,616.25,616.34,616.06,616.1392,91249.0
2025-10-24 13:20:00,616.15,616.64,616.15,616.49,71102.0
2025-10-24 13:25:00,616.43,616.46,615.98,616.0,73813.0
2025-10-24 13:30:00,615.99,616.65,615.13,616.57,1597890.0
2025-10-24 13:35:00,616.57,617.53,616.5,616.965,1596478.0
2025-10-24 13:40:00,616.94,617.26,616.63,616.94,862924.0
2025-10-24 13:45:00,616.97,617.49,616.22,616.43,1143886.0
2025-10-24 13:50:00,616.41,616.605,615.935,616.37,811262.0
2025-10-24 13:55:00,616.39,617.12,616.3,616.97,707533.0
2025-10-24 14:00:00,617.02,617.5,616.68,617.14,996898.0
2025-10-24 14:05:00,617.13,617.9,617.08,617.555,873426.0
2025-10-24 14:10:00,617.56,617.77,617.29,617.68,947925.0
2025-10-24 14:15:00,617.69,617.71,617.28,617.5,606500.0
2025-10-24 14:20:00,617.49,617.5,616.82,617.14,737823.0
2025-10-24 14:25:00,617.13,617.14,616.62,616.76,627526.0
2025-10-24 14:30:00,616.75,616.84,616.03,616.79,732659.0
2025-10-24 14:35:00,616.78,617.16,616.26,617.04,531786.0
2025-10-24 14:40:00,617.02,617.64,617.01,617.53,529640.0
2025-10-24 14:45:00,617.53,617.58,617.02,617.12,526550.0
2025-10-24 14:50:00,617.1299,617.18,615.905,616.14,676920.0
2025-10-24 14:55:00,616.11,616.2,615.18,616.045,1195908.0
2025-10-24 15:00:00,616.04,616.35,615.8,616.02,420434.0
2025-10-24 15:05:00,616.05,616.515,615.76,616.5,364575.0
2025-10-24 15:10:00,616.49,616.88,616.18,616.86,440768.0
2025-10-24 15:15:00,616.86,617.3,616.86,617.09,549986.0
2025-10-24 15:20:00,617.1,617.84,617.08,617.72,548407.0
2025-10-24 15:25:00,617.74,617.8,616.535,617.61,496254.0
2025-10-24 15:30:00,617.63,617.89,617.505,617.505,411126.0
2025-10-24 15:35:00,617.5,617.7,617.1,617.61,634317.0
2025-10-24 15:40:00,617.61,617.62,617.2,617.28,402469.0
2025-10-24 15:45:00,617.29,617.415,616.83,617.29,547308.0
2025-10-24 15:50:00,617.28,617.58,617.17,617.33,346876.0
2025-10-24 15:55:00,617.34,617.48,616.89,617.3501,411224.0
2025-10-24 16:00:00,617.34,617.69,617.31,617.64,447714.0
2025-10-27 09:30:00,623.98,624.44,623.98,624.38,26209.0
2025-10-27 09:35:00,624.43,624.68,624.43,624.62,20790.0
2025-10-27 09:40:00,624.61,624.79,624.49,624.79,45258.0
2025-10-27 09:45:00,624.76,625.05,624.74,625.0,29676.0
2025-10-27 09:50:00,624.99,624.99,624.8,624.94,28336.0
2025-10-27 09:55:00,624.95,625.1,624.89,625.1,24613.0
2025-10-27 10:00:00,625.11,625.11,624.95,625.04,31400.0
2025-10-27 10:05:00,625.02,625.13,624.98,625.07,17523.0
2025-10-27 10:10:00,625.07,625.08,624.86,625.08,17297.0
2025-10-27 10:15:00,625.1,625.23,625.07,625.12,14471.0
2025-10-27 10:20:00,625.15,625.23,625.09,625.22,14239.0
2025-10-27 10:25:00,625.22,625.3,625.14,625.26,20526.0
2025-10-27 10:30:00,625.25,625.38,625.1,625.38,23058.0
2025-10-27 10:35:00,625.35,625.38,625.22,625.23,37579.0
2025-10-27 10:40:00,625.26,625.27,625.18,625.26,23937.0
2025-10-27 10:45:00,625.29,625.41,625.29,625.37,9336.0
2025-10-27 10:50:00,625.37,625.37,625.22,625.23,15725.0
2025-10-27 10:55:00,625.21,625.21,625.06,625.08,26983.0
2025-10-27 11:00:00,625.07,625.28,624.96,625.22,46043.0
2025-10-27 11:05:00,625.22,625.28,625.2,625.2,20594.0
2025-10-27 11:10:00,625.17,625.2,624.87,624.95,26668.0
2025-10-27 11:15:00,624.91,624.99,624.81,624.88,57585.0
2025-10-27 11:20:00,624.89,625.02,624.87,625.02,11302.0
2025-10-27 11:25:00,624.98,625.07,624.96,625.01,20303.0
2025-10-27 11:30:00,624.95,625.04,624.75,624.76,23300.0
2025-10-27 11:35:00,624.79,624.82,624.66,624.761,24107.0
2025-10-27 11:40:00,624.78,624.79,624.66,624.71,23405.0
2025-10-27 11:45:00,624.68,624.71,624.48,624.51,34589.0
2025-10-27 11:50:00,624.49,624.669,624.46,624.669,27376.0
2025-10-27 11:55:00,624.65,624.74,624.63,624.66,48845.0
2025-10-27 12:00:00,625.04,625.4,623.06,624.87,271820.0
2025-10-27 12:05:00,624.85,624.97,624.67,624.97,81874.0
2025-10-27 12:10:00,624.94,625.18,624.94,625.12,55473.0
2025-10-27 12:15:00,625.1095,625.1095,624.9,625.03,46573.0
2025-10-27 12:20:00,625.01,625.18,624.95,625.15,126494.0
2025-10-27 12:25:00,625.08,625.08,624.94,624.99,19864.0
2025-10-27 12:30:00,624.94,624.94,624.71,624.75,33522.0
2025-10-27 12:35:00,624.83,624.94,624.83,624.94,36537.0
2025-10-27 12:40:00,624.93,624.95,624.71,624.91,47594.0
2025-10-27 12:45:00,624.89,624.94,624.84,624.92,26149.0
2025-10-27 12:50:00,624.94,625.0,624.889,624.89,21636.0
2025-10-27 12:55:00,624.8597,624.9,624.81,624.85,41228.0
2025-10-27 13:00:00,624.85,625.02,624.77,625.02,54235.0
2025-10-27 13:05:00,625.03,625.08,624.96,625.01,46259.0
2025-10-27 13:10:00,625.04,625.11,624.92,624.92,44982.0
2025-10-27 13:15:00,624.9,624.94,624.67,624.68,68234.0
2025-10-27 13:20:00,624.68,624.82,624.5,624.78,46489.0
2025-10-27 13:25:00,624.76,625.04,624.51,624.51,132032.0
2025-10-27 13:30:00,624.52,625.53,624.48,624.689,1855488.0
2025-10-27 13:35:00,624.69,625.17,624.03,625.0616,1398082.0
2025-10-27 13:40:00,625.08,625.2601,624.425,625.05,881029.0
2025-10-27 13:45:00,625.07,625.27,624.71,624.92,774187.0
2025-10-27 13:50:00,624.92,625.16,624.36,625.115,768714.0
2025-10-27 13:55:00,625.115,625.44,624.96,625.3,705930.0
2025-10-27 14:00:00,625.3,625.94,625.155,625.71,1089706.0
2025-10-27 14:05:00,625.71,625.91,625.62,625.76,800439.0
2025-10-27 14:10:00,625.73,625.74,625.28,625.565,682039.0
2025-10-27 14:15:00,625.57,625.695,624.89,624.95,699809.0
2025-10-27 14:20:00,624.94,625.21,624.7,625.01,612783.0
2025-10-27 14:25:00,625.01,625.8,624.89,625.795,669537.0
2025-10-27 14:30:00,625.79,626.065,625.53,625.92,738614.0
2025-10-27 14:35:00,625.9,626.23,625.855,626.09,762489.0
2025-10-27 14:40:00,626.1,626.29,626.035,626.27,502361.0
2025-10-27 14:45:00,626.28,626.34,625.7802,625.96,682823.0
2025-10-27 14:50:00,625.96,625.97,625.58,625.77,573233.0
2025-10-27 14:55:00,625.765,626.01,625.39,625.54,542349.0
2025-10-27 15:00:00,625.54,626.26,625.48,626.045,542479.0
2025-10-27 15:05:00,626.04,626.275,625.91,626.01,729988.0
2025-10-27 15:10:00,626.0,626.43,625.99,626.39,432542.0
2025-10-27 15:15:00,626.39,626.44,626.16,626.195,508509.0
2025-10-27 15:20:00,626.2,626.38,625.95,626.38,481653.0
2025-10-27 15:25:00,626.37,626.58,626.3,626.5,463817.0
2025-10-27 15:30:00,626.51,626.6399,626.4432,626.535,452379.0
2025-10-27 15:35:00,626.54,626.65,626.385,626.495,318036.0
2025-10-27 15:40:00,626.485,626.75,626.48,626.745,458619.0
2025-10-27 15:45:00,626.74,626.74,626.49,626.66,413631.0
2025-10-27 15:50:00,626.67,626.68,626.31,626.36,587213.0
2025-10-27 15:55:00,626.36,626.55,626.29,626.39,430551.0
2025-10-27 16:00:00,626.41,626.72,626.31,626.71,475411.0
2025-10-28 09:30:00,628.38,628.43,628.31,628.31,7864.0
2025-10-28 09:35:00,628.28,628.28,628.22,628.22,9746.0
2025-10-28 09:40:00,628.24,628.41,628.24,628.4,8847.0
2025-10-28 09:45:00,628.39,628.46,628.37,628.46,5319.0
2025-10-28 09:50:00,628.45,628.55,628.4,628.46,9772.0
2025-10-28 09:55:00,628.48,628.62,628.47,628.56,16565.0
2025-10-28 10:00:00,628.53,628.72,628.36,628.39,24212.0
2025-10-28 10:05:00,628.4,628.49,628.34,628.41,18587.0
2025-10-28 10:10:00,628.43,628.48,628.35,628.48,13276.0
2025-10-28 10:15:00,628.45,628.77,628.45,628.77,19948.0
2025-10-28 10:20:00,628.76,628.82,628.68,628.82,20445.0
2025-10-28 10:25:00,628.81,628.81,628.71,628.74,17359.0
2025-10-28 10:30:00,628.75,628.81,628.56,628.57,12245.0
2025-10-28 10:35:00,628.57,628.64,628.51,628.62,27265.0
2025-10-28 10:40:00,628.62,629.0,628.58,628.58,20152.0
2025-10-28 10:45:00,628.6,628.63,628.45,628.45,10082.0
2025-10-28 10:50:00,628.56,628.59,628.47,628.59,7174.0
2025-10-28 10:55:00,628.59,628.62,628.51,628.57,12086.0
2025-10-28 11:00:00,628.58,628.7,628.58,628.58,49068.0
2025-10-28 11:05:00,628.58,628.9,628.57,628.84,25717.0
2025-10-28 11:10:00,628.84,628.88,628.74,628.8,12581.0
2025-10-28 11:15:00,628.73,628.89,628.59,628.84,44568.0
2025-10-28 11:20:00,628.83,629.12,628.83,629.1,32033.0
2025-10-28 11:25:00,629.06,629.18,628.95,629.0,20211.0
2025-10-28 11:30:00,629.01,629.06,628.92,629.0,11259.0
2025-10-28 11:35:00,629.0,629.15,629.0,629.05,22136.0
2025-10-28 11:40:00,629.08,629.17,629.02,629.15,7451.0
2025-10-28 11:45:00,629.15,629.15,629.04,629.11,19310.0
2025-10-28 11:50:00,629.13,629.2,629.09,629.109,8953.0
2025-10-28 11:55:00,629.069,629.08,628.91,629.03,30824.0
2025-10-28 12:00:00,627.91,629.1895,627.79,628.98,191729.0
2025-10-28 12:05:00,628.99,629.11,628.99,629.08,18516.0
2025-10-28 12:10:00,629.08,629.32,627.619,629.29,40384.0
2025-10-28 12:15:00,629.3,629.63,629.27,629.59,40061.0
2025-10-28 12:20:00,629.63,629.67,629.47,629.64,41433.0
2025-10-28 12:25:00,629.61,629.7,629.43,629.57,125902.0
2025-10-28 12:30:00,629.59,629.61,629.27,629.36,53497.0
2025-10-28 12:35:00,629.4,629.47,629.29,629.41,22862.0
2025-10-28 12:40:00,629.35,629.5,629.26,629.28,25862.0
2025-10-28 12:45:00,629.25,629.38,629.2103,629.25,16645.0
2025-10-28 12:50:00,629.25,629.27,629.16,629.18,36603.0
2025-10-28 12:55:00,629.19,629.43,629.19,629.42,19058.0
2025-10-28 13:00:00,629.37,630.36,629.37,630.24,255109.0
2025-10-28 13:05:00,630.22,630.49,630.07,630.36,129195.0
2025-10-28 13:10:00,630.37,630.58,630.34,630.49,81580.0
2025-10-28 13:15:00,630.51,630.58,629.96,629.99,94914.0
2025-10-28 13:20:00,630.0,630.3,629.95,630.26,41723.0
2025-10-28 13:25:00,630.32,630.46,630.16,630.36,100726.0
2025-10-28 13:30:00,630.36,631.36,630.285,630.77,1401450.0
2025-10-28 13:35:00,630.78,630.87,630.1,630.57,1389944.0
2025-10-28 13:40:00,630.57,631.07,630.41,630.97,1058184.0
2025-10-28 13:45:00,630.97,631.035,630.0,630.53,967781.0
2025-10-28 13:50:00,630.52,630.57,629.77,629.9,945065.0
2025-10-28 13:55:00,629.9,631.2086,629.82,630.585,1056482.0
2025-10-28 14:00:00,630.66,630.88,630.44,630.75,617194.0
2025-10-28 14:05:00,630.73,630.9084,630.39,630.7,1824234.0
2025-10-28 14:10:00,630.7,630.89,630.48,630.81,556640.0
2025-10-28 14:15:00,630.81,630.88,630.43,630.49,583836.0
2025-10-28 14:20:00,630.49,630.67,630.21,630.26,619711.0
2025-10-28 14:25:00,630.29,630.565,629.8999,630.19,608799.0
2025-10-28 14:30:00,630.19,630.2494,629.66,629.94,695145.0
2025-10-28 14:35:00,629.93,630.321,629.685,629.71,543708.0
2025-10-28 14:40:00,629.73,629.7801,629.43,629.66,587663.0
2025-10-28 14:45:00,629.65,630.08,629.28,629.96,477717.0
2025-10-28 14:50:00,629.96,630.09,629.58,630.03,353404.0
2025-10-28 14:55:00,630.03,630.19,629.81,629.9071,362134.0
2025-10-28 15:00:00,629.91,630.35,629.83,629.93,410730.0
2025-10-28 15:05:00,629.925,630.4,629.87,630.3513,374801.0
2025-10-28 15:10:00,630.35,630.37,629.905,630.08,295112.0
2025-10-28 15:15:00,630.09,630.27,629.9,630.19,204485.0
2025-10-28 15:20:00,630.2,630.215,629.9499,630.1,208248.0
2025-10-28 15:25:00,630.1001,630.31,630.02,630.155,281404.0
2025-10-28 15:30:00,630.15,630.165,629.66,629.79,345245.0
2025-10-28 15:35:00,629.8,630.385,629.25,630.3,613655.0
2025-10-28 15:40:00,630.31,630.34,629.83,629.94,370942.0
2025-10-28 15:45:00,629.93,630.31,629.86,630.16,455338.0
2025-10-28 15:50:00,630.16,630.31,630.08,630.27,367656.0
2025-10-28 15:55:00,630.26,630.535,630.18,630.5299,214438.0
2025-10-28 16:00:00,630.5499,630.985,630.5484,630.72,688506.0
2025-10-29 09:30:00,634.91,635.0,634.76,634.81,43769.0
2025-10-29 09:35:00,634.8,634.96,634.78,634.96,31373.0
2025-10-29 09:40:00,634.94,635.0,634.8,634.8,35761.0
2025-10-29 09:45:00,634.85,634.91,634.7,634.77,43519.0
2025-10-29 09:50:00,634.72,634.96,634.72,634.9,29070.0
2025-10-29 09:55:00,634.91,634.96,634.83,634.95,33393.0
2025-10-29 10:00:00,634.85,635.0,634.76,635.0,18630.0
2025-10-29 10:05:00,634.98,635.21,634.88,635.13,40191.0
2025-10-29 10:10:00,635.09,635.2,634.85,635.18,32709.0
2025-10-29 10:15:00,635.17,635.3,635.04,635.3,14287.0
2025-10-29 10:20:00,635.3,635.48,635.3,635.45,16146.0
2025-10-29 10:25:00,635.45,635.52,635.39,635.41,18493.0
2025-10-29 10:30:00,635.47,635.48,635.16,635.38,44184.0
2025-10-29 10:35:00,635.41,635.5,635.14,635.32,22146.0
2025-10-29 10:40:00,635.29,635.34,635.17,635.27,16039.0
2025-10-29 10:45:00,635.26,635.37,635.25,635.36,12502.0
2025-10-29 10:50:00,635.42,635.69,635.39,635.69,21683.0
2025-10-29 10:55:00,635.73,635.75,635.21,635.22,24203.0
2025-10-29 11:00:00,635.2,635.47,635.16,635.47,39873.0
2025-10-29 11:05:00,635.49,635.77,635.49,635.77,29523.0
2025-10-29 11:10:00,635.7,635.83,635.68,635.81,8926.0
2025-10-29 11:15:00,635.79,635.93,635.69,635.86,37623.0
2025-10-29 11:20:00,635.9,636.04,635.71,636.02,18622.0
2025-10-29 11:25:00,636.01,636.22,636.01,636.16,39761.0
2025-10-29 11:30:00,636.15,636.3,635.99,636.24,42287.0
2025-10-29 11:35:00,636.24,636.35,636.2,636.28,25921.0
2025-10-29 11:40:00,636.33,636.33,636.15,636.2,26067.0
2025-10-29 11:45:00,636.21,636.22,636.01,636.02,24290.0
2025-10-29 11:50:00,636.05,636.05,635.94,635.99,21758.0
2025-10-29 11:55:00,635.96,635.96,635.74,635.81,37250.0
2025-10-29 12:00:00,635.82,636.64,632.446,635.86,178565.0
2025-10-29 12:05:00,635.88,635.9991,635.75,635.99,50785.0
2025-10-29 12:10:00,636.02,636.03,635.85,636.01,44348.0
2025-10-29 12:15:00,635.99,636.11,635.87,635.87,30693.0
2025-10-29 12:20:00,635.84,635.84,635.62,635.69,47934.0
2025-10-29 12:25:00,635.7,635.7,635.5,635.5,36718.0
2025-10-29 12:30:00,635.58,635.6,635.32,635.36,58038.0
2025-10-29 12:35:00,635.37,635.41,635.14,635.28,64783.0
2025-10-29 12:40:00,635.29,635.3,635.06,635.13,32867.0
2025-10-29 12:45:00,635.15,635.51,635.15,635.49,43211.0
2025-10-29 12:50:00,635.51,635.74,635.47,635.56,60768.0
2025-10-29 12:55:00,635.52,635.56,635.41,635.45,51289.0
2025-10-29 13:00:00,635.43,635.71,635.42,635.56,57077.0
2025-10-29 13:05:00,635.59,635.82,635.58,635.74,41334.0
2025-10-29 13:10:00,635.71,635.75,635.55,635.7,38187.0
2025-10-29 13:15:00,635.69,635.82,635.6,635.74,35194.0
2025-10-29 13:20:00,635.74,635.77,635.45,635.47,51993.0
2025-10-29 13:25:00,635.53,635.72,635.4,635.58,132035.0
2025-10-29 13:30:00,635.59,636.22,635.55,635.875,1555628.0
2025-10-29 13:35:00,635.88,635.97,635.31,635.74,1111725.0
2025-10-29 13:40:00,635.74,635.88,635.46,635.81,1149002.0
2025-10-29 13:45:00,635.82,636.15,635.57,635.96,1215150.0
2025-10-29 13:50:00,635.97,636.34,635.61,636.17,1055181.0
2025-10-29 13:55:00,636.165,636.835,636.12,636.835,927257.0
2025-10-29 14:00:00,636.85,637.01,635.99,636.08,1189465.0
2025-10-29 14:05:00,636.08,636.21,635.64,635.875,944831.0
2025-10-29 14:10:00,635.875,636.38,635.54,636.04,1081990.0
2025-10-29 14:15:00,636.04,636.25,635.82,636.13,647050.0
2025-10-29 14:20:00,636.12,636.39,635.96,636.11,853716.0
2025-10-29 14:25:00,636.11,636.34,635.75,636.32,792881.0
2025-10-29 14:30:00,636.32,636.48,636.14,636.48,531881.0
2025-10-29 14:35:00,636.48,636.58,636.34,636.4318,477249.0
2025-10-29 14:40:00,636.4385,636.44,635.71,635.82,676831.0
2025-10-29 14:45:00,635.855,636.1156,635.41,635.435,588417.0
2025-10-29 14:50:00,635.4301,635.95,635.03,635.7,783782.0
2025-10-29 14:55:00,635.7,635.765,635.305,635.392,470498.0
2025-10-29 15:00:00,635.42,635.84,635.275,635.2898,496845.0
2025-10-29 15:05:00,635.29,635.61,635.28,635.36,384502.0
2025-10-29 15:10:00,635.38,635.45,634.88,635.3,579871.0
2025-10-29 15:15:00,635.285,635.5825,634.92,635.575,493069.0
2025-10-29 15:20:00,635.57,635.83,635.47,635.69,419316.0
2025-10-29 15:25:00,635.7,635.77,635.265,635.265,448648.0
2025-10-29 15:30:00,635.265,635.39,634.88,634.93,413962.0
2025-10-29 15:35:00,634.94,635.14,634.68,635.03,531242.0
2025-10-29 15:40:00,635.03,635.12,634.72,634.77,376121.0
2025-10-29 15:45:00,634.76,635.11,634.4101,635.07,852724.0
2025-10-29 15:50:00,635.08,635.14,634.7,635.07,520934.0
2025-10-29 15:55:00,635.07,635.08,634.61,634.88,389879.0
2025-10-29 16:00:00,634.87,634.94,634.26,634.275,738517.0
2025-10-30 09:30:00,635.05,635.13,634.78,634.85,11356.0
2025-10-30 09:35:00,634.87,634.88,634.45,634.56,27945.0
2025-10-30 09:40:00,634.54,634.68,634.17,634.47,15596.0
2025-10-30 09:45:00,634.44,634.44,633.91,633.94,32007.0
2025-10-30 09:50:00,633.99,634.1,633.88,633.96,16109.0
2025-10-30 09:55:00,633.98,634.27,633.89,634.13,18265.0
2025-10-30 10:00:00,634.17,634.34,633.92,634.34,43812.0
2025-10-30 10:05:00,634.32,634.49,634.2,634.46,11613.0
2025-10-30 10:10:00,634.35,634.55,634.25,634.32,15348.0
2025-10-30 10:15:00,634.5,634.56,634.1,634.19,22760.0
2025-10-30 10:20:00,634.32,634.67,634.28,634.51,10805.0
2025-10-30 10:25:00,634.55,634.7,634.53,634.62,6470.0
2025-10-30 10:30:00,634.59,635.05,634.59,634.82,18398.0
2025-10-30 10:35:00,634.83,635.0,634.66,634.79,11536.0
2025-10-30 10:40:00,634.75,634.9,634.59,634.69,17653.0
2025-10-30 10:45:00,634.71,634.93,634.45,634.45,24321.0
2025-10-30 10:50:00,634.57,634.99,634.55,634.78,17770.0
2025-10-30 10:55:00,634.79,634.84,634.72,634.78,11112.0
2025-10-30 11:00:00,634.74,635.03,634.58,634.91,21658.0
2025-10-30 11:05:00,634.89,635.14,634.75,635.04,16092.0
2025-10-30 11:10:00,635.06,635.22,634.91,635.19,8444.0
2025-10-30 11:15:00,635.14,635.6,635.14,635.54,19217.0
2025-10-30 11:20:00,635.58,635.76,635.42,635.72,15214.0
2025-10-30 11:25:00,635.78,635.91,635.64,635.8,13672.0
2025-10-30 11:30:00,635.82,635.82,635.48,635.71,15552.0
2025-10-30 11:35:00,635.65,635.99,635.65,635.82,22869.0
2025-10-30 11:40:00,635.85,636.07,635.8,635.95,11053.0
2025-10-30 11:45:00,636.04,636.05,635.6,635.61,23661.0
2025-10-30 11:50:00,635.6,635.71,635.35,635.5,17840.0
2025-10-30 11:55:00,635.5,635.73,635.42,635.44,11499.0
2025-10-30 12:00:00,635.44,638.11,632.88,635.56,222304.0
2025-10-30 12:05:00,635.55,635.7,634.99,635.09,35794.0
2025-10-30 12:10:00,635.11,635.14,634.11,634.11,74165.0
2025-10-30 12:15:00,634.06,634.47,633.54,634.4199,97119.0
2025-10-30 12:20:00,634.42,634.55,633.8601,634.03,30122.0
2025-10-30 12:25:00,633.99,633.99,632.89,632.95,130105.0
2025-10-30 12:30:00,632.98,633.31,632.5,633.249,107414.0
2025-10-30 12:35:00,633.25,633.42,632.63,632.79,107680.0
2025-10-30 12:40:00,632.63,632.8799,631.83,632.0,247528.0
2025-10-30 12:45:00,632.06,632.44,631.88,632.04,110577.0
2025-10-30 12:50:00,632.02,632.09,631.58,631.62,116190.0
2025-10-30 12:55:00,631.57,632.04,631.22,631.221,111824.0
2025-10-30 13:00:00,631.24,631.79,631.09,631.19,134025.0
2025-10-30 13:05:00,631.1893,631.84,631.13,631.619,144024.0
2025-10-30 13:10:00,631.61,632.32,631.4881,632.02,100611.0
2025-10-30 13:15:00,631.96,631.96,631.44,631.85,67914.0
2025-10-30 13:20:00,631.87,632.0,631.73,631.98,89154.0
2025-10-30 13:25:00,631.96,632.18,631.55,632.15,89213.0
2025-10-30 13:30:00,632.17,632.19,630.18,630.18,1910797.0
2025-10-30 13:35:00,630.17,630.18,627.92,628.22,2394183.0
2025-10-30 13:40:00,628.21,629.06,627.76,628.56,2200776.0
2025-10-30 13:45:00,628.56,631.06,628.32,630.5503,1957547.0
2025-10-30 13:50:00,630.54,632.74,630.5,632.37,1575042.0
2025-10-30 13:55:00,632.38,632.61,631.86,632.19,1258010.0
2025-10-30 14:00:00,632.19,633.5,631.43,631.5925,1366478.0
2025-10-30 14:05:00,631.58,632.94,631.09,631.36,1156481.0
2025-10-30 14:10:00,631.3963,632.0,630.62,631.77,1148840.0
2025-10-30 14:15:00,631.78,631.85,630.09,630.3409,776988.0
2025-10-30 14:20:00,630.32,631.03,629.32,629.84,872114.0
2025-10-30 14:25:00,629.81,630.319,629.39,629.63,954723.0
2025-10-30 14:30:00,629.62,630.8,629.56,630.35,613720.0
2025-10-30 14:35:00,630.39,630.97,629.54,630.14,669650.0
2025-10-30 14:40:00,630.15,631.52,630.15,631.13,749285.0
2025-10-30 14:45:00,631.121,631.28,630.16,630.53,711244.0
2025-10-30 14:50:00,630.56,630.65,628.88,629.17,796478.0
2025-10-30 14:55:00,629.14,629.78,628.66,629.5614,827692.0
2025-10-30 15:00:00,629.57,630.53,629.56,630.35,657957.0
2025-10-30 15:05:00,630.36,630.63,629.79,630.56,660101.0
2025-10-30 15:10:00,630.5615,630.97,630.4501,630.86,397997.0
2025-10-30 15:15:00,630.88,630.9,630.24,630.61,416643.0
2025-10-30 15:20:00,630.62,631.01,630.44,630.74,449619.0
2025-10-30 15:25:00,630.77,630.825,630.25,630.5599,1179662.0
2025-10-30 15:30:00,630.57,630.67,629.77,629.92,443280.0
2025-10-30 15:35:00,629.9,630.13,628.96,629.19,440890.0
2025-10-30 15:40:00,629.18,629.19,628.52,629.15,872399.0
2025-10-30 15:45:00,629.13,629.424,628.37,628.63,610676.0
2025-10-30 15:50:00,628.63,629.05,628.548,628.95,328392.0
2025-10-30 15:55:00,628.97,629.5,628.84,628.96,422168.0
2025-10-30 16:00:00,628.98,630.0201,628.83,629.93,392645.0
2025-10-31 09:30:00,634.09,634.19,634.06,634.06,17858.0
2025-10-31 09:35:00,634.1,634.1,633.71,633.77,19153.0
2025-10-31 09:40:00,633.87,633.95,633.26,633.81,29895.0
2025-10-31 09:45:00,633.88,633.92,633.77,633.92,9279.0
2025-10-31 09:50:00,633.87,634.0,633.87,633.9,8179.0
2025-10-31 09:55:00,633.94,633.94,633.76,633.8,10867.0
2025-10-31 10:00:00,633.83,633.92,633.7,633.75,6115.0
2025-10-31 10:05:00,633.83,633.83,633.66,633.79,6646.0
2025-10-31 10:10:00,633.79,633.83,633.73,633.73,6757.0
2025-10-31 10:15:00,633.74,633.74,633.42,633.5,20939.0
2025-10-31 10:20:00,633.47,633.72,633.44,633.65,26118.0
2025-10-31 10:25:00,633.61,633.61,633.31,633.52,35458.0
2025-10-31 10:30:00,633.45,633.86,633.41,633.74,14883.0
2025-10-31 10:35:00,633.71,633.96,633.65,633.96,16274.0
2025-10-31 10:40:00,633.97,634.04,633.91,633.95,24672.0
2025-10-31 10:45:00,633.95,634.01,633.86,633.96,14145.0
2025-10-31 10:50:00,633.94,634.1,633.92,634.0,16773.0
2025-10-31 10:55:00,633.93,633.95,633.75,633.78,14682.0
2025-10-31 11:00:00,633.79,634.0,633.45,633.581,43469.0
2025-10-31 11:05:00,633.63,634.21,633.63,634.14,33283.0
2025-10-31 11:10:00,634.17,634.23,633.98,634.05,16987.0
2025-10-31 11:15:00,634.02,634.07,633.76,633.85,20126.0
2025-10-31 11:20:00,633.88,634.22,633.88,634.13,22578.0
2025-10-31 11:25:00,634.17,634.37,634.17,634.3,14585.0
2025-10-31 11:30:00,634.33,634.4,634.21,634.25,44230.0
2025-10-31 11:35:00,634.27,634.27,634.0,634.0,18535.0
2025-10-31 11:40:00,634.04,634.29,634.04,634.29,21132.0
2025-10-31 11:45:00,634.28,634.53,634.28,634.53,17422.0
2025-10-31 11:50:00,634.55,634.93,634.55,634.75,46428.0
2025-10-31 11:55:00,634.69,634.74,634.53,634.69,30292.0
2025-10-31 12:00:00,634.69,634.9898,632.99,634.92,147829.0
2025-10-31 12:05:00,634.88,635.11,625.581,635.09,41042.0
2025-10-31 12:10:00,635.08,635.2,635.05,635.17,55857.0
2025-10-31 12:15:00,635.18,635.68,635.17,635.641,96098.0
2025-10-31 12:20:00,635.56,635.93,635.54,635.86,47481.0
2025-10-31 12:25:00,635.85,635.88,635.7,635.72,63317.0
2025-10-31 12:30:00,635.75,635.82,635.32,635.56,94124.0
2025-10-31 12:35:00,635.56,635.63,634.75,635.1,216543.0
2025-10-31 12:40:00,635.08,635.08,634.45,634.68,130831.0
2025-10-31 12:45:00,634.66,634.87,634.57,634.57,74510.0
2025-10-31 12:50:00,634.581,634.91,634.54,634.8255,80913.0
2025-10-31 12:55:00,634.82,634.82,634.32,634.48,125287.0
2025-10-31 13:00:00,634.47,634.61,634.41,634.49,58848.0
2025-10-31 13:05:00,634.52,634.52,634.04,634.18,94623.0
2025-10-31 13:10:00,634.16,634.49,634.02,634.42,113806.0
2025-10-31 13:15:00,634.44,634.47,634.15,634.19,55839.0
2025-10-31 13:20:00,634.16,634.34,634.14,634.17,36232.0
2025-10-31 13:25:00,634.21,634.4,634.01,634.14,119262.0
2025-10-31 13:30:00,634.17,634.2,632.89,633.22,1484536.0
2025-10-31 13:35:00,633.24,633.56,632.7896,632.88,985894.0
2025-10-31 13:40:00,632.89,633.052,631.9,632.25,917733.0
2025-10-31 13:45:00,632.22,632.585,631.54,632.02,971584.0
2025-10-31 13:50:00,632.01,632.48,631.5,632.075,985499.0
2025-10-31 13:55:00,632.09,632.27,631.35,631.8785,1035695.0
2025-10-31 14:00:00,631.87,632.11,630.9,630.97,1221934.0
2025-10-31 14:05:00,630.99,632.17,630.95,631.66,1268253.0
2025-10-31 14:10:00,631.64,632.14,631.21,631.4,869752.0
2025-10-31 14:15:00,631.41,632.1,631.285,632.03,831604.0
2025-10-31 14:20:00,632.04,632.17,630.85,631.8,1097471.0
2025-10-31 14:25:00,631.8,632.11,631.68,631.93,743042.0
2025-10-31 14:30:00,631.93,632.57,631.78,632.31,820085.0
2025-10-31 14:35:00,632.35,632.99,632.3,632.93,530946.0
2025-10-31 14:40:00,632.94,633.41,632.7301,633.3,650809.0
2025-10-31 14:45:00,633.31,633.73,633.22,633.46,740999.0
2025-10-31 14:50:00,633.44,633.52,633.06,633.23,479106.0
2025-10-31 14:55:00,633.23,633.445,632.93,633.34,479185.0
2025-10-31 15:00:00,633.34,633.5,633.14,633.26,654929.0
2025-10-31 15:05:00,633.27,633.32,632.98,633.2101,563558.0
2025-10-31 15:10:00,633.21,633.57,632.96,633.4352,502724.0
2025-10-31 15:15:00,633.445,633.75,633.42,633.66,536811.0
2025-10-31 15:20:00,633.679,633.695,633.121166,633.17,603297.0
2025-10-31 15:25:00,633.175,633.175,632.52,632.65,620008.0
2025-10-31 15:30:00,632.65,633.075,632.43,632.77,483134.0
2025-10-31 15:35:00,632.75,632.76,631.58,631.74,698337.0
2025-10-31 15:40:00,631.74,632.29,631.13,632.2467,1768565.0
2025-10-31 15:45:00,632.27,633.14,630.88,631.1,1287489.0
2025-10-31 15:50:00,631.12,631.82,630.78,631.32,732560.0
2025-10-31 15:55:00,631.29,631.3,630.55,630.59,692614.0
2025-10-31 16:00:00,630.58,630.61,629.67,630.17,1172901.0
