timestamp,Open,High,Low,Close,Volume
2025-05-06 09:30:00,559.0,559.33,559.0,559.24,2234.0
2025-05-06 09:35:00,559.23,559.41,559.03,559.03,1888.0
2025-05-06 09:40:00,558.97,559.0,558.89,559.0,1435.0
2025-05-06 09:45:00,558.8,558.87,558.75,558.87,1989.0
2025-05-06 09:50:00,558.92,559.38,558.8,559.38,3730.0
2025-05-06 09:55:00,559.45,559.6,559.45,559.6,3219.0
2025-05-06 10:00:00,559.7,559.7,559.55,559.55,673.0
2025-05-06 10:05:00,559.7,559.7,559.56,559.67,895.0
2025-05-06 10:10:00,559.39,559.53,559.26,559.42,1624.0
2025-05-06 10:15:00,559.62,559.78,559.62,559.71,3221.0
2025-05-06 10:20:00,559.69,559.72,559.67,559.67,1683.0
2025-05-06 10:25:00,559.68,559.68,559.68,559.68,281.0
2025-05-06 10:30:00,559.78,559.84,559.76,559.79,1367.0
2025-05-06 10:35:00,559.9,560.26,559.9,560.23,5269.0
2025-05-06 10:40:00,560.17,560.17,559.82,559.82,8052.0
2025-05-06 10:45:00,559.81,559.98,559.72,559.91,2437.0
2025-05-06 10:50:00,559.76,559.8,559.75,559.79,1475.0
2025-05-06 10:55:00,560.0,560.07,560.0,560.07,2408.0
2025-05-06 11:00:00,560.23,560.53,560.21,560.45,21001.0
2025-05-06 11:05:00,560.52,560.55,560.4,560.44,44407.0
2025-05-06 11:10:00,560.52,560.54,560.29,560.29,2143.0
2025-05-06 11:15:00,560.11,560.15,560.0,560.0,14451.0
2025-05-06 11:20:00,560.05,560.05,559.2,559.2,49903.0
2025-05-06 11:25:00,559.18,559.31,558.85,559.055,26533.0
2025-05-06 11:30:00,559.1,559.25,558.8,559.11,34162.0
2025-05-06 11:35:00,559.16,559.75,559.16,559.49,16058.0
2025-05-06 11:40:00,559.54,559.65,559.19,559.36,11923.0
2025-05-06 11:45:00,559.35,559.36,558.95,558.95,8299.0
2025-05-06 11:50:00,558.89,559.02,558.0,558.25,59412.0
2025-05-06 11:55:00,558.33,558.86,558.17,558.79,56497.0
2025-05-06 12:00:00,560.54,562.41,558.0,559.08,114079.0
2025-05-06 12:05:00,559.17,559.24,559.0,559.1099,17988.0
2025-05-06 12:10:00,558.9619,559.2,558.62,559.0901,49962.0
2025-05-06 12:15:00,559.19,559.2,558.86,559.06,41813.0
2025-05-06 12:20:00,559.0,559.0599,558.82,558.8301,35546.0
2025-05-06 12:25:00,558.83,558.92,558.62,558.7991,36978.0
2025-05-06 12:30:00,558.78,558.78,558.3,558.39,39539.0
2025-05-06 12:35:00,558.26,558.51,558.24,558.42,40353.0
2025-05-06 12:40:00,558.34,558.48,558.21,558.32,31270.0
2025-05-06 12:45:00,558.33,558.9,558.24,558.8682,38817.0
2025-05-06 12:50:00,558.87,558.9399,558.72,558.88,37047.0
2025-05-06 12:55:00,558.96,559.14,558.95,558.95,30449.0
2025-05-06 13:00:00,558.98,559.16,558.79,558.85,80180.0
2025-05-06 13:05:00,558.79,558.79,558.37,558.51,38739.0
2025-05-06 13:10:00,558.4,558.52,558.39,558.47,11499.0
2025-05-06 13:15:00,558.4,558.46,558.08,558.46,33357.0
2025-05-06 13:20:00,558.52,558.52,558.03,558.05,75457.0
2025-05-06 13:25:00,558.07,558.25,557.76,557.86,97093.0
2025-05-06 13:30:00,557.93,559.23,557.55,559.23,1378237.0
2025-05-06 13:35:00,559.2,559.661,558.76,559.57,795884.0
2025-05-06 13:40:00,559.58,559.58,559.15,559.18,436252.0
2025-05-06 13:45:00,559.24,559.76,557.88,557.945,903295.0
2025-05-06 13:50:00,557.95,557.95,556.96,557.1299,741411.0
2025-05-06 13:55:00,557.13,557.87,556.975,557.4,575110.0
2025-05-06 14:00:00,557.4,558.2499,557.09,558.075,505861.0
2025-05-06 14:05:00,558.08,558.7,557.865,558.658,496514.0
2025-05-06 14:10:00,558.645,559.27,558.5,558.7703,675055.0
2025-05-06 14:15:00,558.8,559.93,558.8,559.93,649599.0
2025-05-06 14:20:00,559.96,560.9,559.96,560.41,794683.0
2025-05-06 14:25:00,560.42,560.7,560.22,560.62,488296.0
2025-05-06 14:30:00,560.59,561.33,560.4,560.97,447340.0
2025-05-06 14:35:00,560.99,561.0149,560.37,560.82,431646.0
2025-05-06 14:40:00,560.78,560.865,560.385,560.68,305021.0
2025-05-06 14:45:00,560.7,561.41,560.695,560.9863,314870.0
2025-05-06 14:50:00,560.96,560.96,560.3398,560.545,381257.0
2025-05-06 14:55:00,560.535,561.07,560.39,560.75,322671.0
2025-05-06 15:00:00,560.75,561.33,560.71,561.12,560553.0
2025-05-06 15:05:00,561.12,561.33,560.48,560.57,268870.0
2025-05-06 15:10:00,560.585,561.0985,560.49,560.93,272282.0
2025-05-06 15:15:00,560.96,561.2,560.67,561.11,290430.0
2025-05-06 15:20:00,561.13,561.82,561.11,561.65,354611.0
2025-05-06 15:25:00,561.65,561.72,561.3003,561.65,312439.0
2025-05-06 15:30:00,561.65,561.94,561.1308,561.86,337877.0
2025-05-06 15:35:00,561.86,561.9384,561.5638,561.71,242088.0
2025-05-06 15:40:00,561.7349,561.8111,560.61,560.745,386732.0
2025-05-06 15:45:00,560.76,561.0791,560.58,560.9667,190315.0
2025-05-06 15:50:00,560.96,561.02,560.19,560.35,293170.0
2025-05-06 15:55:00,560.34,560.7094,560.25,560.37,217256.0
2025-05-06 16:00:00,560.375,560.86,560.2851,560.755,182793.0
2025-05-07 09:30:00,561.95,562.01,561.7,561.7,1578.0
2025-05-07 09:35:00,561.87,561.87,561.87,561.87,409.0
2025-05-07 09:40:00,562.15,562.2,562.15,562.2,729.0
2025-05-07 09:45:00,562.25,562.4,562.21,562.4,8309.0
2025-05-07 09:50:00,562.3,562.36,562.26,562.26,1932.0
2025-05-07 09:55:00,562.22,562.23,562.0,562.0,1516.0
2025-05-07 10:00:00,561.92,561.92,561.51,561.59,3904.0
2025-05-07 10:05:00,561.58,561.78,561.58,561.78,1022.0
2025-05-07 10:10:00,562.03,562.1,562.03,562.1,6274.0
2025-05-07 10:15:00,562.3,562.3,562.13,562.15,1039.0
2025-05-07 10:20:00,562.17,562.19,562.16,562.16,2016.0
2025-05-07 10:25:00,561.99,562.0,561.98,562.0,1058.0
2025-05-07 10:30:00,561.85,561.85,561.85,561.85,428.0
2025-05-07 10:35:00,561.83,561.83,561.83,561.83,232.0
2025-05-07 10:40:00,561.89,562.44,561.89,562.44,3515.0
2025-05-07 10:45:00,562.37,562.56,562.37,562.4,19266.0
2025-05-07 10:50:00,562.52,562.55,562.13,562.5,29027.0
2025-05-07 10:55:00,562.57,562.57,562.15,562.3,2222.0
2025-05-07 11:00:00,562.27,562.76,562.2,562.65,24918.0
2025-05-07 11:05:00,562.59,562.66,562.54,562.66,17561.0
2025-05-07 11:10:00,562.69,562.88,562.67,562.84,17029.0
2025-05-07 11:15:00,562.84,562.86,562.7,562.8,16844.0
2025-05-07 11:20:00,562.8,563.02,562.73,562.85,17081.0
2025-05-07 11:25:00,562.75,562.75,562.45,562.5,6899.0
2025-05-07 11:30:00,562.5,562.54,562.47,562.48,5633.0
2025-05-07 11:35:00,562.53,562.53,562.23,562.35,1899.0
2025-05-07 11:40:00,562.29,562.29,561.84,561.84,19537.0
2025-05-07 11:45:00,561.931,562.3,561.89,562.29,10238.0
2025-05-07 11:50:00,562.25,562.35,562.04,562.04,9226.0
2025-05-07 11:55:00,562.13,562.26,562.0,562.25,29094.0
2025-05-07 12:00:00,562.59,562.9381,561.0,562.14,79684.0
2025-05-07 12:05:00,562.11,562.11,561.06,561.13,40661.0
2025-05-07 12:10:00,561.1,561.1,560.64,560.69,71334.0
2025-05-07 12:15:00,560.71,561.15,560.67,561.1389,28577.0
2025-05-07 12:20:00,561.11,561.3,561.08,561.13,21791.0
2025-05-07 12:25:00,561.06,561.06,560.55,560.7,19244.0
2025-05-07 12:30:00,560.68,561.13,560.62,560.7199,24945.0
2025-05-07 12:35:00,560.66,560.87,560.61,560.84,5317.0
2025-05-07 12:40:00,560.83,561.1999,560.83,561.11,21292.0
2025-05-07 12:45:00,561.17,561.26,560.91,561.12,32582.0
2025-05-07 12:50:00,561.01,561.53,561.01,561.29,28801.0
2025-05-07 12:55:00,561.29,561.3,560.79,560.87,38615.0
2025-05-07 13:00:00,560.85,560.85,560.35,560.45,62318.0
2025-05-07 13:05:00,560.45,560.5,559.77,559.78,65603.0
2025-05-07 13:10:00,559.79,560.05,559.7493,559.78,51579.0
2025-05-07 13:15:00,559.81,560.27,559.67,559.98,54531.0
2025-05-07 13:20:00,559.96,560.43,559.869,560.27,35047.0
2025-05-07 13:25:00,560.27,560.37,560.01,560.15,59890.0
2025-05-07 13:30:00,560.15,560.82,559.5899,560.25,942838.0
2025-05-07 13:35:00,560.18,560.33,559.5202,560.07,639233.0
2025-05-07 13:40:00,560.08,561.2,560.08,561.01,692854.0
2025-05-07 13:45:00,561.0001,561.32,559.6951,560.0,831870.0
2025-05-07 13:50:00,560.04,560.8755,559.93,560.62,384517.0
2025-05-07 13:55:00,560.63,561.6,560.565,561.4599,389409.0
2025-05-07 14:00:00,561.46,561.5301,560.99,561.39,399517.0
2025-05-07 14:05:00,561.36,561.77,560.98,561.625,392835.0
2025-05-07 14:10:00,561.625,561.85,561.21,561.4801,532603.0
2025-05-07 14:15:00,561.54,561.7,561.04,561.49,320111.0
2025-05-07 14:20:00,561.52,561.77,560.99,561.68,320440.0
2025-05-07 14:25:00,561.7,561.96,561.29,561.82,466078.0
2025-05-07 14:30:00,561.84,561.98,561.42,561.595,353187.0
2025-05-07 14:35:00,561.63,561.8047,561.45,561.715,193797.0
2025-05-07 14:40:00,561.72,561.7704,561.43,561.695,248899.0
2025-05-07 14:45:00,561.65,561.8388,560.85,560.95,239662.0
2025-05-07 14:50:00,560.92,561.05,559.175,559.36,524701.0
2025-05-07 14:55:00,559.32,559.74,559.0101,559.45,854503.0
2025-05-07 15:00:00,559.45,559.565,558.65,559.1499,546802.0
2025-05-07 15:05:00,559.18,559.52,558.6701,559.36,468301.0
2025-05-07 15:10:00,559.35,559.55,558.38,558.56,458093.0
2025-05-07 15:15:00,558.56,559.18,558.54,558.95,428603.0
2025-05-07 15:20:00,558.96,559.5204,558.6347,559.28,387206.0
2025-05-07 15:25:00,559.27,559.31,558.7609,559.1608,527331.0
2025-05-07 15:30:00,559.1,559.38,558.84,558.93,385011.0
2025-05-07 15:35:00,558.945,559.52,558.74,559.345,372393.0
2025-05-07 15:40:00,559.37,560.16,559.305,559.97,377738.0
2025-05-07 15:45:00,559.97,560.15,558.77,558.85,362224.0
2025-05-07 15:50:00,558.85,559.8291,558.6,559.61,361466.0
2025-05-07 15:55:00,559.64,560.07,559.48,559.94,508134.0
2025-05-07 16:00:00,559.91,560.09,559.67,559.89,221198.0
2025-05-08 09:30:00,567.24,567.39,567.24,567.29,3413.0
2025-05-08 09:35:00,567.35,567.52,567.35,567.52,4313.0
2025-05-08 09:40:00,567.54,567.65,567.49,567.65,10340.0
2025-05-08 09:45:00,567.62,567.69,567.52,567.67,11481.0
2025-05-08 09:50:00,567.71,567.82,567.58,567.61,3355.0
2025-05-08 09:55:00,567.58,567.67,567.48,567.48,1795.0
2025-05-08 10:00:00,567.4,567.4,567.31,567.34,3551.0
2025-05-08 10:05:00,567.44,567.6,567.44,567.51,12861.0
2025-05-08 10:10:00,567.3,567.38,567.28,567.36,3815.0
2025-05-08 10:15:00,567.39,567.58,567.39,567.5,7025.0
2025-05-08 10:20:00,567.45,567.53,567.41,567.52,4373.0
2025-05-08 10:25:00,567.52,567.61,567.51,567.6,33271.0
2025-05-08 10:30:00,567.52,567.52,567.4,567.41,22419.0
2025-05-08 10:35:00,567.39,567.41,567.19,567.33,76834.0
2025-05-08 10:40:00,567.44,567.49,567.25,567.41,21678.0
2025-05-08 10:45:00,567.47,567.67,567.4,567.67,7483.0
2025-05-08 10:50:00,567.64,567.71,567.5,567.66,15369.0
2025-05-08 10:55:00,567.79,567.96,567.79,567.9,23608.0
2025-05-08 11:00:00,567.91,568.0,567.5,567.69,73714.0
2025-05-08 11:05:00,567.63,567.77,567.4,567.49,37989.0
2025-05-08 11:10:00,567.46,567.46,567.25,567.251,44562.0
2025-05-08 11:15:00,567.21,567.22,567.14,567.15,15949.0
2025-05-08 11:20:00,567.12,567.21,567.08,567.08,12611.0
2025-05-08 11:25:00,567.06,567.14,567.02,567.07,6949.0
2025-05-08 11:30:00,567.09,567.12,566.98,567.06,33022.0
2025-05-08 11:35:00,567.05,567.2,566.69,566.77,17561.0
2025-05-08 11:40:00,566.74,566.88,566.37,566.37,35285.0
2025-05-08 11:45:00,566.4,566.4,566.0,566.38,60864.0
2025-05-08 11:50:00,566.34,566.63,566.31,566.44,25937.0
2025-05-08 11:55:00,566.45,566.64,566.38,566.5,18040.0
2025-05-08 12:00:00,567.56,568.0,564.8,566.799,186969.0
2025-05-08 12:05:00,566.81,566.9,566.67,566.7,18424.0
2025-05-08 12:10:00,566.7,567.0,566.47,566.5,23410.0
2025-05-08 12:15:00,566.49,566.67,566.36,566.63,12215.0
2025-05-08 12:20:00,566.58,566.8,566.45,566.65,16165.0
2025-05-08 12:25:00,566.64,566.72,566.25,566.3207,30493.0
2025-05-08 12:30:00,566.3,566.87,566.3,566.65,49437.0
2025-05-08 12:35:00,566.6,566.6,564.57,564.67,261953.0
2025-05-08 12:40:00,564.66,565.27,564.5,565.15,214596.0
2025-05-08 12:45:00,565.13,566.18,565.07,566.07,123942.0
2025-05-08 12:50:00,566.1,566.38,565.7,565.82,102002.0
2025-05-08 12:55:00,565.75,565.89,565.59,565.71,64286.0
2025-05-08 13:00:00,565.65,565.8,565.49,565.55,33906.0
2025-05-08 13:05:00,565.56,565.65,565.27,565.4,30478.0
2025-05-08 13:10:00,565.46,565.5,565.19,565.27,33985.0
2025-05-08 13:15:00,565.37,565.54,565.29,565.39,28349.0
2025-05-08 13:20:00,565.48,565.77,565.48,565.53,35125.0
2025-05-08 13:25:00,565.52,565.59,565.12,565.26,84180.0
2025-05-08 13:30:00,565.24,565.64,564.595,564.76,1093408.0
2025-05-08 13:35:00,564.72,565.1565,564.14,564.23,673458.0
2025-05-08 13:40:00,564.23,565.02,564.23,564.815,465675.0
2025-05-08 13:45:00,564.84,564.84,563.56,563.85,521416.0
2025-05-08 13:50:00,563.87,564.2099,563.6,563.94,475174.0
2025-05-08 13:55:00,563.91,564.68,563.83,564.1298,551797.0
2025-05-08 14:00:00,564.14,564.825,563.91,564.395,636227.0
2025-05-08 14:05:00,564.39,564.43,563.18,563.47,601398.0
2025-05-08 14:10:00,563.46,563.53,562.3006,562.83,634328.0
2025-05-08 14:15:00,562.87,563.64,562.68,563.57,492280.0
2025-05-08 14:20:00,563.56,564.5,563.38,563.85,1011979.0
2025-05-08 14:25:00,563.87,564.61,563.74,564.43,554318.0
2025-05-08 14:30:00,564.4653,565.16,564.235,564.7,526276.0
2025-05-08 14:35:00,564.7,564.92,563.58,563.68,753748.0
2025-05-08 14:40:00,563.7,564.12,563.27,563.94,343904.0
2025-05-08 14:45:00,564.0,564.0721,563.15,563.37,375288.0
2025-05-08 14:50:00,563.36,564.28,562.09,562.74,998516.0
2025-05-08 14:55:00,562.72,563.07,561.7,562.6,1386960.0
2025-05-08 15:00:00,562.55,563.14,562.03,562.255,756182.0
2025-05-08 15:05:00,562.25,563.79,562.17,563.72,535189.0
2025-05-08 15:10:00,563.73,564.45,563.66,564.35,639143.0
2025-05-08 15:15:00,564.32,564.67,564.14,564.6,318008.0
2025-05-08 15:20:00,564.6,566.05,564.6,565.9647,1086922.0
2025-05-08 15:25:00,565.98,567.07,565.9,566.2,1567887.0
2025-05-08 15:30:00,566.23,566.72,565.43,566.61,1731923.0
2025-05-08 15:35:00,566.62,567.25,566.45,567.25,785134.0
2025-05-08 15:40:00,567.28,569.65,567.25,569.04,2029773.0
2025-05-08 15:45:00,569.09,569.6077,568.9,569.3472,1238782.0
2025-05-08 15:50:00,569.31,569.49,568.26,568.84,1077405.0
2025-05-08 15:55:00,568.86,568.91,568.1,568.38,600743.0
2025-05-08 16:00:00,568.3962,568.95,568.34,568.855,350989.0
2025-05-09 09:30:00,565.21,565.35,565.19,565.32,1161.0
2025-05-09 09:35:00,565.3,565.51,565.29,565.5,2797.0
2025-05-09 09:40:00,565.65,565.65,565.65,565.65,345.0
2025-05-09 09:45:00,565.63,565.63,565.63,565.63,200.0
2025-05-09 09:50:00,565.75,565.75,565.68,565.68,583.0
2025-05-09 09:55:00,565.76,565.77,565.75,565.77,1369.0
2025-05-09 10:00:00,566.03,566.03,566.03,566.03,155.0
2025-05-09 10:05:00,566.1,566.2,566.08,566.2,2067.0
2025-05-09 10:10:00,566.25,566.39,566.2,566.39,4652.0
2025-05-09 10:15:00,566.4,566.56,566.39,566.56,2135.0
2025-05-09 10:20:00,566.46,566.46,566.38,566.39,942.0
2025-05-09 10:25:00,566.34,566.4,566.3,566.4,14460.0
2025-05-09 10:30:00,566.56,566.78,566.56,566.68,12129.0
2025-05-09 10:35:00,566.73,566.73,566.66,566.7,5338.0
2025-05-09 10:40:00,566.74,566.81,566.54,566.56,12062.0
2025-05-09 10:45:00,566.59,566.67,566.52,566.6,3630.0
2025-05-09 10:50:00,566.56,566.6,566.5,566.5,1276.0
2025-05-09 10:55:00,566.59,566.62,566.59,566.62,935.0
2025-05-09 11:00:00,566.57,566.57,566.42,566.47,10656.0
2025-05-09 11:05:00,566.43,566.8,566.39,566.69,13803.0
2025-05-09 11:10:00,566.76,566.94,566.76,566.94,14344.0
2025-05-09 11:15:00,566.95,567.03,566.85,566.99,29599.0
2025-05-09 11:20:00,566.87,566.92,566.81,566.9,8404.0
2025-05-09 11:25:00,566.91,567.99,564.14,565.81,538963.0
2025-05-09 11:30:00,565.71,566.43,565.29,565.37,193513.0
2025-05-09 11:35:00,565.55,565.75,564.92,565.3,68896.0
2025-05-09 11:40:00,565.3,566.09,565.1,566.09,37380.0
2025-05-09 11:45:00,566.05,566.84,566.05,566.44,130897.0
2025-05-09 11:50:00,566.39,566.44,566.06,566.06,12819.0
2025-05-09 11:55:00,566.36,566.38,566.12,566.22,9129.0
2025-05-09 12:00:00,566.13,567.63,564.2,566.5,167935.0
2025-05-09 12:05:00,566.55,566.78,566.5,566.5,13699.0
2025-05-09 12:10:00,566.44,566.4601,566.0,566.09,37512.0
2025-05-09 12:15:00,566.06,566.28,566.0,566.24,11705.0
2025-05-09 12:20:00,566.24,566.33,566.07,566.26,16289.0
2025-05-09 12:25:00,566.26,566.26,565.97,566.0,22903.0
2025-05-09 12:30:00,565.98,566.6,565.98,566.6,35287.0
2025-05-09 12:35:00,566.61,566.98,566.45,566.97,71900.0
2025-05-09 12:40:00,566.95,567.46,566.81,566.9,67070.0
2025-05-09 12:45:00,566.88,567.07,566.88,566.9607,15110.0
2025-05-09 12:50:00,566.96,566.96,566.69,566.82,55978.0
2025-05-09 12:55:00,566.8,566.86,566.76,566.775,9380.0
2025-05-09 13:00:00,566.79,567.47,566.79,567.45,57051.0
2025-05-09 13:05:00,567.45,567.5,567.25,567.271,53605.0
2025-05-09 13:10:00,567.3,567.35,567.13,567.14,26033.0
2025-05-09 13:15:00,567.13,567.2489,566.95,567.08,20449.0
2025-05-09 13:20:00,567.08,567.1,566.93,567.01,12838.0
2025-05-09 13:25:00,567.03,567.03,566.41,566.41,59915.0
2025-05-09 13:30:00,566.48,567.28,566.41,567.25,805766.0
2025-05-09 13:35:00,567.27,567.5,567.01,567.02,457613.0
2025-05-09 13:40:00,567.0,567.075,566.12,566.21,535035.0
2025-05-09 13:45:00,566.25,566.73,566.063,566.49,402328.0
2025-05-09 13:50:00,566.4638,566.63,565.81,566.5,376743.0
2025-05-09 13:55:00,566.48,567.1098,566.42,567.0,343552.0
2025-05-09 14:00:00,566.97,567.26,566.81,567.1,345855.0
2025-05-09 14:05:00,567.095,567.36,566.54,567.2,383909.0
2025-05-09 14:10:00,567.2,567.27,566.44,566.7541,306780.0
2025-05-09 14:15:00,566.7378,566.7378,565.73,565.77,285367.0
2025-05-09 14:20:00,565.75,565.85,565.15,565.2258,461574.0
2025-05-09 14:25:00,565.2,565.44,563.83,564.4699,817488.0
2025-05-09 14:30:00,564.4508,564.7554,564.01,564.12,620725.0
2025-05-09 14:35:00,564.11,564.15,562.7637,563.31,1096306.0
2025-05-09 14:40:00,563.29,564.18,562.97,564.14,773801.0
2025-05-09 14:45:00,564.1499,564.36,563.6,564.2702,521397.0
2025-05-09 14:50:00,564.31,564.68,563.6015,564.04,422947.0
2025-05-09 14:55:00,564.04,564.88,563.89,564.56,426011.0
2025-05-09 15:00:00,564.58,565.1529,564.25,565.07,342316.0
2025-05-09 15:05:00,565.1,565.28,565.0,565.2,314682.0
2025-05-09 15:10:00,565.19,565.19,564.2202,564.735,398830.0
2025-05-09 15:15:00,564.735,565.13,564.35,564.81,307848.0
2025-05-09 15:20:00,564.8,564.83,564.0501,564.26,319953.0
2025-05-09 15:25:00,564.24,564.65,563.88,564.55,461174.0
2025-05-09 15:30:00,564.54,564.77,563.88,564.7501,267384.0
2025-05-09 15:35:00,564.7821,565.06,564.45,564.51,295217.0
2025-05-09 15:40:00,564.61,564.8,564.23,564.65,257771.0
2025-05-09 15:45:00,564.68,565.1031,564.51,564.9399,258472.0
2025-05-09 15:50:00,564.91,565.5399,564.78,565.1701,358896.0
2025-05-09 15:55:00,565.1796,565.59,565.1,565.55,153662.0
2025-05-09 16:00:00,565.56,565.6353,564.11,564.11,232575.0
2025-05-12 09:30:00,580.09,580.23,580.08,580.23,12242.0
2025-05-12 09:35:00,580.17,580.23,580.1,580.14,20472.0
2025-05-12 09:40:00,580.18,580.25,580.11,580.2,21298.0
2025-05-12 09:45:00,580.1,580.28,579.98,580.18,7053.0
2025-05-12 09:50:00,580.27,580.46,580.2,580.2,6982.0
2025-05-12 09:55:00,580.22,580.31,580.05,580.31,12467.0
2025-05-12 10:00:00,580.33,580.42,580.04,580.04,6806.0
2025-05-12 10:05:00,580.2,580.63,580.2,580.24,15897.0
2025-05-12 10:10:00,580.14,580.62,580.11,580.53,43270.0
2025-05-12 10:15:00,580.48,580.62,580.44,580.48,9172.0
2025-05-12 10:20:00,580.44,580.7,580.3,580.67,19492.0
2025-05-12 10:25:00,580.75,581.23,580.75,581.22,26547.0
2025-05-12 10:30:00,581.15,582.11,581.15,582.11,54118.0
2025-05-12 10:35:00,582.14,582.14,581.51,581.51,34729.0
2025-05-12 10:40:00,581.51,581.68,581.17,581.18,65715.0
2025-05-12 10:45:00,581.11,581.42,580.99,581.35,479755.0
2025-05-12 10:50:00,581.35,581.61,581.3,581.4,250695.0
2025-05-12 10:55:00,581.51,582.53,581.51,582.26,54174.0
2025-05-12 11:00:00,582.2,582.51,581.71,582.4,187489.0
2025-05-12 11:05:00,582.31,582.92,582.1,582.5,301586.0
2025-05-12 11:10:00,582.63,582.65,581.65,581.77,195099.0
2025-05-12 11:15:00,581.72,581.86,581.46,581.73,45233.0
2025-05-12 11:20:00,581.75,581.75,581.44,581.71,15876.0
2025-05-12 11:25:00,581.65,582.18,581.64,581.74,34860.0
2025-05-12 11:30:00,581.76,581.76,581.3,581.33,32634.0
2025-05-12 11:35:00,581.32,581.9,581.23,581.9,41940.0
2025-05-12 11:40:00,581.92,581.94,581.01,581.15,73452.0
2025-05-12 11:45:00,581.15,581.55,580.8,581.09,112093.0
2025-05-12 11:50:00,581.18,581.19,580.28,580.5,88327.0
2025-05-12 11:55:00,580.55,581.01,580.5,581.0,41398.0
2025-05-12 12:00:00,582.0201,582.9001,572.48,581.29,372032.0
2025-05-12 12:05:00,581.25,581.31,580.8806,580.8806,28456.0
2025-05-12 12:10:00,581.0,581.59,581.0,581.53,22102.0
2025-05-12 12:15:00,581.58,581.93,581.41,581.91,93428.0
2025-05-12 12:20:00,581.9499,582.4,581.83,582.3106,40792.0
2025-05-12 12:25:00,582.39,582.54,582.25,582.54,46255.0
2025-05-12 12:30:00,582.53,582.53,581.92,581.99,20812.0
2025-05-12 12:35:00,582.03,582.05,581.4222,581.56,95264.0
2025-05-12 12:40:00,581.58,581.58,581.2,581.4,45909.0
2025-05-12 12:45:00,581.39,581.39,581.12,581.33,38510.0
2025-05-12 12:50:00,581.3612,581.67,581.3612,581.66,51034.0
2025-05-12 12:55:00,581.62,581.64,581.2,581.29,35012.0
2025-05-12 13:00:00,581.32,581.78,581.27,581.2715,87265.0
2025-05-12 13:05:00,581.28,581.31,580.61,580.67,92686.0
2025-05-12 13:10:00,580.64,581.38,580.62,581.3,51317.0
2025-05-12 13:15:00,581.3,581.61,581.25,581.34,47356.0
2025-05-12 13:20:00,581.35,581.6599,581.26,581.64,56503.0
2025-05-12 13:25:00,581.56,581.9,581.36,581.48,177756.0
2025-05-12 13:30:00,581.47,581.73,579.22,579.23,2725698.0
2025-05-12 13:35:00,579.24,579.61,578.89,579.21,1831639.0
2025-05-12 13:40:00,579.24,579.4953,578.44,578.83,1500027.0
2025-05-12 13:45:00,578.84,579.31,578.34,579.17,2227333.0
2025-05-12 13:50:00,579.16,580.31,578.95,579.73,1094735.0
2025-05-12 13:55:00,579.74,579.85,578.63,578.79,857815.0
2025-05-12 14:00:00,578.8,579.505,578.52,579.295,881877.0
2025-05-12 14:05:00,579.27,579.65,578.9,579.03,952367.0
2025-05-12 14:10:00,579.02,580.2,578.94,580.145,1196091.0
2025-05-12 14:15:00,580.145,580.5,579.8002,579.84,858031.0
2025-05-12 14:20:00,579.8792,580.05,579.22,579.56,823081.0
2025-05-12 14:25:00,579.57,579.6,577.89,578.26,1129980.0
2025-05-12 14:30:00,578.27,578.2899,577.04,577.82,1333755.0
2025-05-12 14:35:00,577.8,578.3367,577.4632,578.28,832009.0
2025-05-12 14:40:00,578.27,579.33,578.16,579.32,901355.0
2025-05-12 14:45:00,579.31,579.72,579.17,579.58,926683.0
2025-05-12 14:50:00,579.57,580.17,579.36,580.04,1852104.0
2025-05-12 14:55:00,580.06,580.18,578.95,579.05,679291.0
2025-05-12 15:00:00,579.06,579.7315,578.9,579.63,630645.0
2025-05-12 15:05:00,579.62,579.73,578.95,579.053,573123.0
2025-05-12 15:10:00,579.06,579.64,578.8909,579.33,616605.0
2025-05-12 15:15:00,579.33,579.45,578.92,579.24,505073.0
2025-05-12 15:20:00,579.22,579.34,578.16,578.63,905586.0
2025-05-12 15:25:00,578.65,579.16,578.3401,578.85,584045.0
2025-05-12 15:30:00,578.87,579.31,578.78,579.07,587772.0
2025-05-12 15:35:00,579.06,579.33,578.45,578.74,572425.0
2025-05-12 15:40:00,578.74,578.8,578.24,578.48,446960.0
2025-05-12 15:45:00,578.485,578.82,578.37,578.58,341959.0
2025-05-12 15:50:00,578.6,578.68,578.035,578.37,1576728.0
2025-05-12 15:55:00,578.375,578.72,578.05,578.1695,376567.0
2025-05-12 16:00:00,578.16,578.6,577.9775,578.545,424176.0
2025-05-13 09:30:00,581.02,581.07,581.01,581.04,2802.0
2025-05-13 09:35:00,581.07,581.16,581.07,581.16,726.0
2025-05-13 09:40:00,581.16,581.2,581.06,581.2,1675.0
2025-05-13 09:45:00,581.28,581.3,581.25,581.25,1928.0
2025-05-13 09:50:00,581.33,581.37,581.31,581.34,4107.0
2025-05-13 09:55:00,581.34,581.5,581.32,581.41,5169.0
2025-05-13 10:00:00,581.55,581.57,581.21,581.21,5168.0
2025-05-13 10:05:00,581.16,581.23,581.15,581.23,586.0
2025-05-13 10:10:00,581.22,581.5,581.22,581.5,1146.0
2025-05-13 10:15:00,581.43,581.47,581.39,581.4,8848.0
2025-05-13 10:20:00,581.55,581.56,581.5,581.5,2422.0
2025-05-13 10:25:00,581.48,581.48,581.32,581.32,601.0
2025-05-13 10:30:00,581.24,581.26,581.07,581.12,9850.0
2025-05-13 10:35:00,581.32,581.32,581.32,581.32,707.0
2025-05-13 10:40:00,581.38,581.59,581.33,581.51,8964.0
2025-05-13 10:45:00,581.49,581.55,581.47,581.49,2991.0
2025-05-13 10:50:00,581.58,581.8,581.5,581.8,5286.0
2025-05-13 10:55:00,581.78,581.84,581.47,581.47,13883.0
2025-05-13 11:00:00,581.25,581.52,581.23,581.4,12716.0
2025-05-13 11:05:00,581.4,581.55,581.35,581.53,8327.0
2025-05-13 11:10:00,581.55,581.83,581.51,581.73,26479.0
2025-05-13 11:15:00,581.66,582.0,581.66,581.97,9120.0
2025-05-13 11:20:00,581.91,581.95,581.65,581.69,32700.0
2025-05-13 11:25:00,581.69,581.69,581.39,581.5,6948.0
2025-05-13 11:30:00,581.47,581.58,581.45,581.47,38461.0
2025-05-13 11:35:00,581.49,581.81,581.42,581.81,51389.0
2025-05-13 11:40:00,581.79,581.94,581.76,581.8,24897.0
2025-05-13 11:45:00,581.93,582.06,581.92,581.95,12494.0
2025-05-13 11:50:00,581.88,581.89,581.55,581.86,6716.0
2025-05-13 11:55:00,581.91,582.2,581.91,582.19,18640.0
2025-05-13 12:00:00,581.55,582.28,580.22,582.1,72329.0
2025-05-13 12:05:00,582.16,582.51,582.0501,582.41,38712.0
2025-05-13 12:10:00,582.41,582.57,582.4,582.53,36715.0
2025-05-13 12:15:00,582.55,582.69,582.47,582.57,24676.0
2025-05-13 12:20:00,582.58,582.71,582.48,582.5691,45289.0
2025-05-13 12:25:00,582.5217,583.83,582.5217,582.92,56894.0
2025-05-13 12:30:00,583.23,587.4,582.5,583.67,579417.0
2025-05-13 12:35:00,583.69,584.12,583.38,583.51,74251.0
2025-05-13 12:40:00,583.55,583.61,582.93,583.0,77435.0
2025-05-13 12:45:00,583.04,583.34,582.67,583.34,47704.0
2025-05-13 12:50:00,583.35,583.48,583.17,583.3,35090.0
2025-05-13 12:55:00,583.32,583.4,583.04,583.33,21060.0
2025-05-13 13:00:00,583.29,583.36,583.05,583.17,28552.0
2025-05-13 13:05:00,583.21,583.58,583.12,583.44,15376.0
2025-05-13 13:10:00,583.49,583.59,564.61,583.59,17675.0
2025-05-13 13:15:00,583.53,583.66,583.36,583.38,16273.0
2025-05-13 13:20:00,583.4,583.67,583.34,583.55,35250.0
2025-05-13 13:25:00,583.57,583.57,583.0,583.44,114748.0
2025-05-13 13:30:00,583.41,583.59,582.84,583.48,1563134.0
2025-05-13 13:35:00,583.48,584.26,583.37,584.21,1332152.0
2025-05-13 13:40:00,584.22,584.67,583.87,584.39,911526.0
2025-05-13 13:45:00,584.39,584.52,584.04,584.14,560172.0
2025-05-13 13:50:00,584.15,584.92,584.14,584.78,616873.0
2025-05-13 13:55:00,584.75,585.47,584.66,585.28,1126366.0
2025-05-13 14:00:00,585.29,585.76,585.22,585.71,1726292.0
2025-05-13 14:05:00,585.72,586.34,585.54,586.19,860410.0
2025-05-13 14:10:00,586.2,587.29,585.88,587.25,1045517.0
2025-05-13 14:15:00,587.24,587.9,586.92,587.18,1652726.0
2025-05-13 14:20:00,587.21,587.33,586.805,587.22,856385.0
2025-05-13 14:25:00,587.22,587.63,586.7805,586.82,897258.0
2025-05-13 14:30:00,586.84,587.2613,586.55,586.97,652996.0
2025-05-13 14:35:00,586.99,587.17,586.78,586.95,598954.0
2025-05-13 14:40:00,586.9309,587.08,586.16,586.16,652605.0
2025-05-13 14:45:00,586.18,586.8608,586.11,586.45,637095.0
2025-05-13 14:50:00,586.47,587.34,586.44,587.03,620012.0
2025-05-13 14:55:00,587.01,587.3789,586.92,587.0801,525541.0
2025-05-13 15:00:00,587.11,587.25,586.8655,587.0999,1113620.0
2025-05-13 15:05:00,587.07,587.165,586.74,587.06,602641.0
2025-05-13 15:10:00,587.08,587.38,586.97,586.9707,469505.0
2025-05-13 15:15:00,586.98,587.51,586.98,587.485,482062.0
2025-05-13 15:20:00,587.5,587.545,587.2,587.43,418529.0
2025-05-13 15:25:00,587.43,588.09,587.43,587.7,1041760.0
2025-05-13 15:30:00,587.69,588.05,587.61,587.95,594427.0
2025-05-13 15:35:00,587.94,588.17,587.69,588.07,530220.0
2025-05-13 15:40:00,588.0999,588.15,587.86,588.04,682633.0
2025-05-13 15:45:00,588.04,588.44,587.69,587.79,834880.0
2025-05-13 15:50:00,587.8,587.805,587.33,587.515,571010.0
2025-05-13 15:55:00,587.51,587.88,587.47,587.65,364678.0
2025-05-13 16:00:00,587.67,587.71,587.01,587.11,491598.0
2025-05-14 09:30:00,587.0,587.08,586.77,586.77,3688.0
2025-05-14 09:35:00,586.7,586.73,586.63,586.63,1595.0
2025-05-14 09:40:00,586.63,586.63,586.49,586.53,2426.0
2025-05-14 09:45:00,586.65,586.79,586.65,586.68,4204.0
2025-05-14 09:50:00,586.55,586.62,586.47,586.47,4389.0
2025-05-14 09:55:00,586.46,586.46,586.46,586.46,405.0
2025-05-14 10:00:00,586.46,586.46,586.25,586.36,1602.0
2025-05-14 10:05:00,586.32,586.45,586.19,586.19,5173.0
2025-05-14 10:10:00,586.25,586.35,586.25,586.35,1668.0
2025-05-14 10:15:00,586.35,586.35,586.2,586.35,2469.0
2025-05-14 10:20:00,586.48,586.79,586.48,586.79,2743.0
2025-05-14 10:25:00,586.82,586.89,586.78,586.89,4387.0
2025-05-14 10:30:00,586.82,587.05,586.79,587.05,5638.0
2025-05-14 10:35:00,587.09,587.2,587.06,587.09,6544.0
2025-05-14 10:40:00,587.19,587.19,587.08,587.15,5933.0
2025-05-14 10:45:00,587.09,587.09,586.86,586.86,1328.0
2025-05-14 10:50:00,586.84,586.84,586.8,586.8,382.0
2025-05-14 10:55:00,586.79,587.06,586.75,587.01,6079.0
2025-05-14 11:00:00,587.01,587.67,586.99,587.62,32455.0
2025-05-14 11:05:00,587.75,587.78,587.53,587.78,14052.0
2025-05-14 11:10:00,587.76,587.89,587.64,587.85,12621.0
2025-05-14 11:15:00,587.89,588.11,587.75,588.11,22988.0
2025-05-14 11:20:00,588.13,588.42,587.9,588.22,39273.0
2025-05-14 11:25:00,588.24,588.51,588.15,588.51,58657.0
2025-05-14 11:30:00,588.52,588.8,588.35,588.38,61825.0
2025-05-14 11:35:00,588.38,588.62,588.35,588.49,29248.0
2025-05-14 11:40:00,588.42,588.44,588.19,588.22,28790.0
2025-05-14 11:45:00,588.28,588.28,588.07,588.27,29320.0
2025-05-14 11:50:00,588.24,588.3,588.07,588.08,10433.0
2025-05-14 11:55:00,588.07,588.11,587.83,588.11,32928.0
2025-05-14 12:00:00,587.74,588.7799,586.8096,587.97,75376.0
2025-05-14 12:05:00,588.0,588.35,587.95,588.04,38293.0
2025-05-14 12:10:00,588.06,588.35,588.06,588.2,16367.0
2025-05-14 12:15:00,588.25,588.46,588.21,588.41,25471.0
2025-05-14 12:20:00,588.36,588.63,588.3305,588.63,35253.0
2025-05-14 12:25:00,588.65,588.67,588.46,588.5099,43436.0
2025-05-14 12:30:00,588.53,588.88,588.47,588.529,54206.0
2025-05-14 12:35:00,588.46,588.46,588.19,588.34,54340.0
2025-05-14 12:40:00,588.27,588.3,587.87,588.0,62793.0
2025-05-14 12:45:00,588.0,588.07,587.86,587.93,23829.0
2025-05-14 12:50:00,587.87,588.13,587.87,587.98,19814.0
2025-05-14 12:55:00,588.02,588.2,587.95,588.0,14101.0
2025-05-14 13:00:00,587.97,588.02,587.63,587.82,39056.0
2025-05-14 13:05:00,587.83,587.91,587.62,587.79,25545.0
2025-05-14 13:10:00,587.84,588.26,587.84,588.15,59282.0
2025-05-14 13:15:00,588.14,588.35,588.13,588.2298,35232.0
2025-05-14 13:20:00,588.22,588.25,588.05,588.2,44341.0
2025-05-14 13:25:00,588.21,588.22,587.77,587.8101,72253.0
2025-05-14 13:30:00,587.81,588.8,587.81,588.79,1406994.0
2025-05-14 13:35:00,588.8,588.98,588.28,588.3,1205893.0
2025-05-14 13:40:00,588.31,588.43,587.66,587.7799,906576.0
2025-05-14 13:45:00,587.79,587.82,586.46,586.97,1178157.0
2025-05-14 13:50:00,586.98,587.45,586.51,586.98,1023232.0
2025-05-14 13:55:00,586.98,587.57,586.475,587.5308,851611.0
2025-05-14 14:00:00,587.54,587.63,586.99,587.38,880768.0
2025-05-14 14:05:00,587.375,587.8175,586.72,587.14,898163.0
2025-05-14 14:10:00,587.1333,587.47,586.39,587.2,855841.0
2025-05-14 14:15:00,587.19,587.31,586.69,587.02,707574.0
2025-05-14 14:20:00,587.02,587.55,586.7401,587.3,630928.0
2025-05-14 14:25:00,587.29,587.56,587.22,587.52,411292.0
2025-05-14 14:30:00,587.49,587.91,587.13,587.4078,732490.0
2025-05-14 14:35:00,587.39,587.58,587.18,587.31,449376.0
2025-05-14 14:40:00,587.28,587.53,586.9849,587.01,474171.0
2025-05-14 14:45:00,587.04,587.43,586.85,587.39,433600.0
2025-05-14 14:50:00,587.4,587.85,587.32,587.66,552257.0
2025-05-14 14:55:00,587.7,587.78,587.43,587.54,379853.0
2025-05-14 15:00:00,587.54,587.62,585.98,586.115,981522.0
2025-05-14 15:05:00,586.14,586.67,585.8,586.62,923573.0
2025-05-14 15:10:00,586.6192,587.2,586.48,587.0733,598387.0
2025-05-14 15:15:00,587.1,587.1136,586.8093,587.0,409043.0
2025-05-14 15:20:00,586.98,587.68,586.91,587.5651,729759.0
2025-05-14 15:25:00,587.57,588.1,587.46,587.86,561732.0
2025-05-14 15:30:00,587.8599,588.2,587.74,588.1,512168.0
2025-05-14 15:35:00,588.1,588.35,587.98,588.245,572319.0
2025-05-14 15:40:00,588.24,588.27,587.985,588.15,746045.0
2025-05-14 15:45:00,588.17,588.24,587.83,587.8799,442603.0
2025-05-14 15:50:00,587.87,588.165,587.705,587.9151,450862.0
2025-05-14 15:55:00,587.91,588.2,587.71,588.0002,286204.0
2025-05-14 16:00:00,588.0,588.31,587.86,588.2092,315124.0
2025-05-15 09:30:00,584.29,584.32,584.16,584.32,3236.0
2025-05-15 09:35:00,584.03,584.5,584.03,584.41,5361.0
2025-05-15 09:40:00,584.38,584.38,584.36,584.36,871.0
2025-05-15 09:45:00,584.55,584.55,584.55,584.55,2390.0
2025-05-15 09:50:00,584.64,584.7,584.59,584.63,2837.0
2025-05-15 09:55:00,584.79,584.82,584.79,584.8,2213.0
2025-05-15 10:00:00,584.63,584.63,584.45,584.45,1911.0
2025-05-15 10:05:00,584.36,584.52,584.36,584.46,2048.0
2025-05-15 10:10:00,584.43,584.53,584.26,584.3,2281.0
2025-05-15 10:15:00,584.49,584.49,584.49,584.49,992.0
2025-05-15 10:20:00,584.37,584.58,584.22,584.49,6802.0
2025-05-15 10:25:00,584.45,584.57,584.44,584.54,2447.0
2025-05-15 10:30:00,584.52,584.55,584.49,584.55,948.0
2025-05-15 10:35:00,584.5,584.57,584.45,584.45,8207.0
2025-05-15 10:40:00,584.46,584.56,584.35,584.53,7046.0
2025-05-15 10:45:00,584.36,584.45,584.35,584.44,9496.0
2025-05-15 10:50:00,584.46,584.57,584.31,584.57,6638.0
2025-05-15 10:55:00,584.48,584.75,584.48,584.56,12582.0
2025-05-15 11:00:00,584.57,584.96,584.48,584.89,19545.0
2025-05-15 11:05:00,584.82,584.95,584.8,584.8,5523.0
2025-05-15 11:10:00,584.85,584.95,584.8,584.95,21405.0
2025-05-15 11:15:00,585.0,585.0,584.72,584.8,37135.0
2025-05-15 11:20:00,584.8,585.0,584.8,584.99,13303.0
2025-05-15 11:25:00,584.96,585.39,584.9,585.35,25602.0
2025-05-15 11:30:00,585.4,585.56,585.27,585.35,15346.0
2025-05-15 11:35:00,585.34,585.44,585.29,585.29,5104.0
2025-05-15 11:40:00,585.27,585.339,585.23,585.23,4221.0
2025-05-15 11:45:00,585.23,585.23,585.0,585.19,14950.0
2025-05-15 11:50:00,585.1,585.1,584.94,585.04,5433.0
2025-05-15 11:55:00,585.05,585.2,585.01,585.08,14270.0
2025-05-15 12:00:00,584.56,586.48,584.0596,585.16,69037.0
2025-05-15 12:05:00,585.16,585.16,584.86,584.9,42711.0
2025-05-15 12:10:00,584.91,584.93,584.77,584.8,27587.0
2025-05-15 12:15:00,584.8,584.89,584.69,584.82,21216.0
2025-05-15 12:20:00,584.84,584.93,584.71,584.77,32070.0
2025-05-15 12:25:00,584.81,584.85,584.53,584.72,38402.0
2025-05-15 12:30:00,584.6,586.13,584.19,586.0705,303567.0
2025-05-15 12:35:00,586.06,586.0695,585.57,585.66,177195.0
2025-05-15 12:40:00,585.69,586.48,585.57,586.2,199060.0
2025-05-15 12:45:00,586.1802,586.21,585.25,585.25,164919.0
2025-05-15 12:50:00,585.28,585.5,584.98,585.31,136305.0
2025-05-15 12:55:00,585.31,585.48,585.22,585.38,67794.0
2025-05-15 13:00:00,585.39,585.66,585.21,585.57,66920.0
2025-05-15 13:05:00,585.54,586.03,585.51,585.91,106935.0
2025-05-15 13:10:00,585.9,585.96,585.69,585.69,50361.0
2025-05-15 13:15:00,585.71,585.82,585.53,585.6,64013.0
2025-05-15 13:20:00,585.59,585.63,585.33,585.35,93921.0
2025-05-15 13:25:00,585.36,585.7,585.31,585.58,112352.0
2025-05-15 13:30:00,585.56,586.4699,585.52,586.3707,1481339.0
2025-05-15 13:35:00,586.36,586.45,585.7,585.78,1116589.0
2025-05-15 13:40:00,585.78,586.31,585.5002,586.23,1160423.0
2025-05-15 13:45:00,586.23,586.27,585.0969,585.37,891060.0
2025-05-15 13:50:00,585.36,586.14,585.14,585.94,745123.0
2025-05-15 13:55:00,585.93,586.21,585.7,586.14,738473.0
2025-05-15 14:00:00,586.13,587.13,586.1,586.81,1162116.0
2025-05-15 14:05:00,586.81,586.82,586.23,586.24,699528.0
2025-05-15 14:10:00,586.23,586.31,585.55,586.23,765052.0
2025-05-15 14:15:00,586.24,586.56,585.68,586.5,750529.0
2025-05-15 14:20:00,586.49,586.69,586.24,586.551,578640.0
2025-05-15 14:25:00,586.55,586.65,585.8,585.89,546022.0
2025-05-15 14:30:00,585.87,585.98,585.46,585.62,639964.0
2025-05-15 14:35:00,585.59,585.9,585.31,585.75,799258.0
2025-05-15 14:40:00,585.74,586.25,585.72,585.995,650512.0
2025-05-15 14:45:00,585.95,586.33,585.8693,585.8693,494350.0
2025-05-15 14:50:00,585.86,586.36,585.635,586.33,452715.0
2025-05-15 14:55:00,586.32,586.64,586.29,586.64,616488.0
2025-05-15 15:00:00,586.64,587.3087,586.48,587.22,863004.0
2025-05-15 15:05:00,587.24,587.47,587.11,587.15,856647.0
2025-05-15 15:10:00,587.16,587.65,587.15,587.63,951771.0
2025-05-15 15:15:00,587.61,588.28,587.6,588.1354,1175660.0
2025-05-15 15:20:00,588.14,588.91,588.095,588.29,1999760.0
2025-05-15 15:25:00,588.3,588.5251,587.97,588.35,790504.0
2025-05-15 15:30:00,588.37,588.4,588.0649,588.31,389167.0
2025-05-15 15:35:00,588.32,588.58,588.1609,588.575,493988.0
2025-05-15 15:40:00,588.59,589.42,588.59,589.28,722272.0
2025-05-15 15:45:00,589.3,589.3799,588.95,589.02,810937.0
2025-05-15 15:50:00,589.0201,589.045,588.61,588.77,557339.0
2025-05-15 15:55:00,588.79,589.1,588.71,589.08,356038.0
2025-05-15 16:00:00,589.09,589.3,588.865,589.2215,1995505.0
2025-05-16 09:30:00,591.54,591.54,591.5,591.5,1097.0
2025-05-16 09:35:00,591.52,591.52,591.45,591.49,1683.0
2025-05-16 09:40:00,591.42,591.52,591.37,591.4,4052.0
2025-05-16 09:45:00,591.41,591.5,591.3,591.4,6611.0
2025-05-16 09:50:00,591.28,591.44,591.28,591.44,2384.0
2025-05-16 09:55:00,591.39,591.48,591.3,591.31,2713.0
2025-05-16 10:00:00,591.22,591.28,591.18,591.28,2358.0
2025-05-16 10:05:00,591.23,591.27,591.17,591.17,2964.0
2025-05-16 10:10:00,591.24,591.33,591.24,591.31,2332.0
2025-05-16 10:15:00,591.28,591.59,591.21,591.49,8575.0
2025-05-16 10:20:00,591.53,591.71,591.51,591.71,3767.0
2025-05-16 10:25:00,591.72,591.73,591.53,591.58,1876.0
2025-05-16 10:30:00,591.77,591.81,591.77,591.8,1558.0
2025-05-16 10:35:00,591.69,591.71,591.61,591.69,1894.0
2025-05-16 10:40:00,591.73,591.88,591.71,591.79,2575.0
2025-05-16 10:45:00,591.81,591.96,591.81,591.81,9887.0
2025-05-16 10:50:00,591.74,591.77,591.62,591.62,3908.0
2025-05-16 10:55:00,591.62,591.63,591.58,591.63,1568.0
2025-05-16 11:00:00,591.65,591.85,591.47,591.82,11942.0
2025-05-16 11:05:00,591.79,591.83,591.49,591.49,9613.0
2025-05-16 11:10:00,591.56,591.65,591.52,591.62,14812.0
2025-05-16 11:15:00,591.59,591.9,591.59,591.88,12051.0
2025-05-16 11:20:00,591.85,592.0,591.85,591.97,7051.0
2025-05-16 11:25:00,591.96,592.19,591.96,592.17,21268.0
2025-05-16 11:30:00,592.14,592.18,591.8,591.83,70843.0
2025-05-16 11:35:00,591.84,591.95,591.84,591.9,6306.0
2025-05-16 11:40:00,591.92,591.97,591.88,591.88,12582.0
2025-05-16 11:45:00,591.93,592.18,591.93,592.15,5958.0
2025-05-16 11:50:00,592.18,592.3,592.1,592.3,8973.0
2025-05-16 11:55:00,592.32,592.34,592.12,592.23,17266.0
2025-05-16 12:00:00,591.97,592.31,589.57,592.05,71416.0
2025-05-16 12:05:00,592.01,592.25,591.98,592.18,17803.0
2025-05-16 12:10:00,592.16,592.32,592.14,592.2801,18345.0
2025-05-16 12:15:00,592.25,592.47,592.24,592.41,31464.0
2025-05-16 12:20:00,592.41,592.5196,592.32,592.5,74836.0
2025-05-16 12:25:00,592.53,592.53,592.33,592.5094,44687.0
2025-05-16 12:30:00,592.49,592.57,592.02,592.08,41380.0
2025-05-16 12:35:00,592.07,592.11,591.73,591.76,39377.0
2025-05-16 12:40:00,591.71,591.91,589.42,591.67,45081.0
2025-05-16 12:45:00,591.69,591.76,591.57,591.72,38107.0
2025-05-16 12:50:00,591.71,591.77,591.39,591.42,30163.0
2025-05-16 12:55:00,591.4,591.53,591.2135,591.27,52763.0
2025-05-16 13:00:00,591.26,591.35,591.0,591.34,38926.0
2025-05-16 13:05:00,591.4,591.53,591.35,591.47,40630.0
2025-05-16 13:10:00,591.5,591.6,591.44,591.5,17049.0
2025-05-16 13:15:00,591.62,591.77,591.54,591.67,33610.0
2025-05-16 13:20:00,591.65,591.67,591.4,591.5,49157.0
2025-05-16 13:25:00,591.47,591.82,590.81,591.22,283163.0
2025-05-16 13:30:00,591.25,591.42,590.3,590.4499,1615927.0
2025-05-16 13:35:00,590.45,590.92,590.375,590.78,892267.0
2025-05-16 13:40:00,590.8,590.86,590.01,590.31,1027149.0
2025-05-16 13:45:00,590.34,590.87,590.3,590.8473,549340.0
2025-05-16 13:50:00,590.84,591.06,590.62,590.7951,951020.0
2025-05-16 13:55:00,590.79,591.4,590.72,591.36,813348.0
2025-05-16 14:00:00,591.31,591.34,590.2,591.11,1275326.0
2025-05-16 14:05:00,591.11,591.37,590.47,590.91,711365.0
2025-05-16 14:10:00,590.9,591.01,590.3599,590.74,515615.0
2025-05-16 14:15:00,590.74,591.47,590.58,591.4,1060049.0
2025-05-16 14:20:00,591.41,591.42,591.02,591.295,536813.0
2025-05-16 14:25:00,591.305,591.63,590.78,590.89,1037930.0
2025-05-16 14:30:00,590.89,590.91,590.33,590.513,1079527.0
2025-05-16 14:35:00,590.52,590.55,590.18,590.33,1048818.0
2025-05-16 14:40:00,590.3331,590.385,589.28,589.437,1105188.0
2025-05-16 14:45:00,589.43,590.26,589.31,590.21,967979.0
2025-05-16 14:50:00,590.21,590.58,590.1899,590.55,485684.0
2025-05-16 14:55:00,590.59,590.8,590.27,590.46,716758.0
2025-05-16 15:00:00,590.46,590.82,590.46,590.51,3850033.0
2025-05-16 15:05:00,590.515,590.91,590.39,590.52,467605.0
2025-05-16 15:10:00,590.52,591.08,590.49,590.87,450633.0
2025-05-16 15:15:00,590.87,591.05,590.61,590.83,426830.0
2025-05-16 15:20:00,590.86,590.92,590.385,590.6,348955.0
2025-05-16 15:25:00,590.6,590.94,590.56,590.9,537674.0
2025-05-16 15:30:00,590.89,591.45,590.88,591.295,717572.0
2025-05-16 15:35:00,591.3,591.45,591.08,591.22,679343.0
2025-05-16 15:40:00,591.23,591.62,591.2,591.46,469418.0
2025-05-16 15:45:00,591.49,591.56,591.15,591.2359,394185.0
2025-05-16 15:50:00,591.24,591.47,590.92,591.35,401077.0
2025-05-16 15:55:00,591.35,591.365,590.975,591.045,274534.0
2025-05-16 16:00:00,591.04,591.6,590.92,591.5,717511.0
2025-05-19 09:30:00,587.48,587.62,587.41,587.44,9320.0
2025-05-19 09:35:00,587.49,587.67,587.34,587.34,5948.0
2025-05-19 09:40:00,587.4,587.61,587.32,587.58,4432.0
2025-05-19 09:45:00,587.09,587.15,587.09,587.13,2321.0
2025-05-19 09:50:00,587.1,587.11,587.03,587.08,13309.0
2025-05-19 09:55:00,587.08,587.38,587.08,587.38,37044.0
2025-05-19 10:00:00,587.36,587.36,586.88,586.88,10550.0
2025-05-19 10:05:00,586.84,586.87,586.63,586.68,8569.0
2025-05-19 10:10:00,586.69,586.82,586.51,586.73,2723.0
2025-05-19 10:15:00,586.81,586.92,586.77,586.86,8289.0
2025-05-19 10:20:00,586.95,587.14,586.93,586.93,4440.0
2025-05-19 10:25:00,586.97,587.46,586.97,587.23,21299.0
2025-05-19 10:30:00,587.18,587.29,586.96,587.29,8337.0
2025-05-19 10:35:00,587.3,587.64,587.3,587.58,9655.0
2025-05-19 10:40:00,587.61,587.92,587.61,587.89,13609.0
2025-05-19 10:45:00,587.89,588.1,587.77,588.07,18628.0
2025-05-19 10:50:00,588.21,588.21,587.96,587.96,8099.0
2025-05-19 10:55:00,587.95,587.95,587.79,587.84,5933.0
2025-05-19 11:00:00,587.87,588.19,587.85,588.12,45828.0
2025-05-19 11:05:00,588.11,588.33,587.99,587.99,45985.0
2025-05-19 11:10:00,588.03,588.03,587.84,587.84,15053.0
2025-05-19 11:15:00,587.825,588.04,587.68,588.0,31871.0
2025-05-19 11:20:00,588.07,588.27,588.0,588.03,56199.0
2025-05-19 11:25:00,588.03,588.25,587.84,587.84,30168.0
2025-05-19 11:30:00,587.85,587.85,587.61,587.64,19020.0
2025-05-19 11:35:00,587.65,587.67,587.54,587.59,12179.0
2025-05-19 11:40:00,587.57,588.0,587.5,587.84,28482.0
2025-05-19 11:45:00,587.8,588.41,587.8,588.4,64831.0
2025-05-19 11:50:00,588.4,588.61,588.3,588.49,50771.0
2025-05-19 11:55:00,588.55,588.69,588.46,588.58,26277.0
2025-05-19 12:00:00,588.08,589.1,586.6004,588.64,130871.0
2025-05-19 12:05:00,587.156999,588.63,587.156999,588.33,31338.0
2025-05-19 12:10:00,588.31,588.57,588.11,588.35,27441.0
2025-05-19 12:15:00,588.33,588.33,588.01,588.0392,25723.0
2025-05-19 12:20:00,588.04,588.1,587.87,587.93,37683.0
2025-05-19 12:25:00,587.88,587.98,587.84,587.87,17608.0
2025-05-19 12:30:00,587.88,588.14,587.74,587.78,53931.0
2025-05-19 12:35:00,587.92,588.2,587.9,588.2,50061.0
2025-05-19 12:40:00,588.28,588.51,588.25,588.46,48686.0
2025-05-19 12:45:00,588.45,588.6,588.31,588.52,61516.0
2025-05-19 12:50:00,588.47,588.71,588.43,588.66,81118.0
2025-05-19 12:55:00,588.71,588.74,588.58,588.67,57071.0
2025-05-19 13:00:00,588.64,588.77,588.35,588.4201,37174.0
2025-05-19 13:05:00,588.42,588.5,588.2,588.24,62428.0
2025-05-19 13:10:00,588.28,588.6,587.34,587.53,491954.0
2025-05-19 13:15:00,587.57,587.9498,587.1,587.92,238252.0
2025-05-19 13:20:00,587.99,588.1,587.69,587.801,67194.0
2025-05-19 13:25:00,587.8,588.12,587.61,588.12,159671.0
2025-05-19 13:30:00,588.1,589.55,588.1,589.21,2455333.0
2025-05-19 13:35:00,589.21,589.98,588.8993,589.93,1508800.0
2025-05-19 13:40:00,589.93,590.5099,589.81,590.48,1286444.0
2025-05-19 13:45:00,590.48,591.3,590.18,591.04,1204479.0
2025-05-19 13:50:00,591.02,591.23,590.7,591.08,732381.0
2025-05-19 13:55:00,591.08,591.41,590.96,591.24,718566.0
2025-05-19 14:00:00,591.24,592.3,591.05,592.0,1362347.0
2025-05-19 14:05:00,592.0101,593.1,591.8393,592.7701,1540470.0
2025-05-19 14:10:00,592.79,592.85,592.215,592.4,925281.0
2025-05-19 14:15:00,592.4,593.3,592.4,593.03,1088528.0
2025-05-19 14:20:00,593.03,593.17,592.53,592.7,981006.0
2025-05-19 14:25:00,592.7,592.7,591.52,592.25,910934.0
2025-05-19 14:30:00,592.26,592.57,591.77,592.4999,540775.0
2025-05-19 14:35:00,592.47,592.81,592.33,592.54,1105517.0
2025-05-19 14:40:00,592.55,592.91,592.3,592.53,818224.0
2025-05-19 14:45:00,592.56,592.78,591.73,591.9,487467.0
2025-05-19 14:50:00,591.88,592.54,591.61,592.18,556457.0
2025-05-19 14:55:00,592.185,592.25,591.875,592.015,647890.0
2025-05-19 15:00:00,592.02,592.65,591.95,592.61,566928.0
2025-05-19 15:05:00,592.62,592.69,592.03,592.5292,332483.0
2025-05-19 15:10:00,592.5363,592.77,592.36,592.51,396286.0
2025-05-19 15:15:00,592.483,592.87,592.465,592.7,276798.0
2025-05-19 15:20:00,592.7,592.81,592.43,592.531,298204.0
2025-05-19 15:25:00,592.53,592.57,592.2,592.3565,334986.0
2025-05-19 15:30:00,592.35,592.83,592.24,592.5601,333143.0
2025-05-19 15:35:00,592.6,593.2788,592.5202,593.18,331488.0
2025-05-19 15:40:00,593.1801,593.77,593.1801,593.3003,697779.0
2025-05-19 15:45:00,593.31,593.56,592.78,592.86,473503.0
2025-05-19 15:50:00,592.86,593.08,592.63,592.93,955671.0
2025-05-19 15:55:00,588.51,593.19,588.51,593.1,337528.0
2025-05-19 16:00:00,593.1057,593.37,592.93,593.34,263787.0
2025-05-20 09:30:00,592.92,593.04,592.92,593.0,543.0
2025-05-20 09:35:00,593.09,593.14,593.05,593.08,1908.0
2025-05-20 09:40:00,593.08,593.11,593.08,593.08,1037.0
2025-05-20 09:45:00,593.01,593.01,592.9,592.91,4709.0
2025-05-20 09:55:00,592.92,592.92,592.92,592.92,269.0
2025-05-20 10:00:00,593.09,593.31,592.87,593.25,19075.0
2025-05-20 10:05:00,593.31,593.53,593.23,593.53,1137.0
2025-05-20 10:10:00,593.48,593.52,593.46,593.49,2420.0
2025-05-20 10:15:00,593.58,593.81,593.58,593.8,8446.0
2025-05-20 10:20:00,593.85,593.85,593.69,593.69,2147.0
2025-05-20 10:25:00,593.65,593.65,593.53,593.56,1354.0
2025-05-20 10:30:00,593.59,593.66,593.49,593.49,4073.0
2025-05-20 10:35:00,593.47,593.49,593.33,593.33,587.0
2025-05-20 10:40:00,593.42,593.51,593.41,593.51,1380.0
2025-05-20 10:45:00,593.54,593.59,593.51,593.59,4631.0
2025-05-20 10:50:00,593.61,593.67,593.54,593.61,3558.0
2025-05-20 10:55:00,593.63,594.05,593.62,594.05,7573.0
2025-05-20 11:00:00,594.01,594.139,593.939,594.09,15851.0
2025-05-20 11:05:00,594.15,594.17,594.07,594.17,3293.0
2025-05-20 11:10:00,594.17,594.22,594.0,594.06,9897.0
2025-05-20 11:15:00,594.06,594.2,594.06,594.12,4992.0
2025-05-20 11:20:00,594.09,594.24,594.09,594.23,4249.0
2025-05-20 11:25:00,594.24,594.27,594.2,594.25,9661.0
2025-05-20 11:30:00,594.3,594.38,594.19,594.2,18323.0
2025-05-20 11:35:00,594.18,594.29,594.09,594.2,29976.0
2025-05-20 11:40:00,594.16,594.16,594.09,594.15,8132.0
2025-05-20 11:45:00,594.04,594.25,594.0,594.21,22059.0
2025-05-20 11:50:00,594.13,594.2,594.01,594.01,14145.0
2025-05-20 11:55:00,594.01,594.06,593.96,593.96,4457.0
2025-05-20 12:00:00,593.94,594.3692,592.55,593.88,56342.0
2025-05-20 12:05:00,594.04,594.25,593.97,593.97,7426.0
2025-05-20 12:10:00,594.0,594.14,593.95,594.01,7662.0
2025-05-20 12:15:00,594.12,594.21,594.06,594.15,17621.0
2025-05-20 12:20:00,594.12,594.13,593.86,593.9,16987.0
2025-05-20 12:25:00,593.9,593.92,593.8,593.86,20048.0
2025-05-20 12:30:00,593.85,593.88,593.66,593.7,17800.0
2025-05-20 12:35:00,593.69,593.69,593.17,593.3517,57751.0
2025-05-20 12:40:00,593.38,593.55,593.36,593.45,27728.0
2025-05-20 12:45:00,593.41,593.7,593.31,593.65,26295.0
2025-05-20 12:50:00,593.6199,593.6199,593.3501,593.51,14485.0
2025-05-20 12:55:00,593.47,593.5699,593.4101,593.51,10279.0
2025-05-20 13:00:00,593.51,593.93,593.4606,593.86,23510.0
2025-05-20 13:05:00,593.8893,593.91,593.76,593.84,16805.0
2025-05-20 13:10:00,593.93,593.93,593.67,593.83,21099.0
2025-05-20 13:15:00,593.71,593.95,593.67,593.86,28018.0
2025-05-20 13:20:00,593.83,594.0,593.51,593.52,29061.0
2025-05-20 13:25:00,593.47,593.74,593.04,593.1,119779.0
2025-05-20 13:30:00,593.09,593.6,592.92,593.33,1249807.0
2025-05-20 13:35:00,593.33,593.4599,592.82,593.45,863445.0
2025-05-20 13:40:00,593.44,593.63,592.76,593.0,750334.0
2025-05-20 13:45:00,593.02,593.2,592.07,592.37,1009669.0
2025-05-20 13:50:00,592.4,593.54,592.04,593.23,928441.0
2025-05-20 13:55:00,593.225,593.38,592.57,592.84,602464.0
2025-05-20 14:00:00,592.85,593.18,592.55,593.11,652545.0
2025-05-20 14:05:00,593.11,593.36,592.48,592.48,604790.0
2025-05-20 14:10:00,592.46,592.9,592.355,592.82,635431.0
2025-05-20 14:15:00,592.82,593.16,592.6,592.98,512397.0
2025-05-20 14:20:00,592.98,593.46,592.8583,592.89,533128.0
2025-05-20 14:25:00,592.895,593.33,592.53,592.9,564781.0
2025-05-20 14:30:00,592.88,593.1399,592.62,593.02,446864.0
2025-05-20 14:35:00,593.01,593.75,592.89,593.7382,563645.0
2025-05-20 14:40:00,593.74,593.955,593.63,593.935,536050.0
2025-05-20 14:45:00,593.94,594.05,593.73,593.915,564128.0
2025-05-20 14:50:00,593.9,593.91,593.56,593.7,316858.0
2025-05-20 14:55:00,593.7,593.8,592.8725,592.97,538396.0
2025-05-20 15:00:00,592.97,593.2,592.49,592.9975,629940.0
2025-05-20 15:05:00,593.02,593.15,592.76,593.0501,423219.0
2025-05-20 15:10:00,593.0399,593.41,592.96,593.29,380849.0
2025-05-20 15:15:00,593.3123,593.64,593.23,593.49,268759.0
2025-05-20 15:20:00,593.495,593.6101,593.14,593.14,239439.0
2025-05-20 15:25:00,593.1,593.48,593.01,593.44,403019.0
2025-05-20 15:30:00,593.44,593.54,593.045,593.235,422253.0
2025-05-20 15:35:00,593.23,593.28,592.98,593.12,390585.0
2025-05-20 15:40:00,593.1398,593.155,592.56,592.67,334904.0
2025-05-20 15:45:00,592.66,593.08,592.47,592.96,374253.0
2025-05-20 15:50:00,592.99,593.06,592.76,592.84,214020.0
2025-05-20 15:55:00,592.85,593.42,592.85,593.2098,516654.0
2025-05-20 16:00:00,593.1901,593.345,592.93,593.03,306000.0
2025-05-21 09:30:00,589.28,589.28,588.88,589.2,7514.0
2025-05-21 09:35:00,589.12,589.32,589.12,589.32,1152.0
2025-05-21 09:40:00,589.24,589.28,588.5,588.53,9842.0
2025-05-21 09:45:00,588.54,588.69,588.37,588.69,11216.0
2025-05-21 09:50:00,588.72,588.72,588.6,588.6,1376.0
2025-05-21 09:55:00,588.66,588.66,588.5,588.55,1836.0
2025-05-21 10:00:00,588.58,588.58,588.09,588.35,24243.0
2025-05-21 10:05:00,588.3,588.34,588.1,588.3,4359.0
2025-05-21 10:10:00,588.33,588.39,588.14,588.39,5734.0
2025-05-21 10:15:00,588.3,588.49,588.21,588.24,5129.0
2025-05-21 10:20:00,588.17,588.18,587.67,587.7,15616.0
2025-05-21 10:25:00,587.63,587.96,587.6,587.96,27682.0
2025-05-21 10:30:00,588.0,588.34,587.99,588.33,24824.0
2025-05-21 10:35:00,588.35,588.52,588.2,588.47,18013.0
2025-05-21 10:40:00,588.45,588.6,588.39,588.6,5056.0
2025-05-21 10:45:00,588.57,588.65,588.56,588.64,9827.0
2025-05-21 10:50:00,588.7,588.96,588.69,588.73,22143.0
2025-05-21 10:55:00,588.8,589.02,588.8,589.02,22340.0
2025-05-21 11:00:00,589.05,589.12,589.0,589.01,17465.0
2025-05-21 11:05:00,589.03,589.3,589.0,589.29,23025.0
2025-05-21 11:10:00,589.22,589.29,589.11,589.18,27865.0
2025-05-21 11:15:00,589.17,589.51,589.15,589.46,7810.0
2025-05-21 11:20:00,589.5,589.87,589.5,589.75,14144.0
2025-05-21 11:25:00,589.73,590.0,589.71,589.88,12340.0
2025-05-21 11:30:00,589.83,589.91,589.6,589.63,39522.0
2025-05-21 11:35:00,589.73,589.79,589.73,589.75,7695.0
2025-05-21 11:40:00,589.88,590.29,589.84,590.21,13763.0
2025-05-21 11:45:00,590.25,590.27,589.83,589.99,9667.0
2025-05-21 11:50:00,590.04,590.23,590.04,590.19,14089.0
2025-05-21 11:55:00,590.17,590.44,590.14,590.159,12578.0
2025-05-21 12:00:00,589.08,591.25,587.7896,589.5799,96716.0
2025-05-21 12:05:00,589.63,589.63,589.16,589.21,46901.0
2025-05-21 12:10:00,589.23,589.39,589.15,589.34,25275.0
2025-05-21 12:15:00,589.26,589.49,589.26,589.42,20148.0
2025-05-21 12:20:00,589.55,589.9,589.51,589.85,23066.0
2025-05-21 12:25:00,589.8022,590.05,589.73,589.79,72525.0
2025-05-21 12:30:00,589.75,589.75,589.02,589.1,40945.0
2025-05-21 12:35:00,589.07,589.27,588.93,589.0,30216.0
2025-05-21 12:40:00,588.99,589.03,588.74,588.93,45590.0
2025-05-21 12:45:00,588.95,589.07,588.8501,588.98,18265.0
2025-05-21 12:50:00,588.98,589.08,588.9,589.08,9552.0
2025-05-21 12:55:00,589.08,589.38,589.08,589.33,27132.0
2025-05-21 13:00:00,589.4,589.44,588.99,589.179,17875.0
2025-05-21 13:05:00,589.15,589.16,588.85,588.97,28562.0
2025-05-21 13:10:00,588.94,588.99,588.48,588.5392,65244.0
2025-05-21 13:15:00,588.53,588.68,588.23,588.31,57390.0
2025-05-21 13:20:00,588.33,588.33,588.05,588.1,42000.0
2025-05-21 13:25:00,588.09,588.46,587.94,588.45,105964.0
2025-05-21 13:30:00,588.44,589.6987,588.42,589.29,1886351.0
2025-05-21 13:35:00,589.29,589.58,588.99,589.58,1106794.0
2025-05-21 13:40:00,589.56,589.97,589.17,589.78,1056769.0
2025-05-21 13:45:00,589.79,590.17,589.68,590.15,928538.0
2025-05-21 13:50:00,590.14,590.5102,589.94,590.19,1089772.0
2025-05-21 13:55:00,590.18,590.4701,589.75,589.84,1056086.0
2025-05-21 14:00:00,589.84,591.43,589.79,590.51,1729815.0
2025-05-21 14:05:00,590.53,590.95,590.29,590.56,1143942.0
2025-05-21 14:10:00,590.58,590.62,589.81,589.99,795267.0
2025-05-21 14:15:00,589.99,590.29,589.9251,590.07,470601.0
2025-05-21 14:20:00,590.06,590.55,590.04,590.2,667951.0
2025-05-21 14:25:00,590.17,590.28,589.585,589.62,773532.0
2025-05-21 14:30:00,589.63,590.05,589.1799,589.2891,747083.0
2025-05-21 14:35:00,589.29,589.87,589.17,589.85,706753.0
2025-05-21 14:40:00,589.85,590.13,589.28,589.33,533776.0
2025-05-21 14:45:00,589.32,589.52,588.87,589.51,654435.0
2025-05-21 14:50:00,589.51,589.94,589.46,589.63,370337.0
2025-05-21 14:55:00,589.64,590.7,589.64,590.65,602060.0
2025-05-21 15:00:00,590.66,590.97,590.37,590.755,644008.0
2025-05-21 15:05:00,590.76,591.845,590.57,591.695,1432045.0
2025-05-21 15:10:00,591.71,592.06,591.41,591.985,1118938.0
2025-05-21 15:15:00,591.995,592.14,591.605,591.75,649816.0
2025-05-21 15:20:00,591.76,592.23,591.48,592.22,615045.0
2025-05-21 15:25:00,592.22,592.24,591.735,591.79,531195.0
2025-05-21 15:30:00,591.77,591.87,591.54,591.71,501888.0
2025-05-21 15:35:00,591.72,591.75,591.25,591.67,569221.0
2025-05-21 15:40:00,591.66,591.91,591.4,591.805,484052.0
2025-05-21 15:45:00,591.815,591.88,591.435,591.64,441639.0
2025-05-21 15:50:00,591.62,592.19,591.475,592.11,377611.0
2025-05-21 15:55:00,592.12,592.1702,591.66,591.74,428972.0
2025-05-21 16:00:00,591.73,591.99,591.56,591.775,366759.0
2025-05-22 09:30:00,584.05,584.05,584.03,584.03,928.0
2025-05-22 09:35:00,584.0,584.28,584.0,584.21,3431.0
2025-05-22 09:40:00,584.18,584.2,583.76,583.81,3905.0
2025-05-22 09:45:00,583.77,583.79,583.59,583.59,2854.0
2025-05-22 09:55:00,583.77,583.95,583.77,583.95,753.0
2025-05-22 10:00:00,583.81,583.82,583.63,583.63,1350.0
2025-05-22 10:05:00,583.6,583.6,583.33,583.33,3096.0
2025-05-22 10:10:00,583.39,583.94,583.39,583.93,5936.0
2025-05-22 10:15:00,583.93,584.15,583.93,584.14,9486.0
2025-05-22 10:20:00,584.05,584.05,583.96,583.98,2341.0
2025-05-22 10:25:00,583.99,584.17,583.84,584.14,5487.0
2025-05-22 10:30:00,584.08,584.1,583.82,583.94,4888.0
2025-05-22 10:35:00,583.92,583.96,583.88,583.96,3644.0
2025-05-22 10:40:00,583.95,584.03,583.84,583.91,4615.0
2025-05-22 10:45:00,583.95,583.97,583.88,583.88,671.0
2025-05-22 10:50:00,583.91,583.95,583.82,583.95,2678.0
2025-05-22 10:55:00,583.96,583.96,583.5,583.62,17676.0
2025-05-22 11:00:00,583.62,584.27,583.59,584.23,31005.0
2025-05-22 11:05:00,584.14,584.64,584.14,584.55,26539.0
2025-05-22 11:10:00,584.54,584.54,583.45,583.51,39969.0
2025-05-22 11:15:00,583.495,583.9,583.4,583.9,13052.0
2025-05-22 11:20:00,583.87,584.1,583.7,583.75,24708.0
2025-05-22 11:25:00,583.64,583.64,583.17,583.17,20251.0
2025-05-22 11:30:00,583.09,583.43,583.05,583.12,25607.0
2025-05-22 11:35:00,583.17,583.18,582.85,582.85,21908.0
2025-05-22 11:40:00,582.85,583.16,582.82,583.01,24214.0
2025-05-22 11:45:00,582.9,583.03,582.4,582.53,43047.0
2025-05-22 11:50:00,582.53,582.55,582.0,582.0,38590.0
2025-05-22 11:55:00,582.07,582.23,580.98,581.02,96103.0
2025-05-22 12:00:00,581.02,584.6488,580.8,581.21,176232.0
2025-05-22 12:05:00,581.31,581.71,581.3,581.66,63940.0
2025-05-22 12:10:00,581.62,591.9255,580.7,580.7,113219.0
2025-05-22 12:15:00,580.69,580.8393,580.08,580.68,117084.0
2025-05-22 12:20:00,580.71,580.83,580.16,580.2,73778.0
2025-05-22 12:25:00,580.19,580.55,580.05,580.09,65760.0
2025-05-22 12:30:00,580.01,580.88,580.0,580.8,101239.0
2025-05-22 12:35:00,580.8,581.63,580.72,581.56,90301.0
2025-05-22 12:40:00,581.5688,581.91,581.42,581.6999,121759.0
2025-05-22 12:45:00,581.6,582.439,581.59,582.439,58164.0
2025-05-22 12:50:00,582.4012,582.77,582.26,582.72,84759.0
2025-05-22 12:55:00,582.71,583.17,582.58,583.1,73107.0
2025-05-22 13:00:00,583.13,583.73,583.12,583.43,138657.0
2025-05-22 13:05:00,583.4,583.75,583.21,583.35,58714.0
2025-05-22 13:10:00,583.26,583.53,583.26,583.32,43671.0
2025-05-22 13:15:00,583.32,583.32,582.57,582.57,89408.0
2025-05-22 13:20:00,582.59,583.05,582.46,582.8193,46759.0
2025-05-22 13:25:00,582.76,583.09,582.6,582.64,57962.0
2025-05-22 13:30:00,582.66,583.52,581.67,581.74,1812973.0
2025-05-22 13:35:00,581.74,582.6,581.405,582.31,1227426.0
2025-05-22 13:40:00,582.29,583.22,582.095,582.49,1005342.0
2025-05-22 13:45:00,582.69,583.1,582.08,582.48,1135933.0
2025-05-22 13:50:00,582.51,584.03,582.14,583.52,1472122.0
2025-05-22 13:55:00,583.54,584.35,583.29,584.18,1091839.0
2025-05-22 14:00:00,584.19,584.87,584.12,584.64,1144629.0
2025-05-22 14:05:00,584.6651,585.17,584.315,584.89,1043392.0
2025-05-22 14:10:00,584.87,584.88,583.68,583.8307,757198.0
2025-05-22 14:15:00,583.83,584.17,583.59,583.89,521779.0
2025-05-22 14:20:00,583.87,583.88,582.8,582.82,1154613.0
2025-05-22 14:25:00,582.81,583.345,582.51,582.84,769889.0
2025-05-22 14:30:00,582.84,583.36,582.63,582.91,878462.0
2025-05-22 14:35:00,582.91,583.13,582.1,582.35,889759.0
2025-05-22 14:40:00,582.3599,583.18,582.1599,582.3,750954.0
2025-05-22 14:45:00,582.28,583.11,582.25,582.58,572397.0
2025-05-22 14:50:00,582.59,582.91,582.135,582.2,542496.0
2025-05-22 14:55:00,582.19,583.11,581.51,582.9,1236625.0
2025-05-22 15:00:00,582.92,583.47,582.8,583.265,999331.0
2025-05-22 15:05:00,583.27,583.7,582.8213,583.46,693642.0
2025-05-22 15:10:00,583.44,583.6,582.92,582.93,419180.0
2025-05-22 15:15:00,582.915,583.04,582.3499,582.98,609174.0
2025-05-22 15:20:00,582.99,583.74,582.81,583.6,564232.0
2025-05-22 15:25:00,583.61,583.84,582.55,582.55,721392.0
2025-05-22 15:30:00,582.54,583.35,582.42,583.28,829677.0
2025-05-22 15:35:00,583.27,584.08,583.13,583.67,684609.0
2025-05-22 15:40:00,583.67,584.19,583.55,583.95,552750.0
2025-05-22 15:45:00,583.95,584.37,583.62,583.74,584913.0
2025-05-22 15:50:00,583.75,584.09,583.61,584.08,465805.0
2025-05-22 15:55:00,584.09,584.26,583.83,584.25,456057.0
2025-05-22 16:00:00,584.25,584.56,584.07,584.375,607024.0
2025-05-23 09:30:00,581.99,582.49,581.99,582.49,4060.0
2025-05-23 09:35:00,582.54,582.82,582.54,582.82,1735.0
2025-05-23 09:40:00,582.76,582.85,582.74,582.76,716.0
2025-05-23 09:45:00,582.8,582.89,582.54,582.54,5262.0
2025-05-23 09:50:00,582.89,583.29,582.89,583.25,4542.0
2025-05-23 09:55:00,583.35,583.5,583.35,583.5,1054.0
2025-05-23 10:00:00,583.29,583.49,583.25,583.25,2504.0
2025-05-23 10:05:00,583.22,583.22,583.22,583.22,275.0
2025-05-23 10:10:00,583.12,583.16,582.93,582.94,2090.0
2025-05-23 10:15:00,582.86,582.86,582.69,582.69,1727.0
2025-05-23 10:20:00,582.91,582.91,582.91,582.91,299.0
2025-05-23 10:25:00,583.09,583.09,582.89,582.89,1420.0
2025-05-23 10:30:00,582.85,582.86,582.81,582.83,1186.0
2025-05-23 10:35:00,582.79,582.81,582.5,582.5,3370.0
2025-05-23 10:40:00,582.48,582.87,582.48,582.85,2039.0
2025-05-23 10:45:00,582.93,583.05,582.75,583.05,2650.0
2025-05-23 10:50:00,583.05,583.05,582.77,582.77,10061.0
2025-05-23 10:55:00,582.76,583.18,582.76,583.14,4112.0
2025-05-23 11:00:00,583.16,583.28,582.99,582.99,10707.0
2025-05-23 11:05:00,582.96,583.1,582.82,583.05,9745.0
2025-05-23 11:10:00,583.1,583.15,583.03,583.15,5067.0
2025-05-23 11:15:00,583.14,583.4,581.83,581.89,28215.0
2025-05-23 11:20:00,581.79,581.79,580.89,581.13,95327.0
2025-05-23 11:25:00,581.11,581.53,581.05,581.37,47419.0
2025-05-23 11:30:00,581.35,581.88,581.25,581.655,66557.0
2025-05-23 11:35:00,581.71,581.81,581.05,581.79,40493.0
2025-05-23 11:40:00,581.71,581.83,576.26,577.44,572432.0
2025-05-23 11:45:00,577.46,577.72,575.0,575.78,707182.0
2025-05-23 11:50:00,575.62,576.92,575.39,576.88,350196.0
2025-05-23 11:55:00,576.95,577.04,574.33,575.09,278138.0
2025-05-23 12:00:00,575.13,584.4,573.78,574.22,576600.0
2025-05-23 12:05:00,574.12,575.1,573.63,574.6899,263705.0
2025-05-23 12:10:00,574.5108,574.98,573.26,574.23,155779.0
2025-05-23 12:15:00,574.23,575.26,574.14,574.3115,210498.0
2025-05-23 12:20:00,574.36,574.36,573.5,573.96,175779.0
2025-05-23 12:25:00,573.93,575.75,573.87,575.59,300059.0
2025-05-23 12:30:00,575.51,576.0,575.07,575.4499,232035.0
2025-05-23 12:35:00,575.36,576.0,575.19,575.32,143459.0
2025-05-23 12:40:00,575.33,575.6,574.95,575.5001,181758.0
2025-05-23 12:45:00,575.5,575.8,574.86,575.58,133738.0
2025-05-23 12:50:00,575.57,575.59,574.85,575.11,72358.0
2025-05-23 12:55:00,575.13,575.13,574.58,575.04,76589.0
2025-05-23 13:00:00,575.05,575.09,574.22,574.44,135179.0
2025-05-23 13:05:00,574.35,575.12,574.25,575.07,73760.0
2025-05-23 13:10:00,575.07,575.15,574.33,574.47,180446.0
2025-05-23 13:15:00,574.39,575.0,573.94,574.73,128501.0
2025-05-23 13:20:00,574.64,574.9,574.05,574.61,147100.0
2025-05-23 13:25:00,574.63,576.03,574.6,575.98,386155.0
2025-05-23 13:30:00,575.98,577.57,575.6,577.26,3178058.0
2025-05-23 13:35:00,577.25,578.16,577.07,577.16,2340847.0
2025-05-23 13:40:00,577.15,577.58,576.4,577.1692,2028223.0
2025-05-23 13:45:00,577.17,577.26,576.07,576.505,1309982.0
2025-05-23 13:50:00,576.49,577.45,576.21,576.65,1896390.0
2025-05-23 13:55:00,576.65,577.08,576.39,576.77,928393.0
2025-05-23 14:00:00,576.84,578.11,576.69,577.83,1722794.0
2025-05-23 14:05:00,577.84,578.24,577.48,577.55,1251098.0
2025-05-23 14:10:00,577.54,578.87,577.24,578.29,1164589.0
2025-05-23 14:15:00,578.27,578.54,577.36,577.38,904741.0
2025-05-23 14:20:00,577.37,578.32,576.92,578.27,968408.0
2025-05-23 14:25:00,578.295,578.6,577.43,577.72,914167.0
2025-05-23 14:30:00,577.71,578.64,577.57,578.57,536683.0
2025-05-23 14:35:00,578.6,578.68,578.0201,578.32,794294.0
2025-05-23 14:40:00,578.33,578.73,577.96,578.44,560032.0
2025-05-23 14:45:00,578.46,578.9499,578.21,578.45,553890.0
2025-05-23 14:50:00,578.43,578.51,577.29,577.315,633779.0
2025-05-23 14:55:00,577.33,577.57,577.01,577.12,706321.0
2025-05-23 15:00:00,577.13,578.04,577.03,577.62,787959.0
2025-05-23 15:05:00,577.62,577.69,576.8094,577.59,946525.0
2025-05-23 15:10:00,577.58,577.8,576.95,577.44,549236.0
2025-05-23 15:15:00,577.43,578.005,576.86,577.67,540531.0
2025-05-23 15:20:00,577.69,578.46,577.62,578.38,431243.0
2025-05-23 15:25:00,578.36,578.5399,578.1201,578.48,633179.0
2025-05-23 15:30:00,578.49,579.18,578.34,579.17,803523.0
2025-05-23 15:35:00,579.16,579.73,578.73,578.95,999766.0
2025-05-23 15:40:00,578.96,579.31,578.83,579.1,463629.0
2025-05-23 15:45:00,579.13,579.25,578.65,579.03,491891.0
2025-05-23 15:50:00,579.03,579.13,578.08,578.399,516789.0
2025-05-23 15:55:00,578.4,578.5,577.98,578.03,426235.0
2025-05-23 16:00:00,578.04,578.86,577.79,577.83,835305.0
2025-05-27 09:30:00,587.56,588.0,587.5,587.98,8982.0
2025-05-27 09:35:00,587.96,588.2,587.96,588.16,4181.0
2025-05-27 09:40:00,588.11,588.28,587.95,588.08,8376.0
2025-05-27 09:45:00,588.31,588.34,588.15,588.15,2051.0
2025-05-27 09:50:00,588.04,588.04,588.0,588.03,2450.0
2025-05-27 09:55:00,587.98,588.0,587.88,588.0,10296.0
2025-05-27 10:00:00,588.02,588.03,587.79,587.79,2029.0
2025-05-27 10:05:00,587.79,587.9,587.79,587.85,4934.0
2025-05-27 10:10:00,587.76,587.82,587.73,587.82,2342.0
2025-05-27 10:15:00,588.01,588.14,588.01,588.01,3711.0
2025-05-27 10:20:00,588.05,588.15,588.02,588.02,5206.0
2025-05-27 10:25:00,588.05,588.24,588.05,588.18,3309.0
2025-05-27 10:30:00,588.24,588.38,587.86,588.25,29004.0
2025-05-27 10:35:00,588.3,588.31,588.0,588.21,14070.0
2025-05-27 10:40:00,588.2,588.22,587.91,588.22,36612.0
2025-05-27 10:45:00,588.11,588.13,587.7,587.73,13553.0
2025-05-27 10:50:00,587.71,587.76,587.66,587.76,12800.0
2025-05-27 10:55:00,587.67,587.67,587.47,587.61,11171.0
2025-05-27 11:00:00,587.45,587.5,587.07,587.1,28102.0
2025-05-27 11:05:00,587.08,587.25,586.9,587.25,42925.0
2025-05-27 11:10:00,587.25,587.42,587.0,587.42,52085.0
2025-05-27 11:15:00,587.371,587.4,586.97,587.0,67591.0
2025-05-27 11:20:00,587.0,587.14,586.9,586.99,28235.0
2025-05-27 11:25:00,587.001,587.36,587.0,587.36,14931.0
2025-05-27 11:30:00,587.37,587.68,587.3,587.68,51385.0
2025-05-27 11:35:00,587.7,587.84,587.62,587.67,30559.0
2025-05-27 11:40:00,587.66,587.83,587.6,587.6,30399.0
2025-05-27 11:45:00,587.71,587.88,587.42,587.42,63563.0
2025-05-27 11:50:00,587.38,587.51,587.38,587.489,7836.0
2025-05-27 11:55:00,587.639,587.639,587.46,587.49,4303.0
2025-05-27 12:00:00,587.27,588.66,584.01,587.34,153345.0
2025-05-27 12:05:00,587.33,587.5,587.23,587.4,17267.0
2025-05-27 12:10:00,587.37,587.453,587.15,587.15,25374.0
2025-05-27 12:15:00,587.15,587.25,586.81,586.91,55313.0
2025-05-27 12:20:00,586.92,587.7,586.88,587.38,73457.0
2025-05-27 12:25:00,587.38,587.41,587.01,587.08,34872.0
2025-05-27 12:30:00,587.22,587.3688,587.13,587.2601,17913.0
2025-05-27 12:35:00,587.31,587.4,586.96,587.04,43964.0
2025-05-27 12:40:00,586.95,587.0,586.33,586.44,86971.0
2025-05-27 12:45:00,586.46,586.96,586.46,586.9,76469.0
2025-05-27 12:50:00,586.89,586.89,586.18,586.21,62161.0
2025-05-27 12:55:00,586.17,586.7,586.12,586.65,42989.0
2025-05-27 13:00:00,586.62,587.06,586.6,587.06,53930.0
2025-05-27 13:05:00,587.0,587.21,586.9,587.11,50689.0
2025-05-27 13:10:00,587.13,587.22,587.07,587.19,22648.0
2025-05-27 13:15:00,587.18,587.39,587.15,587.32,28327.0
2025-05-27 13:20:00,587.34,587.47,587.11,587.11,36594.0
2025-05-27 13:25:00,587.1,587.11,586.0,586.08,280846.0
2025-05-27 13:30:00,586.07,586.37,584.8,585.0801,2366576.0
2025-05-27 13:35:00,585.1,585.35,584.37,585.29,1942387.0
2025-05-27 13:40:00,585.31,585.7,585.17,585.6001,1176881.0
2025-05-27 13:45:00,585.6,586.13,585.54,585.88,1434770.0
2025-05-27 13:50:00,585.88,586.1798,585.46,586.05,1039335.0
2025-05-27 13:55:00,586.05,586.35,586.03,586.13,887315.0
2025-05-27 14:00:00,586.17,586.97,586.14,586.799,1394059.0
2025-05-27 14:05:00,586.79,587.13,586.76,587.05,1070093.0
2025-05-27 14:10:00,587.06,587.335,586.865,587.01,1167609.0
2025-05-27 14:15:00,587.02,587.7,586.97,587.67,1130657.0
2025-05-27 14:20:00,587.68,587.99,587.59,587.8604,1249580.0
2025-05-27 14:25:00,587.855,588.25,587.74,587.87,1390377.0
2025-05-27 14:30:00,587.87,588.19,587.83,588.06,758411.0
2025-05-27 14:35:00,588.05,588.11,587.625,588.06,673787.0
2025-05-27 14:40:00,588.05,588.22,587.895,588.08,792074.0
2025-05-27 14:45:00,588.09,588.59,588.05,588.245,1004365.0
2025-05-27 14:50:00,588.25,588.53,588.24,588.33,799115.0
2025-05-27 14:55:00,588.32,588.445,587.9,588.04,620249.0
2025-05-27 15:00:00,588.04,588.35,587.96,588.25,547626.0
2025-05-27 15:05:00,588.25,588.25,587.94,588.07,541332.0
2025-05-27 15:10:00,588.068,588.32,588.02,588.31,463891.0
2025-05-27 15:15:00,588.3,588.52,588.28,588.465,656845.0
2025-05-27 15:20:00,588.46,588.535,588.08,588.52,604638.0
2025-05-27 15:25:00,588.52,589.01,588.46,588.81,899535.0
2025-05-27 15:30:00,588.8,588.85,588.55,588.73,676062.0
2025-05-27 15:35:00,588.73,588.885,588.59,588.76,450569.0
2025-05-27 15:40:00,588.75,588.96,588.475,588.85,693864.0
2025-05-27 15:45:00,588.855,588.96,588.74,588.81,416599.0
2025-05-27 15:50:00,588.8001,589.09,588.69,589.0451,545196.0
2025-05-27 15:55:00,589.035,589.12,588.78,588.965,523486.0
2025-05-27 16:00:00,588.96,589.52,588.89,589.47,866912.0
2025-05-28 09:30:00,589.55,589.65,589.49,589.65,21627.0
2025-05-28 09:35:00,589.73,589.78,589.63,589.78,853.0
2025-05-28 09:40:00,589.69,589.73,589.65,589.65,2735.0
2025-05-28 09:45:00,589.77,589.86,589.77,589.86,345.0
2025-05-28 09:50:00,589.79,589.94,589.79,589.93,1834.0
2025-05-28 09:55:00,589.97,590.0,589.97,590.0,734.0
2025-05-28 10:00:00,590.1,590.17,589.96,590.17,2091.0
2025-05-28 10:05:00,590.2,590.31,590.2,590.29,1546.0
2025-05-28 10:10:00,590.28,590.42,590.28,590.42,2303.0
2025-05-28 10:15:00,590.49,590.52,590.46,590.46,5435.0
2025-05-28 10:20:00,590.39,590.47,590.39,590.47,3352.0
2025-05-28 10:25:00,590.36,590.47,590.36,590.47,3050.0
2025-05-28 10:30:00,590.52,591.08,590.52,591.05,23814.0
2025-05-28 10:35:00,591.03,591.42,591.01,591.3,7599.0
2025-05-28 10:40:00,591.25,591.46,591.25,591.35,9552.0
2025-05-28 10:45:00,591.44,591.62,591.44,591.44,8001.0
2025-05-28 10:50:00,591.54,591.78,591.54,591.68,5101.0
2025-05-28 10:55:00,591.63,591.91,591.59,591.88,6192.0
2025-05-28 11:00:00,591.87,591.901,591.54,591.56,16792.0
2025-05-28 11:05:00,591.57,591.65,591.45,591.45,10381.0
2025-05-28 11:10:00,591.56,591.7,591.5,591.58,9657.0
2025-05-28 11:15:00,591.63,591.69,591.44,591.45,3508.0
2025-05-28 11:20:00,591.42,591.46,591.21,591.26,13807.0
2025-05-28 11:25:00,591.3,591.4,591.25,591.33,4268.0
2025-05-28 11:30:00,591.42,591.65,591.33,591.33,26808.0
2025-05-28 11:35:00,591.49,591.49,591.48,591.48,989.0
2025-05-28 11:40:00,591.45,591.45,591.22,591.24,3281.0
2025-05-28 11:45:00,591.25,591.36,591.09,591.22,30025.0
2025-05-28 11:50:00,591.24,591.44,591.21,591.41,4291.0
2025-05-28 11:55:00,591.41,591.55,591.36,591.46,5640.0
2025-05-28 12:00:00,591.43,591.9,589.9204,591.5,66157.0
2025-05-28 12:05:00,591.44,591.66,591.36,591.45,22454.0
2025-05-28 12:10:00,591.47,591.69,591.44,591.65,12242.0
2025-05-28 12:15:00,591.64,591.84,591.64,591.7046,52528.0
2025-05-28 12:20:00,591.67,591.88,591.6,591.8,12453.0
2025-05-28 12:25:00,591.79,591.8,591.5,591.6,7946.0
2025-05-28 12:30:00,591.56,591.56,591.44,591.52,9236.0
2025-05-28 12:35:00,591.55,591.87,591.55,591.85,10532.0
2025-05-28 12:40:00,591.84,592.08,591.8001,592.07,30592.0
2025-05-28 12:45:00,592.04,592.06,591.65,591.65,17413.0
2025-05-28 12:50:00,591.7,591.7,591.3,591.38,57378.0
2025-05-28 12:55:00,591.4,591.46,591.34,591.4,12277.0
2025-05-28 13:00:00,591.4,591.52,591.27,591.36,21417.0
2025-05-28 13:05:00,591.41,591.5892,591.37,591.55,17641.0
2025-05-28 13:10:00,591.64,591.74,591.5,591.66,25377.0
2025-05-28 13:15:00,591.67,591.68,591.42,591.5699,15132.0
2025-05-28 13:20:00,591.54,591.56,591.2,591.22,28317.0
2025-05-28 13:25:00,591.22,591.58,591.1,591.58,102188.0
2025-05-28 13:30:00,591.56,592.0395,591.3,592.0099,1510001.0
2025-05-28 13:35:00,592.01,592.65,591.78,592.62,1124270.0
2025-05-28 13:40:00,592.62,592.7688,592.32,592.435,1100696.0
2025-05-28 13:45:00,592.445,592.56,591.205,591.288,1687630.0
2025-05-28 13:50:00,591.29,591.435,590.905,591.12,1321310.0
2025-05-28 13:55:00,591.13,591.23,590.54,590.7885,809748.0
2025-05-28 14:00:00,590.8,591.155,590.58,590.87,863279.0
2025-05-28 14:05:00,590.8499,590.98,590.5,590.59,648652.0
2025-05-28 14:10:00,590.59,590.7999,590.33,590.47,602469.0
2025-05-28 14:15:00,590.455,590.63,590.08,590.39,608138.0
2025-05-28 14:20:00,590.4,590.67,589.95,590.57,781043.0
2025-05-28 14:25:00,590.56,590.67,590.07,590.22,762166.0
2025-05-28 14:30:00,590.23,590.33,589.84,590.21,560299.0
2025-05-28 14:35:00,590.2,590.24,589.51,589.69,618107.0
2025-05-28 14:40:00,589.68,590.24,589.64,589.86,789596.0
2025-05-28 14:45:00,589.87,589.945,589.63,589.85,903633.0
2025-05-28 14:50:00,589.84,589.9,589.33,589.35,754218.0
2025-05-28 14:55:00,589.36,589.56,589.22,589.34,482686.0
2025-05-28 15:00:00,589.335,590.14,589.28,590.0975,783334.0
2025-05-28 15:05:00,590.08,590.14,589.47,589.69,657709.0
2025-05-28 15:10:00,589.68,589.6899,589.13,589.165,586475.0
2025-05-28 15:15:00,589.17,589.7,589.165,589.695,412507.0
2025-05-28 15:20:00,589.69,589.95,589.58,589.65,414329.0
2025-05-28 15:25:00,589.63,589.665,589.33,589.4,393447.0
2025-05-28 15:30:00,589.39,589.5887,589.19,589.25,485392.0
2025-05-28 15:35:00,589.2599,589.46,588.98,589.39,609186.0
2025-05-28 15:40:00,589.39,589.52,589.12,589.195,523021.0
2025-05-28 15:45:00,589.1901,589.37,589.15,589.31,289757.0
2025-05-28 15:50:00,589.32,589.68,589.31,589.55,352795.0
2025-05-28 15:55:00,589.54,589.63,588.97,589.06,469808.0
2025-05-28 16:00:00,589.06,589.615,589.055,589.52,575886.0
2025-05-29 09:30:00,596.82,597.0,596.41,596.46,7354.0
2025-05-29 09:35:00,596.58,596.67,596.5,596.65,2601.0
2025-05-29 09:40:00,596.77,596.96,596.77,596.96,2507.0
2025-05-29 09:45:00,596.8,596.87,596.68,596.87,2129.0
2025-05-29 09:50:00,596.85,596.85,596.55,596.55,1232.0
2025-05-29 09:55:00,596.52,596.57,595.97,596.0,13834.0
2025-05-29 10:00:00,595.96,595.96,595.5,595.5,15220.0
2025-05-29 10:05:00,595.39,595.54,595.17,595.39,22166.0
2025-05-29 10:10:00,595.3,595.52,595.04,595.04,35888.0
2025-05-29 10:15:00,595.07,595.13,594.7,594.8,46948.0
2025-05-29 10:20:00,594.82,594.89,594.5,594.54,26547.0
2025-05-29 10:25:00,594.69,594.81,594.4,594.49,21790.0
2025-05-29 10:30:00,594.49,595.03,594.49,594.9,31431.0
2025-05-29 10:35:00,594.91,594.92,594.51,594.61,12954.0
2025-05-29 10:40:00,594.61,594.73,594.5,594.5,16928.0
2025-05-29 10:45:00,594.5,594.5,594.19,594.41,16237.0
2025-05-29 10:50:00,594.49,594.62,594.11,594.11,28155.0
2025-05-29 10:55:00,594.09,594.57,594.08,594.5,11387.0
2025-05-29 11:00:00,594.56,594.61,594.32,594.32,57254.0
2025-05-29 11:05:00,594.31,594.5,594.17,594.36,32188.0
2025-05-29 11:10:00,594.25,594.45,594.17,594.45,20720.0
2025-05-29 11:15:00,594.54,594.59,594.49,594.59,6315.0
2025-05-29 11:20:00,594.58,594.6,593.91,593.91,32551.0
2025-05-29 11:25:00,593.91,593.91,593.3,593.4,70677.0
2025-05-29 11:30:00,593.47,593.72,593.04,593.54,90311.0
2025-05-29 11:35:00,593.54,594.0,593.53,593.6,46361.0
2025-05-29 11:40:00,593.48,593.95,593.48,593.9,26159.0
2025-05-29 11:45:00,593.83,593.97,593.4,593.5,23647.0
2025-05-29 11:50:00,593.46,593.47,592.75,592.85,79507.0
2025-05-29 11:55:00,592.8,593.02,592.7,592.8,60662.0
2025-05-29 12:00:00,592.81,598.0,592.57,592.76,244375.0
2025-05-29 12:05:00,592.73,593.5,592.3,592.51,125068.0
2025-05-29 12:10:00,592.41,592.62,591.91,592.49,117737.0
2025-05-29 12:15:00,592.4,592.4499,592.08,592.17,79337.0
2025-05-29 12:20:00,592.15,592.46,591.87,592.3414,129315.0
2025-05-29 12:25:00,592.4,592.74,592.28,592.42,85858.0
2025-05-29 12:30:00,592.31,593.1,592.3,593.04,183842.0
2025-05-29 12:35:00,593.01,593.07,592.0501,592.1,169245.0
2025-05-29 12:40:00,592.11,592.12,591.67,592.0,139406.0
2025-05-29 12:45:00,592.03,592.49,592.03,592.25,59828.0
2025-05-29 12:50:00,592.25,592.7,592.11,592.6,41293.0
2025-05-29 12:55:00,592.63,592.66,592.2,592.24,46006.0
2025-05-29 13:00:00,592.34,592.5609,592.14,592.3988,45004.0
2025-05-29 13:05:00,592.36,592.7,592.32,592.5101,33666.0
2025-05-29 13:10:00,592.53,592.57,592.17,592.51,61828.0
2025-05-29 13:15:00,592.56,593.01,592.56,592.97,83601.0
2025-05-29 13:20:00,592.98,593.33,592.93,593.1497,88698.0
2025-05-29 13:25:00,593.13,593.22,592.59,593.05,155243.0
2025-05-29 13:30:00,593.06,593.2,591.34,592.01,2093080.0
2025-05-29 13:35:00,592.05,592.23,591.48,591.61,1155939.0
2025-05-29 13:40:00,591.61,592.0,590.99,591.03,1252303.0
2025-05-29 13:45:00,591.02,591.24,590.365,590.44,1308595.0
2025-05-29 13:50:00,590.405,591.85,590.26,591.82,1286475.0
2025-05-29 13:55:00,591.83,592.05,590.72,591.2308,918596.0
2025-05-29 14:00:00,591.21,591.61,590.79,590.79,1006603.0
2025-05-29 14:05:00,590.77,590.77,588.8925,589.1,1555736.0
2025-05-29 14:10:00,589.1,589.74,588.85,589.7,1171231.0
2025-05-29 14:15:00,589.69,589.98,588.56,588.87,1231374.0
2025-05-29 14:20:00,588.85,589.33,588.5,589.2,738782.0
2025-05-29 14:25:00,589.15,590.26,589.11,590.09,732422.0
2025-05-29 14:30:00,590.08,590.48,589.33,589.36,742936.0
2025-05-29 14:35:00,589.35,590.28,589.33,589.98,559844.0
2025-05-29 14:40:00,589.97,589.98,589.29,589.735,528010.0
2025-05-29 14:45:00,589.74,590.31,589.585,590.12,472886.0
2025-05-29 14:50:00,590.14,590.7112,589.89,590.4607,525282.0
2025-05-29 14:55:00,590.455,591.09,590.35,590.93,572084.0
2025-05-29 15:00:00,590.92,591.01,589.9051,590.23,659604.0
2025-05-29 15:05:00,590.18,590.48,589.86,590.12,489340.0
2025-05-29 15:10:00,590.1,590.63,589.5702,589.61,594407.0
2025-05-29 15:15:00,589.585,590.0701,589.56,589.63,371840.0
2025-05-29 15:20:00,589.67,590.31,589.57,590.24,456535.0
2025-05-29 15:25:00,590.25,590.8725,590.22,590.72,536109.0
2025-05-29 15:30:00,590.71,590.805,588.8608,589.28,795375.0
2025-05-29 15:35:00,589.29,589.68,588.94,589.095,519857.0
2025-05-29 15:40:00,589.07,589.43,588.91,589.19,409181.0
2025-05-29 15:45:00,589.18,589.43,588.7501,588.82,435598.0
2025-05-29 15:50:00,588.84,589.65,588.775,589.165,613272.0
2025-05-29 15:55:00,589.16,589.2199,586.54,587.19,2163428.0
2025-05-29 16:00:00,587.18,587.68,586.07,587.41,1674608.0
2025-05-30 09:30:00,589.6,589.66,589.48,589.5,4048.0
2025-05-30 09:35:00,589.69,589.69,589.43,589.53,3185.0
2025-05-30 09:40:00,589.4,589.4,589.4,589.4,235.0
2025-05-30 09:45:00,589.39,589.49,589.35,589.35,2109.0
2025-05-30 09:50:00,589.11,589.24,589.09,589.24,3933.0
2025-05-30 09:55:00,589.01,589.01,589.01,589.01,511.0
2025-05-30 10:00:00,588.79,589.26,588.67,589.26,2854.0
2025-05-30 10:05:00,589.34,589.41,589.34,589.38,2259.0
2025-05-30 10:10:00,589.28,589.3,588.93,588.93,6654.0
2025-05-30 10:15:00,588.84,589.05,588.84,589.01,1681.0
2025-05-30 10:25:00,589.31,589.41,589.31,589.41,2425.0
2025-05-30 10:30:00,589.5,589.5,589.5,589.5,440.0
2025-05-30 10:35:00,589.48,589.53,589.45,589.45,1505.0
2025-05-30 10:45:00,589.43,589.55,589.41,589.55,782.0
2025-05-30 10:50:00,589.4,589.4,589.27,589.27,661.0
2025-05-30 10:55:00,589.19,589.28,589.18,589.28,1132.0
2025-05-30 11:00:00,589.44,589.56,589.35,589.45,2011.0
2025-05-30 11:05:00,589.52,589.81,589.52,589.8,10935.0
2025-05-30 11:10:00,589.9,590.1,589.84,589.98,28513.0
2025-05-30 11:15:00,589.95,590.01,589.93,590.01,2184.0
2025-05-30 11:20:00,589.89,590.0,589.84,589.84,27617.0
2025-05-30 11:25:00,589.65,589.73,589.65,589.69,4612.0
2025-05-30 11:30:00,589.72,589.74,589.5,589.53,18682.0
2025-05-30 11:35:00,589.52,589.7,589.52,589.58,16485.0
2025-05-30 11:40:00,589.7,589.7,589.42,589.54,3985.0
2025-05-30 11:45:00,589.48,589.58,589.43,589.58,7999.0
2025-05-30 11:50:00,589.6,589.78,589.53,589.53,11780.0
2025-05-30 11:55:00,589.6,589.6,589.28,589.34,9845.0
2025-05-30 12:00:00,589.62,590.12,588.17,589.82,89932.0
2025-05-30 12:05:00,589.82,590.01,586.56,588.87,227526.0
2025-05-30 12:10:00,588.87,588.87,585.582,586.73,576145.0
2025-05-30 12:15:00,586.81,588.11,586.64,587.65,222696.0
2025-05-30 12:20:00,587.71,587.96,586.7,587.25,140515.0
2025-05-30 12:25:00,587.16,587.53,586.57,586.95,167635.0
2025-05-30 12:30:00,587.0,589.13,587.0,588.38,231069.0
2025-05-30 12:35:00,588.36,588.54,587.88,588.05,105414.0
2025-05-30 12:40:00,588.07,588.53,587.88,588.28,74545.0
2025-05-30 12:45:00,588.25,588.45,588.12,588.14,33912.0
2025-05-30 12:50:00,588.15,588.35,587.89,588.16,39286.0
2025-05-30 12:55:00,588.09,588.2,587.73,587.73,32661.0
2025-05-30 13:00:00,587.79,588.11,587.64,588.11,43171.0
2025-05-30 13:05:00,588.07,588.24,587.47,587.6,66657.0
2025-05-30 13:10:00,587.69,587.83,587.52,587.67,35425.0
2025-05-30 13:15:00,587.7,588.72,587.7,588.72,114533.0
2025-05-30 13:20:00,588.71,588.71,588.25,588.26,39806.0
2025-05-30 13:25:00,588.26,588.95,588.12,588.91,79711.0
2025-05-30 13:30:00,588.93,589.11,587.66,588.16,1451102.0
2025-05-30 13:35:00,588.1609,588.31,587.38,587.66,969248.0
2025-05-30 13:40:00,587.67,588.06,587.53,587.75,528151.0
2025-05-30 13:45:00,587.73,588.38,587.26,587.345,1229775.0
2025-05-30 13:50:00,587.3,587.4,586.4,587.32,1128750.0
2025-05-30 13:55:00,587.31,587.53,586.97,587.09,693031.0
2025-05-30 14:00:00,587.01,588.42,587.01,588.32,1220124.0
2025-05-30 14:05:00,588.29,588.96,588.29,588.78,1004027.0
2025-05-30 14:10:00,588.78,589.86,588.6,589.22,966891.0
2025-05-30 14:15:00,589.22,589.5,588.99,589.47,659999.0
2025-05-30 14:20:00,589.485,589.86,589.2,589.37,455748.0
2025-05-30 14:25:00,589.38,589.7,589.22,589.6,492157.0
2025-05-30 14:30:00,589.59,589.84,589.31,589.48,560354.0
2025-05-30 14:35:00,589.5,589.92,589.23,589.835,494665.0
2025-05-30 14:40:00,589.81,589.825,589.0748,589.1,561745.0
2025-05-30 14:45:00,589.101,589.33,588.72,589.18,554012.0
2025-05-30 14:50:00,589.19,589.23,588.47,588.81,490970.0
2025-05-30 14:55:00,588.81,589.4098,588.44,588.69,455081.0
2025-05-30 15:00:00,588.71,588.99,588.62,588.75,356479.0
2025-05-30 15:05:00,588.76,589.2,588.56,588.88,339350.0
2025-05-30 15:10:00,588.9,588.98,588.42,588.63,412390.0
2025-05-30 15:15:00,588.655,588.73,588.04,588.13,418507.0
2025-05-30 15:20:00,588.13,588.83,588.11,588.73,366040.0
2025-05-30 15:25:00,588.71,589.37,588.45,589.1254,414533.0
2025-05-30 15:30:00,589.13,589.37,587.73,588.17,656666.0
2025-05-30 15:35:00,588.175,588.3799,587.78,588.06,602111.0
2025-05-30 15:40:00,588.04,588.06,587.4193,587.59,674875.0
2025-05-30 15:45:00,587.55,588.21,587.34,588.155,487395.0
2025-05-30 15:50:00,588.16,588.38,587.88,588.2,455345.0
2025-05-30 15:55:00,588.2,588.5188,587.95,587.98,401136.0
2025-05-30 16:00:00,588.01,588.09,587.53,587.696961,522238.0
2025-06-02 09:30:00,586.35,586.4,586.28,586.4,1963.0
2025-06-02 09:35:00,586.45,586.45,586.22,586.25,4543.0
2025-06-02 09:40:00,586.38,586.38,585.98,585.98,5309.0
2025-06-02 09:45:00,585.81,585.91,585.7,585.77,7413.0
2025-06-02 09:50:00,586.07,586.07,585.71,585.85,5213.0
2025-06-02 09:55:00,585.91,586.23,585.86,586.23,3865.0
2025-06-02 10:00:00,586.23,586.31,586.15,586.24,10790.0
2025-06-02 10:05:00,586.13,586.67,586.13,586.67,3239.0
2025-06-02 10:10:00,586.87,586.9,586.78,586.78,3220.0
2025-06-02 10:15:00,586.68,586.68,586.45,586.45,1781.0
2025-06-02 10:20:00,586.73,586.73,586.24,586.24,8050.0
2025-06-02 10:25:00,586.45,586.69,586.4,586.69,3889.0
2025-06-02 10:30:00,586.56,586.58,586.38,586.38,6870.0
2025-06-02 10:35:00,586.36,586.76,586.36,586.76,10698.0
2025-06-02 10:40:00,586.9,587.0,586.79,586.79,9241.0
2025-06-02 10:45:00,586.68,586.78,586.68,586.77,835.0
2025-06-02 10:50:00,586.87,587.04,586.8,587.01,8719.0
2025-06-02 10:55:00,586.97,586.98,586.85,586.98,5212.0
2025-06-02 11:00:00,587.04,587.16,586.74,587.16,15774.0
2025-06-02 11:05:00,587.15,587.219,587.13,587.16,5006.0
2025-06-02 11:10:00,587.48,587.63,587.11,587.52,22990.0
2025-06-02 11:15:00,587.54,587.54,587.41,587.47,7135.0
2025-06-02 11:20:00,587.54,587.61,587.53,587.53,3587.0
2025-06-02 11:25:00,587.39,587.6,587.39,587.52,6405.0
2025-06-02 11:30:00,587.52,587.95,587.44,587.71,40965.0
2025-06-02 11:35:00,587.76,588.0,587.61,587.65,32294.0
2025-06-02 11:40:00,587.64,587.64,587.42,587.47,11070.0
2025-06-02 11:45:00,587.51,587.64,587.43,587.59,8354.0
2025-06-02 11:50:00,587.6,587.6,587.5,587.5,1173.0
2025-06-02 11:55:00,587.45,587.45,587.18,587.18,7343.0
2025-06-02 12:00:00,586.98,587.9301,584.97,587.5519,60662.0
2025-06-02 12:05:00,587.55,587.7,587.49,587.59,8366.0
2025-06-02 12:10:00,587.59,587.77,587.55,587.72,9504.0
2025-06-02 12:15:00,587.76,587.86,587.55,587.55,7969.0
2025-06-02 12:20:00,587.51,587.51,587.08,587.14,37650.0
2025-06-02 12:25:00,587.07,587.23,586.95,587.21,55069.0
2025-06-02 12:30:00,587.17,587.51,587.1,587.3699,24480.0
2025-06-02 12:35:00,587.25,587.49,587.1612,587.44,14367.0
2025-06-02 12:40:00,587.4,589.39,587.38,588.01,467630.0
2025-06-02 12:45:00,588.04,588.13,587.7,587.83,23407.0
2025-06-02 12:50:00,587.8,587.8,587.45,587.5591,40592.0
2025-06-02 12:55:00,587.55,587.87,587.47,587.85,15554.0
2025-06-02 13:00:00,587.87,588.14,587.7,587.7491,37007.0
2025-06-02 13:05:00,587.72,587.72,587.26,587.51,58588.0
2025-06-02 13:10:00,587.55,587.7589,587.43,587.5,20045.0
2025-06-02 13:15:00,587.5,587.66,587.32,587.3601,36353.0
2025-06-02 13:20:00,587.3801,587.7101,587.3801,587.5001,26916.0
2025-06-02 13:25:00,587.39,588.0,587.32,587.75,75438.0
2025-06-02 13:30:00,587.76,589.55,587.72,589.37,1866581.0
2025-06-02 13:35:00,589.38,589.74,588.97,589.72,973594.0
2025-06-02 13:40:00,589.69,589.69,588.82,589.26,815307.0
2025-06-02 13:45:00,589.29,589.47,588.29,588.44,1291319.0
2025-06-02 13:50:00,588.41,588.45,586.7,587.22,1430968.0
2025-06-02 13:55:00,587.22,587.61,586.64,586.8499,1266433.0
2025-06-02 14:00:00,586.63,586.74,585.06,585.93,1857575.0
2025-06-02 14:05:00,585.88,587.21,585.7025,586.9,1585640.0
2025-06-02 14:10:00,586.91,587.21,586.27,586.91,1032511.0
2025-06-02 14:15:00,586.91,587.62,586.73,587.03,1022822.0
2025-06-02 14:20:00,587.03,588.34,586.82,587.899,864076.0
2025-06-02 14:25:00,587.89,588.61,587.86,588.59,879243.0
2025-06-02 14:30:00,588.58,589.94,588.33,589.26,1079043.0
2025-06-02 14:35:00,589.27,589.56,588.12,588.35,1445558.0
2025-06-02 14:40:00,588.37,588.8,588.2,588.5693,571224.0
2025-06-02 14:45:00,588.57,589.07,588.48,588.86,455589.0
2025-06-02 14:50:00,588.87,589.2,588.63,588.76,469517.0
2025-06-02 14:55:00,588.75,589.48,588.62,589.33,475146.0
2025-06-02 15:00:00,589.34,589.63,588.47,588.99,910247.0
2025-06-02 15:05:00,588.98,589.68,588.63,588.75,756750.0
2025-06-02 15:10:00,588.758,589.53,588.4893,589.27,721010.0
2025-06-02 15:15:00,589.27,589.35,588.89,589.075,369597.0
2025-06-02 15:20:00,589.07,589.2998,588.88,589.04,345913.0
2025-06-02 15:25:00,589.06,589.2,588.325,588.54,421795.0
2025-06-02 15:30:00,588.57,588.7,588.19,588.2,400720.0
2025-06-02 15:35:00,588.19,588.66,588.13,588.4,355810.0
2025-06-02 15:40:00,588.39,589.1,588.29,589.02,348458.0
2025-06-02 15:45:00,589.03,589.43,588.89,589.33,463457.0
2025-06-02 15:50:00,589.32,590.04,589.21,589.93,738225.0
2025-06-02 15:55:00,589.92,590.06,589.55,589.81,417015.0
2025-06-02 16:00:00,589.8,589.97,589.18,589.495,406906.0
2025-06-03 09:30:00,589.96,589.96,589.96,589.96,416.0
2025-06-03 09:35:00,590.16,590.42,590.15,590.42,2831.0
2025-06-03 09:40:00,590.5,590.51,590.43,590.51,1823.0
2025-06-03 09:45:00,590.39,590.41,590.1,590.1,1507.0
2025-06-03 09:50:00,590.47,590.47,590.36,590.36,687.0
2025-06-03 09:55:00,590.22,590.32,590.22,590.25,4173.0
2025-06-03 10:00:00,590.29,590.45,590.25,590.25,2143.0
2025-06-03 10:05:00,590.26,590.26,590.12,590.12,509.0
2025-06-03 10:10:00,590.0,590.12,590.0,590.06,2823.0
2025-06-03 10:15:00,590.17,590.2,590.17,590.2,2315.0
2025-06-03 10:20:00,590.18,590.27,590.13,590.27,2090.0
2025-06-03 10:25:00,590.13,590.44,590.13,590.44,1265.0
2025-06-03 10:30:00,590.52,590.57,590.43,590.43,3522.0
2025-06-03 10:35:00,590.33,590.4,590.33,590.39,23630.0
2025-06-03 10:40:00,590.49,590.73,590.49,590.72,18642.0
2025-06-03 10:45:00,590.55,590.55,590.43,590.43,1058.0
2025-06-03 10:50:00,590.43,590.57,590.43,590.53,18949.0
2025-06-03 10:55:00,590.74,591.09,590.74,591.04,6530.0
2025-06-03 11:00:00,591.1,591.14,590.92,591.0,36098.0
2025-06-03 11:05:00,591.13,591.41,591.06,591.309,27182.0
2025-06-03 11:10:00,591.29,591.32,591.18,591.18,8951.0
2025-06-03 11:15:00,591.25,591.25,591.19,591.19,4858.0
2025-06-03 11:20:00,591.32,591.42,591.32,591.4,13943.0
2025-06-03 11:25:00,591.42,591.5,591.37,591.47,5279.0
2025-06-03 11:30:00,591.53,591.56,591.38,591.56,4963.0
2025-06-03 11:35:00,591.55,591.8,591.55,591.8,9734.0
2025-06-03 11:40:00,591.88,592.02,591.73,591.84,11052.0
2025-06-03 11:45:00,591.77,591.81,591.5,591.52,17098.0
2025-06-03 11:50:00,591.51,591.83,591.51,591.83,13226.0
2025-06-03 11:55:00,591.89,591.89,591.78,591.81,3637.0
2025-06-03 12:00:00,591.13,592.13,589.34,591.79,105235.0
2025-06-03 12:05:00,591.75,591.9,591.62,591.67,34618.0
2025-06-03 12:10:00,591.86,591.93,591.8,591.93,7537.0
2025-06-03 12:15:00,591.92,592.12,591.8,591.9,85498.0
2025-06-03 12:20:00,591.9,592.12,591.79,592.12,10914.0
2025-06-03 12:25:00,592.07,592.38,592.07,592.32,26154.0
2025-06-03 12:30:00,592.34,592.34,592.04,592.07,17388.0
2025-06-03 12:35:00,592.07,592.07,591.69,591.8397,35945.0
2025-06-03 12:40:00,591.79,591.86,591.6,591.63,13542.0
2025-06-03 12:45:00,591.68,591.75,591.52,591.68,38468.0
2025-06-03 12:50:00,591.65,591.89,591.56,591.69,32358.0
2025-06-03 12:55:00,591.72,592.03,591.72,592.01,18778.0
2025-06-03 13:00:00,592.07,592.24,591.84,592.24,27592.0
2025-06-03 13:05:00,592.25,592.28,592.11,592.2101,42775.0
2025-06-03 13:10:00,592.25,592.29,592.06,592.1,10702.0
2025-06-03 13:15:00,592.11,592.22,592.11,592.15,18458.0
2025-06-03 13:20:00,592.18,592.46,592.15,592.37,22679.0
2025-06-03 13:25:00,592.23,592.42,592.02,592.32,51365.0
2025-06-03 13:30:00,592.34,593.25,592.0999,592.4999,1393156.0
2025-06-03 13:35:00,592.5,592.73,592.05,592.29,936863.0
2025-06-03 13:40:00,592.31,593.27,592.22,593.05,1054667.0
2025-06-03 13:45:00,593.04,593.24,592.77,592.99,753873.0
2025-06-03 13:50:00,593.0,593.08,592.56,592.79,668896.0
2025-06-03 13:55:00,592.78,592.955,592.37,592.395,720248.0
2025-06-03 14:00:00,592.47,593.31,592.3801,592.915,912386.0
2025-06-03 14:05:00,592.89,593.22,591.85,592.67,1043851.0
2025-06-03 14:10:00,592.68,593.06,592.42,592.96,669233.0
2025-06-03 14:15:00,592.96,593.54,592.88,593.39,698271.0
2025-06-03 14:20:00,593.4151,593.56,593.1802,593.33,525382.0
2025-06-03 14:25:00,593.33,593.9,593.11,593.895,667713.0
2025-06-03 14:30:00,593.89,593.89,593.28,593.36,635911.0
2025-06-03 14:35:00,593.36,593.7098,593.17,593.5963,617389.0
2025-06-03 14:40:00,593.6,593.73,593.43,593.6868,458892.0
2025-06-03 14:45:00,593.69,594.03,593.66,593.925,575657.0
2025-06-03 14:50:00,593.93,594.255,593.77,594.15,718925.0
2025-06-03 14:55:00,594.16,594.41,593.99,594.37,563422.0
2025-06-03 15:00:00,594.37,594.81,594.37,594.56,871609.0
2025-06-03 15:05:00,594.56,594.845,594.36,594.57,606903.0
2025-06-03 15:10:00,594.57,594.715,594.47,594.655,451108.0
2025-06-03 15:15:00,594.65,594.75,594.48,594.715,473760.0
2025-06-03 15:20:00,594.71,595.16,594.69,595.0202,773804.0
2025-06-03 15:25:00,595.025,595.125,594.84,594.97,509772.0
2025-06-03 15:30:00,594.96,595.14,594.83,595.02,512647.0
2025-06-03 15:35:00,595.02,595.33,594.98,595.295,653553.0
2025-06-03 15:40:00,595.285,595.45,595.14,595.31,411824.0
2025-06-03 15:45:00,595.3,595.61,595.19,595.25,879924.0
2025-06-03 15:50:00,595.25,595.36,595.04,595.3,754939.0
2025-06-03 15:55:00,595.29,595.7,595.17,595.64,655248.0
2025-06-03 16:00:00,595.64,595.69,595.42,595.52,639355.0
2025-06-04 09:30:00,597.21,597.21,597.14,597.2,1703.0
2025-06-04 09:35:00,597.35,597.35,597.33,597.33,709.0
2025-06-04 09:40:00,597.32,597.42,597.25,597.42,4374.0
2025-06-04 09:45:00,597.42,597.45,597.4,597.4,1519.0
2025-06-04 09:50:00,597.22,597.31,597.22,597.3,1257.0
2025-06-04 09:55:00,597.27,597.27,597.2,597.26,1029.0
2025-06-04 10:00:00,597.22,597.42,597.22,597.42,4317.0
2025-06-04 10:05:00,597.45,597.61,597.45,597.6,4869.0
2025-06-04 10:10:00,597.59,597.63,597.43,597.46,2492.0
2025-06-04 10:15:00,597.49,597.49,597.26,597.26,3329.0
2025-06-04 10:20:00,597.19,597.19,596.95,596.95,4496.0
2025-06-04 10:25:00,597.2,597.2,597.07,597.15,2245.0
2025-06-04 10:30:00,597.08,597.08,596.93,596.93,3397.0
2025-06-04 10:35:00,596.92,597.04,596.92,597.04,3224.0
2025-06-04 10:40:00,597.06,597.12,597.05,597.11,7772.0
2025-06-04 10:45:00,597.21,597.21,597.21,597.21,2591.0
2025-06-04 10:50:00,597.14,597.33,597.14,597.29,2019.0
2025-06-04 10:55:00,597.27,597.43,597.25,597.42,3468.0
2025-06-04 11:00:00,597.44,597.46,597.25,597.29,8637.0
2025-06-04 11:05:00,597.28,597.48,597.22,597.29,11116.0
2025-06-04 11:10:00,597.33,597.33,597.25,597.25,2288.0
2025-06-04 11:15:00,597.24,597.27,597.21,597.25,3079.0
2025-06-04 11:20:00,597.23,597.24,597.03,597.05,11556.0
2025-06-04 11:25:00,597.05,597.05,596.95,597.01,3270.0
2025-06-04 11:30:00,597.02,597.04,596.92,597.0,3726.0
2025-06-04 11:35:00,597.0,597.13,596.94,597.13,5657.0
2025-06-04 11:40:00,597.16,597.3,597.01,597.23,16512.0
2025-06-04 11:45:00,597.33,597.45,597.32,597.4,5368.0
2025-06-04 11:50:00,597.4,597.5,597.4,597.46,2970.0
2025-06-04 11:55:00,597.46,597.48,597.29,597.29,4514.0
2025-06-04 12:00:00,597.32,597.56,595.57,597.44,55048.0
2025-06-04 12:05:00,597.41,597.67,597.41,597.49,15002.0
2025-06-04 12:10:00,597.44,597.5399,597.43,597.43,5274.0
2025-06-04 12:15:00,597.41,597.43,596.38,596.45,158974.0
2025-06-04 12:20:00,596.46,596.49,595.52,595.6,101504.0
2025-06-04 12:25:00,595.6,596.05,595.46,595.87,53596.0
2025-06-04 12:30:00,595.85,596.36,595.85,596.1,93589.0
2025-06-04 12:35:00,596.11,596.35,595.8819,596.0,50875.0
2025-06-04 12:40:00,596.0,596.02,595.58,595.75,49222.0
2025-06-04 12:45:00,595.8,596.2,595.77,596.12,37799.0
2025-06-04 12:50:00,596.12,596.2,595.91,596.19,16993.0
2025-06-04 12:55:00,596.2,596.3,596.0,596.26,33056.0
2025-06-04 13:00:00,596.26,596.37,596.11,596.29,32869.0
2025-06-04 13:05:00,596.28,596.33,596.1,596.2,25509.0
2025-06-04 13:10:00,596.17,596.4493,596.1608,596.431,16507.0
2025-06-04 13:15:00,596.45,596.6499,596.35,596.6496,42979.0
2025-06-04 13:20:00,596.63,596.93,596.63,596.75,75498.0
2025-06-04 13:25:00,596.72,596.98,596.43,596.98,105275.0
2025-06-04 13:30:00,596.96,597.605,596.79,597.555,1670636.0
2025-06-04 13:35:00,597.58,597.915,597.37,597.77,1302144.0
2025-06-04 13:40:00,597.77,597.95,597.32,597.44,887099.0
2025-06-04 13:45:00,597.38,597.845,597.32,597.8,1255248.0
2025-06-04 13:50:00,597.81,597.83,597.185,597.36,833059.0
2025-06-04 13:55:00,597.34,597.64,597.18,597.565,502990.0
2025-06-04 14:00:00,597.5,597.58,596.27,596.66,1521514.0
2025-06-04 14:05:00,596.66,596.845,595.49,596.34,1874033.0
2025-06-04 14:10:00,596.35,596.9201,596.33,596.81,950225.0
2025-06-04 14:15:00,596.8,597.31,596.65,597.0701,756574.0
2025-06-04 14:20:00,597.085,597.24,596.78,597.09,640010.0
2025-06-04 14:25:00,597.08,597.7,597.07,597.585,785616.0
2025-06-04 14:30:00,597.58,597.77,597.415,597.51,745321.0
2025-06-04 14:35:00,597.52,597.74,597.07,597.3,968516.0
2025-06-04 14:40:00,597.28,597.42,596.8,596.99,724280.0
2025-06-04 14:45:00,597.0,597.41,596.71,597.2007,470631.0
2025-06-04 14:50:00,597.2,597.2,596.695,597.135,550393.0
2025-06-04 14:55:00,597.13,597.54,596.97,597.525,398416.0
2025-06-04 15:00:00,597.54,597.68,597.34,597.53,505072.0
2025-06-04 15:05:00,597.53,597.875,597.45,597.73,396998.0
2025-06-04 15:10:00,597.72,597.865,597.505,597.53,453192.0
2025-06-04 15:15:00,597.54,597.7,597.23,597.42,633500.0
2025-06-04 15:20:00,597.43,597.53,597.13,597.335,423655.0
2025-06-04 15:25:00,597.34,597.38,596.97,596.99,422869.0
2025-06-04 15:30:00,596.99,597.209,596.755,597.025,549190.0
2025-06-04 15:35:00,597.01,597.24,596.8,597.12,355398.0
2025-06-04 15:40:00,597.12,597.41,596.41,596.5901,746923.0
2025-06-04 15:45:00,596.57,597.2,596.5299,596.9,848224.0
2025-06-04 15:50:00,596.89,597.31,596.885,597.06,414900.0
2025-06-04 15:55:00,597.06,597.14,596.67,596.88,301686.0
2025-06-04 16:00:00,596.87,596.94,596.5,596.6,479858.0
2025-06-05 09:30:00,596.57,596.63,596.55,596.6,1352.0
2025-06-05 09:35:00,596.57,596.61,596.56,596.61,857.0
2025-06-05 09:40:00,596.73,596.73,596.73,596.73,151.0
2025-06-05 09:45:00,596.74,596.75,596.74,596.75,370.0
2025-06-05 09:50:00,596.5,596.52,596.33,596.52,5165.0
2025-06-05 09:55:00,596.58,596.58,596.45,596.45,831.0
2025-06-05 10:00:00,596.59,596.82,596.59,596.82,1724.0
2025-06-05 10:05:00,596.7,596.84,596.7,596.84,1821.0
2025-06-05 10:10:00,597.0,597.0,596.95,596.95,600.0
2025-06-05 10:15:00,596.96,596.96,596.96,596.96,297.0
2025-06-05 10:20:00,597.02,597.02,596.91,596.91,2969.0
2025-06-05 10:25:00,596.85,596.85,596.82,596.82,1577.0
2025-06-05 10:30:00,596.86,597.07,596.85,596.85,1542.0
2025-06-05 10:35:00,596.81,596.81,596.73,596.73,1264.0
2025-06-05 10:40:00,596.63,596.76,596.08,596.19,14546.0
2025-06-05 10:45:00,596.13,596.28,596.13,596.25,2194.0
2025-06-05 10:50:00,596.23,596.3,596.21,596.3,1372.0
2025-06-05 10:55:00,596.36,596.42,596.36,596.42,3428.0
2025-06-05 11:00:00,596.4,596.57,596.26,596.33,13926.0
2025-06-05 11:05:00,596.3,596.4,596.17,596.4,4738.0
2025-06-05 11:10:00,596.33,596.33,595.93,595.93,6373.0
2025-06-05 11:15:00,595.94,596.16,595.92,596.16,8382.0
2025-06-05 11:20:00,596.19,596.22,596.05,596.16,5245.0
2025-06-05 11:25:00,596.18,596.18,595.95,595.97,1856.0
2025-06-05 11:30:00,596.01,596.43,596.01,596.43,4873.0
2025-06-05 11:35:00,596.42,596.42,596.32,596.32,5680.0
2025-06-05 11:40:00,596.15,596.15,596.0,596.06,5017.0
2025-06-05 11:45:00,596.1,596.5,596.1,596.5,4273.0
2025-06-05 11:50:00,596.5,596.59,596.48,596.53,12725.0
2025-06-05 11:55:00,596.55,596.57,596.34,596.41,3275.0
2025-06-05 12:00:00,595.8,597.49,595.484,596.3,71087.0
2025-06-05 12:05:00,596.41,596.53,596.33,596.52,19229.0
2025-06-05 12:10:00,596.53,596.76,596.53,596.65,16120.0
2025-06-05 12:15:00,596.67,596.6879,596.53,596.55,13115.0
2025-06-05 12:20:00,596.57,596.61,596.48,596.5601,6675.0
2025-06-05 12:25:00,596.55,596.55,596.3507,596.4,15448.0
2025-06-05 12:30:00,596.35,596.35,595.3,596.14,136875.0
2025-06-05 12:35:00,596.15,596.59,596.0904,596.47,43237.0
2025-06-05 12:40:00,596.54,596.629,596.31,596.34,13523.0
2025-06-05 12:45:00,596.35,599.73,596.17,598.15,487434.0
2025-06-05 12:50:00,598.19,598.7301,597.53,597.58,490891.0
2025-06-05 12:55:00,597.6,598.12,596.94,597.33,226413.0
2025-06-05 13:00:00,597.27,597.9,597.24,597.75,63541.0
2025-06-05 13:05:00,597.77,597.83,597.46,597.77,57028.0
2025-06-05 13:10:00,597.81,597.83,597.5,597.61,23439.0
2025-06-05 13:15:00,597.6,597.68,597.1,597.66,31889.0
2025-06-05 13:20:00,597.68,597.72,597.29,597.34,47661.0
2025-06-05 13:25:00,597.29,597.64,597.16,597.63,103061.0
2025-06-05 13:30:00,597.63,597.905,596.05,596.57,1829078.0
2025-06-05 13:35:00,596.57,596.64,595.25,595.56,1039845.0
2025-06-05 13:40:00,595.56,596.26,595.28,595.87,1230175.0
2025-06-05 13:45:00,595.85,595.9,594.39,595.21,1390687.0
2025-06-05 13:50:00,595.22,595.56,594.52,594.97,929752.0
2025-06-05 13:55:00,594.95,595.11,593.91,594.2897,1236021.0
2025-06-05 14:00:00,594.29,594.89,594.23,594.63,970152.0
2025-06-05 14:05:00,594.63,595.285,594.17,594.21,934724.0
2025-06-05 14:10:00,594.2,594.95,594.19,594.6888,615294.0
2025-06-05 14:15:00,594.69,594.98,594.39,594.6,607290.0
2025-06-05 14:20:00,594.61,595.77,594.595,595.68,719926.0
2025-06-05 14:25:00,595.67,596.21,595.66,596.165,736843.0
2025-06-05 14:30:00,596.16,596.3,595.0,595.03,1138599.0
2025-06-05 14:35:00,595.02,596.33,594.0,595.95,1965148.0
2025-06-05 14:40:00,595.95,597.52,595.02,596.57,2551929.0
2025-06-05 14:45:00,596.56,597.58,596.05,596.24,2443500.0
2025-06-05 14:50:00,596.23,596.75,595.94,596.7173,761711.0
2025-06-05 14:55:00,596.72,597.45,596.58,597.295,894067.0
2025-06-05 15:00:00,597.29,597.625,597.29,597.6,1086420.0
2025-06-05 15:05:00,597.61,597.61,597.06,597.44,844594.0
2025-06-05 15:10:00,597.45,597.66,597.35,597.545,420367.0
2025-06-05 15:15:00,597.55,598.58,597.49,598.3711,1289736.0
2025-06-05 15:20:00,598.38,598.59,598.31,598.5,594424.0
2025-06-05 15:25:00,598.51,598.735,598.23,598.6601,648469.0
2025-06-05 15:30:00,598.65,598.781,598.5401,598.59,681944.0
2025-06-05 15:35:00,598.58,598.69,598.31,598.5131,540036.0
2025-06-05 15:40:00,598.56,598.76,598.34,598.61,489490.0
2025-06-05 15:45:00,598.61,598.64,598.17,598.33,403872.0
2025-06-05 15:50:00,598.34,598.66,598.23,598.46,387171.0
2025-06-05 15:55:00,598.46,599.0,598.34,598.7799,717515.0
2025-06-05 16:00:00,598.76,598.95,598.625,598.89,403828.0
2025-06-06 09:30:00,595.58,595.7,595.54,595.7,1751.0
2025-06-06 09:35:00,595.7,595.79,595.7,595.79,4671.0
2025-06-06 09:40:00,595.75,595.75,595.33,595.37,5170.0
2025-06-06 09:45:00,595.48,595.6,595.42,595.45,2241.0
2025-06-06 09:50:00,595.6,595.65,595.6,595.63,2926.0
2025-06-06 09:55:00,595.75,595.75,595.68,595.73,4837.0
2025-06-06 10:00:00,595.68,595.68,595.44,595.53,3948.0
2025-06-06 10:05:00,595.64,595.64,595.52,595.52,426.0
2025-06-06 10:10:00,595.56,595.57,595.49,595.56,2364.0
2025-06-06 10:15:00,595.51,595.79,595.51,595.79,12544.0
2025-06-06 10:20:00,595.71,595.79,595.68,595.7,4420.0
2025-06-06 10:25:00,595.75,595.75,595.71,595.73,1301.0
2025-06-06 10:30:00,595.7,595.7,595.55,595.55,972.0
2025-06-06 10:35:00,595.53,595.54,595.31,595.45,14375.0
2025-06-06 10:40:00,595.38,595.39,595.3,595.32,6205.0
2025-06-06 10:45:00,595.33,595.5,595.28,595.39,34951.0
2025-06-06 10:50:00,595.46,595.47,595.15,595.26,53050.0
2025-06-06 10:55:00,595.18,595.23,595.06,595.09,8202.0
2025-06-06 11:00:00,595.11,595.13,594.75,595.13,22765.0
2025-06-06 11:05:00,595.07,595.2,595.0,595.03,12181.0
2025-06-06 11:10:00,595.08,595.08,594.94,594.94,5423.0
2025-06-06 11:15:00,594.92,595.19,594.9,595.17,4261.0
2025-06-06 11:20:00,595.17,595.31,595.09,595.16,8228.0
2025-06-06 11:25:00,595.34,595.37,594.65,595.16,34668.0
2025-06-06 11:30:00,595.2,595.3,594.94,595.2,16726.0
2025-06-06 11:35:00,595.27,595.35,595.25,595.3,11468.0
2025-06-06 11:40:00,595.32,595.39,595.19,595.29,2883.0
2025-06-06 11:45:00,595.29,595.4,595.29,595.35,3231.0
2025-06-06 11:50:00,595.35,595.56,595.3,595.45,44234.0
2025-06-06 11:55:00,595.45,595.5,595.26,595.27,6588.0
2025-06-06 12:00:00,595.06,595.73,592.606,595.5994,81461.0
2025-06-06 12:05:00,595.6,595.66,595.36,595.66,23437.0
2025-06-06 12:10:00,595.62,595.8,595.52,595.8,41792.0
2025-06-06 12:15:00,595.73,595.78,595.46,595.46,79947.0
2025-06-06 12:20:00,595.43,595.59,595.35,595.54,23355.0
2025-06-06 12:25:00,595.61,595.85,595.57,595.7,58629.0
2025-06-06 12:30:00,595.85,597.9,595.85,597.42,442701.0
2025-06-06 12:35:00,597.46,597.75,597.0,597.55,249601.0
2025-06-06 12:40:00,597.58,598.05,597.45,597.93,105890.0
2025-06-06 12:45:00,597.98,598.1,597.48,597.48,102917.0
2025-06-06 12:50:00,597.5316,597.8402,597.39,597.51,32512.0
2025-06-06 12:55:00,597.56,597.75,597.47,597.74,44087.0
2025-06-06 13:00:00,597.74,598.11,597.45,597.54,113177.0
2025-06-06 13:05:00,597.57,597.99,597.54,597.94,40910.0
2025-06-06 13:10:00,597.94,598.39,597.94,598.22,83077.0
2025-06-06 13:15:00,598.22,598.86,598.22,598.79,78566.0
2025-06-06 13:20:00,598.8,599.07,598.55,598.59,160244.0
2025-06-06 13:25:00,598.52,598.79,598.44,598.66,83846.0
2025-06-06 13:30:00,598.66,599.1773,598.06,599.06,2472931.0
2025-06-06 13:35:00,599.06,599.78,598.87,599.7,1651899.0
2025-06-06 13:40:00,599.69,600.54,599.65,600.41,1672552.0
2025-06-06 13:45:00,600.415,600.83,600.29,600.51,1517389.0
2025-06-06 13:50:00,600.51,600.56,599.9875,600.18,1137708.0
2025-06-06 13:55:00,600.19,600.31,599.62,600.3,1454718.0
2025-06-06 14:00:00,600.31,600.48,599.61,599.72,968102.0
2025-06-06 14:05:00,599.73,600.19,599.72,600.09,722184.0
2025-06-06 14:10:00,600.08,600.24,599.38,599.945,759539.0
2025-06-06 14:15:00,599.95,600.07,599.53,599.61,714149.0
2025-06-06 14:20:00,599.6,600.09,599.51,599.95,637052.0
2025-06-06 14:25:00,599.95,600.02,598.85,599.18,901786.0
2025-06-06 14:30:00,599.16,599.27,598.65,599.11,687215.0
2025-06-06 14:35:00,599.09,599.59,599.02,599.57,590939.0
2025-06-06 14:40:00,599.55,599.94,599.49,599.65,479590.0
2025-06-06 14:45:00,599.66,599.765,599.33,599.73,524144.0
2025-06-06 14:50:00,599.72,599.85,599.56,599.64,406305.0
2025-06-06 14:55:00,599.65,599.73,599.15,599.3,431312.0
2025-06-06 15:00:00,599.29,599.65,599.21,599.61,508480.0
2025-06-06 15:05:00,599.59,600.37,598.86,600.02,1069818.0
2025-06-06 15:10:00,600.0193,600.05,599.53,599.76,581713.0
2025-06-06 15:15:00,599.77,599.79,597.65,598.0,1445828.0
2025-06-06 15:20:00,597.99,598.43,597.25,598.33,1806441.0
2025-06-06 15:25:00,598.33,598.66,598.15,598.51,637483.0
2025-06-06 15:30:00,598.48,598.7371,598.0801,598.39,670357.0
2025-06-06 15:35:00,598.42,598.45,597.9699,598.21,580647.0
2025-06-06 15:40:00,598.24,598.6301,598.11,598.51,458367.0
2025-06-06 15:45:00,598.52,598.95,598.37,598.9416,488773.0
2025-06-06 15:50:00,598.95,599.23,598.93,599.0,387285.0
2025-06-06 15:55:00,598.98,599.12,598.335,598.6901,466902.0
2025-06-06 16:00:00,598.7,598.94,598.65,598.84,357282.0
2025-06-09 09:30:00,599.82,599.89,599.82,599.88,2606.0
2025-06-09 09:35:00,599.87,599.87,599.74,599.74,2501.0
2025-06-09 09:40:00,599.85,599.86,599.85,599.86,301.0
2025-06-09 09:45:00,599.75,599.78,599.75,599.78,502.0
2025-06-09 09:50:00,599.73,599.73,599.69,599.69,493.0
2025-06-09 09:55:00,599.59,599.62,599.55,599.55,600.0
2025-06-09 10:00:00,599.48,599.62,599.48,599.62,2706.0
2025-06-09 10:10:00,599.58,599.58,599.58,599.58,407.0
2025-06-09 10:15:00,599.63,599.63,599.63,599.63,357.0
2025-06-09 10:20:00,599.56,599.63,599.56,599.63,1299.0
2025-06-09 10:25:00,599.45,599.45,599.31,599.36,4366.0
2025-06-09 10:30:00,599.4,599.57,599.4,599.53,2866.0
2025-06-09 10:35:00,599.51,599.54,599.51,599.52,1937.0
2025-06-09 10:40:00,599.5,599.52,599.33,599.33,2776.0
2025-06-09 10:45:00,599.33,599.36,599.29,599.36,1229.0
2025-06-09 10:50:00,599.31,599.35,599.2,599.2,2036.0
2025-06-09 10:55:00,599.21,599.33,599.12,599.33,5523.0
2025-06-09 11:00:00,599.35,599.65,599.32,599.63,9402.0
2025-06-09 11:05:00,599.64,599.83,599.59,599.75,14429.0
2025-06-09 11:10:00,599.72,599.74,599.47,599.589,6786.0
2025-06-09 11:15:00,599.65,599.84,599.62,599.73,21384.0
2025-06-09 11:20:00,599.79,599.99,599.79,599.86,21747.0
2025-06-09 11:25:00,599.8,599.83,599.68,599.69,31263.0
2025-06-09 11:30:00,599.81,600.11,599.75,600.1,20011.0
2025-06-09 11:35:00,600.11,600.35,600.02,600.29,41905.0
2025-06-09 11:40:00,600.35,600.37,600.09,600.1,11424.0
2025-06-09 11:45:00,600.08,600.14,599.95,600.03,8566.0
2025-06-09 11:50:00,600.09,600.15,600.03,600.079,41617.0
2025-06-09 11:55:00,600.11,600.3,600.109,600.15,14857.0
2025-06-09 12:00:00,599.58,600.37,598.1,600.0596,60082.0
2025-06-09 12:05:00,600.0,600.09,599.81,599.89,17927.0
2025-06-09 12:10:00,599.91,600.05,599.7,599.77,21000.0
2025-06-09 12:15:00,599.79,599.93,599.65,599.93,6809.0
2025-06-09 12:20:00,600.03,600.2,600.0,600.12,9759.0
2025-06-09 12:25:00,600.12,600.2,600.07,600.09,41967.0
2025-06-09 12:30:00,600.08,600.19,600.04,600.06,43188.0
2025-06-09 12:35:00,600.01,600.18,600.0,600.06,30968.0
2025-06-09 12:40:00,600.12,600.21,599.96,600.17,18259.0
2025-06-09 12:45:00,600.16,600.21,600.03,600.06,19758.0
2025-06-09 12:50:00,600.03,600.07,599.51,599.93,45072.0
2025-06-09 12:55:00,599.9,599.92,599.76,599.76,15806.0
2025-06-09 13:00:00,599.79,600.03,599.79,599.96,21007.0
2025-06-09 13:05:00,600.01,600.1,599.9,599.9,39714.0
2025-06-09 13:10:00,599.9,600.1,599.9,599.95,18570.0
2025-06-09 13:15:00,599.91,599.97,599.63,599.68,33164.0
2025-06-09 13:20:00,599.66,600.07,599.66,600.0,17690.0
2025-06-09 13:25:00,599.91,600.09,599.7,599.79,55584.0
2025-06-09 13:30:00,599.72,599.99,598.6,598.6338,1266370.0
2025-06-09 13:35:00,598.66,599.06,598.49,598.83,737422.0
2025-06-09 13:40:00,598.83,599.33,598.78,599.17,683807.0
2025-06-09 13:45:00,599.17,599.43,598.99,599.42,1012733.0
2025-06-09 13:50:00,599.41,599.46,599.17,599.4,805090.0
2025-06-09 13:55:00,599.41,599.45,598.89,598.895,718341.0
2025-06-09 14:00:00,598.93,599.4,598.79,599.02,906071.0
2025-06-09 14:05:00,599.01,599.26,599.0,599.16,687870.0
2025-06-09 14:10:00,599.15,599.64,599.12,599.615,771914.0
2025-06-09 14:15:00,599.61,599.79,599.38,599.63,557095.0
2025-06-09 14:20:00,599.63,599.94,599.63,599.815,706678.0
2025-06-09 14:25:00,599.82,599.97,599.67,599.71,648047.0
2025-06-09 14:30:00,599.71,600.4,599.59,600.055,1467380.0
2025-06-09 14:35:00,600.06,600.08,599.68,599.8901,655083.0
2025-06-09 14:40:00,599.9,599.975,599.4,599.46,721900.0
2025-06-09 14:45:00,599.45,599.4799,599.14,599.2399,635963.0
2025-06-09 14:50:00,599.22,599.545,599.03,599.27,513087.0
2025-06-09 14:55:00,599.28,599.52,599.21,599.51,376475.0
2025-06-09 15:00:00,599.52,599.76,599.47,599.62,556019.0
2025-06-09 15:05:00,599.62,599.86,599.61,599.78,408639.0
2025-06-09 15:10:00,599.78,599.86,599.505,599.531,383242.0
2025-06-09 15:15:00,599.539,599.7093,599.25,599.3899,383321.0
2025-06-09 15:20:00,599.3788,599.6,599.1,599.4199,334023.0
2025-06-09 15:25:00,599.41,599.4589,599.05,599.215,269800.0
2025-06-09 15:30:00,599.22,599.55,599.19,599.44,352980.0
2025-06-09 15:35:00,599.43,599.73,599.415,599.705,412326.0
2025-06-09 15:40:00,599.7,599.76,599.5,599.63,490094.0
2025-06-09 15:45:00,599.65,599.79,599.52,599.675,297210.0
2025-06-09 15:50:00,599.69,599.99,599.69,599.94,400119.0
2025-06-09 15:55:00,599.94,600.01,599.7601,599.85,412685.0
2025-06-09 16:00:00,599.86,600.015,599.68,599.87,407723.0
2025-06-10 09:30:00,599.91,599.97,599.76,599.79,7558.0
2025-06-10 09:35:00,599.82,599.93,599.82,599.9,1693.0
2025-06-10 09:40:00,599.87,599.87,599.87,599.87,167.0
2025-06-10 09:45:00,599.82,599.87,599.74,599.81,1636.0
2025-06-10 09:50:00,599.8,599.85,599.67,599.7,1964.0
2025-06-10 09:55:00,599.73,599.91,599.73,599.81,808.0
2025-06-10 10:00:00,599.76,600.07,599.76,599.95,2398.0
2025-06-10 10:05:00,600.15,600.2,600.12,600.12,2575.0
2025-06-10 10:10:00,600.16,600.24,600.16,600.22,11513.0
2025-06-10 10:15:00,600.25,600.31,600.25,600.31,2001.0
2025-06-10 10:20:00,600.27,600.27,600.19,600.19,540.0
2025-06-10 10:25:00,600.19,600.19,599.99,600.07,1157.0
2025-06-10 10:30:00,600.1,600.11,599.99,600.11,2152.0
2025-06-10 10:35:00,600.07,600.1,600.06,600.07,2905.0
2025-06-10 10:40:00,600.1,600.1,600.04,600.04,892.0
2025-06-10 10:45:00,600.05,600.05,599.92,599.95,3402.0
2025-06-10 10:50:00,599.98,600.05,599.9,599.95,5829.0
2025-06-10 10:55:00,600.03,600.15,599.91,600.15,4945.0
2025-06-10 11:00:00,600.17,600.2,599.95,600.2,10157.0
2025-06-10 11:05:00,600.18,600.19,599.38,599.54,11300.0
2025-06-10 11:10:00,599.58,599.65,599.36,599.419,9699.0
2025-06-10 11:15:00,599.41,599.68,599.41,599.68,3468.0
2025-06-10 11:20:00,599.63,599.7,599.56,599.6,3351.0
2025-06-10 11:25:00,599.69,599.75,599.59,599.75,1370.0
2025-06-10 11:30:00,599.78,600.3,599.78,600.28,12095.0
2025-06-10 11:35:00,600.15,600.28,600.0,600.0,21220.0
2025-06-10 11:40:00,600.05,600.14,599.88,599.88,20594.0
2025-06-10 11:45:00,599.87,600.06,599.86,600.06,3506.0
2025-06-10 11:50:00,600.03,600.27,600.03,600.27,15677.0
2025-06-10 11:55:00,600.23,600.5,600.23,600.5,10069.0
2025-06-10 12:00:00,600.0,602.13,597.83,600.48,135093.0
2025-06-10 12:05:00,600.45,600.46,599.231,600.46,5952.0
2025-06-10 12:10:00,600.54,600.61,600.49,600.58,13991.0
2025-06-10 12:15:00,600.55,600.69,600.49,600.56,22282.0
2025-06-10 12:20:00,600.47,600.58,600.42,600.48,19579.0
2025-06-10 12:25:00,600.54,600.61,600.41,600.51,16936.0
2025-06-10 12:30:00,600.57,600.57,600.3501,600.45,9788.0
2025-06-10 12:35:00,600.45,600.6,600.43,600.59,3904.0
2025-06-10 12:40:00,600.63,600.73,600.54,600.61,21088.0
2025-06-10 12:45:00,600.6,600.79,600.6,600.78,14668.0
2025-06-10 12:50:00,600.7,600.75,600.36,600.45,16652.0
2025-06-10 12:55:00,600.44,600.55,600.4,600.48,11398.0
2025-06-10 13:00:00,600.49,600.61,600.38,600.4,11111.0
2025-06-10 13:05:00,600.371,600.45,600.31,600.42,14382.0
2025-06-10 13:10:00,600.4,600.6,600.36,600.4706,15217.0
2025-06-10 13:15:00,600.45,600.61,600.29,600.5,27776.0
2025-06-10 13:20:00,600.5,600.61,600.44,600.44,24465.0
2025-06-10 13:25:00,600.44,600.49,600.05,600.23,96727.0
2025-06-10 13:30:00,600.22,600.96,600.22,600.375,1200317.0
2025-06-10 13:35:00,600.36,600.98,600.28,600.82,892650.0
2025-06-10 13:40:00,600.81,600.98,600.16,600.5099,825652.0
2025-06-10 13:45:00,600.51,600.8499,600.34,600.775,663038.0
2025-06-10 13:50:00,600.77,601.13,600.45,600.55,780493.0
2025-06-10 13:55:00,600.55,600.675,600.33,600.57,706866.0
2025-06-10 14:00:00,600.57,600.8872,600.51,600.74,613309.0
2025-06-10 14:05:00,600.74,600.92,600.58,600.675,434175.0
2025-06-10 14:10:00,600.68,601.11,600.66,600.96,636508.0
2025-06-10 14:15:00,600.93,601.22,600.92,601.075,466138.0
2025-06-10 14:20:00,601.0784,601.2699,600.89,601.24,521466.0
2025-06-10 14:25:00,601.23,601.26,600.92,601.19,622722.0
2025-06-10 14:30:00,601.2,601.29,601.0001,601.1,522082.0
2025-06-10 14:35:00,601.1,601.275,601.04,601.24,423455.0
2025-06-10 14:40:00,601.24,601.81,601.18,601.54,864929.0
2025-06-10 14:45:00,601.54,601.61,601.34,601.47,592343.0
2025-06-10 14:50:00,601.46,601.605,601.33,601.5099,395498.0
2025-06-10 14:55:00,601.5,601.511,601.02,601.06,623829.0
2025-06-10 15:00:00,601.07,601.39,600.93,601.3588,567594.0
2025-06-10 15:05:00,601.35,601.49,601.02,601.04,510449.0
2025-06-10 15:10:00,601.0388,601.3084,600.88,601.1899,507306.0
2025-06-10 15:15:00,601.2002,601.38,601.095,601.29,354177.0
2025-06-10 15:20:00,601.28,601.3299,601.06,601.14,440670.0
2025-06-10 15:25:00,601.14,601.45,601.0807,601.175,550748.0
2025-06-10 15:30:00,601.16,601.16,599.09,600.04,2371432.0
2025-06-10 15:35:00,600.03,600.46,599.885,600.45,1118522.0
2025-06-10 15:40:00,600.44,600.83,600.3,600.7817,695876.0
2025-06-10 15:45:00,600.78,600.975,600.66,600.8607,469596.0
2025-06-10 15:50:00,600.85,601.23,600.84,601.13,547710.0
2025-06-10 15:55:00,601.1301,601.285,601.08,601.27,578810.0
2025-06-10 16:00:00,601.26,601.82,601.225,601.6,850284.0
2025-06-11 09:30:00,602.38,602.38,602.38,602.38,241.0
2025-06-11 09:35:00,602.21,602.21,602.15,602.15,545.0
2025-06-11 09:40:00,602.04,602.09,602.04,602.09,1087.0
2025-06-11 09:45:00,602.12,602.12,602.12,602.12,509.0
2025-06-11 09:50:00,601.98,601.98,601.86,601.94,4647.0
2025-06-11 09:55:00,601.91,601.91,601.81,601.81,2669.0
2025-06-11 10:00:00,601.82,602.04,601.73,602.01,2616.0
2025-06-11 10:05:00,602.07,602.24,602.07,602.17,5307.0
2025-06-11 10:10:00,602.22,602.22,602.13,602.13,2228.0
2025-06-11 10:15:00,602.15,602.2,602.11,602.13,1165.0
2025-06-11 10:20:00,602.14,602.14,602.03,602.03,1323.0
2025-06-11 10:25:00,602.03,602.19,602.02,602.19,3214.0
2025-06-11 10:30:00,602.08,602.09,602.03,602.03,1396.0
2025-06-11 10:35:00,602.07,602.09,602.05,602.06,4717.0
2025-06-11 10:40:00,602.06,602.27,601.8,602.19,33570.0
2025-06-11 10:45:00,602.24,602.34,602.19,602.3,16779.0
2025-06-11 10:50:00,602.13,602.33,602.13,602.33,4865.0
2025-06-11 10:55:00,602.33,602.33,602.2,602.2,9153.0
2025-06-11 11:00:00,602.23,602.23,602.04,602.05,8188.0
2025-06-11 11:05:00,602.06,602.06,601.94,601.98,5901.0
2025-06-11 11:10:00,601.99,602.03,601.78,601.81,10182.0
2025-06-11 11:15:00,601.65,601.65,601.24,601.3,18802.0
2025-06-11 11:20:00,601.22,601.46,601.13,601.46,36187.0
2025-06-11 11:25:00,601.46,601.86,601.43,601.86,6942.0
2025-06-11 11:30:00,601.87,602.15,601.86,602.0,12463.0
2025-06-11 11:35:00,601.93,602.01,601.78,601.78,3950.0
2025-06-11 11:40:00,601.9,602.0,601.89,602.0,5583.0
2025-06-11 11:45:00,602.0,602.15,602.0,602.14,2986.0
2025-06-11 11:50:00,602.12,602.25,602.02,602.25,4370.0
2025-06-11 11:55:00,602.35,602.5,602.3,602.32,9627.0
2025-06-11 12:00:00,602.33,603.85,600.99,602.64,396018.0
2025-06-11 12:05:00,602.79,603.22,601.82,602.3,446715.0
2025-06-11 12:10:00,602.42,602.9,602.39,602.44,123089.0
2025-06-11 12:15:00,602.23,602.47,601.93,602.15,58198.0
2025-06-11 12:20:00,602.4,602.56,601.82,602.22,30319.0
2025-06-11 12:25:00,602.22,602.79,602.12,602.73,98796.0
2025-06-11 12:30:00,602.7,606.4,602.68,605.16,849487.0
2025-06-11 12:35:00,605.2,605.87,605.12,605.77,248899.0
2025-06-11 12:40:00,605.8,606.11,604.85,604.93,248474.0
2025-06-11 12:45:00,604.94,605.17,604.36,604.36,148603.0
2025-06-11 12:50:00,604.39,604.72,604.24,604.58,118752.0
2025-06-11 12:55:00,604.55,604.75,604.26,604.54,77783.0
2025-06-11 13:00:00,604.55,604.78,603.9201,604.16,158209.0
2025-06-11 13:05:00,604.1792,604.4,604.06,604.34,62047.0
2025-06-11 13:10:00,604.33,604.64,604.2,604.23,50194.0
2025-06-11 13:15:00,604.32,604.45,604.16,604.39,45872.0
2025-06-11 13:20:00,604.37,604.4,604.02,604.05,107979.0
2025-06-11 13:25:00,604.05,604.37,604.0,604.18,75936.0
2025-06-11 13:30:00,604.19,604.25,602.88,603.1,1750366.0
2025-06-11 13:35:00,603.09,603.62,602.8,603.45,1071229.0
2025-06-11 13:40:00,603.44,603.64,603.11,603.2,1015200.0
2025-06-11 13:45:00,603.19,603.25,602.25,603.08,1189706.0
2025-06-11 13:50:00,603.08,603.86,603.01,603.625,959214.0
2025-06-11 13:55:00,603.62,603.9,603.38,603.65,626451.0
2025-06-11 14:00:00,603.66,603.94,603.41,603.6,601058.0
2025-06-11 14:05:00,603.61,603.96,603.3,603.93,554724.0
2025-06-11 14:10:00,603.94,604.16,603.78,604.145,595669.0
2025-06-11 14:15:00,604.14,604.57,604.0,604.5157,696468.0
2025-06-11 14:20:00,604.52,604.68,604.35,604.6,548482.0
2025-06-11 14:25:00,604.59,604.885,604.58,604.735,701393.0
2025-06-11 14:30:00,604.74,604.79,604.445,604.77,619327.0
2025-06-11 14:35:00,604.79,604.82,604.52,604.68,362189.0
2025-06-11 14:40:00,604.69,604.755,604.38,604.755,460141.0
2025-06-11 14:45:00,604.76,604.97,604.6122,604.64,454027.0
2025-06-11 14:50:00,604.63,604.91,604.608,604.85,410497.0
2025-06-11 14:55:00,604.8413,605.06,604.635,604.7,608197.0
2025-06-11 15:00:00,604.7,604.9879,604.665,604.97,484568.0
2025-06-11 15:05:00,604.96,604.965,603.68,603.74,953280.0
2025-06-11 15:10:00,603.71,604.5099,603.46,604.26,930535.0
2025-06-11 15:15:00,604.28,604.7601,604.26,604.67,441211.0
2025-06-11 15:20:00,604.67,604.68,604.43,604.62,417392.0
2025-06-11 15:25:00,604.62,604.65,604.12,604.22,429389.0
2025-06-11 15:30:00,604.21,604.3,604.0,604.15,380067.0
2025-06-11 15:35:00,604.14,604.44,603.99,604.055,355236.0
2025-06-11 15:40:00,604.05,604.15,603.68,603.7599,421351.0
2025-06-11 15:45:00,603.75,604.03,603.23,603.6601,941814.0
2025-06-11 15:50:00,603.65,604.22,603.5445,604.15,736183.0
2025-06-11 15:55:00,604.16,604.17,603.49,603.58,541020.0
2025-06-11 16:00:00,603.59,603.87,603.23,603.35,857904.0
2025-06-12 09:30:00,599.11,599.34,599.04,599.28,6116.0
2025-06-12 09:35:00,599.45,599.76,599.44,599.56,14878.0
2025-06-12 09:40:00,599.48,599.48,599.0,599.23,6409.0
2025-06-12 09:45:00,599.34,599.47,599.14,599.19,5256.0
2025-06-12 09:50:00,599.04,599.12,598.89,599.01,10393.0
2025-06-12 09:55:00,598.96,599.01,598.93,598.96,3056.0
2025-06-12 10:00:00,598.82,599.03,598.67,599.01,2391.0
2025-06-12 10:05:00,598.95,598.95,598.67,598.69,1389.0
2025-06-12 10:10:00,598.75,598.77,598.47,598.65,10498.0
2025-06-12 10:15:00,598.91,599.08,598.91,598.97,3539.0
2025-06-12 10:20:00,598.99,598.99,598.2,598.24,10229.0
2025-06-12 10:25:00,598.24,598.43,598.06,598.36,18821.0
2025-06-12 10:30:00,598.44,598.68,598.32,598.33,21181.0
2025-06-12 10:35:00,598.33,598.55,598.23,598.41,7753.0
2025-06-12 10:40:00,598.48,598.81,598.47,598.77,31834.0
2025-06-12 10:45:00,598.83,599.12,598.77,599.01,13014.0
2025-06-12 10:50:00,599.01,599.24,598.96,599.01,14728.0
2025-06-12 10:55:00,599.11,599.22,598.7,598.75,15402.0
2025-06-12 11:00:00,598.73,598.81,598.53,598.63,10438.0
2025-06-12 11:05:00,598.5,598.74,598.33,598.74,22614.0
2025-06-12 11:10:00,598.83,599.0,598.5,598.5,42442.0
2025-06-12 11:15:00,598.39,598.51,598.35,598.43,20089.0
2025-06-12 11:20:00,598.47,598.6,598.4,598.48,15312.0
2025-06-12 11:25:00,598.48,598.6,598.2,598.27,27334.0
2025-06-12 11:30:00,598.23,598.27,597.98,598.27,25227.0
2025-06-12 11:35:00,598.34,598.34,597.9,598.07,45315.0
2025-06-12 11:40:00,598.13,598.44,598.08,598.41,9645.0
2025-06-12 11:45:00,598.38,598.53,598.32,598.38,10585.0
2025-06-12 11:50:00,598.43,598.44,597.87,597.97,21195.0
2025-06-12 11:55:00,597.95,597.97,597.67,597.86,21928.0
2025-06-12 12:00:00,600.78,600.78,597.69,597.96,74348.0
2025-06-12 12:05:00,597.9813,598.24,597.95,598.15,15592.0
2025-06-12 12:10:00,598.2001,598.5,598.13,598.45,38724.0
2025-06-12 12:15:00,598.4,598.4,598.25,598.38,17725.0
2025-06-12 12:20:00,598.359,598.41,598.25,598.3301,28844.0
2025-06-12 12:25:00,598.3505,598.37,598.05,598.3,27240.0
2025-06-12 12:30:00,598.39,599.05,597.85,598.89,134427.0
2025-06-12 12:35:00,598.93,599.68,598.8,599.65,124233.0
2025-06-12 12:40:00,599.59,599.91,599.51,599.8799,117166.0
2025-06-12 12:45:00,599.88,600.07,599.62,599.76,124838.0
2025-06-12 12:50:00,599.8,599.87,599.55,599.85,42755.0
2025-06-12 12:55:00,599.8494,600.1488,599.8494,599.99,73653.0
2025-06-12 13:00:00,600.03,600.81,599.93,600.12,98880.0
2025-06-12 13:05:00,600.1,601.3995,599.77,600.01,136424.0
2025-06-12 13:10:00,600.115,600.13,599.98,599.99,25755.0
2025-06-12 13:15:00,600.04,600.12,599.88,600.11,27448.0
2025-06-12 13:20:00,600.13,600.13,599.87,600.0,58494.0
2025-06-12 13:25:00,600.03,600.15,599.9,600.02,116898.0
2025-06-12 13:30:00,600.01,600.67,599.64,599.75,1290869.0
2025-06-12 13:35:00,599.76,600.53,599.52,600.32,1149884.0
2025-06-12 13:40:00,600.32,600.82,600.19,600.7,854678.0
2025-06-12 13:45:00,600.7,600.95,600.4,600.9099,834342.0
2025-06-12 13:50:00,600.89,601.24,600.65,601.03,1009049.0
2025-06-12 13:55:00,601.02,601.02,600.36,600.7699,674589.0
2025-06-12 14:00:00,600.76,601.095,600.61,600.88,634211.0
2025-06-12 14:05:00,600.89,601.66,600.74,601.43,997753.0
2025-06-12 14:10:00,601.46,601.925,601.385,601.87,631851.0
2025-06-12 14:15:00,601.87,602.35,601.7801,602.21,1003627.0
2025-06-12 14:20:00,602.21,602.46,602.09,602.25,740142.0
2025-06-12 14:25:00,602.25,602.64,601.98,602.48,1065634.0
2025-06-12 14:30:00,602.49,602.72,602.35,602.61,771810.0
2025-06-12 14:35:00,602.57,603.02,602.4301,602.89,713546.0
2025-06-12 14:40:00,602.9,603.12,602.84,602.95,678008.0
2025-06-12 14:45:00,602.95,603.13,602.885,603.04,574493.0
2025-06-12 14:50:00,603.04,603.05,602.7801,602.8301,655221.0
2025-06-12 14:55:00,602.84,602.925,602.58,602.6413,731245.0
2025-06-12 15:00:00,602.65,603.62,602.65,603.49,1093526.0
2025-06-12 15:05:00,603.47,603.51,603.09,603.2,806839.0
2025-06-12 15:10:00,603.2093,603.295,602.94,603.19,514847.0
2025-06-12 15:15:00,603.19,603.3,602.43,602.64,1246894.0
2025-06-12 15:20:00,602.64,602.77,601.54,601.98,1899788.0
2025-06-12 15:25:00,601.97,602.49,601.7101,602.45,1047491.0
2025-06-12 15:30:00,602.45,602.61,601.97,602.27,691742.0
2025-06-12 15:35:00,602.28,602.5291,602.02,602.14,453184.0
2025-06-12 15:40:00,602.14,602.5,602.08,602.37,308942.0
2025-06-12 15:45:00,602.355,602.39,601.86,602.01,493380.0
2025-06-12 15:50:00,602.0,602.27,601.74,602.25,606957.0
2025-06-12 15:55:00,602.26,602.55,602.12,602.47,451313.0
2025-06-12 16:00:00,602.475,602.825,601.915,602.14,767023.0
2025-06-13 09:30:00,597.09,597.09,596.62,596.69,10699.0
2025-06-13 09:35:00,596.82,596.91,596.45,596.72,6366.0
2025-06-13 09:40:00,596.7,596.75,596.5,596.65,8884.0
2025-06-13 09:45:00,596.65,596.73,596.48,596.64,8680.0
2025-06-13 09:50:00,596.41,596.91,596.41,596.86,10646.0
2025-06-13 09:55:00,596.75,597.16,596.71,596.91,22268.0
2025-06-13 10:00:00,597.02,597.02,596.4,596.41,7420.0
2025-06-13 10:05:00,596.48,596.73,596.41,596.5,20864.0
2025-06-13 10:10:00,596.71,597.12,596.71,596.96,13253.0
2025-06-13 10:15:00,596.93,597.06,596.56,596.91,21110.0
2025-06-13 10:20:00,596.99,597.0,596.48,596.73,22889.0
2025-06-13 10:25:00,596.83,597.45,596.83,597.22,21316.0
2025-06-13 10:30:00,597.11,597.13,596.97,596.98,12008.0
2025-06-13 10:35:00,597.0,597.21,596.91,597.02,21820.0
2025-06-13 10:40:00,597.09,597.2,596.95,597.07,10341.0
2025-06-13 10:45:00,597.15,597.43,597.11,597.34,102048.0
2025-06-13 10:50:00,597.32,597.5,597.16,597.43,7952.0
2025-06-13 10:55:00,597.5,597.87,597.47,597.63,9120.0
2025-06-13 11:00:00,597.7,598.25,597.6,598.25,43708.0
2025-06-13 11:05:00,598.23,598.6,598.19,598.55,37103.0
2025-06-13 11:10:00,598.49,598.49,597.73,597.85,95508.0
2025-06-13 11:15:00,597.81,597.92,597.5,597.92,112787.0
2025-06-13 11:20:00,597.92,598.01,597.63,597.82,149379.0
2025-06-13 11:25:00,597.8,597.81,597.56,597.58,33882.0
2025-06-13 11:30:00,597.63,598.21,597.58,598.21,131444.0
2025-06-13 11:35:00,598.19,598.55,598.06,598.2,101914.0
2025-06-13 11:40:00,598.25,598.55,598.25,598.55,29386.0
2025-06-13 11:45:00,598.55,598.65,598.5,598.62,54265.0
2025-06-13 11:50:00,598.45,598.63,598.41,598.51,10677.0
2025-06-13 11:55:00,598.47,598.7,598.43,598.48,36806.0
2025-06-13 12:00:00,598.0,598.6682,593.79,598.15,212781.0
2025-06-13 12:05:00,598.12,598.29,598.01,598.24,35542.0
2025-06-13 12:10:00,598.2499,598.29,598.07,598.07,46167.0
2025-06-13 12:15:00,598.08,598.5,598.0,598.36,48234.0
2025-06-13 12:20:00,598.4699,598.94,598.4699,598.85,96374.0
2025-06-13 12:25:00,598.87,598.97,598.56,598.6386,42597.0
2025-06-13 12:30:00,598.68,598.84,598.52,598.76,42924.0
2025-06-13 12:35:00,598.81,599.1,598.7,598.7517,87771.0
2025-06-13 12:40:00,598.79,598.83,598.22,598.27,39136.0
2025-06-13 12:45:00,598.27,598.45,598.12,598.31,39879.0
2025-06-13 12:50:00,598.23,598.37,597.87,597.9505,47888.0
2025-06-13 12:55:00,597.9824,598.23,597.9824,598.09,41596.0
2025-06-13 13:00:00,598.11,598.11,597.85,598.05,61821.0
2025-06-13 13:05:00,597.96,598.03,597.86,597.89,36093.0
2025-06-13 13:10:00,597.9099,597.98,597.61,597.9,36957.0
2025-06-13 13:15:00,597.85,597.91,597.25,597.51,122892.0
2025-06-13 13:20:00,597.44,597.72,597.29,597.58,56031.0
2025-06-13 13:25:00,597.56,599.04,597.48,598.53,201419.0
2025-06-13 13:30:00,598.5,600.37,598.16,599.8,2686947.0
2025-06-13 13:35:00,599.82,600.21,599.27,600.04,1537182.0
2025-06-13 13:40:00,600.06,600.07,599.39,599.68,925204.0
2025-06-13 13:45:00,599.69,599.69,598.76,598.99,1161076.0
2025-06-13 13:50:00,598.99,599.72,598.46,598.47,1231231.0
2025-06-13 13:55:00,598.47,598.77,597.86,598.15,943011.0
2025-06-13 14:00:00,598.17,599.167,598.03,598.38,1282201.0
2025-06-13 14:05:00,598.37,598.93,598.2,598.51,747463.0
2025-06-13 14:10:00,598.52,598.56,597.51,597.97,927913.0
2025-06-13 14:15:00,597.98,598.19,597.67,597.805,541545.0
2025-06-13 14:20:00,597.8,598.08,596.99,597.6152,1185151.0
2025-06-13 14:25:00,597.6,597.73,596.63,596.77,990081.0
2025-06-13 14:30:00,596.77,597.6,596.65,597.415,936481.0
2025-06-13 14:35:00,597.41,598.38,597.2115,598.3,971023.0
2025-06-13 14:40:00,598.32,598.94,597.945,597.97,934898.0
2025-06-13 14:45:00,598.0,598.18,597.4,597.74,736823.0
2025-06-13 14:50:00,597.72,599.19,597.5499,598.93,1101207.0
2025-06-13 14:55:00,598.92,599.42,598.805,599.14,1009796.0
2025-06-13 15:00:00,599.14,599.36,598.92,599.305,535500.0
2025-06-13 15:05:00,599.3,599.71,599.27,599.46,512907.0
2025-06-13 15:10:00,599.45,599.7601,599.06,599.63,666637.0
2025-06-13 15:15:00,599.65,599.96,599.42,599.9201,482690.0
2025-06-13 15:20:00,599.93,600.67,599.79,600.13,1185086.0
2025-06-13 15:25:00,600.11,600.61,599.97,600.58,573237.0
2025-06-13 15:30:00,600.57,600.95,600.505,600.67,722056.0
2025-06-13 15:35:00,600.67,600.745,600.33,600.49,593094.0
2025-06-13 15:40:00,600.49,601.04,600.292,600.9,698854.0
2025-06-13 15:45:00,600.9,601.465,600.79,601.27,864003.0
2025-06-13 15:50:00,601.28,601.71,601.28,601.6409,550962.0
2025-06-13 15:55:00,601.64,601.66,601.0,601.25,841119.0
2025-06-13 16:00:00,601.24,601.33,600.9001,601.0399,438600.0
2025-06-16 09:30:00,599.54,599.54,599.45,599.5,1730.0
2025-06-16 09:35:00,599.44,599.44,599.11,599.25,10325.0
2025-06-16 09:40:00,599.2,599.3,599.17,599.3,1320.0
2025-06-16 09:45:00,599.14,599.34,599.14,599.33,2685.0
2025-06-16 09:50:00,599.33,599.43,599.29,599.41,42021.0
2025-06-16 09:55:00,599.35,599.54,599.33,599.46,6598.0
2025-06-16 10:00:00,599.33,599.4,599.29,599.4,2847.0
2025-06-16 10:05:00,599.41,599.41,599.41,599.41,631.0
2025-06-16 10:10:00,599.46,599.68,599.46,599.62,20188.0
2025-06-16 10:15:00,599.67,599.68,599.67,599.68,2491.0
2025-06-16 10:20:00,599.74,599.74,599.74,599.74,151.0
2025-06-16 10:25:00,599.74,599.75,599.66,599.7,7449.0
2025-06-16 10:30:00,599.69,599.73,599.65,599.73,5926.0
2025-06-16 10:35:00,599.71,599.81,599.57,599.6,19511.0
2025-06-16 10:40:00,599.42,599.42,599.34,599.34,1636.0
2025-06-16 10:45:00,599.42,599.74,599.42,599.69,7916.0
2025-06-16 10:50:00,599.66,599.93,599.66,599.83,13015.0
2025-06-16 10:55:00,599.91,600.2,599.91,600.2,8932.0
2025-06-16 11:00:00,600.16,600.16,599.63,599.82,29064.0
2025-06-16 11:05:00,599.76,599.87,599.63,599.691,62141.0
2025-06-16 11:10:00,599.69,599.69,599.47,599.56,9841.0
2025-06-16 11:15:00,599.67,599.83,599.67,599.74,7254.0
2025-06-16 11:20:00,599.73,599.83,599.72,599.8,14469.0
2025-06-16 11:25:00,599.9,599.91,599.75,599.9,32564.0
2025-06-16 11:30:00,599.91,600.08,599.89,600.06,42885.0
2025-06-16 11:35:00,600.02,600.5,600.02,600.41,38934.0
2025-06-16 11:40:00,600.38,600.5,600.38,600.41,13155.0
2025-06-16 11:45:00,600.5,600.82,600.5,600.65,75555.0
2025-06-16 11:50:00,600.7,600.86,600.65,600.86,41265.0
2025-06-16 11:55:00,600.76,600.82,600.68,600.75,27353.0
2025-06-16 12:00:00,599.67,600.88,597.5,600.7,122429.0
2025-06-16 12:05:00,600.69,600.88,600.56,600.8701,44619.0
2025-06-16 12:10:00,600.94,600.94,600.76,600.799,25327.0
2025-06-16 12:15:00,600.81,600.98,600.76,600.92,28314.0
2025-06-16 12:20:00,600.99,601.41,600.9001,601.34,52413.0
2025-06-16 12:25:00,601.29,601.37,601.07,601.18,37508.0
2025-06-16 12:30:00,601.2,601.35,600.8,600.85,62632.0
2025-06-16 12:35:00,600.91,600.97,600.71,600.909,34269.0
2025-06-16 12:40:00,600.89,601.06,600.82,600.89,29096.0
2025-06-16 12:45:00,600.97,601.0,600.78,600.88,43595.0
2025-06-16 12:50:00,600.86,600.92,596.9301,600.83,99846.0
2025-06-16 12:55:00,600.82,600.955,600.72,600.74,45465.0
2025-06-16 13:00:00,600.77,600.93,600.76,600.83,31173.0
2025-06-16 13:05:00,600.8385,600.96,600.56,600.91,37230.0
2025-06-16 13:10:00,600.93,601.0,600.8,600.9599,25952.0
2025-06-16 13:15:00,600.93,600.93,600.7,600.73,37222.0
2025-06-16 13:20:00,600.71,600.87,600.63,600.64,50293.0
2025-06-16 13:25:00,600.57,600.73,600.36,600.4,112891.0
2025-06-16 13:30:00,600.4,601.55,600.22,601.53,2256606.0
2025-06-16 13:35:00,601.53,601.67,601.095,601.491,1450335.0
2025-06-16 13:40:00,601.5,601.705,601.2101,601.36,972184.0
2025-06-16 13:45:00,601.37,602.41,601.26,602.135,1721837.0
2025-06-16 13:50:00,602.14,603.17,601.88,602.79,1995915.0
2025-06-16 13:55:00,602.79,603.41,602.66,603.05,1593640.0
2025-06-16 14:00:00,603.07,603.64,603.05,603.435,1232830.0
2025-06-16 14:05:00,603.45,603.6,602.97,603.019,1164567.0
2025-06-16 14:10:00,602.98,603.72,602.965,603.67,1107547.0
2025-06-16 14:15:00,603.66,604.05,603.48,603.97,1174041.0
2025-06-16 14:20:00,603.9708,604.13,603.78,603.97,1079265.0
2025-06-16 14:25:00,603.98,604.19,603.77,604.07,800433.0
2025-06-16 14:30:00,604.07,604.45,604.06,604.32,1097765.0
2025-06-16 14:35:00,604.311,604.38,603.79,604.01,975924.0
2025-06-16 14:40:00,604.01,604.25,603.71,604.2,658793.0
2025-06-16 14:45:00,604.2,604.35,603.88,603.93,768629.0
2025-06-16 14:50:00,603.93,604.15,603.815,603.875,614592.0
2025-06-16 14:55:00,603.87,604.0001,603.71,603.9188,1084144.0
2025-06-16 15:00:00,603.92,604.09,603.575,603.76,932421.0
2025-06-16 15:05:00,603.76,603.79,603.45,603.53,569695.0
2025-06-16 15:10:00,603.53,603.7491,603.48,603.67,636825.0
2025-06-16 15:15:00,603.69,604.04,603.6,603.87,625075.0
2025-06-16 15:20:00,603.875,604.09,603.74,604.0,576579.0
2025-06-16 15:25:00,604.0,604.06,603.27,603.378,870111.0
2025-06-16 15:30:00,603.38,603.63,603.31,603.46,549624.0
2025-06-16 15:35:00,603.46,603.74,603.22,603.51,872984.0
2025-06-16 15:40:00,603.52,603.705,603.46,603.54,428599.0
2025-06-16 15:45:00,603.54,603.84,603.5,603.69,366716.0
2025-06-16 15:50:00,603.68,603.7,603.2,603.24,513729.0
2025-06-16 15:55:00,603.23,603.32,602.77,603.1399,1178691.0
2025-06-16 16:00:00,603.14,603.44,602.83,603.04,511368.0
2025-06-17 09:30:00,599.2,599.26,599.0,599.0,447.0
2025-06-17 09:35:00,598.98,599.15,598.93,599.0,4994.0
2025-06-17 09:40:00,599.22,599.34,599.17,599.34,2850.0
2025-06-17 09:45:00,599.3,599.39,599.29,599.38,3034.0
2025-06-17 09:50:00,599.42,599.44,598.9,598.97,3184.0
2025-06-17 09:55:00,599.01,599.22,598.95,599.22,6809.0
2025-06-17 10:00:00,599.24,599.4,599.2,599.4,5319.0
2025-06-17 10:05:00,599.37,599.43,599.36,599.43,5634.0
2025-06-17 10:10:00,599.48,599.65,599.41,599.46,10773.0
2025-06-17 10:15:00,599.41,599.41,599.09,599.18,15860.0
2025-06-17 10:20:00,599.22,599.34,599.21,599.23,7516.0
2025-06-17 10:25:00,599.18,599.23,599.11,599.12,4720.0
2025-06-17 10:30:00,599.13,599.22,599.08,599.14,2793.0
2025-06-17 10:35:00,599.11,599.18,598.45,598.65,25053.0
2025-06-17 10:40:00,598.48,598.74,598.4,598.4,20858.0
2025-06-17 10:45:00,598.44,598.8,598.27,598.68,20067.0
2025-06-17 10:50:00,598.65,599.08,598.65,599.06,4993.0
2025-06-17 10:55:00,599.05,599.33,599.04,599.33,7651.0
2025-06-17 11:00:00,599.31,599.57,599.19,599.57,19279.0
2025-06-17 11:05:00,599.58,599.66,599.45,599.45,17254.0
2025-06-17 11:10:00,599.66,599.85,599.58,599.7,8106.0
2025-06-17 11:15:00,599.74,599.95,599.73,599.9,41776.0
2025-06-17 11:20:00,599.92,600.14,599.92,600.0,29368.0
2025-06-17 11:25:00,600.06,600.21,599.83,600.01,28548.0
2025-06-17 11:30:00,599.99,600.1,599.89,599.91,68559.0
2025-06-17 11:35:00,599.91,600.23,599.9,600.17,34096.0
2025-06-17 11:40:00,600.2,600.2,599.69,599.76,44104.0
2025-06-17 11:45:00,599.8,599.88,599.7,599.7,24178.0
2025-06-17 11:50:00,599.72,599.88,599.67,599.86,35595.0
2025-06-17 11:55:00,599.84,600.43,599.84,600.41,18478.0
2025-06-17 12:00:00,599.29,602.6181,598.4696,600.62,200443.0
2025-06-17 12:05:00,600.58,600.64,600.21,600.21,30082.0
2025-06-17 12:10:00,600.27,600.56,600.17,600.54,21469.0
2025-06-17 12:15:00,600.56,600.79,600.23,600.28,39417.0
2025-06-17 12:20:00,600.28,600.59,600.28,600.52,34784.0
2025-06-17 12:25:00,600.53,600.54,600.38,600.46,9116.0
2025-06-17 12:30:00,600.4,600.56,599.89,600.19,181583.0
2025-06-17 12:35:00,600.2,600.5,599.99,600.4799,52767.0
2025-06-17 12:40:00,600.48,600.73,600.34,600.44,47898.0
2025-06-17 12:45:00,600.46,600.51,599.89,599.95,33658.0
2025-06-17 12:50:00,599.92,599.99,599.74,599.83,70308.0
2025-06-17 12:55:00,599.83,599.83,599.55,599.78,32474.0
2025-06-17 13:00:00,599.67,599.86,599.51,599.66,59851.0
2025-06-17 13:05:00,599.65,599.76,599.5,599.54,41494.0
2025-06-17 13:10:00,599.59,599.6899,599.46,599.56,24184.0
2025-06-17 13:15:00,599.56,599.73,599.37,599.71,62862.0
2025-06-17 13:20:00,599.72,600.03,599.72,600.03,49200.0
2025-06-17 13:25:00,599.97,600.28,599.9,600.14,85678.0
2025-06-17 13:30:00,600.21,600.88,599.95,600.43,1629876.0
2025-06-17 13:35:00,600.43,600.565,599.95,600.545,1087705.0
2025-06-17 13:40:00,600.54,600.79,599.77,599.99,1321062.0
2025-06-17 13:45:00,600.0,600.54,599.18,600.23,1167249.0
2025-06-17 13:50:00,600.2,600.92,599.96,600.485,974656.0
2025-06-17 13:55:00,600.49,600.95,600.24,600.865,1077046.0
2025-06-17 14:00:00,600.86,601.24,600.3309,600.49,994839.0
2025-06-17 14:05:00,600.5,601.17,600.39,601.155,924684.0
2025-06-17 14:10:00,601.16,601.64,601.075,601.52,959653.0
2025-06-17 14:15:00,601.52,601.6,601.06,601.1903,581183.0
2025-06-17 14:20:00,601.21,601.43,601.002,601.08,454956.0
2025-06-17 14:25:00,601.0785,601.2999,601.01,601.17,432377.0
2025-06-17 14:30:00,601.14,601.4,601.08,601.0801,420182.0
2025-06-17 14:35:00,601.08,601.0801,600.62,600.9899,639741.0
2025-06-17 14:40:00,600.99,601.01,600.48,600.61,611927.0
2025-06-17 14:45:00,600.61,601.08,600.56,600.95,425241.0
2025-06-17 14:50:00,600.94,601.17,600.69,600.84,944794.0
2025-06-17 14:55:00,600.83,600.88,600.37,600.4799,444801.0
2025-06-17 15:00:00,600.49,601.0213,600.39,600.97,453114.0
2025-06-17 15:05:00,600.98,601.215,600.915,601.19,454291.0
2025-06-17 15:10:00,601.19,601.75,601.16,601.66,664136.0
2025-06-17 15:15:00,601.66,601.675,600.89,601.2,685435.0
2025-06-17 15:20:00,601.18,601.2099,600.76,600.875,740503.0
2025-06-17 15:25:00,600.87,600.8788,600.38,600.47,490672.0
2025-06-17 15:30:00,600.47,600.63,600.23,600.4601,571579.0
2025-06-17 15:35:00,600.45,600.8381,600.22,600.6,552939.0
2025-06-17 15:40:00,600.6,601.13,600.59,601.0512,383834.0
2025-06-17 15:45:00,601.05,601.17,600.5,600.85,620117.0
2025-06-17 15:50:00,600.86,601.22,600.77,601.02,377791.0
2025-06-17 15:55:00,601.01,601.01,600.64,600.705,455088.0
2025-06-17 16:00:00,600.74,601.38,600.71,601.245,566104.0
2025-06-18 09:30:00,599.72,599.75,599.42,599.42,7312.0
2025-06-18 09:35:00,599.44,599.48,599.44,599.48,845.0
2025-06-18 09:40:00,599.44,599.46,599.35,599.46,5382.0
2025-06-18 09:45:00,599.47,599.48,599.31,599.41,7973.0
2025-06-18 09:50:00,599.42,599.58,599.4,599.45,5927.0
2025-06-18 09:55:00,599.47,599.47,599.38,599.39,2008.0
2025-06-18 10:00:00,599.31,599.31,599.14,599.17,13283.0
2025-06-18 10:05:00,599.0,599.14,598.94,598.94,57041.0
2025-06-18 10:10:00,598.99,599.05,598.75,599.04,18144.0
2025-06-18 10:15:00,599.04,599.2,599.04,599.15,1883.0
2025-06-18 10:20:00,599.15,599.15,598.29,598.74,18617.0
2025-06-18 10:25:00,598.82,598.88,598.57,598.61,4629.0
2025-06-18 10:30:00,598.68,598.71,598.3,598.3,14583.0
2025-06-18 10:35:00,598.25,598.29,598.06,598.27,8039.0
2025-06-18 10:40:00,598.29,598.66,598.21,598.43,7503.0
2025-06-18 10:45:00,598.5,598.66,598.2,598.25,4912.0
2025-06-18 10:50:00,598.38,598.38,597.71,597.78,4243.0
2025-06-18 10:55:00,597.73,597.75,597.41,597.5,19512.0
2025-06-18 11:00:00,597.51,597.65,597.43,597.51,53436.0
2025-06-18 11:05:00,597.65,597.76,597.5,597.59,6190.0
2025-06-18 11:10:00,597.53,597.88,597.39,597.75,6419.0
2025-06-18 11:15:00,597.84,597.85,597.83,597.85,954.0
2025-06-18 11:20:00,597.6,598.02,597.6,597.959,8208.0
2025-06-18 11:25:00,597.97,598.21,597.97,598.08,10754.0
2025-06-18 11:30:00,598.05,598.19,598.0,598.14,21835.0
2025-06-18 11:35:00,598.2,598.3,598.02,598.02,8177.0
2025-06-18 11:40:00,598.13,598.63,598.13,598.58,18714.0
2025-06-18 11:45:00,598.59,599.19,598.59,599.12,27013.0
2025-06-18 11:50:00,599.07,599.07,598.89,598.91,20180.0
2025-06-18 11:55:00,598.89,598.9,598.6,598.7,18376.0
2025-06-18 12:00:00,597.66,599.5,597.4012,598.42,82242.0
2025-06-18 12:05:00,598.41,598.65,598.3812,598.52,12669.0
2025-06-18 12:10:00,598.54,598.69,597.082,598.68,11330.0
2025-06-18 12:15:00,598.67,598.91,598.4,598.57,16589.0
2025-06-18 12:20:00,598.46,598.76,598.42,598.76,13670.0
2025-06-18 12:25:00,598.69,598.69,598.43,598.55,9967.0
2025-06-18 12:30:00,598.56,598.5884,598.31,598.5884,26569.0
2025-06-18 12:35:00,598.53,598.75,598.02,598.19,34468.0
2025-06-18 12:40:00,598.32,598.32,598.19,598.24,8267.0
2025-06-18 12:45:00,598.3698,598.3698,598.14,598.18,6619.0
2025-06-18 12:50:00,598.31,598.52,598.2601,598.41,19000.0
2025-06-18 12:55:00,598.24,598.2601,598.08,598.08,19073.0
2025-06-18 13:00:00,598.18,598.35,598.07,598.35,16000.0
2025-06-18 13:05:00,598.42,598.6,598.36,598.54,149727.0
2025-06-18 13:10:00,598.54,598.6693,598.36,598.509,15899.0
2025-06-18 13:15:00,598.49,598.67,598.43,598.64,47983.0
2025-06-18 13:20:00,598.65,598.79,598.57,598.62,44385.0
2025-06-18 13:25:00,598.62,598.67,598.35,598.44,81974.0
2025-06-18 13:30:00,598.44,598.45,597.36,597.5152,1570571.0
2025-06-18 13:35:00,597.52,598.26,597.495,598.105,889891.0
2025-06-18 13:40:00,598.13,598.35,597.87,598.18,741699.0
2025-06-18 13:45:00,598.17,598.88,598.12,598.81,761096.0
2025-06-18 13:50:00,598.81,599.5882,598.78,599.1825,989380.0
2025-06-18 13:55:00,599.18,599.37,599.11,599.12,665492.0
2025-06-18 14:00:00,599.13,599.78,598.73,599.58,999718.0
2025-06-18 14:05:00,599.58,599.92,599.33,599.595,842124.0
2025-06-18 14:10:00,599.6,600.22,599.41,600.08,862022.0
2025-06-18 14:15:00,600.0818,600.62,600.02,600.4,874929.0
2025-06-18 14:20:00,600.39,600.9201,600.38,600.74,1123765.0
2025-06-18 14:25:00,600.75,601.04,600.745,600.7708,657717.0
2025-06-18 14:30:00,600.78,601.21,600.72,601.12,854088.0
2025-06-18 14:35:00,601.12,601.2,600.86,601.14,786912.0
2025-06-18 14:40:00,601.15,601.2,600.65,601.015,917871.0
2025-06-18 14:45:00,601.03,601.22,600.64,600.835,435015.0
2025-06-18 14:50:00,600.83,600.99,600.57,600.61,360104.0
2025-06-18 14:55:00,600.61,600.9,600.54,600.84,309397.0
2025-06-18 15:00:00,600.83,600.9,600.645,600.86,529076.0
2025-06-18 15:05:00,600.85,600.8701,600.35,600.44,367514.0
2025-06-18 15:10:00,600.44,600.57,600.31,600.37,279901.0
2025-06-18 15:15:00,600.37,600.49,600.22,600.27,300238.0
2025-06-18 15:20:00,600.27,600.36,600.08,600.1192,368687.0
2025-06-18 15:25:00,600.1098,600.26,599.895,600.1,439002.0
2025-06-18 15:30:00,600.13,600.355,600.03,600.11,825516.0
2025-06-18 15:35:00,600.1108,600.195,599.89,600.175,403029.0
2025-06-18 15:40:00,600.17,600.255,599.68,599.9648,520851.0
2025-06-18 15:45:00,599.96,600.24,599.8612,600.17,294599.0
2025-06-18 15:50:00,600.16,600.52,600.12,600.4618,465961.0
2025-06-18 15:55:00,600.48,600.51,599.62,599.7393,625305.0
2025-06-18 16:00:00,599.72,600.01,599.43,600.0099,480951.0
2025-06-20 09:30:00,594.25,594.25,594.25,594.25,473.0
2025-06-20 09:35:00,594.28,594.35,594.28,594.35,2267.0
2025-06-20 09:40:00,594.4,594.4,594.38,594.38,1071.0
2025-06-20 09:45:00,594.4,594.47,594.3,594.47,1845.0
2025-06-20 09:50:00,594.39,594.82,594.3,594.78,6059.0
2025-06-20 09:55:00,594.88,594.99,594.88,594.94,4532.0
2025-06-20 10:00:00,594.94,595.02,594.78,594.78,4875.0
2025-06-20 10:05:00,594.78,594.78,594.64,594.78,3454.0
2025-06-20 10:10:00,594.63,594.79,594.63,594.79,1746.0
2025-06-20 10:15:00,594.5,594.5,594.3,594.4,4182.0
2025-06-20 10:20:00,594.45,594.45,594.3,594.43,3886.0
2025-06-20 10:25:00,594.44,594.44,594.34,594.34,1321.0
2025-06-20 10:30:00,594.29,594.6,594.29,594.6,2545.0
2025-06-20 10:35:00,594.66,594.9,594.64,594.9,4144.0
2025-06-20 10:40:00,594.81,594.85,594.81,594.85,1010.0
2025-06-20 10:45:00,594.84,594.9,594.83,594.89,4647.0
2025-06-20 10:50:00,594.74,594.97,594.59,594.9,6112.0
2025-06-20 10:55:00,594.94,594.98,594.76,594.76,9202.0
2025-06-20 11:00:00,594.72,594.9,594.67,594.9,15805.0
2025-06-20 11:05:00,594.86,595.14,594.86,595.08,26454.0
2025-06-20 11:10:00,595.09,595.099,594.91,594.91,5480.0
2025-06-20 11:15:00,595.02,595.201,594.94,595.13,5432.0
2025-06-20 11:20:00,595.18,595.24,594.97,594.97,4806.0
2025-06-20 11:25:00,594.95,595.1,594.95,595.02,20437.0
2025-06-20 11:30:00,594.99,595.19,594.93,595.19,6530.0
2025-06-20 11:35:00,595.19,595.6,595.19,595.54,77479.0
2025-06-20 11:40:00,595.6,596.58,595.6,596.5,35544.0
2025-06-20 11:45:00,596.6,597.3,596.38,596.91,111054.0
2025-06-20 11:50:00,596.9,596.97,596.48,596.74,44734.0
2025-06-20 11:55:00,596.6,596.71,596.07,596.16,47661.0
2025-06-20 12:00:00,595.03,597.36,594.2,596.53,170064.0
2025-06-20 12:05:00,596.53,596.7,596.15,596.27,51263.0
2025-06-20 12:10:00,596.35,596.69,596.3,596.52,23184.0
2025-06-20 12:15:00,596.57,596.82,596.42,596.82,26224.0
2025-06-20 12:20:00,596.8,596.8,596.35,596.38,19702.0
2025-06-20 12:25:00,596.38,596.87,596.33,596.72,45621.0
2025-06-20 12:30:00,596.72,597.61,596.66,597.57,201062.0
2025-06-20 12:35:00,597.51,597.54,596.97,597.32,152550.0
2025-06-20 12:40:00,597.33,597.4,597.05,597.19,48880.0
2025-06-20 12:45:00,597.25,597.55,597.25,597.49,84426.0
2025-06-20 12:50:00,597.51,597.72,597.44,597.65,79023.0
2025-06-20 12:55:00,597.6491,597.9,597.55,597.72,110206.0
2025-06-20 13:00:00,597.77,597.99,597.73,597.9,59462.0
2025-06-20 13:05:00,597.92,597.99,597.75,597.95,96362.0
2025-06-20 13:10:00,597.98,598.08,597.85,597.97,45613.0
2025-06-20 13:15:00,597.989,598.21,597.81,598.161,54129.0
2025-06-20 13:20:00,598.21,598.4595,598.16,598.37,66578.0
2025-06-20 13:25:00,598.35,599.3,598.03,598.42,296474.0
2025-06-20 13:30:00,598.38,598.62,597.65,598.31,2005227.0
2025-06-20 13:35:00,598.29,599.2,598.27,599.14,3238075.0
2025-06-20 13:40:00,599.16,599.45,598.91,599.3393,1003605.0
2025-06-20 13:45:00,599.33,599.46,597.92,597.96,1376493.0
2025-06-20 13:50:00,597.99,598.01,597.38,597.72,1170159.0
2025-06-20 13:55:00,597.72,597.8,597.16,597.35,725868.0
2025-06-20 14:00:00,597.35,597.59,597.1,597.45,1054871.0
2025-06-20 14:05:00,597.46,597.58,596.72,597.0,883126.0
2025-06-20 14:10:00,597.02,597.18,596.62,597.06,905425.0
2025-06-20 14:15:00,597.06,597.33,596.74,597.22,618773.0
2025-06-20 14:20:00,597.22,597.42,595.84,595.875,794260.0
2025-06-20 14:25:00,595.862,596.4048,595.3112,596.15,1562274.0
2025-06-20 14:30:00,596.16,596.25,595.73,595.77,632454.0
2025-06-20 14:35:00,595.78,596.47,595.72,596.28,673163.0
2025-06-20 14:40:00,596.27,596.61,594.72,595.2814,1627981.0
2025-06-20 14:45:00,595.3,595.3,594.58,594.88,965768.0
2025-06-20 14:50:00,594.86,594.86,593.98,594.09,2214824.0
2025-06-20 14:55:00,594.08,594.81,593.99,594.38,765828.0
2025-06-20 15:00:00,594.37,594.39,593.5,593.655,1212578.0
2025-06-20 15:05:00,593.65,594.48,593.56,594.2888,934127.0
2025-06-20 15:10:00,594.3,595.15,594.23,595.12,852837.0
2025-06-20 15:15:00,595.11,595.63,594.96,595.48,687073.0
2025-06-20 15:20:00,595.49,595.52,594.94,595.31,638744.0
2025-06-20 15:25:00,595.27,595.555,595.0401,595.11,427527.0
2025-06-20 15:30:00,595.09,595.9,595.0401,595.87,625334.0
2025-06-20 15:35:00,595.87,596.295,595.68,596.245,748979.0
2025-06-20 15:40:00,596.24,596.37,595.98,596.3,8615233.0
2025-06-20 15:45:00,596.3,596.33,595.8148,596.13,633119.0
2025-06-20 15:50:00,596.16,596.17,594.8999,594.92,779115.0
2025-06-20 15:55:00,594.92,595.09,594.6,594.702,620127.0
2025-06-20 16:00:00,594.71,594.83,594.44,594.64,576457.0
2025-06-23 09:30:00,595.6,595.81,595.59,595.76,5877.0
2025-06-23 09:35:00,595.59,595.59,595.59,595.59,797.0
2025-06-23 09:40:00,595.52,595.65,595.52,595.58,2918.0
2025-06-23 09:45:00,595.63,595.64,595.63,595.64,739.0
2025-06-23 09:50:00,595.63,595.63,595.625,595.63,694.0
2025-06-23 09:55:00,595.6,595.61,595.59,595.6,1107.0
2025-06-23 10:00:00,595.49,595.53,595.2,595.51,20010.0
2025-06-23 10:05:00,595.6,595.63,595.46,595.46,2444.0
2025-06-23 10:10:00,595.39,596.25,595.22,595.71,21587.0
2025-06-23 10:15:00,595.66,595.66,595.17,595.24,6466.0
2025-06-23 10:20:00,595.4,595.4,594.99,595.11,30787.0
2025-06-23 10:25:00,595.16,595.24,595.05,595.05,10256.0
2025-06-23 10:30:00,595.0,595.1,594.92,595.1,29334.0
2025-06-23 10:35:00,595.06,595.25,595.0,595.07,20455.0
2025-06-23 10:40:00,595.06,595.06,594.68,594.74,6615.0
2025-06-23 10:45:00,594.74,594.79,594.59,594.77,6349.0
2025-06-23 10:50:00,594.81,594.83,594.77,594.81,2721.0
2025-06-23 10:55:00,594.78,594.83,594.6,594.73,17127.0
2025-06-23 11:00:00,594.71,594.85,594.57,594.6,24009.0
2025-06-23 11:05:00,594.6,594.62,594.1,594.23,33245.0
2025-06-23 11:10:00,594.31,594.32,593.87,594.09,43918.0
2025-06-23 11:15:00,594.04,594.04,593.66,593.9,7367.0
2025-06-23 11:20:00,593.73,593.73,593.49,593.58,11416.0
2025-06-23 11:25:00,593.53,593.7,593.25,593.6,26912.0
2025-06-23 11:30:00,593.58,593.78,593.45,593.58,40535.0
2025-06-23 11:35:00,593.59,593.82,593.59,593.76,12470.0
2025-06-23 11:40:00,593.76,593.76,593.13,593.13,34791.0
2025-06-23 11:45:00,593.25,593.42,592.81,593.38,163414.0
2025-06-23 11:50:00,593.32,593.54,593.05,593.47,140641.0
2025-06-23 11:55:00,593.59,593.88,593.59,593.84,22363.0
2025-06-23 12:00:00,594.62,596.0404,592.63,594.1,158350.0
2025-06-23 12:05:00,594.14,594.14,593.65,593.759,40048.0
2025-06-23 12:10:00,593.8,594.25,593.8,594.23,11614.0
2025-06-23 12:15:00,594.27,594.37,594.02,594.09,44652.0
2025-06-23 12:20:00,594.04,594.16,593.95,594.09,17794.0
2025-06-23 12:25:00,594.1312,594.35,594.08,594.12,29609.0
2025-06-23 12:30:00,594.1,594.49,594.0,594.44,22225.0
2025-06-23 12:35:00,594.48,594.75,594.44,594.64,55452.0
2025-06-23 12:40:00,594.6601,594.82,594.58,594.74,13369.0
2025-06-23 12:45:00,594.68,594.89,594.68,594.7405,16959.0
2025-06-23 12:50:00,594.76,595.01,594.74,595.01,31776.0
2025-06-23 12:55:00,594.98,595.26,594.9601,595.2199,46649.0
2025-06-23 13:00:00,595.16,595.23,595.0,595.05,80402.0
2025-06-23 13:05:00,595.06,595.16,594.69,594.84,115548.0
2025-06-23 13:10:00,594.87,594.91,594.44,594.83,100080.0
2025-06-23 13:15:00,594.76,595.25,594.7,595.08,47899.0
2025-06-23 13:20:00,595.05,595.37,595.05,595.29,64193.0
2025-06-23 13:25:00,595.18,595.31,594.86,595.04,58904.0
2025-06-23 13:30:00,595.04,595.08,593.6,594.02,2176636.0
2025-06-23 13:35:00,594.03,595.62,593.88,595.57,1282442.0
2025-06-23 13:40:00,595.57,595.78,595.36,595.47,892557.0
2025-06-23 13:45:00,595.52,596.27,595.45,596.14,1079454.0
2025-06-23 13:50:00,596.15,596.5882,595.895,596.51,794248.0
2025-06-23 13:55:00,596.51,596.67,596.1201,596.65,761588.0
2025-06-23 14:00:00,596.66,597.38,596.66,597.3,1190164.0
2025-06-23 14:05:00,597.32,597.985,597.31,597.76,1218347.0
2025-06-23 14:10:00,597.76,597.83,597.045,597.61,1198227.0
2025-06-23 14:15:00,597.62,598.13,597.37,597.93,758122.0
2025-06-23 14:20:00,597.925,598.29,597.73,597.96,792008.0
2025-06-23 14:25:00,597.97,597.985,597.3513,597.54,741369.0
2025-06-23 14:30:00,597.55,597.77,597.28,597.71,629007.0
2025-06-23 14:35:00,597.69,597.77,597.17,597.2552,983555.0
2025-06-23 14:40:00,597.26,597.47,597.2,597.445,472586.0
2025-06-23 14:45:00,597.45,597.735,597.0,597.07,620590.0
2025-06-23 14:50:00,597.075,597.27,596.84,596.965,545304.0
2025-06-23 14:55:00,596.965,597.14,596.42,596.465,1197615.0
2025-06-23 15:00:00,596.47,597.4,596.4,597.23,938836.0
2025-06-23 15:05:00,597.24,597.585,597.19,597.44,467170.0
2025-06-23 15:10:00,597.44,597.58,597.2,597.56,637960.0
2025-06-23 15:15:00,597.56,597.66,597.4,597.4946,356353.0
2025-06-23 15:20:00,597.5,597.545,597.06,597.13,384542.0
2025-06-23 15:25:00,597.14,597.209,596.345,596.39,709449.0
2025-06-23 15:30:00,596.38,596.73,596.11,596.55,718827.0
2025-06-23 15:35:00,596.5509,596.7,596.23,596.3082,448243.0
2025-06-23 15:40:00,596.3,596.43,595.8,596.09,672682.0
2025-06-23 15:45:00,596.08,596.215,595.87,596.13,461133.0
2025-06-23 15:50:00,596.12,596.36,595.82,595.86,516113.0
2025-06-23 15:55:00,595.87,596.33,595.75,595.86,620140.0
2025-06-23 16:00:00,595.86,596.0199,595.405,595.95,713235.0
2025-06-24 09:30:00,605.63,605.9,605.62,605.75,4849.0
2025-06-24 09:35:00,605.83,605.96,605.75,605.93,11186.0
2025-06-24 09:40:00,605.89,605.89,605.75,605.75,2899.0
2025-06-24 09:45:00,605.6,605.6,605.47,605.47,2020.0
2025-06-24 09:50:00,605.38,605.39,605.17,605.18,2852.0
2025-06-24 09:55:00,605.1,605.13,605.1,605.13,1537.0
2025-06-24 10:00:00,605.11,605.33,604.76,604.88,15936.0
2025-06-24 10:05:00,604.94,604.97,604.77,604.86,11114.0
2025-06-24 10:10:00,604.84,604.95,604.7,604.77,3682.0
2025-06-24 10:15:00,604.72,604.96,604.69,604.93,6026.0
2025-06-24 10:20:00,604.94,605.02,604.91,605.0,28410.0
2025-06-24 10:25:00,605.05,605.05,604.9,604.9,9149.0
2025-06-24 10:30:00,604.82,604.82,604.53,604.7,3815.0
2025-06-24 10:35:00,604.7,604.8,604.68,604.69,69622.0
2025-06-24 10:40:00,604.77,605.09,604.71,604.83,20577.0
2025-06-24 10:45:00,604.91,604.99,604.88,604.99,33587.0
2025-06-24 10:50:00,604.98,605.07,604.89,604.98,13926.0
2025-06-24 10:55:00,604.99,605.05,604.66,604.72,37801.0
2025-06-24 11:00:00,604.72,604.97,604.59,604.78,17715.0
2025-06-24 11:05:00,604.8,604.88,604.45,604.5,13810.0
2025-06-24 11:10:00,604.5,604.59,604.32,604.51,23991.0
2025-06-24 11:15:00,604.51,604.51,604.3,604.36,13267.0
2025-06-24 11:20:00,604.29,604.44,604.03,604.37,24233.0
2025-06-24 11:25:00,604.39,605.16,604.38,605.04,65406.0
2025-06-24 11:30:00,604.97,605.21,604.6,604.62,49358.0
2025-06-24 11:35:00,604.6,604.9,604.52,604.88,62703.0
2025-06-24 11:40:00,604.8,604.83,604.68,604.68,17172.0
2025-06-24 11:45:00,604.7,605.01,604.7,605.0,47176.0
2025-06-24 11:50:00,605.0,605.0,604.73,604.79,20958.0
2025-06-24 11:55:00,604.81,604.96,604.71,604.83,30096.0
2025-06-24 12:00:00,604.81,606.5,603.17,604.8999,144026.0
2025-06-24 12:05:00,604.85,605.11,604.85,604.9898,32528.0
2025-06-24 12:10:00,604.97,605.0,604.45,604.48,60039.0
2025-06-24 12:15:00,604.48,604.5,604.2296,604.3,25890.0
2025-06-24 12:20:00,604.31,604.57,604.19,604.559,45228.0
2025-06-24 12:25:00,604.53,604.57,604.26,604.46,28366.0
2025-06-24 12:30:00,604.46,604.64,603.85,604.37,92441.0
2025-06-24 12:35:00,604.49,604.73,604.47,604.6,46010.0
2025-06-24 12:40:00,604.58,604.69,604.43,604.61,26341.0
2025-06-24 12:45:00,604.62,604.8099,604.34,604.34,22481.0
2025-06-24 12:50:00,604.34,604.41,604.12,604.28,29622.0
2025-06-24 12:55:00,604.24,604.45,604.221,604.4,23817.0
2025-06-24 13:00:00,604.33,604.48,604.25,604.29,55507.0
2025-06-24 13:05:00,604.3096,604.51,604.29,604.45,70485.0
2025-06-24 13:10:00,604.45,604.55,604.3407,604.48,49595.0
2025-06-24 13:15:00,604.55,605.02,604.37,604.69,119492.0
2025-06-24 13:20:00,604.7,604.85,604.53,604.73,75981.0
2025-06-24 13:25:00,604.65,604.86,604.33,604.34,70784.0
2025-06-24 13:30:00,604.33,604.78,603.94,604.39,1851512.0
2025-06-24 13:35:00,604.4,605.07,604.379,604.93,1435603.0
2025-06-24 13:40:00,604.92,605.385,604.92,604.97,1065315.0
2025-06-24 13:45:00,604.97,605.45,604.84,604.88,1536011.0
2025-06-24 13:50:00,604.88,604.925,604.42,604.499,1169699.0
2025-06-24 13:55:00,604.5,604.5999,603.8,604.05,1146187.0
2025-06-24 14:00:00,604.02,604.58,603.8104,604.39,962882.0
2025-06-24 14:05:00,604.39,604.57,603.41,604.12,1353370.0
2025-06-24 14:10:00,604.13,604.3099,603.97,604.08,782852.0
2025-06-24 14:15:00,604.085,604.61,604.06,604.525,844484.0
2025-06-24 14:20:00,604.54,604.905,604.52,604.88,616055.0
2025-06-24 14:25:00,604.88,604.96,604.34,604.5999,754640.0
2025-06-24 14:30:00,604.6,604.985,604.53,604.97,699500.0
2025-06-24 14:35:00,604.975,604.99,604.73,604.841,423478.0
2025-06-24 14:40:00,604.835,605.33,604.78,605.24,713235.0
2025-06-24 14:45:00,605.2401,605.355,605.04,605.105,574304.0
2025-06-24 14:50:00,605.1,605.26,604.94,605.2212,710639.0
2025-06-24 14:55:00,605.21,605.325,604.55,604.95,812051.0
2025-06-24 15:00:00,604.96,605.56,604.94,605.3,992379.0
2025-06-24 15:05:00,605.3,605.59,604.97,605.13,838583.0
2025-06-24 15:10:00,605.1387,605.47,605.12,605.385,417480.0
2025-06-24 15:15:00,605.38,605.55,605.303,605.355,380604.0
2025-06-24 15:20:00,605.345,605.82,605.295,605.65,465378.0
2025-06-24 15:25:00,605.66,605.77,605.6,605.755,381519.0
2025-06-24 15:30:00,605.76,605.94,605.66,605.91,425351.0
2025-06-24 15:35:00,605.91,606.1001,605.8,605.99,512523.0
2025-06-24 15:40:00,605.99,606.12,605.865,605.99,517885.0
2025-06-24 15:45:00,605.995,606.16,605.85,606.12,450905.0
2025-06-24 15:50:00,606.13,606.165,605.71,605.8682,475452.0
2025-06-24 15:55:00,605.86,606.01,605.66,605.755,387367.0
2025-06-24 16:00:00,605.77,606.11,605.655,606.075,468880.0
2025-06-25 09:30:00,607.19,607.22,607.19,607.2,1210.0
2025-06-25 09:35:00,607.2,607.23,607.04,607.1,3126.0
2025-06-25 09:40:00,607.03,607.03,606.99,606.99,1552.0
2025-06-25 09:45:00,606.95,606.95,606.92,606.92,504.0
2025-06-25 09:50:00,607.04,607.04,606.94,606.94,1219.0
2025-06-25 09:55:00,606.92,606.94,606.88,606.88,1621.0
2025-06-25 10:00:00,606.93,606.94,606.91,606.91,631.0
2025-06-25 10:05:00,606.87,606.88,606.78,606.78,1719.0
2025-06-25 10:10:00,606.75,606.75,606.63,606.67,1670.0
2025-06-25 10:15:00,606.79,606.8,606.76,606.79,2382.0
2025-06-25 10:20:00,606.75,606.76,606.74,606.75,1991.0
2025-06-25 10:25:00,606.85,607.02,606.85,606.97,4617.0
2025-06-25 10:30:00,606.88,607.1,606.87,607.1,5533.0
2025-06-25 10:35:00,607.12,607.23,607.1,607.1,2364.0
2025-06-25 10:40:00,607.11,607.17,607.04,607.15,5541.0
2025-06-25 10:45:00,607.13,607.13,607.09,607.09,2183.0
2025-06-25 10:50:00,607.04,607.19,607.04,607.19,2077.0
2025-06-25 10:55:00,607.21,607.36,607.08,607.22,22388.0
2025-06-25 11:00:00,607.22,607.24,607.07,607.2,4802.0
2025-06-25 11:05:00,607.22,607.25,607.03,607.03,6972.0
2025-06-25 11:10:00,607.17,607.18,607.13,607.13,2365.0
2025-06-25 11:15:00,607.13,607.13,607.04,607.1,17750.0
2025-06-25 11:20:00,607.19,607.25,607.19,607.25,6185.0
2025-06-25 11:25:00,607.2,607.2,607.2,607.2,864.0
2025-06-25 11:30:00,607.25,607.59,607.25,607.54,8538.0
2025-06-25 11:35:00,607.45,607.47,607.38,607.4,2303.0
2025-06-25 11:40:00,607.46,607.61,607.46,607.6,5894.0
2025-06-25 11:45:00,607.58,607.75,607.58,607.75,5438.0
2025-06-25 11:50:00,607.72,608.13,607.72,607.91,20042.0
2025-06-25 11:55:00,607.92,608.07,607.92,608.05,39917.0
2025-06-25 12:00:00,607.24,608.12,606.87,608.0,55529.0
2025-06-25 12:05:00,607.92,608.09,607.92,608.0585,13305.0
2025-06-25 12:10:00,607.92,608.02,607.9,608.0,6541.0
2025-06-25 12:15:00,607.95,608.07,607.95,607.99,20702.0
2025-06-25 12:20:00,607.97,607.99,607.72,607.92,12124.0
2025-06-25 12:25:00,607.92,607.99,607.9,607.99,17946.0
2025-06-25 12:30:00,608.0,608.02,607.79,607.8,25807.0
2025-06-25 12:35:00,607.77,608.02,607.73,607.93,23242.0
2025-06-25 12:40:00,607.97,608.07,607.91,608.0,20757.0
2025-06-25 12:45:00,607.98,607.98,607.85,607.85,29195.0
2025-06-25 12:50:00,607.83,608.1,607.2834,608.0098,40736.0
2025-06-25 12:55:00,608.01,608.15,607.92,608.15,23592.0
2025-06-25 13:00:00,608.18,608.2291,608.09,608.16,29723.0
2025-06-25 13:05:00,608.15,608.15,607.84,607.92,40230.0
2025-06-25 13:10:00,607.91,608.08,607.9,608.05,19374.0
2025-06-25 13:15:00,608.03,608.03,607.89,607.98,20530.0
2025-06-25 13:20:00,607.98,608.04,607.95,608.03,15000.0
2025-06-25 13:25:00,607.99,608.05,607.85,607.95,34551.0
2025-06-25 13:30:00,607.91,608.3536,607.75,608.15,1861245.0
2025-06-25 13:35:00,608.15,608.61,608.03,608.295,1320685.0
2025-06-25 13:40:00,608.3,608.48,608.14,608.29,1069283.0
2025-06-25 13:45:00,608.29,608.415,607.875,607.88,1136021.0
2025-06-25 13:50:00,607.88,607.89,607.45,607.78,1645235.0
2025-06-25 13:55:00,607.78,608.4,607.75,608.16,1211738.0
2025-06-25 14:00:00,608.17,608.3499,607.79,607.9712,686837.0
2025-06-25 14:05:00,607.98,608.23,607.79,607.9452,699969.0
2025-06-25 14:10:00,607.9407,607.975,607.31,607.46,756782.0
2025-06-25 14:15:00,607.47,607.81,607.31,607.49,826568.0
2025-06-25 14:20:00,607.48,607.72,607.315,607.6,738537.0
2025-06-25 14:25:00,607.59,607.93,607.47,607.69,824659.0
2025-06-25 14:30:00,607.7,607.915,607.6,607.76,485760.0
2025-06-25 14:35:00,607.77,607.91,607.5674,607.64,475810.0
2025-06-25 14:40:00,607.63,608.185,607.51,608.14,691331.0
2025-06-25 14:45:00,608.14,608.41,607.86,607.96,949659.0
2025-06-25 14:50:00,607.97,608.01,607.65,607.7,582397.0
2025-06-25 14:55:00,607.7,607.96,607.62,607.765,525371.0
2025-06-25 15:00:00,607.76,607.805,607.22,607.3,628472.0
2025-06-25 15:05:00,607.31,607.49,606.99,607.06,703041.0
2025-06-25 15:10:00,607.06,607.3,606.86,607.08,1005887.0
2025-06-25 15:15:00,607.08,607.22,606.94,606.97,634221.0
2025-06-25 15:20:00,606.965,607.15,606.89,607.12,1125480.0
2025-06-25 15:25:00,607.12,607.33,607.08,607.155,591170.0
2025-06-25 15:30:00,607.16,607.17,606.48,606.675,832098.0
2025-06-25 15:35:00,606.67,607.09,606.59,606.975,620200.0
2025-06-25 15:40:00,606.98,607.03,606.68,606.8901,530068.0
2025-06-25 15:45:00,606.89,606.945,606.69,606.89,444782.0
2025-06-25 15:50:00,606.89,607.06,606.795,607.005,393229.0
2025-06-25 15:55:00,607.01,607.12,606.815,606.89,423036.0
2025-06-25 16:00:00,606.89,607.2,606.85,607.04,420274.0
2025-06-26 09:30:00,608.84,608.88,608.66,608.75,6133.0
2025-06-26 09:35:00,608.88,608.9,608.81,608.9,5377.0
2025-06-26 09:40:00,608.74,608.77,608.66,608.73,1325.0
2025-06-26 09:45:00,608.77,608.81,608.77,608.8,897.0
2025-06-26 09:50:00,608.84,608.84,608.84,608.84,179.0
2025-06-26 09:55:00,608.77,608.8,608.76,608.8,886.0
2025-06-26 10:00:00,608.74,608.76,608.64,608.64,3018.0
2025-06-26 10:05:00,608.74,608.96,608.74,608.95,1423.0
2025-06-26 10:10:00,609.0,609.1,609.0,609.09,2462.0
2025-06-26 10:15:00,609.14,609.24,609.14,609.21,13649.0
2025-06-26 10:20:00,609.33,609.47,609.33,609.37,5378.0
2025-06-26 10:25:00,609.42,609.46,609.31,609.35,6096.0
2025-06-26 10:30:00,609.36,609.44,609.36,609.38,1429.0
2025-06-26 10:35:00,609.36,609.36,609.26,609.26,2526.0
2025-06-26 10:40:00,609.33,609.33,609.2,609.2,1691.0
2025-06-26 10:45:00,609.15,609.23,609.06,609.22,5561.0
2025-06-26 10:50:00,609.23,609.23,609.03,609.03,2465.0
2025-06-26 10:55:00,609.01,609.01,608.87,608.89,6035.0
2025-06-26 11:00:00,608.87,609.07,608.86,609.07,18220.0
2025-06-26 11:05:00,609.1,609.34,609.1,609.33,27903.0
2025-06-26 11:10:00,609.35,609.39,609.2,609.34,45732.0
2025-06-26 11:15:00,609.27,609.36,609.11,609.34,8098.0
2025-06-26 11:20:00,609.33,609.34,609.13,609.13,13987.0
2025-06-26 11:25:00,609.13,609.16,609.03,609.15,13850.0
2025-06-26 11:30:00,609.24,609.24,609.14,609.16,1214.0
2025-06-26 11:35:00,609.25,609.25,609.05,609.06,13109.0
2025-06-26 11:40:00,609.04,609.04,608.97,609.0,4633.0
2025-06-26 11:45:00,609.0,609.15,609.0,609.15,1955.0
2025-06-26 11:50:00,609.13,609.31,609.11,609.24,19195.0
2025-06-26 11:55:00,609.3,609.41,609.28,609.35,50291.0
2025-06-26 12:00:00,609.35,609.4104,607.72,609.36,75787.0
2025-06-26 12:05:00,609.37,609.47,609.1601,609.2096,11341.0
2025-06-26 12:10:00,609.1601,609.33,609.1601,609.2,17673.0
2025-06-26 12:15:00,609.1601,609.24,609.12,609.23,31331.0
2025-06-26 12:20:00,609.17,609.18,609.06,609.18,13550.0
2025-06-26 12:25:00,609.1899,609.33,609.15,609.23,20653.0
2025-06-26 12:30:00,609.4,609.4,608.25,608.6,119707.0
2025-06-26 12:35:00,608.58,608.87,608.57,608.87,108114.0
2025-06-26 12:40:00,608.86,609.05,608.77,609.0104,22626.0
2025-06-26 12:45:00,609.11,609.21,608.98,609.03,105719.0
2025-06-26 12:50:00,609.01,609.08,608.82,608.9,33380.0
2025-06-26 12:55:00,609.02,609.11,608.88,609.07,14360.0
2025-06-26 13:00:00,609.06,609.06,608.61,608.64,34341.0
2025-06-26 13:05:00,608.64,608.77,608.6,608.6852,26237.0
2025-06-26 13:10:00,608.69,608.8,608.64,608.74,32534.0
2025-06-26 13:15:00,608.75,609.13,608.59,608.8701,43992.0
2025-06-26 13:20:00,608.94,609.09,608.94,608.96,31602.0
2025-06-26 13:25:00,609.01,609.21,608.86,608.98,70521.0
2025-06-26 13:30:00,608.99,609.33,608.77,609.2106,1572037.0
2025-06-26 13:35:00,609.21,609.38,608.8,609.11,1071572.0
2025-06-26 13:40:00,609.11,609.38,608.82,609.27,1007145.0
2025-06-26 13:45:00,609.28,609.39,608.53,608.735,1231844.0
2025-06-26 13:50:00,608.74,608.88,608.37,608.79,907860.0
2025-06-26 13:55:00,608.79,609.22,608.7,609.12,699946.0
2025-06-26 14:00:00,609.13,609.67,609.13,609.47,1061276.0
2025-06-26 14:05:00,609.47,609.58,609.07,609.165,3645482.0
2025-06-26 14:10:00,609.17,609.54,609.14,609.382,961865.0
2025-06-26 14:15:00,609.39,609.5799,609.2701,609.47,622497.0
2025-06-26 14:20:00,609.48,609.77,609.46,609.72,708136.0
2025-06-26 14:25:00,609.72,609.98,609.63,609.945,578902.0
2025-06-26 14:30:00,609.93,610.58,609.92,610.39,1423352.0
2025-06-26 14:35:00,610.38,610.4,610.195,610.25,653581.0
2025-06-26 14:40:00,610.27,610.33,610.01,610.01,629053.0
2025-06-26 14:45:00,610.01,610.42,609.95,610.39,1200691.0
2025-06-26 14:50:00,610.38,610.465,610.22,610.4525,467778.0
2025-06-26 14:55:00,610.45,610.46,610.31,610.3693,540355.0
2025-06-26 15:00:00,610.37,610.72,610.335,610.69,503060.0
2025-06-26 15:05:00,610.695,610.7299,610.51,610.58,713737.0
2025-06-26 15:10:00,610.58,610.59,610.41,610.47,474178.0
2025-06-26 15:15:00,610.475,610.82,610.445,610.69,582425.0
2025-06-26 15:20:00,610.7,610.865,610.62,610.715,556095.0
2025-06-26 15:25:00,610.73,610.73,610.06,610.09,629617.0
2025-06-26 15:30:00,610.07,610.34,609.83,610.34,1098585.0
2025-06-26 15:35:00,610.33,610.58,610.28,610.58,676475.0
2025-06-26 15:40:00,610.58,610.61,610.325,610.365,1132731.0
2025-06-26 15:45:00,610.36,610.6599,610.355,610.425,267848.0
2025-06-26 15:50:00,610.42,610.66,610.3,610.58,355467.0
2025-06-26 15:55:00,610.58,610.62,610.34,610.53,265189.0
2025-06-26 16:00:00,610.52,611.05,610.46,610.98,915295.0
2025-06-27 09:30:00,613.61,613.66,613.56,613.59,24789.0
2025-06-27 09:35:00,613.59,613.59,613.46,613.46,1514.0
2025-06-27 09:40:00,613.57,613.61,613.54,613.54,3274.0
2025-06-27 09:50:00,613.5,613.5,613.37,613.37,3631.0
2025-06-27 09:55:00,613.49,613.53,613.49,613.53,716.0
2025-06-27 10:00:00,613.67,613.67,613.42,613.64,2315.0
2025-06-27 10:05:00,613.53,613.56,613.51,613.53,1572.0
2025-06-27 10:10:00,613.51,613.51,613.41,613.41,1357.0
2025-06-27 10:15:00,613.5,613.51,613.5,613.51,421.0
2025-06-27 10:20:00,613.56,613.58,613.53,613.53,1862.0
2025-06-27 10:25:00,613.47,613.47,613.35,613.35,46399.0
2025-06-27 10:30:00,613.44,613.5,613.42,613.49,3473.0
2025-06-27 10:35:00,613.55,613.55,613.43,613.43,1003.0
2025-06-27 10:40:00,613.4,613.45,613.4,613.41,1099.0
2025-06-27 10:45:00,613.49,613.54,613.49,613.5,2784.0
2025-06-27 10:50:00,613.49,613.5,613.43,613.5,1455.0
2025-06-27 10:55:00,613.5,613.51,613.48,613.51,1517.0
2025-06-27 11:00:00,613.52,613.8,613.47,613.77,27426.0
2025-06-27 11:05:00,613.7,613.8,613.7,613.79,4893.0
2025-06-27 11:10:00,613.8,613.84,613.74,613.82,31690.0
2025-06-27 11:15:00,613.77,613.89,613.73,613.89,7048.0
2025-06-27 11:20:00,613.91,614.01,613.9,613.94,18573.0
2025-06-27 11:25:00,613.93,613.95,613.87,613.9,19021.0
2025-06-27 11:30:00,613.87,614.08,613.87,614.08,6483.0
2025-06-27 11:35:00,614.11,614.32,614.08,614.32,26881.0
2025-06-27 11:40:00,614.31,614.39,614.15,614.18,29363.0
2025-06-27 11:45:00,614.2,614.29,614.11,614.18,15044.0
2025-06-27 11:50:00,614.211,614.299,614.21,614.24,10333.0
2025-06-27 11:55:00,614.19,614.34,614.1,614.34,23660.0
2025-06-27 12:00:00,613.83,614.55,612.6,614.28,114877.0
2025-06-27 12:05:00,614.28,614.32,614.06,614.12,47312.0
2025-06-27 12:10:00,614.15,614.16,613.9,613.9699,37673.0
2025-06-27 12:15:00,613.9391,614.0,613.87,613.87,21208.0
2025-06-27 12:20:00,613.91,614.24,613.85,614.21,17151.0
2025-06-27 12:25:00,614.22,614.24,614.05,614.1,13618.0
2025-06-27 12:30:00,613.99,614.11,613.52,613.61,167834.0
2025-06-27 12:35:00,613.64,613.87,613.63,613.76,109623.0
2025-06-27 12:40:00,613.74,613.75,613.39,613.54,104959.0
2025-06-27 12:45:00,613.56,613.8,613.46,613.5801,87764.0
2025-06-27 12:50:00,613.61,613.65,613.35,613.45,64317.0
2025-06-27 12:55:00,613.45,613.56,613.39,613.44,83324.0
2025-06-27 13:00:00,613.43,613.49,613.2399,613.24,72464.0
2025-06-27 13:05:00,613.24,613.34,613.08,613.09,69355.0
2025-06-27 13:10:00,613.11,613.17,612.99,613.01,55007.0
2025-06-27 13:15:00,613.02,613.28,613.02,613.11,66178.0
2025-06-27 13:20:00,613.11,613.23,613.08,613.12,30838.0
2025-06-27 13:25:00,613.14,613.25,612.89,612.9,105172.0
2025-06-27 13:30:00,612.88,613.33,612.7,613.08,1487329.0
2025-06-27 13:35:00,613.09,613.65,613.0006,613.595,1133239.0
2025-06-27 13:40:00,613.61,613.705,613.34,613.6352,714061.0
2025-06-27 13:45:00,613.635,613.855,613.62,613.81,707377.0
2025-06-27 13:50:00,613.82,614.17,613.78,614.1648,721770.0
2025-06-27 13:55:00,614.16,614.6599,614.16,614.36,1113524.0
2025-06-27 14:00:00,614.37,615.245,614.37,615.1,1156008.0
2025-06-27 14:05:00,615.11,615.39,614.9,615.0525,1131141.0
2025-06-27 14:10:00,615.05,615.5,615.045,615.095,973554.0
2025-06-27 14:15:00,615.08,615.258,614.79,615.01,793643.0
2025-06-27 14:20:00,615.01,615.335,614.82,614.8499,602700.0
2025-06-27 14:25:00,614.83,614.945,614.555,614.905,683477.0
2025-06-27 14:30:00,614.91,614.98,614.6,614.805,514515.0
2025-06-27 14:35:00,614.81,615.55,614.65,615.2301,2062809.0
2025-06-27 14:40:00,615.25,615.49,615.125,615.375,524574.0
2025-06-27 14:45:00,615.38,615.48,615.27,615.39,376182.0
2025-06-27 14:50:00,615.395,615.43,614.75,615.1099,861332.0
2025-06-27 14:55:00,615.11,615.12,614.6,614.81,621218.0
2025-06-27 15:00:00,614.82,615.06,614.6,615.035,486492.0
2025-06-27 15:05:00,615.035,615.3,614.99,615.16,424444.0
2025-06-27 15:10:00,615.16,615.38,615.16,615.21,408733.0
2025-06-27 15:15:00,615.21,615.235,614.84,615.0549,357191.0
2025-06-27 15:20:00,615.06,615.2788,614.85,615.235,1545236.0
2025-06-27 15:25:00,615.24,615.39,615.17,615.34,480354.0
2025-06-27 15:30:00,615.34,615.675,615.3001,615.67,2530923.0
2025-06-27 15:35:00,615.675,615.93,615.63,615.9,621526.0
2025-06-27 15:40:00,615.89,616.09,615.8,616.01,746102.0
2025-06-27 15:45:00,616.01,616.09,615.83,616.0701,586614.0
2025-06-27 15:50:00,616.08,616.1,615.855,616.02,352163.0
2025-06-27 15:55:00,616.02,616.07,615.866,615.902,349443.0
2025-06-27 16:00:00,615.9,615.92,615.69,615.86,547665.0
2025-06-30 09:30:00,617.64,617.8,617.64,617.72,15121.0
2025-06-30 09:35:00,617.69,617.85,617.69,617.84,5091.0
2025-06-30 09:40:00,617.8,617.8,617.67,617.67,4364.0
2025-06-30 09:45:00,617.59,617.59,617.31,617.33,4414.0
2025-06-30 09:50:00,617.3,617.3,617.16,617.3,17589.0
2025-06-30 09:55:00,617.3,617.3,617.25,617.28,1602.0
2025-06-30 10:00:00,617.31,617.31,617.24,617.29,8452.0
2025-06-30 10:05:00,617.33,617.41,617.31,617.39,3577.0
2025-06-30 10:10:00,617.5,617.65,617.5,617.6,14590.0
2025-06-30 10:15:00,617.6,617.63,617.58,617.63,4057.0
2025-06-30 10:20:00,617.65,617.68,617.65,617.67,1595.0
2025-06-30 10:25:00,617.66,617.69,617.65,617.67,1748.0
2025-06-30 10:30:00,617.66,617.66,617.61,617.61,357.0
2025-06-30 10:35:00,617.59,617.71,617.59,617.7,5391.0
2025-06-30 10:40:00,617.73,617.74,617.66,617.69,6991.0
2025-06-30 10:45:00,617.64,617.66,617.58,617.61,4201.0
2025-06-30 10:50:00,617.61,617.615,617.5,617.61,9425.0
2025-06-30 10:55:00,617.6,617.65,617.56,617.58,16511.0
2025-06-30 11:00:00,617.58,617.631,617.44,617.44,17320.0
2025-06-30 11:05:00,617.44,617.59,617.42,617.59,5446.0
2025-06-30 11:10:00,617.57,617.65,617.54,617.64,14373.0
2025-06-30 11:15:00,617.65,617.78,617.6,617.75,20149.0
2025-06-30 11:20:00,617.76,617.86,617.69,617.81,19483.0
2025-06-30 11:25:00,617.79,617.85,617.74,617.83,7933.0
2025-06-30 11:30:00,617.805,617.83,617.68,617.68,14313.0
2025-06-30 11:35:00,617.69,617.69,617.45,617.48,34001.0
2025-06-30 11:40:00,617.5,617.71,617.5,617.69,15961.0
2025-06-30 11:45:00,617.75,617.86,617.721,617.85,31574.0
2025-06-30 11:50:00,617.87,617.87,617.61,617.61,10957.0
2025-06-30 11:55:00,617.63,617.64,617.47,617.52,20900.0
2025-06-30 12:00:00,617.74,617.9,617.0,617.43,125461.0
2025-06-30 12:05:00,617.49,617.59,617.4702,617.5501,11716.0
2025-06-30 12:10:00,617.51,617.58,617.49,617.55,26008.0
2025-06-30 12:15:00,617.51,617.56,617.38,617.54,26048.0
2025-06-30 12:20:00,617.5,617.53,617.2,617.28,56922.0
2025-06-30 12:25:00,617.3,617.32,617.19,617.32,39609.0
2025-06-30 12:30:00,617.3,617.32,617.02,617.13,53045.0
2025-06-30 12:35:00,617.13,617.21,616.96,617.03,49186.0
2025-06-30 12:40:00,617.01,617.07,616.96,617.07,22494.0
2025-06-30 12:45:00,617.09,617.0999,616.93,616.93,32439.0
2025-06-30 12:50:00,616.93,617.0801,616.79,616.98,64468.0
2025-06-30 12:55:00,617.03,617.14,616.89,617.09,39849.0
2025-06-30 13:00:00,617.07,617.25,617.07,617.22,41204.0
2025-06-30 13:05:00,617.24,617.27,617.04,617.22,35310.0
2025-06-30 13:10:00,617.22,617.349,617.17,617.27,41820.0
2025-06-30 13:15:00,617.25,617.46,617.21,617.45,55168.0
2025-06-30 13:20:00,617.47,617.62,617.47,617.47,71584.0
2025-06-30 13:25:00,617.46,617.55,617.33,617.39,60499.0
2025-06-30 13:30:00,617.38,617.49,616.4593,616.66,2206145.0
2025-06-30 13:35:00,616.66,616.91,616.19,616.75,1354562.0
2025-06-30 13:40:00,616.745,616.775,616.24,616.39,809902.0
2025-06-30 13:45:00,616.41,616.72,615.96,616.17,918419.0
2025-06-30 13:50:00,616.18,616.65,616.11,616.35,1042304.0
2025-06-30 13:55:00,616.35,616.69,616.29,616.433,809074.0
2025-06-30 14:00:00,616.44,616.65,616.3,616.48,860813.0
2025-06-30 14:05:00,616.49,616.585,616.11,616.39,951062.0
2025-06-30 14:10:00,616.38,616.78,616.34,616.62,758492.0
2025-06-30 14:15:00,616.63,616.82,616.33,616.63,772407.0
2025-06-30 14:20:00,616.63,616.6391,615.93,616.345,869460.0
2025-06-30 14:25:00,616.33,616.73,616.15,616.7,653028.0
2025-06-30 14:30:00,616.7,616.775,616.3,616.35,423153.0
2025-06-30 14:35:00,616.36,616.37,615.79,615.91,750156.0
2025-06-30 14:40:00,615.89,616.25,615.688,615.9093,604625.0
2025-06-30 14:45:00,615.9,616.21,615.7219,616.145,603072.0
2025-06-30 14:50:00,616.1548,616.155,615.845,615.96,470323.0
2025-06-30 14:55:00,615.9799,616.15,615.922,616.01,419102.0
2025-06-30 15:00:00,616.01,616.3,615.815,616.26,1000963.0
2025-06-30 15:05:00,616.26,616.59,616.252,616.56,659774.0
2025-06-30 15:10:00,616.56,616.575,615.82,615.965,909497.0
2025-06-30 15:15:00,615.965,616.01,615.71,615.871,741091.0
2025-06-30 15:20:00,615.87,616.115,615.79,616.1,1963164.0
2025-06-30 15:25:00,616.1,616.34,616.025,616.205,1128486.0
2025-06-30 15:30:00,616.21,616.7,616.1,616.63,911801.0
2025-06-30 15:35:00,616.63,616.73,616.51,616.69,469480.0
2025-06-30 15:40:00,616.685,616.84,616.475,616.7548,392673.0
2025-06-30 15:45:00,616.76,616.92,616.63,616.8279,430340.0
2025-06-30 15:50:00,616.83,616.925,616.67,616.695,521817.0
2025-06-30 15:55:00,616.695,616.73,616.39,616.465,631691.0
2025-06-30 16:00:00,616.47,616.82,616.465,616.82,511054.0
2025-07-01 09:30:00,616.79,616.83,616.64,616.78,2529.0
2025-07-01 09:35:00,616.86,616.87,616.76,616.76,3408.0
2025-07-01 09:40:00,616.81,616.81,616.74,616.74,1270.0
2025-07-01 09:45:00,616.73,616.73,616.41,616.57,9271.0
2025-07-01 09:50:00,616.52,616.58,616.5,616.57,3243.0
2025-07-01 09:55:00,616.75,616.95,616.75,616.95,5844.0
2025-07-01 10:00:00,617.0,617.08,616.92,616.95,2701.0
2025-07-01 10:05:00,616.95,617.04,616.95,617.04,1193.0
2025-07-01 10:10:00,617.07,617.07,616.98,617.0,1918.0
2025-07-01 10:15:00,617.03,617.03,617.03,617.03,1508.0
2025-07-01 10:20:00,616.98,616.98,616.93,616.94,1406.0
2025-07-01 10:25:00,616.82,616.82,616.82,616.82,1100.0
2025-07-01 10:30:00,616.75,616.75,616.73,616.73,1295.0
2025-07-01 10:35:00,616.74,616.79,616.7,616.79,692.0
2025-07-01 10:40:00,616.75,616.77,616.7,616.7,1797.0
2025-07-01 10:45:00,616.76,616.76,616.72,616.73,1403.0
2025-07-01 10:50:00,616.74,616.79,616.72,616.72,2099.0
2025-07-01 10:55:00,616.68,616.97,616.67,616.97,2555.0
2025-07-01 11:00:00,616.96,617.14,616.91,617.05,15735.0
2025-07-01 11:05:00,617.08,617.12,616.99,617.02,12905.0
2025-07-01 11:10:00,616.94,617.04,616.94,616.99,7646.0
2025-07-01 11:15:00,617.01,617.11,616.8,616.85,12199.0
2025-07-01 11:20:00,616.84,617.05,616.84,616.94,2535.0
2025-07-01 11:25:00,616.99,617.01,616.88,616.97,3669.0
2025-07-01 11:30:00,617.09,617.1,617.02,617.1,4643.0
2025-07-01 11:35:00,617.121,617.13,617.04,617.05,7639.0
2025-07-01 11:40:00,617.0,617.01,616.93,616.99,11035.0
2025-07-01 11:45:00,616.96,617.02,616.9,617.02,9197.0
2025-07-01 11:50:00,616.95,616.95,616.79,616.79,7841.0
2025-07-01 11:55:00,616.77,616.98,616.56,616.91,24184.0
2025-07-01 12:00:00,616.94,617.51,616.61,616.86,102664.0
2025-07-01 12:05:00,616.88,616.93,616.43,616.48,13805.0
2025-07-01 12:10:00,616.45,616.55,616.26,616.27,40207.0
2025-07-01 12:15:00,616.27,616.319,616.09,616.1013,47564.0
2025-07-01 12:20:00,616.15,616.16,615.83,615.92,25780.0
2025-07-01 12:25:00,615.86,615.87,615.52,615.87,52262.0
2025-07-01 12:30:00,615.87,616.34,615.87,616.34,26280.0
2025-07-01 12:35:00,616.3,616.45,615.86,615.92,43102.0
2025-07-01 12:40:00,615.9199,616.06,615.81,616.0,30433.0
2025-07-01 12:45:00,616.07,616.3281,616.03,616.1797,26822.0
2025-07-01 12:50:00,616.17,616.34,616.1,616.32,24603.0
2025-07-01 12:55:00,616.36,616.38,616.19,616.22,32396.0
2025-07-01 13:00:00,616.22,616.45,616.1905,616.39,49285.0
2025-07-01 13:05:00,616.4,616.6292,616.34,616.58,49162.0
2025-07-01 13:10:00,616.64,616.64,616.485,616.56,22539.0
2025-07-01 13:15:00,616.51,616.58,616.1007,616.15,35123.0
2025-07-01 13:20:00,616.121,616.28,616.05,616.22,18720.0
2025-07-01 13:25:00,616.25,616.42,616.15,616.36,50680.0
2025-07-01 13:30:00,616.36,616.9,616.255,616.59,1446580.0
2025-07-01 13:35:00,616.6,616.88,616.44,616.78,898546.0
2025-07-01 13:40:00,616.77,616.91,616.38,616.62,707302.0
2025-07-01 13:45:00,616.64,617.35,616.6,617.29,1036985.0
2025-07-01 13:50:00,617.285,617.74,617.23,617.585,1149924.0
2025-07-01 13:55:00,617.58,617.6,617.1201,617.27,583545.0
2025-07-01 14:00:00,617.23,617.59,616.87,617.22,904562.0
2025-07-01 14:05:00,617.21,617.53,617.0748,617.12,919832.0
2025-07-01 14:10:00,617.13,617.8,616.8599,617.69,959526.0
2025-07-01 14:15:00,617.68,618.065,617.61,617.83,834811.0
2025-07-01 14:20:00,617.83,617.845,617.02,617.23,994058.0
2025-07-01 14:25:00,617.24,617.375,616.75,617.12,847485.0
2025-07-01 14:30:00,617.1,617.61,616.905,616.95,1308804.0
2025-07-01 14:35:00,616.94,617.23,616.66,616.75,756372.0
2025-07-01 14:40:00,616.74,616.8478,616.51,616.64,992109.0
2025-07-01 14:45:00,616.64,616.705,616.13,616.46,922253.0
2025-07-01 14:50:00,616.45,616.61,616.29,616.59,684501.0
2025-07-01 14:55:00,616.61,616.74,616.28,616.5011,739647.0
2025-07-01 15:00:00,616.51,617.1499,616.2913,617.135,862597.0
2025-07-01 15:05:00,617.125,617.245,615.85,616.18,1221720.0
2025-07-01 15:10:00,616.19,616.26,615.52,615.7319,1430232.0
2025-07-01 15:15:00,615.73,616.37,615.57,616.311,851721.0
2025-07-01 15:20:00,616.32,616.925,616.24,616.8687,807165.0
2025-07-01 15:25:00,616.86,617.4901,616.85,617.28,1014613.0
2025-07-01 15:30:00,617.27,617.49,617.07,617.3041,646809.0
2025-07-01 15:35:00,617.31,617.41,616.64,616.715,606807.0
2025-07-01 15:40:00,616.7,616.75,616.08,616.31,721607.0
2025-07-01 15:45:00,616.3,616.66,616.21,616.4,560679.0
2025-07-01 15:50:00,616.4,617.005,616.31,616.885,538910.0
2025-07-01 15:55:00,616.89,616.99,616.7602,616.94,658858.0
2025-07-01 16:00:00,616.96,617.2,616.74,616.8,578455.0
2025-07-02 09:30:00,618.4,618.45,618.37,618.4,2761.0
2025-07-02 09:35:00,618.4,618.4,618.14,618.15,2430.0
2025-07-02 09:40:00,618.23,618.37,618.23,618.37,1246.0
2025-07-02 09:45:00,618.39,618.45,618.39,618.44,3642.0
2025-07-02 09:50:00,618.45,618.45,618.45,618.45,1193.0
2025-07-02 09:55:00,618.34,618.45,618.34,618.43,1539.0
2025-07-02 10:00:00,618.4,618.4,618.38,618.38,1308.0
2025-07-02 10:05:00,618.4,618.4,618.4,618.4,403.0
2025-07-02 10:10:00,618.29,618.29,618.29,618.29,244.0
2025-07-02 10:15:00,618.41,618.44,618.4,618.42,1033.0
2025-07-02 10:20:00,618.34,618.4,618.34,618.34,573.0
2025-07-02 10:25:00,618.35,618.4,618.24,618.24,2484.0
2025-07-02 10:30:00,618.22,618.39,618.22,618.3,3954.0
2025-07-02 10:35:00,618.25,618.25,618.17,618.19,1657.0
2025-07-02 10:40:00,618.15,618.15,618.08,618.08,6726.0
2025-07-02 10:45:00,618.23,618.26,618.11,618.17,3513.0
2025-07-02 10:50:00,618.21,618.3,618.12,618.13,1851.0
2025-07-02 10:55:00,618.08,618.28,617.99,618.25,17882.0
2025-07-02 11:00:00,618.25,618.35,618.14,618.35,10921.0
2025-07-02 11:05:00,618.33,618.46,618.3,618.45,7568.0
2025-07-02 11:10:00,618.46,618.46,618.27,618.3,3705.0
2025-07-02 11:15:00,618.32,618.46,618.32,618.46,3850.0
2025-07-02 11:20:00,618.45,618.46,618.44,618.46,1765.0
2025-07-02 11:25:00,618.47,618.49,618.42,618.42,1894.0
2025-07-02 11:30:00,618.47,618.58,618.18,618.18,14258.0
2025-07-02 11:35:00,618.25,618.4,618.25,618.33,4857.0
2025-07-02 11:40:00,618.36,618.42,618.32,618.38,2193.0
2025-07-02 11:45:00,618.34,618.41,617.89,617.92,10365.0
2025-07-02 11:50:00,617.84,617.84,617.4,617.43,39098.0
2025-07-02 11:55:00,617.43,617.87,617.43,617.78,18638.0
2025-07-02 12:00:00,617.7325,619.68,617.37,617.66,102639.0
2025-07-02 12:05:00,617.74,617.93,617.74,617.82,13446.0
2025-07-02 12:10:00,617.8297,618.1,617.76,618.01,12006.0
2025-07-02 12:15:00,617.96,617.96,617.05,617.392,64223.0
2025-07-02 12:20:00,617.3814,617.75,617.05,617.28,29776.0
2025-07-02 12:25:00,617.16,617.58,617.04,617.46,43935.0
2025-07-02 12:30:00,617.44,617.5,616.79,616.91,83967.0
2025-07-02 12:35:00,616.94,617.26,616.85,616.95,181123.0
2025-07-02 12:40:00,616.87,616.94,616.35,616.56,38053.0
2025-07-02 12:45:00,616.55,616.91,616.47,616.67,31423.0
2025-07-02 12:50:00,616.69,616.74,616.54,616.61,26808.0
2025-07-02 12:55:00,616.63,616.75,616.49,616.72,15431.0
2025-07-02 13:00:00,616.77,617.29,616.54,617.28,82416.0
2025-07-02 13:05:00,617.35,617.36,617.11,617.111,42238.0
2025-07-02 13:10:00,617.13,617.22,617.03,617.08,14799.0
2025-07-02 13:15:00,617.14,617.23,616.9003,617.0,29158.0
2025-07-02 13:20:00,616.98,617.11,616.94,617.05,16010.0
2025-07-02 13:25:00,617.06,617.27,616.89,617.26,60120.0
2025-07-02 13:30:00,617.24,617.49,616.6602,616.725,1390376.0
2025-07-02 13:35:00,616.71,617.2899,616.61,617.2501,970679.0
2025-07-02 13:40:00,617.25,617.37,616.92,617.135,831925.0
2025-07-02 13:45:00,617.135,617.64,617.135,617.39,1021087.0
2025-07-02 13:50:00,617.39,617.575,617.25,617.48,638113.0
2025-07-02 13:55:00,617.49,617.49,617.095,617.3093,634187.0
2025-07-02 14:00:00,617.31,617.73,617.28,617.68,985704.0
2025-07-02 14:05:00,617.68,617.98,617.67,617.825,860663.0
2025-07-02 14:10:00,617.82,618.0,617.79,617.9201,689989.0
2025-07-02 14:15:00,617.92,618.08,617.89,617.985,645014.0
2025-07-02 14:20:00,617.98,618.195,617.87,618.18,653673.0
2025-07-02 14:25:00,618.19,618.72,618.135,618.6,1356568.0
2025-07-02 14:30:00,618.6,618.86,618.585,618.8,816353.0
2025-07-02 14:35:00,618.8,618.96,618.705,618.86,591230.0
2025-07-02 14:40:00,618.86,619.13,618.24,618.35,1150868.0
2025-07-02 14:45:00,618.34,618.95,618.2,618.85,1196464.0
2025-07-02 14:50:00,618.86,619.165,618.79,618.85,799165.0
2025-07-02 14:55:00,618.85,618.85,618.545,618.74,816752.0
2025-07-02 15:00:00,618.77,619.07,618.77,618.94,704335.0
2025-07-02 15:05:00,618.95,619.12,618.775,618.83,726817.0
2025-07-02 15:10:00,618.83,618.84,618.55,618.675,586461.0
2025-07-02 15:15:00,618.66,618.86,618.66,618.73,467290.0
2025-07-02 15:20:00,618.74,619.06,618.67,618.94,433131.0
2025-07-02 15:25:00,618.94,619.09,618.705,618.79,429652.0
2025-07-02 15:30:00,618.79,619.1052,618.74,618.985,358568.0
2025-07-02 15:35:00,618.985,619.36,618.975,619.1,655714.0
2025-07-02 15:40:00,619.08,619.23,619.015,619.14,584835.0
2025-07-02 15:45:00,619.133,619.455,619.0565,619.28,651665.0
2025-07-02 15:50:00,619.29,619.375,619.145,619.165,456408.0
2025-07-02 15:55:00,619.155,619.345,619.04,619.2719,510707.0
2025-07-02 16:00:00,619.27,619.31,618.86,618.91,658518.0
2025-07-03 09:30:00,621.2,621.2,621.14,621.19,1096.0
2025-07-03 09:35:00,620.91,620.91,620.87,620.89,1959.0
2025-07-03 09:40:00,620.86,621.04,620.85,620.99,3689.0
2025-07-03 09:45:00,620.89,621.08,620.89,621.08,2377.0
2025-07-03 09:50:00,621.03,621.03,620.98,620.98,1096.0
2025-07-03 09:55:00,621.0,621.0,620.78,620.78,2379.0
2025-07-03 10:00:00,620.84,620.84,620.7,620.74,2894.0
2025-07-03 10:05:00,620.71,620.72,620.61,620.69,2350.0
2025-07-03 10:10:00,620.59,620.69,620.58,620.69,1513.0
2025-07-03 10:15:00,620.68,620.74,620.67,620.67,2828.0
2025-07-03 10:20:00,620.55,620.55,620.51,620.53,1947.0
2025-07-03 10:25:00,620.6,620.79,620.6,620.63,3578.0
2025-07-03 10:30:00,620.65,620.74,620.65,620.73,2580.0
2025-07-03 10:45:00,620.92,620.93,620.92,620.92,866.0
2025-07-03 10:50:00,620.91,620.93,620.89,620.93,1285.0
2025-07-03 10:55:00,620.96,621.0,620.96,620.97,1765.0
2025-07-03 11:00:00,620.96,621.09,620.88,621.05,11181.0
2025-07-03 11:05:00,621.1,621.15,621.02,621.11,5172.0
2025-07-03 11:10:00,621.11,621.21,621.019,621.11,14482.0
2025-07-03 11:15:00,621.12,621.24,621.01,621.22,8354.0
2025-07-03 11:20:00,621.23,621.26,621.14,621.16,5469.0
2025-07-03 11:25:00,621.13,621.23,621.1,621.21,18564.0
2025-07-03 11:30:00,621.19,621.21,620.99,621.02,17605.0
2025-07-03 11:35:00,621.05,621.08,620.91,620.94,10199.0
2025-07-03 11:40:00,620.92,621.27,620.92,621.16,22331.0
2025-07-03 11:45:00,621.13,621.15,621.01,621.02,10928.0
2025-07-03 11:50:00,621.04,621.13,620.96,621.13,13121.0
2025-07-03 11:55:00,621.13,621.27,620.96,621.25,18120.0
2025-07-03 12:00:00,621.12,621.65,620.81,621.45,98024.0
2025-07-03 12:05:00,621.46,621.6,621.46,621.58,49110.0
2025-07-03 12:10:00,621.64,621.65,621.25,621.29,35898.0
2025-07-03 12:15:00,621.26,621.39,621.18,621.21,39235.0
2025-07-03 12:20:00,621.21,621.25,621.06,621.23,30027.0
2025-07-03 12:25:00,621.0945,621.33,621.09,621.33,21635.0
2025-07-03 12:30:00,621.75,622.82,621.41,622.54,481526.0
2025-07-03 12:35:00,622.63,622.76,621.89,622.11,202756.0
2025-07-03 12:40:00,622.13,622.1988,621.781,621.99,61576.0
2025-07-03 12:45:00,622.0,622.0186,621.5,621.54,58834.0
2025-07-03 12:50:00,621.54,621.8,621.52,621.7301,41609.0
2025-07-03 12:55:00,621.74,621.89,621.61,621.66,26739.0
2025-07-03 13:00:00,621.68,622.06,621.68,622.03,29396.0
2025-07-03 13:05:00,622.02,622.47,622.0,622.27,106316.0
2025-07-03 13:10:00,622.32,622.39,621.93,622.12,100799.0
2025-07-03 13:15:00,622.09,622.15,621.95,622.06,71438.0
2025-07-03 13:20:00,622.1401,622.41,622.11,622.38,22978.0
2025-07-03 13:25:00,622.37,622.6299,622.36,622.48,93790.0
2025-07-03 13:30:00,622.45,623.48,622.43,623.3401,1848297.0
2025-07-03 13:35:00,623.35,623.635,623.34,623.44,1312071.0
2025-07-03 13:40:00,623.445,623.51,623.115,623.46,1607504.0
2025-07-03 13:45:00,623.47,623.8599,623.47,623.83,1300350.0
2025-07-03 13:50:00,623.83,624.5,623.66,624.39,1458523.0
2025-07-03 13:55:00,624.3801,624.545,624.05,624.07,1053119.0
2025-07-03 14:00:00,624.06,624.885,624.04,624.83,1310136.0
2025-07-03 14:05:00,624.84,624.93,624.74,624.8201,1074884.0
2025-07-03 14:10:00,624.82,624.97,624.74,624.78,849218.0
2025-07-03 14:15:00,624.77,624.96,624.55,624.95,1404846.0
2025-07-03 14:20:00,624.96,625.11,624.89,625.0,653340.0
2025-07-03 14:25:00,625.0,625.06,624.89,625.0,603041.0
2025-07-03 14:30:00,625.0,625.07,624.79,624.88,799363.0
2025-07-03 14:35:00,624.91,625.29,624.86,625.22,722914.0
2025-07-03 14:40:00,625.22,625.45,625.2,625.38,694831.0
2025-07-03 14:45:00,625.37,625.47,625.2401,625.275,492643.0
2025-07-03 14:50:00,625.2717,625.335,625.18,625.3049,564465.0
2025-07-03 14:55:00,625.3088,625.43,625.25,625.3,436595.0
2025-07-03 15:00:00,625.31,625.58,625.26,625.46,609642.0
2025-07-03 15:05:00,625.45,625.785,625.41,625.615,725815.0
2025-07-03 15:10:00,625.63,625.74,625.55,625.74,394256.0
2025-07-03 15:15:00,625.75,625.75,625.3499,625.45,599264.0
2025-07-03 15:20:00,625.45,625.59,625.28,625.305,2108123.0
2025-07-03 15:25:00,625.31,625.52,625.17,625.42,931060.0
2025-07-03 15:30:00,625.42,625.7499,625.36,625.64,1144354.0
2025-07-03 15:35:00,625.64,625.84,625.6,625.745,755300.0
2025-07-03 15:40:00,625.75,626.05,625.745,626.04,734538.0
2025-07-03 15:45:00,626.05,626.08,625.915,626.025,717960.0
2025-07-03 15:50:00,626.0225,626.0513,625.91,625.99,630999.0
2025-07-03 15:55:00,625.99,626.025,625.74,625.9,671071.0
2025-07-03 16:00:00,625.902,626.0299,625.86,625.91,826718.0
2025-07-07 09:30:00,622.7,622.75,622.7,622.75,396.0
2025-07-07 09:35:00,622.78,623.06,622.77,623.06,9487.0
2025-07-07 09:40:00,623.1,623.21,623.03,623.21,1149.0
2025-07-07 09:45:00,623.04,623.05,622.98,623.04,1261.0
2025-07-07 09:50:00,623.03,623.46,623.03,623.46,3953.0
2025-07-07 09:55:00,623.45,623.76,623.45,623.76,15023.0
2025-07-07 10:00:00,623.68,623.86,623.66,623.86,3071.0
2025-07-07 10:05:00,623.85,624.03,623.83,624.03,5240.0
2025-07-07 10:10:00,623.97,624.22,623.97,624.13,2847.0
2025-07-07 10:15:00,623.93,623.93,623.73,623.8,12035.0
2025-07-07 10:20:00,623.81,623.97,623.81,623.92,5624.0
2025-07-07 10:25:00,623.91,623.99,623.88,623.93,9722.0
2025-07-07 10:30:00,623.92,623.98,623.92,623.93,4817.0
2025-07-07 10:35:00,624.04,624.04,624.04,624.04,335.0
2025-07-07 10:40:00,623.8,623.86,623.8,623.86,1501.0
2025-07-07 10:45:00,623.88,623.88,623.75,623.8,12123.0
2025-07-07 10:50:00,623.76,623.76,623.66,623.7,3072.0
2025-07-07 10:55:00,623.7,623.73,623.6,623.62,3089.0
2025-07-07 11:00:00,623.6,623.81,623.6,623.75,15549.0
2025-07-07 11:05:00,623.75,623.8,623.65,623.75,10564.0
2025-07-07 11:10:00,623.71,623.71,623.62,623.68,3271.0
2025-07-07 11:15:00,623.66,623.73,623.61,623.61,3594.0
2025-07-07 11:20:00,623.66,623.759,623.65,623.739,2550.0
2025-07-07 11:25:00,623.8,623.99,623.77,623.99,7424.0
2025-07-07 11:30:00,623.99,623.99,623.77,623.85,5465.0
2025-07-07 11:35:00,623.85,623.93,623.69,623.7,23115.0
2025-07-07 11:40:00,623.7,624.07,623.68,623.9,24027.0
2025-07-07 11:45:00,623.9,624.06,623.87,624.06,18700.0
2025-07-07 11:50:00,624.09,624.09,623.98,624.02,4502.0
2025-07-07 11:55:00,624.101,624.21,624.1,624.19,4022.0
2025-07-07 12:00:00,624.14,624.14,622.45,623.98,59268.0
2025-07-07 12:05:00,623.98,624.42,623.98,624.28,24832.0
2025-07-07 12:10:00,624.34,624.48,624.21,624.48,14273.0
2025-07-07 12:15:00,624.48,624.59,624.4001,624.5835,12337.0
2025-07-07 12:20:00,624.56,624.57,624.361,624.361,21471.0
2025-07-07 12:25:00,624.41,624.41,624.09,624.22,18993.0
2025-07-07 12:30:00,624.2,624.3188,624.1221,624.301,32626.0
2025-07-07 12:35:00,624.29,624.44,624.08,624.1009,23519.0
2025-07-07 12:40:00,624.14,624.16,623.89,623.94,26358.0
2025-07-07 12:45:00,623.92,623.95,623.82,623.84,14713.0
2025-07-07 12:50:00,623.8198,623.8707,623.54,623.55,27297.0
2025-07-07 12:55:00,623.58,623.58,623.27,623.43,47483.0
2025-07-07 13:00:00,623.43,623.53,623.19,623.27,62337.0
2025-07-07 13:05:00,623.31,623.3896,623.19,623.26,34613.0
2025-07-07 13:10:00,623.24,623.36,623.17,623.24,35789.0
2025-07-07 13:15:00,623.2297,623.3599,623.2,623.28,15668.0
2025-07-07 13:20:00,623.26,623.31,623.14,623.17,28581.0
2025-07-07 13:25:00,623.15,623.44,623.08,623.33,57696.0
2025-07-07 13:30:00,623.36,623.988,622.88,623.2264,1772592.0
2025-07-07 13:35:00,623.23,623.63,623.065,623.32,718100.0
2025-07-07 13:40:00,623.32,623.665,623.17,623.45,757393.0
2025-07-07 13:45:00,623.46,623.55,623.075,623.51,619944.0
2025-07-07 13:50:00,623.515,624.03,623.425,623.85,695657.0
2025-07-07 13:55:00,623.82,623.97,623.61,623.6526,450513.0
2025-07-07 14:00:00,623.65,623.795,622.715,623.08,812528.0
2025-07-07 14:05:00,623.1,623.35,622.99,623.1299,432518.0
2025-07-07 14:10:00,623.13,623.25,622.74,622.77,656291.0
2025-07-07 14:15:00,622.755,623.055,622.53,622.96,510013.0
2025-07-07 14:20:00,622.951,623.22,622.87,623.165,428524.0
2025-07-07 14:25:00,623.18,623.42,622.905,623.04,654314.0
2025-07-07 14:30:00,623.04,623.105,622.56,622.56,647805.0
2025-07-07 14:35:00,622.56,622.825,622.515,622.71,523800.0
2025-07-07 14:40:00,622.7,622.91,622.6,622.6799,429822.0
2025-07-07 14:45:00,622.67,622.92,622.56,622.7071,487230.0
2025-07-07 14:50:00,622.7,622.8,621.96,622.28,913643.0
2025-07-07 14:55:00,622.28,622.41,621.96,622.1599,674856.0
2025-07-07 15:00:00,622.16,622.39,621.91,622.09,635512.0
2025-07-07 15:05:00,622.115,622.155,621.91,622.055,450566.0
2025-07-07 15:10:00,622.05,622.13,621.87,621.935,570944.0
2025-07-07 15:15:00,621.935,622.09,621.655,621.73,598734.0
2025-07-07 15:20:00,621.71,621.965,621.56,621.85,495941.0
2025-07-07 15:25:00,621.8499,622.12,621.78,622.07,419796.0
2025-07-07 15:30:00,622.06,622.22,621.88,621.94,495206.0
2025-07-07 15:35:00,621.94,622.035,621.8344,621.935,302610.0
2025-07-07 15:40:00,621.935,621.975,621.615,621.64,308329.0
2025-07-07 15:45:00,621.63,621.735,621.23,621.41,578166.0
2025-07-07 15:50:00,621.4,621.4999,621.18,621.4,553891.0
2025-07-07 15:55:00,621.41,621.93,621.39,621.74,641823.0
2025-07-07 16:00:00,621.75,622.27,621.75,622.1399,572240.0
2025-07-08 09:30:00,621.49,621.49,621.31,621.31,844.0
2025-07-08 09:35:00,621.3,621.35,621.3,621.35,649.0
2025-07-08 09:40:00,621.43,621.43,621.35,621.37,1540.0
2025-07-08 09:45:00,621.36,621.36,621.27,621.28,1046.0
2025-07-08 09:50:00,621.29,621.29,620.93,620.93,4230.0
2025-07-08 09:55:00,621.17,621.17,621.17,621.17,513.0
2025-07-08 10:00:00,621.0,621.0,620.72,620.72,4155.0
2025-07-08 10:05:00,620.73,620.97,620.73,620.97,2974.0
2025-07-08 10:10:00,620.99,621.0,620.89,620.89,1207.0
2025-07-08 10:15:00,620.94,621.16,620.94,621.16,3099.0
2025-07-08 10:25:00,620.96,621.0,620.94,621.0,1340.0
2025-07-08 10:30:00,621.02,621.26,621.02,621.24,12141.0
2025-07-08 10:35:00,621.15,621.6,621.15,621.59,24194.0
2025-07-08 10:40:00,621.56,621.8,621.55,621.8,14551.0
2025-07-08 10:45:00,621.85,621.85,621.63,621.63,2805.0
2025-07-08 10:50:00,621.7,621.7,621.54,621.6,2208.0
2025-07-08 10:55:00,621.5,621.5,621.5,621.5,355.0
2025-07-08 11:00:00,621.59,621.6,621.5,621.53,20057.0
2025-07-08 11:05:00,621.5,621.53,621.34,621.35,6075.0
2025-07-08 11:10:00,621.41,621.65,621.41,621.64,17971.0
2025-07-08 11:15:00,621.6,621.9,621.5,621.64,7231.0
2025-07-08 11:20:00,621.64,621.79,621.64,621.75,10668.0
2025-07-08 11:25:00,621.76,621.8,621.71,621.75,7652.0
2025-07-08 11:30:00,621.72,621.72,621.72,621.72,222.0
2025-07-08 11:35:00,621.63,621.7,621.63,621.65,26823.0
2025-07-08 11:40:00,621.67,621.97,621.65,621.82,18050.0
2025-07-08 11:45:00,621.8,621.8,621.6,621.6,11535.0
2025-07-08 11:50:00,621.68,621.9,621.56,621.59,22483.0
2025-07-08 11:55:00,621.6,621.6,621.44,621.499,5315.0
2025-07-08 12:00:00,621.42,622.0,620.85,621.2,74925.0
2025-07-08 12:05:00,621.2,621.3988,621.2,621.29,17209.0
2025-07-08 12:10:00,621.29,621.46,621.199,621.46,9031.0
2025-07-08 12:15:00,621.4401,621.59,621.44,621.57,5705.0
2025-07-08 12:20:00,621.58,621.6,621.4304,621.47,16947.0
2025-07-08 12:25:00,621.52,621.53,621.41,621.45,7827.0
2025-07-08 12:30:00,621.4411,621.4411,621.08,621.16,24995.0
2025-07-08 12:35:00,621.15,621.24,620.98,621.0301,6987.0
2025-07-08 12:40:00,621.03,621.14,620.95,621.03,12460.0
2025-07-08 12:45:00,621.09,621.25,621.07,621.07,17455.0
2025-07-08 12:50:00,621.07,621.2,621.0,621.2,14782.0
2025-07-08 12:55:00,621.2,621.47,621.2,621.46,16060.0
2025-07-08 13:00:00,621.49,621.59,621.43,621.56,7705.0
2025-07-08 13:05:00,621.55,621.66,621.54,621.5999,27273.0
2025-07-08 13:10:00,621.56,621.62,621.48,621.54,21847.0
2025-07-08 13:15:00,621.51,621.51,621.33,621.35,10652.0
2025-07-08 13:20:00,621.35,621.49,621.27,621.48,28044.0
2025-07-08 13:25:00,621.46,621.5,621.24,621.32,32896.0
2025-07-08 13:30:00,621.35,621.47,620.61,620.61,1244641.0
2025-07-08 13:35:00,620.62,620.95,620.55,620.68,724989.0
2025-07-08 13:40:00,620.665,621.29,620.58,621.085,812301.0
2025-07-08 13:45:00,621.08,621.665,621.025,621.38,865638.0
2025-07-08 13:50:00,621.37,621.52,621.08,621.34,771072.0
2025-07-08 13:55:00,621.33,621.415,620.66,620.66,695981.0
2025-07-08 14:00:00,620.68,620.93,620.23,620.53,801272.0
2025-07-08 14:05:00,620.54,620.55,619.92,620.2,933536.0
2025-07-08 14:10:00,620.21,620.5,620.025,620.32,530806.0
2025-07-08 14:15:00,620.32,620.675,620.2,620.28,521245.0
2025-07-08 14:20:00,620.29,620.47,619.725,619.74,585140.0
2025-07-08 14:25:00,619.73,620.0998,619.642,620.01,581960.0
2025-07-08 14:30:00,620.025,621.16,620.01,621.15,964621.0
2025-07-08 14:35:00,621.15,621.4876,620.99,621.34,868976.0
2025-07-08 14:40:00,621.345,621.495,620.83,621.07,671124.0
2025-07-08 14:45:00,621.08,621.09,620.17,620.57,1370801.0
2025-07-08 14:50:00,620.54,620.8,619.65,619.93,991046.0
2025-07-08 14:55:00,619.93,620.43,619.52,620.43,722096.0
2025-07-08 15:00:00,620.43,620.725,620.23,620.55,557156.0
2025-07-08 15:05:00,620.51,620.96,620.5,620.8512,632651.0
2025-07-08 15:10:00,620.86,621.1001,620.681,620.74,615234.0
2025-07-08 15:15:00,620.7548,620.89,620.45,620.49,507511.0
2025-07-08 15:20:00,620.5,620.625,619.8902,619.94,623525.0
2025-07-08 15:25:00,619.95,620.29,619.72,619.964,520386.0
2025-07-08 15:30:00,619.98,620.375,619.98,620.26,518165.0
2025-07-08 15:35:00,620.23,620.61,620.18,620.57,411713.0
2025-07-08 15:40:00,620.5601,620.6465,620.43,620.55,437291.0
2025-07-08 15:45:00,620.55,620.97,620.535,620.93,616461.0
2025-07-08 15:50:00,620.9186,621.11,620.84,620.97,461677.0
2025-07-08 15:55:00,620.96,621.22,620.87,621.065,681500.0
2025-07-08 16:00:00,621.0612,621.21,620.96,620.975,459681.0
2025-07-09 09:30:00,621.5,621.57,621.39,621.49,2629.0
2025-07-09 09:35:00,621.4,621.44,621.37,621.44,1282.0
2025-07-09 09:40:00,621.52,621.6,621.52,621.6,584.0
2025-07-09 09:45:00,621.58,621.6,621.38,621.38,2673.0
2025-07-09 09:50:00,621.37,621.37,621.37,621.37,344.0
2025-07-09 09:55:00,621.35,621.35,621.28,621.31,2726.0
2025-07-09 10:00:00,621.29,621.29,621.29,621.29,170.0
2025-07-09 10:05:00,621.15,621.16,621.15,621.16,415.0
2025-07-09 10:15:00,621.4,621.46,621.37,621.37,2084.0
2025-07-09 10:20:00,621.26,621.41,621.26,621.36,2083.0
2025-07-09 10:30:00,621.28,621.49,621.28,621.47,2498.0
2025-07-09 10:35:00,621.47,621.67,621.42,621.42,7359.0
2025-07-09 10:40:00,621.42,621.42,621.31,621.34,8428.0
2025-07-09 10:45:00,621.34,621.34,621.32,621.32,980.0
2025-07-09 10:50:00,621.39,621.39,621.21,621.3,8224.0
2025-07-09 10:55:00,621.25,621.41,621.25,621.25,7166.0
2025-07-09 11:00:00,621.39,621.42,621.25,621.25,2819.0
2025-07-09 11:05:00,621.35,621.37,621.33,621.33,1371.0
2025-07-09 11:10:00,621.33,621.57,621.33,621.56,7052.0
2025-07-09 11:15:00,621.59,621.6,621.44,621.45,2148.0
2025-07-09 11:20:00,621.53,621.8,621.5,621.7,19909.0
2025-07-09 11:25:00,621.7,621.7,621.63,621.64,1585.0
2025-07-09 11:30:00,621.7,622.0,621.7,621.799,32127.0
2025-07-09 11:35:00,621.86,621.9,621.7,621.76,19204.0
2025-07-09 11:40:00,621.75,621.75,621.6,621.7,3175.0
2025-07-09 11:45:00,621.59,621.93,621.58,621.93,5308.0
2025-07-09 11:50:00,621.93,621.93,621.75,621.84,15690.0
2025-07-09 11:55:00,621.75,621.75,621.63,621.73,12326.0
2025-07-09 12:00:00,621.53,621.95,619.49,621.57,60356.0
2025-07-09 12:05:00,621.55,621.771,621.51,621.77,11148.0
2025-07-09 12:10:00,621.78,621.99,621.77,621.929,19074.0
2025-07-09 12:15:00,621.87,622.0,621.8,621.89,21500.0
2025-07-09 12:20:00,621.87,622.08,621.82,621.95,9688.0
2025-07-09 12:25:00,621.98,621.98,621.82,621.9699,12724.0
2025-07-09 12:30:00,622.0,622.0,621.83,621.89,17057.0
2025-07-09 12:35:00,621.8601,621.92,621.8601,621.9,3871.0
2025-07-09 12:40:00,621.87,622.05,621.87,622.04,6629.0
2025-07-09 12:45:00,622.05,622.29,622.03,622.24,25500.0
2025-07-09 12:50:00,622.23,622.25,621.99,622.01,53419.0
2025-07-09 12:55:00,621.97,622.0,621.74,621.9,28377.0
2025-07-09 13:00:00,621.96,622.15,621.81,622.11,9169.0
2025-07-09 13:05:00,622.14,622.25,622.11,622.23,11753.0
2025-07-09 13:10:00,622.23,622.44,622.23,622.4204,49362.0
2025-07-09 13:15:00,622.43,622.4398,622.3,622.41,15118.0
2025-07-09 13:20:00,622.42,622.49,622.38,622.49,18333.0
2025-07-09 13:25:00,622.45,622.81,622.39,622.76,76100.0
2025-07-09 13:30:00,622.77,623.6,622.65,623.52,1557564.0
2025-07-09 13:35:00,623.54,623.875,623.385,623.83,1003477.0
2025-07-09 13:40:00,623.83,624.19,623.71,624.06,1018301.0
2025-07-09 13:45:00,624.06,624.55,624.06,624.54,1226527.0
2025-07-09 13:50:00,624.53,624.72,624.34,624.44,1044723.0
2025-07-09 13:55:00,624.43,624.47,624.11,624.245,858687.0
2025-07-09 14:00:00,624.23,624.54,624.02,624.03,763546.0
2025-07-09 14:05:00,624.0293,624.35,623.865,624.2099,670083.0
2025-07-09 14:10:00,624.2099,624.41,623.97,624.2,588837.0
2025-07-09 14:15:00,624.19,624.28,623.965,623.98,665787.0
2025-07-09 14:20:00,623.98,624.12,623.89,623.95,511689.0
2025-07-09 14:25:00,623.95,624.0751,623.15,623.37,888969.0
2025-07-09 14:30:00,623.38,623.38,622.22,622.5599,1983332.0
2025-07-09 14:35:00,622.56,622.7001,621.85,622.57,1247882.0
2025-07-09 14:40:00,622.58,622.64,621.91,622.05,931619.0
2025-07-09 14:45:00,622.06,622.51,621.71,621.93,1182165.0
2025-07-09 14:50:00,621.93,621.93,621.33,621.54,1115231.0
2025-07-09 14:55:00,621.56,621.62,621.07,621.44,993028.0
2025-07-09 15:00:00,621.44,622.0099,621.2,621.94,1138454.0
2025-07-09 15:05:00,621.94,622.0099,621.4,621.6951,710466.0
2025-07-09 15:10:00,621.68,621.75,621.13,621.3,696608.0
2025-07-09 15:15:00,621.31,621.45,620.9105,621.3699,853725.0
2025-07-09 15:20:00,621.38,621.8,621.3799,621.8,628641.0
2025-07-09 15:25:00,621.79,622.32,621.78,622.105,757587.0
2025-07-09 15:30:00,622.1,622.27,621.89,622.12,575245.0
2025-07-09 15:35:00,622.12,622.22,621.31,622.06,1257267.0
2025-07-09 15:40:00,622.06,622.365,622.01,622.32,790678.0
2025-07-09 15:45:00,622.33,622.54,622.26,622.3099,549576.0
2025-07-09 15:50:00,622.31,622.355,621.72,621.775,599257.0
2025-07-09 15:55:00,621.765,622.185,621.68,621.93,405269.0
2025-07-09 16:00:00,621.93,622.41,621.87,622.2055,464370.0
2025-07-10 09:30:00,622.94,623.0,622.92,623.0,3184.0
2025-07-10 09:35:00,623.05,623.06,622.92,622.92,3535.0
2025-07-10 09:40:00,623.0,623.0,622.92,622.92,1522.0
2025-07-10 09:45:00,623.0,623.04,623.0,623.04,2168.0
2025-07-10 09:50:00,623.03,623.04,623.03,623.04,560.0
2025-07-10 09:55:00,623.05,623.39,623.05,623.24,5859.0
2025-07-10 10:00:00,623.29,623.33,623.27,623.33,864.0
2025-07-10 10:05:00,623.4,623.52,623.4,623.4,1274.0
2025-07-10 10:10:00,623.29,623.3,623.29,623.3,512.0
2025-07-10 10:15:00,623.29,623.29,623.25,623.26,1050.0
2025-07-10 10:20:00,623.19,623.3,623.17,623.29,7439.0
2025-07-10 10:25:00,623.25,623.31,623.2,623.3,1179.0
2025-07-10 10:30:00,623.27,623.47,623.27,623.47,2339.0
2025-07-10 10:35:00,623.48,623.52,623.44,623.44,5825.0
2025-07-10 10:40:00,623.42,623.5,623.42,623.48,2597.0
2025-07-10 10:45:00,623.51,623.56,623.47,623.47,9093.0
2025-07-10 10:50:00,623.47,623.72,623.47,623.72,2570.0
2025-07-10 10:55:00,623.65,623.75,623.61,623.61,11744.0
2025-07-10 11:00:00,623.61,623.74,623.5,623.74,9124.0
2025-07-10 11:05:00,623.76,623.9,623.69,623.69,7529.0
2025-07-10 11:10:00,623.69,623.89,623.68,623.87,6872.0
2025-07-10 11:15:00,623.84,623.84,623.76,623.82,10045.0
2025-07-10 11:20:00,623.82,623.9,623.8,623.9,6535.0
2025-07-10 11:25:00,623.91,624.11,623.91,624.03,23597.0
2025-07-10 11:30:00,623.96,624.16,623.96,624.12,5897.0
2025-07-10 11:35:00,624.11,624.25,624.11,624.24,7421.0
2025-07-10 11:40:00,624.27,624.38,624.24,624.38,5102.0
2025-07-10 11:45:00,624.33,624.48,624.22,624.45,11651.0
2025-07-10 11:50:00,624.46,624.49,624.34,624.35,11180.0
2025-07-10 11:55:00,624.36,624.41,624.28,624.3,8011.0
2025-07-10 12:00:00,623.65,624.49,622.31,624.051,92973.0
2025-07-10 12:05:00,624.07,624.14,623.98,623.98,12788.0
2025-07-10 12:10:00,624.05,624.18,624.05,624.1794,6719.0
2025-07-10 12:15:00,624.1506,624.1506,623.89,623.95,14175.0
2025-07-10 12:20:00,624.03,624.03,623.74,623.75,13504.0
2025-07-10 12:25:00,623.7,623.9,623.62,623.84,20083.0
2025-07-10 12:30:00,623.89,624.12,623.73,623.82,95201.0
2025-07-10 12:35:00,623.84,623.88,623.45,623.59,15916.0
2025-07-10 12:40:00,623.61,623.72,623.56,623.57,21575.0
2025-07-10 12:45:00,623.57,623.64,623.45,623.5,25831.0
2025-07-10 12:50:00,623.5,623.58,623.44,623.53,24954.0
2025-07-10 12:55:00,623.51,623.66,623.4,623.63,12816.0
2025-07-10 13:00:00,623.65,623.89,623.62,623.64,24654.0
2025-07-10 13:05:00,623.61,623.84,623.59,623.79,9469.0
2025-07-10 13:10:00,623.74,623.74,623.44,623.5683,22304.0
2025-07-10 13:15:00,623.56,623.8,623.56,623.8,9677.0
2025-07-10 13:20:00,623.8,623.96,623.8,623.92,25200.0
2025-07-10 13:25:00,623.87,624.28,623.87,624.23,91383.0
2025-07-10 13:30:00,624.2,624.4181,623.67,623.83,1345256.0
2025-07-10 13:35:00,623.84,623.965,623.63,623.75,620800.0
2025-07-10 13:40:00,623.75,623.885,623.52,623.845,748203.0
2025-07-10 13:45:00,623.845,624.065,623.45,623.55,1060101.0
2025-07-10 13:50:00,623.54,623.905,623.28,623.495,1299860.0
2025-07-10 13:55:00,623.485,623.72,623.12,623.395,1044747.0
2025-07-10 14:00:00,623.395,623.48,623.01,623.1801,1022641.0
2025-07-10 14:05:00,623.1949,623.46,623.03,623.45,1043760.0
2025-07-10 14:10:00,623.445,623.795,623.44,623.73,807642.0
2025-07-10 14:15:00,623.74,624.26,623.735,624.11,770671.0
2025-07-10 14:20:00,624.12,624.18,623.71,623.74,915455.0
2025-07-10 14:25:00,623.75,623.75,623.31,623.7348,903976.0
2025-07-10 14:30:00,623.77,624.18,623.7448,624.035,679327.0
2025-07-10 14:35:00,624.04,624.47,623.97,624.38,607189.0
2025-07-10 14:40:00,624.375,624.865,624.3,624.82,1050841.0
2025-07-10 14:45:00,624.82,624.98,624.58,624.825,588087.0
2025-07-10 14:50:00,624.8,625.1,624.8,624.96,683859.0
2025-07-10 14:55:00,624.97,625.0351,624.6848,624.865,437008.0
2025-07-10 15:00:00,624.86,625.1867,624.83,625.165,895618.0
2025-07-10 15:05:00,625.16,625.32,625.12,625.205,632379.0
2025-07-10 15:10:00,625.21,625.255,624.89,625.09,1303245.0
2025-07-10 15:15:00,625.1,625.41,625.09,625.22,510479.0
2025-07-10 15:20:00,625.22,625.28,624.985,625.275,464881.0
2025-07-10 15:25:00,625.27,625.575,625.22,625.52,683074.0
2025-07-10 15:30:00,625.52,625.69,625.37,625.43,454562.0
2025-07-10 15:35:00,625.43,625.64,625.4048,625.59,537856.0
2025-07-10 15:40:00,625.58,625.76,625.45,625.73,367720.0
2025-07-10 15:45:00,625.74,625.785,625.5901,625.65,448159.0
2025-07-10 15:50:00,625.6751,625.73,625.54,625.6493,286233.0
2025-07-10 15:55:00,625.64,625.73,625.54,625.7,306204.0
2025-07-10 16:00:00,625.7,625.775,625.48,625.64,447545.0
2025-07-11 09:30:00,622.44,622.44,622.44,622.44,391.0
2025-07-11 09:35:00,622.51,622.62,622.49,622.62,2120.0
2025-07-11 09:40:00,622.7,622.7,622.47,622.5,2673.0
2025-07-11 09:45:00,622.4,622.44,622.36,622.43,2692.0
2025-07-11 09:50:00,622.38,622.4,622.11,622.11,5806.0
2025-07-11 09:55:00,622.15,622.22,621.66,621.74,13188.0
2025-07-11 10:00:00,621.65,621.86,621.4,621.85,20578.0
2025-07-11 10:05:00,621.79,622.14,621.75,622.06,8232.0
2025-07-11 10:10:00,622.04,622.27,622.0,622.25,6813.0
2025-07-11 10:15:00,622.21,622.21,622.02,622.02,8066.0
2025-07-11 10:20:00,622.05,622.08,621.93,621.99,4609.0
2025-07-11 10:25:00,622.01,622.07,621.85,621.9,2291.0
2025-07-11 10:30:00,621.97,622.03,621.9,621.9,2649.0
2025-07-11 10:35:00,621.87,621.87,621.63,621.67,9021.0
2025-07-11 10:40:00,621.65,621.85,621.65,621.85,16276.0
2025-07-11 10:45:00,621.89,622.04,621.87,622.0,18332.0
2025-07-11 10:50:00,621.88,622.06,621.82,621.82,5684.0
2025-07-11 10:55:00,621.77,621.84,621.5,621.77,16714.0
2025-07-11 11:00:00,621.76,622.03,621.71,622.0,28697.0
2025-07-11 11:05:00,621.98,622.17,621.83,622.17,13475.0
2025-07-11 11:10:00,622.21,622.28,622.11,622.24,15333.0
2025-07-11 11:15:00,622.25,622.36,622.19,622.299,12346.0
2025-07-11 11:20:00,622.29,622.45,622.27,622.36,88874.0
2025-07-11 11:25:00,622.33,622.67,622.33,622.64,21771.0
2025-07-11 11:30:00,622.67,622.85,622.65,622.85,30638.0
2025-07-11 11:35:00,622.86,622.99,622.74,622.9,45985.0
2025-07-11 11:40:00,622.89,622.89,622.63,622.72,21346.0
2025-07-11 11:45:00,622.73,622.81,622.61,622.78,22277.0
2025-07-11 11:50:00,622.75,623.25,622.75,623.11,26349.0
2025-07-11 11:55:00,623.11,623.19,622.78,622.81,10871.0
2025-07-11 12:00:00,621.9,624.71,621.49,622.95,138314.0
2025-07-11 12:05:00,622.95,623.03,622.8,622.8495,39173.0
2025-07-11 12:10:00,622.81,622.9899,622.81,622.96,12490.0
2025-07-11 12:15:00,622.91,622.92,622.76,622.83,27236.0
2025-07-11 12:20:00,622.8,622.81,622.35,622.35,39056.0
2025-07-11 12:25:00,622.34,622.46,622.17,622.31,31918.0
2025-07-11 12:30:00,622.34,622.6594,622.17,622.57,43226.0
2025-07-11 12:35:00,622.61,622.66,621.66375,622.48,34675.0
2025-07-11 12:40:00,622.45,622.519,622.27,622.39,14953.0
2025-07-11 12:45:00,622.41,622.7899,622.41,622.75,17964.0
2025-07-11 12:50:00,622.72,622.81,622.61,622.71,16300.0
2025-07-11 12:55:00,622.69,622.73,622.59,622.62,21916.0
2025-07-11 13:00:00,622.6196,622.82,622.4,622.68,56842.0
2025-07-11 13:05:00,622.68,622.68,622.5,622.51,29051.0
2025-07-11 13:10:00,622.59,622.7499,622.33,622.51,32528.0
2025-07-11 13:15:00,622.54,622.55,622.2,622.26,28191.0
2025-07-11 13:20:00,622.28,622.55,622.21,622.4,60074.0
2025-07-11 13:25:00,622.47,622.81,622.4,622.74,127889.0
2025-07-11 13:30:00,622.74,623.52,622.42,622.63,1864806.0
2025-07-11 13:35:00,622.635,622.67,621.99,622.27,972070.0
2025-07-11 13:40:00,622.26,622.32,621.69,621.83,852243.0
2025-07-11 13:45:00,621.82,622.73,621.53,622.63,1217602.0
2025-07-11 13:50:00,622.61,622.9,622.485,622.62,943046.0
2025-07-11 13:55:00,622.63,623.318,622.57,623.23,956394.0
2025-07-11 14:00:00,623.24,623.295,622.98,623.21,645751.0
2025-07-11 14:05:00,623.22,623.5,623.06,623.125,704127.0
2025-07-11 14:10:00,623.13,623.67,623.0,623.59,589545.0
2025-07-11 14:15:00,623.58,623.8,623.4,623.73,492149.0
2025-07-11 14:20:00,623.73,624.1,623.62,624.07,648152.0
2025-07-11 14:25:00,624.07,624.26,623.95,624.005,614381.0
2025-07-11 14:30:00,624.0,624.31,623.86,624.25,591451.0
2025-07-11 14:35:00,624.25,624.37,624.04,624.075,583743.0
2025-07-11 14:40:00,624.06,624.06,623.6901,623.9799,739857.0
2025-07-11 14:45:00,623.9789,623.9789,623.5252,623.79,514153.0
2025-07-11 14:50:00,623.8,623.96,623.26,623.49,476544.0
2025-07-11 14:55:00,623.49,623.9151,623.44,623.86,505281.0
2025-07-11 15:00:00,623.86,623.9,623.6001,623.71,414284.0
2025-07-11 15:05:00,623.7001,623.765,623.34,623.49,477878.0
2025-07-11 15:10:00,623.5,623.62,622.83,622.83,884075.0
2025-07-11 15:15:00,622.83,623.2477,622.71,623.22,766213.0
2025-07-11 15:20:00,623.22,623.8,623.22,623.345,887339.0
2025-07-11 15:25:00,623.33,623.46,622.97,623.39,549988.0
2025-07-11 15:30:00,623.4,623.755,623.35,623.745,607525.0
2025-07-11 15:35:00,623.71,624.095,623.69,624.08,543225.0
2025-07-11 15:40:00,624.08,624.64,624.08,624.4097,994734.0
2025-07-11 15:45:00,624.4099,624.46,623.97,623.99,609815.0
2025-07-11 15:50:00,624.0,624.0048,623.5,623.78,593344.0
2025-07-11 15:55:00,623.785,623.815,623.47,623.775,505010.0
2025-07-11 16:00:00,623.78,624.09,623.41,623.41,646799.0
2025-07-14 09:30:00,621.96,621.98,621.86,621.86,13785.0
2025-07-14 09:35:00,621.94,621.96,621.91,621.95,3373.0
2025-07-14 09:40:00,622.01,622.09,622.01,622.03,4697.0
2025-07-14 09:45:00,622.03,622.09,622.03,622.05,5337.0
2025-07-14 09:50:00,622.04,622.04,622.04,622.04,539.0
2025-07-14 09:55:00,622.03,622.09,622.03,622.08,1595.0
2025-07-14 10:00:00,622.05,622.1,622.05,622.08,2133.0
2025-07-14 10:05:00,621.83,621.83,621.8,621.8,5419.0
2025-07-14 10:10:00,621.83,621.88,621.74,621.88,24594.0
2025-07-14 10:15:00,621.95,621.95,621.95,621.95,252.0
2025-07-14 10:20:00,621.78,621.85,621.78,621.85,1422.0
2025-07-14 10:25:00,621.84,621.88,621.75,621.75,3608.0
2025-07-14 10:30:00,621.82,621.82,621.69,621.69,1800.0
2025-07-14 10:35:00,621.67,621.73,621.63,621.73,4686.0
2025-07-14 10:40:00,621.78,621.93,621.78,621.93,2584.0
2025-07-14 10:45:00,621.79,621.79,621.65,621.66,4360.0
2025-07-14 10:50:00,621.73,621.84,621.63,621.84,5505.0
2025-07-14 10:55:00,621.81,621.86,621.69,621.69,18510.0
2025-07-14 11:00:00,621.74,621.92,621.65,621.86,26711.0
2025-07-14 11:05:00,621.85,621.99,621.52,621.68,22179.0
2025-07-14 11:10:00,621.99,622.1,621.99,622.03,24058.0
2025-07-14 11:15:00,622.03,622.04,621.56,621.59,8455.0
2025-07-14 11:20:00,621.6,621.6,621.47,621.5,13393.0
2025-07-14 11:25:00,621.7,621.7,621.51,621.53,1019.0
2025-07-14 11:30:00,621.55,621.72,621.55,621.65,7468.0
2025-07-14 11:35:00,621.72,621.81,621.7,621.81,3059.0
2025-07-14 11:40:00,621.82,622.23,621.81,622.23,26456.0
2025-07-14 11:45:00,622.22,622.31,621.95,622.17,29142.0
2025-07-14 11:50:00,622.08,622.22,622.08,622.09,12890.0
2025-07-14 11:55:00,622.09,622.12,621.88,621.88,17995.0
2025-07-14 12:00:00,621.86,622.2997,620.0,622.0,77139.0
2025-07-14 12:05:00,621.94,621.96,621.83,621.92,14518.0
2025-07-14 12:10:00,621.95,622.1,621.9,622.0416,19216.0
2025-07-14 12:15:00,622.02,622.0997,621.9809,622.05,9875.0
2025-07-14 12:20:00,622.01,622.2,622.0,622.13,21839.0
2025-07-14 12:25:00,622.18,622.31,622.18,622.31,30866.0
2025-07-14 12:30:00,622.29,622.29,621.94,621.96,17169.0
2025-07-14 12:35:00,622.0,622.3,621.9807,622.3,90367.0
2025-07-14 12:40:00,622.2,622.2998,622.1,622.2199,30360.0
2025-07-14 12:45:00,622.17,622.24,622.14,622.15,7073.0
2025-07-14 12:50:00,622.17,622.21,622.11,622.16,11909.0
2025-07-14 12:55:00,622.17,622.17,621.84,622.0,26899.0
2025-07-14 13:00:00,622.02,622.03,621.78,621.79,26423.0
2025-07-14 13:05:00,621.77,621.96,621.77,621.86,18243.0
2025-07-14 13:10:00,621.93,622.15,621.8507,622.11,21803.0
2025-07-14 13:15:00,622.14,622.17,621.9901,622.0,26652.0
2025-07-14 13:20:00,622.03,622.6,622.0299,622.59,73065.0
2025-07-14 13:25:00,622.59,623.21,622.55,623.2,98538.0
2025-07-14 13:30:00,623.16,623.35,622.69,622.78,1493916.0
2025-07-14 13:35:00,622.77,623.18,622.53,623.02,939165.0
2025-07-14 13:40:00,623.03,623.12,621.7999,621.94,1266686.0
2025-07-14 13:45:00,621.93,623.22,621.8,623.17,1366144.0
2025-07-14 13:50:00,623.17,623.46,622.895,623.2085,903250.0
2025-07-14 13:55:00,623.2,623.215,622.52,622.67,816159.0
2025-07-14 14:00:00,622.67,622.845,622.35,622.84,722171.0
2025-07-14 14:05:00,622.84,623.03,622.541,622.88,487532.0
2025-07-14 14:10:00,622.86,622.98,622.26,622.94,680551.0
2025-07-14 14:15:00,622.94,623.44,622.94,623.2564,653841.0
2025-07-14 14:20:00,623.27,623.71,623.17,623.53,1003685.0
2025-07-14 14:25:00,623.53,623.56,622.58,622.6915,767097.0
2025-07-14 14:30:00,622.68,622.89,622.37,622.59,938315.0
2025-07-14 14:35:00,622.59,623.03,622.48,622.89,657854.0
2025-07-14 14:40:00,622.89,623.09,622.81,622.98,571328.0
2025-07-14 14:45:00,622.96,623.18,622.67,622.73,543169.0
2025-07-14 14:50:00,622.7207,623.19,622.66,623.125,440579.0
2025-07-14 14:55:00,623.1147,623.52,623.09,623.48,559511.0
2025-07-14 15:00:00,623.47,623.8,623.31,623.435,940257.0
2025-07-14 15:05:00,623.43,623.65,623.2801,623.57,613912.0
2025-07-14 15:10:00,623.6,623.76,623.53,623.66,542975.0
2025-07-14 15:15:00,623.65,623.77,623.42,623.6,437155.0
2025-07-14 15:20:00,623.6,623.74,623.48,623.712,569732.0
2025-07-14 15:25:00,623.71,624.14,623.65,624.13,601311.0
2025-07-14 15:30:00,624.13,624.21,623.94,623.99,694429.0
2025-07-14 15:35:00,624.0,624.3,623.84,624.23,573738.0
2025-07-14 15:40:00,624.22,624.39,624.15,624.17,521879.0
2025-07-14 15:45:00,624.17,624.1701,623.945,624.02,459136.0
2025-07-14 15:50:00,624.01,624.11,623.9,623.965,320661.0
2025-07-14 15:55:00,623.97,624.0,623.77,623.95,665754.0
2025-07-14 16:00:00,623.94,624.15,623.83,624.05,349782.0
2025-07-15 09:30:00,626.99,627.06,626.99,627.06,3395.0
2025-07-15 09:35:00,627.03,627.28,627.03,627.2,33925.0
2025-07-15 09:40:00,627.22,627.22,627.04,627.05,2587.0
2025-07-15 09:45:00,627.02,627.07,626.94,627.07,3416.0
2025-07-15 09:50:00,627.11,627.14,627.1,627.1,1237.0
2025-07-15 09:55:00,627.1,627.21,627.1,627.21,1798.0
2025-07-15 10:00:00,627.2,627.4,627.11,627.15,5564.0
2025-07-15 10:05:00,627.09,627.24,627.03,627.24,2181.0
2025-07-15 10:10:00,627.22,627.24,627.22,627.22,553.0
2025-07-15 10:15:00,627.27,627.44,627.26,627.31,5009.0
2025-07-15 10:20:00,627.43,627.5,627.43,627.5,3855.0
2025-07-15 10:25:00,627.5,627.52,627.46,627.52,3548.0
2025-07-15 10:30:00,627.53,627.86,627.53,627.59,19278.0
2025-07-15 10:35:00,627.55,627.6,627.37,627.4,13495.0
2025-07-15 10:40:00,627.47,627.5,627.4,627.45,6779.0
2025-07-15 10:45:00,627.4,627.4,627.0,627.03,23280.0
2025-07-15 10:50:00,627.01,627.13,627.0,627.12,6048.0
2025-07-15 10:55:00,627.2,627.21,627.2,627.21,438.0
2025-07-15 11:00:00,627.2,627.27,625.91,627.21,106126.0
2025-07-15 11:05:00,627.2,627.9,627.11,627.55,23332.0
2025-07-15 11:10:00,627.56,627.65,627.45,627.57,13312.0
2025-07-15 11:15:00,627.57,627.665,627.48,627.63,15679.0
2025-07-15 11:20:00,627.68,627.69,627.33,627.33,6641.0
2025-07-15 11:25:00,627.35,627.35,627.21,627.24,23665.0
2025-07-15 11:30:00,627.18,627.29,627.17,627.28,3016.0
2025-07-15 11:35:00,627.28,627.39,627.23,627.33,17848.0
2025-07-15 11:40:00,627.32,627.32,627.13,627.13,2478.0
2025-07-15 11:45:00,627.08,627.08,626.72,626.96,14655.0
2025-07-15 11:50:00,626.941,626.95,626.81,626.91,4193.0
2025-07-15 11:55:00,626.91,627.17,626.91,627.11,33867.0
2025-07-15 12:00:00,627.2,627.64,625.4,626.93,81250.0
2025-07-15 12:05:00,626.87,626.87,626.55,626.67,24481.0
2025-07-15 12:10:00,626.65,626.8,626.6,626.73,17409.0
2025-07-15 12:15:00,626.75,626.75,626.51,626.5599,81126.0
2025-07-15 12:20:00,626.5004,626.51,626.22,626.37,50665.0
2025-07-15 12:25:00,626.37,626.68,626.3,626.4712,87572.0
2025-07-15 12:30:00,626.85,627.97,626.62,627.51,374602.0
2025-07-15 12:35:00,627.4,627.55,627.0006,627.09,87660.0
2025-07-15 12:40:00,627.06,627.25,626.77,626.9,54430.0
2025-07-15 12:45:00,626.89,627.2088,626.89,627.2088,35552.0
2025-07-15 12:50:00,627.21,627.39,627.1407,627.28,40291.0
2025-07-15 12:55:00,627.35,627.55,627.24,627.24,53977.0
2025-07-15 13:00:00,627.25,627.29,627.0,627.29,24481.0
2025-07-15 13:05:00,627.34,627.53,627.23,627.44,27011.0
2025-07-15 13:10:00,627.47,627.4856,627.37,627.43,24430.0
2025-07-15 13:15:00,627.43,627.47,627.24,627.4475,24998.0
2025-07-15 13:20:00,627.48,627.87,627.48,627.85,54878.0
2025-07-15 13:25:00,627.82,627.91,627.53,627.54,106114.0
2025-07-15 13:30:00,627.52,627.86,626.86,626.9091,1829497.0
2025-07-15 13:35:00,626.89,627.16,626.49,626.51,1157007.0
2025-07-15 13:40:00,626.52,626.52,625.88,626.345,1578751.0
2025-07-15 13:45:00,626.345,626.65,625.81,625.9588,1256897.0
2025-07-15 13:50:00,625.93,626.42,625.9201,626.12,702550.0
2025-07-15 13:55:00,626.14,626.31,625.585,625.65,939210.0
2025-07-15 14:00:00,625.67,625.84,625.26,625.48,1014777.0
2025-07-15 14:05:00,625.495,625.95,625.38,625.79,760666.0
2025-07-15 14:10:00,625.78,626.25,625.72,626.21,683872.0
2025-07-15 14:15:00,626.2,626.3953,625.73,626.1652,613666.0
2025-07-15 14:20:00,626.16,626.235,625.85,626.01,551147.0
2025-07-15 14:25:00,626.0,626.02,625.375,625.48,900363.0
2025-07-15 14:30:00,625.49,625.58,624.82,625.39,1156787.0
2025-07-15 14:35:00,625.41,625.51,624.845,625.12,889723.0
2025-07-15 14:40:00,625.12,625.2,624.7,624.915,935995.0
2025-07-15 14:45:00,624.89,625.39,624.89,625.2,684042.0
2025-07-15 14:50:00,625.18,625.31,624.07,624.3999,1257387.0
2025-07-15 14:55:00,624.41,624.41,623.8,623.889,1262095.0
2025-07-15 15:00:00,623.89,624.45,623.88,624.335,1110137.0
2025-07-15 15:05:00,624.33,624.87,624.32,624.67,804264.0
2025-07-15 15:10:00,624.67,624.85,624.24,624.24,708894.0
2025-07-15 15:15:00,624.25,624.49,624.16,624.37,979250.0
2025-07-15 15:20:00,624.36,625.045,624.31,625.0,743627.0
2025-07-15 15:25:00,624.995,625.21,624.87,625.1007,1198098.0
2025-07-15 15:30:00,625.12,625.215,624.53,624.775,674386.0
2025-07-15 15:35:00,624.79,624.945,624.55,624.82,630025.0
2025-07-15 15:40:00,624.81,625.22,624.77,625.03,462746.0
2025-07-15 15:45:00,625.03,625.39,624.97,625.305,493487.0
2025-07-15 15:50:00,625.3099,625.32,624.82,624.87,520536.0
2025-07-15 15:55:00,624.85,624.905,624.51,624.8348,637730.0
2025-07-15 16:00:00,624.85,624.99,624.67,624.92,422596.0
2025-07-16 09:30:00,621.38,621.44,621.31,621.43,4393.0
2025-07-16 09:40:00,621.55,621.55,621.33,621.42,4929.0
2025-07-16 09:45:00,621.5,621.67,621.5,621.65,3360.0
2025-07-16 09:50:00,621.62,621.78,621.61,621.78,5029.0
2025-07-16 09:55:00,621.75,621.75,621.69,621.75,1056.0
2025-07-16 10:00:00,621.71,621.75,621.71,621.71,818.0
2025-07-16 10:05:00,621.69,621.8,621.68,621.8,665.0
2025-07-16 10:15:00,621.67,621.71,621.67,621.7,928.0
2025-07-16 10:20:00,621.74,621.84,621.74,621.82,1117.0
2025-07-16 10:25:00,621.87,621.89,621.86,621.86,795.0
2025-07-16 10:30:00,621.85,622.04,621.8,621.81,8085.0
2025-07-16 10:35:00,621.75,621.94,621.75,621.92,11148.0
2025-07-16 10:40:00,621.89,622.0,621.64,621.8,8622.0
2025-07-16 10:45:00,621.94,622.0,621.94,622.0,4446.0
2025-07-16 10:50:00,622.04,622.11,621.96,622.05,8019.0
2025-07-16 10:55:00,622.06,622.15,622.0,622.0,9135.0
2025-07-16 11:00:00,621.98,622.1,621.92,622.1,12439.0
2025-07-16 11:05:00,622.14,622.17,621.93,621.93,4237.0
2025-07-16 11:10:00,621.86,621.87,621.75,621.83,6629.0
2025-07-16 11:15:00,621.76,621.899,621.76,621.899,2340.0
2025-07-16 11:20:00,621.89,622.17,621.88,622.17,17219.0
2025-07-16 11:25:00,622.04,622.2,622.0,622.08,23942.0
2025-07-16 11:30:00,621.98,621.98,621.7,621.71,6334.0
2025-07-16 11:35:00,621.82,621.82,621.67,621.67,10719.0
2025-07-16 11:40:00,621.69,621.77,621.67,621.76,18381.0
2025-07-16 11:45:00,621.77,622.01,621.73,622.01,13035.0
2025-07-16 11:50:00,622.04,622.11,622.04,622.08,5853.0
2025-07-16 11:55:00,622.11,622.22,622.11,622.21,10064.0
2025-07-16 12:00:00,622.21,622.25,619.8,622.06,110311.0
2025-07-16 12:05:00,622.16,622.32,622.15,622.32,23362.0
2025-07-16 12:10:00,622.33,622.55,622.33,622.4501,42191.0
2025-07-16 12:15:00,622.45,622.65,622.42,622.52,13873.0
2025-07-16 12:20:00,622.51,622.6,622.4,622.4,11596.0
2025-07-16 12:25:00,622.38,622.48,622.35,622.48,27945.0
2025-07-16 12:30:00,622.49,623.42,622.43,623.24,232511.0
2025-07-16 12:35:00,623.2714,623.84,623.2714,623.68,115451.0
2025-07-16 12:40:00,623.62,623.6499,623.25,623.55,76157.0
2025-07-16 12:45:00,623.54,623.86,623.48,623.7497,35990.0
2025-07-16 12:50:00,623.76,623.93,623.63,623.68,64842.0
2025-07-16 12:55:00,623.68,623.71,623.5,623.65,44626.0
2025-07-16 13:00:00,623.65,623.65,623.31,623.46,81539.0
2025-07-16 13:05:00,623.48,623.61,623.361,623.49,27959.0
2025-07-16 13:10:00,623.46,623.64,623.41,623.47,27324.0
2025-07-16 13:15:00,623.47,623.55,623.37,623.5113,43730.0
2025-07-16 13:20:00,623.46,623.74,623.42,623.68,73529.0
2025-07-16 13:25:00,623.64,623.81,623.58,623.74,63969.0
2025-07-16 13:30:00,623.74,624.12,622.91,623.53,1817183.0
2025-07-16 13:35:00,623.52,623.95,623.35,623.76,1020581.0
2025-07-16 13:40:00,623.77,623.78,623.01,623.1499,854908.0
2025-07-16 13:45:00,623.16,623.24,622.64,622.65,987686.0
2025-07-16 13:50:00,622.66,622.73,622.17,622.2648,1004325.0
2025-07-16 13:55:00,622.27,622.6399,622.02,622.1101,765748.0
2025-07-16 14:00:00,622.12,622.47,622.02,622.3142,805911.0
2025-07-16 14:05:00,622.31,622.51,621.68,622.22,913850.0
2025-07-16 14:10:00,622.21,622.78,622.18,622.225,750948.0
2025-07-16 14:15:00,622.24,622.7,622.06,622.66,590068.0
2025-07-16 14:20:00,622.65,622.86,622.38,622.56,491018.0
2025-07-16 14:25:00,622.55,622.72,622.2,622.49,532694.0
2025-07-16 14:30:00,622.49,623.01,622.41,622.65,832393.0
2025-07-16 14:35:00,622.65,622.66,622.0,622.33,773592.0
2025-07-16 14:40:00,622.325,622.47,622.01,622.4514,742498.0
2025-07-16 14:45:00,622.455,622.95,622.45,622.9,383809.0
2025-07-16 14:50:00,622.89,623.37,621.675,621.94,2279656.0
2025-07-16 14:55:00,621.9,622.74,621.51,622.17,2851089.0
2025-07-16 15:00:00,622.17,622.89,622.04,622.65,1095408.0
2025-07-16 15:05:00,622.66,623.0395,622.51,622.88,626422.0
2025-07-16 15:10:00,622.91,623.36,622.82,623.315,705279.0
2025-07-16 15:15:00,623.31,623.34,620.18,620.24,6057929.0
2025-07-16 15:20:00,620.29,620.7,619.46,619.845,4231690.0
2025-07-16 15:25:00,619.84,621.57,619.77,621.315,2387337.0
2025-07-16 15:30:00,621.35,621.41,619.2,619.37,4292509.0
2025-07-16 15:35:00,619.33,619.38,618.05,618.75,3375239.0
2025-07-16 15:40:00,618.76,620.63,618.4701,620.405,2662697.0
2025-07-16 15:45:00,620.415,620.79,620.1,620.55,1875183.0
2025-07-16 15:50:00,620.56,620.92,619.96,620.74,1425111.0
2025-07-16 15:55:00,620.755,622.54,620.6501,621.96,3773814.0
2025-07-16 16:00:00,621.95,622.17,621.45,621.6,1371480.0
2025-07-17 09:30:00,624.93,625.02,624.93,625.01,6793.0
2025-07-17 09:35:00,625.01,625.01,624.96,624.97,2698.0
2025-07-17 09:40:00,624.86,624.86,624.8,624.8,558.0
2025-07-17 09:45:00,624.85,624.85,624.83,624.83,848.0
2025-07-17 09:50:00,624.76,624.76,624.71,624.71,1188.0
2025-07-17 09:55:00,624.66,624.66,624.64,624.64,631.0
2025-07-17 10:00:00,624.68,624.68,624.68,624.68,139.0
2025-07-17 10:05:00,624.7,624.71,624.67,624.67,1566.0
2025-07-17 10:10:00,624.62,624.72,624.59,624.59,1535.0
2025-07-17 10:15:00,624.6,624.62,624.57,624.61,3393.0
2025-07-17 10:20:00,624.53,624.59,624.49,624.51,10687.0
2025-07-17 10:25:00,624.45,624.59,624.45,624.59,1908.0
2025-07-17 10:35:00,624.65,624.65,624.65,624.65,1083.0
2025-07-17 10:40:00,624.73,624.74,624.51,624.56,15179.0
2025-07-17 10:45:00,624.58,624.67,624.38,624.39,5693.0
2025-07-17 10:50:00,624.35,624.41,624.32,624.38,7965.0
2025-07-17 10:55:00,624.36,624.45,624.25,624.3,13559.0
2025-07-17 11:00:00,624.3,624.31,623.9,623.99,32775.0
2025-07-17 11:05:00,624.01,624.26,624.01,624.22,6384.0
2025-07-17 11:10:00,624.11,624.29,624.11,624.25,4480.0
2025-07-17 11:15:00,624.25,624.25,624.04,624.12,9021.0
2025-07-17 11:20:00,624.12,624.16,624.12,624.16,1334.0
2025-07-17 11:25:00,624.25,624.34,624.19,624.22,3905.0
2025-07-17 11:30:00,624.15,624.15,623.89,623.99,5544.0
2025-07-17 11:35:00,624.04,624.1,624.03,624.1,2919.0
2025-07-17 11:40:00,624.08,624.08,623.96,623.96,1235.0
2025-07-17 11:45:00,624.03,624.03,623.76,623.8,9352.0
2025-07-17 11:50:00,623.84,623.89,623.8,623.8,4251.0
2025-07-17 11:55:00,623.84,623.94,623.75,623.87,17925.0
2025-07-17 12:00:00,624.01,625.0,623.27,624.05,53484.0
2025-07-17 12:05:00,624.099,624.2,624.09,624.13,13008.0
2025-07-17 12:10:00,624.1701,624.24,623.96,623.96,16232.0
2025-07-17 12:15:00,623.95,624.05,623.89,623.98,17638.0
2025-07-17 12:20:00,623.92,624.03,623.73,624.03,28885.0
2025-07-17 12:25:00,624.09,624.14,624.03,624.14,16389.0
2025-07-17 12:30:00,624.24,624.6,623.92,624.1,114037.0
2025-07-17 12:35:00,624.09,624.64,624.08,624.64,35106.0
2025-07-17 12:40:00,624.64,624.91,624.58,624.84,33286.0
2025-07-17 12:45:00,624.87,624.98,624.77,624.97,35614.0
2025-07-17 12:50:00,624.97,625.41,624.9,625.41,47902.0
2025-07-17 12:55:00,625.37,625.41,625.17,625.34,59298.0
2025-07-17 13:00:00,625.34,625.61,625.23,625.45,61463.0
2025-07-17 13:05:00,625.41,625.6,625.39,625.4411,35749.0
2025-07-17 13:10:00,625.43,625.45,625.21,625.23,21291.0
2025-07-17 13:15:00,625.16,625.19,624.84,624.85,39290.0
2025-07-17 13:20:00,624.83,624.84,624.61,624.62,50594.0
2025-07-17 13:25:00,624.69,624.78,624.44,624.44,96274.0
2025-07-17 13:30:00,624.4,624.88,624.18,624.6499,1517855.0
2025-07-17 13:35:00,624.65,624.92,624.42,624.79,925464.0
2025-07-17 13:40:00,624.79,625.64,624.67,625.575,1110820.0
2025-07-17 13:45:00,625.58,625.96,625.43,625.95,859276.0
2025-07-17 13:50:00,625.96,626.1981,625.8198,626.02,960752.0
2025-07-17 13:55:00,626.01,626.1,625.62,625.78,703039.0
2025-07-17 14:00:00,625.79,626.19,625.74,626.13,661831.0
2025-07-17 14:05:00,626.13,626.22,625.8,626.14,558842.0
2025-07-17 14:10:00,626.14,626.22,625.78,626.18,488556.0
2025-07-17 14:15:00,626.15,626.23,625.47,625.47,650835.0
2025-07-17 14:20:00,625.48,625.6,624.84,625.0999,1197555.0
2025-07-17 14:25:00,625.08,625.49,624.9451,625.46,796354.0
2025-07-17 14:30:00,625.46,625.81,625.39,625.7017,665944.0
2025-07-17 14:35:00,625.71,625.74,625.01,625.22,636216.0
2025-07-17 14:40:00,625.205,625.545,625.18,625.45,461173.0
2025-07-17 14:45:00,625.46,625.89,625.3,625.835,778509.0
2025-07-17 14:50:00,625.84,625.915,625.7,625.86,588584.0
2025-07-17 14:55:00,625.86,625.92,625.73,625.812,640094.0
2025-07-17 15:00:00,625.815,626.09,625.79,626.075,630677.0
2025-07-17 15:05:00,626.075,626.5801,626.04,626.43,1169056.0
2025-07-17 15:10:00,626.44,626.51,626.255,626.33,607110.0
2025-07-17 15:15:00,626.335,626.45,626.205,626.36,556957.0
2025-07-17 15:20:00,626.355,626.65,626.19,626.63,1100068.0
2025-07-17 15:25:00,626.64,626.72,626.505,626.67,593158.0
2025-07-17 15:30:00,626.6712,626.775,626.56,626.63,549492.0
2025-07-17 15:35:00,626.63,626.985,626.58,626.98,879199.0
2025-07-17 15:40:00,626.97,627.185,626.95,627.035,664744.0
2025-07-17 15:45:00,627.035,627.12,626.88,626.95,495784.0
2025-07-17 15:50:00,626.9497,627.16,626.855,627.09,531334.0
2025-07-17 15:55:00,627.09,627.27,627.055,627.2147,427144.0
2025-07-17 16:00:00,627.21,627.43,627.105,627.385,471359.0
2025-07-18 09:30:00,629.08,629.12,629.08,629.12,1711.0
2025-07-18 09:35:00,629.1,629.16,629.1,629.12,7356.0
2025-07-18 09:45:00,629.02,629.02,628.97,628.97,992.0
2025-07-18 09:50:00,629.05,629.05,629.01,629.02,1361.0
2025-07-18 09:55:00,628.99,628.99,628.99,628.99,254.0
2025-07-18 10:00:00,628.95,629.02,628.95,629.01,1308.0
2025-07-18 10:05:00,628.98,629.01,628.92,628.96,2373.0
2025-07-18 10:10:00,628.96,628.96,628.89,628.89,2412.0
2025-07-18 10:15:00,628.85,628.85,628.68,628.69,1554.0
2025-07-18 10:20:00,628.62,628.62,628.33,628.36,11680.0
2025-07-18 10:25:00,628.38,628.46,628.37,628.44,7191.0
2025-07-18 10:30:00,628.42,628.52,628.33,628.41,10441.0
2025-07-18 10:35:00,628.4,628.5,628.36,628.5,3190.0
2025-07-18 10:40:00,628.54,628.54,628.45,628.5,3861.0
2025-07-18 10:50:00,628.48,628.49,628.45,628.45,1375.0
2025-07-18 10:55:00,628.41,628.52,628.41,628.51,2296.0
2025-07-18 11:00:00,628.45,628.67,628.4,628.4,19533.0
2025-07-18 11:05:00,628.42,628.429,628.32,628.429,6728.0
2025-07-18 11:10:00,628.46,628.47,628.33,628.33,12120.0
2025-07-18 11:15:00,628.33,628.42,628.18,628.19,10583.0
2025-07-18 11:20:00,628.21,628.45,628.21,628.43,8392.0
2025-07-18 11:25:00,628.38,628.42,628.36,628.42,6935.0
2025-07-18 11:30:00,628.42,628.48,628.42,628.46,5419.0
2025-07-18 11:35:00,628.46,628.48,628.36,628.42,9652.0
2025-07-18 11:40:00,628.4,628.449,628.35,628.42,4447.0
2025-07-18 11:45:00,628.47,628.56,628.41,628.49,14051.0
2025-07-18 11:50:00,628.48,628.67,628.48,628.67,37518.0
2025-07-18 11:55:00,628.67,628.67,628.48,628.48,9111.0
2025-07-18 12:00:00,629.2,629.65,628.21,628.61,73442.0
2025-07-18 12:05:00,628.59,628.62,628.44,628.56,25832.0
2025-07-18 12:10:00,628.5999,628.68,628.57,628.67,8778.0
2025-07-18 12:15:00,628.58,628.8188,628.56,628.71,54673.0
2025-07-18 12:20:00,628.73,628.79,628.65,628.76,13809.0
2025-07-18 12:25:00,628.79,628.86,628.71,628.77,15094.0
2025-07-18 12:30:00,628.74,628.76,628.53,628.71,47273.0
2025-07-18 12:35:00,628.71,628.87,628.67,628.83,14817.0
2025-07-18 12:40:00,628.85,628.88,628.59,628.72,20451.0
2025-07-18 12:45:00,628.74,628.9,628.64,628.8,155995.0
2025-07-18 12:50:00,628.79,628.83,628.71,628.78,14561.0
2025-07-18 12:55:00,628.76,628.97,628.75,628.88,28021.0
2025-07-18 13:00:00,628.91,629.16,628.83,629.1,61061.0
2025-07-18 13:05:00,629.14,629.34,629.12,629.31,44428.0
2025-07-18 13:10:00,629.34,629.36,629.25,629.25,51228.0
2025-07-18 13:15:00,629.28,629.28,628.66,628.85,92585.0
2025-07-18 13:20:00,628.89,628.96,628.7712,628.8199,35966.0
2025-07-18 13:25:00,628.82,629.45,628.8,629.29,191884.0
2025-07-18 13:30:00,629.3,629.47,628.69,628.892,1730643.0
2025-07-18 13:35:00,628.9,629.06,628.53,628.8765,880592.0
2025-07-18 13:40:00,628.88,628.945,628.58,628.6,661198.0
2025-07-18 13:45:00,628.6,629.19,628.58,629.05,956448.0
2025-07-18 13:50:00,629.05,629.16,628.44,628.68,1003398.0
2025-07-18 13:55:00,628.69,628.785,628.565,628.64,622886.0
2025-07-18 14:00:00,628.65,629.35,628.42,628.5209,817159.0
2025-07-18 14:05:00,628.55,628.62,628.3101,628.4399,612554.0
2025-07-18 14:10:00,628.43,628.485,627.99,628.059,827733.0
2025-07-18 14:15:00,628.05,628.2084,627.57,627.9314,1099560.0
2025-07-18 14:20:00,627.94,628.13,627.6,627.688,964866.0
2025-07-18 14:25:00,627.68,627.6809,627.24,627.37,882882.0
2025-07-18 14:30:00,627.4,627.76,627.285,627.69,3865085.0
2025-07-18 14:35:00,627.69,627.91,627.32,627.33,538838.0
2025-07-18 14:40:00,627.32,627.49,627.18,627.465,748886.0
2025-07-18 14:45:00,627.46,627.6,627.25,627.4001,569557.0
2025-07-18 14:50:00,627.42,627.7,627.36,627.47,455987.0
2025-07-18 14:55:00,627.48,627.69,627.12,627.13,382689.0
2025-07-18 15:00:00,627.13,627.39,626.91,627.23,662075.0
2025-07-18 15:05:00,627.25,627.59,627.21,627.477,1342716.0
2025-07-18 15:10:00,627.48,627.6699,627.19,627.33,451845.0
2025-07-18 15:15:00,627.31,627.695,627.3011,627.325,489793.0
2025-07-18 15:20:00,627.32,627.5674,627.14,627.375,1031989.0
2025-07-18 15:25:00,627.37,627.65,627.34,627.605,2604971.0
2025-07-18 15:30:00,627.62,628.0,627.61,627.8448,464118.0
2025-07-18 15:35:00,627.8425,627.9286,627.7158,627.77,324848.0
2025-07-18 15:40:00,627.769,627.88,627.578,627.795,569630.0
2025-07-18 15:45:00,627.79,628.01,627.6601,627.97,331238.0
2025-07-18 15:50:00,627.98,628.17,627.97,628.115,795198.0
2025-07-18 15:55:00,628.12,628.13,627.85,628.115,353105.0
2025-07-18 16:00:00,628.115,628.16,627.79,627.82,609545.0
2025-07-21 09:30:00,629.43,629.45,629.3,629.3,1744.0
2025-07-21 09:35:00,629.31,629.31,629.31,629.31,843.0
2025-07-21 09:45:00,629.33,629.33,629.33,629.33,324.0
2025-07-21 09:50:00,629.32,629.34,629.32,629.34,3919.0
2025-07-21 09:55:00,629.31,629.31,629.31,629.31,209.0
2025-07-21 10:00:00,629.35,629.39,629.32,629.32,2020.0
2025-07-21 10:05:00,629.21,629.24,629.21,629.24,1311.0
2025-07-21 10:10:00,629.28,629.53,629.28,629.5,9874.0
2025-07-21 10:15:00,629.46,629.46,629.46,629.46,464.0
2025-07-21 10:20:00,629.45,629.45,629.45,629.45,157.0
2025-07-21 10:25:00,629.43,629.43,629.43,629.43,331.0
2025-07-21 10:30:00,629.29,629.29,629.25,629.25,1097.0
2025-07-21 10:35:00,629.24,629.24,629.13,629.18,4696.0
2025-07-21 10:40:00,629.21,629.23,629.2,629.23,1059.0
2025-07-21 10:45:00,629.27,629.28,629.27,629.28,1149.0
2025-07-21 10:50:00,629.28,629.28,629.0,629.05,20939.0
2025-07-21 10:55:00,629.06,629.37,629.06,629.25,8611.0
2025-07-21 11:00:00,629.23,629.28,629.14,629.15,33996.0
2025-07-21 11:05:00,629.11,629.14,629.04,629.06,28472.0
2025-07-21 11:10:00,629.0,629.03,629.0,629.03,16836.0
2025-07-21 11:15:00,629.02,629.08,628.99,629.01,5687.0
2025-07-21 11:20:00,629.03,629.11,629.03,629.08,3205.0
2025-07-21 11:25:00,629.12,629.18,629.05,629.151,15086.0
2025-07-21 11:30:00,629.17,629.28,629.17,629.19,21214.0
2025-07-21 11:35:00,629.19,629.19,629.01,629.03,2417.0
2025-07-21 11:40:00,629.07,629.11,629.07,629.1,1347.0
2025-07-21 11:45:00,629.12,629.12,629.02,629.02,4009.0
2025-07-21 11:50:00,629.01,629.1,629.01,629.02,13314.0
2025-07-21 11:55:00,629.02,629.11,629.02,629.07,2054.0
2025-07-21 12:00:00,629.27,629.37,628.2,629.17,70674.0
2025-07-21 12:05:00,629.1,629.12,628.9201,628.9457,4376.0
2025-07-21 12:10:00,628.99,629.07,628.97,629.04,3842.0
2025-07-21 12:15:00,629.0,629.01,628.94,629.01,11119.0
2025-07-21 12:20:00,629.03,629.05,629.0,629.02,1874.0
2025-07-21 12:25:00,629.05,629.05,629.0,629.03,5356.0
2025-07-21 12:30:00,629.08,629.12,629.05,629.05,5035.0
2025-07-21 12:35:00,629.04,629.1799,628.9701,629.01,10652.0
2025-07-21 12:40:00,629.03,629.05,628.86,628.91,16452.0
2025-07-21 12:45:00,628.89,628.91,628.84,628.88,8097.0
2025-07-21 12:50:00,628.88,628.91,628.64,628.64,23967.0
2025-07-21 12:55:00,628.64,628.65,628.39,628.45,27848.0
2025-07-21 13:00:00,628.44,628.52,628.19,628.3,47826.0
2025-07-21 13:05:00,628.29,628.41,628.24,628.32,31809.0
2025-07-21 13:10:00,628.34,628.41,628.17,628.25,67694.0
2025-07-21 13:15:00,628.26,628.51,628.26,628.44,39949.0
2025-07-21 13:20:00,628.46,628.61,628.42,628.45,19661.0
2025-07-21 13:25:00,628.47,628.79,628.44,628.79,60215.0
2025-07-21 13:30:00,628.77,629.2,628.67,629.1,1329111.0
2025-07-21 13:35:00,629.1,629.365,629.02,629.325,916332.0
2025-07-21 13:40:00,629.3207,629.52,629.26,629.46,852925.0
2025-07-21 13:45:00,629.455,630.18,629.45,630.09,1121624.0
2025-07-21 13:50:00,630.09,630.32,629.89,630.32,836930.0
2025-07-21 13:55:00,630.33,630.7,630.33,630.57,1158233.0
2025-07-21 14:00:00,630.58,631.03,630.58,630.88,1072625.0
2025-07-21 14:05:00,630.88,630.895,630.5701,630.575,808643.0
2025-07-21 14:10:00,630.575,630.72,630.38,630.6201,854398.0
2025-07-21 14:15:00,630.63,630.68,630.435,630.63,569990.0
2025-07-21 14:20:00,630.64,631.1751,630.6,631.16,1084298.0
2025-07-21 14:25:00,631.16,631.33,631.01,631.25,535182.0
2025-07-21 14:30:00,631.25,631.39,631.005,631.02,786229.0
2025-07-21 14:35:00,631.01,631.14,630.945,631.02,531636.0
2025-07-21 14:40:00,631.01,631.08,630.7775,631.02,625846.0
2025-07-21 14:45:00,631.01,631.05,630.775,630.865,476146.0
2025-07-21 14:50:00,630.855,630.96,630.64,630.795,555983.0
2025-07-21 14:55:00,630.79,631.09,630.735,631.02,666332.0
2025-07-21 15:00:00,631.025,631.1,630.895,631.005,561217.0
2025-07-21 15:05:00,631.005,631.095,630.88,631.0299,400457.0
2025-07-21 15:10:00,631.03,631.215,630.93,631.1499,442564.0
2025-07-21 15:15:00,631.15,631.1799,630.9488,630.975,361719.0
2025-07-21 15:20:00,630.98,631.24,630.975,631.21,705263.0
2025-07-21 15:25:00,631.21,631.35,631.18,631.2688,582546.0
2025-07-21 15:30:00,631.27,631.51,631.265,631.45,573513.0
2025-07-21 15:35:00,631.45,631.54,631.29,631.35,573740.0
2025-07-21 15:40:00,631.34,631.43,631.25,631.345,505109.0
2025-07-21 15:45:00,631.35,631.47,631.25,631.3048,378369.0
2025-07-21 15:50:00,631.305,631.4099,631.17,631.17,406823.0
2025-07-21 15:55:00,631.17,631.3552,631.08,631.1751,408537.0
2025-07-21 16:00:00,631.17,631.17,630.94,631.1201,438959.0
2025-07-22 09:30:00,627.97,628.02,627.97,628.01,2028.0
2025-07-22 09:35:00,628.04,628.05,628.0,628.01,3659.0
2025-07-22 09:40:00,628.01,628.01,627.87,627.95,4500.0
2025-07-22 09:45:00,628.05,628.06,628.03,628.05,10853.0
2025-07-22 09:50:00,628.07,628.08,628.07,628.08,481.0
2025-07-22 09:55:00,628.09,628.1,628.04,628.04,631.0
2025-07-22 10:00:00,628.11,628.31,628.11,628.29,3520.0
2025-07-22 10:05:00,628.3,628.3,628.28,628.29,1016.0
2025-07-22 10:10:00,628.35,628.35,628.22,628.22,10889.0
2025-07-22 10:15:00,628.24,628.24,628.22,628.22,1696.0
2025-07-22 10:20:00,628.22,628.22,628.1,628.1,1004.0
2025-07-22 10:25:00,628.13,628.2,628.12,628.2,3867.0
2025-07-22 10:30:00,628.21,628.21,628.11,628.11,704.0
2025-07-22 10:35:00,628.12,628.16,628.01,628.16,1833.0
2025-07-22 10:45:00,628.11,628.11,628.11,628.11,286.0
2025-07-22 10:50:00,628.16,628.16,628.02,628.02,2887.0
2025-07-22 10:55:00,628.09,628.32,628.09,628.28,4822.0
2025-07-22 11:00:00,628.28,628.44,628.13,628.43,17824.0
2025-07-22 11:05:00,628.43,628.68,628.43,628.59,9268.0
2025-07-22 11:10:00,628.55,628.55,628.44,628.45,4609.0
2025-07-22 11:15:00,628.47,628.49,628.42,628.42,1826.0
2025-07-22 11:20:00,628.28,628.35,628.28,628.33,1698.0
2025-07-22 11:25:00,628.3,628.36,628.26,628.36,2796.0
2025-07-22 11:30:00,628.36,628.36,628.3,628.34,3478.0
2025-07-22 11:35:00,628.26,628.28,628.06,628.06,6208.0
2025-07-22 11:40:00,628.09,628.75,628.07,628.5,19400.0
2025-07-22 11:45:00,628.5,628.75,628.5,628.75,10474.0
2025-07-22 11:50:00,628.78,628.88,628.72,628.82,11478.0
2025-07-22 11:55:00,628.77,629.01,628.76,628.96,10148.0
2025-07-22 12:00:00,628.91,629.11,628.0903,629.11,85349.0
2025-07-22 12:05:00,629.08,629.16,628.88,628.92,72672.0
2025-07-22 12:10:00,628.92,628.98,628.8101,628.92,18660.0
2025-07-22 12:15:00,628.919,628.93,628.7301,628.76,13098.0
2025-07-22 12:20:00,628.76,628.98,628.76,628.85,10876.0
2025-07-22 12:25:00,628.88,629.18,628.88,629.16,95515.0
2025-07-22 12:30:00,629.13,629.13,628.92,629.07,21890.0
2025-07-22 12:35:00,629.09,629.09,628.93,629.05,5338.0
2025-07-22 12:40:00,629.03,629.06,628.96,628.96,9786.0
2025-07-22 12:45:00,628.93,629.02,628.91,628.97,22597.0
2025-07-22 12:50:00,629.01,629.21,629.01,629.14,32227.0
2025-07-22 12:55:00,629.14,629.2,629.09,629.09,20028.0
2025-07-22 13:00:00,629.11,629.1499,629.0392,629.08,23318.0
2025-07-22 13:05:00,629.06,629.25,628.96,629.04,37663.0
2025-07-22 13:10:00,629.09,629.19,629.07,629.16,18958.0
2025-07-22 13:15:00,629.18,629.18,629.08,629.1499,29332.0
2025-07-22 13:20:00,629.15,629.15,628.95,629.12,38198.0
2025-07-22 13:25:00,629.08,629.15,628.91,629.05,51549.0
2025-07-22 13:30:00,629.1,629.12,628.23,628.41,1744985.0
2025-07-22 13:35:00,628.4,629.19,628.38,629.0999,912948.0
2025-07-22 13:40:00,629.11,629.11,628.68,628.97,1018507.0
2025-07-22 13:45:00,628.98,628.985,627.97,628.005,1123241.0
2025-07-22 13:50:00,628.0,628.23,626.19,626.53,2152122.0
2025-07-22 13:55:00,626.525,627.43,626.45,626.88,1774243.0
2025-07-22 14:00:00,626.89,626.89,626.2499,626.63,1267150.0
2025-07-22 14:05:00,626.63,627.21,626.56,627.115,871105.0
2025-07-22 14:10:00,627.11,627.26,626.72,627.135,861615.0
2025-07-22 14:15:00,627.13,627.41,626.895,627.0401,725954.0
2025-07-22 14:20:00,627.05,627.15,626.83,626.86,634926.0
2025-07-22 14:25:00,626.84,627.105,626.8,627.09,502118.0
2025-07-22 14:30:00,627.08,627.59,626.9721,627.55,615558.0
2025-07-22 14:35:00,627.55,628.035,627.55,627.66,914529.0
2025-07-22 14:40:00,627.66,627.9,627.4801,627.715,487731.0
2025-07-22 14:45:00,627.7,627.83,627.35,627.505,554309.0
2025-07-22 14:50:00,627.5,627.63,627.2113,627.395,630223.0
2025-07-22 14:55:00,627.41,628.026,627.35,627.95,742153.0
2025-07-22 15:00:00,627.955,628.03,627.58,627.855,631739.0
2025-07-22 15:05:00,627.86,628.115,627.73,627.86,454133.0
2025-07-22 15:10:00,627.865,628.0101,627.58,627.635,376165.0
2025-07-22 15:15:00,627.64,627.87,627.33,627.8601,471620.0
2025-07-22 15:20:00,627.88,627.9673,627.66,627.805,334123.0
2025-07-22 15:25:00,627.805,627.96,627.6,627.64,509438.0
2025-07-22 15:30:00,627.64,628.02,627.55,628.02,449223.0
2025-07-22 15:35:00,628.01,628.015,627.59,627.64,544196.0
2025-07-22 15:40:00,627.625,627.65,627.43,627.58,555548.0
2025-07-22 15:45:00,627.57,628.06,627.55,627.78,422924.0
2025-07-22 15:50:00,627.77,627.96,627.705,627.825,604576.0
2025-07-22 15:55:00,627.83,627.9,627.62,627.65,418651.0
2025-07-22 16:00:00,627.66,627.755,627.47,627.725,507482.0
2025-07-23 09:30:00,631.22,631.26,631.18,631.26,3293.0
2025-07-23 09:35:00,631.22,631.35,631.22,631.33,668.0
2025-07-23 09:40:00,631.31,631.38,631.29,631.37,1728.0
2025-07-23 09:45:00,631.35,631.36,631.35,631.36,416.0
2025-07-23 09:50:00,631.42,631.51,631.41,631.49,19396.0
2025-07-23 09:55:00,631.5,631.59,631.5,631.58,2057.0
2025-07-23 10:00:00,631.53,631.65,631.53,631.61,2034.0
2025-07-23 10:05:00,631.53,631.54,631.43,631.43,3964.0
2025-07-23 10:10:00,631.47,631.49,631.41,631.41,4641.0
2025-07-23 10:15:00,631.41,631.41,631.37,631.39,14292.0
2025-07-23 10:20:00,631.62,631.77,631.51,631.51,5829.0
2025-07-23 10:25:00,631.59,631.6,631.56,631.56,877.0
2025-07-23 10:30:00,631.59,631.74,631.58,631.59,16751.0
2025-07-23 10:35:00,631.56,631.63,631.56,631.57,6782.0
2025-07-23 10:40:00,631.6,631.62,631.56,631.6,3238.0
2025-07-23 10:45:00,631.59,631.62,631.5,631.5,6712.0
2025-07-23 10:50:00,631.5,631.53,631.34,631.34,19000.0
2025-07-23 10:55:00,631.37,631.55,631.36,631.37,15403.0
2025-07-23 11:00:00,631.37,631.38,631.34,631.34,5438.0
2025-07-23 11:05:00,631.35,631.4,630.77,630.85,14585.0
2025-07-23 11:10:00,630.88,631.25,630.79,631.0,13819.0
2025-07-23 11:15:00,630.98,631.07,630.8,631.05,50770.0
2025-07-23 11:20:00,630.99,631.21,630.98,631.18,6473.0
2025-07-23 11:25:00,631.12,631.2,631.07,631.07,7520.0
2025-07-23 11:30:00,631.08,631.17,631.0,631.08,38838.0
2025-07-23 11:35:00,631.06,631.35,631.06,631.3,6563.0
2025-07-23 11:40:00,631.34,631.41,631.11,631.17,34287.0
2025-07-23 11:45:00,631.25,631.28,631.19,631.28,8771.0
2025-07-23 11:50:00,631.29,631.35,631.29,631.3,5341.0
2025-07-23 11:55:00,631.29,631.38,631.271,631.33,16113.0
2025-07-23 12:00:00,631.38,631.65,630.09,631.53,107478.0
2025-07-23 12:05:00,631.51,631.56,631.33,631.33,14936.0
2025-07-23 12:10:00,631.28,631.44,631.27,631.42,8722.0
2025-07-23 12:15:00,631.4,631.479,631.35,631.43,10916.0
2025-07-23 12:20:00,631.4494,631.4494,631.23,631.23,29549.0
2025-07-23 12:25:00,631.25,631.44,631.22,631.42,17592.0
2025-07-23 12:30:00,631.41,631.42,631.11,631.17,33562.0
2025-07-23 12:35:00,631.18,631.28,631.0701,631.11,40742.0
2025-07-23 12:40:00,631.1,631.21,630.99,631.21,30134.0
2025-07-23 12:45:00,631.2,631.33,631.1101,631.23,17794.0
2025-07-23 12:50:00,631.22,631.359,631.08,631.14,53221.0
2025-07-23 12:55:00,631.18,631.2998,631.17,631.21,32413.0
2025-07-23 13:00:00,631.23,631.37,631.15,631.37,62982.0
2025-07-23 13:05:00,631.3697,631.41,631.25,631.36,16419.0
2025-07-23 13:10:00,631.32,631.41,631.16,631.225,26986.0
2025-07-23 13:15:00,631.24,631.39,631.14,631.34,36020.0
2025-07-23 13:20:00,631.36,631.91,631.36,631.76,79665.0
2025-07-23 13:25:00,631.79,631.81,631.49,631.56,162094.0
2025-07-23 13:30:00,631.55,631.75,630.47,631.11,1732411.0
2025-07-23 13:35:00,631.11,631.465,631.0,631.32,1260251.0
2025-07-23 13:40:00,631.32,631.39,630.72,630.76,1029356.0
2025-07-23 13:45:00,630.76,630.7608,630.125,630.34,1156889.0
2025-07-23 13:50:00,630.34,630.48,630.08,630.26,686556.0
2025-07-23 13:55:00,630.26,630.325,629.82,629.9992,888910.0
2025-07-23 14:00:00,629.995,630.15,629.73,630.02,853376.0
2025-07-23 14:05:00,630.02,630.505,629.98,630.39,848899.0
2025-07-23 14:10:00,630.3799,630.44,629.938,629.9448,634833.0
2025-07-23 14:15:00,629.96,630.43,629.93,630.23,497824.0
2025-07-23 14:20:00,630.23,630.47,630.13,630.465,485565.0
2025-07-23 14:25:00,630.46,630.74,630.44,630.7388,605861.0
2025-07-23 14:30:00,630.7352,630.78,630.125,630.13,616580.0
2025-07-23 14:35:00,630.12,630.39,630.09,630.32,434622.0
2025-07-23 14:40:00,630.32,630.53,630.23,630.3482,408003.0
2025-07-23 14:45:00,630.34,630.565,630.255,630.36,384955.0
2025-07-23 14:50:00,630.37,630.68,630.27,630.63,359380.0
2025-07-23 14:55:00,630.64,630.77,630.56,630.7,608179.0
2025-07-23 15:00:00,630.7,630.925,630.46,630.66,667241.0
2025-07-23 15:05:00,630.66,630.82,630.5,630.69,495498.0
2025-07-23 15:10:00,630.68,630.75,630.4147,630.43,467408.0
2025-07-23 15:15:00,630.43,630.58,630.325,630.4882,412625.0
2025-07-23 15:20:00,630.48,630.795,630.43,630.75,481844.0
2025-07-23 15:25:00,630.742,630.825,630.668,630.825,853565.0
2025-07-23 15:30:00,630.82,630.96,630.7,630.76,435845.0
2025-07-23 15:35:00,630.77,630.88,630.47,630.6388,464175.0
2025-07-23 15:40:00,630.64,630.7,630.471,630.65,300479.0
2025-07-23 15:45:00,630.66,630.99,630.61,630.9,390139.0
2025-07-23 15:50:00,630.91,632.47,630.85,631.76,1680403.0
2025-07-23 15:55:00,631.8,632.79,631.505,632.065,2160475.0
2025-07-23 16:00:00,632.06,632.55,631.78,632.52,971098.0
2025-07-24 09:30:00,634.71,634.73,634.71,634.73,778.0
2025-07-24 09:35:00,634.69,634.69,634.69,634.69,211.0
2025-07-24 09:40:00,634.6,634.6,634.6,634.6,226.0
2025-07-24 09:45:00,634.62,634.63,634.62,634.63,285.0
2025-07-24 09:50:00,634.73,634.77,634.73,634.76,2097.0
2025-07-24 09:55:00,634.8,634.81,634.8,634.81,453.0
2025-07-24 10:00:00,634.73,634.83,634.54,634.65,6837.0
2025-07-24 10:05:00,634.61,634.66,634.61,634.63,424.0
2025-07-24 10:10:00,634.51,634.51,634.48,634.48,865.0
2025-07-24 10:15:00,634.47,634.47,634.44,634.44,451.0
2025-07-24 10:20:00,634.27,634.27,634.18,634.18,2087.0
2025-07-24 10:25:00,634.21,634.21,634.15,634.19,1810.0
2025-07-24 10:30:00,634.23,634.23,634.0,634.08,5334.0
2025-07-24 10:35:00,634.07,634.07,634.07,634.07,162.0
2025-07-24 10:40:00,634.24,634.26,634.24,634.26,542.0
2025-07-24 10:45:00,634.15,634.16,634.13,634.14,1889.0
2025-07-24 10:50:00,634.18,634.28,634.18,634.28,573.0
2025-07-24 10:55:00,634.19,634.26,634.19,634.24,518.0
2025-07-24 11:00:00,634.28,634.35,634.2,634.3,16581.0
2025-07-24 11:05:00,634.29,634.379,634.29,634.35,16669.0
2025-07-24 11:10:00,634.34,634.42,634.34,634.4,7648.0
2025-07-24 11:15:00,634.5,634.5,634.43,634.45,2378.0
2025-07-24 11:20:00,634.49,634.52,634.49,634.52,3749.0
2025-07-24 11:25:00,634.56,634.75,634.56,634.68,3471.0
2025-07-24 11:30:00,634.66,634.78,634.64,634.75,14044.0
2025-07-24 11:35:00,634.8,634.829,634.74,634.79,6006.0
2025-07-24 11:40:00,634.76,635.02,634.76,634.84,21495.0
2025-07-24 11:45:00,634.84,634.86,634.8,634.8,2798.0
2025-07-24 11:50:00,634.72,634.78,634.69,634.69,3997.0
2025-07-24 11:55:00,634.67,634.79,634.66,634.79,7855.0
2025-07-24 12:00:00,634.31,635.01,633.85,634.64,115759.0
2025-07-24 12:05:00,634.66,634.8,634.66,634.75,43611.0
2025-07-24 12:10:00,634.7,634.76,634.63,634.76,8461.0
2025-07-24 12:15:00,634.78,634.78,634.62,634.67,10926.0
2025-07-24 12:20:00,634.6,634.6,634.2,634.2599,37284.0
2025-07-24 12:25:00,634.22,634.53,634.22,634.53,9629.0
2025-07-24 12:30:00,634.61,634.64,634.08,634.1501,51709.0
2025-07-24 12:35:00,634.2,634.2,634.05,634.05,33257.0
2025-07-24 12:40:00,634.05,634.19,633.81,633.85,67367.0
2025-07-24 12:45:00,633.82,634.03,633.53,633.99,64902.0
2025-07-24 12:50:00,633.98,634.08,633.86,633.93,42500.0
2025-07-24 12:55:00,633.96,634.24,633.95,634.17,59272.0
2025-07-24 13:00:00,634.19,634.19,633.91,633.96,48753.0
2025-07-24 13:05:00,633.99,634.18,633.95,634.0801,65875.0
2025-07-24 13:10:00,634.1,634.24,633.9,634.03,75148.0
2025-07-24 13:15:00,634.07,634.07,633.85,634.0,45817.0
2025-07-24 13:20:00,634.06,634.35,634.0,634.32,72153.0
2025-07-24 13:25:00,634.34,634.65,634.34,634.59,146569.0
2025-07-24 13:30:00,634.6,634.91,634.1293,634.6188,1690984.0
2025-07-24 13:35:00,634.62,634.74,634.1,634.25,1071805.0
2025-07-24 13:40:00,634.25,634.64,633.99,634.58,1080626.0
2025-07-24 13:45:00,634.56,635.39,634.49,635.21,1003021.0
2025-07-24 13:50:00,635.21,635.28,634.64,634.65,1121749.0
2025-07-24 13:55:00,634.659,635.115,634.585,635.065,748795.0
2025-07-24 14:00:00,635.11,635.26,634.84,634.995,741972.0
2025-07-24 14:05:00,634.99,635.34,634.74,634.84,797792.0
2025-07-24 14:10:00,634.84,634.95,634.23,634.305,1312353.0
2025-07-24 14:15:00,634.31,634.62,634.07,634.62,959741.0
2025-07-24 14:20:00,634.615,634.745,634.51,634.595,540159.0
2025-07-24 14:25:00,634.585,634.89,634.42,634.82,590841.0
2025-07-24 14:30:00,634.82,635.02,634.73,634.88,511553.0
2025-07-24 14:35:00,634.88,635.17,634.8,635.09,610753.0
2025-07-24 14:40:00,635.085,635.2378,635.04,635.17,505782.0
2025-07-24 14:45:00,635.1601,635.43,635.12,635.4051,571725.0
2025-07-24 14:50:00,635.4051,635.5706,635.37,635.56,648211.0
2025-07-24 14:55:00,635.55,635.62,635.395,635.51,611985.0
2025-07-24 15:00:00,635.52,635.89,635.48,635.67,995536.0
2025-07-24 15:05:00,635.65,635.76,635.58,635.72,474856.0
2025-07-24 15:10:00,635.73,635.89,635.65,635.82,541555.0
2025-07-24 15:15:00,635.82,635.89,635.45,635.52,636104.0
2025-07-24 15:20:00,635.53,635.695,635.5,635.639,523910.0
2025-07-24 15:25:00,635.63,635.64,635.39,635.525,459465.0
2025-07-24 15:30:00,635.525,635.615,635.36,635.36,467711.0
2025-07-24 15:35:00,635.37,635.5,635.25,635.495,483376.0
2025-07-24 15:40:00,635.49,635.53,635.34,635.43,437047.0
2025-07-24 15:45:00,635.43,635.57,635.29,635.495,475066.0
2025-07-24 15:50:00,635.5,635.73,635.47,635.64,474625.0
2025-07-24 15:55:00,635.645,635.71,635.525,635.54,296426.0
2025-07-24 16:00:00,635.53,635.58,635.12,635.26,650468.0
2025-07-25 09:30:00,635.25,635.38,635.25,635.26,12007.0
2025-07-25 09:45:00,635.25,635.25,635.15,635.2,2000.0
2025-07-25 09:50:00,635.19,635.2,635.17,635.19,1254.0
2025-07-25 09:55:00,635.2,635.3,635.2,635.3,837.0
2025-07-25 10:00:00,635.26,635.27,635.23,635.23,553.0
2025-07-25 10:05:00,635.2,635.2,635.17,635.17,561.0
2025-07-25 10:10:00,635.21,635.21,635.15,635.2,2581.0
2025-07-25 10:15:00,635.18,635.23,635.18,635.23,740.0
2025-07-25 10:20:00,635.19,635.21,635.18,635.21,1120.0
2025-07-25 10:25:00,635.21,635.31,635.2,635.3,2238.0
2025-07-25 10:30:00,635.33,635.45,635.29,635.45,3181.0
2025-07-25 10:35:00,635.46,635.48,635.41,635.48,2037.0
2025-07-25 10:40:00,635.47,635.51,635.46,635.46,2259.0
2025-07-25 10:45:00,635.47,635.51,635.44,635.51,988.0
2025-07-25 10:50:00,635.56,635.56,635.56,635.56,461.0
2025-07-25 10:55:00,635.51,635.51,635.44,635.44,5874.0
2025-07-25 11:00:00,635.48,635.48,635.37,635.399,4903.0
2025-07-25 11:05:00,635.39,635.42,635.36,635.42,2809.0
2025-07-25 11:10:00,635.4,635.47,635.35,635.41,3193.0
2025-07-25 11:15:00,635.45,635.45,635.26,635.26,2707.0
2025-07-25 11:20:00,635.35,635.35,635.3,635.3,1475.0
2025-07-25 11:25:00,635.32,635.33,635.25,635.33,1743.0
2025-07-25 11:30:00,635.33,635.33,635.15,635.16,4322.0
2025-07-25 11:35:00,635.27,635.28,635.23,635.26,1707.0
2025-07-25 11:40:00,635.23,635.3,635.23,635.27,3836.0
2025-07-25 11:45:00,635.2,635.26,635.15,635.15,3615.0
2025-07-25 11:50:00,635.17,635.17,635.0,635.07,19179.0
2025-07-25 11:55:00,635.11,635.19,635.11,635.16,4849.0
2025-07-25 12:00:00,635.28,636.4,634.92,635.15,44483.0
2025-07-25 12:05:00,635.11,635.13,635.05,635.05,6747.0
2025-07-25 12:10:00,635.15,635.16,635.08,635.1,15686.0
2025-07-25 12:15:00,635.11,635.2899,635.0808,635.23,9830.0
2025-07-25 12:20:00,635.25,635.4496,635.25,635.43,11592.0
2025-07-25 12:25:00,635.4504,635.5,635.29,635.35,29656.0
2025-07-25 12:30:00,635.37,635.51,635.37,635.48,44635.0
2025-07-25 12:35:00,635.48,635.55,635.39,635.54,11605.0
2025-07-25 12:40:00,635.5408,635.55,635.35,635.3799,20697.0
2025-07-25 12:45:00,635.36,635.38,635.28,635.28,19463.0
2025-07-25 12:50:00,635.29,635.33,635.25,635.28,19503.0
2025-07-25 12:55:00,635.27,635.31,635.24,635.28,16434.0
2025-07-25 13:00:00,635.27,635.37,635.09,635.15,74012.0
2025-07-25 13:05:00,635.18,635.27,634.78,635.03,117053.0
2025-07-25 13:10:00,635.09,635.3,634.91,634.97,64750.0
2025-07-25 13:15:00,634.89,635.23,634.89,635.1798,100723.0
2025-07-25 13:20:00,635.12,635.39,635.09,635.17,70702.0
2025-07-25 13:25:00,635.22,635.3,635.01,635.07,71984.0
2025-07-25 13:30:00,635.09,635.31,634.84,635.25,1122238.0
2025-07-25 13:35:00,635.25,635.49,634.96,635.31,886209.0
2025-07-25 13:40:00,635.31,635.415,635.115,635.2993,718258.0
2025-07-25 13:45:00,635.3,635.445,635.13,635.395,850416.0
2025-07-25 13:50:00,635.39,635.6,635.15,635.42,793153.0
2025-07-25 13:55:00,635.42,635.55,635.14,635.24,639005.0
2025-07-25 14:00:00,635.25,635.45,634.92,634.92,663611.0
2025-07-25 14:05:00,634.9114,635.34,634.87,635.19,748583.0
2025-07-25 14:10:00,635.19,635.57,635.19,635.305,615908.0
2025-07-25 14:15:00,635.3051,635.58,635.2253,635.575,478023.0
2025-07-25 14:20:00,635.57,635.61,635.15,635.25,529748.0
2025-07-25 14:25:00,635.24,635.54,635.24,635.47,437101.0
2025-07-25 14:30:00,635.47,635.94,635.29,635.5869,820196.0
2025-07-25 14:35:00,635.59,635.9,635.5899,635.72,602166.0
2025-07-25 14:40:00,635.713,635.99,635.713,635.955,542723.0
2025-07-25 14:45:00,635.95,636.13,635.88,635.97,725063.0
2025-07-25 14:50:00,635.97,635.99,635.83,635.905,445703.0
2025-07-25 14:55:00,635.895,635.965,635.67,635.825,562449.0
2025-07-25 15:00:00,635.81,635.94,635.7,635.82,387942.0
2025-07-25 15:05:00,635.83,635.9174,635.7,635.735,301458.0
2025-07-25 15:10:00,635.735,635.93,635.73,635.9,364189.0
2025-07-25 15:15:00,635.91,636.06,635.88,635.925,334859.0
2025-07-25 15:20:00,635.93,636.01,635.725,635.92,532057.0
2025-07-25 15:25:00,635.92,636.095,635.89,636.02,375154.0
2025-07-25 15:30:00,636.02,636.08,635.9,635.905,459661.0
2025-07-25 15:35:00,635.9,635.98,635.77,635.845,334107.0
2025-07-25 15:40:00,635.85,635.93,635.64,635.66,1299667.0
2025-07-25 15:45:00,635.66,635.8699,635.61,635.84,346510.0
2025-07-25 15:50:00,635.83,635.98,635.83,635.925,287078.0
2025-07-25 15:55:00,635.92,635.99,635.89,635.93,295828.0
2025-07-25 16:00:00,635.93,635.99,635.83,635.885,360297.0
2025-07-28 09:30:00,639.02,639.02,639.02,639.02,293.0
2025-07-28 09:35:00,638.95,638.97,638.88,638.88,4467.0
2025-07-28 09:40:00,638.84,638.86,638.84,638.86,1395.0
2025-07-28 09:45:00,638.86,638.89,638.8,638.82,5532.0
2025-07-28 09:50:00,638.8,638.83,638.73,638.73,5071.0
2025-07-28 09:55:00,638.73,638.73,638.66,638.66,1416.0
2025-07-28 10:00:00,638.75,638.76,638.75,638.76,922.0
2025-07-28 10:05:00,638.76,638.78,638.73,638.74,11104.0
2025-07-28 10:10:00,638.66,638.73,638.64,638.7,3672.0
2025-07-28 10:15:00,638.74,638.85,638.74,638.82,2392.0
2025-07-28 10:20:00,638.73,638.74,638.73,638.74,492.0
2025-07-28 10:25:00,638.63,638.63,638.46,638.57,5857.0
2025-07-28 10:30:00,638.56,638.57,638.44,638.5,2041.0
2025-07-28 10:35:00,638.45,638.53,638.35,638.38,11425.0
2025-07-28 10:40:00,638.37,638.39,638.23,638.25,6418.0
2025-07-28 10:45:00,638.23,638.33,638.11,638.23,7140.0
2025-07-28 10:50:00,638.21,638.25,638.02,638.06,5976.0
2025-07-28 10:55:00,638.15,638.22,638.02,638.21,8463.0
2025-07-28 11:00:00,638.15,638.35,638.09,638.25,14583.0
2025-07-28 11:05:00,638.22,638.31,638.21,638.27,11470.0
2025-07-28 11:10:00,638.21,638.38,638.21,638.36,25165.0
2025-07-28 11:15:00,638.36,638.39,638.1,638.17,13412.0
2025-07-28 11:20:00,638.19,638.27,638.18,638.25,4962.0
2025-07-28 11:25:00,638.28,638.31,638.16,638.17,14152.0
2025-07-28 11:30:00,638.13,638.23,638.13,638.23,10555.0
2025-07-28 11:35:00,638.24,638.24,638.23,638.23,2074.0
2025-07-28 11:40:00,638.3,638.34,638.21,638.24,5356.0
2025-07-28 11:45:00,638.23,638.23,638.08,638.17,9682.0
2025-07-28 11:50:00,638.22,638.31,638.2,638.21,8885.0
2025-07-28 11:55:00,638.27,638.31,638.24,638.26,18176.0
2025-07-28 12:00:00,638.3,640.26,638.01,638.19,107486.0
2025-07-28 12:05:00,638.22,638.28,638.17,638.28,60336.0
2025-07-28 12:10:00,638.3,638.32,638.02,638.02,17004.0
2025-07-28 12:15:00,638.03,638.26,638.03,638.24,29300.0
2025-07-28 12:20:00,638.24,638.35,638.15,638.33,26675.0
2025-07-28 12:25:00,638.31,638.39,638.27,638.3,48367.0
2025-07-28 12:30:00,638.27,638.29,638.09,638.16,28876.0
2025-07-28 12:35:00,638.2,638.37,638.17,638.33,29228.0
2025-07-28 12:40:00,638.35,638.55,638.32,638.49,37810.0
2025-07-28 12:45:00,638.53,638.58,638.5,638.58,28524.0
2025-07-28 12:50:00,638.58,638.62,638.5,638.51,36844.0
2025-07-28 12:55:00,638.53,638.55,638.49,638.51,22931.0
2025-07-28 13:00:00,638.54,638.54,638.21,638.22,48051.0
2025-07-28 13:05:00,638.19,638.2,637.94,637.98,64043.0
2025-07-28 13:10:00,637.98,638.01,637.61,637.78,93172.0
2025-07-28 13:15:00,637.77,638.01,637.74,637.76,46544.0
2025-07-28 13:20:00,637.77,637.83,637.64,637.81,81707.0
2025-07-28 13:25:00,637.78,637.78,637.46,637.49,151859.0
2025-07-28 13:30:00,637.48,637.84,637.315,637.565,2059794.0
2025-07-28 13:35:00,637.57,637.72,637.36,637.41,893396.0
2025-07-28 13:40:00,637.415,637.42,637.08,637.34,1381416.0
2025-07-28 13:45:00,637.34,637.69,637.16,637.275,1203827.0
2025-07-28 13:50:00,637.27,637.515,637.185,637.285,610316.0
2025-07-28 13:55:00,637.285,637.49,637.12,637.45,760407.0
2025-07-28 14:00:00,637.44,637.66,637.27,637.66,757612.0
2025-07-28 14:05:00,637.65,637.935,637.65,637.8265,1017353.0
2025-07-28 14:10:00,637.82,637.98,637.62,637.9688,897250.0
2025-07-28 14:15:00,637.96,638.04,637.7899,637.83,502349.0
2025-07-28 14:20:00,637.84,637.94,637.31,637.52,765807.0
2025-07-28 14:25:00,637.51,637.82,637.445,637.735,459058.0
2025-07-28 14:30:00,637.74,637.84,637.5648,637.625,584103.0
2025-07-28 14:35:00,637.62,637.6952,637.4,637.695,613381.0
2025-07-28 14:40:00,637.69,637.8999,637.57,637.83,450994.0
2025-07-28 14:45:00,637.82,637.845,637.59,637.68,331567.0
2025-07-28 14:50:00,637.6877,637.6877,637.28,637.34,457942.0
2025-07-28 14:55:00,637.33,637.51,637.24,637.4353,611873.0
2025-07-28 15:00:00,637.44,637.49,637.1935,637.32,542000.0
2025-07-28 15:05:00,637.32,637.52,637.315,637.42,513957.0
2025-07-28 15:10:00,637.43,637.43,637.2799,637.36,427402.0
2025-07-28 15:15:00,637.35,637.4793,636.55,636.72,984738.0
2025-07-28 15:20:00,636.715,636.965,636.33,636.94,1103969.0
2025-07-28 15:25:00,636.94,637.09,636.82,637.07,406765.0
2025-07-28 15:30:00,637.07,637.27,636.98,637.19,373528.0
2025-07-28 15:35:00,637.19,637.37,637.17,637.19,340709.0
2025-07-28 15:40:00,637.195,637.32,637.1412,637.29,432100.0
2025-07-28 15:45:00,637.285,637.35,637.16,637.335,317463.0
2025-07-28 15:50:00,637.34,637.55,637.29,637.515,293866.0
2025-07-28 15:55:00,637.51,637.57,637.37,637.39,293978.0
2025-07-28 16:00:00,637.38,637.41,637.165,637.315,365862.0
2025-07-29 09:30:00,638.46,638.5,638.44,638.5,1672.0
2025-07-29 09:40:00,638.55,638.55,638.48,638.48,1930.0
2025-07-29 09:45:00,638.46,638.47,638.46,638.46,524.0
2025-07-29 09:50:00,638.64,638.74,638.64,638.65,11694.0
2025-07-29 09:55:00,638.64,638.73,638.32,638.56,13739.0
2025-07-29 10:00:00,638.65,638.75,638.65,638.67,4028.0
2025-07-29 10:05:00,638.69,638.69,638.59,638.65,1945.0
2025-07-29 10:10:00,638.66,638.69,638.63,638.63,2249.0
2025-07-29 10:15:00,638.6,638.65,638.57,638.59,1701.0
2025-07-29 10:20:00,638.58,638.58,638.58,638.58,237.0
2025-07-29 10:25:00,638.61,638.66,638.61,638.65,1982.0
2025-07-29 10:30:00,638.65,638.8,638.65,638.73,14894.0
2025-07-29 10:35:00,638.7,638.78,638.65,638.75,2779.0
2025-07-29 10:40:00,638.75,638.75,638.7,638.7,1476.0
2025-07-29 10:45:00,638.76,638.76,638.75,638.75,579.0
2025-07-29 10:50:00,638.7,638.75,638.7,638.75,1756.0
2025-07-29 10:55:00,638.71,638.73,638.68,638.71,2442.0
2025-07-29 11:00:00,638.69,638.89,638.69,638.73,20990.0
2025-07-29 11:05:00,638.7,638.72,638.59,638.64,18141.0
2025-07-29 11:10:00,638.61,638.64,638.6,638.601,7184.0
2025-07-29 11:15:00,638.61,638.63,638.51,638.51,1746.0
2025-07-29 11:20:00,638.5,638.54,638.43,638.53,4759.0
2025-07-29 11:25:00,638.549,638.549,638.49,638.51,3011.0
2025-07-29 11:30:00,638.49,638.6,638.42,638.42,4149.0
2025-07-29 11:35:00,638.4,638.41,638.27,638.27,15597.0
2025-07-29 11:40:00,638.239,638.45,638.239,638.45,10991.0
2025-07-29 11:45:00,638.48,638.52,638.43,638.45,16223.0
2025-07-29 11:50:00,638.51,638.54,638.47,638.5,5683.0
2025-07-29 11:55:00,638.46,638.53,638.46,638.5,3967.0
2025-07-29 12:00:00,638.8,638.8683,637.82,638.55,46220.0
2025-07-29 12:05:00,638.58,638.7,638.56,638.58,4828.0
2025-07-29 12:10:00,638.57,638.589,638.48,638.49,7780.0
2025-07-29 12:15:00,638.49,638.54,638.4,638.48,16539.0
2025-07-29 12:20:00,638.44,638.44,638.3,638.35,13452.0
2025-07-29 12:25:00,638.34,638.34,638.25,638.3,21840.0
2025-07-29 12:30:00,638.28,638.37,638.28,638.33,9032.0
2025-07-29 12:35:00,638.33,638.44,638.3,638.4,35608.0
2025-07-29 12:40:00,638.4,638.45,638.28,638.28,8864.0
2025-07-29 12:45:00,638.3,638.32,638.18,638.2199,15559.0
2025-07-29 12:50:00,638.21,638.24,638.08,638.11,19451.0
2025-07-29 12:55:00,638.11,638.13,637.98,638.12,35973.0
2025-07-29 13:00:00,638.11,638.24,637.99,638.2,24344.0
2025-07-29 13:05:00,638.18,638.2494,638.12,638.16,22441.0
2025-07-29 13:10:00,638.14,638.17,638.03,638.14,18122.0
2025-07-29 13:15:00,638.13,638.18,638.08,638.16,20712.0
2025-07-29 13:20:00,638.15,638.39,638.15,638.33,21407.0
2025-07-29 13:25:00,638.28,638.4196,638.14,638.37,52591.0
2025-07-29 13:30:00,638.35,638.67,638.01,638.25,1374437.0
2025-07-29 13:35:00,638.24,638.57,638.19,638.55,801803.0
2025-07-29 13:40:00,638.55,638.59,637.93,638.055,1042174.0
2025-07-29 13:45:00,638.06,638.175,637.35,637.71,984466.0
2025-07-29 13:50:00,637.7199,637.8863,637.24,637.88,1013696.0
2025-07-29 13:55:00,637.87,638.14,637.59,637.93,642337.0
2025-07-29 14:00:00,638.0,638.09,637.63,637.78,670715.0
2025-07-29 14:05:00,637.79,637.9,637.6,637.74,498085.0
2025-07-29 14:10:00,637.74,638.0,637.5952,637.88,528956.0
2025-07-29 14:15:00,637.87,638.035,637.72,637.9,556427.0
2025-07-29 14:20:00,637.91,637.985,637.62,637.765,666062.0
2025-07-29 14:25:00,637.76,637.8101,637.38,637.76,729726.0
2025-07-29 14:30:00,637.75,637.86,637.455,637.5,585074.0
2025-07-29 14:35:00,637.51,637.65,637.345,637.5,570068.0
2025-07-29 14:40:00,637.505,637.65,637.175,637.2,470227.0
2025-07-29 14:45:00,637.2,637.33,637.09,637.16,460639.0
2025-07-29 14:50:00,637.15,637.22,636.54,636.73,969371.0
2025-07-29 14:55:00,636.73,636.85,636.56,636.74,1074020.0
2025-07-29 15:00:00,636.72,637.01,636.48,636.5799,762955.0
2025-07-29 15:05:00,636.56,636.65,636.32,636.46,649259.0
2025-07-29 15:10:00,636.465,636.708,636.355,636.3951,542779.0
2025-07-29 15:15:00,636.38,636.42,636.14,636.17,679009.0
2025-07-29 15:20:00,636.16,636.3089,635.77,635.9463,999473.0
2025-07-29 15:25:00,635.96,635.98,635.18,635.29,1209969.0
2025-07-29 15:30:00,635.29,635.75,635.11,635.565,815030.0
2025-07-29 15:35:00,635.57,635.62,635.3,635.302,572919.0
2025-07-29 15:40:00,635.31,635.37,634.69,635.13,919741.0
2025-07-29 15:45:00,635.128,635.96,635.12,635.86,828740.0
2025-07-29 15:50:00,635.84,636.1701,635.75,636.08,916969.0
2025-07-29 15:55:00,636.08,636.21,635.8716,635.885,467838.0
2025-07-29 16:00:00,635.88,636.04,635.69,635.94,583296.0
2025-07-30 09:30:00,635.76,635.76,635.61,635.61,621.0
2025-07-30 09:40:00,635.6,635.6,635.6,635.6,284.0
2025-07-30 09:45:00,635.64,635.66,635.64,635.66,965.0
2025-07-30 09:50:00,635.61,635.63,635.61,635.63,278.0
2025-07-30 09:55:00,635.65,635.98,635.65,635.98,2014.0
2025-07-30 10:00:00,636.05,636.09,635.97,635.97,7655.0
2025-07-30 10:05:00,635.94,636.01,635.94,635.94,3172.0
2025-07-30 10:10:00,635.98,636.1,635.98,636.04,1842.0
2025-07-30 10:15:00,636.06,636.06,636.01,636.01,255.0
2025-07-30 10:20:00,636.08,636.08,636.08,636.08,500.0
2025-07-30 10:25:00,635.9,635.96,635.9,635.96,796.0
2025-07-30 10:30:00,635.98,636.02,635.97,635.97,837.0
2025-07-30 10:35:00,635.94,636.09,635.94,636.09,2274.0
2025-07-30 10:40:00,636.07,636.08,636.04,636.08,2060.0
2025-07-30 10:45:00,636.05,636.1,636.05,636.1,1789.0
2025-07-30 10:50:00,636.0,636.01,635.96,635.99,2539.0
2025-07-30 10:55:00,636.01,636.11,636.01,636.11,834.0
2025-07-30 11:00:00,636.16,636.18,636.04,636.16,22825.0
2025-07-30 11:05:00,636.18,636.18,636.07,636.14,41445.0
2025-07-30 11:10:00,636.19,636.25,636.15,636.15,2919.0
2025-07-30 11:15:00,636.09,636.16,636.0,636.0,17586.0
2025-07-30 11:20:00,636.11,636.14,636.08,636.1,7126.0
2025-07-30 11:25:00,636.1,636.29,636.1,636.2,4314.0
2025-07-30 11:30:00,636.22,636.29,636.18,636.29,7614.0
2025-07-30 11:35:00,636.29,636.34,636.29,636.29,1527.0
2025-07-30 11:40:00,636.29,636.32,636.01,636.13,42969.0
2025-07-30 11:45:00,636.12,636.4,636.12,636.39,22661.0
2025-07-30 11:50:00,636.39,636.5,636.18,636.25,47984.0
2025-07-30 11:55:00,636.19,636.29,636.18,636.21,24689.0
2025-07-30 12:00:00,636.12,636.39,635.58,636.0699,62261.0
2025-07-30 12:05:00,636.05,636.08,635.51,635.57,33358.0
2025-07-30 12:10:00,635.55,636.01,635.37,635.94,42343.0
2025-07-30 12:15:00,635.94,636.23,635.67,635.87,28375.0
2025-07-30 12:20:00,635.85,635.88,635.67,635.87,21123.0
2025-07-30 12:25:00,635.86,636.03,635.7001,635.7203,36575.0
2025-07-30 12:30:00,635.9,636.37,635.64,635.84,102498.0
2025-07-30 12:35:00,635.85,636.04,635.5,636.0,57268.0
2025-07-30 12:40:00,636.03,636.11,635.92,635.97,29353.0
2025-07-30 12:45:00,635.93,636.11,635.8416,636.04,16499.0
2025-07-30 12:50:00,635.99,636.06,635.95,636.02,34778.0
2025-07-30 12:55:00,636.0286,636.12,635.86,635.86,22694.0
2025-07-30 13:00:00,635.83,635.88,635.63,635.64,95380.0
2025-07-30 13:05:00,635.61,635.77,635.54,635.77,25739.0
2025-07-30 13:10:00,635.72,635.76,635.61,635.74,18016.0
2025-07-30 13:15:00,635.74,635.92,635.69,635.87,12247.0
2025-07-30 13:20:00,635.84,635.9399,635.8,635.9,20534.0
2025-07-30 13:25:00,635.9,636.1,635.81,635.96,58962.0
2025-07-30 13:30:00,635.92,636.03,635.29,635.79,1581763.0
2025-07-30 13:35:00,635.8,636.05,635.64,635.795,736434.0
2025-07-30 13:40:00,635.8,636.03,635.5635,636.02,610908.0
2025-07-30 13:45:00,636.01,636.23,635.5,635.585,1197026.0
2025-07-30 13:50:00,635.585,635.63,635.31,635.5399,708836.0
2025-07-30 13:55:00,635.52,635.81,635.36,635.735,486405.0
2025-07-30 14:00:00,635.735,635.79,635.39,635.485,467187.0
2025-07-30 14:05:00,635.475,635.84,635.45,635.59,487120.0
2025-07-30 14:10:00,635.6,635.81,635.52,635.7047,346464.0
2025-07-30 14:15:00,635.71,636.17,635.685,636.15,595317.0
2025-07-30 14:20:00,636.15,636.665,636.03,636.565,760818.0
2025-07-30 14:25:00,636.56,636.5612,636.245,636.33,525421.0
2025-07-30 14:30:00,636.32,636.82,636.32,636.54,632306.0
2025-07-30 14:35:00,636.545,636.725,636.43,636.5548,366702.0
2025-07-30 14:40:00,636.56,636.62,636.44,636.4852,357906.0
2025-07-30 14:45:00,636.49,636.625,636.33,636.345,1025960.0
2025-07-30 14:50:00,636.35,636.61,636.24,636.47,527984.0
2025-07-30 14:55:00,636.455,636.585,636.195,636.24,461124.0
2025-07-30 15:00:00,636.23,636.36,635.83,635.86,556829.0
2025-07-30 15:05:00,635.85,635.93,635.6699,635.74,405714.0
2025-07-30 15:10:00,635.73,635.77,635.095,635.155,850748.0
2025-07-30 15:15:00,635.16,635.5199,635.0,635.3901,873136.0
2025-07-30 15:20:00,635.395,635.645,635.31,635.62,388046.0
2025-07-30 15:25:00,635.6101,635.68,635.235,635.315,462144.0
2025-07-30 15:30:00,635.32,635.45,635.09,635.23,387741.0
2025-07-30 15:35:00,635.21,635.515,635.21,635.34,340628.0
2025-07-30 15:40:00,635.355,635.72,635.32,635.6647,308508.0
2025-07-30 15:45:00,635.66,635.725,635.53,635.685,198834.0
2025-07-30 15:50:00,635.68,635.9,635.62,635.855,458657.0
2025-07-30 15:55:00,635.86,636.175,635.805,636.175,411419.0
2025-07-30 16:00:00,636.16,636.185,635.99,636.095,406886.0
2025-07-31 09:30:00,640.62,640.62,640.46,640.46,3079.0
2025-07-31 09:35:00,640.42,640.47,640.4,640.47,2872.0
2025-07-31 09:40:00,640.49,640.62,640.42,640.52,4295.0
2025-07-31 09:45:00,640.58,640.64,640.56,640.64,2607.0
2025-07-31 09:50:00,640.58,640.59,640.52,640.53,1266.0
2025-07-31 09:55:00,640.63,640.64,640.54,640.57,3407.0
2025-07-31 10:00:00,640.56,640.57,640.44,640.51,4246.0
2025-07-31 10:05:00,640.55,640.56,640.42,640.48,1071.0
2025-07-31 10:10:00,640.48,640.55,640.44,640.55,1948.0
2025-07-31 10:15:00,640.65,640.72,640.63,640.72,2140.0
2025-07-31 10:20:00,640.65,640.68,640.65,640.66,1958.0
2025-07-31 10:25:00,640.8,640.83,640.8,640.8,2470.0
2025-07-31 10:30:00,640.75,640.91,640.75,640.91,3532.0
2025-07-31 10:35:00,640.93,640.95,640.78,640.78,2590.0
2025-07-31 10:40:00,640.81,640.83,640.75,640.75,7510.0
2025-07-31 10:45:00,640.71,640.73,640.65,640.72,6161.0
2025-07-31 10:50:00,640.72,640.82,640.29,640.31,71767.0
2025-07-31 10:55:00,640.4,640.4,639.97,640.08,29681.0
2025-07-31 11:00:00,640.01,640.37,640.0,640.36,15395.0
2025-07-31 11:05:00,640.35,640.4,640.18,640.18,4066.0
2025-07-31 11:10:00,640.02,640.25,639.69,640.15,92667.0
2025-07-31 11:15:00,640.15,640.26,640.14,640.22,4199.0
2025-07-31 11:20:00,640.15,640.15,639.95,639.97,21512.0
2025-07-31 11:25:00,639.97,640.07,639.9,639.9,3979.0
2025-07-31 11:30:00,639.94,640.081,639.93,640.081,5752.0
2025-07-31 11:35:00,640.06,640.22,639.989,640.2,18498.0
2025-07-31 11:40:00,640.19,640.19,639.85,640.01,14724.0
2025-07-31 11:45:00,640.01,640.41,639.95,640.24,9998.0
2025-07-31 11:50:00,640.08,640.13,639.83,639.83,24568.0
2025-07-31 11:55:00,639.83,639.94,639.73,639.83,74335.0
2025-07-31 12:00:00,640.23,641.52,639.66,639.95,151901.0
2025-07-31 12:05:00,639.94,640.08,639.91,640.0104,11266.0
2025-07-31 12:10:00,640.06,640.32,640.04,640.2,32511.0
2025-07-31 12:15:00,640.14,640.24,639.99,640.1101,64872.0
2025-07-31 12:20:00,640.15,640.39,640.0,640.39,23768.0
2025-07-31 12:25:00,640.36,640.36,640.14,640.19,40775.0
2025-07-31 12:30:00,640.1,640.55,639.79,640.08,92044.0
2025-07-31 12:35:00,640.05,640.47,640.04,640.33,71718.0
2025-07-31 12:40:00,640.43,640.55,640.24,640.29,33799.0
2025-07-31 12:45:00,640.28,640.47,640.18,640.41,39019.0
2025-07-31 12:50:00,640.38,640.47,640.26,640.3,33354.0
2025-07-31 12:55:00,640.3596,640.5,640.27,640.38,47695.0
2025-07-31 13:00:00,640.34,640.39,640.2,640.34,46206.0
2025-07-31 13:05:00,640.31,640.34,640.19,640.19,21541.0
2025-07-31 13:10:00,640.19,640.21,640.06,640.07,42439.0
2025-07-31 13:15:00,640.07,640.1,639.62,639.66,82875.0
2025-07-31 13:20:00,639.64,639.89,639.58,639.75,69632.0
2025-07-31 13:25:00,639.7,639.86,639.4,639.47,152130.0
2025-07-31 13:30:00,639.455,639.75,638.4,639.15,3314735.0
2025-07-31 13:35:00,639.14,639.16,638.39,638.44,1931137.0
2025-07-31 13:40:00,638.43,638.465,637.82,638.135,1384390.0
2025-07-31 13:45:00,638.15,638.76,637.69,638.4907,1396458.0
2025-07-31 13:50:00,638.48,639.515,638.47,639.39,1540407.0
2025-07-31 13:55:00,639.39,639.85,639.29,639.34,1262422.0
2025-07-31 14:00:00,639.345,639.755,639.24,639.35,1021482.0
2025-07-31 14:05:00,639.34,639.809,639.22,639.505,928847.0
2025-07-31 14:10:00,639.5,639.54,638.86,639.3,1076255.0
2025-07-31 14:15:00,639.3,639.55,639.18,639.4,1219902.0
2025-07-31 14:20:00,639.44,639.44,638.665,639.1,1003261.0
2025-07-31 14:25:00,639.11,639.11,638.495,638.82,1003333.0
2025-07-31 14:30:00,638.81,639.15,638.43,638.52,884816.0
2025-07-31 14:35:00,638.5101,638.765,638.26,638.52,1003414.0
2025-07-31 14:40:00,638.52,638.59,638.16,638.43,750824.0
2025-07-31 14:45:00,638.42,638.46,637.79,638.05,906958.0
2025-07-31 14:50:00,638.04,638.15,637.13,637.265,1049515.0
2025-07-31 14:55:00,637.26,637.37,636.5099,636.61,1259837.0
2025-07-31 15:00:00,636.605,637.38,636.575,637.12,1146063.0
2025-07-31 15:05:00,637.15,637.33,636.48,636.56,629205.0
2025-07-31 15:10:00,636.54,636.62,635.54,635.54,1314181.0
2025-07-31 15:15:00,635.55,635.79,635.06,635.46,1327462.0
2025-07-31 15:20:00,635.45,636.06,635.315,635.455,986304.0
2025-07-31 15:25:00,635.44,636.34,635.39,636.19,685359.0
2025-07-31 15:30:00,636.19,636.88,636.11,636.58,861558.0
2025-07-31 15:35:00,636.55,637.13,636.51,637.13,571131.0
2025-07-31 15:40:00,637.12,637.4,637.04,637.35,836098.0
2025-07-31 15:45:00,637.34,637.4,636.98,637.01,624277.0
2025-07-31 15:50:00,637.01,637.26,636.855,637.14,499546.0
2025-07-31 15:55:00,637.14,637.55,637.1,637.54,437538.0
2025-07-31 16:00:00,637.55,637.7895,637.39,637.4,615912.0
2025-08-01 09:30:00,626.13,626.42,626.12,626.17,5238.0
2025-08-01 09:35:00,626.29,626.41,626.25,626.41,2029.0
2025-08-01 09:40:00,626.63,626.71,626.52,626.54,7225.0
2025-08-01 09:45:00,626.69,626.84,626.68,626.84,1054.0
2025-08-01 09:50:00,626.77,626.82,626.77,626.77,1901.0
2025-08-01 09:55:00,626.67,626.68,626.65,626.68,1829.0
2025-08-01 10:00:00,626.67,626.67,626.23,626.46,8510.0
2025-08-01 10:05:00,626.22,626.33,626.0,626.33,8422.0
2025-08-01 10:10:00,626.37,626.51,626.37,626.51,2870.0
2025-08-01 10:15:00,626.46,626.57,626.17,626.57,2877.0
2025-08-01 10:20:00,626.48,626.53,626.07,626.08,3631.0
2025-08-01 10:25:00,626.22,626.51,626.07,626.5,6105.0
2025-08-01 10:30:00,626.35,626.42,626.24,626.31,11520.0
2025-08-01 10:35:00,626.22,626.34,626.05,626.21,24633.0
2025-08-01 10:40:00,626.2,626.24,625.6,625.63,152489.0
2025-08-01 10:45:00,625.71,625.97,625.35,625.36,87385.0
2025-08-01 10:50:00,625.5,625.6,624.91,625.05,27806.0
2025-08-01 10:55:00,624.89,625.36,624.83,625.17,25918.0
2025-08-01 11:00:00,625.36,625.58,625.2,625.44,35802.0
2025-08-01 11:05:00,625.54,625.88,625.54,625.88,41329.0
2025-08-01 11:10:00,625.89,626.4,625.89,626.24,50800.0
2025-08-01 11:15:00,626.28,626.49,626.24,626.41,34152.0
2025-08-01 11:20:00,626.22,626.52,626.18,626.32,29513.0
2025-08-01 11:25:00,626.37,626.5,626.341,626.37,11011.0
2025-08-01 11:30:00,626.28,626.54,626.26,626.34,11427.0
2025-08-01 11:35:00,626.4,626.63,626.36,626.6,16814.0
2025-08-01 11:40:00,626.49,626.69,626.49,626.619,12579.0
2025-08-01 11:45:00,626.62,627.0,626.6,626.68,17550.0
2025-08-01 11:50:00,626.48,626.78,626.48,626.67,32714.0
2025-08-01 11:55:00,626.64,626.95,626.6,626.87,41507.0
2025-08-01 12:00:00,625.38,631.64,624.8696,626.97,299099.0
2025-08-01 12:05:00,626.96,627.0,626.81,626.8501,23486.0
2025-08-01 12:10:00,626.89,627.2,626.79,626.89,57918.0
2025-08-01 12:15:00,626.92,626.95,626.54,626.69,85072.0
2025-08-01 12:20:00,626.7,626.9597,626.6,626.9597,27955.0
2025-08-01 12:25:00,626.84,627.0,626.57,626.95,75470.0
2025-08-01 12:30:00,626.53,627.1,625.4,625.51,484883.0
2025-08-01 12:35:00,625.5,626.87,625.48,626.74,393755.0
2025-08-01 12:40:00,626.74,628.2,626.71,627.71,231100.0
2025-08-01 12:45:00,627.59,627.59,626.72,626.77,136906.0
2025-08-01 12:50:00,626.76,626.9,626.38,626.5901,166521.0
2025-08-01 12:55:00,626.57,626.7,625.8,625.84,149997.0
2025-08-01 13:00:00,625.95,626.64,625.95,626.18,107618.0
2025-08-01 13:05:00,626.18,626.43,625.88,626.0,86827.0
2025-08-01 13:10:00,626.01,626.28,625.6,625.64,85030.0
2025-08-01 13:15:00,625.7,626.0,625.55,625.96,117234.0
2025-08-01 13:20:00,625.95,625.95,625.5,625.7,85819.0
2025-08-01 13:25:00,625.64,626.32,625.3,626.31,156832.0
2025-08-01 13:30:00,626.3,626.34,624.12,624.315,3430005.0
2025-08-01 13:35:00,624.315,624.59,623.71,623.7601,2251410.0
2025-08-01 13:40:00,623.75,623.75,622.26,622.282,2207345.0
2025-08-01 13:45:00,622.31,622.585,621.31,621.32,2432812.0
2025-08-01 13:50:00,621.32,621.97,621.1,621.56,2449912.0
2025-08-01 13:55:00,621.57,622.15,621.29,621.4815,1956972.0
2025-08-01 14:00:00,621.53,621.53,619.65,621.03,2937195.0
2025-08-01 14:05:00,621.05,621.485,620.148,621.35,2464746.0
2025-08-01 14:10:00,621.35,622.56,621.3,621.94,2014448.0
2025-08-01 14:15:00,621.9,622.93,621.86,622.5,1585777.0
2025-08-01 14:20:00,622.51,623.165,622.06,623.08,1977488.0
2025-08-01 14:25:00,623.05,623.52,622.64,623.37,1283452.0
2025-08-01 14:30:00,623.37,624.07,623.1,623.83,2001280.0
2025-08-01 14:35:00,623.82,623.995,622.94,623.04,1873268.0
2025-08-01 14:40:00,623.04,623.32,622.23,622.41,1732605.0
2025-08-01 14:45:00,622.4,623.75,622.12,622.41,1930163.0
2025-08-01 14:50:00,622.4,622.67,621.81,622.21,1229651.0
2025-08-01 14:55:00,622.23,622.73,621.78,621.96,1325438.0
2025-08-01 15:00:00,621.96,622.375,621.45,621.97,1258341.0
2025-08-01 15:05:00,621.97,622.6,621.9,622.275,1147436.0
2025-08-01 15:10:00,622.27,622.9793,621.96,622.16,1229786.0
2025-08-01 15:15:00,622.15,622.92,621.945,622.14,1037071.0
2025-08-01 15:20:00,622.13,622.56,621.54,621.6,1231171.0
2025-08-01 15:25:00,621.6,621.8951,621.39,621.51,1138547.0
2025-08-01 15:30:00,621.51,621.95,621.38,621.5,1234893.0
2025-08-01 15:35:00,621.51,622.715,621.415,622.64,1117939.0
2025-08-01 15:40:00,622.64,623.63,622.56,623.61,1275819.0
2025-08-01 15:45:00,623.62,624.01,623.36,623.75,1240001.0
2025-08-01 15:50:00,623.77,623.89,623.38,623.73,880178.0
2025-08-01 15:55:00,623.72,624.035,623.4701,624.0,893989.0
2025-08-01 16:00:00,624.0,624.68,623.88,624.667,1220703.0
2025-08-04 09:30:00,626.09,626.23,626.04,626.23,4944.0
2025-08-04 09:35:00,626.19,626.32,626.15,626.32,4072.0
2025-08-04 09:40:00,626.29,626.33,626.22,626.22,3257.0
2025-08-04 09:45:00,626.18,626.18,625.84,625.95,7493.0
2025-08-04 09:50:00,625.8,625.96,625.79,625.92,3400.0
2025-08-04 09:55:00,625.94,625.94,625.75,625.78,1618.0
2025-08-04 10:00:00,625.75,625.85,625.73,625.85,8864.0
2025-08-04 10:05:00,625.88,625.93,625.84,625.91,5139.0
2025-08-04 10:10:00,625.99,626.03,625.91,625.91,2100.0
2025-08-04 10:15:00,625.85,625.85,625.73,625.75,2340.0
2025-08-04 10:20:00,625.82,625.94,625.82,625.88,2421.0
2025-08-04 10:25:00,625.9,625.93,625.86,625.88,4033.0
2025-08-04 10:30:00,625.88,626.0,625.88,626.0,2015.0
2025-08-04 10:35:00,625.99,626.01,625.62,625.67,6578.0
2025-08-04 10:40:00,625.62,625.96,625.62,625.77,8168.0
2025-08-04 10:45:00,625.71,625.71,625.51,625.53,21425.0
2025-08-04 10:50:00,625.56,625.7,625.4,625.4,42331.0
2025-08-04 10:55:00,625.41,625.5,625.37,625.5,21304.0
2025-08-04 11:00:00,625.5,625.5,624.99,625.05,21940.0
2025-08-04 11:05:00,625.01,625.14,624.82,625.13,16790.0
2025-08-04 11:10:00,625.13,625.22,624.84,624.98,8897.0
2025-08-04 11:15:00,624.98,625.081,624.92,624.94,4001.0
2025-08-04 11:20:00,624.94,625.11,624.88,624.99,21905.0
2025-08-04 11:25:00,624.99,625.41,624.99,625.34,12686.0
2025-08-04 11:30:00,625.42,625.68,625.4,625.45,16660.0
2025-08-04 11:35:00,625.46,625.54,625.37,625.44,25746.0
2025-08-04 11:40:00,625.47,625.51,625.39,625.41,29927.0
2025-08-04 11:45:00,625.4,625.49,625.21,625.21,25116.0
2025-08-04 11:50:00,625.21,625.35,625.15,625.21,7823.0
2025-08-04 11:55:00,625.15,625.15,624.93,625.0,31066.0
2025-08-04 12:00:00,625.04,626.1304,623.7,625.15,94126.0
2025-08-04 12:05:00,625.11,625.11,624.86,624.99,28310.0
2025-08-04 12:10:00,625.014,625.18,624.96,625.1,31638.0
2025-08-04 12:15:00,625.1,625.35,624.99,625.28,25064.0
2025-08-04 12:20:00,625.27,625.57,625.27,625.46,34821.0
2025-08-04 12:25:00,625.56,625.74,625.53,625.67,30654.0
2025-08-04 12:30:00,625.65,625.86,625.64,625.66,54126.0
2025-08-04 12:35:00,625.72,625.8,625.6,625.68,36062.0
2025-08-04 12:40:00,625.67,625.73,625.37,625.4,26866.0
2025-08-04 12:45:00,625.47,625.49,625.26,625.36,19727.0
2025-08-04 12:50:00,625.37,625.41,625.23,625.29,33076.0
2025-08-04 12:55:00,625.32,625.47,625.32,625.38,21552.0
2025-08-04 13:00:00,625.4,625.49,625.24,625.45,41919.0
2025-08-04 13:05:00,625.45,625.49,625.3,625.37,28086.0
2025-08-04 13:10:00,625.35,625.56,625.32,625.37,25376.0
2025-08-04 13:15:00,625.36,625.55,625.36,625.51,18051.0
2025-08-04 13:20:00,625.51,625.5999,625.3403,625.51,27894.0
2025-08-04 13:25:00,625.53,625.75,625.43,625.7,98736.0
2025-08-04 13:30:00,625.67,626.9,625.58,626.89,2229439.0
2025-08-04 13:35:00,626.89,627.585,626.79,627.36,2160555.0
2025-08-04 13:40:00,627.37,627.9,627.07,627.775,1530156.0
2025-08-04 13:45:00,627.77,628.57,627.77,628.35,1524066.0
2025-08-04 13:50:00,628.35,628.49,627.87,628.4601,1247727.0
2025-08-04 13:55:00,628.47,629.205,628.32,629.01,1257112.0
2025-08-04 14:00:00,629.01,629.34,628.91,629.03,1192249.0
2025-08-04 14:05:00,629.04,629.165,628.47,628.495,1021227.0
2025-08-04 14:10:00,628.51,629.065,628.27,629.06,832645.0
2025-08-04 14:15:00,629.07,629.39,628.97,629.055,827446.0
2025-08-04 14:20:00,629.05,629.28,628.935,629.115,688564.0
2025-08-04 14:25:00,629.11,629.53,628.87,629.4,721274.0
2025-08-04 14:30:00,629.41,629.45,628.9,629.12,905313.0
2025-08-04 14:35:00,629.13,629.33,628.98,629.26,651110.0
2025-08-04 14:40:00,629.26,629.27,628.61,628.7,943410.0
2025-08-04 14:45:00,628.7,629.7,628.46,629.52,1131412.0
2025-08-04 14:50:00,629.54,629.61,628.59,628.89,1176410.0
2025-08-04 14:55:00,628.9,629.18,628.76,629.18,787633.0
2025-08-04 15:00:00,629.19,629.49,628.69,629.26,728893.0
2025-08-04 15:05:00,629.25,629.37,628.965,629.33,624930.0
2025-08-04 15:10:00,629.34,629.56,629.175,629.445,650618.0
2025-08-04 15:15:00,629.4501,629.48,628.835,628.96,772389.0
2025-08-04 15:20:00,628.97,629.12,628.65,629.06,630922.0
2025-08-04 15:25:00,629.07,629.34,628.98,629.0,643350.0
2025-08-04 15:30:00,628.99,629.35,628.84,629.2398,783084.0
2025-08-04 15:35:00,629.24,629.4395,629.1,629.16,615702.0
2025-08-04 15:40:00,629.19,629.23,628.59,628.9,787913.0
2025-08-04 15:45:00,628.905,629.19,628.765,629.165,485739.0
2025-08-04 15:50:00,629.14,629.53,629.0399,629.515,624219.0
2025-08-04 15:55:00,629.52,630.05,629.48,629.87,822004.0
2025-08-04 16:00:00,629.86,630.17,629.64,629.785,697391.0
2025-08-05 09:30:00,631.8,631.96,631.8,631.94,6639.0
2025-08-05 09:35:00,631.97,632.27,631.97,632.21,11714.0
2025-08-05 09:40:00,632.2,632.21,632.11,632.11,4315.0
2025-08-05 09:45:00,632.0,632.01,631.98,631.98,2069.0
2025-08-05 09:50:00,631.94,631.96,631.85,631.85,5340.0
2025-08-05 09:55:00,631.84,631.96,631.84,631.96,1020.0
2025-08-05 10:00:00,632.1,632.13,632.05,632.06,2698.0
2025-08-05 10:05:00,632.2,632.61,632.2,632.55,7216.0
2025-08-05 10:10:00,632.5,632.56,632.45,632.51,4407.0
2025-08-05 10:15:00,632.49,632.6,632.47,632.51,2778.0
2025-08-05 10:20:00,632.51,632.55,632.47,632.52,4693.0
2025-08-05 10:25:00,632.52,632.85,632.52,632.64,8937.0
2025-08-05 10:30:00,632.69,632.69,632.35,632.44,3387.0
2025-08-05 10:35:00,632.48,632.51,632.35,632.45,2654.0
2025-08-05 10:40:00,632.41,632.62,632.41,632.62,1266.0
2025-08-05 10:45:00,632.61,632.68,632.58,632.68,2234.0
2025-08-05 10:50:00,632.7,632.79,632.69,632.74,4486.0
2025-08-05 10:55:00,632.87,632.87,632.67,632.73,3007.0
2025-08-05 11:00:00,632.7,632.73,632.57,632.66,12346.0
2025-08-05 11:05:00,632.65,632.81,632.58,632.789,24410.0
2025-08-05 11:10:00,632.75,632.86,632.731,632.75,15256.0
2025-08-05 11:15:00,632.75,632.82,632.7,632.82,5395.0
2025-08-05 11:20:00,632.78,632.8,632.66,632.73,7146.0
2025-08-05 11:25:00,632.75,632.75,632.11,632.45,64830.0
2025-08-05 11:30:00,632.44,632.45,632.15,632.45,34988.0
2025-08-05 11:35:00,632.5,632.61,632.33,632.38,8243.0
2025-08-05 11:40:00,632.39,632.61,632.351,632.6,4721.0
2025-08-05 11:45:00,632.56,632.88,632.56,632.72,17650.0
2025-08-05 11:50:00,632.63,632.73,632.52,632.73,11018.0
2025-08-05 11:55:00,632.7,632.71,632.61,632.65,9743.0
2025-08-05 12:00:00,632.67,633.1,631.62,632.65,71803.0
2025-08-05 12:05:00,632.65,632.65,632.5101,632.614,6963.0
2025-08-05 12:10:00,632.62,633.07,632.51,632.96,34981.0
2025-08-05 12:15:00,632.98,632.98,631.76,632.37,79551.0
2025-08-05 12:20:00,632.35,632.5,631.94,632.35,87401.0
2025-08-05 12:25:00,632.34,632.41,631.96,632.17,41157.0
2025-08-05 12:30:00,632.13,632.17,631.8115,631.97,36226.0
2025-08-05 12:35:00,632.03,632.14,631.95,632.03,26262.0
2025-08-05 12:40:00,632.01,632.15,631.99,632.07,34933.0
2025-08-05 12:45:00,632.07,632.26,631.81,631.93,99161.0
2025-08-05 12:50:00,631.92,632.07,631.79,631.85,43929.0
2025-08-05 12:55:00,631.84,631.9,631.77,631.86,33730.0
2025-08-05 13:00:00,631.86,632.04,631.68,631.7,46325.0
2025-08-05 13:05:00,631.71,631.79,631.6,631.6,35759.0
2025-08-05 13:10:00,631.6,631.71,631.5,631.51,70062.0
2025-08-05 13:15:00,631.5,631.9,631.48,631.84,39797.0
2025-08-05 13:20:00,631.85,631.85,631.55,631.58,45374.0
2025-08-05 13:25:00,631.51,631.86,631.43,631.78,86301.0
2025-08-05 13:30:00,631.79,632.09,631.22,631.29,1375120.0
2025-08-05 13:35:00,631.29,632.28,631.28,632.06,1364586.0
2025-08-05 13:40:00,632.075,632.3,631.83,631.95,968425.0
2025-08-05 13:45:00,631.99,632.6052,631.97,632.265,764056.0
2025-08-05 13:50:00,632.27,632.33,631.9,632.29,941858.0
2025-08-05 13:55:00,632.3,632.3019,631.59,631.9,870436.0
2025-08-05 14:00:00,631.63,631.85,630.69,630.71,1329845.0
2025-08-05 14:05:00,630.7,631.02,630.28,630.795,993213.0
2025-08-05 14:10:00,630.809,631.11,630.28,630.355,951614.0
2025-08-05 14:15:00,630.35,630.62,629.9019,630.28,955226.0
2025-08-05 14:20:00,630.285,630.285,629.53,629.535,1057770.0
2025-08-05 14:25:00,629.54,629.88,629.19,629.859,1053619.0
2025-08-05 14:30:00,629.865,629.865,629.05,629.075,1025662.0
2025-08-05 14:35:00,629.06,629.1,628.505,628.61,1115520.0
2025-08-05 14:40:00,628.61,628.98,627.635,627.82,1537720.0
2025-08-05 14:45:00,627.81,627.92,627.0639,627.0639,1929679.0
2025-08-05 14:50:00,627.05,627.87,627.04,627.33,1519839.0
2025-08-05 14:55:00,627.32,628.015,627.27,627.91,1132192.0
2025-08-05 15:00:00,627.915,628.445,627.43,628.2,1064650.0
2025-08-05 15:05:00,628.19,628.61,628.19,628.37,857560.0
2025-08-05 15:10:00,628.37,628.67,627.73,628.56,1093087.0
2025-08-05 15:15:00,628.56,628.67,627.95,628.195,843619.0
2025-08-05 15:20:00,628.2,628.585,627.765,627.98,677853.0
2025-08-05 15:25:00,627.99,628.2199,627.79,628.01,611587.0
2025-08-05 15:30:00,627.98,628.395,627.83,627.955,692177.0
2025-08-05 15:35:00,627.94,627.965,627.175,627.53,1021229.0
2025-08-05 15:40:00,627.53,627.78,627.16,627.69,625812.0
2025-08-05 15:45:00,627.62,628.175,627.5,627.6012,558701.0
2025-08-05 15:50:00,627.6,627.82,627.26,627.77,601443.0
2025-08-05 15:55:00,627.77,628.14,627.715,628.09,412627.0
2025-08-05 16:00:00,628.075,628.38,627.96,628.35,553504.0
2025-08-06 09:30:00,629.81,629.86,629.75,629.8,2594.0
2025-08-06 09:35:00,629.71,629.71,629.51,629.66,7827.0
2025-08-06 09:40:00,629.59,629.61,629.49,629.53,2256.0
2025-08-06 09:45:00,629.49,629.49,629.36,629.45,2796.0
2025-08-06 09:50:00,629.47,629.57,629.47,629.57,808.0
2025-08-06 09:55:00,629.52,629.6,629.3,629.58,2860.0
2025-08-06 10:00:00,629.42,629.5,629.25,629.25,1270.0
2025-08-06 10:05:00,629.28,629.28,629.18,629.21,2506.0
2025-08-06 10:10:00,629.49,629.87,629.49,629.87,3067.0
2025-08-06 10:15:00,629.79,629.87,629.45,629.45,10181.0
2025-08-06 10:20:00,629.41,629.59,629.17,629.48,2525.0
2025-08-06 10:25:00,629.44,629.72,629.36,629.72,4254.0
2025-08-06 10:30:00,629.54,629.54,629.54,629.54,278.0
2025-08-06 10:35:00,629.66,629.66,629.63,629.64,561.0
2025-08-06 10:40:00,629.56,629.56,629.19,629.19,5999.0
2025-08-06 10:45:00,629.14,629.15,628.82,628.85,5269.0
2025-08-06 10:50:00,628.82,629.32,628.82,629.29,3873.0
2025-08-06 10:55:00,629.38,629.54,629.38,629.54,2770.0
2025-08-06 11:00:00,629.5,629.8,629.25,629.72,12665.0
2025-08-06 11:05:00,629.62,629.65,629.4,629.65,6005.0
2025-08-06 11:10:00,629.74,629.86,629.42,629.6,12846.0
2025-08-06 11:15:00,629.52,629.63,629.47,629.5,3760.0
2025-08-06 11:20:00,629.57,629.6,629.51,629.6,2006.0
2025-08-06 11:25:00,629.5,629.51,629.33,629.5,4455.0
2025-08-06 11:30:00,629.56,629.84,629.56,629.65,8011.0
2025-08-06 11:35:00,629.6,629.69,629.5,629.54,5423.0
2025-08-06 11:40:00,629.57,629.67,629.42,629.67,2419.0
2025-08-06 11:45:00,629.62,629.7,629.57,629.7,493.0
2025-08-06 11:50:00,629.6,629.67,629.45,629.52,3670.0
2025-08-06 11:55:00,629.5,629.55,629.37,629.47,4349.0
2025-08-06 12:00:00,629.56,631.25,629.11,629.14,71231.0
2025-08-06 12:05:00,629.09,629.09,628.84,628.96,17836.0
2025-08-06 12:10:00,628.96,628.97,628.73,628.78,29043.0
2025-08-06 12:15:00,628.74,629.24,628.71,629.24,37800.0
2025-08-06 12:20:00,629.28,629.5578,629.25,629.34,28312.0
2025-08-06 12:25:00,629.32,629.32,628.9301,628.95,25251.0
2025-08-06 12:30:00,628.9,629.27,628.82,629.19,27122.0
2025-08-06 12:35:00,629.27,629.35,629.08,629.08,10965.0
2025-08-06 12:40:00,629.149,629.29,629.09,629.22,10933.0
2025-08-06 12:45:00,629.2,629.4,629.17,629.399,24909.0
2025-08-06 12:50:00,629.4,629.45,629.11,629.3,44279.0
2025-08-06 12:55:00,629.4,629.53,629.34,629.46,19468.0
2025-08-06 13:00:00,629.46,629.54,629.38,629.47,38398.0
2025-08-06 13:05:00,629.47,629.65,629.4,629.52,30651.0
2025-08-06 13:10:00,629.57,629.82,629.57,629.82,24026.0
2025-08-06 13:15:00,629.78,629.84,629.71,629.71,14255.0
2025-08-06 13:20:00,629.71,629.78,629.27,629.3,32126.0
2025-08-06 13:25:00,629.3,629.38,629.04,629.1,53477.0
2025-08-06 13:30:00,629.05,629.41,628.425,629.4,1535224.0
2025-08-06 13:35:00,629.41,629.45,628.315,628.44,1231165.0
2025-08-06 13:40:00,628.445,629.07,628.27,629.065,948608.0
2025-08-06 13:45:00,629.035,629.65,628.77,629.301,1064083.0
2025-08-06 13:50:00,629.3,629.78,628.47,629.69,916083.0
2025-08-06 13:55:00,629.6845,629.98,628.88,628.93,1159053.0
2025-08-06 14:00:00,628.92,630.29,628.82,630.29,1059889.0
2025-08-06 14:05:00,630.3,630.61,630.12,630.56,794930.0
2025-08-06 14:10:00,630.56,630.56,629.445,629.45,743754.0
2025-08-06 14:15:00,629.46,629.78,629.08,629.3495,626722.0
2025-08-06 14:20:00,629.36,629.595,628.13,628.38,986780.0
2025-08-06 14:25:00,628.4,628.94,628.14,628.795,872581.0
2025-08-06 14:30:00,628.795,628.99,628.38,628.88,558292.0
2025-08-06 14:35:00,628.88,630.03,628.78,629.91,852055.0
2025-08-06 14:40:00,629.87,630.24,629.72,630.08,1034721.0
2025-08-06 14:45:00,630.1,630.4301,629.98,630.11,547186.0
2025-08-06 14:50:00,630.11,630.6,629.855,630.585,656687.0
2025-08-06 14:55:00,630.58,631.01,630.58,630.885,910568.0
2025-08-06 15:00:00,630.88,630.995,630.595,630.6694,691110.0
2025-08-06 15:05:00,630.66,630.84,630.44,630.8099,609217.0
2025-08-06 15:10:00,630.81,631.0,630.41,630.92,774442.0
2025-08-06 15:15:00,630.9299,631.355,630.87,631.24,727801.0
2025-08-06 15:20:00,631.24,631.7,631.19,631.59,989964.0
2025-08-06 15:25:00,631.58,632.05,631.53,631.927,799377.0
2025-08-06 15:30:00,631.91,632.4181,631.89,632.245,985422.0
2025-08-06 15:35:00,632.25,632.35,631.55,631.71,1251737.0
2025-08-06 15:40:00,631.73,632.15,631.16,632.0799,1147368.0
2025-08-06 15:45:00,632.08,632.37,632.04,632.275,1299782.0
2025-08-06 15:50:00,632.27,632.9104,632.24,632.765,801922.0
2025-08-06 15:55:00,632.77,632.8884,632.605,632.66,487126.0
2025-08-06 16:00:00,632.67,632.8,632.405,632.77,635776.0
2025-08-07 09:30:00,636.78,637.09,636.71,636.88,30688.0
2025-08-07 09:35:00,636.76,636.78,636.68,636.68,6968.0
2025-08-07 09:40:00,636.63,636.93,636.63,636.93,7030.0
2025-08-07 09:45:00,636.97,637.1,636.97,636.98,4694.0
2025-08-07 09:50:00,636.96,637.36,636.96,637.24,10248.0
2025-08-07 09:55:00,637.33,637.5,637.33,637.35,9765.0
2025-08-07 10:00:00,637.32,637.55,637.32,637.55,5677.0
2025-08-07 10:05:00,637.6,637.62,637.5,637.55,4454.0
2025-08-07 10:10:00,637.6,637.79,637.49,637.71,8649.0
2025-08-07 10:15:00,637.88,638.18,637.88,638.18,28522.0
2025-08-07 10:20:00,638.07,638.18,637.56,637.56,16325.0
2025-08-07 10:25:00,637.56,637.56,637.26,637.28,14277.0
2025-08-07 10:30:00,637.2,637.2,636.73,636.91,12207.0
2025-08-07 10:35:00,636.96,637.17,636.96,637.17,9409.0
2025-08-07 10:40:00,637.13,637.13,636.8,636.85,4217.0
2025-08-07 10:45:00,637.01,637.12,636.97,637.02,12514.0
2025-08-07 10:50:00,637.0,637.01,636.95,636.96,3626.0
2025-08-07 10:55:00,637.02,637.06,636.76,636.77,5384.0
2025-08-07 11:00:00,636.76,637.28,636.76,636.8,15737.0
2025-08-07 11:05:00,636.85,636.86,636.6,636.75,17614.0
2025-08-07 11:10:00,636.67,636.7,636.55,636.55,3850.0
2025-08-07 11:15:00,636.62,636.92,636.62,636.92,12379.0
2025-08-07 11:20:00,636.97,636.99,636.72,636.72,14092.0
2025-08-07 11:25:00,636.8,636.82,636.68,636.79,6283.0
2025-08-07 11:30:00,636.71,636.79,636.41,636.42,9908.0
2025-08-07 11:35:00,636.41,636.41,636.17,636.25,22253.0
2025-08-07 11:40:00,636.25,636.6,636.25,636.48,6719.0
2025-08-07 11:45:00,636.46,636.55,636.43,636.44,5957.0
2025-08-07 11:50:00,636.37,636.5,636.18,636.35,15195.0
2025-08-07 11:55:00,636.31,636.4,636.26,636.29,22566.0
2025-08-07 12:00:00,636.75,638.14,633.92,636.16,80992.0
2025-08-07 12:05:00,636.15,636.44,636.11,636.39,17005.0
2025-08-07 12:10:00,636.33,636.38,636.18,636.34,24568.0
2025-08-07 12:15:00,636.36,636.63,636.36,636.58,20172.0
2025-08-07 12:20:00,636.55,636.6,636.39,636.41,31631.0
2025-08-07 12:25:00,636.36,636.46,636.18,636.3,43681.0
2025-08-07 12:30:00,636.29,636.87,636.11,636.45,105183.0
2025-08-07 12:35:00,636.46,636.699,636.29,636.36,56829.0
2025-08-07 12:40:00,636.35,636.47,636.28,636.36,57574.0
2025-08-07 12:45:00,636.3,636.63,636.3,636.46,73382.0
2025-08-07 12:50:00,636.44,636.71,636.2601,636.65,32063.0
2025-08-07 12:55:00,636.64,636.6999,636.25,636.35,59885.0
2025-08-07 13:00:00,636.37,636.66,636.35,636.66,29289.0
2025-08-07 13:05:00,636.67,636.73,636.55,636.73,41369.0
2025-08-07 13:10:00,636.73,636.8,636.54,636.59,14074.0
2025-08-07 13:15:00,636.57,636.76,636.45,636.7,28506.0
2025-08-07 13:20:00,636.6716,636.7298,632.93,636.63,37289.0
2025-08-07 13:25:00,636.54,636.61,636.0,636.25,125105.0
2025-08-07 13:30:00,636.24,636.93,635.7,636.71,2094336.0
2025-08-07 13:35:00,636.7,636.74,636.12,636.7101,1175088.0
2025-08-07 13:40:00,636.73,636.98,635.96,636.2,1291261.0
2025-08-07 13:45:00,636.2,636.27,635.2999,635.71,1103675.0
2025-08-07 13:50:00,635.73,636.12,635.59,635.68,963566.0
2025-08-07 13:55:00,635.68,636.55,635.46,636.48,1103415.0
2025-08-07 14:00:00,636.49,636.82,635.81,635.81,1014525.0
2025-08-07 14:05:00,635.81,636.03,634.92,634.95,1413580.0
2025-08-07 14:10:00,634.92,635.02,634.34,634.685,1407910.0
2025-08-07 14:15:00,634.68,634.745,634.12,634.38,832383.0
2025-08-07 14:20:00,634.38,634.55,633.39,633.4899,922411.0
2025-08-07 14:25:00,633.475,633.86,633.12,633.82,1643043.0
2025-08-07 14:30:00,633.81,633.86,633.26,633.705,970110.0
2025-08-07 14:35:00,633.72,633.99,633.3046,633.93,908735.0
2025-08-07 14:40:00,633.93,634.03,633.53,633.9965,715480.0
2025-08-07 14:45:00,633.99,634.235,632.915,633.645,1137687.0
2025-08-07 14:50:00,633.625,633.67,632.75,632.99,810538.0
2025-08-07 14:55:00,632.98,633.0,632.39,632.72,923138.0
2025-08-07 15:00:00,632.73,633.14,632.21,632.53,847470.0
2025-08-07 15:05:00,632.52,632.77,632.315,632.475,978223.0
2025-08-07 15:10:00,632.49,632.905,632.0901,632.1851,1111579.0
2025-08-07 15:15:00,632.17,632.855,631.82,632.63,915086.0
2025-08-07 15:20:00,632.63,633.055,632.61,632.91,672870.0
2025-08-07 15:25:00,632.9,633.0,631.76,631.9699,827379.0
2025-08-07 15:30:00,631.97,632.44,631.61,631.8899,736010.0
2025-08-07 15:35:00,631.88,632.24,631.67,631.94,675121.0
2025-08-07 15:40:00,631.935,632.0384,631.645,631.795,447895.0
2025-08-07 15:45:00,631.78,631.94,631.35,631.37,870394.0
2025-08-07 15:50:00,631.38,632.2,631.36,632.17,745460.0
2025-08-07 15:55:00,632.17,632.29,631.87,631.8946,502471.0
2025-08-07 16:00:00,631.86,632.06,631.1316,631.755,684941.0
2025-08-08 09:30:00,634.12,634.15,634.12,634.15,859.0
2025-08-08 09:35:00,634.04,634.09,634.04,634.09,1048.0
2025-08-08 09:40:00,634.1,634.1,634.0,634.0,408.0
2025-08-08 09:45:00,634.1,634.1,634.1,634.1,105.0
2025-08-08 09:50:00,634.18,634.23,634.12,634.12,1990.0
2025-08-08 09:55:00,634.12,634.16,634.12,634.16,619.0
2025-08-08 10:00:00,634.24,634.45,634.24,634.45,4197.0
2025-08-08 10:05:00,634.47,634.48,634.31,634.34,877.0
2025-08-08 10:10:00,634.3,634.33,634.29,634.33,2140.0
2025-08-08 10:15:00,634.27,634.28,634.24,634.26,2801.0
2025-08-08 10:20:00,634.2,634.23,634.2,634.21,1370.0
2025-08-08 10:25:00,634.23,634.26,634.2,634.26,999.0
2025-08-08 10:30:00,634.27,634.33,634.25,634.33,3117.0
2025-08-08 10:35:00,634.31,634.42,634.31,634.42,1874.0
2025-08-08 10:45:00,634.47,634.48,634.39,634.39,620.0
2025-08-08 10:50:00,634.41,634.41,634.35,634.35,801.0
2025-08-08 10:55:00,634.4,634.43,634.38,634.38,1602.0
2025-08-08 11:00:00,634.37,634.5,634.24,634.24,9855.0
2025-08-08 11:05:00,634.29,634.4,634.27,634.34,6113.0
2025-08-08 11:10:00,634.4,634.57,634.34,634.51,15145.0
2025-08-08 11:15:00,634.52,634.72,634.52,634.6,15746.0
2025-08-08 11:20:00,634.59,634.61,634.47,634.47,8210.0
2025-08-08 11:25:00,634.5,634.54,634.48,634.52,2002.0
2025-08-08 11:30:00,634.511,634.59,634.4,634.59,97679.0
2025-08-08 11:35:00,634.6,634.66,634.6,634.66,6229.0
2025-08-08 11:40:00,634.65,634.67,634.6,634.63,4091.0
2025-08-08 11:45:00,634.7,634.73,634.7,634.72,4728.0
2025-08-08 11:50:00,634.65,634.68,634.61,634.68,4733.0
2025-08-08 11:55:00,634.71,634.73,634.66,634.66,38151.0
2025-08-08 12:00:00,634.26,634.74,633.0,634.54,60685.0
2025-08-08 12:05:00,634.51,634.51,634.29,634.3,20865.0
2025-08-08 12:10:00,634.3,634.34,634.06,634.13,28154.0
2025-08-08 12:15:00,634.09,634.12,633.77,633.7881,23462.0
2025-08-08 12:20:00,633.77,633.84,633.48,633.8,63762.0
2025-08-08 12:25:00,633.77,634.0,633.65,633.8,26821.0
2025-08-08 12:30:00,633.83,633.9,633.71,633.8399,32819.0
2025-08-08 12:35:00,633.81,633.8199,633.65,633.72,16182.0
2025-08-08 12:40:00,633.77,634.02,633.62,633.92,11128.0
2025-08-08 12:45:00,633.92,634.02,633.9,634.02,11691.0
2025-08-08 12:50:00,634.03,634.07,633.72,633.7501,12313.0
2025-08-08 12:55:00,633.77,633.89,633.65,633.74,9675.0
2025-08-08 13:00:00,633.75,634.04,633.75,633.81,16936.0
2025-08-08 13:05:00,633.75,633.75,633.52,633.68,18217.0
2025-08-08 13:10:00,633.71,633.8,633.58,633.7687,13482.0
2025-08-08 13:15:00,633.75,633.9,633.75,633.86,18037.0
2025-08-08 13:20:00,633.89,634.0,631.3,633.89,19017.0
2025-08-08 13:25:00,633.97,634.13,633.9509,634.09,42199.0
2025-08-08 13:30:00,634.06,634.565,633.74,634.1,1765873.0
2025-08-08 13:35:00,634.1,634.47,633.95,634.3,881764.0
2025-08-08 13:40:00,634.31,634.8,634.085,634.64,790722.0
2025-08-08 13:45:00,634.64,635.5,634.64,635.28,1404666.0
2025-08-08 13:50:00,635.29,635.72,634.99,635.43,1019800.0
2025-08-08 13:55:00,635.45,635.9,635.45,635.8492,949313.0
2025-08-08 14:00:00,635.85,636.4,635.755,636.35,1127664.0
2025-08-08 14:05:00,636.35,636.78,636.13,636.7599,1512682.0
2025-08-08 14:10:00,636.74,636.77,636.02,636.14,1042074.0
2025-08-08 14:15:00,636.145,636.21,635.77,636.08,918508.0
2025-08-08 14:20:00,636.1,636.2299,635.93,636.0781,595321.0
2025-08-08 14:25:00,636.07,636.49,635.92,636.44,830937.0
2025-08-08 14:30:00,636.43,637.04,636.42,636.915,816725.0
2025-08-08 14:35:00,636.92,637.035,636.65,636.655,974070.0
2025-08-08 14:40:00,636.66,636.83,636.32,636.5,604297.0
2025-08-08 14:45:00,636.5,636.59,636.28,636.445,743479.0
2025-08-08 14:50:00,636.45,636.47,635.975,636.05,724003.0
2025-08-08 14:55:00,636.05,636.075,635.7,635.8028,1013571.0
2025-08-08 15:00:00,635.81,636.09,635.57,636.055,807456.0
2025-08-08 15:05:00,636.05,636.48,635.935,636.33,660897.0
2025-08-08 15:10:00,636.33,636.37,635.91,636.36,774002.0
2025-08-08 15:15:00,636.36,636.37,635.97,635.99,356734.0
2025-08-08 15:20:00,636.0,636.11,635.81,636.01,367927.0
2025-08-08 15:25:00,636.0,636.2,635.85,636.01,513732.0
2025-08-08 15:30:00,636.0,636.03,635.48,635.71,554456.0
2025-08-08 15:35:00,635.705,635.73,635.03,635.18,769375.0
2025-08-08 15:40:00,635.17,635.24,634.86,634.97,654659.0
2025-08-08 15:45:00,634.9765,635.61,634.88,635.515,627769.0
2025-08-08 15:50:00,635.49,636.07,635.465,636.02,543258.0
2025-08-08 15:55:00,636.025,636.445,636.0,636.36,691961.0
2025-08-08 16:00:00,636.35,636.73,636.28,636.61,587413.0
2025-08-11 09:30:00,637.83,637.83,637.74,637.79,2471.0
2025-08-11 09:35:00,637.71,637.79,637.71,637.79,283.0
2025-08-11 09:40:00,637.81,637.81,637.8,637.8,425.0
2025-08-11 09:45:00,637.85,637.85,637.8,637.8,643.0
2025-08-11 09:50:00,637.82,637.82,637.72,637.75,1269.0
2025-08-11 09:55:00,637.78,637.78,637.75,637.78,763.0
2025-08-11 10:00:00,637.71,637.71,637.71,637.71,666.0
2025-08-11 10:05:00,637.83,637.83,637.76,637.77,865.0
2025-08-11 10:15:00,637.89,637.89,637.89,637.89,484.0
2025-08-11 10:20:00,637.98,638.12,637.95,638.09,2741.0
2025-08-11 10:25:00,638.13,638.14,638.01,638.01,1355.0
2025-08-11 10:30:00,638.05,638.05,637.98,637.98,740.0
2025-08-11 10:35:00,637.98,638.0,637.98,637.99,767.0
2025-08-11 10:40:00,637.93,637.93,637.89,637.89,377.0
2025-08-11 10:45:00,637.91,637.91,637.71,637.71,803.0
2025-08-11 10:50:00,637.67,637.77,637.67,637.77,1478.0
2025-08-11 10:55:00,637.82,638.1,637.82,638.09,2865.0
2025-08-11 11:00:00,638.06,638.19,637.97,638.13,9384.0
2025-08-11 11:05:00,638.25,638.31,638.15,638.24,11964.0
2025-08-11 11:10:00,638.2,638.21,638.13,638.13,28648.0
2025-08-11 11:15:00,638.15,638.19,638.14,638.14,2333.0
2025-08-11 11:20:00,638.179,638.179,637.98,638.11,11439.0
2025-08-11 11:25:00,638.11,638.11,637.99,637.99,12693.0
2025-08-11 11:30:00,638.0,638.03,637.989,638.01,5638.0
2025-08-11 11:35:00,637.98,638.14,637.98,638.05,1805.0
2025-08-11 11:40:00,638.07,638.15,638.07,638.15,4545.0
2025-08-11 11:45:00,638.18,638.349,638.18,638.27,7201.0
2025-08-11 11:50:00,638.3,638.35,638.3,638.35,729.0
2025-08-11 11:55:00,638.34,638.4,638.31,638.32,8613.0
2025-08-11 12:00:00,638.11,638.66,637.18,638.45,120138.0
2025-08-11 12:05:00,638.48,638.52,638.35,638.41,9726.0
2025-08-11 12:10:00,638.43,638.43,638.26,638.2801,12484.0
2025-08-11 12:15:00,638.27,638.5,638.27,638.41,32149.0
2025-08-11 12:20:00,638.4592,638.49,638.1,638.1,8551.0
2025-08-11 12:25:00,638.2,638.21,637.91,638.03,13091.0
2025-08-11 12:30:00,638.03,638.07,637.73,637.89,29483.0
2025-08-11 12:35:00,637.9498,637.95,637.61,637.73,25809.0
2025-08-11 12:40:00,637.7737,637.81,637.68,637.68,4999.0
2025-08-11 12:45:00,637.72,637.76,637.66,637.67,9597.0
2025-08-11 12:50:00,637.68,637.819,637.49,637.65,29385.0
2025-08-11 12:55:00,637.63,637.69,637.5206,637.69,18508.0
2025-08-11 13:00:00,637.68,637.76,637.54,637.5601,17557.0
2025-08-11 13:05:00,637.54,637.63,637.43,637.57,13423.0
2025-08-11 13:10:00,637.56,637.7,637.39,637.7,29249.0
2025-08-11 13:15:00,637.68,637.78,637.68,637.72,16419.0
2025-08-11 13:20:00,637.73,637.73,637.52,637.6399,32620.0
2025-08-11 13:25:00,637.64,637.69,637.27,637.48,97442.0
2025-08-11 13:30:00,637.46,637.6,636.88,637.07,1526906.0
2025-08-11 13:35:00,637.09,637.54,637.01,637.505,788183.0
2025-08-11 13:40:00,637.49,637.76,637.18,637.59,952497.0
2025-08-11 13:45:00,637.59,637.6472,637.33,637.495,779362.0
2025-08-11 13:50:00,637.495,637.52,636.89,637.13,725918.0
2025-08-11 13:55:00,637.1,637.69,637.06,637.69,616209.0
2025-08-11 14:00:00,637.68,637.81,637.3815,637.45,653944.0
2025-08-11 14:05:00,637.46,637.73,637.34,637.59,575339.0
2025-08-11 14:10:00,637.5807,637.935,637.42,637.49,788349.0
2025-08-11 14:15:00,637.49,637.9599,637.35,637.9599,708172.0
2025-08-11 14:20:00,637.95,637.97,637.4,637.4111,543352.0
2025-08-11 14:25:00,637.415,637.5,637.2,637.2501,528561.0
2025-08-11 14:30:00,637.2419,637.43,637.17,637.22,543660.0
2025-08-11 14:35:00,637.23,637.36,637.0935,637.17,844538.0
2025-08-11 14:40:00,637.165,637.325,637.03,637.265,578219.0
2025-08-11 14:45:00,637.27,637.338,636.57,636.79,878858.0
2025-08-11 14:50:00,636.78,637.08,636.69,636.875,599105.0
2025-08-11 14:55:00,636.87,636.92,636.755,636.78,308969.0
2025-08-11 15:00:00,636.77,637.0099,636.595,636.76,617905.0
2025-08-11 15:05:00,636.735,636.81,636.54,636.61,459388.0
2025-08-11 15:10:00,636.61,637.16,636.53,637.15,669755.0
2025-08-11 15:15:00,637.15,637.24,637.01,637.22,598858.0
2025-08-11 15:20:00,637.22,637.3,636.98,637.095,449606.0
2025-08-11 15:25:00,637.11,637.2,637.02,637.09,297030.0
2025-08-11 15:30:00,637.095,637.19,636.87,637.145,447923.0
2025-08-11 15:35:00,637.15,637.16,636.86,636.9099,418593.0
2025-08-11 15:40:00,636.89,637.189,636.7899,637.06,468379.0
2025-08-11 15:45:00,637.06,637.345,636.94,637.3,399444.0
2025-08-11 15:50:00,637.28,637.7,637.28,637.68,485056.0
2025-08-11 15:55:00,637.67,637.89,637.595,637.86,420637.0
2025-08-11 16:00:00,637.87,637.98,637.79,637.9145,867644.0
2025-08-12 09:30:00,636.2,636.25,636.2,636.23,800.0
2025-08-12 09:35:00,636.3,636.31,636.3,636.31,1097.0
2025-08-12 09:40:00,636.3,636.3,636.2,636.21,3685.0
2025-08-12 09:45:00,636.3,636.3,636.3,636.3,375.0
2025-08-12 09:50:00,636.37,636.37,636.32,636.32,310.0
2025-08-12 09:55:00,636.21,636.21,635.97,635.97,25455.0
2025-08-12 10:00:00,635.91,636.02,635.86,635.92,2309.0
2025-08-12 10:05:00,635.9,635.92,635.74,635.74,2389.0
2025-08-12 10:10:00,635.83,636.03,635.83,636.03,8801.0
2025-08-12 10:15:00,636.03,636.03,635.94,635.99,3305.0
2025-08-12 10:20:00,636.01,636.03,635.99,636.02,5953.0
2025-08-12 10:25:00,636.02,636.03,635.77,635.77,23896.0
2025-08-12 10:30:00,635.93,635.95,635.91,635.92,1390.0
2025-08-12 10:35:00,635.86,635.87,635.81,635.87,5653.0
2025-08-12 10:40:00,635.87,636.0,635.86,635.91,3503.0
2025-08-12 10:45:00,635.93,635.93,635.82,635.82,1847.0
2025-08-12 10:50:00,635.89,635.9,635.79,635.79,2406.0
2025-08-12 10:55:00,635.81,635.82,635.74,635.74,3777.0
2025-08-12 11:00:00,635.83,635.83,635.66,635.75,3489.0
2025-08-12 11:05:00,635.719,635.72,635.5,635.5,7461.0
2025-08-12 11:10:00,635.4,635.4,635.25,635.25,17416.0
2025-08-12 11:15:00,635.25,635.6,635.25,635.6,10669.0
2025-08-12 11:20:00,635.6,635.62,635.58,635.58,15602.0
2025-08-12 11:25:00,635.54,635.54,635.38,635.51,2790.0
2025-08-12 11:30:00,635.51,635.71,635.51,635.71,1314.0
2025-08-12 11:35:00,635.81,635.82,635.62,635.62,2986.0
2025-08-12 11:40:00,635.63,635.68,635.51,635.51,3563.0
2025-08-12 11:45:00,635.4,635.48,635.22,635.23,18266.0
2025-08-12 11:50:00,635.22,635.62,635.14,635.62,5330.0
2025-08-12 11:55:00,635.59,635.8,635.59,635.75,30596.0
2025-08-12 12:00:00,635.71,636.87,635.23,635.91,183948.0
2025-08-12 12:05:00,635.92,635.95,635.67,635.77,76604.0
2025-08-12 12:10:00,635.77,636.1,635.77,636.09,48118.0
2025-08-12 12:15:00,636.03,636.06,635.93,636.04,23168.0
2025-08-12 12:20:00,636.02,636.27,635.75,636.2316,70024.0
2025-08-12 12:25:00,636.24,636.57,636.0,636.43,95887.0
2025-08-12 12:30:00,636.54,639.0,636.0,638.5,788799.0
2025-08-12 12:35:00,638.53,639.55,638.51,639.23,349206.0
2025-08-12 12:40:00,639.25,640.1,639.18,639.29,221239.0
2025-08-12 12:45:00,639.32,639.79,639.14,639.68,86131.0
2025-08-12 12:50:00,639.69,639.69,639.36,639.57,85076.0
2025-08-12 12:55:00,639.64,639.75,638.94,639.03,165340.0
2025-08-12 13:00:00,639.19,639.24,638.46,638.55,178265.0
2025-08-12 13:05:00,638.5,638.65,638.0,638.22,138185.0
2025-08-12 13:10:00,638.15,638.45,638.15,638.25,105364.0
2025-08-12 13:15:00,638.26,638.4,638.07,638.17,46656.0
2025-08-12 13:20:00,638.2,638.22,637.85,638.04,67717.0
2025-08-12 13:25:00,638.02,638.34,637.99,638.25,63371.0
2025-08-12 13:30:00,638.29,639.425,637.93,639.38,1733490.0
2025-08-12 13:35:00,639.38,639.83,639.04,639.77,1580204.0
2025-08-12 13:40:00,639.79,639.875,637.84,638.17,2008408.0
2025-08-12 13:45:00,638.18,638.86,637.26,637.61,2242119.0
2025-08-12 13:50:00,637.61,638.28,636.97,638.25,1542611.0
2025-08-12 13:55:00,638.25,638.54,637.24,637.34,1192926.0
2025-08-12 14:00:00,637.36,638.0,636.79,637.94,1292974.0
2025-08-12 14:05:00,637.95,638.92,637.8,638.42,1058977.0
2025-08-12 14:10:00,638.44,638.98,638.0,638.93,904929.0
2025-08-12 14:15:00,638.94,639.29,638.65,639.13,1058487.0
2025-08-12 14:20:00,639.12,639.5506,639.01,639.23,799837.0
2025-08-12 14:25:00,639.235,639.52,639.08,639.29,589793.0
2025-08-12 14:30:00,639.29,639.42,638.88,638.94,804614.0
2025-08-12 14:35:00,638.9301,639.2183,638.86,639.16,536723.0
2025-08-12 14:40:00,639.16,639.46,638.96,639.39,673323.0
2025-08-12 14:45:00,639.4,639.75,639.105,639.6928,596127.0
2025-08-12 14:50:00,639.7,640.23,639.585,639.8,1036526.0
2025-08-12 14:55:00,639.7993,639.91,639.505,639.875,769891.0
2025-08-12 15:00:00,639.87,640.37,639.825,640.24,773689.0
2025-08-12 15:05:00,640.23,640.6807,640.23,640.41,890661.0
2025-08-12 15:10:00,640.415,640.8,640.41,640.5445,880359.0
2025-08-12 15:15:00,640.55,641.03,640.5404,640.805,873440.0
2025-08-12 15:20:00,640.81,640.88,640.655,640.751,524311.0
2025-08-12 15:25:00,640.75,640.885,640.27,640.48,817461.0
2025-08-12 15:30:00,640.47,640.875,640.31,640.86,776315.0
2025-08-12 15:35:00,640.87,641.04,640.74,640.92,563089.0
2025-08-12 15:40:00,640.93,640.972,640.75,640.93,564255.0
2025-08-12 15:45:00,640.925,641.045,640.77,640.795,473215.0
2025-08-12 15:50:00,640.81,640.99,640.638,640.86,413918.0
2025-08-12 15:55:00,640.85,641.27,640.82,641.23,604527.0
2025-08-12 16:00:00,641.23,641.23,640.955,641.065,486042.0
2025-08-13 09:30:00,643.81,643.96,643.81,643.96,1984.0
2025-08-13 09:35:00,644.0,644.0,644.0,644.0,222.0
2025-08-13 09:40:00,644.06,644.06,644.03,644.03,410.0
2025-08-13 09:45:00,643.99,643.99,643.96,643.96,413.0
2025-08-13 09:50:00,643.96,644.0,643.92,644.0,3218.0
2025-08-13 09:55:00,644.04,644.4,644.04,644.34,16675.0
2025-08-13 10:00:00,644.36,644.36,644.27,644.32,3551.0
2025-08-13 10:05:00,644.31,644.39,644.29,644.3,882.0
2025-08-13 10:10:00,644.24,644.27,644.18,644.27,850.0
2025-08-13 10:15:00,644.3,644.33,644.3,644.3,2946.0
2025-08-13 10:20:00,644.22,644.23,644.21,644.22,1478.0
2025-08-13 10:25:00,644.23,644.23,644.08,644.08,3477.0
2025-08-13 10:30:00,644.11,644.17,644.1,644.17,899.0
2025-08-13 10:35:00,644.15,644.22,644.13,644.13,1733.0
2025-08-13 10:40:00,644.11,644.12,644.02,644.04,2738.0
2025-08-13 10:45:00,644.0,644.0,643.9,644.0,2145.0
2025-08-13 10:50:00,644.02,644.14,644.02,644.14,2188.0
2025-08-13 10:55:00,644.1,644.12,644.09,644.09,6014.0
2025-08-13 11:00:00,644.13,644.13,644.03,644.08,10384.0
2025-08-13 11:05:00,644.1,644.16,644.1,644.12,2366.0
2025-08-13 11:10:00,644.16,644.21,644.05,644.08,11460.0
2025-08-13 11:15:00,644.09,644.09,644.01,644.03,2793.0
2025-08-13 11:20:00,644.17,644.17,644.04,644.09,2469.0
2025-08-13 11:25:00,644.06,644.29,644.03,644.1,9090.0
2025-08-13 11:30:00,644.09,644.09,643.92,644.06,7853.0
2025-08-13 11:35:00,644.07,644.12,644.02,644.02,4203.0
2025-08-13 11:40:00,644.12,644.14,644.03,644.13,2027.0
2025-08-13 11:45:00,644.06,644.32,644.01,644.28,7353.0
2025-08-13 11:50:00,644.13,644.149,643.94,643.98,28223.0
2025-08-13 11:55:00,644.1,644.25,644.1,644.25,13370.0
2025-08-13 12:00:00,644.15,644.3404,642.57,644.19,48850.0
2025-08-13 12:05:00,644.22,644.26,644.16,644.19,6819.0
2025-08-13 12:10:00,644.2,644.2294,643.98,644.03,10244.0
2025-08-13 12:15:00,644.15,644.18,644.12,644.13,12532.0
2025-08-13 12:20:00,644.1599,644.22,644.03,644.1,19740.0
2025-08-13 12:25:00,644.08,644.28,644.07,644.23,58429.0
2025-08-13 12:30:00,644.21,644.41,644.19,644.4,43281.0
2025-08-13 12:35:00,644.39,644.57,644.33,644.53,45993.0
2025-08-13 12:40:00,644.51,644.65,644.51,644.64,15056.0
2025-08-13 12:45:00,644.62,644.67,644.5,644.62,46373.0
2025-08-13 12:50:00,644.63,644.79,644.62,644.74,21714.0
2025-08-13 12:55:00,644.72,644.72,644.5,644.55,18136.0
2025-08-13 13:00:00,644.58,644.68,644.55,644.66,11204.0
2025-08-13 13:05:00,644.66,644.66,644.55,644.64,8360.0
2025-08-13 13:10:00,644.67,644.71,644.59,644.69,10500.0
2025-08-13 13:15:00,644.6793,644.68,644.55,644.63,20985.0
2025-08-13 13:20:00,644.62,644.72,644.61,644.72,45785.0
2025-08-13 13:25:00,644.73,644.95,644.73,644.92,84670.0
2025-08-13 13:30:00,644.91,645.31,644.49,645.16,2020813.0
2025-08-13 13:35:00,645.19,645.56,644.972,645.335,971837.0
2025-08-13 13:40:00,645.33,645.54,645.2,645.53,950618.0
2025-08-13 13:45:00,645.54,645.885,645.375,645.86,1081130.0
2025-08-13 13:50:00,645.87,646.19,645.86,646.055,935466.0
2025-08-13 13:55:00,646.06,646.06,645.37,645.62,1087922.0
2025-08-13 14:00:00,645.63,645.64,645.15,645.2,1033758.0
2025-08-13 14:05:00,645.2,645.7189,645.13,645.43,1078644.0
2025-08-13 14:10:00,645.43,645.43,644.875,645.13,867349.0
2025-08-13 14:15:00,645.14,645.2644,644.99,645.06,738012.0
2025-08-13 14:20:00,645.05,645.19,644.48,644.51,627809.0
2025-08-13 14:25:00,644.52,644.64,643.99,644.24,1237926.0
2025-08-13 14:30:00,644.245,644.32,643.87,644.05,758168.0
2025-08-13 14:35:00,644.05,644.33,643.88,644.08,918762.0
2025-08-13 14:40:00,644.085,644.405,643.81,644.2484,816806.0
2025-08-13 14:45:00,644.23,644.3,643.615,643.955,652234.0
2025-08-13 14:50:00,643.94,644.01,643.58,643.76,1237004.0
2025-08-13 14:55:00,643.76,643.95,643.725,643.83,525874.0
2025-08-13 15:00:00,643.82,644.0,643.565,643.64,604011.0
2025-08-13 15:05:00,643.64,643.78,643.31,643.32,700516.0
2025-08-13 15:10:00,643.34,643.58,643.25,643.3299,772451.0
2025-08-13 15:15:00,643.325,643.62,643.07,643.59,784935.0
2025-08-13 15:20:00,643.59,644.11,643.51,643.915,800319.0
2025-08-13 15:25:00,643.92,644.07,643.5,643.67,689008.0
2025-08-13 15:30:00,643.67,644.045,643.475,643.87,720510.0
2025-08-13 15:35:00,643.87,643.888,643.5,643.68,955821.0
2025-08-13 15:40:00,643.69,644.255,643.67,644.215,450416.0
2025-08-13 15:45:00,644.22,644.25,643.94,644.07,420958.0
2025-08-13 15:50:00,644.08,644.08,643.41,643.5,1935756.0
2025-08-13 15:55:00,643.5,643.545,643.34,643.43,465042.0
2025-08-13 16:00:00,643.44,643.83,643.38,643.8,426657.0
2025-08-14 09:30:00,644.87,644.92,644.87,644.92,633.0
2025-08-14 09:35:00,644.95,644.95,644.93,644.93,403.0
2025-08-14 09:40:00,644.93,644.93,644.78,644.82,2512.0
2025-08-14 09:45:00,644.83,644.86,644.77,644.77,2444.0
2025-08-14 09:50:00,644.78,644.78,644.73,644.78,1545.0
2025-08-14 10:00:00,644.75,644.86,644.75,644.76,4215.0
2025-08-14 10:05:00,644.75,644.75,644.71,644.71,913.0
2025-08-14 10:10:00,644.55,644.6,644.55,644.6,606.0
2025-08-14 10:15:00,644.69,644.69,644.69,644.69,142.0
2025-08-14 10:20:00,644.56,644.64,644.56,644.64,561.0
2025-08-14 10:25:00,644.56,644.56,644.52,644.52,366.0
2025-08-14 10:30:00,644.54,644.7,644.54,644.69,1595.0
2025-08-14 10:40:00,644.66,644.66,644.66,644.66,238.0
2025-08-14 10:45:00,644.55,644.55,644.55,644.55,284.0
2025-08-14 10:50:00,644.46,644.56,644.46,644.54,1549.0
2025-08-14 10:55:00,644.59,644.59,644.58,644.58,560.0
2025-08-14 11:00:00,644.56,644.56,644.48,644.55,2846.0
2025-08-14 11:05:00,644.54,644.54,644.54,644.54,295.0
2025-08-14 11:10:00,644.58,644.6,644.58,644.6,990.0
2025-08-14 11:15:00,644.63,644.68,644.6,644.64,3828.0
2025-08-14 11:20:00,644.72,644.8,644.72,644.78,4752.0
2025-08-14 11:25:00,644.78,644.82,644.78,644.82,1544.0
2025-08-14 11:30:00,644.84,644.85,644.82,644.82,2124.0
2025-08-14 11:35:00,644.8,644.8,644.7,644.7,9125.0
2025-08-14 11:40:00,644.75,644.8,644.73,644.8,15928.0
2025-08-14 11:45:00,644.81,644.9,644.8,644.9,7327.0
2025-08-14 11:50:00,644.93,645.04,644.93,645.04,14277.0
2025-08-14 11:55:00,645.04,645.19,645.01,645.13,9000.0
2025-08-14 12:00:00,644.47,645.21,643.9,645.005,33999.0
2025-08-14 12:05:00,645.0,645.0,644.81,644.88,17130.0
2025-08-14 12:10:00,644.94,645.14,644.88,645.12,10778.0
2025-08-14 12:15:00,645.14,645.2,645.1,645.14,9889.0
2025-08-14 12:20:00,645.14,645.15,644.92,644.95,11677.0
2025-08-14 12:25:00,644.94,644.94,644.64,644.88,29217.0
2025-08-14 12:30:00,644.92,644.97,641.85,641.94,872398.0
2025-08-14 12:35:00,641.9,642.15,641.4,641.97,502841.0
2025-08-14 12:40:00,641.97,642.71,641.97,642.56,413628.0
2025-08-14 12:45:00,642.59,642.79,642.18,642.53,198207.0
2025-08-14 12:50:00,642.54,643.06,642.35,642.36,217925.0
2025-08-14 12:55:00,642.33,642.6,642.23,642.6,95144.0
2025-08-14 13:00:00,642.55,642.58,642.05,642.31,109318.0
2025-08-14 13:05:00,642.25,642.49,642.08,642.49,91931.0
2025-08-14 13:10:00,642.46,642.69,642.24,642.57,109272.0
2025-08-14 13:15:00,642.55,642.57,642.31,642.31,37324.0
2025-08-14 13:20:00,642.21,642.35,642.19,642.19,28267.0
2025-08-14 13:25:00,642.25,642.86,642.13,642.75,124618.0
2025-08-14 13:30:00,642.79,643.115,642.34,643.11,1898073.0
2025-08-14 13:35:00,643.09,643.41,642.92,643.23,1102521.0
2025-08-14 13:40:00,643.23,643.45,642.84,643.37,959592.0
2025-08-14 13:45:00,643.37,643.71,643.1,643.64,909879.0
2025-08-14 13:50:00,643.63,644.25,643.58,643.59,1414974.0
2025-08-14 13:55:00,643.59,644.08,643.135,644.02,890463.0
2025-08-14 14:00:00,644.02,644.2056,643.86,644.08,646351.0
2025-08-14 14:05:00,644.06,644.32,643.76,644.08,692618.0
2025-08-14 14:10:00,644.06,644.21,643.7,643.8,572910.0
2025-08-14 14:15:00,643.82,644.59,643.7999,644.49,662178.0
2025-08-14 14:20:00,644.49,644.615,643.82,643.99,587099.0
2025-08-14 14:25:00,643.99,644.325,643.71,644.24,440672.0
2025-08-14 14:30:00,644.25,644.86,644.21,644.68,636616.0
2025-08-14 14:35:00,644.67,644.97,644.5,644.95,521960.0
2025-08-14 14:40:00,644.94,645.09,644.66,644.84,597065.0
2025-08-14 14:45:00,644.84,645.545,644.79,645.49,751066.0
2025-08-14 14:50:00,645.47,645.478,645.035,645.07,605322.0
2025-08-14 14:55:00,645.07,645.17,644.46,644.74,707218.0
2025-08-14 15:00:00,644.7399,644.79,644.4703,644.53,617664.0
2025-08-14 15:05:00,644.53,644.63,644.31,644.36,458594.0
2025-08-14 15:10:00,644.37,644.45,644.14,644.34,424287.0
2025-08-14 15:15:00,644.31,644.595,644.27,644.31,484534.0
2025-08-14 15:20:00,644.32,644.32,643.96,643.97,457948.0
2025-08-14 15:25:00,643.95,643.96,642.96,643.335,1241500.0
2025-08-14 15:30:00,643.34,643.81,643.19,643.39,609818.0
2025-08-14 15:35:00,643.41,643.52,643.12,643.16,453552.0
2025-08-14 15:40:00,643.1499,643.44,642.98,643.415,542130.0
2025-08-14 15:45:00,643.41,644.08,643.17,644.0,615094.0
2025-08-14 15:50:00,644.01,644.13,643.79,643.94,582463.0
2025-08-14 15:55:00,643.92,644.22,643.73,644.07,462812.0
2025-08-14 16:00:00,644.04,644.09,643.63,643.68,355614.0
2025-08-15 09:30:00,645.73,645.73,645.73,645.73,252.0
2025-08-15 09:35:00,645.73,645.76,645.6,645.6,1933.0
2025-08-15 09:40:00,645.69,645.69,645.69,645.69,162.0
2025-08-15 09:45:00,645.78,645.78,645.78,645.78,361.0
2025-08-15 09:50:00,645.83,645.83,645.83,645.83,101.0
2025-08-15 09:55:00,645.52,645.52,645.52,645.52,432.0
2025-08-15 10:00:00,645.55,645.55,645.47,645.47,932.0
2025-08-15 10:05:00,645.45,645.63,645.34,645.62,3471.0
2025-08-15 10:10:00,645.6,645.61,645.6,645.61,587.0
2025-08-15 10:15:00,645.66,645.66,645.66,645.66,134.0
2025-08-15 10:20:00,645.75,645.8,645.75,645.8,1135.0
2025-08-15 10:25:00,645.73,645.73,645.73,645.73,320.0
2025-08-15 10:30:00,645.87,646.09,645.87,646.05,3694.0
2025-08-15 10:35:00,646.0,646.0,645.9,645.98,10077.0
2025-08-15 10:40:00,645.94,646.2,645.94,646.14,3599.0
2025-08-15 10:45:00,646.1,646.15,646.01,646.15,1928.0
2025-08-15 10:50:00,646.13,646.13,646.13,646.13,219.0
2025-08-15 10:55:00,646.12,646.47,646.12,646.3,15433.0
2025-08-15 11:00:00,646.21,646.37,646.19,646.37,10400.0
2025-08-15 11:05:00,646.36,646.36,646.29,646.3,6060.0
2025-08-15 11:10:00,646.3,646.37,646.27,646.29,4819.0
2025-08-15 11:15:00,646.31,646.38,646.28,646.38,3013.0
2025-08-15 11:20:00,646.35,646.42,646.31,646.4,3445.0
2025-08-15 11:25:00,646.43,646.5,646.41,646.42,9619.0
2025-08-15 11:30:00,646.38,646.45,646.32,646.33,5581.0
2025-08-15 11:35:00,646.28,646.44,646.28,646.41,4662.0
2025-08-15 11:40:00,646.39,646.43,646.34,646.38,3030.0
2025-08-15 11:45:00,646.39,646.45,646.27,646.44,9200.0
2025-08-15 11:50:00,646.47,646.48,646.4,646.409,4006.0
2025-08-15 11:55:00,646.39,646.39,646.21,646.28,7963.0
2025-08-15 12:00:00,646.28,647.04,645.73,646.15,66239.0
2025-08-15 12:05:00,646.16,646.22,646.125,646.18,9266.0
2025-08-15 12:10:00,646.21,646.26,646.02,646.02,6634.0
2025-08-15 12:15:00,646.0299,646.08,646.0,646.06,4952.0
2025-08-15 12:20:00,646.05,646.08,645.6,645.78,40685.0
2025-08-15 12:25:00,645.81,645.97,645.61,645.97,31032.0
2025-08-15 12:30:00,645.85,646.2,645.55,646.1,60406.0
2025-08-15 12:35:00,646.06,646.23,645.81,646.0,14290.0
2025-08-15 12:40:00,646.0,646.11,645.91,645.95,17162.0
2025-08-15 12:45:00,645.99,646.22,645.99,646.15,10346.0
2025-08-15 12:50:00,646.15,646.21,646.03,646.15,23672.0
2025-08-15 12:55:00,646.19,646.28,646.1,646.13,12295.0
2025-08-15 13:00:00,646.1,646.2099,645.92,646.17,26575.0
2025-08-15 13:05:00,646.21,646.33,646.0,646.1,69606.0
2025-08-15 13:10:00,646.08,646.08,645.84,645.95,23016.0
2025-08-15 13:15:00,645.96,646.1399,645.86,646.12,14582.0
2025-08-15 13:20:00,646.13,646.16,645.96,646.07,18851.0
2025-08-15 13:25:00,646.07,646.25,645.52,645.99,191115.0
2025-08-15 13:30:00,645.99,646.09,645.1601,645.175,1734963.0
2025-08-15 13:35:00,645.18,645.595,645.1,645.24,1045075.0
2025-08-15 13:40:00,645.23,645.45,645.07,645.2,698414.0
2025-08-15 13:45:00,645.2,645.21,643.83,643.93,1391777.0
2025-08-15 13:50:00,643.93,644.3,643.72,644.0,1262095.0
2025-08-15 13:55:00,644.01,644.32,643.875,644.1,871403.0
2025-08-15 14:00:00,643.78,644.51,643.21,644.41,1287607.0
2025-08-15 14:05:00,644.4,644.535,644.02,644.45,629273.0
2025-08-15 14:10:00,644.46,644.51,644.14,644.43,528119.0
2025-08-15 14:15:00,644.46,644.65,644.03,644.04,728812.0
2025-08-15 14:20:00,644.04,644.23,643.82,643.9151,647678.0
2025-08-15 14:25:00,643.92,644.435,643.61,644.21,480242.0
2025-08-15 14:30:00,644.2,644.33,643.8,643.92,600877.0
2025-08-15 14:35:00,643.91,644.1899,643.75,644.175,358407.0
2025-08-15 14:40:00,644.18,644.265,643.77,643.86,585272.0
2025-08-15 14:45:00,643.86,643.88,643.51,643.69,481011.0
2025-08-15 14:50:00,643.675,643.78,643.44,643.62,406314.0
2025-08-15 14:55:00,643.615,643.805,643.37,643.575,577707.0
2025-08-15 15:00:00,643.58,643.7092,643.39,643.495,409036.0
2025-08-15 15:05:00,643.49,643.59,643.26,643.55,3851338.0
2025-08-15 15:10:00,643.56,643.92,643.52,643.84,602302.0
2025-08-15 15:15:00,643.8343,644.28,643.75,644.0843,529129.0
2025-08-15 15:20:00,644.09,644.22,643.45,643.47,449264.0
2025-08-15 15:25:00,643.47,643.69,643.4,643.478,381663.0
2025-08-15 15:30:00,643.47,644.03,643.46,643.9037,477641.0
2025-08-15 15:35:00,643.91,643.9451,643.275,643.29,435015.0
2025-08-15 15:40:00,643.29,643.38,642.5153,642.63,1210656.0
2025-08-15 15:45:00,642.63,643.455,642.62,643.425,655199.0
2025-08-15 15:50:00,643.42,644.11,643.38,644.015,761930.0
2025-08-15 15:55:00,644.02,644.14,643.32,643.415,698145.0
2025-08-15 16:00:00,643.4,643.5601,643.08,643.2686,500627.0
2025-08-18 09:30:00,642.4,642.42,642.4,642.42,978.0
2025-08-18 09:35:00,642.54,642.57,642.41,642.41,3963.0
2025-08-18 09:40:00,642.48,642.55,642.45,642.45,2076.0
2025-08-18 09:45:00,642.49,642.52,642.36,642.36,1212.0
2025-08-18 09:50:00,642.36,642.38,642.36,642.38,1713.0
2025-08-18 09:55:00,642.51,642.53,642.51,642.53,659.0
2025-08-18 10:00:00,642.59,642.59,642.53,642.56,1077.0
2025-08-18 10:05:00,642.63,642.69,642.54,642.54,4037.0
2025-08-18 10:10:00,642.55,642.63,642.55,642.63,1364.0
2025-08-18 10:15:00,642.64,642.64,642.53,642.54,5452.0
2025-08-18 10:20:00,642.64,642.7,642.64,642.67,1051.0
2025-08-18 10:30:00,642.67,642.76,642.66,642.72,1144.0
2025-08-18 10:35:00,642.71,642.81,642.71,642.81,5980.0
2025-08-18 10:40:00,642.86,642.97,642.86,642.97,3514.0
2025-08-18 10:45:00,642.99,643.02,642.93,643.0,2991.0
2025-08-18 10:50:00,643.03,643.06,642.99,642.99,3095.0
2025-08-18 10:55:00,643.0,643.06,642.95,642.95,2778.0
2025-08-18 11:00:00,642.98,643.04,642.8,642.96,14144.0
2025-08-18 11:05:00,643.03,643.03,642.97,643.0,5375.0
2025-08-18 11:10:00,642.9,643.01,642.84,642.961,4092.0
2025-08-18 11:15:00,642.9,642.9,642.79,642.8,4099.0
2025-08-18 11:20:00,642.75,642.82,642.73,642.82,2675.0
2025-08-18 11:25:00,642.83,642.84,642.75,642.81,4684.0
2025-08-18 11:30:00,642.74,642.74,642.68,642.7,3159.0
2025-08-18 11:35:00,642.62,642.68,642.61,642.68,1986.0
2025-08-18 11:40:00,642.63,642.65,642.62,642.649,5735.0
2025-08-18 11:45:00,642.75,642.79,642.72,642.75,1593.0
2025-08-18 11:50:00,642.74,642.78,642.63,642.78,6254.0
2025-08-18 11:55:00,642.75,642.93,642.75,642.91,1553.0
2025-08-18 12:00:00,642.86,644.55,642.19,642.56,69114.0
2025-08-18 12:05:00,642.55,642.77,642.55,642.75,12770.0
2025-08-18 12:10:00,642.85,642.9,642.65,642.81,4991.0
2025-08-18 12:15:00,642.81,642.9,642.81,642.85,7034.0
2025-08-18 12:20:00,642.88,642.91,642.83,642.89,15180.0
2025-08-18 12:25:00,642.8504,642.99,642.8,642.94,16199.0
2025-08-18 12:30:00,642.94,642.94,642.69,642.708,32032.0
2025-08-18 12:35:00,642.71,642.81,642.6,642.72,36531.0
2025-08-18 12:40:00,642.71,642.86,642.63,642.86,17113.0
2025-08-18 12:45:00,642.85,643.0,642.8301,642.95,31019.0
2025-08-18 12:50:00,642.95,643.0,642.87,643.0,21644.0
2025-08-18 12:55:00,642.97,643.1,642.8901,643.05,78726.0
2025-08-18 13:00:00,643.05,643.28,642.98,643.19,51967.0
2025-08-18 13:05:00,643.17,643.2685,643.14,643.15,23761.0
2025-08-18 13:10:00,643.141,643.141,642.76,642.82,25614.0
2025-08-18 13:15:00,642.85,643.04,642.84,642.99,22484.0
2025-08-18 13:20:00,643.02,643.03,642.81,642.84,21215.0
2025-08-18 13:25:00,642.79,643.08,642.7,642.84,41525.0
2025-08-18 13:30:00,642.86,643.445,642.795,643.3999,1230398.0
2025-08-18 13:35:00,643.4,643.585,643.05,643.31,985387.0
2025-08-18 13:40:00,643.32,643.42,642.805,643.2,797684.0
2025-08-18 13:45:00,643.19,643.8,643.17,643.55,992820.0
2025-08-18 13:50:00,643.5404,643.56,642.83,642.99,866242.0
2025-08-18 13:55:00,643.0,643.11,642.53,642.73,653782.0
2025-08-18 14:00:00,642.73,643.3,642.71,643.27,645655.0
2025-08-18 14:05:00,643.29,643.42,643.045,643.155,501793.0
2025-08-18 14:10:00,643.15,643.3,642.93,643.298,425444.0
2025-08-18 14:15:00,643.29,643.44,643.05,643.18,470249.0
2025-08-18 14:20:00,643.19,643.93,643.13,643.8308,656908.0
2025-08-18 14:25:00,643.84,643.935,643.0,643.0,824007.0
2025-08-18 14:30:00,642.99,643.335,642.615,643.24,719190.0
2025-08-18 14:35:00,643.24,643.43,643.16,643.21,496160.0
2025-08-18 14:40:00,643.21,643.37,643.05,643.07,354010.0
2025-08-18 14:45:00,643.06,643.14,642.3,642.814261,737846.0
2025-08-18 14:50:00,642.84,643.41,642.82,643.38,377797.0
2025-08-18 14:55:00,643.37,643.42,642.92,643.23,524620.0
2025-08-18 15:00:00,643.22,643.44,643.19,643.32,449756.0
2025-08-18 15:05:00,643.31,643.335,643.0216,643.3,320635.0
2025-08-18 15:10:00,643.31,643.32,642.86,642.88,337745.0
2025-08-18 15:15:00,642.89,642.99,642.72,642.96,349602.0
2025-08-18 15:20:00,642.94,643.28,642.92,643.11,452042.0
2025-08-18 15:25:00,643.11,643.125,642.6,642.73,736958.0
2025-08-18 15:30:00,642.73,642.79,642.575,642.7293,365829.0
2025-08-18 15:35:00,642.72,643.035,642.5,642.95,400458.0
2025-08-18 15:40:00,642.94,642.96,642.72,642.82,220318.0
2025-08-18 15:45:00,642.82,643.039,642.785,642.98,239809.0
2025-08-18 15:50:00,642.98,643.0085,642.73,642.87,244557.0
2025-08-18 15:55:00,642.86,642.885,642.62,642.7301,267979.0
2025-08-18 16:00:00,642.73,643.0,642.69,642.73,338951.0
2025-08-19 09:30:00,643.33,643.33,643.28,643.33,3379.0
2025-08-19 09:35:00,643.26,643.27,643.26,643.27,210.0
2025-08-19 09:45:00,643.23,643.23,643.23,643.23,163.0
2025-08-19 09:50:00,643.12,643.13,643.09,643.09,3130.0
2025-08-19 09:55:00,643.05,643.05,643.05,643.05,255.0
2025-08-19 10:00:00,643.01,643.01,642.63,642.86,8405.0
2025-08-19 10:05:00,642.9,642.93,642.87,642.93,1992.0
2025-08-19 10:15:00,642.92,642.94,642.81,642.84,8385.0
2025-08-19 10:20:00,642.86,642.91,642.86,642.91,887.0
2025-08-19 10:25:00,642.91,642.91,642.91,642.91,404.0
2025-08-19 10:30:00,642.96,642.96,642.84,642.84,484.0
2025-08-19 10:35:00,642.78,642.89,642.76,642.89,548.0
2025-08-19 10:40:00,642.83,642.86,642.64,642.83,6731.0
2025-08-19 10:45:00,642.74,642.83,642.74,642.83,2069.0
2025-08-19 10:50:00,642.6,642.68,642.5,642.65,2571.0
2025-08-19 10:55:00,642.63,642.67,642.63,642.67,300.0
2025-08-19 11:00:00,642.66,642.83,642.66,642.74,5153.0
2025-08-19 11:05:00,642.67,642.69,642.66,642.69,901.0
2025-08-19 11:10:00,642.8,642.81,642.67,642.74,3845.0
2025-08-19 11:15:00,642.8,642.83,642.8,642.83,366.0
2025-08-19 11:20:00,642.82,642.82,642.78,642.78,480.0
2025-08-19 11:25:00,642.77,642.8,642.77,642.8,512.0
2025-08-19 11:30:00,642.75,642.83,642.67,642.67,22540.0
2025-08-19 11:35:00,642.76,642.81,642.72,642.72,6221.0
2025-08-19 11:40:00,642.79,642.82,642.75,642.81,1389.0
2025-08-19 11:45:00,643.0,643.2,642.91,643.18,4215.0
2025-08-19 11:50:00,643.2,643.28,643.14,643.17,5883.0
2025-08-19 11:55:00,643.19,643.23,643.19,643.23,1393.0
2025-08-19 12:00:00,643.21,643.27,642.0,642.98,42671.0
2025-08-19 12:05:00,643.0,643.0,642.77,642.86,5379.0
2025-08-19 12:10:00,642.89,643.049,642.86,643.049,9626.0
2025-08-19 12:15:00,643.08,643.1,642.95,643.02,21774.0
2025-08-19 12:20:00,642.98,643.13,642.96,643.12,10537.0
2025-08-19 12:25:00,643.13,643.33,643.13,643.23,17309.0
2025-08-19 12:30:00,643.27,643.34,643.1,643.13,22476.0
2025-08-19 12:35:00,643.15,643.33,643.15,643.31,17110.0
2025-08-19 12:40:00,643.31,643.33,643.2,643.23,14098.0
2025-08-19 12:45:00,643.18,643.18,642.93,642.94,19753.0
2025-08-19 12:50:00,642.87,642.9,642.74,642.87,24013.0
2025-08-19 12:55:00,642.84,642.97,642.81,642.85,24294.0
2025-08-19 13:00:00,642.81,643.0,642.77,642.96,27542.0
2025-08-19 13:05:00,642.96,642.96,642.7,642.78,32301.0
2025-08-19 13:10:00,642.78,642.79,642.66,642.69,10333.0
2025-08-19 13:15:00,642.78,642.84,642.75,642.75,5668.0
2025-08-19 13:20:00,642.7699,642.95,642.74,642.9,15253.0
2025-08-19 13:25:00,642.85,643.09,642.83,643.07,79663.0
2025-08-19 13:30:00,643.12,643.2596,641.9899,642.16,1818814.0
2025-08-19 13:35:00,642.15,642.755,642.03,642.61,1117348.0
2025-08-19 13:40:00,642.62,643.43,642.53,642.83,1365240.0
2025-08-19 13:45:00,642.84,642.86,642.32,642.55,1121168.0
2025-08-19 13:50:00,642.54,643.188,642.38,643.08,947219.0
2025-08-19 13:55:00,643.085,643.21,642.82,642.87,616828.0
2025-08-19 14:00:00,642.86,644.105,642.86,644.1,1134000.0
2025-08-19 14:05:00,644.09,644.1,643.71,644.01,841481.0
2025-08-19 14:10:00,644.01,644.1,643.59,643.77,680975.0
2025-08-19 14:15:00,643.77,643.9,643.5,643.78,631025.0
2025-08-19 14:20:00,643.79,643.9292,643.64,643.815,479474.0
2025-08-19 14:25:00,643.8,643.88,642.82,643.03,1166189.0
2025-08-19 14:30:00,643.04,643.54,642.785,643.36,962949.0
2025-08-19 14:35:00,643.37,643.39,642.62,642.6995,844187.0
2025-08-19 14:40:00,642.7,642.88,641.9099,642.28,1179727.0
2025-08-19 14:45:00,642.29,642.29,641.65,641.895,1356561.0
2025-08-19 14:50:00,641.92,642.17,641.73,642.14,1006170.0
2025-08-19 14:55:00,642.1399,642.3,641.21,641.215,1005185.0
2025-08-19 15:00:00,641.22,641.39,640.47,641.32,1624498.0
2025-08-19 15:05:00,641.32,641.48,641.0165,641.31,836225.0
2025-08-19 15:10:00,641.315,641.5601,640.88,641.43,682231.0
2025-08-19 15:15:00,641.42,641.64,641.215,641.59,545467.0
2025-08-19 15:20:00,641.59,641.645,641.1101,641.155,438576.0
2025-08-19 15:25:00,641.155,641.695,641.06,641.61,442537.0
2025-08-19 15:30:00,641.61,641.85,641.53,641.85,400883.0
2025-08-19 15:35:00,641.84,641.91,641.2599,641.2925,517427.0
2025-08-19 15:40:00,641.3,641.51,641.0919,641.32,771873.0
2025-08-19 15:45:00,641.335,641.4187,641.04,641.12,428453.0
2025-08-19 15:50:00,641.12,641.12,640.69,640.86,601924.0
2025-08-19 15:55:00,640.85,640.95,640.62,640.75,536960.0
2025-08-19 16:00:00,640.73,641.1,640.72,640.825,488357.0
2025-08-20 09:30:00,638.94,638.94,638.93,638.93,881.0
2025-08-20 09:35:00,638.94,638.97,638.94,638.97,415.0
2025-08-20 09:40:00,638.98,638.98,638.9,638.9,870.0
2025-08-20 09:45:00,638.95,639.1,638.95,639.09,940.0
2025-08-20 09:50:00,639.1,639.14,638.9,639.11,16498.0
2025-08-20 09:55:00,638.98,639.02,638.98,639.02,1046.0
2025-08-20 10:00:00,638.95,638.96,638.95,638.96,564.0
2025-08-20 10:05:00,638.92,639.1,638.92,639.03,1469.0
2025-08-20 10:10:00,639.14,639.17,639.14,639.14,953.0
2025-08-20 10:15:00,639.21,639.3,639.21,639.3,1168.0
2025-08-20 10:20:00,639.32,639.39,639.32,639.39,469.0
2025-08-20 10:25:00,639.28,639.28,639.19,639.19,1127.0
2025-08-20 10:30:00,639.26,639.27,638.94,638.95,2741.0
2025-08-20 10:35:00,638.87,638.9,638.87,638.9,601.0
2025-08-20 10:45:00,638.9,639.02,638.88,638.88,1180.0
2025-08-20 10:50:00,639.0,639.0,639.0,639.0,126.0
2025-08-20 10:55:00,639.13,639.13,639.13,639.13,166.0
2025-08-20 11:00:00,639.12,639.53,639.1,639.519,43278.0
2025-08-20 11:05:00,639.47,639.5,639.35,639.35,5763.0
2025-08-20 11:10:00,639.41,639.43,639.37,639.41,3049.0
2025-08-20 11:15:00,639.35,639.36,639.13,639.22,7810.0
2025-08-20 11:20:00,639.23,639.32,639.16,639.16,11004.0
2025-08-20 11:25:00,639.18,639.19,638.83,638.85,12361.0
2025-08-20 11:30:00,638.9,638.98,638.89,638.91,14543.0
2025-08-20 11:35:00,638.98,638.98,638.58,638.62,10044.0
2025-08-20 11:40:00,638.6,638.77,638.6,638.67,10329.0
2025-08-20 11:45:00,638.67,638.7,638.5,638.69,17488.0
2025-08-20 11:50:00,638.78,639.11,638.78,638.99,8417.0
2025-08-20 11:55:00,638.95,639.08,638.95,639.01,13986.0
2025-08-20 12:00:00,639.42,639.5,637.49,639.31,64363.0
2025-08-20 12:05:00,639.28,639.5,639.26,639.36,28407.0
2025-08-20 12:10:00,639.34,639.38,639.16,639.2199,20528.0
2025-08-20 12:15:00,639.14,639.27,639.14,639.26,5705.0
2025-08-20 12:20:00,639.25,639.34,639.22,639.26,13762.0
2025-08-20 12:25:00,639.27,639.34,639.04,639.11,24864.0
2025-08-20 12:30:00,639.1,639.29,638.86,638.9993,38967.0
2025-08-20 12:35:00,639.02,639.05,638.82,638.91,37749.0
2025-08-20 12:40:00,638.87,639.36,638.87,639.35,25187.0
2025-08-20 12:45:00,639.32,639.58,639.2012,639.52,36809.0
2025-08-20 12:50:00,639.5,639.52,639.32,639.35,12557.0
2025-08-20 12:55:00,639.3299,639.3299,639.19,639.23,39588.0
2025-08-20 13:00:00,639.25,639.29,639.12,639.24,24078.0
2025-08-20 13:05:00,639.19,639.33,639.14,639.14,17110.0
2025-08-20 13:10:00,639.17,639.17,638.96,639.0,21983.0
2025-08-20 13:15:00,638.99,639.18,638.98,639.03,13271.0
2025-08-20 13:20:00,639.04,639.18,638.98,639.09,16027.0
2025-08-20 13:25:00,639.09,639.44,639.0,639.41,71309.0
2025-08-20 13:30:00,639.4,639.66,638.395,638.765,2229749.0
2025-08-20 13:35:00,638.76,639.07,638.47,638.495,1405102.0
2025-08-20 13:40:00,638.5,638.87,638.105,638.17,1788868.0
2025-08-20 13:45:00,638.17,638.21,637.37,637.385,1947061.0
2025-08-20 13:50:00,637.39,637.39,635.41,635.5,3222891.0
2025-08-20 13:55:00,635.51,635.98,634.96,635.39,2886784.0
2025-08-20 14:00:00,635.38,636.29,635.28,635.55,2153891.0
2025-08-20 14:05:00,635.57,635.64,634.23,634.36,1957282.0
2025-08-20 14:10:00,634.37,634.83,634.19,634.43,2194930.0
2025-08-20 14:15:00,634.45,634.74,633.67,634.615,1810582.0
2025-08-20 14:20:00,634.62,635.2183,634.46,634.8384,1120863.0
2025-08-20 14:25:00,634.84,635.14,633.88,633.92,1155460.0
2025-08-20 14:30:00,633.94,634.17,633.59,634.112,1376757.0
2025-08-20 14:35:00,634.11,634.42,633.74,633.86,800660.0
2025-08-20 14:40:00,633.8892,633.95,633.4,633.535,901784.0
2025-08-20 14:45:00,633.53,633.84,633.05,633.35,1083139.0
2025-08-20 14:50:00,633.34,633.56,632.95,633.1365,919222.0
2025-08-20 14:55:00,633.13,633.45,632.96,633.38,1281773.0
2025-08-20 15:00:00,633.38,633.75,633.18,633.72,1013143.0
2025-08-20 15:05:00,633.71,634.72,633.69,634.63,1089976.0
2025-08-20 15:10:00,634.635,634.905,634.3765,634.83,923929.0
2025-08-20 15:15:00,634.83,635.61,634.82,635.515,1108193.0
2025-08-20 15:20:00,635.51,636.3,635.49,636.26,961207.0
2025-08-20 15:25:00,636.26,636.43,635.89,636.375,1074304.0
2025-08-20 15:30:00,636.35,636.835,636.09,636.75,959651.0
2025-08-20 15:35:00,636.745,636.9,636.24,636.245,728829.0
2025-08-20 15:40:00,636.26,636.82,636.16,636.275,834935.0
2025-08-20 15:45:00,636.28,636.505,635.91,636.01,632271.0
2025-08-20 15:50:00,636.01,636.03,634.93,635.1,788292.0
2025-08-20 15:55:00,635.125,635.3299,634.72,635.15,621992.0
2025-08-20 16:00:00,635.14,635.88,635.075,635.67,682009.0
2025-08-21 09:30:00,637.43,637.5,637.43,637.45,1593.0
2025-08-21 09:35:00,637.35,637.46,637.35,637.46,567.0
2025-08-21 09:40:00,637.48,637.52,637.48,637.52,566.0
2025-08-21 09:45:00,637.52,637.52,637.48,637.48,502.0
2025-08-21 09:55:00,637.36,637.36,637.14,637.14,431.0
2025-08-21 10:00:00,637.03,637.03,636.72,636.91,4438.0
2025-08-21 10:05:00,637.1,637.12,637.07,637.12,1118.0
2025-08-21 10:10:00,637.01,637.01,636.85,636.85,1641.0
2025-08-21 10:15:00,636.83,636.83,636.43,636.51,4372.0
2025-08-21 10:20:00,636.44,636.86,636.26,636.86,6413.0
2025-08-21 10:25:00,636.84,636.87,636.73,636.86,3740.0
2025-08-21 10:30:00,636.97,636.97,636.76,636.76,3803.0
2025-08-21 10:35:00,636.75,636.75,636.69,636.72,2426.0
2025-08-21 10:40:00,636.89,637.0,636.88,636.9,3019.0
2025-08-21 10:45:00,636.91,636.92,636.86,636.9,3288.0
2025-08-21 10:50:00,636.89,637.17,636.87,637.17,9081.0
2025-08-21 10:55:00,637.13,637.19,637.0,637.03,4207.0
2025-08-21 11:00:00,637.08,637.79,636.91,637.09,47425.0
2025-08-21 11:05:00,637.2,637.44,637.08,637.13,14933.0
2025-08-21 11:10:00,637.04,637.13,636.91,636.91,18429.0
2025-08-21 11:15:00,637.0,637.0,636.94,636.95,5398.0
2025-08-21 11:20:00,636.92,637.2,636.91,637.11,5581.0
2025-08-21 11:25:00,637.16,637.16,637.01,637.03,5402.0
2025-08-21 11:30:00,637.01,637.13,636.85,636.85,11195.0
2025-08-21 11:35:00,636.97,636.97,636.66,636.74,14035.0
2025-08-21 11:40:00,636.72,636.9,636.69,636.7,15347.0
2025-08-21 11:45:00,636.76,636.76,636.26,636.3,18795.0
2025-08-21 11:50:00,636.49,636.64,636.45,636.47,6418.0
2025-08-21 11:55:00,636.46,636.57,636.42,636.55,14060.0
2025-08-21 12:00:00,637.05,638.63,636.16,636.24,71018.0
2025-08-21 12:05:00,636.27,636.4,636.13,636.2,61990.0
2025-08-21 12:10:00,636.14,636.14,635.7,635.81,65768.0
2025-08-21 12:15:00,635.84,635.95,635.42,635.64,136800.0
2025-08-21 12:20:00,635.6,635.96,635.46,635.86,37882.0
2025-08-21 12:25:00,635.89,635.93,635.7,635.93,33914.0
2025-08-21 12:30:00,635.61,636.4,635.4,636.36,103995.0
2025-08-21 12:35:00,636.36,636.37,635.86,635.91,47601.0
2025-08-21 12:40:00,635.8,635.97,635.7199,635.73,11293.0
2025-08-21 12:45:00,635.64,635.65,635.42,635.52,34793.0
2025-08-21 12:50:00,635.47,635.56,635.31,635.43,26795.0
2025-08-21 12:55:00,635.44,635.5,635.26,635.47,23320.0
2025-08-21 13:00:00,635.45,635.64,635.19,635.61,62971.0
2025-08-21 13:05:00,635.6,635.92,635.57,635.89,17173.0
2025-08-21 13:10:00,635.91,635.95,635.63,635.68,26012.0
2025-08-21 13:15:00,635.58,635.78,635.53,635.72,10420.0
2025-08-21 13:20:00,635.73,635.95,635.72,635.79,16280.0
2025-08-21 13:25:00,635.66,636.27,635.66,636.27,86898.0
2025-08-21 13:30:00,636.28,636.51,635.25,635.8972,1826418.0
2025-08-21 13:35:00,635.9,636.38,635.56,636.37,1074749.0
2025-08-21 13:40:00,636.37,636.37,635.67,635.95,625853.0
2025-08-21 13:45:00,636.03,636.24,634.31,636.14,1813862.0
2025-08-21 13:50:00,636.12,636.175,635.34,635.87,1013811.0
2025-08-21 13:55:00,635.87,636.0,635.045,635.13,799751.0
2025-08-21 14:00:00,635.12,636.93,634.6,636.765,1206740.0
2025-08-21 14:05:00,636.75,637.24,636.65,637.08,818752.0
2025-08-21 14:10:00,637.07,637.4,636.72,637.135,597780.0
2025-08-21 14:15:00,637.135,637.77,636.99,637.51,509286.0
2025-08-21 14:20:00,637.48,637.74,637.3399,637.68,393078.0
2025-08-21 14:25:00,637.68,637.97,637.22,637.89,583782.0
2025-08-21 14:30:00,637.89,637.9,636.99,637.18,502472.0
2025-08-21 14:35:00,637.19,637.23,636.23,636.265,451364.0
2025-08-21 14:40:00,636.23,636.8199,636.1,636.81,512925.0
2025-08-21 14:45:00,636.79,637.04,636.3506,636.3506,419817.0
2025-08-21 14:50:00,636.4,637.06,636.4,637.0355,288478.0
2025-08-21 14:55:00,637.0095,637.228,636.8,637.15,326890.0
2025-08-21 15:00:00,637.16,637.4399,636.84,636.9458,397163.0
2025-08-21 15:05:00,636.97,636.98,636.6,636.76,278690.0
2025-08-21 15:10:00,636.77,636.855,635.455,635.53,698331.0
2025-08-21 15:15:00,635.5,636.32,635.3,636.27,557906.0
2025-08-21 15:20:00,636.25,637.26,636.02,637.03,646079.0
2025-08-21 15:25:00,637.02,637.07,636.39,636.69,495959.0
2025-08-21 15:30:00,636.7,637.4,636.62,637.27,420512.0
2025-08-21 15:35:00,637.28,637.45,637.134,637.21,273975.0
2025-08-21 15:40:00,637.2,637.59,636.99,637.36,331201.0
2025-08-21 15:45:00,637.36,637.38,636.74,636.925,311460.0
2025-08-21 15:50:00,636.92,636.96,635.68,635.78,559504.0
2025-08-21 15:55:00,635.78,635.87,635.43,635.58,898580.0
2025-08-21 16:00:00,635.58,635.72,635.0814,635.1,725394.0
2025-08-22 09:30:00,637.08,637.09,637.08,637.09,673.0
2025-08-22 09:35:00,636.99,637.01,636.93,636.97,1256.0
2025-08-22 09:50:00,637.22,637.23,637.13,637.23,638.0
2025-08-22 09:55:00,637.22,637.26,637.16,637.26,2308.0
2025-08-22 10:00:00,637.3,637.35,637.29,637.31,2620.0
2025-08-22 10:05:00,637.33,637.41,637.33,637.41,2424.0
2025-08-22 10:10:00,637.45,637.45,637.45,637.45,910.0
2025-08-22 10:15:00,637.37,637.37,637.22,637.22,596.0
2025-08-22 10:25:00,637.33,637.45,637.33,637.45,1367.0
2025-08-22 10:30:00,637.44,637.54,637.44,637.45,1482.0
2025-08-22 10:35:00,637.48,637.5,637.48,637.5,884.0
2025-08-22 10:40:00,637.42,637.44,637.42,637.44,536.0
2025-08-22 10:45:00,637.47,637.47,637.4,637.4,537.0
2025-08-22 10:50:00,637.31,637.31,637.31,637.31,189.0
2025-08-22 10:55:00,637.38,637.41,637.38,637.41,721.0
2025-08-22 11:00:00,637.42,637.53,637.27,637.37,11617.0
2025-08-22 11:05:00,637.4,637.54,637.4,637.53,2945.0
2025-08-22 11:10:00,637.51,637.51,637.25,637.25,17655.0
2025-08-22 11:15:00,637.29,637.34,637.12,637.18,64400.0
2025-08-22 11:20:00,637.14,637.19,637.14,637.15,7387.0
2025-08-22 11:25:00,637.17,637.18,637.09,637.12,8895.0
2025-08-22 11:30:00,637.12,637.22,636.98,637.09,17067.0
2025-08-22 11:35:00,637.07,637.07,636.92,636.98,6826.0
2025-08-22 11:40:00,636.96,637.0,636.87,637.0,4794.0
2025-08-22 11:45:00,637.01,637.11,636.95,637.1,11940.0
2025-08-22 11:50:00,637.12,637.16,637.11,637.15,7985.0
2025-08-22 11:55:00,637.08,637.09,636.97,636.97,9416.0
2025-08-22 12:00:00,637.43,637.55,633.85,637.15,49241.0
2025-08-22 12:05:00,637.17,637.2,637.13,637.13,3441.0
2025-08-22 12:10:00,637.07,637.25,636.9501,637.14,8014.0
2025-08-22 12:15:00,637.09,637.5,637.05,637.3706,53007.0
2025-08-22 12:20:00,637.37,637.46,637.3,637.35,14925.0
2025-08-22 12:25:00,637.36,637.55,637.31,637.5,14527.0
2025-08-22 12:30:00,637.52,637.57,637.22,637.28,79142.0
2025-08-22 12:35:00,637.28,637.28,636.96,637.18,12562.0
2025-08-22 12:40:00,637.2216,637.2216,637.04,637.16,17463.0
2025-08-22 12:45:00,637.18,637.28,637.13,637.16,12644.0
2025-08-22 12:50:00,637.1,637.2699,637.1,637.13,14679.0
2025-08-22 12:55:00,637.1118,637.13,637.0,637.02,27795.0
2025-08-22 13:00:00,636.99,637.24,636.92,637.2,45642.0
2025-08-22 13:05:00,637.23,637.44,637.21,637.31,51950.0
2025-08-22 13:10:00,637.27,637.32,637.14,637.22,59650.0
2025-08-22 13:15:00,637.22,637.51,637.22,637.49,15664.0
2025-08-22 13:20:00,637.48,637.58,637.45,637.45,18412.0
2025-08-22 13:25:00,637.37,637.76,637.3,637.76,75484.0
2025-08-22 13:30:00,637.76,638.1,637.25,637.67,1239097.0
2025-08-22 13:35:00,637.69,638.545,637.59,638.53,885752.0
2025-08-22 13:40:00,638.53,639.43,638.3401,639.41,1109957.0
2025-08-22 13:45:00,639.4,639.72,638.91,639.565,1309931.0
2025-08-22 13:50:00,639.57,639.7,639.1007,639.2,944490.0
2025-08-22 13:55:00,639.22,639.28,638.12,638.41,1125274.0
2025-08-22 14:00:00,638.41,644.16,638.41,642.91,6120364.0
2025-08-22 14:05:00,642.93,644.36,642.54,644.09,3754170.0
2025-08-22 14:10:00,644.12,644.95,643.77,644.73,2180394.0
2025-08-22 14:15:00,644.71,645.55,643.91,644.08,2773973.0
2025-08-22 14:20:00,644.12,644.33,643.04,643.8415,1943357.0
2025-08-22 14:25:00,643.84,644.7,643.47,644.11,1353385.0
2025-08-22 14:30:00,644.1338,645.17,644.13,644.95,1170741.0
2025-08-22 14:35:00,644.95,645.3584,644.69,644.82,949823.0
2025-08-22 14:40:00,644.82,645.65,644.71,645.535,1003716.0
2025-08-22 14:45:00,645.52,646.01,645.38,645.44,1128204.0
2025-08-22 14:50:00,645.5199,645.83,645.26,645.78,1017230.0
2025-08-22 14:55:00,645.76,646.17,645.63,645.6458,1165641.0
2025-08-22 15:00:00,645.65,646.27,645.58,646.18,1128047.0
2025-08-22 15:05:00,646.19,646.23,645.63,645.715,880956.0
2025-08-22 15:10:00,645.7,646.225,645.47,645.54,1177568.0
2025-08-22 15:15:00,645.54,646.07,645.47,645.95,797580.0
2025-08-22 15:20:00,645.94,646.19,645.73,645.755,811332.0
2025-08-22 15:25:00,645.76,646.065,645.62,646.0,886543.0
2025-08-22 15:30:00,646.01,646.5,645.965,646.3899,644666.0
2025-08-22 15:35:00,646.365,646.46,645.79,645.92,655795.0
2025-08-22 15:40:00,645.94,646.15,645.81,646.05,614175.0
2025-08-22 15:45:00,646.04,646.28,645.735,645.88,866839.0
2025-08-22 15:50:00,645.87,645.94,645.62,645.72,678239.0
2025-08-22 15:55:00,645.72,645.87,645.3,645.41,717286.0
2025-08-22 16:00:00,645.415,645.91,645.3,645.88,573626.0
2025-08-25 09:30:00,643.85,643.99,643.83,643.99,1608.0
2025-08-25 09:35:00,644.0,644.0,643.99,643.99,840.0
2025-08-25 09:40:00,643.94,643.97,643.91,643.91,2470.0
2025-08-25 09:45:00,643.86,643.86,643.85,643.85,1324.0
2025-08-25 09:50:00,643.84,643.84,643.79,643.82,3784.0
2025-08-25 09:55:00,643.95,644.04,643.95,644.04,3268.0
2025-08-25 10:00:00,644.04,644.04,643.97,644.01,3288.0
2025-08-25 10:05:00,643.99,644.02,643.99,644.02,1380.0
2025-08-25 10:10:00,643.93,643.94,643.87,643.88,4537.0
2025-08-25 10:15:00,643.81,643.83,643.77,643.77,4130.0
2025-08-25 10:20:00,643.75,643.76,643.7,643.7,8270.0
2025-08-25 10:25:00,643.61,643.64,643.45,643.46,5489.0
2025-08-25 10:30:00,643.5,643.53,643.37,643.51,29359.0
2025-08-25 10:35:00,643.53,643.56,643.47,643.56,12448.0
2025-08-25 10:40:00,643.56,643.63,643.52,643.63,8810.0
2025-08-25 10:45:00,643.61,643.63,643.5,643.61,6356.0
2025-08-25 10:50:00,643.56,643.56,643.5,643.54,2239.0
2025-08-25 10:55:00,643.52,643.58,643.43,643.43,3982.0
2025-08-25 11:00:00,643.44,643.55,643.38,643.47,17991.0
2025-08-25 11:05:00,643.48,643.7,643.48,643.62,67609.0
2025-08-25 11:10:00,643.66,643.85,643.629,643.85,7175.0
2025-08-25 11:15:00,643.86,643.92,643.84,643.92,4037.0
2025-08-25 11:20:00,643.89,643.94,643.88,643.88,2331.0
2025-08-25 11:25:00,643.89,643.94,643.89,643.92,6278.0
2025-08-25 11:30:00,643.88,643.9,643.83,643.88,6777.0
2025-08-25 11:35:00,643.92,643.92,643.9,643.9,330.0
2025-08-25 11:40:00,643.87,643.88,643.82,643.82,3390.0
2025-08-25 11:45:00,643.85,643.94,643.79,643.79,5639.0
2025-08-25 11:50:00,643.78,643.88,643.78,643.861,3392.0
2025-08-25 11:55:00,643.9,643.9,643.82,643.83,2559.0
2025-08-25 12:00:00,643.55,645.14,643.38,643.57,54856.0
2025-08-25 12:05:00,643.54,643.55,643.24,643.26,48923.0
2025-08-25 12:10:00,643.32,643.4,643.3,643.39,19263.0
2025-08-25 12:15:00,643.37,643.45,643.27,643.42,8250.0
2025-08-25 12:20:00,643.51,643.51,643.38,643.45,20414.0
2025-08-25 12:25:00,643.44,643.47,643.32,643.33,21919.0
2025-08-25 12:30:00,643.29,643.36,643.14,643.35,41119.0
2025-08-25 12:35:00,643.3792,643.3792,643.2001,643.28,46724.0
2025-08-25 12:40:00,643.27,643.57,643.27,643.55,27350.0
2025-08-25 12:45:00,643.54,643.57,643.46,643.56,12997.0
2025-08-25 12:50:00,643.54,643.6097,643.53,643.56,20672.0
2025-08-25 12:55:00,643.55,643.5899,643.48,643.48,18759.0
2025-08-25 13:00:00,643.5,643.8,643.45,643.75,39565.0
2025-08-25 13:05:00,643.771,643.771,643.57,643.57,28165.0
2025-08-25 13:10:00,643.59,643.69,643.52,643.62,23016.0
2025-08-25 13:15:00,643.6399,643.74,643.55,643.7,18081.0
2025-08-25 13:20:00,643.75,643.79,643.67,643.77,12441.0
2025-08-25 13:25:00,643.79,644.05,643.75,644.03,65307.0
2025-08-25 13:30:00,644.04,644.27,643.41,643.745,1833475.0
2025-08-25 13:35:00,643.74,644.35,643.71,644.08,1153697.0
2025-08-25 13:40:00,644.1,644.369,643.8,644.125,986566.0
2025-08-25 13:45:00,644.13,644.14,643.63,644.06,945268.0
2025-08-25 13:50:00,644.05,644.17,643.72,643.9,896098.0
2025-08-25 13:55:00,643.89,644.34,643.76,644.34,805160.0
2025-08-25 14:00:00,644.33,644.67,643.96,644.29,1045927.0
2025-08-25 14:05:00,644.29,644.515,644.15,644.44,714025.0
2025-08-25 14:10:00,644.44,644.46,643.81,644.195,897000.0
2025-08-25 14:15:00,644.19,644.3,644.03,644.08,680855.0
2025-08-25 14:20:00,644.08,644.29,643.76,644.09,615933.0
2025-08-25 14:25:00,644.08,644.29,643.905,644.15,529908.0
2025-08-25 14:30:00,644.15,644.27,643.94,644.115,520900.0
2025-08-25 14:35:00,644.12,644.3894,644.07,644.085,455998.0
2025-08-25 14:40:00,644.08,644.18,643.75,643.96,510004.0
2025-08-25 14:45:00,643.96,644.4,643.74,644.375,555822.0
2025-08-25 14:50:00,644.36,644.46,644.12,644.2266,450150.0
2025-08-25 14:55:00,644.21,644.46,643.9701,644.42,410532.0
2025-08-25 15:00:00,644.41,644.55,644.23,644.53,457149.0
2025-08-25 15:05:00,644.51,644.62,644.4,644.59,397108.0
2025-08-25 15:10:00,644.61,644.8,644.36,644.75,696913.0
2025-08-25 15:15:00,644.75,644.91,644.69,644.7439,430274.0
2025-08-25 15:20:00,644.765,645.0301,644.75,644.975,424001.0
2025-08-25 15:25:00,644.975,645.05,644.89,644.91,418897.0
2025-08-25 15:30:00,644.91,645.01,644.73,644.76,414968.0
2025-08-25 15:35:00,644.7676,644.87,644.55,644.74,438096.0
2025-08-25 15:40:00,644.73,644.79,644.505,644.74,350063.0
2025-08-25 15:45:00,644.74,644.82,644.555,644.615,347133.0
2025-08-25 15:50:00,644.62,645.01,644.6,644.88,360371.0
2025-08-25 15:55:00,644.87,645.065,644.79,644.97,343111.0
2025-08-25 16:00:00,644.96,645.09,644.9,645.01,385973.0
2025-08-26 09:30:00,642.16,642.16,642.15,642.15,746.0
2025-08-26 09:35:00,642.25,642.25,642.12,642.12,1174.0
2025-08-26 09:40:00,641.89,641.89,641.89,641.89,714.0
2025-08-26 09:50:00,642.01,642.01,642.01,642.01,505.0
2025-08-26 09:55:00,641.99,642.13,641.99,642.07,1252.0
2025-08-26 10:00:00,642.07,642.31,642.07,642.29,5454.0
2025-08-26 10:05:00,642.24,642.25,642.09,642.09,853.0
2025-08-26 10:10:00,642.21,642.41,642.2,642.41,2506.0
2025-08-26 10:15:00,642.38,642.42,642.37,642.41,7660.0
2025-08-26 10:20:00,642.27,642.27,642.23,642.27,2624.0
2025-08-26 10:30:00,642.28,642.41,642.28,642.41,1144.0
2025-08-26 10:35:00,642.44,642.44,642.43,642.44,1218.0
2025-08-26 10:45:00,642.3,642.3,642.24,642.24,1398.0
2025-08-26 10:50:00,642.28,642.28,642.21,642.25,8585.0
2025-08-26 10:55:00,642.29,642.29,642.29,642.29,402.0
2025-08-26 11:00:00,642.31,642.32,642.2,642.2,6946.0
2025-08-26 11:05:00,642.15,642.15,642.15,642.15,732.0
2025-08-26 11:10:00,642.16,642.21,642.14,642.15,2634.0
2025-08-26 11:15:00,642.02,642.02,641.98,642.0,9792.0
2025-08-26 11:20:00,641.94,642.0,641.92,642.0,3852.0
2025-08-26 11:25:00,642.01,642.06,641.94,641.94,5997.0
2025-08-26 11:30:00,641.95,641.95,641.65,641.7,8035.0
2025-08-26 11:35:00,641.73,641.73,641.64,641.64,5435.0
2025-08-26 11:40:00,641.71,641.8,641.71,641.74,4664.0
2025-08-26 11:45:00,641.71,641.71,641.53,641.61,3096.0
2025-08-26 11:50:00,641.74,641.87,641.71,641.85,6063.0
2025-08-26 11:55:00,641.9,642.11,641.9,642.06,7591.0
2025-08-26 12:00:00,642.23,642.5,640.73,641.8407,47757.0
2025-08-26 12:05:00,641.87,641.929,641.71,641.71,6978.0
2025-08-26 12:10:00,641.7101,641.85,641.6,641.61,12081.0
2025-08-26 12:15:00,641.58,641.98,641.44,641.93,11982.0
2025-08-26 12:20:00,641.84,642.08,641.84,642.03,7424.0
2025-08-26 12:25:00,642.04,642.05,641.87,641.94,7588.0
2025-08-26 12:30:00,641.87,642.25,641.85,642.22,27697.0
2025-08-26 12:35:00,642.25,642.25,642.0,642.13,14153.0
2025-08-26 12:40:00,642.2097,642.22,642.07,642.1494,17361.0
2025-08-26 12:45:00,642.17,642.25,642.16,642.24,9410.0
2025-08-26 12:50:00,642.19,642.27,642.0,642.02,9234.0
2025-08-26 12:55:00,642.02,642.2,642.0,642.18,8559.0
2025-08-26 13:00:00,642.19,642.36,642.09,642.18,15717.0
2025-08-26 13:05:00,642.22,642.31,642.15,642.27,30044.0
2025-08-26 13:10:00,642.27,642.39,642.26,642.3,9336.0
2025-08-26 13:15:00,642.25,642.2901,642.22,642.26,11200.0
2025-08-26 13:20:00,642.28,642.31,642.19,642.22,8147.0
2025-08-26 13:25:00,642.24,642.31,642.12,642.18,47376.0
2025-08-26 13:30:00,642.2,642.81,641.93,642.6099,1206761.0
2025-08-26 13:35:00,642.605,642.66,641.98,642.31,793088.0
2025-08-26 13:40:00,642.28,642.8499,642.27,642.74,750452.0
2025-08-26 13:45:00,642.73,642.78,641.57,641.75,1104279.0
2025-08-26 13:50:00,641.76,642.77,641.71,642.611,1006300.0
2025-08-26 13:55:00,642.61,642.66,642.26,642.555,547316.0
2025-08-26 14:00:00,642.492,642.86,642.49,642.7,787561.0
2025-08-26 14:05:00,642.72,642.81,642.46,642.65,631429.0
2025-08-26 14:10:00,642.655,643.03,642.38,642.7835,680186.0
2025-08-26 14:15:00,642.78,643.06,642.675,642.725,559429.0
2025-08-26 14:20:00,642.73,643.26,642.71,643.18,805271.0
2025-08-26 14:25:00,643.17,643.27,642.935,643.08,485421.0
2025-08-26 14:30:00,643.065,643.18,642.8204,642.88,463946.0
2025-08-26 14:35:00,642.89,643.105,642.66,642.685,393872.0
2025-08-26 14:40:00,642.68,642.91,642.49,642.905,419888.0
2025-08-26 14:45:00,642.91,643.01,642.54,642.725,423624.0
2025-08-26 14:50:00,642.735,642.878,642.6,642.84,366510.0
2025-08-26 14:55:00,642.85,643.09,642.67,642.6919,482895.0
2025-08-26 15:00:00,642.7,642.88,642.56,642.755,308978.0
2025-08-26 15:05:00,642.75,642.865,642.52,642.555,207508.0
2025-08-26 15:10:00,642.56,642.78,642.32,642.74,628343.0
2025-08-26 15:15:00,642.73,642.795,642.295,642.615,437762.0
2025-08-26 15:20:00,642.615,642.88,642.595,642.83,284216.0
2025-08-26 15:25:00,642.83,642.87,642.4,642.44,291551.0
2025-08-26 15:30:00,642.41,642.639,642.33,642.34,289915.0
2025-08-26 15:35:00,642.335,642.76,642.2914,642.7,234707.0
2025-08-26 15:40:00,642.69,642.77,642.599,642.68,202079.0
2025-08-26 15:45:00,642.69,642.78,642.45,642.495,178720.0
2025-08-26 15:50:00,642.5,642.83,642.395,642.7699,402803.0
2025-08-26 15:55:00,642.78,642.91,642.69,642.75,220894.0
2025-08-26 16:00:00,642.76,643.09,642.76,643.035,347234.0
2025-08-27 09:30:00,645.69,645.71,645.69,645.71,1872.0
2025-08-27 09:35:00,645.72,645.77,645.71,645.77,1098.0
2025-08-27 09:40:00,645.68,645.68,645.68,645.68,247.0
2025-08-27 09:50:00,645.68,645.68,645.67,645.67,730.0
2025-08-27 09:55:00,645.63,645.63,645.63,645.63,105.0
2025-08-27 10:00:00,645.61,645.63,645.61,645.63,1318.0
2025-08-27 10:10:00,645.6,645.6,645.57,645.57,706.0
2025-08-27 10:15:00,645.69,645.69,645.65,645.65,238.0
2025-08-27 10:20:00,645.61,645.61,645.57,645.57,274.0
2025-08-27 10:25:00,645.76,645.76,645.76,645.76,405.0
2025-08-27 10:30:00,645.78,645.78,645.71,645.71,2314.0
2025-08-27 10:35:00,645.65,645.65,645.65,645.65,3130.0
2025-08-27 10:40:00,645.69,645.69,645.69,645.69,682.0
2025-08-27 10:45:00,645.68,645.71,645.64,645.71,1691.0
2025-08-27 10:50:00,645.61,645.64,645.6,645.64,1374.0
2025-08-27 11:00:00,645.72,645.72,645.56,645.56,2681.0
2025-08-27 11:05:00,645.62,645.63,645.53,645.6,13832.0
2025-08-27 11:10:00,645.68,645.75,645.64,645.75,3361.0
2025-08-27 11:15:00,645.75,645.81,645.75,645.77,2919.0
2025-08-27 11:20:00,645.78,645.85,645.74,645.74,6478.0
2025-08-27 11:25:00,645.73,645.76,645.71,645.76,1406.0
2025-08-27 11:30:00,645.76,645.78,645.75,645.78,1215.0
2025-08-27 11:35:00,645.79,645.86,645.79,645.86,8443.0
2025-08-27 11:40:00,645.89,645.89,645.8,645.82,5763.0
2025-08-27 11:45:00,645.82,645.9,645.8,645.89,9666.0
2025-08-27 11:50:00,645.89,645.89,645.86,645.86,624.0
2025-08-27 11:55:00,645.9,645.9,645.77,645.79,6744.0
2025-08-27 12:00:00,645.62,645.92,645.08,645.73,76245.0
2025-08-27 12:05:00,645.76,645.82,645.76,645.8119,1514.0
2025-08-27 12:10:00,645.88,645.97,645.86,645.94,8505.0
2025-08-27 12:15:00,645.91,646.0,645.88,645.9596,7091.0
2025-08-27 12:20:00,645.91,645.95,645.89,645.92,2488.0
2025-08-27 12:25:00,645.79,645.79,645.56,645.58,8981.0
2025-08-27 12:30:00,645.58,645.66,645.26,645.28,25018.0
2025-08-27 12:35:00,645.29,645.31,645.19,645.21,14416.0
2025-08-27 12:40:00,645.2,645.2,644.95,644.99,36766.0
2025-08-27 12:45:00,645.06,645.29,645.0291,645.25,23708.0
2025-08-27 12:50:00,645.21,645.23,645.13,645.19,9604.0
2025-08-27 12:55:00,645.19,645.26,645.11,645.26,10294.0
2025-08-27 13:00:00,645.23,645.26,645.0,645.0,16728.0
2025-08-27 13:05:00,644.98,645.08,644.75,644.87,49332.0
2025-08-27 13:10:00,644.89,645.04,644.85,645.0,40443.0
2025-08-27 13:15:00,645.0,645.02,644.81,644.85,26031.0
2025-08-27 13:20:00,644.85,644.85,644.69,644.82,20585.0
2025-08-27 13:25:00,644.79,644.88,644.41,644.57,46044.0
2025-08-27 13:30:00,644.57,645.13,644.42,645.06,1053583.0
2025-08-27 13:35:00,645.06,645.45,644.89,645.35,852657.0
2025-08-27 13:40:00,645.34,645.53,645.04,645.3601,825189.0
2025-08-27 13:45:00,645.39,645.4,644.81,644.925,1018391.0
2025-08-27 13:50:00,644.94,645.44,644.82,645.4,697815.0
2025-08-27 13:55:00,645.39,645.42,645.035,645.35,562747.0
2025-08-27 14:00:00,645.35,645.62,645.2603,645.39,708003.0
2025-08-27 14:05:00,645.38,645.71,645.31,645.665,1187289.0
2025-08-27 14:10:00,645.665,645.87,645.55,645.8399,543386.0
2025-08-27 14:15:00,645.84,646.26,645.8301,646.22,776544.0
2025-08-27 14:20:00,646.23,646.34,645.995,646.22,709466.0
2025-08-27 14:25:00,646.2199,646.29,646.02,646.1171,426514.0
2025-08-27 14:30:00,646.11,646.41,646.04,646.34,568138.0
2025-08-27 14:35:00,646.34,646.3811,646.125,646.19,370455.0
2025-08-27 14:40:00,646.18,646.25,646.06,646.095,452079.0
2025-08-27 14:45:00,646.09,646.13,645.75,646.1,510076.0
2025-08-27 14:50:00,646.09,646.3,646.02,646.2602,296483.0
2025-08-27 14:55:00,646.27,646.405,646.18,646.18,330877.0
2025-08-27 15:00:00,646.19,646.4,646.19,646.21,288460.0
2025-08-27 15:05:00,646.221,646.42,646.18,646.39,406790.0
2025-08-27 15:10:00,646.39,646.49,646.29,646.385,262702.0
2025-08-27 15:15:00,646.38,646.4813,646.3,646.34,284932.0
2025-08-27 15:20:00,646.34,646.54,646.325,646.505,376715.0
2025-08-27 15:25:00,646.49,646.49,646.25,646.3,327018.0
2025-08-27 15:30:00,646.3,646.41,646.11,646.36,287503.0
2025-08-27 15:35:00,646.3442,646.53,646.3,646.51,356887.0
2025-08-27 15:40:00,646.51,646.51,645.91,646.315,621479.0
2025-08-27 15:45:00,646.31,646.6501,646.28,646.61,365414.0
2025-08-27 15:50:00,646.61,646.69,646.4991,646.525,248078.0
2025-08-27 15:55:00,646.53,646.68,646.505,646.5418,347117.0
2025-08-27 16:00:00,646.55,646.58,646.47,646.53,165938.0
2025-08-28 09:30:00,647.02,647.06,647.01,647.01,1751.0
2025-08-28 09:35:00,647.02,647.18,647.02,647.18,2024.0
2025-08-28 09:40:00,646.99,647.02,646.99,647.0,1724.0
2025-08-28 09:45:00,647.09,647.09,647.0,647.0,863.0
2025-08-28 09:50:00,647.05,647.07,647.01,647.01,800.0
2025-08-28 09:55:00,647.05,647.05,647.05,647.05,262.0
2025-08-28 10:00:00,646.91,647.0,646.91,647.0,567.0
2025-08-28 10:10:00,646.97,647.01,646.97,647.0,2043.0
2025-08-28 10:15:00,647.05,647.06,646.98,646.98,957.0
2025-08-28 10:20:00,646.88,646.98,646.88,646.98,681.0
2025-08-28 10:25:00,647.13,647.14,647.0,647.0,915.0
2025-08-28 10:30:00,646.92,647.03,646.92,647.03,289.0
2025-08-28 10:35:00,647.03,647.03,646.85,646.87,5256.0
2025-08-28 10:40:00,646.77,646.77,646.5,646.5,9580.0
2025-08-28 10:45:00,646.53,646.79,646.53,646.71,2792.0
2025-08-28 10:50:00,646.71,646.81,646.6,646.68,2559.0
2025-08-28 10:55:00,646.75,646.75,646.74,646.74,1163.0
2025-08-28 11:00:00,646.8,646.88,646.721,646.721,7717.0
2025-08-28 11:05:00,646.72,646.75,646.56,646.59,7648.0
2025-08-28 11:10:00,646.55,646.55,646.44,646.48,7380.0
2025-08-28 11:15:00,646.49,646.49,646.3,646.3,19072.0
2025-08-28 11:20:00,646.3,646.44,646.29,646.39,3179.0
2025-08-28 11:25:00,646.4,646.51,646.4,646.43,11271.0
2025-08-28 11:30:00,646.44,646.55,646.3,646.52,72169.0
2025-08-28 11:35:00,646.54,646.6,646.4,646.47,15830.0
2025-08-28 11:40:00,646.44,646.54,646.41,646.48,13298.0
2025-08-28 11:45:00,646.57,646.69,646.55,646.69,2201.0
2025-08-28 11:50:00,646.7,646.87,646.7,646.86,3301.0
2025-08-28 11:55:00,646.88,646.97,646.82,646.97,7817.0
2025-08-28 12:00:00,646.87,647.67,645.92,646.96,112789.0
2025-08-28 12:05:00,647.04,647.12,647.01,647.02,12499.0
2025-08-28 12:10:00,646.9,646.9,646.77,646.7703,3165.0
2025-08-28 12:15:00,646.77,646.77,646.6,646.62,12311.0
2025-08-28 12:20:00,646.62,646.62,646.5,646.61,13533.0
2025-08-28 12:25:00,646.6,646.61,646.45,646.54,6053.0
2025-08-28 12:30:00,646.55,647.42,646.55,647.13,126241.0
2025-08-28 12:35:00,647.1301,647.29,646.9,647.27,74694.0
2025-08-28 12:40:00,647.29,647.58,647.24,647.4,59949.0
2025-08-28 12:45:00,647.39,647.42,647.11,647.14,63823.0
2025-08-28 12:50:00,647.19,647.3,647.12,647.2,28547.0
2025-08-28 12:55:00,647.18,647.35,647.12,647.1301,49626.0
2025-08-28 13:00:00,647.14,647.33,647.12,647.32,37303.0
2025-08-28 13:05:00,647.34,647.57,647.31,647.42,82973.0
2025-08-28 13:10:00,647.42,647.51,647.36,647.47,30154.0
2025-08-28 13:15:00,647.47,647.64,647.47,647.59,47476.0
2025-08-28 13:20:00,647.59,647.66,647.51,647.52,27734.0
2025-08-28 13:25:00,647.53,647.55,647.2,647.24,103174.0
2025-08-28 13:30:00,647.24,648.09,646.86,647.81,1697483.0
2025-08-28 13:35:00,647.81,647.82,646.98,647.475,1614840.0
2025-08-28 13:40:00,647.48,647.63,647.0699,647.19,765500.0
2025-08-28 13:45:00,647.19,647.33,646.54,646.55,1039757.0
2025-08-28 13:50:00,646.54,646.62,645.71,646.0,2303719.0
2025-08-28 13:55:00,646.02,646.13,645.34,645.94,1310523.0
2025-08-28 14:00:00,645.93,646.22,645.605,645.68,921989.0
2025-08-28 14:05:00,645.64,646.68,645.58,646.27,1687895.0
2025-08-28 14:10:00,646.28,646.61,646.19,646.38,1001600.0
2025-08-28 14:15:00,646.365,646.57,645.95,646.07,773021.0
2025-08-28 14:20:00,646.07,646.595,646.07,646.295,511970.0
2025-08-28 14:25:00,646.29,646.31,645.84,645.955,530039.0
2025-08-28 14:30:00,645.98,646.665,645.94,646.35,456710.0
2025-08-28 14:35:00,646.34,646.38,645.94,646.36,427853.0
2025-08-28 14:40:00,646.36,646.94,646.35,646.8099,690374.0
2025-08-28 14:45:00,646.805,647.1,646.5249,646.86,910994.0
2025-08-28 14:50:00,646.87,647.01,646.59,646.961,440719.0
2025-08-28 14:55:00,646.97,647.17,646.87,646.89,569615.0
2025-08-28 15:00:00,646.89,647.075,646.8,646.84,521397.0
2025-08-28 15:05:00,646.84,646.93,646.67,646.805,357298.0
2025-08-28 15:10:00,646.82,647.17,646.78,647.147,671557.0
2025-08-28 15:15:00,647.175,647.6558,647.085,647.31,951336.0
2025-08-28 15:20:00,647.3,647.32,646.51,646.72,432813.0
2025-08-28 15:25:00,646.72,646.72,646.08,646.25,694607.0
2025-08-28 15:30:00,646.275,646.935,646.24,646.86,459025.0
2025-08-28 15:35:00,646.845,647.0935,646.715,646.79,429773.0
2025-08-28 15:40:00,646.8,647.0,646.73,646.86,376259.0
2025-08-28 15:45:00,646.84,646.9699,646.63,646.865,395659.0
2025-08-28 15:50:00,646.875,647.04,646.75,646.97,873458.0
2025-08-28 15:55:00,646.96,647.19,646.89,647.02,296001.0
2025-08-28 16:00:00,647.02,647.1,646.94,647.08,305749.0
2025-08-29 09:30:00,647.21,647.24,647.14,647.22,4649.0
2025-08-29 09:35:00,647.24,647.27,647.24,647.26,1471.0
2025-08-29 09:40:00,647.22,647.22,647.17,647.18,3883.0
2025-08-29 09:45:00,647.34,647.34,647.3,647.3,1444.0
2025-08-29 09:50:00,647.22,647.27,647.22,647.27,1127.0
2025-08-29 09:55:00,647.26,647.27,647.18,647.18,2876.0
2025-08-29 10:00:00,647.1,647.14,646.95,647.14,5988.0
2025-08-29 10:10:00,647.18,647.39,647.18,647.3,2683.0
2025-08-29 10:15:00,647.21,647.25,647.21,647.25,949.0
2025-08-29 10:20:00,647.24,647.24,647.22,647.22,454.0
2025-08-29 10:25:00,647.25,647.25,647.25,647.25,781.0
2025-08-29 10:30:00,647.28,647.28,647.11,647.16,4133.0
2025-08-29 10:35:00,647.21,647.21,647.1,647.12,3470.0
2025-08-29 10:40:00,647.14,647.14,647.0,647.06,28874.0
2025-08-29 10:45:00,647.06,647.14,647.02,647.05,2279.0
2025-08-29 10:50:00,647.14,647.19,647.11,647.12,31260.0
2025-08-29 10:55:00,646.9,647.11,646.9,647.05,12787.0
2025-08-29 11:00:00,647.04,647.23,647.03,647.2,10968.0
2025-08-29 11:05:00,647.18,647.21,647.11,647.11,2735.0
2025-08-29 11:10:00,647.21,647.34,647.2,647.33,32272.0
2025-08-29 11:15:00,647.4,647.4,647.32,647.35,5239.0
2025-08-29 11:20:00,647.38,647.43,647.32,647.34,2907.0
2025-08-29 11:25:00,647.27,647.39,647.25,647.35,3192.0
2025-08-29 11:30:00,647.26,647.28,647.2,647.22,16710.0
2025-08-29 11:35:00,647.22,647.33,647.16,647.19,13207.0
2025-08-29 11:40:00,647.16,647.3,647.14,647.18,7231.0
2025-08-29 11:45:00,647.2,647.2,647.15,647.19,5366.0
2025-08-29 11:50:00,647.1,647.14,647.02,647.14,12681.0
2025-08-29 11:55:00,647.12,647.24,647.07,647.14,19954.0
2025-08-29 12:00:00,647.18,648.8,646.87,646.97,91911.0
2025-08-29 12:05:00,646.92,647.05,646.81,647.0,51228.0
2025-08-29 12:10:00,646.97,647.02,646.92,647.02,14455.0
2025-08-29 12:15:00,647.05,647.2,647.0,647.01,55213.0
2025-08-29 12:20:00,647.0,647.12,646.98,647.02,54846.0
2025-08-29 12:25:00,647.02,647.21,646.98,647.0,41625.0
2025-08-29 12:30:00,647.1077,648.09,647.1077,647.6,245668.0
2025-08-29 12:35:00,647.69,647.75,647.33,647.4683,45598.0
2025-08-29 12:40:00,647.45,647.5299,647.25,647.5183,45068.0
2025-08-29 12:45:00,647.4691,647.68,647.45,647.68,18537.0
2025-08-29 12:50:00,647.72,647.72,647.5,647.64,13694.0
2025-08-29 12:55:00,647.6,647.71,647.57,647.7,14657.0
2025-08-29 13:00:00,647.68,647.86,647.65,647.75,34780.0
2025-08-29 13:05:00,647.77,647.77,647.62,647.6201,12859.0
2025-08-29 13:10:00,647.65,647.69,647.58,647.68,7523.0
2025-08-29 13:15:00,647.68,647.7299,647.47,647.47,30648.0
2025-08-29 13:20:00,647.53,647.7599,647.52,647.5797,20210.0
2025-08-29 13:25:00,647.57,647.96,647.37,647.47,103911.0
2025-08-29 13:30:00,647.47,647.84,647.285,647.41,1706236.0
2025-08-29 13:35:00,647.39,647.44,646.85,646.8688,1203030.0
2025-08-29 13:40:00,646.87,647.28,646.8,647.0051,976268.0
2025-08-29 13:45:00,647.01,647.01,646.065,646.1,1714763.0
2025-08-29 13:50:00,646.1,646.3493,645.77,645.96,1231082.0
2025-08-29 13:55:00,645.96,646.1549,645.34,645.51,1281987.0
2025-08-29 14:00:00,645.5,646.063,644.6,644.6201,1615043.0
2025-08-29 14:05:00,644.6,644.75,643.79,644.08,1893398.0
2025-08-29 14:10:00,644.06,644.39,643.84,644.33,1983755.0
2025-08-29 14:15:00,644.32,644.32,643.63,644.13,1389216.0
2025-08-29 14:20:00,644.09,644.79,644.08,644.43,985707.0
2025-08-29 14:25:00,644.42,644.6799,643.815,644.6688,839341.0
2025-08-29 14:30:00,644.67,644.9258,644.33,644.825,681934.0
2025-08-29 14:35:00,644.8,645.01,644.53,644.965,606390.0
2025-08-29 14:40:00,644.96,645.11,644.17,644.2046,778759.0
2025-08-29 14:45:00,644.2,644.36,643.52,643.71,1042817.0
2025-08-29 14:50:00,643.71,643.78,643.14,643.72,1145350.0
2025-08-29 14:55:00,643.73,644.03,643.52,643.82,847137.0
2025-08-29 15:00:00,643.82,644.24,643.68,644.08,545889.0
2025-08-29 15:05:00,644.09,644.695,644.03,644.64,585218.0
2025-08-29 15:10:00,644.62,644.76,644.34,644.36,541429.0
2025-08-29 15:15:00,644.37,644.605,644.21,644.35,476050.0
2025-08-29 15:20:00,644.34,644.61,644.2,644.56,368003.0
2025-08-29 15:25:00,644.55,644.77,644.3,644.41,453339.0
2025-08-29 15:30:00,644.41,644.55,644.0,644.06,399170.0
2025-08-29 15:35:00,644.07,644.51,644.06,644.3499,476734.0
2025-08-29 15:40:00,644.34,644.47,644.13,644.1479,383042.0
2025-08-29 15:45:00,644.135,644.255,643.97,643.995,352128.0
2025-08-29 15:50:00,643.99,644.12,643.71,643.91,463497.0
2025-08-29 15:55:00,643.91,644.1,643.73,643.79,526539.0
2025-08-29 16:00:00,643.78,644.42,643.75,644.335,592516.0
2025-09-02 09:30:00,641.91,641.91,641.91,641.91,289.0
2025-09-02 09:35:00,642.03,642.05,642.0,642.02,4069.0
2025-09-02 09:40:00,641.93,641.94,641.93,641.93,1395.0
2025-09-02 09:45:00,641.66,641.66,641.42,641.42,8610.0
2025-09-02 09:55:00,641.49,641.5,641.49,641.5,604.0
2025-09-02 10:00:00,641.39,641.48,641.36,641.44,1847.0
2025-09-02 10:05:00,641.45,641.66,641.37,641.66,3189.0
2025-09-02 10:10:00,641.71,641.71,641.48,641.48,1610.0
2025-09-02 10:15:00,641.48,641.48,641.12,641.12,3000.0
2025-09-02 10:20:00,641.12,641.21,640.83,640.83,4995.0
2025-09-02 10:25:00,640.82,640.82,640.4,640.48,6142.0
2025-09-02 10:30:00,640.52,640.58,640.25,640.55,3295.0
2025-09-02 10:35:00,640.49,640.66,640.48,640.64,5530.0
2025-09-02 10:40:00,640.64,640.64,639.86,640.4,25533.0
2025-09-02 10:45:00,640.39,640.42,640.39,640.41,1902.0
2025-09-02 10:50:00,640.15,640.24,640.13,640.2,3851.0
2025-09-02 10:55:00,640.19,640.32,640.12,640.32,20852.0
2025-09-02 11:00:00,640.35,640.46,640.1,640.13,66535.0
2025-09-02 11:05:00,640.05,640.15,640.04,640.11,7201.0
2025-09-02 11:10:00,640.1,640.27,639.9,640.27,11514.0
2025-09-02 11:15:00,640.26,640.47,640.16,640.16,28003.0
2025-09-02 11:20:00,640.21,640.29,640.05,640.29,12249.0
2025-09-02 11:25:00,640.26,640.48,640.17,640.17,21837.0
2025-09-02 11:30:00,640.11,640.2,640.0,640.04,6054.0
2025-09-02 11:35:00,640.03,640.1,639.92,639.95,88920.0
2025-09-02 11:40:00,640.2,640.27,640.02,640.02,34541.0
2025-09-02 11:45:00,640.1,640.14,640.0,640.04,16642.0
2025-09-02 11:50:00,640.03,640.12,639.79,640.12,52857.0
2025-09-02 11:55:00,640.14,640.14,639.97,640.02,54654.0
2025-09-02 12:00:00,644.49,644.71,639.14,639.27,171926.0
2025-09-02 12:05:00,639.33,639.41,639.04,639.04,38721.0
2025-09-02 12:10:00,639.1,639.14,638.88,639.1,91412.0
2025-09-02 12:15:00,639.03,639.2,638.8,638.805,61830.0
2025-09-02 12:20:00,638.9,639.0,638.58,638.63,73532.0
2025-09-02 12:25:00,638.57,638.82,638.5,638.66,46614.0
2025-09-02 12:30:00,638.6,638.73,638.38,638.58,57182.0
2025-09-02 12:35:00,638.56,638.8,638.28,638.33,75286.0
2025-09-02 12:40:00,638.27,638.31,637.73,637.94,128012.0
2025-09-02 12:45:00,638.0,638.03,637.54,637.66,46211.0
2025-09-02 12:50:00,637.63,638.13,636.44,637.2,115349.0
2025-09-02 12:55:00,637.16,637.64,636.79,637.34,103491.0
2025-09-02 13:00:00,637.34,637.3699,636.96,637.35,55244.0
2025-09-02 13:05:00,637.4,637.7,637.27,637.33,72252.0
2025-09-02 13:10:00,637.29,637.85,637.26,637.8301,31966.0
2025-09-02 13:15:00,637.82,637.92,637.7,637.7,40070.0
2025-09-02 13:20:00,637.68,637.8753,637.57,637.85,45768.0
2025-09-02 13:25:00,637.75,637.96,637.36,637.53,77935.0
2025-09-02 13:30:00,637.5,637.52,636.05,636.39,4288433.0
2025-09-02 13:35:00,636.38,637.34,636.33,636.855,2392750.0
2025-09-02 13:40:00,636.85,637.435,636.57,637.095,1260356.0
2025-09-02 13:45:00,637.07,637.87,636.44,637.805,1501659.0
2025-09-02 13:50:00,637.81,639.14,637.67,639.14,1710526.0
2025-09-02 13:55:00,639.12,639.36,638.82,639.07,1125215.0
2025-09-02 14:00:00,639.01,640.14,638.87,639.34,1385076.0
2025-09-02 14:05:00,639.34,639.438,638.83,638.97,763907.0
2025-09-02 14:10:00,638.96,639.5199,638.6702,638.9,785971.0
2025-09-02 14:15:00,638.89,639.28,638.44,638.91,971499.0
2025-09-02 14:20:00,638.91,639.4465,638.36,638.455,677014.0
2025-09-02 14:25:00,638.45,639.49,638.18,639.47,1001977.0
2025-09-02 14:30:00,639.45,639.63,638.94,639.523,717341.0
2025-09-02 14:35:00,639.51,639.58,638.85,638.98,703535.0
2025-09-02 14:40:00,638.99,638.9942,637.97,638.11,795867.0
2025-09-02 14:45:00,638.13,638.27,637.39,637.46,893733.0
2025-09-02 14:50:00,637.45,637.705,637.23,637.43,768814.0
2025-09-02 14:55:00,637.41,637.76,637.235,637.65,874477.0
2025-09-02 15:00:00,637.65,637.94,637.27,637.275,583845.0
2025-09-02 15:05:00,637.3,637.33,636.89,637.1499,580204.0
2025-09-02 15:10:00,637.15,637.52,636.9107,637.0,461279.0
2025-09-02 15:15:00,637.01,637.095,636.37,636.57,830920.0
2025-09-02 15:20:00,636.57,636.6,636.17,636.48,822231.0
2025-09-02 15:25:00,636.48,636.81,636.41,636.56,681405.0
2025-09-02 15:30:00,636.55,636.568,636.18,636.24,770999.0
2025-09-02 15:35:00,636.23,636.28,635.45,635.495,895863.0
2025-09-02 15:40:00,635.52,635.7699,635.41,635.4788,562911.0
2025-09-02 15:45:00,635.49,635.74,635.39,635.415,478558.0
2025-09-02 15:50:00,635.43,635.43,634.955,635.17,1303047.0
2025-09-02 15:55:00,635.17,635.57,634.92,635.21,722329.0
2025-09-02 16:00:00,635.215,635.61,635.0301,635.09,857612.0
2025-09-03 09:30:00,643.12,643.12,642.96,643.07,4639.0
2025-09-03 09:35:00,643.0,643.33,642.99,643.26,5096.0
2025-09-03 09:40:00,643.29,643.5,643.29,643.41,16650.0
2025-09-03 09:45:00,643.43,643.45,643.26,643.3,4979.0
2025-09-03 09:50:00,643.32,643.37,643.23,643.34,6997.0
2025-09-03 09:55:00,643.35,643.35,643.23,643.27,3195.0
2025-09-03 10:00:00,643.35,643.36,643.25,643.25,2245.0
2025-09-03 10:05:00,643.33,643.37,643.17,643.17,5477.0
2025-09-03 10:10:00,643.22,643.24,643.1,643.21,5417.0
2025-09-03 10:15:00,643.23,643.23,643.06,643.16,3783.0
2025-09-03 10:20:00,643.21,643.23,643.17,643.23,3571.0
2025-09-03 10:25:00,643.23,643.38,643.23,643.35,2235.0
2025-09-03 10:30:00,643.38,643.62,643.35,643.39,48954.0
2025-09-03 10:35:00,643.33,643.35,643.21,643.3,11938.0
2025-09-03 10:40:00,643.3,643.32,643.22,643.25,23727.0
2025-09-03 10:45:00,643.29,643.35,643.26,643.35,3854.0
2025-09-03 10:50:00,643.32,643.47,643.3,643.41,3853.0
2025-09-03 10:55:00,643.45,643.5,643.42,643.5,6273.0
2025-09-03 11:00:00,643.47,643.68,643.42,643.63,17060.0
2025-09-03 11:05:00,643.72,643.74,643.46,643.57,46350.0
2025-09-03 11:10:00,643.6,643.75,643.5,643.54,27544.0
2025-09-03 11:15:00,643.6,643.6,643.46,643.51,5191.0
2025-09-03 11:20:00,643.48,643.5,643.39,643.39,4360.0
2025-09-03 11:25:00,643.45,643.45,643.18,643.18,12557.0
2025-09-03 11:30:00,643.19,643.19,642.81,643.18,53094.0
2025-09-03 11:35:00,643.2,643.37,643.14,643.2,23483.0
2025-09-03 11:40:00,643.22,643.6,643.15,643.52,17803.0
2025-09-03 11:45:00,643.5,643.5,643.28,643.28,12602.0
2025-09-03 11:50:00,643.36,643.36,643.24,643.27,14476.0
2025-09-03 11:55:00,643.24,643.24,642.62,642.7,53320.0
2025-09-03 12:00:00,642.76,643.75,640.5,643.1,168063.0
2025-09-03 12:05:00,643.08,643.21,643.05,643.14,19084.0
2025-09-03 12:10:00,643.11,643.29,643.01,643.28,116342.0
2025-09-03 12:15:00,643.31,643.36,643.1904,643.23,25497.0
2025-09-03 12:20:00,643.2799,643.32,643.0,643.02,23169.0
2025-09-03 12:25:00,643.05,643.08,642.94,643.02,19077.0
2025-09-03 12:30:00,642.98,642.98,642.21,642.27,99088.0
2025-09-03 12:35:00,642.3,642.61,642.28,642.6,93838.0
2025-09-03 12:40:00,642.6,642.7,642.41,642.53,35481.0
2025-09-03 12:45:00,642.5,642.65,642.43,642.56,36651.0
2025-09-03 12:50:00,642.58,642.58,642.39,642.39,32889.0
2025-09-03 12:55:00,642.4,642.54,642.35,642.39,77467.0
2025-09-03 13:00:00,642.39,642.56,642.29,642.52,49639.0
2025-09-03 13:05:00,642.53,642.86,642.51,642.59,46754.0
2025-09-03 13:10:00,642.63,642.92,642.6201,642.9,15083.0
2025-09-03 13:15:00,642.84,642.89,642.68,642.85,18091.0
2025-09-03 13:20:00,642.85,643.03,642.69,642.69,34456.0
2025-09-03 13:25:00,642.67,642.91,642.56,642.7,90027.0
2025-09-03 13:30:00,642.67,643.14,642.41,642.87,2179032.0
2025-09-03 13:35:00,642.88,643.23,642.65,642.89,1702868.0
2025-09-03 13:40:00,642.89,643.13,642.52,643.0,1105219.0
2025-09-03 13:45:00,643.02,643.1,642.1,642.52,1482251.0
2025-09-03 13:50:00,642.52,643.05,642.255,642.39,983789.0
2025-09-03 13:55:00,642.385,642.51,641.83,641.94,939232.0
2025-09-03 14:00:00,642.0,642.8642,641.7402,642.67,1150519.0
2025-09-03 14:05:00,642.66,642.895,642.26,642.42,750902.0
2025-09-03 14:10:00,642.42,642.77,641.59,641.62,1032127.0
2025-09-03 14:15:00,641.62,642.72,641.62,642.638,985686.0
2025-09-03 14:20:00,642.64,642.96,642.6,642.82,728445.0
2025-09-03 14:25:00,642.81,643.2197,642.32,642.3612,878210.0
2025-09-03 14:30:00,642.36,643.27,642.34,643.25,937319.0
2025-09-03 14:35:00,643.25,643.32,643.05,643.23,698506.0
2025-09-03 14:40:00,643.22,643.88,643.22,643.6909,1115058.0
2025-09-03 14:45:00,643.68,644.09,643.58,643.93,833297.0
2025-09-03 14:50:00,643.938,644.16,643.74,643.955,719677.0
2025-09-03 14:55:00,643.95,644.07,643.74,643.97,553811.0
2025-09-03 15:00:00,643.98,644.12,643.825,644.03,606366.0
2025-09-03 15:05:00,644.04,644.21,643.74,643.95,619193.0
2025-09-03 15:10:00,643.96,644.08,643.51,643.63,494018.0
2025-09-03 15:15:00,643.62,643.68,643.385,643.535,548871.0
2025-09-03 15:20:00,643.52,643.58,643.005,643.355,757326.0
2025-09-03 15:25:00,643.335,643.34,642.29,642.43,1084662.0
2025-09-03 15:30:00,642.43,642.68,642.13,642.34,898583.0
2025-09-03 15:35:00,642.34,642.81,642.33,642.8,782918.0
2025-09-03 15:40:00,642.79,642.97,642.6099,642.73,463918.0
2025-09-03 15:45:00,642.72,642.825,642.34,642.6299,568753.0
2025-09-03 15:50:00,642.62,642.85,642.33,642.59,380165.0
2025-09-03 15:55:00,642.58,642.58,642.12,642.375,404366.0
2025-09-03 16:00:00,642.37,642.55,641.995,642.205,522090.0
2025-09-04 09:30:00,644.63,644.67,644.63,644.67,791.0
2025-09-04 09:35:00,644.73,644.78,644.7,644.78,769.0
2025-09-04 09:45:00,644.74,644.74,644.67,644.67,840.0
2025-09-04 09:50:00,644.67,644.67,644.67,644.67,312.0
2025-09-04 09:55:00,644.64,644.76,644.64,644.75,1207.0
2025-09-04 10:00:00,644.9,645.01,644.9,645.0,2970.0
2025-09-04 10:05:00,644.98,644.98,644.96,644.96,2031.0
2025-09-04 10:10:00,645.0,645.16,645.0,645.15,4696.0
2025-09-04 10:15:00,645.22,645.24,644.99,644.99,7997.0
2025-09-04 10:20:00,644.98,644.98,644.82,644.82,1641.0
2025-09-04 10:25:00,644.77,644.77,644.58,644.58,2185.0
2025-09-04 10:30:00,644.73,644.73,644.68,644.73,625.0
2025-09-04 10:35:00,644.7,644.81,644.7,644.77,3253.0
2025-09-04 10:40:00,644.83,644.89,644.79,644.88,2131.0
2025-09-04 10:45:00,644.82,644.82,644.76,644.76,5573.0
2025-09-04 10:50:00,644.8,644.8,644.8,644.8,300.0
2025-09-04 10:55:00,644.85,644.85,644.8,644.85,7542.0
2025-09-04 11:00:00,644.7,644.98,644.7,644.98,6727.0
2025-09-04 11:05:00,644.95,644.99,644.95,644.99,2828.0
2025-09-04 11:10:00,644.86,645.01,644.86,645.01,2895.0
2025-09-04 11:15:00,645.0,645.05,645.0,645.02,18064.0
2025-09-04 11:20:00,644.87,644.87,644.57,644.63,4946.0
2025-09-04 11:25:00,644.68,644.71,644.5,644.6,7881.0
2025-09-04 11:30:00,644.58,644.66,644.56,644.6,3719.0
2025-09-04 11:35:00,644.65,644.65,644.57,644.6,10751.0
2025-09-04 11:40:00,644.62,644.72,644.62,644.71,2726.0
2025-09-04 11:45:00,644.65,644.69,644.47,644.53,4045.0
2025-09-04 11:50:00,644.38,644.39,644.17,644.32,11140.0
2025-09-04 11:55:00,644.35,644.48,644.35,644.42,9834.0
2025-09-04 12:00:00,644.95,645.05,643.8,644.72,59299.0
2025-09-04 12:05:00,644.7297,644.76,644.6,644.7,32949.0
2025-09-04 12:10:00,644.75,644.89,644.69,644.79,33363.0
2025-09-04 12:15:00,644.8,645.03,644.32,644.32,35968.0
2025-09-04 12:20:00,644.32,644.36,644.2,644.32,13329.0
2025-09-04 12:25:00,644.24,644.39,644.23,644.38,7047.0
2025-09-04 12:30:00,644.43,644.62,644.05,644.14,30713.0
2025-09-04 12:35:00,644.09,644.25,644.01,644.21,18869.0
2025-09-04 12:40:00,644.21,644.29,644.04,644.21,23731.0
2025-09-04 12:45:00,644.16,644.34,644.07,644.29,10357.0
2025-09-04 12:50:00,644.3,644.36,644.24,644.28,14102.0
2025-09-04 12:55:00,644.28,644.41,644.28,644.4082,11883.0
2025-09-04 13:00:00,644.3,644.39,644.1501,644.2,24482.0
2025-09-04 13:05:00,644.2,644.2,643.97,644.16,120829.0
2025-09-04 13:10:00,644.161,644.22,644.02,644.13,23347.0
2025-09-04 13:15:00,644.04,644.21,644.04,644.21,10141.0
2025-09-04 13:20:00,644.22,644.28,644.1,644.14,22584.0
2025-09-04 13:25:00,644.1,644.5,644.03,644.47,66897.0
2025-09-04 13:30:00,644.42,644.94,644.19,644.9106,1237600.0
2025-09-04 13:35:00,644.91,645.3,644.56,644.74,1358398.0
2025-09-04 13:40:00,644.74,645.155,644.62,645.05,905235.0
2025-09-04 13:45:00,645.04,645.27,644.48,644.89,1410899.0
2025-09-04 13:50:00,644.92,645.155,644.72,644.86,822027.0
2025-09-04 13:55:00,644.86,645.15,644.67,644.85,570224.0
2025-09-04 14:00:00,644.8,645.0185,644.0,644.06,1117190.0
2025-09-04 14:05:00,644.08,644.2372,643.8,643.88,1051771.0
2025-09-04 14:10:00,643.89,644.5,643.79,643.9,1070538.0
2025-09-04 14:15:00,643.92,644.23,643.51,644.12,1029647.0
2025-09-04 14:20:00,644.12,644.81,644.11,644.79,818979.0
2025-09-04 14:25:00,644.77,645.11,644.57,644.88,915238.0
2025-09-04 14:30:00,644.87,645.37,644.84,645.17,967075.0
2025-09-04 14:35:00,645.17,645.78,644.99,645.6,1164789.0
2025-09-04 14:40:00,645.6,645.695,645.235,645.35,741559.0
2025-09-04 14:45:00,645.36,645.74,645.26,645.72,592061.0
2025-09-04 14:50:00,645.71,645.73,645.29,645.57,596074.0
2025-09-04 14:55:00,645.56,645.67,645.3,645.645,379844.0
2025-09-04 15:00:00,645.64,645.88,645.585,645.63,683907.0
2025-09-04 15:05:00,645.64,645.88,645.605,645.82,587590.0
2025-09-04 15:10:00,645.81,645.865,645.31,645.515,655791.0
2025-09-04 15:15:00,645.515,646.0499,645.51,646.01,750057.0
2025-09-04 15:20:00,646.0,646.25,645.87,646.04,620229.0
2025-09-04 15:25:00,646.04,646.435,646.0024,646.2108,753931.0
2025-09-04 15:30:00,646.22,646.26,645.9106,646.12,502272.0
2025-09-04 15:35:00,646.12,646.145,645.82,645.9701,482679.0
2025-09-04 15:40:00,645.98,646.31,645.915,646.0518,387723.0
2025-09-04 15:45:00,646.045,646.3,645.9825,646.23,380477.0
2025-09-04 15:50:00,646.24,646.48,646.14,646.47,499074.0
2025-09-04 15:55:00,646.46,646.59,646.17,646.175,738978.0
2025-09-04 16:00:00,646.175,646.3876,646.14,646.31,400924.0
2025-09-05 09:30:00,650.55,650.59,650.55,650.59,11385.0
2025-09-05 09:35:00,650.56,650.6,650.48,650.48,6538.0
2025-09-05 09:40:00,650.51,650.51,650.44,650.5,3612.0
2025-09-05 09:45:00,650.54,650.55,650.53,650.55,2724.0
2025-09-05 09:50:00,650.52,650.55,650.51,650.55,1434.0
2025-09-05 09:55:00,650.52,650.52,650.43,650.44,2994.0
2025-09-05 10:00:00,650.42,650.47,650.42,650.47,1368.0
2025-09-05 10:05:00,650.4,650.4,650.28,650.3,5375.0
2025-09-05 10:10:00,650.35,650.5,650.35,650.49,2069.0
2025-09-05 10:15:00,650.47,650.47,650.44,650.45,2200.0
2025-09-05 10:20:00,650.45,650.56,650.45,650.46,4731.0
2025-09-05 10:25:00,650.61,650.62,650.52,650.52,4191.0
2025-09-05 10:30:00,650.5,650.52,650.5,650.52,919.0
2025-09-05 10:35:00,650.52,650.61,650.52,650.61,7888.0
2025-09-05 10:40:00,650.59,650.62,650.59,650.61,10135.0
2025-09-05 10:45:00,650.6,650.6,650.53,650.54,7686.0
2025-09-05 10:50:00,650.6,650.6,650.55,650.55,3623.0
2025-09-05 10:55:00,650.55,650.56,650.41,650.41,6808.0
2025-09-05 11:00:00,650.4,650.56,650.4,650.46,31266.0
2025-09-05 11:05:00,650.5,650.55,650.48,650.49,7904.0
2025-09-05 11:10:00,650.52,650.63,650.51,650.63,12925.0
2025-09-05 11:15:00,650.65,650.65,650.56,650.56,4259.0
2025-09-05 11:20:00,650.63,650.71,650.62,650.66,4572.0
2025-09-05 11:25:00,650.69,650.7,650.57,650.57,6766.0
2025-09-05 11:30:00,650.58,650.58,650.32,650.37,20127.0
2025-09-05 11:35:00,650.461,650.5,650.39,650.39,5460.0
2025-09-05 11:40:00,650.33,650.33,650.2,650.26,30623.0
2025-09-05 11:45:00,650.33,650.37,650.22,650.23,9682.0
2025-09-05 11:50:00,650.22,650.37,650.2,650.25,10030.0
2025-09-05 11:55:00,650.19,650.19,649.86,649.86,34188.0
2025-09-05 12:00:00,650.55,651.1,649.78,650.11,138612.0
2025-09-05 12:05:00,650.06,650.18,649.78,649.99,25415.0
2025-09-05 12:10:00,649.89,649.9195,649.78,649.9195,30834.0
2025-09-05 12:15:00,649.91,650.0799,649.83,649.83,35617.0
2025-09-05 12:20:00,649.83,649.86,649.59,649.6,80418.0
2025-09-05 12:25:00,649.56,649.83,649.4896,649.65,99390.0
2025-09-05 12:30:00,649.585,650.97,648.44,650.79,547325.0
2025-09-05 12:35:00,650.79,651.3,650.4,650.56,249786.0
2025-09-05 12:40:00,650.6,650.78,650.0,650.77,187377.0
2025-09-05 12:45:00,650.79,651.15,650.65,651.12,154624.0
2025-09-05 12:50:00,651.08,651.57,651.08,651.49,181355.0
2025-09-05 12:55:00,651.55,651.66,651.26,651.63,47633.0
2025-09-05 13:00:00,651.63,652.04,651.54,651.9,134929.0
2025-09-05 13:05:00,651.9,652.15,651.73,651.73,117225.0
2025-09-05 13:10:00,651.74,651.91,651.64,651.87,69225.0
2025-09-05 13:15:00,651.83,652.1,651.57,652.08,25508.0
2025-09-05 13:20:00,652.06,652.06,651.61,651.6804,31653.0
2025-09-05 13:25:00,651.67,652.1,651.4,651.43,106060.0
2025-09-05 13:30:00,651.48,652.18,651.39,651.6,2215701.0
2025-09-05 13:35:00,651.6,651.84,651.34,651.65,1302444.0
2025-09-05 13:40:00,651.67,652.15,651.545,652.06,1193275.0
2025-09-05 13:45:00,652.06,652.21,651.13,652.135,1657727.0
2025-09-05 13:50:00,652.14,652.16,650.86,651.295,1711650.0
2025-09-05 13:55:00,651.28,651.3,650.54,651.065,1467110.0
2025-09-05 14:00:00,651.06,651.095,649.825,650.5,1495068.0
2025-09-05 14:05:00,650.5,650.5,649.64,649.825,1440181.0
2025-09-05 14:10:00,649.815,649.94,648.94,648.96,1411802.0
2025-09-05 14:15:00,648.97,649.09,647.48,647.53,1883127.0
2025-09-05 14:20:00,647.51,648.31,646.67,646.745,2070606.0
2025-09-05 14:25:00,646.81,647.2292,646.05,646.56,1988329.0
2025-09-05 14:30:00,646.52,646.66,645.88,646.13,1579669.0
2025-09-05 14:35:00,646.16,646.2999,645.2,645.355,1411299.0
2025-09-05 14:40:00,645.35,646.0,644.9,645.19,1489702.0
2025-09-05 14:45:00,645.23,645.23,644.44,644.7,1269326.0
2025-09-05 14:50:00,644.7,645.845,644.17,645.83,1823566.0
2025-09-05 14:55:00,645.83,645.975,644.0896,644.14,1429051.0
2025-09-05 15:00:00,644.15,644.54,643.74,644.235,1478983.0
2025-09-05 15:05:00,644.21,644.72,643.81,644.05,864207.0
2025-09-05 15:10:00,644.02,644.94,643.33,644.87,1172225.0
2025-09-05 15:15:00,644.87,645.325,644.66,644.96,1023681.0
2025-09-05 15:20:00,644.96,645.795,644.82,645.7,935750.0
2025-09-05 15:25:00,645.67,646.28,645.35,646.205,954776.0
2025-09-05 15:30:00,646.21,646.375,645.6,645.84,917972.0
2025-09-05 15:35:00,645.85,646.64,645.85,646.26,735985.0
2025-09-05 15:40:00,646.26,646.9,646.2599,646.75,697023.0
2025-09-05 15:45:00,646.75,646.75,645.845,646.4,820011.0
2025-09-05 15:50:00,646.4,646.45,645.66,645.93,1379500.0
2025-09-05 15:55:00,645.93,646.28,645.34,645.67,914687.0
2025-09-05 16:00:00,645.68,646.04,645.29,645.72,639472.0
2025-09-08 09:30:00,648.43,648.45,648.43,648.45,1398.0
2025-09-08 09:40:00,648.38,648.41,648.38,648.41,1447.0
2025-09-08 09:45:00,648.44,648.44,648.44,648.44,280.0
2025-09-08 09:50:00,648.59,648.67,648.59,648.67,408.0
2025-09-08 09:55:00,648.74,648.77,648.74,648.77,1132.0
2025-09-08 10:00:00,648.71,648.76,648.71,648.75,7759.0
2025-09-08 10:05:00,648.75,648.75,648.75,648.75,2870.0
2025-09-08 10:10:00,648.75,648.86,648.74,648.86,2734.0
2025-09-08 10:15:00,648.8,648.81,648.8,648.81,1075.0
2025-09-08 10:20:00,648.8,648.9,648.78,648.9,2279.0
2025-09-08 10:25:00,648.8,648.8,648.77,648.79,2699.0
2025-09-08 10:30:00,648.75,648.79,648.75,648.77,1046.0
2025-09-08 10:35:00,648.88,648.96,648.73,648.77,5078.0
2025-09-08 10:40:00,648.78,648.86,648.78,648.83,3115.0
2025-09-08 10:50:00,648.77,648.77,648.75,648.75,704.0
2025-09-08 10:55:00,648.73,648.73,648.7,648.7,951.0
2025-09-08 11:00:00,648.67,648.71,648.56,648.68,4523.0
2025-09-08 11:05:00,648.7,648.77,648.65,648.71,25812.0
2025-09-08 11:10:00,648.68,648.81,648.68,648.81,3224.0
2025-09-08 11:15:00,648.641,648.641,648.641,648.641,411.0
2025-09-08 11:20:00,648.64,648.64,648.53,648.54,4460.0
2025-09-08 11:25:00,648.56,648.71,648.53,648.71,9146.0
2025-09-08 11:30:00,648.72,648.83,648.63,648.63,11092.0
2025-09-08 11:35:00,648.65,648.7,648.64,648.64,1703.0
2025-09-08 11:40:00,648.57,648.62,648.56,648.62,8525.0
2025-09-08 11:45:00,648.49,648.64,648.39,648.58,13260.0
2025-09-08 11:50:00,648.52,648.6,648.49,648.56,9944.0
2025-09-08 11:55:00,648.65,648.65,648.25,648.25,23415.0
2025-09-08 12:00:00,648.72,648.84,647.61,648.3,58204.0
2025-09-08 12:05:00,648.21,648.21,648.0,648.17,12564.0
2025-09-08 12:10:00,648.07,648.08,647.86,647.96,14089.0
2025-09-08 12:15:00,647.9291,648.099,647.9291,648.01,13068.0
2025-09-08 12:20:00,648.0399,648.12,647.9596,648.0999,3952.0
2025-09-08 12:25:00,648.0904,648.2,648.08,648.13,7468.0
2025-09-08 12:30:00,648.29,648.5,648.29,648.44,8573.0
2025-09-08 12:35:00,648.4,648.46,648.29,648.39,18574.0
2025-09-08 12:40:00,648.39,648.41,648.3,648.36,10199.0
2025-09-08 12:45:00,648.41,648.65,648.32,648.62,19480.0
2025-09-08 12:50:00,648.64,648.64,648.5,648.57,20885.0
2025-09-08 12:55:00,648.6,648.73,648.53,648.63,43364.0
2025-09-08 13:00:00,648.65,648.71,648.54,648.7,20155.0
2025-09-08 13:05:00,648.7001,648.72,648.56,648.56,57183.0
2025-09-08 13:10:00,648.53,648.71,648.49,648.6909,15587.0
2025-09-08 13:15:00,648.69,648.89,648.69,648.82,10914.0
2025-09-08 13:20:00,648.84,648.96,648.81,648.85,28086.0
2025-09-08 13:25:00,648.81,649.01,648.5,648.61,82503.0
2025-09-08 13:30:00,648.62,648.86,648.09,648.66,1919073.0
2025-09-08 13:35:00,648.64,649.06,648.06,648.1,1331997.0
2025-09-08 13:40:00,648.09,648.89,648.09,648.65,1116007.0
2025-09-08 13:45:00,648.64,648.7599,648.0542,648.66,1253762.0
2025-09-08 13:50:00,648.655,648.81,648.17,648.76,1068312.0
2025-09-08 13:55:00,648.75,648.965,648.33,648.37,928021.0
2025-09-08 14:00:00,648.375,648.375,647.93,648.29,960050.0
2025-09-08 14:05:00,648.295,648.7,648.115,648.43,827471.0
2025-09-08 14:10:00,648.43,648.629,648.2,648.2,596800.0
2025-09-08 14:15:00,648.21,648.29,647.75,647.919,784424.0
2025-09-08 14:20:00,647.91,648.16,647.77,648.015,1078127.0
2025-09-08 14:25:00,648.01,648.9,648.0,648.77,949786.0
2025-09-08 14:30:00,648.755,649.15,648.66,648.8,972006.0
2025-09-08 14:35:00,648.8,649.2701,648.74,649.095,575136.0
2025-09-08 14:40:00,649.1,649.38,649.01,649.2546,705774.0
2025-09-08 14:45:00,649.31,649.49,649.205,649.395,552154.0
2025-09-08 14:50:00,649.34,649.49,649.19,649.49,549777.0
2025-09-08 14:55:00,649.495,649.765,649.33,649.38,582807.0
2025-09-08 15:00:00,649.37,649.64,649.34,649.55,614828.0
2025-09-08 15:05:00,649.55,649.64,649.46,649.5765,520526.0
2025-09-08 15:10:00,649.58,649.81,649.575,649.66,487417.0
2025-09-08 15:15:00,649.68,649.68,649.14,649.2,588586.0
2025-09-08 15:20:00,649.205,649.455,649.15,649.39,484351.0
2025-09-08 15:25:00,649.385,649.81,649.35,649.8,502293.0
2025-09-08 15:30:00,649.79,649.84,649.4319,649.47,606484.0
2025-09-08 15:35:00,649.49,649.58,649.225,649.32,498106.0
2025-09-08 15:40:00,649.31,649.35,649.16,649.165,462568.0
2025-09-08 15:45:00,649.16,649.21,648.5,648.855,799445.0
2025-09-08 15:50:00,648.86,649.23,648.695,649.185,505050.0
2025-09-08 15:55:00,649.17,649.46,649.17,649.38,467706.0
2025-09-08 16:00:00,649.38,649.4,648.95,649.12,441424.0
2025-09-09 09:30:00,649.62,649.65,649.62,649.65,1565.0
2025-09-09 09:35:00,649.61,649.66,649.61,649.63,852.0
2025-09-09 09:40:00,649.64,649.64,649.53,649.54,52708.0
2025-09-09 09:45:00,649.49,649.59,649.49,649.59,1099.0
2025-09-09 09:50:00,649.5,649.5,649.44,649.44,1063.0
2025-09-09 09:55:00,649.4,649.47,649.37,649.47,1267.0
2025-09-09 10:05:00,649.56,649.62,649.56,649.62,271.0
2025-09-09 10:20:00,649.57,649.57,649.55,649.56,542.0
2025-09-09 10:30:00,649.4,649.43,649.38,649.43,867.0
2025-09-09 10:35:00,649.51,649.58,649.51,649.58,992.0
2025-09-09 10:45:00,649.61,649.61,649.41,649.44,10139.0
2025-09-09 10:50:00,649.38,649.38,649.26,649.28,2268.0
2025-09-09 10:55:00,649.26,649.43,649.26,649.43,2102.0
2025-09-09 11:00:00,649.45,649.46,649.26,649.31,1920.0
2025-09-09 11:05:00,649.35,649.45,649.35,649.45,1892.0
2025-09-09 11:10:00,649.39,649.41,649.26,649.31,1661.0
2025-09-09 11:15:00,649.2,649.2,649.0,649.0,1912.0
2025-09-09 11:20:00,649.02,649.1,648.97,649.1,4398.0
2025-09-09 11:25:00,649.12,649.19,649.12,649.13,596.0
2025-09-09 11:30:00,649.34,649.34,649.34,649.34,470.0
2025-09-09 11:35:00,649.3,649.35,649.27,649.3,2107.0
2025-09-09 11:40:00,649.35,649.35,649.35,649.35,2986.0
2025-09-09 11:45:00,649.35,649.61,649.35,649.61,19429.0
2025-09-09 11:50:00,649.57,649.6,649.55,649.6,50387.0
2025-09-09 11:55:00,649.65,649.66,649.56,649.61,27281.0
2025-09-09 12:00:00,649.33,650.53,649.12,649.61,57979.0
2025-09-09 12:05:00,649.61,649.61,649.55,649.55,1160.0
2025-09-09 12:10:00,649.54,649.6708,649.54,649.6708,5875.0
2025-09-09 12:15:00,649.63,649.72,649.59,649.59,2587.0
2025-09-09 12:20:00,649.69,649.7,649.51,649.51,5291.0
2025-09-09 12:25:00,649.5,649.6,649.42,649.6,8462.0
2025-09-09 12:30:00,649.58,649.6,649.33,649.39,8305.0
2025-09-09 12:35:00,649.55,649.58,649.42,649.42,2294.0
2025-09-09 12:40:00,649.57,649.58,649.41,649.57,9294.0
2025-09-09 12:45:00,649.5,649.5,649.37,649.37,5350.0
2025-09-09 12:50:00,649.35,649.42,649.3,649.42,4496.0
2025-09-09 12:55:00,649.44,649.45,649.37,649.42,2988.0
2025-09-09 13:00:00,649.39,649.39,648.46,648.61,121231.0
2025-09-09 13:05:00,648.63,649.16,648.45,649.16,148107.0
2025-09-09 13:10:00,649.1,649.11,648.87,648.96,126327.0
2025-09-09 13:15:00,648.96,649.01,648.77,648.77,13870.0
2025-09-09 13:20:00,648.8,648.92,648.65,648.82,11256.0
2025-09-09 13:25:00,648.74,649.1,648.74,648.96,46381.0
2025-09-09 13:30:00,648.97,649.37,648.75,649.175,1482111.0
2025-09-09 13:35:00,649.17,649.495,649.05,649.19,759532.0
2025-09-09 13:40:00,649.18,649.28,648.89,649.28,692188.0
2025-09-09 13:45:00,649.28,649.29,648.9,649.075,712348.0
2025-09-09 13:50:00,649.08,649.13,648.63,648.66,740194.0
2025-09-09 13:55:00,648.66,649.17,648.54,649.02,985599.0
2025-09-09 14:00:00,649.02,649.51,648.43,648.76,1750020.0
2025-09-09 14:05:00,648.77,649.22,648.62,649.19,901564.0
2025-09-09 14:10:00,649.195,649.73,649.13,649.37,896633.0
2025-09-09 14:15:00,649.37,649.45,648.76,648.9292,743921.0
2025-09-09 14:20:00,648.95,649.055,648.7994,648.91,551341.0
2025-09-09 14:25:00,648.91,648.99,648.53,648.755,745794.0
2025-09-09 14:30:00,648.74,648.8051,647.6,647.62,1166473.0
2025-09-09 14:35:00,647.62,647.85,647.26,647.66,1413629.0
2025-09-09 14:40:00,647.67,647.79,647.22,647.69,987684.0
2025-09-09 14:45:00,647.69,648.125,647.6,647.97,791845.0
2025-09-09 14:50:00,647.97,648.425,647.66,648.425,694210.0
2025-09-09 14:55:00,648.42,648.64,648.2,648.325,654877.0
2025-09-09 15:00:00,648.325,648.66,648.11,648.17,749412.0
2025-09-09 15:05:00,648.16,648.345,647.79,648.25,551875.0
2025-09-09 15:10:00,648.25,648.44,648.1,648.37,370246.0
2025-09-09 15:15:00,648.375,648.595,648.36,648.47,531532.0
2025-09-09 15:20:00,648.46,648.61,648.38,648.47,391102.0
2025-09-09 15:25:00,648.5082,648.835,648.48,648.77,653407.0
2025-09-09 15:30:00,648.76,648.825,648.54,648.61,472149.0
2025-09-09 15:35:00,648.63,648.77,648.48,648.5,353819.0
2025-09-09 15:40:00,648.5,648.53,648.05,648.1,596393.0
2025-09-09 15:45:00,648.12,648.33,648.04,648.06,389307.0
2025-09-09 15:50:00,648.06,648.795,648.06,648.75,558934.0
2025-09-09 15:55:00,648.76,648.81,648.23,648.265,497180.0
2025-09-09 16:00:00,648.26,648.49,648.17,648.46,480810.0
2025-09-10 09:30:00,651.42,651.47,651.42,651.47,394.0
2025-09-10 09:35:00,651.48,651.48,651.48,651.48,794.0
2025-09-10 09:40:00,651.52,651.7,651.52,651.7,3514.0
2025-09-10 09:45:00,651.73,651.78,651.73,651.78,861.0
2025-09-10 09:50:00,651.84,651.92,651.84,651.85,1304.0
2025-09-10 09:55:00,651.83,651.92,651.83,651.9,2712.0
2025-09-10 10:00:00,651.89,651.89,651.84,651.84,689.0
2025-09-10 10:05:00,651.86,651.86,651.83,651.84,1719.0
2025-09-10 10:10:00,651.92,651.97,651.92,651.95,1611.0
2025-09-10 10:15:00,651.87,651.87,651.85,651.85,639.0
2025-09-10 10:20:00,651.95,651.96,651.93,651.93,4980.0
2025-09-10 10:25:00,652.05,652.13,652.05,652.1,4326.0
2025-09-10 10:30:00,652.05,652.1,652.05,652.1,1834.0
2025-09-10 10:35:00,652.04,652.25,652.04,652.18,4487.0
2025-09-10 10:40:00,652.18,652.28,652.18,652.25,1510.0
2025-09-10 10:45:00,652.25,652.25,652.19,652.19,781.0
2025-09-10 10:50:00,652.2,652.26,652.2,652.25,8066.0
2025-09-10 10:55:00,652.24,652.25,652.21,652.25,8019.0
2025-09-10 11:00:00,652.28,652.37,652.27,652.35,9330.0
2025-09-10 11:05:00,652.35,652.42,652.3,652.42,20987.0
2025-09-10 11:10:00,652.42,652.5,652.37,652.49,24309.0
2025-09-10 11:15:00,652.5,652.54,652.48,652.48,3169.0
2025-09-10 11:20:00,652.53,652.65,652.37,652.43,14889.0
2025-09-10 11:25:00,652.38,652.46,652.35,652.4,8223.0
2025-09-10 11:30:00,652.46,652.5,652.39,652.39,35210.0
2025-09-10 11:35:00,652.5,652.64,652.48,652.6,24188.0
2025-09-10 11:40:00,652.59,652.8,652.58,652.8,21226.0
2025-09-10 11:45:00,652.77,652.84,652.77,652.79,4565.0
2025-09-10 11:50:00,652.73,652.73,652.65,652.65,5493.0
2025-09-10 11:55:00,652.74,652.74,652.621,652.621,4977.0
2025-09-10 12:00:00,652.28,652.89,651.48,652.89,89668.0
2025-09-10 12:05:00,652.87,652.98,652.7,652.75,13440.0
2025-09-10 12:10:00,652.75,652.76,652.53,652.54,15910.0
2025-09-10 12:15:00,652.54,652.57,652.46,652.57,16358.0
2025-09-10 12:20:00,652.55,652.55,652.36,652.36,16193.0
2025-09-10 12:25:00,652.37,652.5,652.2815,652.47,14473.0
2025-09-10 12:30:00,652.42,654.8,652.32,654.13,557711.0
2025-09-10 12:35:00,654.16,654.1999,653.61,653.74,87779.0
2025-09-10 12:40:00,653.77,653.9,653.5873,653.9,135982.0
2025-09-10 12:45:00,653.96,653.96,653.59,653.69,41509.0
2025-09-10 12:50:00,653.63,653.73,653.52,653.68,37980.0
2025-09-10 12:55:00,653.68,653.85,653.68,653.81,20408.0
2025-09-10 13:00:00,653.76,653.8,653.42,653.61,17304.0
2025-09-10 13:05:00,653.54,653.63,653.4791,653.63,10363.0
2025-09-10 13:10:00,653.65,653.92,653.58,653.85,24988.0
2025-09-10 13:15:00,653.87,654.12,653.87,654.05,54926.0
2025-09-10 13:20:00,654.1,654.2,653.97,653.99,33038.0
2025-09-10 13:25:00,653.99,654.08,653.58,653.66,191375.0
2025-09-10 13:30:00,653.62,653.63,652.68,653.32,2595892.0
2025-09-10 13:35:00,653.31,653.7299,653.06,653.22,1738164.0
2025-09-10 13:40:00,653.22,653.605,652.99,653.34,1218952.0
2025-09-10 13:45:00,653.34,653.85,653.03,653.74,1280721.0
2025-09-10 13:50:00,653.74,653.885,652.75,653.14,1610146.0
2025-09-10 13:55:00,653.14,653.61,652.97,653.5971,909784.0
2025-09-10 14:00:00,653.59,654.19,653.48,654.13,1199348.0
2025-09-10 14:05:00,654.14,654.5,654.03,654.23,1257226.0
2025-09-10 14:10:00,654.25,654.45,654.1,654.36,863355.0
2025-09-10 14:15:00,654.38,654.55,653.97,654.405,930543.0
2025-09-10 14:20:00,654.4,654.53,654.25,654.48,904571.0
2025-09-10 14:25:00,654.48,654.48,653.91,653.94,625898.0
2025-09-10 14:30:00,653.91,654.03,653.585,653.6449,1040202.0
2025-09-10 14:35:00,653.63,653.93,653.405,653.67,919765.0
2025-09-10 14:40:00,653.66,653.93,653.47,653.815,793545.0
2025-09-10 14:45:00,653.81,653.97,653.6,653.66,738607.0
2025-09-10 14:50:00,653.67,653.765,653.305,653.46,669664.0
2025-09-10 14:55:00,653.46,653.71,653.37,653.42,700735.0
2025-09-10 15:00:00,653.42,653.615,653.17,653.36,766150.0
2025-09-10 15:05:00,653.3687,653.38,652.91,653.09,955756.0
2025-09-10 15:10:00,653.09,653.3,653.0142,653.11,4001893.0
2025-09-10 15:15:00,653.088,653.11,652.485,652.56,1024073.0
2025-09-10 15:20:00,652.55,652.72,652.46,652.6311,864209.0
2025-09-10 15:25:00,652.64,652.97,652.52,652.82,839248.0
2025-09-10 15:30:00,652.83,652.9191,652.3401,652.58,652550.0
2025-09-10 15:35:00,652.59,653.175,652.49,653.07,1250039.0
2025-09-10 15:40:00,653.06,653.385,652.98,653.3375,693314.0
2025-09-10 15:45:00,653.35,653.45,653.2303,653.44,612012.0
2025-09-10 15:50:00,653.44,653.63,653.41,653.62,430100.0
2025-09-10 15:55:00,653.62,653.62,653.3012,653.305,451606.0
2025-09-10 16:00:00,653.31,653.375,653.1,653.15,511595.0
2025-09-11 09:30:00,653.28,653.28,653.28,653.28,147.0
2025-09-11 09:35:00,653.2,653.2,653.12,653.12,2347.0
2025-09-11 09:40:00,653.15,653.15,653.15,653.15,456.0
2025-09-11 09:45:00,653.12,653.12,653.07,653.07,1269.0
2025-09-11 09:50:00,653.17,653.17,653.13,653.13,681.0
2025-09-11 09:55:00,653.18,653.22,653.18,653.21,938.0
2025-09-11 10:00:00,653.22,653.32,653.22,653.32,619.0
2025-09-11 10:05:00,653.32,653.42,653.32,653.42,473.0
2025-09-11 10:10:00,653.48,653.54,653.48,653.52,1653.0
2025-09-11 10:15:00,653.57,653.57,653.52,653.52,1057.0
2025-09-11 10:20:00,653.56,653.63,653.56,653.63,2366.0
2025-09-11 10:25:00,653.56,653.56,653.52,653.55,11970.0
2025-09-11 10:30:00,653.61,653.61,653.57,653.57,1126.0
2025-09-11 10:35:00,653.56,653.59,653.56,653.56,1169.0
2025-09-11 10:40:00,653.64,653.7,653.53,653.53,1609.0
2025-09-11 10:45:00,653.57,653.57,653.57,653.57,320.0
2025-09-11 10:50:00,653.61,653.61,653.59,653.59,581.0
2025-09-11 10:55:00,653.71,653.71,653.65,653.65,693.0
2025-09-11 11:00:00,653.68,653.74,653.64,653.7,4699.0
2025-09-11 11:05:00,653.7,653.72,653.69,653.72,2038.0
2025-09-11 11:10:00,653.68,653.7,653.66,653.68,2576.0
2025-09-11 11:15:00,653.69,653.69,653.6,653.64,5368.0
2025-09-11 11:20:00,653.65,653.68,653.64,653.64,2151.0
2025-09-11 11:25:00,653.66,653.66,653.621,653.64,1266.0
2025-09-11 11:30:00,653.63,653.7,653.63,653.69,3320.0
2025-09-11 11:35:00,653.68,653.76,653.68,653.68,8013.0
2025-09-11 11:40:00,653.72,653.8,653.68,653.78,4560.0
2025-09-11 11:45:00,653.705,653.9,653.705,653.9,11600.0
2025-09-11 11:50:00,653.86,653.86,653.66,653.71,12012.0
2025-09-11 11:55:00,653.71,653.74,653.66,653.72,13013.0
2025-09-11 12:00:00,653.67,653.86,652.43,653.7,47822.0
2025-09-11 12:05:00,653.65,653.73,653.63,653.6318,11996.0
2025-09-11 12:10:00,653.65,653.749,653.55,653.64,5999.0
2025-09-11 12:15:00,653.7,653.8,653.6,653.7,63215.0
2025-09-11 12:20:00,653.69,654.09,653.66,653.71,68135.0
2025-09-11 12:25:00,653.78,653.85,653.52,653.84,76244.0
2025-09-11 12:30:00,653.73,654.58,652.0,652.52,551089.0
2025-09-11 12:35:00,652.42,653.12,652.42,652.661,124568.0
2025-09-11 12:40:00,652.73,653.3,652.65,653.3,43874.0
2025-09-11 12:45:00,653.3,653.81,653.22,653.55,72909.0
2025-09-11 12:50:00,653.53,654.05,653.48,653.95,64110.0
2025-09-11 12:55:00,653.87,654.22,653.7,654.21,48212.0
2025-09-11 13:00:00,654.19,654.25,654.02,654.02,57080.0
2025-09-11 13:05:00,654.0,654.04,653.7,653.9099,39428.0
2025-09-11 13:10:00,653.91,653.911,653.7,653.84,23453.0
2025-09-11 13:15:00,653.8501,653.95,653.64,653.9,17031.0
2025-09-11 13:20:00,653.91,654.15,653.91,653.95,31154.0
2025-09-11 13:25:00,654.0,654.22,654.0,654.15,42513.0
2025-09-11 13:30:00,654.18,654.62,653.87,654.4901,1721335.0
2025-09-11 13:35:00,654.49,654.58,653.81,653.935,1452962.0
2025-09-11 13:40:00,653.97,654.355,653.7,653.87,1209649.0
2025-09-11 13:45:00,653.87,654.65,653.59,654.47,1617201.0
2025-09-11 13:50:00,654.48,655.18,654.29,655.11,1171381.0
2025-09-11 13:55:00,655.1,655.63,654.91,655.57,1507450.0
2025-09-11 14:00:00,655.57,655.79,655.38,655.72,1294670.0
2025-09-11 14:05:00,655.71,656.25,655.71,655.94,1060623.0
2025-09-11 14:10:00,655.94,656.06,655.62,655.67,994153.0
2025-09-11 14:15:00,655.67,656.015,655.555,655.685,637024.0
2025-09-11 14:20:00,655.69,656.02,655.66,655.995,569677.0
2025-09-11 14:25:00,656.0,656.08,655.745,655.96,648507.0
2025-09-11 14:30:00,655.955,656.63,655.855,656.55,818331.0
2025-09-11 14:35:00,656.54,656.86,656.505,656.81,824796.0
2025-09-11 14:40:00,656.82,656.98,656.755,656.935,1546652.0
2025-09-11 14:45:00,656.93,657.0,656.56,656.7,894767.0
2025-09-11 14:50:00,656.7,656.79,656.23,656.55,840075.0
2025-09-11 14:55:00,656.55,656.6699,656.19,656.65,776093.0
2025-09-11 15:00:00,656.65,656.905,656.6,656.77,602940.0
2025-09-11 15:05:00,656.77,656.82,656.56,656.59,502286.0
2025-09-11 15:10:00,656.598,656.86,656.54,656.83,494451.0
2025-09-11 15:15:00,656.83,657.59,656.76,657.47,1200539.0
2025-09-11 15:20:00,657.475,657.53,657.22,657.32,1017888.0
2025-09-11 15:25:00,657.34,657.47,657.285,657.42,448450.0
2025-09-11 15:30:00,657.42,657.8,657.42,657.54,618476.0
2025-09-11 15:35:00,657.54,657.56,657.11,657.16,744445.0
2025-09-11 15:40:00,657.15,657.26,657.02,657.0419,528573.0
2025-09-11 15:45:00,657.05,657.125,656.64,656.78,676127.0
2025-09-11 15:50:00,656.79,657.29,656.78,657.26,637609.0
2025-09-11 15:55:00,657.25,657.345,657.185,657.21,250071.0
2025-09-11 16:00:00,657.21,657.64,657.11,657.585,1841985.0
2025-09-12 09:30:00,657.0,657.07,657.0,657.04,16995.0
2025-09-12 09:35:00,656.9,656.94,656.85,656.92,2640.0
2025-09-12 09:40:00,656.97,657.01,656.94,656.99,2350.0
2025-09-12 09:45:00,657.08,657.14,657.05,657.11,2612.0
2025-09-12 09:50:00,657.11,657.11,657.11,657.11,295.0
2025-09-12 09:55:00,657.02,657.02,657.02,657.02,378.0
2025-09-12 10:00:00,657.01,657.01,656.95,656.95,1972.0
2025-09-12 10:05:00,657.02,657.05,657.02,657.05,1599.0
2025-09-12 10:10:00,656.99,656.99,656.99,656.99,138.0
2025-09-12 10:15:00,657.09,657.09,657.05,657.05,341.0
2025-09-12 10:20:00,657.08,657.08,657.01,657.01,1607.0
2025-09-12 10:25:00,657.05,657.09,657.05,657.09,697.0
2025-09-12 10:30:00,657.03,657.18,657.03,657.18,2667.0
2025-09-12 10:35:00,657.15,657.15,657.15,657.15,233.0
2025-09-12 10:40:00,657.2,657.23,657.2,657.22,1859.0
2025-09-12 10:45:00,657.21,657.26,657.21,657.24,2678.0
2025-09-12 10:50:00,657.19,657.19,657.18,657.19,1270.0
2025-09-12 10:55:00,657.26,657.27,657.25,657.27,1891.0
2025-09-12 11:00:00,657.2,657.22,657.15,657.22,3230.0
2025-09-12 11:05:00,657.13,657.13,657.0,657.0,4427.0
2025-09-12 11:10:00,657.1,657.15,657.09,657.12,2191.0
2025-09-12 11:15:00,657.1,657.16,657.1,657.1,2536.0
2025-09-12 11:20:00,657.11,657.3,657.1,657.3,5835.0
2025-09-12 11:25:00,657.32,657.43,657.32,657.43,3105.0
2025-09-12 11:30:00,657.42,657.42,657.31,657.31,1543.0
2025-09-12 11:35:00,657.38,657.46,657.33,657.43,5610.0
2025-09-12 11:40:00,657.43,657.43,657.37,657.37,1337.0
2025-09-12 11:45:00,657.39,657.51,657.39,657.5,3353.0
2025-09-12 11:50:00,657.45,657.45,657.37,657.4,3782.0
2025-09-12 11:55:00,657.4,657.6,657.4,657.581,6083.0
2025-09-12 12:00:00,657.54,657.97,656.4504,657.35,45018.0
2025-09-12 12:05:00,657.35,657.47,657.25,657.281,17268.0
2025-09-12 12:10:00,657.34,657.39,657.3,657.35,3443.0
2025-09-12 12:15:00,657.49,657.59,657.47,657.59,7370.0
2025-09-12 12:20:00,657.57,657.57,657.45,657.45,3932.0
2025-09-12 12:25:00,657.47,657.56,657.34,657.51,10439.0
2025-09-12 12:30:00,657.56,657.56,657.11,657.28,19766.0
2025-09-12 12:35:00,657.24,657.43,657.17,657.43,14723.0
2025-09-12 12:40:00,657.36,657.43,657.27,657.36,47211.0
2025-09-12 12:45:00,657.39,657.48,657.37,657.47,15126.0
2025-09-12 12:50:00,657.52,657.64,657.5,657.64,19413.0
2025-09-12 12:55:00,657.66,657.7,657.6303,657.65,9582.0
2025-09-12 13:00:00,657.64,657.77,657.64,657.76,10339.0
2025-09-12 13:05:00,657.8,657.9,657.7,657.9,14690.0
2025-09-12 13:10:00,657.9,657.92,657.8227,657.88,9951.0
2025-09-12 13:15:00,657.84,657.84,657.77,657.81,6643.0
2025-09-12 13:20:00,657.82,657.89,657.81,657.87,7605.0
2025-09-12 13:25:00,657.86,657.88,657.59,657.59,35650.0
2025-09-12 13:30:00,657.6,657.77,657.43,657.66,1654897.0
2025-09-12 13:35:00,657.66,657.71,657.145,657.41,1677618.0
2025-09-12 13:40:00,657.42,657.65,657.38,657.4425,1083429.0
2025-09-12 13:45:00,657.445,657.665,657.24,657.5635,1051653.0
2025-09-12 13:50:00,657.56,657.7,657.38,657.555,739964.0
2025-09-12 13:55:00,657.55,658.068,657.53,657.99,1185034.0
2025-09-12 14:00:00,658.01,658.06,657.55,657.84,865005.0
2025-09-12 14:05:00,657.86,658.2,657.77,658.17,1005059.0
2025-09-12 14:10:00,658.165,658.19,657.49,657.51,878879.0
2025-09-12 14:15:00,657.5,657.7999,657.32,657.68,756889.0
2025-09-12 14:20:00,657.68,658.11,657.67,657.98,879717.0
2025-09-12 14:25:00,657.97,658.045,657.75,657.97,582335.0
2025-09-12 14:30:00,657.96,658.0299,657.685,657.91,833983.0
2025-09-12 14:35:00,657.9,657.995,657.75,657.88,414710.0
2025-09-12 14:40:00,657.88,657.995,657.78,657.8007,657849.0
2025-09-12 14:45:00,657.83,658.12,657.79,658.095,477988.0
2025-09-12 14:50:00,658.09,658.225,657.88,658.2209,519175.0
2025-09-12 14:55:00,658.22,658.48,658.2,658.3804,781810.0
2025-09-12 15:00:00,658.38,658.435,657.945,657.98,661933.0
2025-09-12 15:05:00,657.98,658.095,657.91,658.04,433492.0
2025-09-12 15:10:00,658.03,658.15,657.845,658.075,523552.0
2025-09-12 15:15:00,658.07,658.26,657.945,657.95,365249.0
2025-09-12 15:20:00,657.95,657.96,657.695,657.885,560054.0
2025-09-12 15:25:00,657.89,657.9899,657.62,657.64,428148.0
2025-09-12 15:30:00,657.64,657.815,657.42,657.71,528539.0
2025-09-12 15:35:00,657.7,657.76,657.42,657.48,334634.0
2025-09-12 15:40:00,657.48,657.6199,657.35,657.47,329794.0
2025-09-12 15:45:00,657.48,657.6,657.21,657.395,455785.0
2025-09-12 15:50:00,657.39,657.52,657.3418,657.465,402005.0
2025-09-12 15:55:00,657.47,657.7,657.46,657.62,588297.0
2025-09-12 16:00:00,657.61,657.6276,657.39,657.525,462677.0
2025-09-15 09:30:00,658.12,658.19,658.04,658.04,2379.0
2025-09-15 09:35:00,658.01,658.18,658.01,658.15,2442.0
2025-09-15 09:40:00,658.11,658.14,657.98,658.06,5648.0
2025-09-15 09:55:00,658.16,658.22,658.15,658.22,605.0
2025-09-15 10:00:00,658.21,658.22,658.17,658.19,2317.0
2025-09-15 10:05:00,658.29,658.29,658.29,658.29,126.0
2025-09-15 10:10:00,658.22,658.22,658.22,658.22,357.0
2025-09-15 10:15:00,658.26,658.26,658.26,658.26,538.0
2025-09-15 10:20:00,658.32,658.37,658.29,658.29,2673.0
2025-09-15 10:25:00,658.29,658.41,658.29,658.4,3461.0
2025-09-15 10:30:00,658.46,658.6,658.46,658.58,3398.0
2025-09-15 10:35:00,658.55,658.56,658.4,658.41,4406.0
2025-09-15 10:40:00,658.41,658.42,658.41,658.42,1098.0
2025-09-15 10:45:00,658.44,658.45,658.37,658.45,756.0
2025-09-15 10:50:00,658.57,658.57,658.55,658.55,935.0
2025-09-15 10:55:00,658.57,658.57,658.57,658.57,403.0
2025-09-15 11:00:00,658.58,658.69,658.54,658.6,13636.0
2025-09-15 11:05:00,658.57,658.75,658.53,658.75,5654.0
2025-09-15 11:10:00,658.76,658.76,658.67,658.76,2761.0
2025-09-15 11:15:00,658.71,658.71,658.66,658.68,2054.0
2025-09-15 11:20:00,658.76,658.78,658.75,658.78,1734.0
2025-09-15 11:25:00,658.71,658.73,658.62,658.65,13432.0
2025-09-15 11:30:00,658.62,658.66,658.56,658.66,2225.0
2025-09-15 11:35:00,658.78,658.9,658.78,658.9,12117.0
2025-09-15 11:40:00,658.76,658.82,658.7,658.8,16840.0
2025-09-15 11:45:00,658.8,658.84,658.8,658.84,6598.0
2025-09-15 11:50:00,658.82,658.87,658.8,658.8,2802.0
2025-09-15 11:55:00,658.76,658.95,658.7,658.94,26278.0
2025-09-15 12:00:00,658.63,659.09,657.8,659.07,135760.0
2025-09-15 12:05:00,659.1,659.1,658.92,659.0,22802.0
2025-09-15 12:10:00,658.96,659.0194,658.96,658.989,5608.0
2025-09-15 12:15:00,659.03,659.39,658.92,659.09,97975.0
2025-09-15 12:20:00,659.09,659.5,659.06,659.42,24605.0
2025-09-15 12:25:00,659.41,659.41,659.14,659.19,49623.0
2025-09-15 12:30:00,659.15,659.23,658.99,659.1998,28190.0
2025-09-15 12:35:00,659.11,659.15,659.01,659.09,11044.0
2025-09-15 12:40:00,659.04,659.31,659.04,659.29,21244.0
2025-09-15 12:45:00,659.3,659.31,659.19,659.3,24116.0
2025-09-15 12:50:00,659.29,659.54,659.29,659.52,28865.0
2025-09-15 12:55:00,659.56,659.6299,659.36,659.6299,8592.0
2025-09-15 13:00:00,659.58,659.63,659.4569,659.47,45122.0
2025-09-15 13:05:00,659.5,659.62,659.46,659.47,16839.0
2025-09-15 13:10:00,659.48,659.59,659.4436,659.52,15872.0
2025-09-15 13:15:00,659.4901,659.6,659.35,659.53,10710.0
2025-09-15 13:20:00,659.55,659.7,659.54,659.63,64342.0
2025-09-15 13:25:00,659.62,659.8,659.5,659.6,77861.0
2025-09-15 13:30:00,659.64,660.12,659.475,659.82,2179831.0
2025-09-15 13:35:00,659.82,660.16,659.76,660.095,1238545.0
2025-09-15 13:40:00,660.09,660.3,659.48,659.615,1336729.0
2025-09-15 13:45:00,659.63,660.34,659.625,660.19,1220868.0
2025-09-15 13:50:00,660.2,660.495,660.11,660.4601,1188723.0
2025-09-15 13:55:00,660.47,660.68,660.34,660.65,1007569.0
2025-09-15 14:00:00,660.645,660.73,660.18,660.26,1074931.0
2025-09-15 14:05:00,660.26,660.39,660.06,660.085,877216.0
2025-09-15 14:10:00,660.09,660.26,659.98,660.21,550045.0
2025-09-15 14:15:00,660.21,660.32,660.06,660.145,545257.0
2025-09-15 14:20:00,660.14,660.42,660.048,660.305,617684.0
2025-09-15 14:25:00,660.305,660.735,660.27,660.68,883698.0
2025-09-15 14:30:00,660.66,660.83,660.33,660.515,1378728.0
2025-09-15 14:35:00,660.53,660.595,660.4,660.49,715589.0
2025-09-15 14:40:00,660.495,660.92,660.46,660.812,588537.0
2025-09-15 14:45:00,660.81,660.995,660.72,660.785,634527.0
2025-09-15 14:50:00,660.77,660.98,660.7212,660.89,579555.0
2025-09-15 14:55:00,660.88,660.9897,660.81,660.95,422058.0
2025-09-15 15:00:00,660.96,661.04,660.8,660.92,667766.0
2025-09-15 15:05:00,660.915,660.955,660.63,660.66,569530.0
2025-09-15 15:10:00,660.655,660.925,660.52,660.78,543087.0
2025-09-15 15:15:00,660.78,660.905,660.615,660.65,540981.0
2025-09-15 15:20:00,660.65,660.67,660.23,660.375,737156.0
2025-09-15 15:25:00,660.38,660.6957,660.33,660.3595,688752.0
2025-09-15 15:30:00,660.35,660.445,660.24,660.38,489542.0
2025-09-15 15:35:00,660.39,660.67,660.35,660.63,456921.0
2025-09-15 15:40:00,660.64,660.82,660.38,660.39,585600.0
2025-09-15 15:45:00,660.395,660.61,660.3,660.595,518087.0
2025-09-15 15:50:00,660.59,660.65,660.42,660.6399,437535.0
2025-09-15 15:55:00,660.64,660.78,660.54,660.62,563157.0
2025-09-15 16:00:00,660.61,660.7,660.48,660.5,444190.0
2025-09-16 09:30:00,662.36,662.36,662.19,662.19,2108.0
2025-09-16 09:35:00,662.21,662.21,662.06,662.06,2120.0
2025-09-16 09:40:00,662.05,662.14,662.05,662.13,1600.0
2025-09-16 09:45:00,662.16,662.16,662.13,662.13,797.0
2025-09-16 09:50:00,662.15,662.15,662.15,662.15,753.0
2025-09-16 10:00:00,662.17,662.17,662.1,662.1,842.0
2025-09-16 10:05:00,662.1,662.1,662.04,662.1,3100.0
2025-09-16 10:10:00,662.13,662.14,662.04,662.11,2277.0
2025-09-16 10:15:00,662.14,662.16,662.06,662.16,1311.0
2025-09-16 10:20:00,662.15,662.19,662.15,662.19,513.0
2025-09-16 10:25:00,662.15,662.15,662.12,662.12,994.0
2025-09-16 10:30:00,662.14,662.18,662.1,662.1,1393.0
2025-09-16 10:35:00,662.06,662.06,662.06,662.06,518.0
2025-09-16 10:40:00,662.1,662.1,662.05,662.05,660.0
2025-09-16 10:45:00,662.09,662.16,662.09,662.14,702.0
2025-09-16 10:50:00,662.1,662.2,662.08,662.18,7379.0
2025-09-16 10:55:00,662.18,662.18,662.09,662.09,3664.0
2025-09-16 11:00:00,662.1,662.12,661.99,662.05,8384.0
2025-09-16 11:05:00,661.92,662.05,661.9,662.02,6875.0
2025-09-16 11:10:00,662.08,662.08,662.08,662.08,363.0
2025-09-16 11:15:00,661.98,661.98,661.73,661.869,2305.0
2025-09-16 11:20:00,661.94,661.98,661.85,661.97,2411.0
2025-09-16 11:25:00,662.05,662.06,662.05,662.06,496.0
2025-09-16 11:30:00,662.0,662.05,662.0,662.02,3352.0
2025-09-16 11:35:00,661.97,661.97,661.87,661.87,1392.0
2025-09-16 11:40:00,661.89,661.89,661.75,661.85,23723.0
2025-09-16 11:45:00,661.83,661.9,661.83,661.87,1173.0
2025-09-16 11:50:00,661.85,661.92,661.84,661.92,2260.0
2025-09-16 11:55:00,661.97,662.0,661.93,661.93,3674.0
2025-09-16 12:00:00,661.96,662.44,661.33,661.6,47160.0
2025-09-16 12:05:00,661.6,661.69,661.55,661.69,15001.0
2025-09-16 12:10:00,661.73,661.809,661.61,661.809,12141.0
2025-09-16 12:15:00,661.87,661.87,661.78,661.8499,6095.0
2025-09-16 12:20:00,661.75,661.88,661.74,661.76,9604.0
2025-09-16 12:25:00,661.76,661.76,661.58,661.63,8782.0
2025-09-16 12:30:00,661.57,661.77,661.5,661.7096,24162.0
2025-09-16 12:35:00,661.72,661.92,661.7,661.77,12052.0
2025-09-16 12:40:00,661.76,661.76,661.46,661.64,13709.0
2025-09-16 12:45:00,661.73,661.73,661.59,661.71,8244.0
2025-09-16 12:50:00,661.66,661.66,660.6742,661.46,94728.0
2025-09-16 12:55:00,661.46,661.64,661.2,661.4,37366.0
2025-09-16 13:00:00,661.42,661.5399,661.31,661.5399,10366.0
2025-09-16 13:05:00,661.4821,661.57,661.32,661.37,15440.0
2025-09-16 13:10:00,661.37,661.38,661.27,661.34,8443.0
2025-09-16 13:15:00,661.38,661.46,661.32,661.42,16075.0
2025-09-16 13:20:00,661.42,661.63,661.32,661.62,26031.0
2025-09-16 13:25:00,661.6,661.65,661.35,661.44,58294.0
2025-09-16 13:30:00,661.47,661.78,661.21,661.43,1836142.0
2025-09-16 13:35:00,661.43,661.485,660.915,660.92,1125016.0
2025-09-16 13:40:00,660.93,661.1,660.66,660.791,1265912.0
2025-09-16 13:45:00,660.79,660.95,660.47,660.9,1269929.0
2025-09-16 13:50:00,660.905,660.9099,660.03,660.31,1662167.0
2025-09-16 13:55:00,660.305,660.44,660.11,660.28,1171310.0
2025-09-16 14:00:00,660.27,660.305,659.86,660.015,1306017.0
2025-09-16 14:05:00,660.03,660.195,659.9,659.91,884561.0
2025-09-16 14:10:00,659.9151,660.005,659.63,659.93,1006639.0
2025-09-16 14:15:00,659.93,660.48,659.93,660.19,1186713.0
2025-09-16 14:20:00,660.1951,660.518,659.97,660.38,842286.0
2025-09-16 14:25:00,660.37,660.37,659.85,659.945,998940.0
2025-09-16 14:30:00,659.94,659.995,659.76,659.925,605700.0
2025-09-16 14:35:00,659.9251,660.3,659.79,659.9101,816160.0
2025-09-16 14:40:00,659.93,660.045,659.73,659.79,486468.0
2025-09-16 14:45:00,659.81,660.05,659.71,659.84,536330.0
2025-09-16 14:50:00,659.83,660.115,659.775,660.025,664375.0
2025-09-16 14:55:00,660.03,660.04,659.815,659.85,487064.0
2025-09-16 15:00:00,659.86,659.905,659.39,659.53,805772.0
2025-09-16 15:05:00,659.53,659.98,659.53,659.965,623536.0
2025-09-16 15:10:00,659.96,660.115,659.765,659.9,661974.0
2025-09-16 15:15:00,659.9,659.91,659.575,659.77,623129.0
2025-09-16 15:20:00,659.78,660.085,659.74,659.79,535270.0
2025-09-16 15:25:00,659.805,659.94,659.58,659.63,446680.0
2025-09-16 15:30:00,659.62,659.68,659.47,659.5,511247.0
2025-09-16 15:35:00,659.51,659.655,659.4049,659.6002,911941.0
2025-09-16 15:40:00,659.6,659.705,659.21,659.49,636155.0
2025-09-16 15:45:00,659.49,659.74,659.47,659.5255,455892.0
2025-09-16 15:50:00,659.52,659.88,659.43,659.81,436656.0
2025-09-16 15:55:00,659.8101,659.945,659.55,659.665,454709.0
2025-09-16 16:00:00,659.665,659.77,659.53,659.6,420254.0
2025-09-17 09:30:00,659.96,659.97,659.94,659.97,2173.0
2025-09-17 09:35:00,660.03,660.05,660.03,660.05,530.0
2025-09-17 09:40:00,659.99,660.01,659.9,659.9,3265.0
2025-09-17 09:50:00,659.85,659.85,659.77,659.77,975.0
2025-09-17 09:55:00,659.81,659.81,659.81,659.81,356.0
2025-09-17 10:00:00,659.8,659.86,659.8,659.81,776.0
2025-09-17 10:05:00,659.69,659.74,659.69,659.74,758.0
2025-09-17 10:10:00,659.76,659.76,659.55,659.55,1396.0
2025-09-17 10:15:00,659.6,659.64,659.59,659.61,1249.0
2025-09-17 10:20:00,659.66,659.72,659.66,659.71,3155.0
2025-09-17 10:25:00,659.59,659.59,659.56,659.56,1825.0
2025-09-17 10:30:00,659.56,659.56,659.42,659.45,3290.0
2025-09-17 10:35:00,659.42,659.5,659.33,659.5,3856.0
2025-09-17 10:40:00,659.54,659.54,659.37,659.37,606.0
2025-09-17 10:45:00,659.53,659.54,659.38,659.38,2650.0
2025-09-17 10:50:00,659.3,659.3,659.3,659.3,411.0
2025-09-17 10:55:00,659.25,659.25,659.19,659.19,5207.0
2025-09-17 11:00:00,659.37,659.37,659.2,659.2,4223.0
2025-09-17 11:05:00,659.18,659.43,659.14,659.43,8210.0
2025-09-17 11:10:00,659.44,659.59,659.44,659.59,2492.0
2025-09-17 11:15:00,659.7,659.72,659.56,659.56,3340.0
2025-09-17 11:20:00,659.57,659.68,659.56,659.65,1519.0
2025-09-17 11:25:00,659.56,659.61,659.53,659.59,20544.0
2025-09-17 11:30:00,659.55,659.55,659.4,659.42,6491.0
2025-09-17 11:35:00,659.34,659.34,659.14,659.25,7882.0
2025-09-17 11:40:00,659.25,659.299,659.2,659.21,5195.0
2025-09-17 11:45:00,659.35,659.38,659.35,659.36,3319.0
2025-09-17 11:50:00,659.5,659.59,659.5,659.56,1645.0
2025-09-17 11:55:00,659.52,659.52,659.41,659.45,2854.0
2025-09-17 12:00:00,659.57,660.39,659.0,659.5,45370.0
2025-09-17 12:05:00,659.46,659.47,659.36,659.3817,24786.0
2025-09-17 12:10:00,659.4,659.53,659.4,659.51,5802.0
2025-09-17 12:15:00,659.53,659.5596,659.39,659.55,7356.0
2025-09-17 12:20:00,659.63,659.63,659.5009,659.58,36180.0
2025-09-17 12:25:00,659.5306,659.69,659.53,659.69,10444.0
2025-09-17 12:30:00,659.69,659.86,659.69,659.73,87469.0
2025-09-17 12:35:00,659.72,659.82,659.7,659.8,45794.0
2025-09-17 12:40:00,659.82,659.87,659.71,659.73,80021.0
2025-09-17 12:45:00,659.69,659.76,659.54,659.74,4589.0
2025-09-17 12:50:00,659.69,659.73,659.64,659.71,5268.0
2025-09-17 12:55:00,659.76,659.88,659.73,659.87,13745.0
2025-09-17 13:00:00,659.86,659.9,659.79,659.9,6123.0
2025-09-17 13:05:00,659.8473,659.96,659.82,659.901,92650.0
2025-09-17 13:10:00,659.93,659.94,659.87,659.87,9861.0
2025-09-17 13:15:00,659.87,659.95,659.84,659.95,9259.0
2025-09-17 13:20:00,659.92,659.98,659.779,659.95,9616.0
2025-09-17 13:25:00,659.91,660.18,659.89,660.06,42698.0
2025-09-17 13:30:00,660.01,660.56,659.98,660.26,1759327.0
2025-09-17 13:35:00,660.26,660.44,660.01,660.1255,814576.0
2025-09-17 13:40:00,660.14,660.2,659.76,659.865,964314.0
2025-09-17 13:45:00,659.86,660.325,659.64,660.17,1082337.0
2025-09-17 13:50:00,660.17,660.655,660.1,660.21,997129.0
2025-09-17 13:55:00,660.21,660.37,659.76,659.88,1121621.0
2025-09-17 14:00:00,659.88,659.96,659.43,659.5499,939649.0
2025-09-17 14:05:00,659.55,659.61,659.29,659.4,1012459.0
2025-09-17 14:10:00,659.395,659.56,659.27,659.46,812508.0
2025-09-17 14:15:00,659.465,659.58,659.09,659.275,789743.0
2025-09-17 14:20:00,659.28,659.38,659.1,659.225,795713.0
2025-09-17 14:25:00,659.225,659.355,659.145,659.16,658405.0
2025-09-17 14:30:00,659.17,659.445,659.06,659.25,724206.0
2025-09-17 14:35:00,659.2401,659.38,659.11,659.38,543869.0
2025-09-17 14:40:00,659.38,659.505,659.18,659.19,546515.0
2025-09-17 14:45:00,659.19,659.355,659.072,659.2701,455202.0
2025-09-17 14:50:00,659.26,659.47,659.04,659.44,533291.0
2025-09-17 14:55:00,659.46,659.64,659.28,659.32,627173.0
2025-09-17 15:00:00,659.32,659.44,659.155,659.17,321958.0
2025-09-17 15:05:00,659.17,659.35,658.99,659.34,584313.0
2025-09-17 15:10:00,659.33,659.555,659.15,659.5,579130.0
2025-09-17 15:15:00,659.5,659.67,659.4,659.53,331101.0
2025-09-17 15:20:00,659.53,659.57,659.28,659.3097,326684.0
2025-09-17 15:25:00,659.3,659.34,658.865,658.94,376805.0
2025-09-17 15:30:00,658.945,659.15,658.875,659.14,385554.0
2025-09-17 15:35:00,659.15,659.265,658.93,658.9601,379022.0
2025-09-17 15:40:00,658.94,659.27,658.88,659.235,356908.0
2025-09-17 15:45:00,659.24,659.33,658.9887,659.095,358294.0
2025-09-17 15:50:00,659.1,659.14,658.89,658.96,266858.0
2025-09-17 15:55:00,658.95,659.31,658.95,659.265,210979.0
2025-09-17 16:00:00,659.26,659.34,659.05,659.08,180115.0
2025-09-18 09:30:00,664.75,664.94,664.75,664.94,9091.0
2025-09-18 09:35:00,664.93,665.1,664.9,665.0,23700.0
2025-09-18 09:40:00,664.99,664.99,664.8,664.83,6861.0
2025-09-18 09:45:00,664.82,664.9,664.72,664.72,15398.0
2025-09-18 09:50:00,664.85,665.04,664.79,664.79,12391.0
2025-09-18 09:55:00,664.73,665.0,664.66,664.67,20516.0
2025-09-18 10:00:00,664.69,664.74,664.56,664.74,3056.0
2025-09-18 10:05:00,664.78,664.9,664.75,664.86,8582.0
2025-09-18 10:10:00,664.87,664.87,664.86,664.86,2675.0
2025-09-18 10:15:00,664.84,664.85,664.71,664.71,2569.0
2025-09-18 10:20:00,664.72,664.75,664.58,664.58,8985.0
2025-09-18 10:25:00,664.58,664.58,664.35,664.37,72279.0
2025-09-18 10:30:00,664.37,664.4,664.15,664.22,34599.0
2025-09-18 10:35:00,664.25,664.26,664.14,664.22,14014.0
2025-09-18 10:40:00,664.26,664.27,664.15,664.17,13166.0
2025-09-18 10:45:00,664.21,664.21,664.0,664.0,8298.0
2025-09-18 10:50:00,664.04,664.04,663.85,663.93,13646.0
2025-09-18 10:55:00,663.96,664.12,663.92,664.12,17902.0
2025-09-18 11:00:00,664.18,664.57,663.91,664.43,19919.0
2025-09-18 11:05:00,664.43,664.57,664.34,664.54,18615.0
2025-09-18 11:10:00,664.63,664.8,664.5,664.5,59065.0
2025-09-18 11:15:00,664.68,664.7,664.5,664.53,22292.0
2025-09-18 11:20:00,664.53,664.76,664.53,664.59,55583.0
2025-09-18 11:25:00,664.52,664.52,664.38,664.5,21167.0
2025-09-18 11:30:00,664.47,664.47,664.33,664.34,59562.0
2025-09-18 11:35:00,664.3,664.39,664.25,664.27,16666.0
2025-09-18 11:40:00,664.15,664.16,663.8,663.91,19378.0
2025-09-18 11:45:00,663.89,664.04,663.78,663.87,24712.0
2025-09-18 11:50:00,663.92,663.97,663.82,663.84,13988.0
2025-09-18 11:55:00,663.91,664.11,663.86,664.1,9634.0
2025-09-18 12:00:00,664.55,665.01,661.3,664.0211,89590.0
2025-09-18 12:05:00,664.05,664.16,663.86,663.86,20430.0
2025-09-18 12:10:00,663.8,663.88,663.65,663.88,21000.0
2025-09-18 12:15:00,663.85,663.92,663.66,663.88,32244.0
2025-09-18 12:20:00,663.9,664.22,663.9,664.06,51956.0
2025-09-18 12:25:00,664.1,664.35,664.091,664.2,77486.0
2025-09-18 12:30:00,664.23,664.3,663.6,663.6796,71691.0
2025-09-18 12:35:00,663.68,663.86,663.61,663.61,16875.0
2025-09-18 12:40:00,663.6,663.65,663.48,663.48,53555.0
2025-09-18 12:45:00,663.55,663.59,663.44,663.52,27375.0
2025-09-18 12:50:00,663.47,663.47,662.93,662.99,39659.0
2025-09-18 12:55:00,662.97,663.09,659.2174,662.47,158201.0
2025-09-18 13:00:00,662.49,662.53,661.79,661.86,94103.0
2025-09-18 13:05:00,661.94,662.12,661.4,662.11,157022.0
2025-09-18 13:10:00,662.07,662.2,661.86,661.9781,84894.0
2025-09-18 13:15:00,661.96,662.38,661.9,661.9,120814.0
2025-09-18 13:20:00,661.93,662.09,661.91,662.02,29085.0
2025-09-18 13:25:00,662.03,662.2,661.7161,661.88,109445.0
2025-09-18 13:30:00,661.89,662.27,661.34,661.99,2806078.0
2025-09-18 13:35:00,661.99,662.44,661.685,661.695,1713704.0
2025-09-18 13:40:00,661.695,661.86,660.76,660.77,2476105.0
2025-09-18 13:45:00,660.77,661.47,660.27,661.45,2324544.0
2025-09-18 13:50:00,661.45,662.29,661.25,661.33,1836337.0
2025-09-18 13:55:00,661.33,662.09,660.945,662.06,1573151.0
2025-09-18 14:00:00,662.06,662.85,662.0,662.74,1502554.0
2025-09-18 14:05:00,662.74,663.5,662.74,663.495,1690336.0
2025-09-18 14:10:00,663.5,663.76,663.4101,663.62,2109768.0
2025-09-18 14:15:00,663.6,664.11,663.53,664.1,1530280.0
2025-09-18 14:20:00,664.09,664.21,663.625,664.07,1413035.0
2025-09-18 14:25:00,664.07,664.49,664.05,664.4,1180112.0
2025-09-18 14:30:00,664.38,664.89,664.3601,664.39,1279290.0
2025-09-18 14:35:00,664.39,664.41,663.8,663.8,1252382.0
2025-09-18 14:40:00,663.81,664.05,663.49,663.5,1043479.0
2025-09-18 14:45:00,663.49,663.834137,663.315,663.57,1062549.0
2025-09-18 14:50:00,663.57,663.57,662.865,662.88,923062.0
2025-09-18 14:55:00,662.885,663.155,662.715,662.77,1002361.0
2025-09-18 15:00:00,662.77,663.26,662.74,662.96,1016290.0
2025-09-18 15:05:00,662.975,663.29,662.6,662.84,943273.0
2025-09-18 15:10:00,662.85,663.11,662.63,662.89,625384.0
2025-09-18 15:15:00,662.91,663.76,662.76,663.7457,936284.0
2025-09-18 15:20:00,663.77,663.99,663.32,663.465,1073402.0
2025-09-18 15:25:00,663.47,663.7,663.19,663.325,667774.0
2025-09-18 15:30:00,663.31,663.94,663.31,663.64,687030.0
2025-09-18 15:35:00,663.64,663.75,663.56,663.7,511607.0
2025-09-18 15:40:00,663.7,663.78,663.3101,663.41,404797.0
2025-09-18 15:45:00,663.41,663.475,663.14,663.2128,523360.0
2025-09-18 15:50:00,663.22,663.24,662.28,662.625,799990.0
2025-09-18 15:55:00,662.64,662.77,662.1751,662.5999,770576.0
2025-09-18 16:00:00,662.575,662.96,662.48,662.925,639796.0
2025-09-19 09:30:00,661.16,661.39,661.16,661.34,4413.0
2025-09-19 09:35:00,661.34,661.39,661.34,661.39,589.0
2025-09-19 09:40:00,661.36,661.4,661.3,661.3,1933.0
2025-09-19 09:45:00,661.31,661.36,661.24,661.32,1434.0
2025-09-19 09:50:00,661.22,661.22,660.92,661.0,5282.0
2025-09-19 09:55:00,661.0,661.07,660.97,661.06,2811.0
2025-09-19 10:00:00,660.88,660.97,660.81,660.97,4907.0
2025-09-19 10:05:00,660.96,660.99,660.96,660.99,453.0
2025-09-19 10:10:00,661.06,661.1,660.97,660.98,1925.0
2025-09-19 10:15:00,661.08,661.3,661.08,661.3,4866.0
2025-09-19 10:20:00,661.1,661.1,661.0,661.0,2473.0
2025-09-19 10:25:00,661.04,661.19,661.04,661.19,6772.0
2025-09-19 10:30:00,661.15,661.18,661.11,661.11,10889.0
2025-09-19 10:35:00,661.14,661.33,661.1,661.32,16552.0
2025-09-19 10:40:00,661.32,661.4,661.31,661.31,9039.0
2025-09-19 10:45:00,661.32,661.32,661.17,661.17,4357.0
2025-09-19 10:50:00,661.13,661.2,661.11,661.13,4165.0
2025-09-19 10:55:00,661.12,661.39,661.01,661.39,10707.0
2025-09-19 11:00:00,661.38,661.66,661.38,661.44,17583.0
2025-09-19 11:05:00,661.49,661.52,661.35,661.43,5192.0
2025-09-19 11:10:00,661.43,661.43,661.12,661.2,25790.0
2025-09-19 11:15:00,661.22,661.33,661.21,661.33,2275.0
2025-09-19 11:20:00,661.3,661.36,661.24,661.36,7606.0
2025-09-19 11:25:00,661.3,661.5,661.28,661.47,17975.0
2025-09-19 11:30:00,661.4,661.46,661.33,661.46,11226.0
2025-09-19 11:35:00,661.49,661.55,661.46,661.54,15819.0
2025-09-19 11:40:00,661.56,661.56,661.38,661.38,19182.0
2025-09-19 11:45:00,661.32,661.47,661.3,661.4,24685.0
2025-09-19 11:50:00,661.51,661.65,661.5,661.63,12935.0
2025-09-19 11:55:00,661.63,661.63,661.55,661.61,16707.0
2025-09-19 12:00:00,661.57,661.84,659.62,661.82,93567.0
2025-09-19 12:05:00,661.82,661.9,661.7083,661.7083,14648.0
2025-09-19 12:10:00,661.74,661.81,661.73,661.77,24393.0
2025-09-19 12:15:00,661.78,661.79,661.73,661.7899,13837.0
2025-09-19 12:20:00,661.79,661.9,661.72,661.89,14573.0
2025-09-19 12:25:00,661.89,662.16,661.82,662.07,30854.0
2025-09-19 12:30:00,662.04,662.1388,661.99,661.9983,18691.0
2025-09-19 12:35:00,661.95,662.09,661.88,661.99,35941.0
2025-09-19 12:40:00,661.99,662.11,661.82,661.84,35403.0
2025-09-19 12:45:00,661.9099,662.19,661.89,662.19,29199.0
2025-09-19 12:50:00,662.2,662.2,661.82,661.88,51064.0
2025-09-19 12:55:00,661.85,661.9,661.79,661.87,19777.0
2025-09-19 13:00:00,661.85,662.12,661.79,662.12,29299.0
2025-09-19 13:05:00,662.12,662.22,662.1,662.22,106210.0
2025-09-19 13:10:00,662.23,662.36,662.23,662.32,22354.0
2025-09-19 13:15:00,662.36,662.52,662.345,662.41,25624.0
2025-09-19 13:20:00,662.42,662.64,662.4,662.54,36552.0
2025-09-19 13:25:00,662.57,662.83,662.25,662.33,147581.0
2025-09-19 13:30:00,662.33,662.37,661.44,661.49,3266226.0
2025-09-19 13:35:00,661.5,661.685,661.32,661.68,1636297.0
2025-09-19 13:40:00,661.68,662.09,661.4619,661.62,1541033.0
2025-09-19 13:45:00,661.63,662.54,661.47,662.41,1391289.0
2025-09-19 13:50:00,662.41,662.7,662.25,662.49,1173555.0
2025-09-19 13:55:00,662.49,662.57,661.96,662.15,895872.0
2025-09-19 14:00:00,662.14,662.2579,661.92,662.2,860383.0
2025-09-19 14:05:00,662.19,662.4,661.97,662.02,700037.0
2025-09-19 14:10:00,662.01,662.32,661.87,662.075,709999.0
2025-09-19 14:15:00,662.075,662.13,661.8,661.935,726441.0
2025-09-19 14:20:00,661.93,662.16,661.67,662.035,631261.0
2025-09-19 14:25:00,662.03,662.16,661.83,661.92,677026.0
2025-09-19 14:30:00,661.9,662.19,661.81,662.12,537380.0
2025-09-19 14:35:00,662.12,662.21,661.78,661.86,487438.0
2025-09-19 14:40:00,661.8549,661.87,661.35,661.35,648890.0
2025-09-19 14:45:00,661.35,661.45,660.96,661.3,809783.0
2025-09-19 14:50:00,661.29,661.95,661.11,661.6099,2171997.0
2025-09-19 14:55:00,661.6,661.655,661.235,661.59,719807.0
2025-09-19 15:00:00,661.59,661.945,661.205,661.23,1151334.0
2025-09-19 15:05:00,661.21,661.29,661.04,661.14,661274.0
2025-09-19 15:10:00,661.14,661.25,660.9,661.02,8697251.0
2025-09-19 15:15:00,661.015,661.06,660.845,660.99,1183657.0
2025-09-19 15:20:00,660.99,661.34,660.64,661.11,1643656.0
2025-09-19 15:25:00,661.11,661.16,660.63,660.76,1033142.0
2025-09-19 15:30:00,660.74,660.74,660.37,660.6599,688920.0
2025-09-19 15:35:00,660.65,660.91,660.555,660.74,473959.0
2025-09-19 15:40:00,660.75,661.31,660.7421,661.09,635211.0
2025-09-19 15:45:00,661.08,661.242,660.9762,661.17,651671.0
2025-09-19 15:50:00,661.17,661.57,661.1399,661.55,495148.0
2025-09-19 15:55:00,661.55,661.615,661.37,661.6,639025.0
2025-09-19 16:00:00,661.59,662.11,661.57,662.019,828489.0
2025-09-22 09:35:00,661.9,661.9,661.78,661.81,857.0
2025-09-22 09:40:00,661.82,661.83,661.76,661.76,3533.0
2025-09-22 09:45:00,661.8,661.85,661.73,661.76,1928.0
2025-09-22 09:50:00,661.83,661.88,661.83,661.85,3999.0
2025-09-22 09:55:00,661.85,661.86,661.81,661.86,1936.0
2025-09-22 10:00:00,661.9,661.93,661.81,661.88,3026.0
2025-09-22 10:05:00,661.88,662.07,661.88,662.0,7277.0
2025-09-22 10:10:00,662.01,662.11,662.01,662.11,2916.0
2025-09-22 10:15:00,662.07,662.27,662.07,662.27,3381.0
2025-09-22 10:20:00,662.26,662.35,662.25,662.35,954.0
2025-09-22 10:25:00,662.32,662.33,662.23,662.23,1418.0
2025-09-22 10:30:00,662.32,662.38,662.16,662.16,4580.0
2025-09-22 10:35:00,662.17,662.2,662.12,662.15,1903.0
2025-09-22 10:40:00,662.1,662.11,662.1,662.11,556.0
2025-09-22 10:45:00,662.05,662.09,662.04,662.09,1079.0
2025-09-22 10:50:00,661.98,661.98,661.8,661.88,3573.0
2025-09-22 10:55:00,661.88,661.88,661.67,661.75,12227.0
2025-09-22 11:00:00,661.75,661.82,661.55,661.82,103543.0
2025-09-22 11:05:00,661.83,661.92,661.75,661.91,6631.0
2025-09-22 11:10:00,661.94,661.94,661.74,661.74,19240.0
2025-09-22 11:15:00,661.77,661.8,661.77,661.79,1839.0
2025-09-22 11:20:00,661.77,661.87,661.61,661.61,33018.0
2025-09-22 11:25:00,661.61,661.73,661.52,661.71,14913.0
2025-09-22 11:30:00,661.67,661.81,661.65,661.78,12840.0
2025-09-22 11:35:00,661.86,661.87,661.611,661.65,8343.0
2025-09-22 11:40:00,661.6,661.7,661.5,661.66,5996.0
2025-09-22 11:45:00,661.6,661.64,661.56,661.59,38826.0
2025-09-22 11:50:00,661.52,661.71,661.48,661.71,26465.0
2025-09-22 11:55:00,661.7,661.95,661.7,661.95,24271.0
2025-09-22 12:00:00,661.7484,663.44,661.11,661.65,75030.0
2025-09-22 12:05:00,661.6607,661.68,661.56,661.56,6314.0
2025-09-22 12:10:00,661.61,661.65,661.45,661.471,6632.0
2025-09-22 12:15:00,661.5,661.61,661.44,661.5352,17560.0
2025-09-22 12:20:00,661.6,661.71,661.57,661.67,19109.0
2025-09-22 12:25:00,661.68,661.68,661.46,661.46,18455.0
2025-09-22 12:30:00,661.44,661.56,661.43,661.54,22464.0
2025-09-22 12:35:00,661.56,661.68,661.5,661.6302,19888.0
2025-09-22 12:40:00,661.69,661.94,661.6875,661.8,16921.0
2025-09-22 12:45:00,661.81,662.0,661.81,661.95,34238.0
2025-09-22 12:50:00,661.97,661.99,661.75,661.75,16517.0
2025-09-22 12:55:00,661.75,661.8799,661.74,661.86,7752.0
2025-09-22 13:00:00,661.83,661.89,661.57,661.87,41283.0
2025-09-22 13:05:00,661.9,662.0099,661.86,661.9494,10496.0
2025-09-22 13:10:00,661.95,662.07,661.94,661.99,15310.0
2025-09-22 13:15:00,661.98,662.2,661.89,662.2,24444.0
2025-09-22 13:20:00,662.2,662.2,662.11,662.1505,10220.0
2025-09-22 13:25:00,662.11,662.25,662.08,662.19,24840.0
2025-09-22 13:30:00,662.2,662.8,662.17,662.65,1793485.0
2025-09-22 13:35:00,662.65,662.705,662.3,662.41,1201080.0
2025-09-22 13:40:00,662.39,662.66,662.23,662.615,1199271.0
2025-09-22 13:45:00,662.61,663.04,662.53,662.89,1161807.0
2025-09-22 13:50:00,662.885,663.49,662.81,663.455,1180049.0
2025-09-22 13:55:00,663.45,663.565,663.25,663.41,1336180.0
2025-09-22 14:00:00,663.41,663.62,663.175,663.475,1063962.0
2025-09-22 14:05:00,663.48,663.76,663.42,663.68,773771.0
2025-09-22 14:10:00,663.68,663.69,663.28,663.44,952975.0
2025-09-22 14:15:00,663.44,663.61,663.36,663.4601,653553.0
2025-09-22 14:20:00,663.47,663.765,663.465,663.7011,708902.0
2025-09-22 14:25:00,663.7,664.14,663.58,664.08,947741.0
2025-09-22 14:30:00,664.07,664.14,663.895,664.1,591490.0
2025-09-22 14:35:00,664.11,664.32,664.08,664.295,560412.0
2025-09-22 14:40:00,664.295,664.595,664.295,664.535,873950.0
2025-09-22 14:45:00,664.535,664.83,664.4917,664.635,910174.0
2025-09-22 14:50:00,664.64,665.02,664.64,664.86,922271.0
2025-09-22 14:55:00,664.865,665.075,664.84,665.02,556582.0
2025-09-22 15:00:00,665.01,665.32,664.9,664.92,908012.0
2025-09-22 15:05:00,664.9101,665.065,664.8,665.05,567479.0
2025-09-22 15:10:00,665.05,665.105,664.74,664.82,746685.0
2025-09-22 15:15:00,664.815,664.9,664.695,664.8401,464524.0
2025-09-22 15:20:00,664.84,665.13,664.8,664.9511,610085.0
2025-09-22 15:25:00,664.955,665.02,664.82,664.94,418634.0
2025-09-22 15:30:00,664.94,665.035,664.65,664.68,627520.0
2025-09-22 15:35:00,664.67,664.86,664.57,664.78,687388.0
2025-09-22 15:40:00,664.78,664.8484,664.64,664.675,376158.0
2025-09-22 15:45:00,664.685,664.78,664.57,664.62,364676.0
2025-09-22 15:50:00,664.615,664.77,664.52,664.59,342234.0
2025-09-22 15:55:00,664.59,664.66,664.48,664.59,410466.0
2025-09-22 16:00:00,664.5813,664.86,664.56,664.81,685511.0
2025-09-23 09:35:00,666.88,666.98,666.88,666.98,436.0
2025-09-23 09:45:00,666.93,666.94,666.93,666.94,930.0
2025-09-23 10:00:00,666.95,666.95,666.85,666.86,2250.0
2025-09-23 10:05:00,666.86,666.96,666.86,666.93,4367.0
2025-09-23 10:10:00,666.9,666.9,666.82,666.82,2184.0
2025-09-23 10:15:00,666.85,666.85,666.78,666.78,4880.0
2025-09-23 10:20:00,666.75,666.77,666.75,666.77,904.0
2025-09-23 10:25:00,666.75,666.75,666.6,666.6,5116.0
2025-09-23 10:30:00,666.57,666.59,666.5,666.56,12304.0
2025-09-23 10:35:00,666.45,666.49,666.43,666.49,7484.0
2025-09-23 10:40:00,666.44,666.46,666.37,666.46,3361.0
2025-09-23 10:45:00,666.51,666.58,666.51,666.56,1817.0
2025-09-23 10:50:00,666.58,666.64,666.58,666.63,1393.0
2025-09-23 10:55:00,666.6,666.6,666.6,666.6,1718.0
2025-09-23 11:00:00,666.48,666.48,666.4,666.44,1168.0
2025-09-23 11:05:00,666.32,666.38,666.2,666.38,5004.0
2025-09-23 11:10:00,666.38,666.38,666.22,666.24,5046.0
2025-09-23 11:15:00,666.17,666.25,666.14,666.2,5039.0
2025-09-23 11:20:00,666.3,666.4,666.26,666.4,26865.0
2025-09-23 11:25:00,666.39,666.45,666.39,666.45,12042.0
2025-09-23 11:30:00,666.46,666.53,666.44,666.53,5474.0
2025-09-23 11:35:00,666.549,666.549,666.44,666.49,4698.0
2025-09-23 11:40:00,666.52,666.59,666.47,666.59,864.0
2025-09-23 11:45:00,666.62,666.75,666.57,666.73,4740.0
2025-09-23 11:50:00,666.78,666.85,666.78,666.84,8943.0
2025-09-23 11:55:00,666.83,666.85,666.83,666.85,1445.0
2025-09-23 12:00:00,666.47,666.96,666.16,666.76,64721.0
2025-09-23 12:05:00,666.749,666.75,666.64,666.64,6361.0
2025-09-23 12:10:00,666.84,666.89,666.84,666.88,3875.0
2025-09-23 12:15:00,666.85,666.93,666.8,666.8,6263.0
2025-09-23 12:20:00,666.75,666.84,666.66,666.68,3769.0
2025-09-23 12:25:00,666.75,666.77,666.66,666.71,40420.0
2025-09-23 12:30:00,666.64,666.78,666.5,666.77,14576.0
2025-09-23 12:35:00,666.74,666.76,666.67,666.76,9905.0
2025-09-23 12:40:00,666.64,666.84,666.64,666.84,6016.0
2025-09-23 12:45:00,666.82,666.87,666.79,666.79,8459.0
2025-09-23 12:50:00,666.81,666.86,666.78,666.8,12943.0
2025-09-23 12:55:00,666.89,666.93,666.8,666.879,11049.0
2025-09-23 13:00:00,666.89,666.91,666.81,666.81,10005.0
2025-09-23 13:05:00,666.8,666.84,666.75,666.75,9130.0
2025-09-23 13:10:00,666.72,666.79,666.72,666.77,10413.0
2025-09-23 13:15:00,666.72,666.76,666.65,666.66,17296.0
2025-09-23 13:20:00,666.72,666.77,666.67,666.73,8172.0
2025-09-23 13:25:00,666.72,666.81,666.58,666.71,43867.0
2025-09-23 13:30:00,666.72,667.18,666.61,667.045,1519473.0
2025-09-23 13:35:00,667.05,667.28,666.86,667.08,1095290.0
2025-09-23 13:40:00,667.09,667.165,666.57,666.8992,1414378.0
2025-09-23 13:45:00,666.7975,667.23,666.73,666.99,1182907.0
2025-09-23 13:50:00,666.99,667.34,666.84,667.01,1198862.0
2025-09-23 13:55:00,667.005,667.045,666.73,666.89,903222.0
2025-09-23 14:00:00,666.9,667.06,666.4601,666.68,1103068.0
2025-09-23 14:05:00,666.67,667.08,666.64,667.055,953952.0
2025-09-23 14:10:00,667.05,667.245,666.87,667.06,857777.0
2025-09-23 14:15:00,667.0602,667.07,666.74,666.88,708245.0
2025-09-23 14:20:00,666.88,666.92,666.43,666.46,786408.0
2025-09-23 14:25:00,666.46,666.75,666.36,666.62,837617.0
2025-09-23 14:30:00,666.63,666.685,666.315,666.315,692603.0
2025-09-23 14:35:00,666.315,666.4,666.17,666.3015,721549.0
2025-09-23 14:40:00,666.295,666.63,666.27,666.345,691863.0
2025-09-23 14:45:00,666.35,666.46,666.155,666.37,543031.0
2025-09-23 14:50:00,666.39,666.63,666.31,666.625,457347.0
2025-09-23 14:55:00,666.62,666.76,666.31,666.3153,430411.0
2025-09-23 15:00:00,666.31,666.355,666.1,666.25,568828.0
2025-09-23 15:05:00,666.26,666.35,666.02,666.195,470053.0
2025-09-23 15:10:00,666.2,666.455,666.13,666.3599,485558.0
2025-09-23 15:15:00,666.37,666.47,666.17,666.39,386513.0
2025-09-23 15:20:00,666.4,666.4298,666.1999,666.42,323034.0
2025-09-23 15:25:00,666.42,666.425,666.06,666.15,443548.0
2025-09-23 15:30:00,666.15,666.24,665.96,666.02,454092.0
2025-09-23 15:35:00,666.02,666.1207,665.91,665.96,464111.0
2025-09-23 15:40:00,665.955,665.98,665.555,665.87,644701.0
2025-09-23 15:45:00,665.88,665.99,665.77,665.82,556549.0
2025-09-23 15:50:00,665.82,665.87,665.64,665.685,446971.0
2025-09-23 15:55:00,665.69,665.75,665.49,665.55,411006.0
2025-09-23 16:00:00,665.56,665.66,665.45,665.5097,486812.0
2025-09-24 09:30:00,664.52,664.52,664.43,664.43,388.0
2025-09-24 09:35:00,664.47,664.5,664.38,664.38,1544.0
2025-09-24 09:40:00,664.3,664.3,664.3,664.3,567.0
2025-09-24 09:55:00,664.44,664.44,664.44,664.44,105.0
2025-09-24 10:00:00,664.42,664.49,664.35,664.38,2667.0
2025-09-24 10:05:00,664.39,664.44,664.39,664.44,775.0
2025-09-24 10:10:00,664.46,664.46,664.44,664.44,518.0
2025-09-24 10:15:00,664.39,664.49,664.39,664.47,1982.0
2025-09-24 10:20:00,664.3,664.3,664.3,664.3,225.0
2025-09-24 10:25:00,664.23,664.23,664.09,664.09,2224.0
2025-09-24 10:30:00,664.19,664.19,664.16,664.16,460.0
2025-09-24 10:35:00,664.16,664.19,664.11,664.11,682.0
2025-09-24 10:40:00,664.13,664.15,664.06,664.15,1901.0
2025-09-24 10:50:00,664.13,664.38,664.13,664.37,2157.0
2025-09-24 10:55:00,664.35,664.37,664.35,664.37,843.0
2025-09-24 11:00:00,664.36,664.46,664.33,664.42,13183.0
2025-09-24 11:05:00,664.42,664.58,664.42,664.5,25231.0
2025-09-24 11:10:00,664.5,664.61,664.5,664.61,3553.0
2025-09-24 11:15:00,664.58,664.64,664.57,664.61,12788.0
2025-09-24 11:20:00,664.52,664.52,664.52,664.52,767.0
2025-09-24 11:25:00,664.52,664.55,664.49,664.49,3137.0
2025-09-24 11:30:00,664.48,664.65,664.45,664.63,8555.0
2025-09-24 11:35:00,664.62,664.62,664.32,664.32,25234.0
2025-09-24 11:40:00,664.35,664.35,664.05,664.08,10868.0
2025-09-24 11:45:00,664.09,664.21,664.0,664.21,10144.0
2025-09-24 11:50:00,664.25,664.25,664.0,664.12,31080.0
2025-09-24 11:55:00,664.19,664.46,664.19,664.45,6603.0
2025-09-24 12:00:00,664.38,664.62,663.41,664.32,48355.0
2025-09-24 12:05:00,664.43,664.53,664.41,664.45,7106.0
2025-09-24 12:10:00,664.47,664.5,664.44,664.5,4379.0
2025-09-24 12:15:00,664.4004,664.41,664.18,664.23,42527.0
2025-09-24 12:20:00,664.19,664.32,664.13,664.28,17607.0
2025-09-24 12:25:00,664.28,664.3299,664.23,664.3,5242.0
2025-09-24 12:30:00,664.33,664.39,664.21,664.28,10735.0
2025-09-24 12:35:00,664.24,664.33,664.18,664.33,22633.0
2025-09-24 12:40:00,664.31,664.33,664.19,664.2199,13354.0
2025-09-24 12:45:00,664.18,664.27,664.16,664.18,9221.0
2025-09-24 12:50:00,664.16,664.26,664.16,664.19,3464.0
2025-09-24 12:55:00,664.19,664.4,664.19,664.4,61740.0
2025-09-24 13:00:00,664.42,664.57,664.37,664.55,23323.0
2025-09-24 13:05:00,664.56,664.57,664.28,664.29,31729.0
2025-09-24 13:10:00,664.26,664.34,664.14,664.15,35278.0
2025-09-24 13:15:00,664.12,664.34,664.11,664.25,75088.0
2025-09-24 13:20:00,664.25,664.32,664.2,664.29,14569.0
2025-09-24 13:25:00,664.32,664.58,664.32,664.49,57719.0
2025-09-24 13:30:00,664.51,664.61,663.81,664.125,1978674.0
2025-09-24 13:35:00,664.13,664.18,663.5447,663.61,1312154.0
2025-09-24 13:40:00,663.62,663.8799,663.4,663.57,1297033.0
2025-09-24 13:45:00,663.58,663.61,662.92,662.94,1146541.0
2025-09-24 13:50:00,662.95,663.12,662.42,662.71,1248337.0
2025-09-24 13:55:00,662.74,663.08,662.74,663.04,866592.0
2025-09-24 14:00:00,663.045,663.45,662.65,663.38,1184766.0
2025-09-24 14:05:00,663.4,663.415,662.8,662.98,964449.0
2025-09-24 14:10:00,662.96,663.3,662.84,663.26,655566.0
2025-09-24 14:15:00,663.25,663.49,663.04,663.39,660658.0
2025-09-24 14:20:00,663.375,663.425,663.0,663.1,740126.0
2025-09-24 14:25:00,663.09,663.33,662.93,663.21,819818.0
2025-09-24 14:30:00,663.19,663.43,662.81,662.92,652916.0
2025-09-24 14:35:00,662.91,663.32,662.91,663.225,467200.0
2025-09-24 14:40:00,663.23,663.275,662.98,663.264,520026.0
2025-09-24 14:45:00,663.26,663.53,663.17,663.41,699816.0
2025-09-24 14:50:00,663.43,663.655,663.07,663.1199,764640.0
2025-09-24 14:55:00,663.105,663.15,662.7851,662.93,505419.0
2025-09-24 15:00:00,662.92,663.13,662.74,662.82,428715.0
2025-09-24 15:05:00,662.805,663.03,662.775,662.825,372240.0
2025-09-24 15:10:00,662.818,662.84,662.4,662.425,694715.0
2025-09-24 15:15:00,662.41,662.76,662.4,662.675,505157.0
2025-09-24 15:20:00,662.665,662.98,662.641,662.89,469715.0
2025-09-24 15:25:00,662.8944,662.945,662.572,662.66,417870.0
2025-09-24 15:30:00,662.65,662.95,662.12,662.17,502422.0
2025-09-24 15:35:00,662.18,662.52,662.101,662.3,426114.0
2025-09-24 15:40:00,662.29,662.345,662.06,662.145,406150.0
2025-09-24 15:45:00,662.15,662.15,661.33,661.36,1087722.0
2025-09-24 15:50:00,661.36,661.51,660.945,661.2246,1277186.0
2025-09-24 15:55:00,661.24,661.27,660.26,660.39,1633151.0
2025-09-24 16:00:00,660.39,660.6737,660.11,660.49,1495462.0
2025-09-25 09:30:00,660.94,661.04,660.89,660.91,4132.0
2025-09-25 09:35:00,661.05,661.05,660.92,660.92,959.0
2025-09-25 09:40:00,660.83,660.83,660.75,660.78,3678.0
2025-09-25 09:45:00,660.53,660.66,660.4,660.64,4517.0
2025-09-25 09:50:00,660.67,660.76,660.67,660.76,1887.0
2025-09-25 09:55:00,660.81,660.81,660.55,660.55,1916.0
2025-09-25 10:00:00,660.6,660.74,660.6,660.74,2800.0
2025-09-25 10:05:00,660.68,660.8,660.63,660.8,3363.0
2025-09-25 10:10:00,660.81,660.84,660.65,660.67,15586.0
2025-09-25 10:15:00,660.67,660.74,660.6,660.7,18312.0
2025-09-25 10:20:00,660.72,660.72,660.5,660.57,6727.0
2025-09-25 10:25:00,660.59,660.59,660.2,660.22,16455.0
2025-09-25 10:30:00,660.25,660.64,660.25,660.64,5432.0
2025-09-25 10:35:00,660.68,660.68,660.59,660.59,3057.0
2025-09-25 10:40:00,660.36,660.37,660.19,660.19,2773.0
2025-09-25 10:45:00,660.1,660.12,660.0,660.08,13603.0
2025-09-25 10:50:00,660.04,660.11,659.96,660.11,3732.0
2025-09-25 10:55:00,660.11,660.27,660.11,660.27,6814.0
2025-09-25 11:00:00,660.2,660.2,659.81,660.03,11597.0
2025-09-25 11:05:00,660.04,660.07,659.8,659.8,13686.0
2025-09-25 11:10:00,659.75,659.75,659.26,659.34,17583.0
2025-09-25 11:15:00,659.45,659.5,659.27,659.33,15336.0
2025-09-25 11:20:00,659.32,659.34,659.09,659.23,17807.0
2025-09-25 11:25:00,659.22,659.46,659.22,659.26,20736.0
2025-09-25 11:30:00,659.2,659.3,659.08,659.17,25531.0
2025-09-25 11:35:00,659.18,659.26,659.0,659.061,25621.0
2025-09-25 11:40:00,659.03,659.08,658.7,658.7,38117.0
2025-09-25 11:45:00,658.74,658.87,658.51,658.86,27165.0
2025-09-25 11:50:00,658.82,659.15,658.73,659.0,20867.0
2025-09-25 11:55:00,659.031,659.031,658.24,658.44,12035.0
2025-09-25 12:00:00,660.09,662.38,658.27,658.65,112713.0
2025-09-25 12:05:00,658.67,658.89,658.57,658.84,41860.0
2025-09-25 12:10:00,658.78,659.01,658.75,658.86,14497.0
2025-09-25 12:15:00,658.77,658.99,658.74,658.9,13229.0
2025-09-25 12:20:00,658.83,659.27,658.81,659.16,43963.0
2025-09-25 12:25:00,659.16,659.16,658.5,658.73,90709.0
2025-09-25 12:30:00,658.5,658.8,658.25,658.42,134277.0
2025-09-25 12:35:00,658.41,658.55,658.19,658.4,100693.0
2025-09-25 12:40:00,658.41,658.45,658.0,658.05,90829.0
2025-09-25 12:45:00,658.09,658.18,657.64,657.76,145320.0
2025-09-25 12:50:00,657.81,657.81,657.32,657.42,74347.0
2025-09-25 12:55:00,657.38,657.86,657.35,657.78,64167.0
2025-09-25 13:00:00,657.8,657.88,657.46,657.62,76953.0
2025-09-25 13:05:00,657.63,657.9,657.4,657.46,59229.0
2025-09-25 13:10:00,657.43,657.66,657.34,657.63,52215.0
2025-09-25 13:15:00,657.61,658.0503,657.49,658.0503,38504.0
2025-09-25 13:20:00,658.05,658.21,657.95,658.11,53369.0
2025-09-25 13:25:00,658.08,658.189,657.86,657.99,71988.0
2025-09-25 13:30:00,657.94,657.98,657.13,657.14,2776415.0
2025-09-25 13:35:00,657.14,657.26,656.055,656.08,2064761.0
2025-09-25 13:40:00,656.08,656.1,655.08,655.29,2486064.0
2025-09-25 13:45:00,655.28,656.43,655.175,656.18,2444824.0
2025-09-25 13:50:00,656.1701,656.985,655.49,655.65,2120227.0
2025-09-25 13:55:00,655.66,656.04,655.19,655.64,1115781.0
2025-09-25 14:00:00,655.64,657.07,655.55,657.0,2021210.0
2025-09-25 14:05:00,656.99,657.93,656.93,657.87,1507318.0
2025-09-25 14:10:00,657.87,658.27,657.61,657.99,1457303.0
2025-09-25 14:15:00,658.0092,658.63,658.0,658.425,1395846.0
2025-09-25 14:20:00,658.42,659.15,658.28,659.03,1163554.0
2025-09-25 14:25:00,659.025,659.15,658.28,658.48,1396808.0
2025-09-25 14:30:00,658.48,658.81,658.24,658.74,886915.0
2025-09-25 14:35:00,658.73,658.93,658.36,658.88,718455.0
2025-09-25 14:40:00,658.875,658.97,658.49,658.74,681500.0
2025-09-25 14:45:00,658.74,659.1,658.385,659.08,622947.0
2025-09-25 14:50:00,659.08,659.085,658.33,658.66,756088.0
2025-09-25 14:55:00,658.67,659.095,658.66,658.79,1244062.0
2025-09-25 15:00:00,658.79,658.81,657.99,658.06,974751.0
2025-09-25 15:05:00,658.07,658.23,657.3281,657.6,903447.0
2025-09-25 15:10:00,657.6,658.6,657.425,658.58,948282.0
2025-09-25 15:15:00,658.58,658.68,658.23,658.39,491444.0
2025-09-25 15:20:00,658.36,658.475,657.73,657.7379,742046.0
2025-09-25 15:25:00,657.74,657.765,657.19,657.46,844935.0
2025-09-25 15:30:00,657.46,658.39,657.46,658.34,1517240.0
2025-09-25 15:35:00,658.355,658.9,658.28,658.9,792004.0
2025-09-25 15:40:00,658.895,659.4056,658.74,659.22,980024.0
2025-09-25 15:45:00,659.2,659.33,659.04,659.2292,687056.0
2025-09-25 15:50:00,659.2181,659.22,658.81,659.07,581947.0
2025-09-25 15:55:00,659.08,659.19,658.72,658.945,512266.0
2025-09-25 16:00:00,658.945,659.235,658.82,658.82,494855.0
2025-09-26 09:30:00,658.16,658.41,658.14,658.41,4672.0
2025-09-26 09:35:00,658.34,658.44,658.33,658.44,1890.0
2025-09-26 09:40:00,658.37,658.37,658.37,658.37,721.0
2025-09-26 09:45:00,658.54,658.54,658.54,658.54,485.0
2025-09-26 09:50:00,658.66,658.67,658.66,658.66,882.0
2025-09-26 09:55:00,658.62,658.66,658.62,658.66,670.0
2025-09-26 10:05:00,658.29,658.29,658.13,658.18,1132.0
2025-09-26 10:15:00,658.29,658.3,658.23,658.23,1665.0
2025-09-26 10:20:00,658.34,658.34,658.14,658.16,4222.0
2025-09-26 10:25:00,658.16,658.27,658.12,658.12,5025.0
2025-09-26 10:30:00,658.1,658.1,658.01,658.01,807.0
2025-09-26 10:35:00,658.02,658.02,658.02,658.02,869.0
2025-09-26 10:40:00,658.02,658.04,657.93,657.98,2292.0
2025-09-26 10:45:00,658.05,658.05,658.05,658.05,241.0
2025-09-26 10:50:00,658.01,658.02,657.98,657.98,1781.0
2025-09-26 10:55:00,658.15,658.15,658.15,658.15,192.0
2025-09-26 11:00:00,658.16,658.2,658.07,658.14,3104.0
2025-09-26 11:05:00,658.08,658.26,658.08,658.26,2883.0
2025-09-26 11:10:00,658.43,658.6,658.43,658.48,6260.0
2025-09-26 11:15:00,658.48,658.48,658.08,658.16,8453.0
2025-09-26 11:20:00,658.2,658.24,658.0,658.0,5963.0
2025-09-26 11:25:00,657.9,658.08,657.9,658.08,2454.0
2025-09-26 11:30:00,658.2,658.34,658.03,658.34,12870.0
2025-09-26 11:35:00,658.38,658.49,658.35,658.49,7486.0
2025-09-26 11:40:00,658.46,658.65,658.45,658.52,12736.0
2025-09-26 11:45:00,658.52,658.73,658.5,658.7,16961.0
2025-09-26 11:50:00,658.72,659.0,658.71,659.0,9473.0
2025-09-26 11:55:00,658.99,658.99,658.71,658.71,11258.0
2025-09-26 12:00:00,658.67,659.5,657.6,658.64,67829.0
2025-09-26 12:05:00,658.64,658.99,658.64,658.92,12860.0
2025-09-26 12:10:00,658.9225,658.96,658.75,658.8,20281.0
2025-09-26 12:15:00,658.85,659.1,657.96,659.03,32809.0
2025-09-26 12:20:00,658.91,659.03,658.88,659.02,24171.0
2025-09-26 12:25:00,659.03,659.24,658.92,659.19,13790.0
2025-09-26 12:30:00,659.1,660.29,659.07,660.21,165135.0
2025-09-26 12:35:00,660.2,661.1,660.2,660.83,268346.0
2025-09-26 12:40:00,660.88,660.949,660.6,660.66,95302.0
2025-09-26 12:45:00,660.71,660.71,660.28,660.38,70710.0
2025-09-26 12:50:00,660.48,660.57,660.0,660.03,54223.0
2025-09-26 12:55:00,660.09,660.45,660.05,660.24,54376.0
2025-09-26 13:00:00,660.28,660.31,659.8634,659.88,59049.0
2025-09-26 13:05:00,659.85,659.97,659.79,659.82,20857.0
2025-09-26 13:10:00,659.83,660.03,659.71,659.93,54735.0
2025-09-26 13:15:00,659.93,660.05,659.8001,659.93,11757.0
2025-09-26 13:20:00,659.93,660.08,659.7,659.779,22596.0
2025-09-26 13:25:00,659.72,659.86,659.41,659.51,60387.0
2025-09-26 13:30:00,659.51,660.89,658.92,660.7601,2258548.0
2025-09-26 13:35:00,660.765,661.04,660.44,660.91,1831022.0
2025-09-26 13:40:00,660.92,661.6851,660.59,661.03,2117521.0
2025-09-26 13:45:00,661.025,661.81,660.41,661.61,1676516.0
2025-09-26 13:50:00,661.61,661.9,661.145,661.4012,1320041.0
2025-09-26 13:55:00,661.41,661.794,661.15,661.79,847135.0
2025-09-26 14:00:00,661.8,662.37,660.98,660.9999,1539084.0
2025-09-26 14:05:00,661.02,661.1,659.62,659.905,2731969.0
2025-09-26 14:10:00,659.94,660.19,659.26,659.57,1411227.0
2025-09-26 14:15:00,659.56,659.73,659.0688,659.58,1091001.0
2025-09-26 14:20:00,659.56,659.61,658.75,658.81,862010.0
2025-09-26 14:25:00,658.82,658.88,657.88,658.781,1551482.0
2025-09-26 14:30:00,658.79,658.79,658.18,658.27,822293.0
2025-09-26 14:35:00,658.29,659.4844,658.12,659.44,886799.0
2025-09-26 14:40:00,659.43,659.96,659.3,659.515,895496.0
2025-09-26 14:45:00,659.51,659.76,658.38,658.4,659111.0
2025-09-26 14:50:00,658.39,658.9013,658.15,658.72,640601.0
2025-09-26 14:55:00,658.71,659.12,658.35,658.45,490929.0
2025-09-26 15:00:00,658.44,659.05,658.26,658.725,560481.0
2025-09-26 15:05:00,658.73,659.03,658.44,658.69,439349.0
2025-09-26 15:10:00,658.68,658.86,658.22,658.242,449527.0
2025-09-26 15:15:00,658.25,659.31,658.05,659.24,568575.0
2025-09-26 15:20:00,659.24,659.31,658.68,658.995,581972.0
2025-09-26 15:25:00,658.985,659.93,658.97,659.93,556910.0
2025-09-26 15:30:00,659.915,660.06,659.51,659.8,695562.0
2025-09-26 15:35:00,659.81,659.91,659.04,659.21,549394.0
2025-09-26 15:40:00,659.21,659.71,659.05,659.46,554020.0
2025-09-26 15:45:00,659.45,659.66,659.18,659.65,659452.0
2025-09-26 15:50:00,659.65,659.65,658.93,659.18,541643.0
2025-09-26 15:55:00,659.21,659.2801,658.635,658.67,329701.0
2025-09-26 16:00:00,658.68,658.875,658.5,658.79,513997.0
2025-09-29 09:30:00,665.18,665.18,665.09,665.1,8030.0
2025-09-29 09:35:00,665.17,665.32,665.17,665.32,3738.0
2025-09-29 09:40:00,665.39,665.4,665.35,665.4,4002.0
2025-09-29 09:45:00,665.41,665.5,665.16,665.22,15264.0
2025-09-29 09:50:00,665.22,665.27,665.14,665.22,17004.0
2025-09-29 09:55:00,665.15,665.15,665.03,665.04,3922.0
2025-09-29 10:00:00,665.06,665.23,664.98,665.1,8182.0
2025-09-29 10:05:00,665.1,665.17,665.1,665.16,1086.0
2025-09-29 10:10:00,665.19,665.19,665.19,665.19,1214.0
2025-09-29 10:15:00,665.44,665.46,665.44,665.46,3071.0
2025-09-29 10:20:00,665.57,665.72,665.57,665.67,3540.0
2025-09-29 10:25:00,665.67,665.7,665.66,665.7,2089.0
2025-09-29 10:30:00,665.7,665.8,665.5,665.52,19267.0
2025-09-29 10:35:00,665.48,665.5,665.46,665.5,2653.0
2025-09-29 10:40:00,665.43,665.5,665.43,665.45,46766.0
2025-09-29 10:45:00,665.43,665.49,665.3,665.49,17731.0
2025-09-29 10:50:00,665.5,665.5,665.3,665.4,45168.0
2025-09-29 10:55:00,665.4,665.42,665.31,665.35,23354.0
2025-09-29 11:00:00,665.4,665.47,665.13,665.13,33456.0
2025-09-29 11:05:00,665.16,665.19,665.0,665.0,3393.0
2025-09-29 11:10:00,665.02,665.02,664.69,664.69,13465.0
2025-09-29 11:15:00,664.67,665.0,664.67,665.0,3690.0
2025-09-29 11:20:00,665.0,665.05,664.84,664.88,45687.0
2025-09-29 11:25:00,664.84,664.84,664.6,664.65,27085.0
2025-09-29 11:30:00,664.64,664.65,664.49,664.6,22353.0
2025-09-29 11:35:00,664.63,664.79,664.59,664.59,1268.0
2025-09-29 11:40:00,664.52,664.63,664.5,664.63,6362.0
2025-09-29 11:45:00,664.53,664.63,664.5,664.63,12957.0
2025-09-29 11:50:00,664.82,664.92,664.67,664.92,8406.0
2025-09-29 11:55:00,664.89,664.98,664.85,664.96,15522.0
2025-09-29 12:00:00,665.38,665.7,663.71,664.8,85725.0
2025-09-29 12:05:00,664.785,665.0,664.71,664.9599,27061.0
2025-09-29 12:10:00,664.96,665.06,664.93,665.06,106543.0
2025-09-29 12:15:00,665.05,665.1,664.93,665.07,16412.0
2025-09-29 12:20:00,665.085,665.145,665.05,665.12,13933.0
2025-09-29 12:25:00,665.1,665.12,664.98,665.03,16878.0
2025-09-29 12:30:00,665.01,665.17,664.97,665.17,21584.0
2025-09-29 12:35:00,665.15,665.23,665.05,665.23,19288.0
2025-09-29 12:40:00,665.24,665.26,665.07,665.26,13067.0
2025-09-29 12:45:00,665.26,665.5,665.24,665.36,30944.0
2025-09-29 12:50:00,665.38,665.5,665.38,665.46,14918.0
2025-09-29 12:55:00,665.48,665.6,665.36,665.43,44131.0
2025-09-29 13:00:00,665.45,665.67,665.23,665.2899,47876.0
2025-09-29 13:05:00,665.25,665.33,665.1,665.21,58054.0
2025-09-29 13:10:00,665.22,665.29,665.13,665.21,39210.0
2025-09-29 13:15:00,665.19,665.27,665.1201,665.26,31484.0
2025-09-29 13:20:00,665.27,665.27,665.05,665.1,51713.0
2025-09-29 13:25:00,665.11,665.17,664.25,664.4,135782.0
2025-09-29 13:30:00,664.36,664.76,664.14,664.29,1854377.0
2025-09-29 13:35:00,664.29,664.45,663.91,663.95,1328485.0
2025-09-29 13:40:00,663.935,664.47,663.725,664.4106,1393829.0
2025-09-29 13:45:00,664.405,664.745,664.35,664.64,1221373.0
2025-09-29 13:50:00,664.64,664.69,664.09,664.63,1512680.0
2025-09-29 13:55:00,664.65,664.73,664.27,664.525,902764.0
2025-09-29 14:00:00,664.53,664.83,664.07,664.18,1349264.0
2025-09-29 14:05:00,664.185,665.28,664.05,665.09,1032836.0
2025-09-29 14:10:00,665.09,665.11,664.435,664.67,853661.0
2025-09-29 14:15:00,664.69,664.79,664.17,664.1712,729101.0
2025-09-29 14:20:00,664.18,664.89,663.99,664.84,971994.0
2025-09-29 14:25:00,664.84,664.98,664.71,664.76,651361.0
2025-09-29 14:30:00,664.76,664.887,664.585,664.86,637720.0
2025-09-29 14:35:00,664.87,664.93,664.54,664.785,611693.0
2025-09-29 14:40:00,664.78,665.07,664.73,665.0,475180.0
2025-09-29 14:45:00,665.0,665.17,664.84,664.91,630027.0
2025-09-29 14:50:00,664.91,664.97,664.57,664.6465,775989.0
2025-09-29 14:55:00,664.65,664.7,664.29,664.46,735765.0
2025-09-29 15:00:00,664.45,664.6573,664.37,664.54,480471.0
2025-09-29 15:05:00,664.55,664.59,664.23,664.26,439619.0
2025-09-29 15:10:00,664.26,664.2999,663.72,663.78,774304.0
2025-09-29 15:15:00,663.78,663.78,663.21,663.62,1346948.0
2025-09-29 15:20:00,663.61,664.01,663.43,663.6211,946834.0
2025-09-29 15:25:00,663.63,663.83,663.48,663.53,530428.0
2025-09-29 15:30:00,663.54,663.655,663.275,663.4,762948.0
2025-09-29 15:35:00,663.4,663.49,662.995,663.41,994548.0
2025-09-29 15:40:00,663.41,663.56,663.19,663.53,414030.0
2025-09-29 15:45:00,663.535,663.57,663.1801,663.2188,327607.0
2025-09-29 15:50:00,663.22,663.25,662.84,663.165,986711.0
2025-09-29 15:55:00,663.19,663.36,662.9,663.31,946608.0
2025-09-29 16:00:00,663.31,663.4856,662.935,663.0299,652906.0
2025-09-30 09:30:00,662.63,662.82,662.63,662.81,4935.0
2025-09-30 09:35:00,662.7,662.7,662.63,662.63,474.0
2025-09-30 09:40:00,662.56,662.56,662.42,662.43,1779.0
2025-09-30 09:45:00,662.35,662.35,662.35,662.35,205.0
2025-09-30 09:50:00,662.35,662.42,662.35,662.42,547.0
2025-09-30 09:55:00,662.44,662.44,662.39,662.39,762.0
2025-09-30 10:00:00,662.46,662.58,662.45,662.53,43421.0
2025-09-30 10:05:00,662.68,662.69,662.64,662.68,11348.0
2025-09-30 10:10:00,662.53,662.53,662.21,662.21,3356.0
2025-09-30 10:15:00,662.15,662.24,661.93,662.23,9084.0
2025-09-30 10:20:00,662.15,662.2,662.1,662.2,2537.0
2025-09-30 10:25:00,662.16,662.18,662.15,662.18,2017.0
2025-09-30 10:30:00,662.2,662.28,662.2,662.21,13236.0
2025-09-30 10:35:00,662.1,662.1,661.94,662.05,3544.0
2025-09-30 10:40:00,662.08,662.26,662.08,662.26,1035.0
2025-09-30 10:45:00,662.36,662.5,662.36,662.5,744.0
2025-09-30 10:50:00,662.51,662.65,662.51,662.65,287.0
2025-09-30 10:55:00,662.66,662.66,662.63,662.63,1434.0
2025-09-30 11:00:00,662.59,662.67,662.45,662.64,5065.0
2025-09-30 11:05:00,662.65,662.72,662.54,662.54,4676.0
2025-09-30 11:10:00,662.53,662.53,662.46,662.47,11311.0
2025-09-30 11:15:00,662.35,662.35,662.31,662.34,1611.0
2025-09-30 11:20:00,662.3,662.45,662.22,662.31,1911.0
2025-09-30 11:25:00,662.35,662.5,662.35,662.5,9061.0
2025-09-30 11:30:00,662.5,662.6,662.48,662.53,3235.0
2025-09-30 11:35:00,662.52,662.65,662.52,662.62,5887.0
2025-09-30 11:40:00,662.61,662.62,662.6,662.62,1417.0
2025-09-30 11:45:00,662.58,662.71,662.58,662.68,8200.0
2025-09-30 11:50:00,662.54,662.54,662.18,662.46,11910.0
2025-09-30 11:55:00,662.38,662.46,662.35,662.4,15108.0
2025-09-30 12:00:00,662.43,663.69,661.9,662.1787,47473.0
2025-09-30 12:05:00,662.18,662.28,662.17,662.19,97313.0
2025-09-30 12:10:00,662.16,662.18,662.11,662.175,8235.0
2025-09-30 12:15:00,662.08,662.37,662.08,662.34,4542.0
2025-09-30 12:20:00,662.4,662.7,662.3885,662.63,13708.0
2025-09-30 12:25:00,662.67,662.75,662.57,662.68,9397.0
2025-09-30 12:30:00,662.7,662.8686,662.62,662.8,16537.0
2025-09-30 12:35:00,662.81,663.17,662.71,663.16,32498.0
2025-09-30 12:40:00,663.18,663.27,663.03,663.18,27096.0
2025-09-30 12:45:00,663.2,663.24,663.17,663.21,61460.0
2025-09-30 12:50:00,663.24,663.25,663.13,663.16,30361.0
2025-09-30 12:55:00,663.2,663.2,662.98,663.06,18237.0
2025-09-30 13:00:00,663.061,663.07,662.82,662.82,19636.0
2025-09-30 13:05:00,662.74,662.87,662.67,662.8262,29612.0
2025-09-30 13:10:00,662.78,663.03,662.78,662.88,8923.0
2025-09-30 13:15:00,662.93,662.93,662.79,662.91,12294.0
2025-09-30 13:20:00,662.9,662.93,662.79,662.81,8800.0
2025-09-30 13:25:00,662.78,662.92,662.6,662.9,44129.0
2025-09-30 13:30:00,662.93,663.21,662.39,662.45,1637455.0
2025-09-30 13:35:00,662.47,662.72,662.22,662.435,1112519.0
2025-09-30 13:40:00,662.44,663.0844,662.4,663.07,1032558.0
2025-09-30 13:45:00,663.08,663.28,662.47,662.71,1161020.0
2025-09-30 13:50:00,662.7,662.77,662.09,662.165,1043253.0
2025-09-30 13:55:00,662.16,663.13,661.9693,663.08,787337.0
2025-09-30 14:00:00,663.05,663.5512,663.01,663.23,1053241.0
2025-09-30 14:05:00,663.245,663.275,662.4,662.46,1041788.0
2025-09-30 14:10:00,662.43,662.775,662.235,662.688,854010.0
2025-09-30 14:15:00,662.68,663.37,662.65,662.95,1569688.0
2025-09-30 14:20:00,662.96,663.3525,662.73,662.86,477864.0
2025-09-30 14:25:00,662.85,663.0,662.638,662.8571,551767.0
2025-09-30 14:30:00,662.85,663.28,662.51,662.61,719375.0
2025-09-30 14:35:00,662.64,662.795,661.72,661.79,869155.0
2025-09-30 14:40:00,661.77,662.45,661.691,662.37,723636.0
2025-09-30 14:45:00,662.36,663.29,662.36,663.1507,805427.0
2025-09-30 14:50:00,663.14,663.21,662.74,662.85,536810.0
2025-09-30 14:55:00,662.84,663.38,662.8244,663.22,608101.0
2025-09-30 15:00:00,663.22,663.63,663.13,663.5,566494.0
2025-09-30 15:05:00,663.51,663.62,663.14,663.405,606790.0
2025-09-30 15:10:00,663.42,663.4601,662.8312,662.855,401437.0
2025-09-30 15:15:00,662.85,662.95,662.38,662.5,407061.0
2025-09-30 15:20:00,662.48,662.62,662.12,662.37,888347.0
2025-09-30 15:25:00,662.38,662.44,661.61,662.225,938137.0
2025-09-30 15:30:00,662.23,662.68,662.15,662.575,710251.0
2025-09-30 15:35:00,662.59,662.595,661.98,662.0,623700.0
2025-09-30 15:40:00,662.02,662.2,661.89,662.06,510712.0
2025-09-30 15:45:00,662.07,662.715,662.01,662.698,372210.0
2025-09-30 15:50:00,662.695,662.99,662.56,662.89,614541.0
2025-09-30 15:55:00,662.88,663.16,662.5,663.0,440643.0
2025-09-30 16:00:00,662.99,663.16,662.82,662.85,346331.0
2025-10-01 09:30:00,662.99,663.0,662.67,662.69,22883.0
2025-10-01 09:35:00,662.77,662.85,662.66,662.75,18944.0
2025-10-01 09:40:00,662.73,662.75,662.61,662.61,1983.0
2025-10-01 09:45:00,662.72,662.87,662.72,662.87,2225.0
2025-10-01 09:50:00,662.79,662.8,662.79,662.8,1049.0
2025-10-01 09:55:00,662.7,662.72,662.67,662.72,1833.0
2025-10-01 10:00:00,662.76,662.81,662.76,662.8,1544.0
2025-10-01 10:05:00,662.85,663.0,662.84,663.0,2182.0
2025-10-01 10:10:00,663.07,663.07,662.9,662.93,8684.0
2025-10-01 10:15:00,662.91,662.91,662.82,662.89,2509.0
2025-10-01 10:20:00,662.87,662.91,662.77,662.77,2935.0
2025-10-01 10:25:00,662.9,662.91,662.6,662.6,3856.0
2025-10-01 10:30:00,662.51,662.51,662.41,662.51,2196.0
2025-10-01 10:35:00,662.78,662.78,662.54,662.54,2274.0
2025-10-01 10:40:00,662.54,662.56,662.31,662.33,8018.0
2025-10-01 10:45:00,662.38,662.53,662.38,662.5,5321.0
2025-10-01 10:50:00,662.55,662.56,662.55,662.56,1432.0
2025-10-01 10:55:00,662.52,662.52,662.43,662.5,6286.0
2025-10-01 11:00:00,662.47,662.75,662.47,662.75,4138.0
2025-10-01 11:05:00,662.66,663.14,662.66,663.0,8699.0
2025-10-01 11:10:00,662.8,663.05,662.77,663.05,12098.0
2025-10-01 11:15:00,663.06,663.15,663.03,663.15,21871.0
2025-10-01 11:20:00,663.08,663.25,663.08,663.14,5925.0
2025-10-01 11:25:00,663.21,663.3,663.2,663.27,14415.0
2025-10-01 11:30:00,663.37,663.51,663.3,663.51,8513.0
2025-10-01 11:35:00,663.5,663.6,663.32,663.32,7954.0
2025-10-01 11:40:00,663.37,663.51,663.37,663.51,20975.0
2025-10-01 11:45:00,663.43,663.7,663.43,663.7,24655.0
2025-10-01 11:50:00,663.74,663.88,663.54,663.79,30367.0
2025-10-01 11:55:00,663.8,663.95,663.771,663.91,18965.0
2025-10-01 12:00:00,662.74,664.0,660.51,663.75,135425.0
2025-10-01 12:05:00,663.74,666.18,663.47,663.4986,28249.0
2025-10-01 12:10:00,663.62,663.67,663.53,663.55,12040.0
2025-10-01 12:15:00,663.62,663.6389,662.66,663.05,339847.0
2025-10-01 12:20:00,663.07,663.95,663.07,663.45,148352.0
2025-10-01 12:25:00,663.51,663.73,663.32,663.47,30191.0
2025-10-01 12:30:00,663.52,663.55,663.27,663.45,38272.0
2025-10-01 12:35:00,663.45,663.8,663.27,663.8,26897.0
2025-10-01 12:40:00,663.79,663.93,663.58,663.58,35480.0
2025-10-01 12:45:00,663.61,663.91,663.57,663.89,17948.0
2025-10-01 12:50:00,663.77,663.81,663.36,663.42,20195.0
2025-10-01 12:55:00,663.38,663.57,663.3,663.5494,47049.0
2025-10-01 13:00:00,663.55,663.84,663.51,663.67,22771.0
2025-10-01 13:05:00,663.65,663.78,663.46,663.585,30098.0
2025-10-01 13:10:00,663.53,663.58,663.45,663.54,58032.0
2025-10-01 13:15:00,663.54,663.65,663.48,663.56,9681.0
2025-10-01 13:20:00,663.55,663.62,663.47,663.47,30710.0
2025-10-01 13:25:00,663.47,663.54,663.03,663.17,60333.0
2025-10-01 13:30:00,663.17,664.79,663.125,664.51,2762263.0
2025-10-01 13:35:00,664.51,665.155,664.21,665.13,1674799.0
2025-10-01 13:40:00,665.14,665.39,664.77,665.26,1656068.0
2025-10-01 13:45:00,665.25,665.3,663.26,663.28,1798421.0
2025-10-01 13:50:00,663.27,663.95,663.06,663.88,1566205.0
2025-10-01 13:55:00,663.87,664.47,663.55,663.735,1538421.0
2025-10-01 14:00:00,663.74,664.5699,663.41,664.52,1110299.0
2025-10-01 14:05:00,664.52,664.59,664.08,664.34,931998.0
2025-10-01 14:10:00,664.35,664.73,664.32,664.645,707461.0
2025-10-01 14:15:00,664.655,665.21,664.61,665.16,853749.0
2025-10-01 14:20:00,665.16,665.59,665.12,665.3,1140375.0
2025-10-01 14:25:00,665.3,665.71,665.3,665.53,837178.0
2025-10-01 14:30:00,665.53,665.74,665.325,665.7299,872513.0
2025-10-01 14:35:00,665.7299,666.06,665.645,665.68,844954.0
2025-10-01 14:40:00,665.68,665.71,665.26,665.475,961014.0
2025-10-01 14:45:00,665.475,665.66,665.29,665.38,928592.0
2025-10-01 14:50:00,665.37,665.76,665.36,665.67,518725.0
2025-10-01 14:55:00,665.68,665.84,665.635,665.805,571899.0
2025-10-01 15:00:00,665.805,666.27,665.76,665.94,834678.0
2025-10-01 15:05:00,665.93,666.26,665.75,666.1201,623442.0
2025-10-01 15:10:00,666.12,666.17,665.77,666.1,733239.0
2025-10-01 15:15:00,666.115,666.15,665.8,665.84,573439.0
2025-10-01 15:20:00,665.84,666.2,665.7809,666.165,618525.0
2025-10-01 15:25:00,666.16,666.44,666.04,666.31,565704.0
2025-10-01 15:30:00,666.31,666.72,666.31,666.58,751908.0
2025-10-01 15:35:00,666.58,666.98,666.47,666.87,912412.0
2025-10-01 15:40:00,666.87,667.01,666.75,666.94,611128.0
2025-10-01 15:45:00,666.95,667.18,666.89,667.02,696861.0
2025-10-01 15:50:00,667.01,667.12,666.98,667.03,663832.0
2025-10-01 15:55:00,667.03,667.12,666.97,666.975,591877.0
2025-10-01 16:00:00,666.99,667.16,666.81,666.8397,610872.0
2025-10-02 09:30:00,669.51,669.51,669.34,669.4,3832.0
2025-10-02 09:35:00,669.4,669.4,669.16,669.16,2976.0
2025-10-02 09:40:00,669.21,669.33,669.16,669.33,1040.0
2025-10-02 09:45:00,669.33,669.48,669.33,669.47,4419.0
2025-10-02 09:50:00,669.47,669.56,669.47,669.53,2944.0
2025-10-02 09:55:00,669.65,669.65,669.59,669.59,1855.0
2025-10-02 10:00:00,669.66,670.03,669.66,669.75,8704.0
2025-10-02 10:05:00,669.72,669.83,669.72,669.83,2079.0
2025-10-02 10:10:00,669.77,669.86,669.77,669.86,1467.0
2025-10-02 10:15:00,669.76,669.79,669.72,669.77,1939.0
2025-10-02 10:20:00,669.78,669.85,669.73,669.79,1633.0
2025-10-02 10:25:00,669.85,669.85,669.77,669.77,1684.0
2025-10-02 10:30:00,669.78,669.84,669.78,669.84,1453.0
2025-10-02 10:35:00,669.79,669.95,669.79,669.91,1530.0
2025-10-02 10:40:00,669.91,669.91,669.88,669.88,519.0
2025-10-02 10:45:00,669.72,669.73,669.71,669.71,787.0
2025-10-02 10:50:00,669.73,669.73,669.73,669.73,100.0
2025-10-02 11:00:00,669.73,669.85,669.72,669.84,7134.0
2025-10-02 11:05:00,669.84,669.95,669.84,669.92,15987.0
2025-10-02 11:10:00,670.0,670.1,669.94,670.07,46630.0
2025-10-02 11:15:00,670.0,670.0,669.95,669.98,10040.0
2025-10-02 11:20:00,669.96,670.16,669.93,670.11,9784.0
2025-10-02 11:25:00,670.04,670.15,670.03,670.11,3958.0
2025-10-02 11:30:00,670.06,670.1,670.04,670.04,11102.0
2025-10-02 11:35:00,670.1,670.1,669.98,669.99,6762.0
2025-10-02 11:40:00,670.02,670.13,670.02,670.11,3901.0
2025-10-02 11:45:00,670.06,670.3,670.06,670.27,15334.0
2025-10-02 11:50:00,670.05,670.29,670.01,670.22,8634.0
2025-10-02 11:55:00,670.35,670.35,670.27,670.32,16080.0
2025-10-02 12:00:00,669.93,670.34,668.97,670.2501,86080.0
2025-10-02 12:05:00,670.259,670.35,670.2,670.35,15279.0
2025-10-02 12:10:00,670.33,670.47,670.32,670.47,13037.0
2025-10-02 12:15:00,670.4,670.6,670.4,670.6,11839.0
2025-10-02 12:20:00,670.59,670.62,670.55,670.57,14704.0
2025-10-02 12:25:00,670.5893,670.5893,670.16,670.41,43727.0
2025-10-02 12:30:00,670.431,670.57,670.35,670.43,28450.0
2025-10-02 12:35:00,670.45,670.5929,670.38,670.57,15023.0
2025-10-02 12:40:00,670.57,670.6,670.26,670.2999,45421.0
2025-10-02 12:45:00,670.28,670.41,670.25,670.3,17239.0
2025-10-02 12:50:00,670.33,670.5,670.29,670.4482,14516.0
2025-10-02 12:55:00,670.5,670.51,670.41,670.46,9472.0
2025-10-02 13:00:00,670.47,670.74,670.46,670.6,47321.0
2025-10-02 13:05:00,670.64,670.7296,670.54,670.5603,44772.0
2025-10-02 13:10:00,670.56,670.61,670.46,670.51,13806.0
2025-10-02 13:15:00,670.57,670.73,670.57,670.71,21476.0
2025-10-02 13:20:00,670.67,670.74,670.58,670.58,31626.0
2025-10-02 13:25:00,670.57,670.65,670.35,670.47,102386.0
2025-10-02 13:30:00,670.45,670.565,669.84,670.225,2009233.0
2025-10-02 13:35:00,670.22,670.47,669.75,669.815,1301272.0
2025-10-02 13:40:00,669.815,669.8225,668.885,669.045,1387953.0
2025-10-02 13:45:00,669.04,669.62,668.89,669.1,1515704.0
2025-10-02 13:50:00,669.1,669.6385,668.75,669.51,1304617.0
2025-10-02 13:55:00,669.5,669.54,668.83,669.42,805997.0
2025-10-02 14:00:00,669.41,669.41,668.97,669.375,856937.0
2025-10-02 14:05:00,669.39,669.5299,668.93,668.94,573479.0
2025-10-02 14:10:00,668.96,669.0,668.46,668.63,746054.0
2025-10-02 14:15:00,668.61,668.87,668.48,668.51,864084.0
2025-10-02 14:20:00,668.5,668.685,668.29,668.56,835039.0
2025-10-02 14:25:00,668.56,668.99,668.465,668.7113,736302.0
2025-10-02 14:30:00,668.72,669.02,668.255,668.42,661108.0
2025-10-02 14:35:00,668.425,668.9151,668.39,668.885,600478.0
2025-10-02 14:40:00,668.875,668.88,668.2,668.335,648546.0
2025-10-02 14:45:00,668.34,668.42,667.71,668.075,843227.0
2025-10-02 14:50:00,668.07,668.07,667.61,667.635,596086.0
2025-10-02 14:55:00,667.63,667.89,667.54,667.565,713882.0
2025-10-02 15:00:00,667.57,667.71,667.02,667.0599,870364.0
2025-10-02 15:05:00,667.06,667.89,667.06,667.81,963535.0
2025-10-02 15:10:00,667.77,668.12,667.27,667.415,609006.0
2025-10-02 15:15:00,667.41,667.46,667.18,667.38,377948.0
2025-10-02 15:20:00,667.37,667.86,667.23,667.77,467030.0
2025-10-02 15:25:00,667.74,667.925,667.57,667.67,439455.0
2025-10-02 15:30:00,667.6488,667.7,667.26,667.32,438944.0
2025-10-02 15:35:00,667.32,667.42,666.78,667.2999,706709.0
2025-10-02 15:40:00,667.31,667.68,667.27,667.35,495120.0
2025-10-02 15:45:00,667.34,667.54,667.18,667.3801,294859.0
2025-10-02 15:50:00,667.375,668.08,667.35,668.075,396954.0
2025-10-02 15:55:00,668.05,668.42,668.05,668.35,467151.0
2025-10-02 16:00:00,668.35,668.35,668.03,668.1,464951.0
2025-10-03 09:30:00,671.13,671.16,671.12,671.16,1285.0
2025-10-03 09:35:00,671.23,671.38,671.23,671.38,2171.0
2025-10-03 09:40:00,671.38,671.38,671.33,671.33,999.0
2025-10-03 09:55:00,671.45,671.45,671.45,671.45,5316.0
2025-10-03 10:00:00,671.48,671.48,671.35,671.39,1703.0
2025-10-03 10:05:00,671.38,671.39,671.38,671.39,599.0
2025-10-03 10:10:00,671.26,671.34,671.23,671.34,1076.0
2025-10-03 10:15:00,671.37,671.37,671.24,671.25,1139.0
2025-10-03 10:20:00,671.24,671.26,671.24,671.26,2262.0
2025-10-03 10:25:00,671.23,671.23,671.15,671.15,1308.0
2025-10-03 10:30:00,671.14,671.14,671.01,671.01,1989.0
2025-10-03 10:35:00,670.96,670.96,670.82,670.83,1713.0
2025-10-03 10:40:00,670.96,671.06,670.96,671.06,2481.0
2025-10-03 10:45:00,671.02,671.04,670.97,670.99,3175.0
2025-10-03 10:50:00,670.95,670.99,670.93,670.93,2562.0
2025-10-03 10:55:00,670.9,670.9,670.84,670.85,3245.0
2025-10-03 11:00:00,670.73,670.97,670.73,670.78,7711.0
2025-10-03 11:05:00,670.8,670.93,670.8,670.88,4480.0
2025-10-03 11:10:00,670.8,670.8,670.63,670.63,2616.0
2025-10-03 11:15:00,670.74,670.74,670.53,670.61,8305.0
2025-10-03 11:20:00,670.64,670.66,670.48,670.53,7220.0
2025-10-03 11:25:00,670.56,670.56,670.3,670.3,10833.0
2025-10-03 11:30:00,670.3,670.31,670.2,670.2,6610.0
2025-10-03 11:35:00,670.17,670.38,670.11,670.37,8485.0
2025-10-03 11:40:00,670.4,670.58,670.37,670.58,7572.0
2025-10-03 11:45:00,670.62,670.67,670.52,670.61,4231.0
2025-10-03 11:50:00,670.61,670.72,670.24,670.26,15195.0
2025-10-03 11:55:00,670.19,670.34,669.98,670.13,16022.0
2025-10-03 12:00:00,671.14,671.44,670.02,670.28,108777.0
2025-10-03 12:05:00,670.28,670.334,670.22,670.22,6152.0
2025-10-03 12:10:00,670.21,670.4,670.17,670.2561,6866.0
2025-10-03 12:15:00,670.321,670.49,670.25,670.2699,32308.0
2025-10-03 12:20:00,670.29,670.3,670.02,670.02,7156.0
2025-10-03 12:25:00,670.03,670.2,670.02,670.2,39546.0
2025-10-03 12:30:00,670.21,670.38,670.17,670.17,41775.0
2025-10-03 12:35:00,670.14,670.17,669.91,670.03,25564.0
2025-10-03 12:40:00,670.08,670.08,669.79,669.79,11017.0
2025-10-03 12:45:00,669.82,669.82,669.47,669.65,29130.0
2025-10-03 12:50:00,669.65,669.78,669.5462,669.78,11079.0
2025-10-03 12:55:00,669.79,669.979,669.77,669.86,18251.0
2025-10-03 13:00:00,669.7878,669.8,669.71,669.77,19677.0
2025-10-03 13:05:00,669.78,669.94,669.71,669.84,7657.0
2025-10-03 13:10:00,669.82,669.82,669.68,669.68,8183.0
2025-10-03 13:15:00,669.68,669.82,669.61,669.74,12980.0
2025-10-03 13:20:00,669.77,669.9,669.71,669.86,14381.0
2025-10-03 13:25:00,669.87,670.04,669.8,669.98,98459.0
2025-10-03 13:30:00,669.99,670.78,669.93,670.6507,1418508.0
2025-10-03 13:35:00,670.67,671.22,670.44,671.18,1103472.0
2025-10-03 13:40:00,671.19,671.33,670.43,670.84,1139739.0
2025-10-03 13:45:00,670.78,671.17,670.71,671.07,843805.0
2025-10-03 13:50:00,671.08,671.57,670.92,671.25,1039139.0
2025-10-03 13:55:00,671.25,671.3399,670.6693,670.8899,646089.0
2025-10-03 14:00:00,670.81,670.84,669.97,670.3001,1428354.0
2025-10-03 14:05:00,670.29,670.64,670.125,670.48,872534.0
2025-10-03 14:10:00,670.49,670.88,670.4,670.62,737144.0
2025-10-03 14:15:00,670.62,671.04,670.605,670.87,637953.0
2025-10-03 14:20:00,670.87,671.06,670.6809,671.03,553142.0
2025-10-03 14:25:00,671.03,671.55,670.95,671.395,737515.0
2025-10-03 14:30:00,671.39,671.65,671.32,671.645,819249.0
2025-10-03 14:35:00,671.6356,672.0514,671.55,671.982,661074.0
2025-10-03 14:40:00,671.99,672.28,671.94,672.09,891779.0
2025-10-03 14:45:00,672.1,672.24,671.86,671.955,573959.0
2025-10-03 14:50:00,671.945,672.265,671.8599,672.26,516634.0
2025-10-03 14:55:00,672.28,672.28,672.02,672.11,514953.0
2025-10-03 15:00:00,672.115,672.14,671.665,671.8,625724.0
2025-10-03 15:05:00,671.79,671.97,671.65,671.74,441138.0
2025-10-03 15:10:00,671.74,671.83,671.55,671.78,511237.0
2025-10-03 15:15:00,671.775,671.79,671.56,671.675,338025.0
2025-10-03 15:20:00,671.675,671.93,671.57,671.92,460689.0
2025-10-03 15:25:00,671.92,671.95,671.6,671.7713,599098.0
2025-10-03 15:30:00,671.77,671.88,671.67,671.75,343931.0
2025-10-03 15:35:00,671.75,672.01,671.63,671.655,501960.0
2025-10-03 15:40:00,671.66,671.76,671.35,671.75,619414.0
2025-10-03 15:45:00,671.75,672.005,671.64,671.98,442963.0
2025-10-03 15:50:00,671.98,672.33,671.975,672.23,675762.0
2025-10-03 15:55:00,672.23,672.615,672.135,672.5,1018734.0
2025-10-03 16:00:00,672.5,672.59,672.39,672.58,471003.0
2025-10-06 09:30:00,671.38,671.47,671.3,671.47,9396.0
2025-10-06 09:35:00,671.37,671.53,671.37,671.53,7347.0
2025-10-06 09:40:00,671.57,671.65,671.56,671.56,4214.0
2025-10-06 09:45:00,671.47,671.5,671.45,671.45,1208.0
2025-10-06 09:50:00,671.5,671.63,671.5,671.62,3959.0
2025-10-06 09:55:00,671.6,671.6,671.6,671.6,740.0
2025-10-06 10:00:00,671.65,671.65,671.55,671.63,2596.0
2025-10-06 10:05:00,671.63,671.72,671.6,671.71,4321.0
2025-10-06 10:10:00,671.63,671.63,671.46,671.53,3091.0
2025-10-06 10:15:00,671.54,671.54,671.49,671.49,2620.0
2025-10-06 10:20:00,671.42,671.57,671.42,671.51,4796.0
2025-10-06 10:25:00,671.53,671.63,671.53,671.63,807.0
2025-10-06 10:30:00,671.68,671.75,671.67,671.71,2168.0
2025-10-06 10:35:00,671.73,671.75,671.73,671.75,615.0
2025-10-06 10:40:00,671.75,671.82,671.75,671.75,9480.0
2025-10-06 10:45:00,671.8,671.87,671.77,671.87,10282.0
2025-10-06 10:50:00,671.9,672.57,671.73,671.97,33521.0
2025-10-06 10:55:00,671.88,671.99,671.74,671.74,8089.0
2025-10-06 11:00:00,671.7,671.72,671.411,671.5,21528.0
2025-10-06 11:05:00,671.5,671.55,671.31,671.31,8790.0
2025-10-06 11:10:00,671.32,671.43,671.25,671.43,5492.0
2025-10-06 11:15:00,671.33,671.35,671.19,671.24,5270.0
2025-10-06 11:20:00,671.11,671.11,671.03,671.07,5247.0
2025-10-06 11:25:00,671.06,671.24,671.06,671.24,3133.0
2025-10-06 11:30:00,671.26,671.35,671.2,671.23,28327.0
2025-10-06 11:35:00,671.3,671.3,670.95,671.14,84277.0
2025-10-06 11:40:00,671.16,671.39,671.16,671.18,18712.0
2025-10-06 11:45:00,671.22,671.43,671.22,671.35,37745.0
2025-10-06 11:50:00,671.36,671.55,671.36,671.54,16497.0
2025-10-06 11:55:00,671.5,671.56,671.47,671.55,15111.0
2025-10-06 12:00:00,671.57,672.05,670.15,671.83,150801.0
2025-10-06 12:05:00,671.78,671.93,671.75,671.88,35544.0
2025-10-06 12:10:00,671.83,672.14,671.83,671.98,23446.0
2025-10-06 12:15:00,671.98,672.05,671.7001,671.7001,15553.0
2025-10-06 12:20:00,671.7,671.85,671.58,671.82,54666.0
2025-10-06 12:25:00,671.79,671.8691,671.72,671.72,47148.0
2025-10-06 12:30:00,671.72,671.72,671.44,671.5,14315.0
2025-10-06 12:35:00,671.48,671.54,671.24,671.37,48252.0
2025-10-06 12:40:00,671.36,671.39,671.26,671.31,33388.0
2025-10-06 12:45:00,671.3,671.36,671.07,671.1699,20104.0
2025-10-06 12:50:00,671.19,671.26,671.12,671.24,11542.0
2025-10-06 12:55:00,671.18,671.24,671.05,671.0681,32534.0
2025-10-06 13:00:00,671.02,671.15,670.9571,670.9888,12318.0
2025-10-06 13:05:00,670.94,671.27,670.94,671.14,21336.0
2025-10-06 13:10:00,671.19,671.36,671.07,671.36,16878.0
2025-10-06 13:15:00,671.43,671.43,671.24,671.349,20307.0
2025-10-06 13:20:00,671.34,671.47,671.26,671.3,18451.0
2025-10-06 13:25:00,671.31,671.8,671.28,671.68,69742.0
2025-10-06 13:30:00,671.62,671.65,671.0,671.0,1965966.0
2025-10-06 13:35:00,670.99,671.19,670.53,670.75,1540191.0
2025-10-06 13:40:00,670.75,670.965,670.06,670.32,1502212.0
2025-10-06 13:45:00,670.32,670.84,670.25,670.73,1444831.0
2025-10-06 13:50:00,670.74,670.74,670.09,670.26,1200808.0
2025-10-06 13:55:00,670.26,670.28,669.89,670.015,1244826.0
2025-10-06 14:00:00,670.01,670.2,669.52,670.04,1631049.0
2025-10-06 14:05:00,670.05,670.0956,669.55,669.59,820454.0
2025-10-06 14:10:00,669.6,670.33,669.455,670.3,1143142.0
2025-10-06 14:15:00,670.31,670.49,670.17,670.28,908573.0
2025-10-06 14:20:00,670.29,670.62,670.12,670.395,593563.0
2025-10-06 14:25:00,670.4,670.7099,670.36,670.515,562153.0
2025-10-06 14:30:00,670.515,670.755,670.41,670.51,592933.0
2025-10-06 14:35:00,670.52,670.827,670.46,670.785,583527.0
2025-10-06 14:40:00,670.78,670.8,670.145,670.51,857519.0
2025-10-06 14:45:00,670.52,670.855,670.34,670.79,452270.0
2025-10-06 14:50:00,670.76,670.76,670.47,670.615,416163.0
2025-10-06 14:55:00,670.62,670.775,670.46,670.7601,347578.0
2025-10-06 15:00:00,670.77,671.02,670.7101,670.9865,503720.0
2025-10-06 15:05:00,670.99,671.15,670.955,671.02,843906.0
2025-10-06 15:10:00,671.01,671.18,670.855,670.875,453705.0
2025-10-06 15:15:00,670.88,671.16,670.87,671.09,439758.0
2025-10-06 15:20:00,671.08,671.2,670.975,671.105,381405.0
2025-10-06 15:25:00,671.1,671.375,670.985,671.15,510852.0
2025-10-06 15:30:00,671.15,671.35,671.045,671.345,436334.0
2025-10-06 15:35:00,671.34,671.4,671.215,671.2799,358687.0
2025-10-06 15:40:00,671.28,671.435,671.145,671.4,432672.0
2025-10-06 15:45:00,671.39,671.725,671.3899,671.67,703110.0
2025-10-06 15:50:00,671.68,671.85,671.56,671.78,636281.0
2025-10-06 15:55:00,671.78,671.925,671.7,671.81,416508.0
2025-10-06 16:00:00,671.8,671.885,671.52,671.64,478670.0
2025-10-07 09:30:00,671.48,671.48,671.48,671.48,321.0
2025-10-07 09:35:00,671.42,671.5,671.42,671.5,700.0
2025-10-07 09:40:00,671.53,671.53,671.4,671.4,2063.0
2025-10-07 09:45:00,671.42,671.51,671.39,671.46,3615.0
2025-10-07 09:50:00,671.4,671.54,671.4,671.52,2590.0
2025-10-07 09:55:00,671.53,671.55,671.52,671.52,976.0
2025-10-07 10:00:00,671.52,671.54,671.47,671.47,1107.0
2025-10-07 10:05:00,671.37,671.44,671.37,671.44,623.0
2025-10-07 10:10:00,671.55,671.59,671.54,671.59,800.0
2025-10-07 10:20:00,671.47,671.49,671.47,671.49,412.0
2025-10-07 10:25:00,671.52,671.61,671.52,671.58,1629.0
2025-10-07 10:30:00,671.66,671.73,671.66,671.71,2115.0
2025-10-07 10:35:00,671.77,671.84,671.75,671.76,4340.0
2025-10-07 10:40:00,671.59,671.59,671.53,671.58,3054.0
2025-10-07 10:45:00,671.55,671.59,671.51,671.51,2874.0
2025-10-07 10:50:00,671.59,671.65,671.51,671.65,32298.0
2025-10-07 10:55:00,671.47,671.5,671.47,671.5,386.0
2025-10-07 11:00:00,671.42,671.53,671.42,671.53,703.0
2025-10-07 11:05:00,671.53,671.53,671.43,671.51,1503.0
2025-10-07 11:10:00,671.51,671.57,671.51,671.57,5513.0
2025-10-07 11:15:00,671.48,671.56,671.48,671.52,2608.0
2025-10-07 11:20:00,671.46,671.46,671.41,671.42,1644.0
2025-10-07 11:25:00,671.43,671.5,671.43,671.5,760.0
2025-10-07 11:30:00,671.53,671.58,671.48,671.57,2324.0
2025-10-07 11:35:00,671.49,671.51,671.49,671.49,973.0
2025-10-07 11:40:00,671.56,671.58,671.39,671.39,4588.0
2025-10-07 11:45:00,671.48,671.65,671.46,671.62,22795.0
2025-10-07 11:50:00,671.64,671.88,671.63,671.821,13179.0
2025-10-07 11:55:00,671.87,672.02,671.87,672.02,30638.0
2025-10-07 12:00:00,670.8,672.0378,670.47,672.01,69098.0
2025-10-07 12:05:00,671.97,672.05,671.86,671.86,15220.0
2025-10-07 12:10:00,671.79,671.84,671.79,671.82,6293.0
2025-10-07 12:15:00,671.85,671.9691,671.85,671.88,5506.0
2025-10-07 12:20:00,671.9,672.05,671.81,671.88,29371.0
2025-10-07 12:25:00,671.92,672.01,671.9,672.0,27800.0
2025-10-07 12:30:00,672.02,672.12,671.91,672.08,34059.0
2025-10-07 12:35:00,672.1,672.15,672.07,672.09,15341.0
2025-10-07 12:40:00,672.11,672.2702,672.09,672.27,18722.0
2025-10-07 12:45:00,672.28,672.35,672.15,672.35,13209.0
2025-10-07 12:50:00,672.3719,672.68,672.37,672.56,37939.0
2025-10-07 12:55:00,672.57,672.79,672.57,672.7,40477.0
2025-10-07 13:00:00,672.72,673.04,672.72,672.99,64200.0
2025-10-07 13:05:00,673.01,673.1,672.84,672.919,76069.0
2025-10-07 13:10:00,672.92,672.96,672.57,672.6,41268.0
2025-10-07 13:15:00,672.66,672.66,672.5,672.62,29023.0
2025-10-07 13:20:00,672.6,672.61,672.46,672.53,26471.0
2025-10-07 13:25:00,672.59,672.66,672.519,672.55,38216.0
2025-10-07 13:30:00,672.54,672.99,672.2,672.94,2111986.0
2025-10-07 13:35:00,672.95,672.98,672.62,672.72,980339.0
2025-10-07 13:40:00,672.72,672.915,672.44,672.61,882381.0
2025-10-07 13:45:00,672.61,672.6499,672.22,672.33,980808.0
2025-10-07 13:50:00,672.36,672.525,672.07,672.475,974962.0
2025-10-07 13:55:00,672.49,672.7481,672.175,672.23,793242.0
2025-10-07 14:00:00,672.23,672.31,671.79,671.82,924972.0
2025-10-07 14:05:00,671.81,672.14,671.7605,672.0856,751184.0
2025-10-07 14:10:00,672.08,672.37,671.92,671.955,722683.0
2025-10-07 14:15:00,671.96,672.16,671.8699,672.015,504495.0
2025-10-07 14:20:00,672.02,672.05,671.6951,671.74,505052.0
2025-10-07 14:25:00,671.74,671.76,671.26,671.27,927969.0
2025-10-07 14:30:00,671.275,671.69,671.24,671.45,749619.0
2025-10-07 14:35:00,671.45,671.45,670.83,671.05,1031002.0
2025-10-07 14:40:00,671.05,671.33,670.92,671.04,796149.0
2025-10-07 14:45:00,671.04,671.31,670.885,670.99,911510.0
2025-10-07 14:50:00,670.99,671.145,670.8,671.0,982553.0
2025-10-07 14:55:00,671.0,671.11,670.58,670.9,712245.0
2025-10-07 15:00:00,670.93,671.09,670.24,670.37,1214058.0
2025-10-07 15:05:00,670.36,670.37,668.81,668.91,3267426.0
2025-10-07 15:10:00,668.92,669.78,668.84,669.545,2186605.0
2025-10-07 15:15:00,669.55,669.965,669.2,669.5381,1742757.0
2025-10-07 15:20:00,669.53,670.085,669.44,669.75,1273396.0
2025-10-07 15:25:00,669.75,669.9,669.025,669.29,1180560.0
2025-10-07 15:30:00,669.28,669.4,668.775,669.01,1254599.0
2025-10-07 15:35:00,669.01,669.24,668.03,668.52,1691283.0
2025-10-07 15:40:00,668.5,669.19,668.095,668.54,1450866.0
2025-10-07 15:45:00,668.55,668.56,667.71,668.01,1686185.0
2025-10-07 15:50:00,668.02,668.34,667.67,667.77,1769641.0
2025-10-07 15:55:00,667.77,668.34,667.74,668.25,1103941.0
2025-10-07 16:00:00,668.26,668.845,668.18,668.61,1177999.0
2025-10-08 09:35:00,670.16,670.22,670.16,670.21,4384.0
2025-10-08 09:40:00,670.16,670.17,670.11,670.17,1458.0
2025-10-08 09:50:00,670.1,670.1,670.1,670.1,275.0
2025-10-08 09:55:00,670.09,670.12,670.08,670.12,830.0
2025-10-08 10:05:00,670.1,670.1,669.93,669.93,2634.0
2025-10-08 10:10:00,669.69,669.77,669.5,669.77,4615.0
2025-10-08 10:15:00,669.86,669.97,669.86,669.97,1102.0
2025-10-08 10:20:00,669.96,669.96,669.96,669.96,210.0
2025-10-08 10:30:00,670.02,670.17,670.02,670.15,3456.0
2025-10-08 10:35:00,670.18,670.27,670.15,670.21,1567.0
2025-10-08 10:40:00,670.14,670.14,670.14,670.14,368.0
2025-10-08 10:45:00,670.09,670.16,670.09,670.16,3912.0
2025-10-08 10:50:00,670.2,670.29,670.2,670.29,966.0
2025-10-08 10:55:00,670.38,670.38,670.38,670.38,981.0
2025-10-08 11:00:00,670.4,670.45,670.34,670.45,15255.0
2025-10-08 11:05:00,670.42,670.56,670.42,670.47,4830.0
2025-10-08 11:10:00,670.48,670.49,670.34,670.36,25562.0
2025-10-08 11:15:00,670.32,670.39,670.07,670.081,38832.0
2025-10-08 11:20:00,670.04,670.08,669.93,670.0,12491.0
2025-10-08 11:25:00,670.0,670.01,669.72,669.72,5479.0
2025-10-08 11:30:00,669.76,669.99,669.76,669.96,26248.0
2025-10-08 11:35:00,669.98,670.1,669.95,669.98,33962.0
2025-10-08 11:40:00,670.03,670.1,670.03,670.1,4651.0
2025-10-08 11:45:00,670.1,670.38,670.04,670.34,24474.0
2025-10-08 11:50:00,670.32,670.4,670.32,670.34,25372.0
2025-10-08 11:55:00,670.35,670.4,670.31,670.34,32506.0
2025-10-08 12:00:00,670.08,670.55,668.93,670.16,71583.0
2025-10-08 12:05:00,670.0619,670.1,669.92,669.92,4391.0
2025-10-08 12:10:00,669.9,669.92,669.71,669.71,13975.0
2025-10-08 12:15:00,669.66,669.9,669.58,669.9,46042.0
2025-10-08 12:20:00,669.89,669.99,669.8,669.8,16365.0
2025-10-08 12:25:00,669.81,669.97,669.69,669.96,16397.0
2025-10-08 12:30:00,669.93,669.98,669.63,669.82,20069.0
2025-10-08 12:35:00,669.83,669.95,669.71,669.93,11290.0
2025-10-08 12:40:00,669.97,670.0683,669.95,670.03,7112.0
2025-10-08 12:45:00,670.02,670.08,669.91,670.06,15794.0
2025-10-08 12:50:00,670.07,670.14,669.97,670.12,11512.0
2025-10-08 12:55:00,670.14,670.16,670.0,670.03,6873.0
2025-10-08 13:00:00,670.08,670.11,669.91,669.94,8519.0
2025-10-08 13:05:00,670.04,670.09,669.94,670.08,6959.0
2025-10-08 13:10:00,670.16,670.201,670.1,670.13,7436.0
2025-10-08 13:15:00,670.13,670.27,670.13,670.26,12460.0
2025-10-08 13:20:00,670.3,670.4,670.26,670.34,38037.0
2025-10-08 13:25:00,670.38,670.58,670.29,670.3,59363.0
2025-10-08 13:30:00,670.25,670.4309,669.88,669.98,2225973.0
2025-10-08 13:35:00,669.97,670.01,669.56,670.01,1221308.0
2025-10-08 13:40:00,670.015,670.015,669.42,669.73,815156.0
2025-10-08 13:45:00,669.73,670.59,669.66,670.4,1421720.0
2025-10-08 13:50:00,670.41,670.44,669.87,670.21,1352833.0
2025-10-08 13:55:00,670.22,670.545,670.06,670.28,1029586.0
2025-10-08 14:00:00,670.29,671.32,670.285,671.2899,1515281.0
2025-10-08 14:05:00,671.29,671.66,671.22,671.48,868753.0
2025-10-08 14:10:00,671.48,671.96,671.45,671.74,910082.0
2025-10-08 14:15:00,671.74,671.9,671.49,671.68,766536.0
2025-10-08 14:20:00,671.69,671.7,671.165,671.55,772027.0
2025-10-08 14:25:00,671.55,671.89,671.43,671.89,677696.0
2025-10-08 14:30:00,671.885,672.165,671.8,671.97,1081644.0
2025-10-08 14:35:00,671.98,672.02,671.68,671.95,519683.0
2025-10-08 14:40:00,671.95,671.99,671.58,671.71,614589.0
2025-10-08 14:45:00,671.7,671.87,671.51,671.71,704346.0
2025-10-08 14:50:00,671.73,671.78,671.37,671.57,1052340.0
2025-10-08 14:55:00,671.57,671.79,671.34,671.76,515070.0
2025-10-08 15:00:00,671.76,671.995,671.685,671.9,616970.0
2025-10-08 15:05:00,671.91,671.95,671.81,671.95,351761.0
2025-10-08 15:10:00,671.9421,672.23,671.94,672.12,693229.0
2025-10-08 15:15:00,672.13,672.245,671.99,672.07,464546.0
2025-10-08 15:20:00,672.075,672.35,672.03,672.32,409276.0
2025-10-08 15:25:00,672.33,672.73,672.31,672.545,1273703.0
2025-10-08 15:30:00,672.54,672.56,672.36,672.455,532989.0
2025-10-08 15:35:00,672.445,672.63,672.41,672.51,351507.0
2025-10-08 15:40:00,672.53,672.63,672.4,672.515,329373.0
2025-10-08 15:45:00,672.52,672.665,672.5,672.64,292829.0
2025-10-08 15:50:00,672.64,672.96,672.64,672.91,618688.0
2025-10-08 15:55:00,672.91,672.95,672.725,672.77,774576.0
2025-10-08 16:00:00,672.78,672.83,672.61,672.66,363429.0
2025-10-09 09:30:00,673.08,673.16,673.05,673.16,2547.0
2025-10-09 09:35:00,673.34,673.34,673.22,673.27,1474.0
2025-10-09 09:40:00,673.29,673.29,673.22,673.29,629.0
2025-10-09 09:45:00,673.14,673.14,673.11,673.11,1807.0
2025-10-09 09:50:00,673.15,673.15,673.15,673.15,255.0
2025-10-09 09:55:00,673.12,673.12,673.1,673.1,628.0
2025-10-09 10:00:00,673.09,673.13,672.94,673.13,1825.0
2025-10-09 10:05:00,673.14,673.18,673.13,673.17,2275.0
2025-10-09 10:10:00,673.17,673.23,673.17,673.23,737.0
2025-10-09 10:15:00,673.2,673.2,673.2,673.2,271.0
2025-10-09 10:25:00,673.01,673.01,673.01,673.01,180.0
2025-10-09 10:30:00,672.83,672.95,672.74,672.75,4502.0
2025-10-09 10:35:00,672.77,672.9,672.73,672.9,1910.0
2025-10-09 10:40:00,672.93,672.93,672.93,672.93,1594.0
2025-10-09 10:45:00,672.91,672.91,672.79,672.84,641.0
2025-10-09 10:50:00,672.86,672.89,672.85,672.87,3099.0
2025-10-09 10:55:00,672.99,673.12,672.99,673.11,3146.0
2025-10-09 11:00:00,673.01,673.18,673.0,673.13,8824.0
2025-10-09 11:05:00,673.12,673.23,673.09,673.23,5369.0
2025-10-09 11:10:00,673.19,673.35,673.17,673.17,32803.0
2025-10-09 11:15:00,673.15,673.23,673.13,673.18,3145.0
2025-10-09 11:20:00,673.24,673.32,673.24,673.32,2026.0
2025-10-09 11:25:00,673.3,673.5,673.2,673.49,37365.0
2025-10-09 11:30:00,673.45,673.58,673.39,673.4,6154.0
2025-10-09 11:35:00,673.34,673.34,673.29,673.34,1372.0
2025-10-09 11:40:00,673.43,673.449,673.29,673.29,3357.0
2025-10-09 11:45:00,673.22,673.29,673.15,673.29,2335.0
2025-10-09 11:50:00,673.36,673.38,673.36,673.38,625.0
2025-10-09 11:55:00,673.27,673.27,673.04,673.08,7519.0
2025-10-09 12:00:00,673.0197,673.68,672.7,673.2396,43419.0
2025-10-09 12:05:00,673.13,673.19,673.07,673.08,3971.0
2025-10-09 12:10:00,673.06,673.13,673.04,673.08,50574.0
2025-10-09 12:15:00,673.05,673.18,673.05,673.09,10631.0
2025-10-09 12:20:00,673.13,673.1989,673.04,673.14,7886.0
2025-10-09 12:25:00,673.1713,673.32,673.14,673.32,5806.0
2025-10-09 12:30:00,673.32,673.32,672.95,673.24,7874.0
2025-10-09 12:35:00,673.24,673.32,673.1833,673.2609,10246.0
2025-10-09 12:40:00,673.21,673.33,673.11,673.31,10571.0
2025-10-09 12:45:00,673.34,673.36,673.1801,673.1826,10643.0
2025-10-09 12:50:00,673.1837,673.41,673.1837,673.39,7384.0
2025-10-09 12:55:00,673.4,673.49,673.3999,673.4694,8416.0
2025-10-09 13:00:00,673.47,673.47,673.33,673.41,7060.0
2025-10-09 13:05:00,673.44,673.45,673.21,673.32,32497.0
2025-10-09 13:10:00,673.3,673.3,673.15,673.2004,9240.0
2025-10-09 13:15:00,673.25,673.47,673.25,673.36,8285.0
2025-10-09 13:20:00,673.37,673.46,673.36,673.46,45036.0
2025-10-09 13:25:00,673.46,673.58,673.24,673.53,39667.0
2025-10-09 13:30:00,673.53,673.94,673.225,673.33,2159674.0
2025-10-09 13:35:00,673.35,673.58,673.21,673.505,1065473.0
2025-10-09 13:40:00,673.51,673.58,672.66,672.72,1327028.0
2025-10-09 13:45:00,672.73,673.01,672.41,672.94,1082972.0
2025-10-09 13:50:00,672.92,673.078,671.8,671.83,1492155.0
2025-10-09 13:55:00,671.84,672.245,671.57,671.915,1299721.0
2025-10-09 14:00:00,671.91,672.055,671.43,671.96,1142199.0
2025-10-09 14:05:00,671.95,672.24,671.77,671.865,935834.0
2025-10-09 14:10:00,671.88,672.23,671.8,671.99,659283.0
2025-10-09 14:15:00,671.995,672.0,671.55,671.71,724312.0
2025-10-09 14:20:00,671.71,671.71,671.12,671.55,947880.0
2025-10-09 14:25:00,671.54,671.55,671.17,671.225,1767391.0
2025-10-09 14:30:00,671.23,671.23,670.63,670.725,928272.0
2025-10-09 14:35:00,670.73,670.825,670.3,670.44,1211345.0
2025-10-09 14:40:00,670.42,670.825,670.25,670.27,1010660.0
2025-10-09 14:45:00,670.26,670.91,669.97,670.905,1119218.0
2025-10-09 14:50:00,670.91,671.165,670.85,670.98,864981.0
2025-10-09 14:55:00,670.965,671.53,670.92,671.355,774292.0
2025-10-09 15:00:00,671.35,671.68,671.245,671.48,652451.0
2025-10-09 15:05:00,671.48,671.635,671.18,671.58,696295.0
2025-10-09 15:10:00,671.59,671.595,671.285,671.505,466307.0
2025-10-09 15:15:00,671.51,671.851,671.5,671.601,705870.0
2025-10-09 15:20:00,671.61,671.655,670.99,671.09,690988.0
2025-10-09 15:25:00,671.09,671.21,670.67,670.75,444264.0
2025-10-09 15:30:00,670.75,670.84,670.185,670.33,701785.0
2025-10-09 15:35:00,670.32,670.84,669.99,670.57,729916.0
2025-10-09 15:40:00,670.54,670.54,670.26,670.42,644760.0
2025-10-09 15:45:00,670.43,671.1752,670.38,671.15,670700.0
2025-10-09 15:50:00,671.15,671.43,671.1,671.36,653674.0
2025-10-09 15:55:00,671.37,671.51,671.25,671.308,272258.0
2025-10-09 16:00:00,671.31,671.58,671.31,671.46,291504.0
2025-10-10 09:30:00,671.59,671.61,671.48,671.6,3620.0
2025-10-10 09:35:00,671.58,671.58,671.38,671.4,3256.0
2025-10-10 09:40:00,671.39,671.43,671.33,671.43,2019.0
2025-10-10 09:45:00,671.33,671.33,671.0,671.0,2942.0
2025-10-10 09:50:00,671.03,671.1,670.88,670.89,4031.0
2025-10-10 09:55:00,670.83,670.84,670.67,670.76,5056.0
2025-10-10 10:00:00,670.83,671.01,670.77,670.94,4141.0
2025-10-10 10:05:00,671.14,671.22,671.11,671.15,2578.0
2025-10-10 10:10:00,671.23,671.45,671.23,671.45,2082.0
2025-10-10 10:15:00,671.32,671.48,671.32,671.48,1430.0
2025-10-10 10:20:00,671.41,671.49,671.37,671.4,5116.0
2025-10-10 10:25:00,671.4,671.4,671.27,671.33,36350.0
2025-10-10 10:30:00,671.3,671.32,671.2,671.21,4231.0
2025-10-10 10:35:00,671.19,671.19,671.03,671.11,4255.0
2025-10-10 10:40:00,671.15,671.44,671.15,671.43,11635.0
2025-10-10 10:45:00,671.4,671.4,671.18,671.19,5098.0
2025-10-10 10:50:00,671.2,671.46,671.2,671.39,6157.0
2025-10-10 10:55:00,671.41,671.61,671.41,671.61,5403.0
2025-10-10 11:00:00,671.63,671.9,671.61,671.88,20627.0
2025-10-10 11:05:00,671.87,671.87,671.59,671.75,8252.0
2025-10-10 11:10:00,671.75,671.939,671.75,671.86,23380.0
2025-10-10 11:15:00,671.88,671.88,671.75,671.8,21587.0
2025-10-10 11:20:00,671.81,671.9,671.8,671.82,11328.0
2025-10-10 11:25:00,671.78,671.94,671.78,671.94,28077.0
2025-10-10 11:30:00,671.95,672.15,671.95,672.15,10262.0
2025-10-10 11:35:00,672.15,672.15,671.81,671.91,37901.0
2025-10-10 11:40:00,671.85,672.0,671.75,671.81,3267.0
2025-10-10 11:45:00,671.93,671.99,671.91,671.99,1987.0
2025-10-10 11:50:00,672.1,672.1,672.01,672.01,11972.0
2025-10-10 11:55:00,672.06,672.19,671.98,672.15,16585.0
2025-10-10 12:00:00,672.16,672.48,670.66,672.12,55702.0
2025-10-10 12:05:00,672.12,672.32,672.12,672.24,24583.0
2025-10-10 12:10:00,672.26,672.37,672.11,672.32,24776.0
2025-10-10 12:15:00,672.28,672.28,672.21,672.22,10375.0
2025-10-10 12:20:00,672.22,672.34,672.16,672.23,10789.0
2025-10-10 12:25:00,672.26,672.26,672.0813,672.13,14622.0
2025-10-10 12:30:00,672.1,672.2,672.1,672.18,10730.0
2025-10-10 12:35:00,672.15,672.17,671.93,671.97,33012.0
2025-10-10 12:40:00,671.9795,672.16,671.59,671.59,48407.0
2025-10-10 12:45:00,671.6,671.66,671.46,671.64,17619.0
2025-10-10 12:50:00,671.6192,671.75,671.55,671.72,10519.0
2025-10-10 12:55:00,671.67,671.7,671.52,671.67,8979.0
2025-10-10 13:00:00,671.67,671.93,671.67,671.88,13215.0
2025-10-10 13:05:00,671.9,671.9084,671.82,671.88,4586.0
2025-10-10 13:10:00,671.87,671.94,671.77,671.92,12542.0
2025-10-10 13:15:00,671.8811,671.93,671.75,671.82,42981.0
2025-10-10 13:20:00,671.79,671.9,671.73,671.8,23667.0
2025-10-10 13:25:00,671.82,672.21,671.69,672.15,60201.0
2025-10-10 13:30:00,672.13,672.79,671.88,672.49,2106924.0
2025-10-10 13:35:00,672.4954,673.59,672.44,673.46,1392940.0
2025-10-10 13:40:00,673.48,673.63,673.19,673.55,850767.0
2025-10-10 13:45:00,673.56,673.95,672.95,673.08,1130781.0
2025-10-10 13:50:00,673.09,673.09,672.515,672.61,1291630.0
2025-10-10 13:55:00,672.585,673.27,672.48,673.01,887354.0
2025-10-10 14:00:00,673.1,673.36,672.19,672.555,1101783.0
2025-10-10 14:05:00,672.55,673.18,672.31,673.0191,756932.0
2025-10-10 14:10:00,673.02,673.11,672.42,672.54,512634.0
2025-10-10 14:15:00,672.5,672.55,671.8,672.28,1002528.0
2025-10-10 14:20:00,672.28,672.73,672.25,672.65,626326.0
2025-10-10 14:25:00,672.64,673.12,672.46,672.57,761717.0
2025-10-10 14:30:00,672.59,672.855,672.47,672.6801,458496.0
2025-10-10 14:35:00,672.67,672.81,672.24,672.54,471280.0
2025-10-10 14:40:00,672.55,672.6,672.13,672.55,417379.0
2025-10-10 14:45:00,672.55,673.065,672.51,672.995,397517.0
2025-10-10 14:50:00,672.99,673.065,672.63,672.86,605208.0
2025-10-10 14:55:00,672.87,673.01,667.66,669.16,4936056.0
2025-10-10 15:00:00,669.13,669.18,665.15,666.01,7486426.0
2025-10-10 15:05:00,665.98,667.63,665.25,665.7001,5598645.0
2025-10-10 15:10:00,665.71,668.23,665.62,667.73,3945938.0
2025-10-10 15:15:00,667.73,668.12,664.68,665.59,3488815.0
2025-10-10 15:20:00,665.59,666.1,662.7,662.835,4358216.0
2025-10-10 15:25:00,662.81,664.21,661.93,662.44,4319159.0
2025-10-10 15:30:00,662.44,662.49,659.6,660.62,5345106.0
2025-10-10 15:35:00,660.61,661.85,660.34,660.38,3330898.0
2025-10-10 15:40:00,660.43,663.15,659.47,663.06,3379578.0
2025-10-10 15:45:00,663.05,663.705,661.87,662.72,2723288.0
2025-10-10 15:50:00,662.64,664.09,662.49,663.06,2460783.0
2025-10-10 15:55:00,663.02,663.02,660.77,661.85,1922736.0
2025-10-10 16:00:00,661.8107,661.83,660.22,660.8,1487852.0
2025-10-13 09:30:00,661.95,662.0,661.78,661.92,13034.0
2025-10-13 09:35:00,661.9,661.95,661.65,661.7,3899.0
2025-10-13 09:40:00,661.76,661.78,661.73,661.78,4351.0
2025-10-13 09:45:00,661.79,661.8,661.58,661.64,2213.0
2025-10-13 09:50:00,661.76,661.92,661.7,661.8,4716.0
2025-10-13 09:55:00,661.8,662.0,661.7,661.7,3956.0
2025-10-13 10:00:00,661.68,661.85,661.58,661.85,4620.0
2025-10-13 10:05:00,661.85,661.86,661.8,661.85,3430.0
2025-10-13 10:10:00,661.72,661.87,661.71,661.8,8557.0
2025-10-13 10:15:00,661.73,661.73,661.2,661.63,15031.0
2025-10-13 10:20:00,661.68,661.68,661.28,661.5,1254.0
2025-10-13 10:25:00,661.68,661.8,661.68,661.8,16072.0
2025-10-13 10:30:00,661.8,662.21,661.8,662.21,17389.0
2025-10-13 10:35:00,662.14,662.18,661.81,661.9,5856.0
2025-10-13 10:40:00,661.88,661.88,661.34,661.39,7125.0
2025-10-13 10:45:00,661.39,661.39,661.11,661.24,9727.0
2025-10-13 10:50:00,661.17,661.35,661.05,661.33,11527.0
2025-10-13 10:55:00,661.32,661.74,661.32,661.74,43974.0
2025-10-13 11:00:00,661.64,662.18,660.8,661.24,141369.0
2025-10-13 11:05:00,661.37,661.37,659.7,659.8,133102.0
2025-10-13 11:10:00,659.97,660.24,658.91,660.16,86733.0
2025-10-13 11:15:00,660.15,660.4,660.01,660.33,34064.0
2025-10-13 11:20:00,660.33,660.46,659.93,660.01,52728.0
2025-10-13 11:25:00,660.04,660.25,659.74,659.9,112925.0
2025-10-13 11:30:00,659.95,660.38,659.24,660.15,118323.0
2025-10-13 11:35:00,660.05,660.38,659.65,659.89,33528.0
2025-10-13 11:40:00,660.0,660.549,660.0,660.42,67038.0
2025-10-13 11:45:00,660.44,660.77,660.32,660.6,27174.0
2025-10-13 11:50:00,660.47,660.69,660.02,660.62,75872.0
2025-10-13 11:55:00,660.5,660.5,660.19,660.28,28766.0
2025-10-13 12:00:00,661.51,663.97,659.0,659.8401,309299.0
2025-10-13 12:05:00,659.91,660.08,659.6297,659.9,22138.0
2025-10-13 12:10:00,659.99,660.54,659.98,660.54,52949.0
2025-10-13 12:15:00,660.5,660.78,660.4013,660.65,52387.0
2025-10-13 12:20:00,660.63,660.63,660.0,660.5801,53440.0
2025-10-13 12:25:00,660.61,660.65,660.33,660.4693,44614.0
2025-10-13 12:30:00,660.39,660.95,660.39,660.9,62446.0
2025-10-13 12:35:00,660.84,661.11,660.82,661.09,89498.0
2025-10-13 12:40:00,661.06,661.08,660.77,660.94,30217.0
2025-10-13 12:45:00,660.95,661.25,660.9,661.09,69103.0
2025-10-13 12:50:00,661.04,661.05,660.66,661.0,69661.0
2025-10-13 12:55:00,661.01,661.03,660.37,660.61,24916.0
2025-10-13 13:00:00,660.59,661.6201,660.59,661.56,303172.0
2025-10-13 13:05:00,661.57,661.68,661.27,661.4099,73534.0
2025-10-13 13:10:00,661.31,661.57,661.17,661.4159,71872.0
2025-10-13 13:15:00,661.35,661.6,661.25,661.48,78821.0
2025-10-13 13:20:00,661.46,661.73,661.09,661.09,143149.0
2025-10-13 13:25:00,661.14,661.3,660.56,660.65,165746.0
2025-10-13 13:30:00,660.65,661.67,660.53,660.71,3608231.0
2025-10-13 13:35:00,660.72,660.95,659.8,660.6,2490247.0
2025-10-13 13:40:00,660.58,661.52,659.93,661.09,2167821.0
2025-10-13 13:45:00,661.08,661.4706,660.34,661.17,1627912.0
2025-10-13 13:50:00,661.17,662.11,660.87,661.61,1677021.0
2025-10-13 13:55:00,661.62,663.0,661.51,662.8788,1684214.0
2025-10-13 14:00:00,662.87,663.23,662.06,663.0309,1996412.0
2025-10-13 14:05:00,663.03,663.08,662.3,662.66,1295892.0
2025-10-13 14:10:00,662.65,662.695,661.92,662.2,1279495.0
2025-10-13 14:15:00,662.2,662.78,662.01,662.03,908915.0
2025-10-13 14:20:00,662.03,662.22,660.385,661.26,1394086.0
2025-10-13 14:25:00,661.26,661.26,660.111,660.85,1177286.0
2025-10-13 14:30:00,660.88,661.62,660.16,661.62,938632.0
2025-10-13 14:35:00,661.62,662.48,661.55,662.2599,906287.0
2025-10-13 14:40:00,662.25,662.46,661.26,661.52,815064.0
2025-10-13 14:45:00,661.49,661.88,660.86,660.94,763748.0
2025-10-13 14:50:00,660.93,661.14,660.33,660.67,814429.0
2025-10-13 14:55:00,660.65,660.67,659.95,660.215,860112.0
2025-10-13 15:00:00,660.21,660.63,659.89,660.16,951355.0
2025-10-13 15:05:00,660.17,660.75,659.7679,660.73,790695.0
2025-10-13 15:10:00,660.725,661.62,660.69,661.45,732409.0
2025-10-13 15:15:00,661.44,662.3,661.42,662.3,829750.0
2025-10-13 15:20:00,662.3,662.85,662.27,662.39,983374.0
2025-10-13 15:25:00,662.39,662.8,662.29,662.72,658346.0
2025-10-13 15:30:00,662.72,663.175,662.63,663.015,667942.0
2025-10-13 15:35:00,663.02,663.16,662.71,662.74,704806.0
2025-10-13 15:40:00,662.74,662.84,662.2387,662.3,642878.0
2025-10-13 15:45:00,662.3,662.87,662.23,662.86,703035.0
2025-10-13 15:50:00,662.86,663.01,662.52,662.87,466770.0
2025-10-13 15:55:00,662.85,663.17,662.78,662.97,409236.0
2025-10-13 16:00:00,662.98,663.12,662.74,663.05,416484.0
2025-10-14 09:30:00,658.13,658.13,657.65,657.66,5509.0
2025-10-14 09:35:00,657.74,657.84,657.54,657.66,10055.0
2025-10-14 09:40:00,658.0,658.09,658.0,658.06,1724.0
2025-10-14 09:45:00,657.91,658.0,657.7,657.75,5112.0
2025-10-14 09:50:00,657.6,657.6,657.3,657.3,4901.0
2025-10-14 09:55:00,657.29,657.44,657.23,657.44,17201.0
2025-10-14 10:00:00,657.26,657.4,657.14,657.2,15008.0
2025-10-14 10:05:00,657.17,657.32,657.12,657.12,11909.0
2025-10-14 10:10:00,657.15,657.15,656.57,656.79,17133.0
2025-10-14 10:15:00,656.88,656.88,656.59,656.59,17640.0
2025-10-14 10:20:00,656.64,656.96,656.48,656.96,15041.0
2025-10-14 10:25:00,656.96,657.03,656.1,656.14,11209.0
2025-10-14 10:30:00,656.05,656.05,655.33,655.55,35044.0
2025-10-14 10:35:00,655.76,656.18,655.68,655.88,18976.0
2025-10-14 10:40:00,655.86,655.98,655.04,655.14,103720.0
2025-10-14 10:45:00,655.12,655.13,654.63,654.72,26479.0
2025-10-14 10:50:00,654.61,655.12,654.58,654.72,22097.0
2025-10-14 10:55:00,654.53,655.56,654.52,655.53,19828.0
2025-10-14 11:00:00,655.66,656.0,655.49,655.9,47226.0
2025-10-14 11:05:00,655.89,656.79,655.86,656.35,45424.0
2025-10-14 11:10:00,656.34,656.78,656.34,656.64,38650.0
2025-10-14 11:15:00,656.65,656.83,656.53,656.58,32813.0
2025-10-14 11:20:00,656.76,657.17,656.74,657.03,37350.0
2025-10-14 11:25:00,656.9,657.5,656.9,656.97,31431.0
2025-10-14 11:30:00,656.95,657.38,656.83,657.18,32320.0
2025-10-14 11:35:00,657.25,657.88,657.24,657.64,36540.0
2025-10-14 11:40:00,657.58,657.75,657.27,657.48,28008.0
2025-10-14 11:45:00,657.439,657.76,657.27,657.48,16319.0
2025-10-14 11:50:00,657.4,658.0,657.4,657.87,30377.0
2025-10-14 11:55:00,657.8,657.87,657.56,657.7,9552.0
2025-10-14 12:00:00,655.655,662.96,654.61,657.0,210828.0
2025-10-14 12:05:00,657.12,657.33,656.72,657.309,32280.0
2025-10-14 12:10:00,657.38,657.71,657.38,657.62,22308.0
2025-10-14 12:15:00,657.54,657.54,657.04,657.23,16486.0
2025-10-14 12:20:00,657.28,657.49,657.07,657.36,12065.0
2025-10-14 12:25:00,657.45,657.65,657.4,657.43,19537.0
2025-10-14 12:30:00,657.43,657.46,656.94,657.03,16636.0
2025-10-14 12:35:00,657.01,657.01,656.28,656.44,89927.0
2025-10-14 12:40:00,656.43,656.65,655.41,655.74,210237.0
2025-10-14 12:45:00,655.7796,656.51,655.7796,656.3,170452.0
2025-10-14 12:50:00,656.36,656.93,656.35,656.85,62676.0
2025-10-14 12:55:00,656.87,656.99,656.75,656.88,24376.0
2025-10-14 13:00:00,656.8863,657.5,656.81,657.42,55559.0
2025-10-14 13:05:00,657.49,657.64,657.4,657.55,55767.0
2025-10-14 13:10:00,657.53,657.5491,657.34,657.53,44012.0
2025-10-14 13:15:00,657.52,657.57,657.13,657.51,63910.0
2025-10-14 13:20:00,657.52,657.52,657.05,657.2,46271.0
2025-10-14 13:25:00,657.18,657.36,656.6,657.18,145666.0
2025-10-14 13:30:00,657.17,657.41,655.88,655.9305,2863082.0
2025-10-14 13:35:00,655.94,655.95,654.39,655.25,2284496.0
2025-10-14 13:40:00,655.25,655.46,653.3,653.76,1913248.0
2025-10-14 13:45:00,653.77,655.215,653.17,654.5101,2145666.0
2025-10-14 13:50:00,654.515,656.1,654.11,656.01,1840484.0
2025-10-14 13:55:00,656.03,656.96,655.99,656.82,1447725.0
2025-10-14 14:00:00,656.8,657.71,656.49,657.55,1351078.0
2025-10-14 14:05:00,657.56,657.88,657.05,657.193,1371382.0
2025-10-14 14:10:00,657.2,658.36,657.195,658.2456,1240002.0
2025-10-14 14:15:00,658.24,658.63,657.81,658.52,1881208.0
2025-10-14 14:20:00,658.53,659.29,658.39,659.21,1241226.0
2025-10-14 14:25:00,659.2,659.91,659.17,659.79,1237093.0
2025-10-14 14:30:00,659.78,659.86,659.0408,659.45,1030653.0
2025-10-14 14:35:00,659.45,660.17,659.45,659.9999,1792043.0
2025-10-14 14:40:00,660.0,660.28,659.79,659.8,682272.0
2025-10-14 14:45:00,659.8,660.32,659.52,660.0793,724223.0
2025-10-14 14:50:00,660.08,660.1744,659.15,659.84,830020.0
2025-10-14 14:55:00,659.83,659.96,659.1906,659.745,688584.0
2025-10-14 15:00:00,659.76,660.68,659.745,660.65,875702.0
2025-10-14 15:05:00,660.64,661.11,660.14,660.1993,759783.0
2025-10-14 15:10:00,660.18,660.51,659.865,660.12,548920.0
2025-10-14 15:15:00,660.13,660.27,659.49,659.65,574974.0
2025-10-14 15:20:00,659.69,660.4672,659.6,660.4672,549722.0
2025-10-14 15:25:00,660.4798,660.48,659.54,659.675,531992.0
2025-10-14 15:30:00,659.68,660.31,659.64,660.18,482503.0
2025-10-14 15:35:00,660.185,661.25,659.9,660.17,1490991.0
2025-10-14 15:40:00,660.16,661.52,659.86,661.29,926007.0
2025-10-14 15:45:00,661.34,662.15,661.34,662.13,784146.0
2025-10-14 15:50:00,662.11,663.08,662.049,662.71,906453.0
2025-10-14 15:55:00,662.69,662.77,662.17,662.385,835454.0
2025-10-14 16:00:00,662.41,662.62,661.9,662.088,616037.0
2025-10-15 09:30:00,665.88,666.34,665.87,666.33,6488.0
2025-10-15 09:35:00,666.33,666.49,666.31,666.33,5129.0
2025-10-15 09:40:00,666.3,666.31,666.13,666.24,3147.0
2025-10-15 09:45:00,666.05,666.2,666.05,666.2,1498.0
2025-10-15 09:50:00,666.33,666.44,666.29,666.44,8467.0
2025-10-15 09:55:00,666.44,666.55,666.4,666.44,2380.0
2025-10-15 10:00:00,666.51,666.51,666.31,666.31,3831.0
2025-10-15 10:05:00,666.33,666.49,666.33,666.34,4106.0
2025-10-15 10:10:00,666.19,666.32,666.19,666.32,2396.0
2025-10-15 10:15:00,666.2,666.26,666.07,666.25,25839.0
2025-10-15 10:20:00,666.25,666.33,666.21,666.33,1793.0
2025-10-15 10:25:00,666.23,666.23,666.23,666.23,277.0
2025-10-15 10:30:00,666.25,666.32,666.14,666.14,4549.0
2025-10-15 10:35:00,666.02,666.12,666.01,666.12,4146.0
2025-10-15 10:40:00,666.17,666.24,666.17,666.18,2361.0
2025-10-15 10:45:00,666.27,666.64,666.27,666.62,7205.0
2025-10-15 10:50:00,666.61,666.79,666.61,666.72,16888.0
2025-10-15 10:55:00,666.66,666.77,666.5,666.52,5131.0
2025-10-15 11:00:00,666.51,666.7,666.44,666.45,41624.0
2025-10-15 11:05:00,666.54,666.6,666.39,666.52,16285.0
2025-10-15 11:10:00,666.55,666.7,666.43,666.51,6373.0
2025-10-15 11:15:00,666.49,666.49,666.2,666.37,8524.0
2025-10-15 11:20:00,666.32,666.35,666.18,666.25,6178.0
2025-10-15 11:25:00,666.21,666.58,666.21,666.38,21251.0
2025-10-15 11:30:00,666.32,666.38,666.1,666.2,31259.0
2025-10-15 11:35:00,666.42,666.5,666.23,666.46,69249.0
2025-10-15 11:40:00,666.52,666.65,666.52,666.62,14647.0
2025-10-15 11:45:00,666.58,666.72,666.53,666.53,15149.0
2025-10-15 11:50:00,666.62,666.65,666.46,666.65,6270.0
2025-10-15 11:55:00,666.65,666.68,666.35,666.6,78643.0
2025-10-15 12:00:00,666.46,666.91,663.75,666.75,121831.0
2025-10-15 12:05:00,666.79,667.33,666.79,667.31,70108.0
2025-10-15 12:10:00,667.29,667.57,667.29,667.44,47712.0
2025-10-15 12:15:00,667.47,667.7,667.47,667.6422,35277.0
2025-10-15 12:20:00,667.6,667.62,667.01,667.49,46326.0
2025-10-15 12:25:00,667.44,667.48,666.93,667.05,36396.0
2025-10-15 12:30:00,667.1,667.27,666.82,667.22,52671.0
2025-10-15 12:35:00,667.21,667.21,666.89,667.02,27303.0
2025-10-15 12:40:00,666.97,667.35,666.92,667.18,44171.0
2025-10-15 12:45:00,667.25,667.49,667.12,667.27,30846.0
2025-10-15 12:50:00,667.31,667.5,666.8,667.42,92944.0
2025-10-15 12:55:00,667.41,667.58,667.39,667.49,30051.0
2025-10-15 13:00:00,667.49,667.49,667.11,667.27,25639.0
2025-10-15 13:05:00,667.27,667.27,666.94,666.95,31398.0
2025-10-15 13:10:00,666.98,667.1,666.92,666.97,22741.0
2025-10-15 13:15:00,666.94,667.2,666.9,667.2,44982.0
2025-10-15 13:20:00,667.19,667.2,666.78,666.8734,49124.0
2025-10-15 13:25:00,666.82,667.08,666.7003,666.82,93701.0
2025-10-15 13:30:00,666.82,667.165,666.23,666.55,2743457.0
2025-10-15 13:35:00,666.55,667.46,666.48,666.64,1678546.0
2025-10-15 13:40:00,666.64,667.625,666.63,667.19,1450536.0
2025-10-15 13:45:00,667.2,667.88,666.05,666.35,1812353.0
2025-10-15 13:50:00,666.3489,667.815,666.16,667.59,1642395.0
2025-10-15 13:55:00,667.58,668.58,667.54,668.31,1252226.0
2025-10-15 14:00:00,668.34,668.98,668.31,668.955,1062767.0
2025-10-15 14:05:00,668.95,670.03,668.94,669.98,1283189.0
2025-10-15 14:10:00,670.04,670.23,669.395,669.48,1228997.0
2025-10-15 14:15:00,669.5,669.82,669.16,669.47,620144.0
2025-10-15 14:20:00,669.49,670.01,669.35,669.86,480709.0
2025-10-15 14:25:00,669.85,669.94,669.4,669.61,656173.0
2025-10-15 14:30:00,669.63,669.895,669.31,669.35,617757.0
2025-10-15 14:35:00,669.35,669.58,669.01,669.09,481861.0
2025-10-15 14:40:00,669.1,669.34,668.8201,669.165,623251.0
2025-10-15 14:45:00,669.17,669.27,668.78,668.88,450522.0
2025-10-15 14:50:00,668.88,669.03,668.63,668.7815,444144.0
2025-10-15 14:55:00,668.78,669.28,668.63,669.02,470011.0
2025-10-15 15:00:00,669.03,669.17,668.54,668.72,413572.0
2025-10-15 15:05:00,668.71,668.88,668.48,668.58,351347.0
2025-10-15 15:10:00,668.6,668.61,667.89,668.29,566142.0
2025-10-15 15:15:00,668.2851,668.45,667.7301,667.84,440673.0
2025-10-15 15:20:00,667.85,668.16,667.67,667.96,602905.0
2025-10-15 15:25:00,667.95,668.37,667.65,667.71,536939.0
2025-10-15 15:30:00,667.69,667.84,666.52,666.78,748002.0
2025-10-15 15:35:00,666.78,666.815,665.84,666.37,1224818.0
2025-10-15 15:40:00,666.39,666.4,665.01,665.59,1140413.0
2025-10-15 15:45:00,665.59,665.6,664.6099,664.83,789482.0
2025-10-15 15:50:00,664.82,664.87,663.915,664.555,1318067.0
2025-10-15 15:55:00,664.57,665.48,664.49,665.2,866737.0
2025-10-15 16:00:00,665.22,666.01,665.07,665.36,1186006.0
2025-10-16 09:30:00,667.04,667.04,666.87,666.91,1130.0
2025-10-16 09:35:00,666.92,666.92,666.61,666.62,3596.0
2025-10-16 09:40:00,666.66,666.87,666.55,666.79,5599.0
2025-10-16 09:45:00,666.85,667.31,666.85,667.31,9990.0
2025-10-16 09:50:00,667.27,667.36,667.27,667.32,5784.0
2025-10-16 09:55:00,667.27,667.31,667.2,667.31,3321.0
2025-10-16 10:00:00,667.36,667.4,667.29,667.4,3969.0
2025-10-16 10:05:00,667.41,667.74,667.41,667.69,6425.0
2025-10-16 10:10:00,667.59,667.66,667.49,667.64,1931.0
2025-10-16 10:15:00,667.6,667.6,667.52,667.55,3191.0
2025-10-16 10:20:00,667.5,667.65,667.5,667.62,4498.0
2025-10-16 10:25:00,667.57,667.89,667.56,667.87,5211.0
2025-10-16 10:30:00,667.84,667.99,667.81,667.94,4821.0
2025-10-16 10:35:00,667.92,667.93,667.74,667.8,11271.0
2025-10-16 10:40:00,667.87,667.91,667.63,667.72,2773.0
2025-10-16 10:45:00,667.68,667.68,667.46,667.5,59733.0
2025-10-16 10:50:00,667.55,667.59,667.5,667.51,2249.0
2025-10-16 10:55:00,667.54,667.7,667.48,667.59,7748.0
2025-10-16 11:00:00,667.55,667.8,667.53,667.78,9611.0
2025-10-16 11:05:00,667.78,667.87,667.75,667.84,3116.0
2025-10-16 11:10:00,667.81,667.86,667.6,667.74,81319.0
2025-10-16 11:15:00,667.75,667.78,667.65,667.77,41257.0
2025-10-16 11:20:00,667.79,668.08,667.79,668.08,16800.0
2025-10-16 11:25:00,668.05,668.12,668.03,668.05,22816.0
2025-10-16 11:30:00,668.06,668.17,667.97,668.0,12649.0
2025-10-16 11:35:00,667.95,667.95,667.74,667.89,5191.0
2025-10-16 11:40:00,667.82,667.82,667.71,667.75,9719.0
2025-10-16 11:45:00,667.72,667.79,667.63,667.64,15259.0
2025-10-16 11:50:00,667.66,667.74,667.52,667.71,22223.0
2025-10-16 11:55:00,667.67,667.75,667.65,667.66,13297.0
2025-10-16 12:00:00,667.62,668.1,664.8,667.82,93569.0
2025-10-16 12:05:00,667.88,667.89,667.31,667.38,16648.0
2025-10-16 12:10:00,667.33,667.33,666.94,667.0,28117.0
2025-10-16 12:15:00,666.97,667.26,666.95,667.18,11406.0
2025-10-16 12:20:00,667.22,667.39,667.17,667.29,7286.0
2025-10-16 12:25:00,667.25,667.32,667.04,667.32,30758.0
2025-10-16 12:30:00,667.48,667.88,667.13,667.71,115656.0
2025-10-16 12:35:00,667.68,667.96,667.48,667.95,71827.0
2025-10-16 12:40:00,667.96,668.22,667.96,668.21,66601.0
2025-10-16 12:45:00,668.22,668.32,667.9301,668.09,23663.0
2025-10-16 12:50:00,668.1,668.19,668.05,668.12,33483.0
2025-10-16 12:55:00,668.15,668.25,667.85,667.85,24815.0
2025-10-16 13:00:00,667.9,668.03,667.46,667.55,65728.0
2025-10-16 13:05:00,667.58,667.81,667.54,667.78,24039.0
2025-10-16 13:10:00,667.73,667.88,667.72,667.8763,20350.0
2025-10-16 13:15:00,667.8582,667.97,667.7478,667.7478,23755.0
2025-10-16 13:20:00,667.64,667.68,667.36,667.62,24400.0
2025-10-16 13:25:00,667.5,667.5,666.8,666.84,88087.0
2025-10-16 13:30:00,666.82,667.52,666.54,667.0,1713651.0
2025-10-16 13:35:00,667.01,667.15,666.56,666.75,1233493.0
2025-10-16 13:40:00,666.76,667.3,666.19,667.29,1309192.0
2025-10-16 13:45:00,667.29,668.08,666.5,666.575,1553137.0
2025-10-16 13:50:00,666.59,666.81,666.11,666.655,1194078.0
2025-10-16 13:55:00,666.69,667.23,666.25,666.635,1112837.0
2025-10-16 14:00:00,666.635,666.91,666.01,666.585,1079486.0
2025-10-16 14:05:00,666.59,667.065,665.98,666.2199,1128078.0
2025-10-16 14:10:00,666.2,666.45,665.42,665.81,1455073.0
2025-10-16 14:15:00,665.82,666.9987,665.515,666.68,1098426.0
2025-10-16 14:20:00,666.66,667.57,666.6,666.91,1181920.0
2025-10-16 14:25:00,666.92,667.37,666.24,666.93,973414.0
2025-10-16 14:30:00,666.95,667.425,666.79,667.35,749810.0
2025-10-16 14:35:00,667.33,667.87,667.19,667.5,842767.0
2025-10-16 14:40:00,667.48,668.71,667.46,668.465,1086590.0
2025-10-16 14:45:00,668.45,668.65,667.46,667.8,1107265.0
2025-10-16 14:50:00,667.76,667.83,666.98,667.69,883332.0
2025-10-16 14:55:00,667.68,667.88,666.9328,667.09,735484.0
2025-10-16 15:00:00,667.09,667.65,667.0,667.19,811443.0
2025-10-16 15:05:00,667.2,667.83,666.57,667.74,725173.0
2025-10-16 15:10:00,667.73,668.0,667.34,667.91,534163.0
2025-10-16 15:15:00,667.91,668.005,667.34,667.85,609849.0
2025-10-16 15:20:00,667.84,668.04,667.02,667.09,552782.0
2025-10-16 15:25:00,667.11,667.11,665.47,665.815,1394685.0
2025-10-16 15:30:00,665.81,666.47,664.95,666.45,1699307.0
2025-10-16 15:35:00,666.45,666.78,665.9699,666.31,885012.0
2025-10-16 15:40:00,666.3096,666.36,664.75,665.125939,1234848.0
2025-10-16 15:45:00,665.125,665.18,664.33,664.58,1234661.0
2025-10-16 15:50:00,664.58,665.52,664.58,664.79,986015.0
2025-10-16 15:55:00,664.8,664.87,663.93,664.52,980593.0
2025-10-16 16:00:00,664.51,664.6,663.72,664.5499,810774.0
2025-10-17 09:30:00,654.35,654.41,654.0,654.28,10117.0
2025-10-17 09:35:00,654.32,654.96,654.31,654.56,13922.0
2025-10-17 09:40:00,654.37,654.37,653.47,653.91,33117.0
2025-10-17 09:45:00,653.68,653.95,653.68,653.78,14096.0
2025-10-17 09:50:00,653.86,654.1,653.86,653.91,29954.0
2025-10-17 09:55:00,653.88,653.91,653.36,653.36,12179.0
2025-10-17 10:00:00,653.5,654.51,653.43,654.49,16610.0
2025-10-17 10:05:00,654.46,654.58,654.29,654.31,9429.0
2025-10-17 10:10:00,654.25,654.41,653.79,653.87,11241.0
2025-10-17 10:15:00,653.91,654.12,653.35,653.65,29547.0
2025-10-17 10:20:00,653.68,653.68,653.35,653.42,22196.0
2025-10-17 10:25:00,653.39,653.8,653.32,653.52,24924.0
2025-10-17 10:30:00,653.49,654.82,653.49,653.97,42384.0
2025-10-17 10:35:00,654.3,654.87,654.22,654.87,24385.0
2025-10-17 10:40:00,654.87,654.97,654.53,654.91,21798.0
2025-10-17 10:45:00,654.88,655.39,654.43,654.43,42009.0
2025-10-17 10:50:00,654.49,655.2,654.21,655.05,48037.0
2025-10-17 10:55:00,655.2,655.71,655.06,655.71,55902.0
2025-10-17 11:00:00,655.74,656.12,655.6,655.6,113329.0
2025-10-17 11:05:00,655.66,657.26,655.42,657.09,124955.0
2025-10-17 11:10:00,657.08,659.5,656.63,659.35,259526.0
2025-10-17 11:15:00,659.21,659.67,658.17,658.46,219163.0
2025-10-17 11:20:00,658.47,658.771,657.88,658.771,103615.0
2025-10-17 11:25:00,658.7,659.11,658.31,658.82,50432.0
2025-10-17 11:30:00,658.72,659.0,658.05,658.58,76654.0
2025-10-17 11:35:00,658.62,659.04,658.4,658.87,34363.0
2025-10-17 11:40:00,658.92,659.35,658.68,658.85,38059.0
2025-10-17 11:45:00,658.8,659.15,658.49,659.0,61938.0
2025-10-17 11:50:00,659.0,659.04,657.91,658.61,61356.0
2025-10-17 11:55:00,658.56,659.35,658.56,659.33,49893.0
2025-10-17 12:00:00,654.37,660.0,651.56,659.3197,390276.0
2025-10-17 12:05:00,659.389,660.9,659.389,660.49,152370.0
2025-10-17 12:10:00,660.55,660.73,659.2,660.19,184390.0
2025-10-17 12:15:00,660.14,660.75,659.92,660.55,115944.0
2025-10-17 12:20:00,660.55,661.21,660.44,660.77,192708.0
2025-10-17 12:25:00,660.76,660.81,660.1,660.61,80248.0
2025-10-17 12:30:00,660.68,661.01,659.94,660.36,102933.0
2025-10-17 12:35:00,660.36,661.25,660.16,660.9599,93228.0
2025-10-17 12:40:00,660.98,660.98,660.3,660.39,59378.0
2025-10-17 12:45:00,660.34,660.75,660.3,660.57,53668.0
2025-10-17 12:50:00,660.63,660.7,659.82,660.33,66290.0
2025-10-17 12:55:00,660.36,660.43,659.78,659.91,83493.0
2025-10-17 13:00:00,659.86,660.42,659.66,660.09,72778.0
2025-10-17 13:05:00,660.1,660.75,659.76,660.5,74153.0
2025-10-17 13:10:00,660.52,660.64,659.92,659.93,57711.0
2025-10-17 13:15:00,659.98,660.31,659.78,660.26,29084.0
2025-10-17 13:20:00,660.27,660.5,660.0,660.49,38144.0
2025-10-17 13:25:00,660.37,660.58,659.42,659.5,262437.0
2025-10-17 13:30:00,659.5,660.58,658.715,660.49,3630237.0
2025-10-17 13:35:00,660.5,661.36,659.65,659.815,2150742.0
2025-10-17 13:40:00,659.79,660.04,658.23,658.65,1823923.0
2025-10-17 13:45:00,658.64,660.65,658.35,660.11,2025091.0
2025-10-17 13:50:00,660.11,662.02,660.04,661.69,2035742.0
2025-10-17 13:55:00,661.71,662.48,660.54,660.68,1756181.0
2025-10-17 14:00:00,660.67,661.65,659.66,661.0,1478087.0
2025-10-17 14:05:00,660.97,661.8,660.67,660.83,1022786.0
2025-10-17 14:10:00,660.82,663.31,660.67,663.1,1577677.0
2025-10-17 14:15:00,663.13,663.715,661.98,662.14,1361520.0
2025-10-17 14:20:00,662.15,662.91,661.54,662.5,1188403.0
2025-10-17 14:25:00,662.49,662.96,661.98,662.31,888396.0
2025-10-17 14:30:00,662.31,662.4,661.09,661.16,817607.0
2025-10-17 14:35:00,661.17,661.24,660.29,660.34,1125683.0
2025-10-17 14:40:00,660.33,661.62,660.07,660.36,1259270.0
2025-10-17 14:45:00,660.35,661.75,660.15,661.14,811743.0
2025-10-17 14:50:00,661.17,661.68,660.61,660.7881,696476.0
2025-10-17 14:55:00,660.79,660.82,659.33,659.58,880764.0
2025-10-17 15:00:00,659.56,661.41,659.31,660.99,1127693.0
2025-10-17 15:05:00,660.96,661.68,660.59,660.61,983996.0
2025-10-17 15:10:00,660.6,661.4,659.12,659.125,802973.0
2025-10-17 15:15:00,659.13,660.17,659.02,659.2737,4388396.0
2025-10-17 15:20:00,659.2687,659.5599,658.71,658.87,803469.0
2025-10-17 15:25:00,658.872,659.78,658.51,659.42,967796.0
2025-10-17 15:30:00,659.44,659.86,658.71,659.03,1244836.0
2025-10-17 15:35:00,659.03,659.85,658.14,659.77,890189.0
2025-10-17 15:40:00,659.76,660.71,659.72,660.5,987874.0
2025-10-17 15:45:00,660.46,661.4699,660.19,661.29,1268427.0
2025-10-17 15:50:00,661.27,661.89,660.93,661.3958,847023.0
2025-10-17 15:55:00,661.39,662.24,661.31,661.71,660890.0
2025-10-17 16:00:00,661.7,662.96,661.63,662.64,695728.0
2025-10-20 09:30:00,666.53,666.53,666.38,666.38,1396.0
2025-10-20 09:35:00,666.32,666.32,666.16,666.16,1826.0
2025-10-20 09:40:00,666.23,666.23,666.03,666.12,1131.0
2025-10-20 09:45:00,666.13,666.13,665.89,665.98,543.0
2025-10-20 09:50:00,665.91,666.02,665.91,666.01,2011.0
2025-10-20 09:55:00,666.29,666.29,666.29,666.29,884.0
2025-10-20 10:00:00,666.32,666.49,666.31,666.39,1920.0
2025-10-20 10:05:00,666.01,666.02,665.94,665.95,2917.0
2025-10-20 10:10:00,666.08,666.08,666.08,666.08,551.0
2025-10-20 10:15:00,666.11,666.12,666.11,666.12,1169.0
2025-10-20 10:20:00,666.09,666.11,666.07,666.07,783.0
2025-10-20 10:25:00,666.03,666.03,665.95,665.98,851.0
2025-10-20 10:30:00,666.1,666.48,666.1,666.48,3094.0
2025-10-20 10:35:00,666.54,666.59,666.51,666.51,3015.0
2025-10-20 10:40:00,666.69,666.72,666.0,666.0,4753.0
2025-10-20 10:45:00,666.0,666.0,665.35,665.62,21987.0
2025-10-20 10:50:00,665.63,665.63,665.22,665.5,9144.0
2025-10-20 10:55:00,665.54,665.61,665.52,665.52,2277.0
2025-10-20 11:00:00,665.29,665.66,665.27,665.5,17140.0
2025-10-20 11:05:00,665.47,665.76,665.43,665.76,3499.0
2025-10-20 11:10:00,665.75,666.0,665.74,665.94,16527.0
2025-10-20 11:15:00,665.95,666.19,665.89,666.08,11153.0
2025-10-20 11:20:00,666.04,666.06,665.98,666.02,4102.0
2025-10-20 11:25:00,666.07,666.24,666.07,666.17,32736.0
2025-10-20 11:30:00,666.05,666.07,665.89,666.01,33778.0
2025-10-20 11:35:00,666.03,666.08,665.99,665.99,3356.0
2025-10-20 11:40:00,666.09,666.09,665.851,665.871,10645.0
2025-10-20 11:45:00,665.92,666.01,665.91,665.96,8981.0
2025-10-20 11:50:00,665.96,666.44,665.96,666.43,35388.0
2025-10-20 11:55:00,666.42,666.47,666.35,666.36,11567.0
2025-10-20 12:00:00,666.35,667.58,665.2791,666.23,99371.0
2025-10-20 12:05:00,666.2874,666.29,666.12,666.29,11525.0
2025-10-20 12:10:00,666.29,666.39,666.26,666.39,24819.0
2025-10-20 12:15:00,666.3,666.39,666.15,666.19,15424.0
2025-10-20 12:20:00,666.25,666.52,666.23,666.48,24616.0
2025-10-20 12:25:00,666.5,666.53,666.27,666.34,8834.0
2025-10-20 12:30:00,666.43,666.6,666.43,666.58,6469.0
2025-10-20 12:35:00,666.54,666.62,666.53,666.6,35819.0
2025-10-20 12:40:00,666.6,666.8,666.6,666.74,36396.0
2025-10-20 12:45:00,666.76,667.34,666.76,667.0,102701.0
2025-10-20 12:50:00,666.98,667.27,666.98,667.03,73343.0
2025-10-20 12:55:00,667.04,667.4,667.04,667.37,136273.0
2025-10-20 13:00:00,667.38,667.65,667.34,667.57,93574.0
2025-10-20 13:05:00,667.54,667.58,667.37,667.54,29366.0
2025-10-20 13:10:00,667.56,667.57,667.29,667.3,44138.0
2025-10-20 13:15:00,667.32,667.6,667.2,667.5,53859.0
2025-10-20 13:20:00,667.51,667.78,667.47,667.47,62752.0
2025-10-20 13:25:00,667.49,667.55,667.17,667.25,76755.0
2025-10-20 13:30:00,667.32,668.81,667.27,668.55,2127084.0
2025-10-20 13:35:00,668.56,669.02,668.445,668.66,1427519.0
2025-10-20 13:40:00,668.67,669.121,668.3806,668.69,1044333.0
2025-10-20 13:45:00,668.69,669.455,668.6,669.245,1104196.0
2025-10-20 13:50:00,669.24,669.39,668.94,669.13,774750.0
2025-10-20 13:55:00,669.12,669.218,668.49,668.74,960826.0
2025-10-20 14:00:00,668.75,669.49,668.73,669.28,1006502.0
2025-10-20 14:05:00,669.27,669.71,669.08,669.71,757139.0
2025-10-20 14:10:00,669.72,669.79,669.45,669.56,846083.0
2025-10-20 14:15:00,669.57,669.61,669.01,669.26,824883.0
2025-10-20 14:20:00,669.25,669.79,669.13,669.73,502901.0
2025-10-20 14:25:00,669.75,670.39,669.71,670.265,997840.0
2025-10-20 14:30:00,670.26,670.3,669.87,669.895,703920.0
2025-10-20 14:35:00,669.87,670.475,669.81,670.46,696525.0
2025-10-20 14:40:00,670.46,670.86,670.42,670.84,1173709.0
2025-10-20 14:45:00,670.83,671.27,670.805,671.25,846641.0
2025-10-20 14:50:00,671.25,671.34,671.04,671.3101,708940.0
2025-10-20 14:55:00,671.32,671.46,671.15,671.2101,976329.0
2025-10-20 15:00:00,671.22,671.25,670.82,670.96,706142.0
2025-10-20 15:05:00,670.96,671.06,670.77,670.86,484169.0
2025-10-20 15:10:00,670.87,670.97,670.31,670.31,673685.0
2025-10-20 15:15:00,670.31,670.81,670.26,670.7499,536995.0
2025-10-20 15:20:00,670.74,670.93,670.675,670.925,372810.0
2025-10-20 15:25:00,670.92,671.1,670.73,670.92,369952.0
2025-10-20 15:30:00,670.93,671.06,670.73,670.89,332476.0
2025-10-20 15:35:00,670.9,671.01,670.63,670.77,383352.0
2025-10-20 15:40:00,670.8,670.94,670.63,670.79,426123.0
2025-10-20 15:45:00,670.79,671.2,670.725,671.19,455288.0
2025-10-20 15:50:00,671.19,671.31,670.4,670.8,1302807.0
2025-10-20 15:55:00,670.78,670.81,670.16,670.55,649510.0
2025-10-20 16:00:00,670.58,670.68,670.33,670.59,1949789.0
2025-10-21 09:30:00,670.82,671.05,670.82,670.99,4948.0
2025-10-21 09:35:00,670.98,670.99,670.82,670.82,3643.0
2025-10-21 09:40:00,670.88,670.9,670.88,670.9,656.0
2025-10-21 09:45:00,671.02,671.16,671.02,671.07,2302.0
2025-10-21 09:50:00,671.0,671.0,671.0,671.0,436.0
2025-10-21 09:55:00,670.97,670.98,670.91,670.91,1904.0
2025-10-21 10:00:00,670.93,670.97,670.9,670.93,3495.0
2025-10-21 10:05:00,670.9,670.99,670.9,670.99,1641.0
2025-10-21 10:10:00,670.92,670.96,670.91,670.91,1242.0
2025-10-21 10:15:00,670.74,670.74,670.71,670.71,1424.0
2025-10-21 10:20:00,670.74,670.8,670.61,670.64,7076.0
2025-10-21 10:25:00,670.75,670.92,670.75,670.83,3985.0
2025-10-21 10:30:00,670.9,671.07,670.9,670.96,4093.0
2025-10-21 10:35:00,670.89,671.11,670.89,671.01,3421.0
2025-10-21 10:40:00,670.99,671.0,670.94,671.0,719.0
2025-10-21 10:45:00,670.99,670.99,670.99,670.99,517.0
2025-10-21 10:50:00,671.13,671.13,671.09,671.09,744.0
2025-10-21 10:55:00,671.13,671.19,671.13,671.15,4121.0
2025-10-21 11:00:00,671.15,671.18,671.05,671.08,11040.0
2025-10-21 11:05:00,671.22,671.34,671.13,671.17,9344.0
2025-10-21 11:10:00,671.15,671.55,671.15,671.48,11232.0
2025-10-21 11:15:00,671.48,671.65,671.45,671.52,16703.0
2025-10-21 11:20:00,671.52,671.63,671.52,671.63,1653.0
2025-10-21 11:25:00,671.58,671.68,671.58,671.68,3850.0
2025-10-21 11:30:00,671.65,671.67,671.3,671.55,62961.0
2025-10-21 11:35:00,671.54,671.55,671.32,671.54,20488.0
2025-10-21 11:40:00,671.54,671.66,671.44,671.46,26158.0
2025-10-21 11:45:00,671.47,671.69,671.47,671.62,8493.0
2025-10-21 11:50:00,671.6,671.64,671.4,671.43,6106.0
2025-10-21 11:55:00,671.59,671.8,671.51,671.7,12311.0
2025-10-21 12:00:00,671.04,671.824,670.5296,671.53,90983.0
2025-10-21 12:05:00,671.57,671.61,671.5,671.6,5530.0
2025-10-21 12:10:00,671.62,671.8,671.62,671.71,16432.0
2025-10-21 12:15:00,671.621,671.67,671.57,671.6301,6675.0
2025-10-21 12:20:00,671.62,671.8,671.62,671.775,7304.0
2025-10-21 12:25:00,671.82,671.82,671.62,671.72,8526.0
2025-10-21 12:30:00,671.7,671.73,671.37,671.37,29276.0
2025-10-21 12:35:00,671.3999,671.59,671.39,671.46,20354.0
2025-10-21 12:40:00,671.44,671.67,671.44,671.63,7249.0
2025-10-21 12:45:00,671.64,671.72,671.61,671.62,7098.0
2025-10-21 12:50:00,671.64,671.64,671.32,671.48,10026.0
2025-10-21 12:55:00,671.44,671.58,671.31,671.41,40315.0
2025-10-21 13:00:00,671.42,671.5878,671.41,671.46,10700.0
2025-10-21 13:05:00,671.46,671.49,670.94,671.1999,19662.0
2025-10-21 13:10:00,671.15,671.22,670.86,671.15,55227.0
2025-10-21 13:15:00,671.14,671.24,671.095,671.13,26154.0
2025-10-21 13:20:00,671.12,671.18,671.04,671.05,19264.0
2025-10-21 13:25:00,671.04,671.51,671.04,671.43,33596.0
2025-10-21 13:30:00,671.44,671.69,671.03,671.505,1742801.0
2025-10-21 13:35:00,671.52,671.78,671.41,671.63,807954.0
2025-10-21 13:40:00,671.64,671.69,670.695,671.15,913613.0
2025-10-21 13:45:00,671.15,671.19,670.36,670.775,1068297.0
2025-10-21 13:50:00,670.79,671.11,670.71,670.95,681263.0
2025-10-21 13:55:00,670.94,670.97,670.15,670.57,874882.0
2025-10-21 14:00:00,670.56,670.73,669.981,670.28,916550.0
2025-10-21 14:05:00,670.29,670.94,670.2,670.56,693977.0
2025-10-21 14:10:00,670.56,671.05,670.4,670.96,709491.0
2025-10-21 14:15:00,670.95,671.575,670.77,671.51,935371.0
2025-10-21 14:20:00,671.5,671.9,671.32,671.56,822410.0
2025-10-21 14:25:00,671.57,671.575,670.41,670.6,837384.0
2025-10-21 14:30:00,670.59,670.91,670.26,670.9,704339.0
2025-10-21 14:35:00,670.9,671.51,670.86,671.37,558957.0
2025-10-21 14:40:00,671.37,671.7499,671.15,671.305,610933.0
2025-10-21 14:45:00,671.3,671.77,671.0,671.64,618560.0
2025-10-21 14:50:00,671.625,672.1701,671.62,672.095,719874.0
2025-10-21 14:55:00,672.08,672.64,672.03,672.57,938922.0
2025-10-21 15:00:00,672.58,672.68,672.2,672.33,1836127.0
2025-10-21 15:05:00,672.34,672.57,672.26,672.46,591376.0
2025-10-21 15:10:00,672.46,672.7313,672.37,672.46,578057.0
2025-10-21 15:15:00,672.44,672.4401,671.535,672.039,1326699.0
2025-10-21 15:20:00,672.05,672.08,671.6701,671.84,495510.0
2025-10-21 15:25:00,671.85,672.05,671.7,671.9,484156.0
2025-10-21 15:30:00,671.9,672.21,671.89,672.0,482089.0
2025-10-21 15:35:00,672.01,672.05,671.4,671.76,438227.0
2025-10-21 15:40:00,671.77,672.115,671.74,671.9,432566.0
2025-10-21 15:45:00,671.91,672.515,671.89,672.3,673425.0
2025-10-21 15:50:00,672.31,672.49,672.23,672.28,553582.0
2025-10-21 15:55:00,672.29,672.365,672.06,672.28,520728.0
2025-10-21 16:00:00,672.27,672.655,672.14,672.44,690591.0
2025-10-22 09:30:00,671.62,671.62,671.62,671.62,667.0
2025-10-22 09:35:00,671.73,671.73,671.73,671.73,817.0
2025-10-22 09:40:00,671.71,671.71,671.71,671.71,867.0
2025-10-22 09:45:00,671.45,671.49,671.45,671.49,1583.0
2025-10-22 09:55:00,671.89,671.94,671.78,671.94,5281.0
2025-10-22 10:00:00,671.96,671.96,671.85,671.89,3072.0
2025-10-22 10:05:00,671.92,671.95,671.78,671.78,1646.0
2025-10-22 10:10:00,671.93,672.0,671.93,672.0,416.0
2025-10-22 10:15:00,672.04,672.15,672.04,672.04,1770.0
2025-10-22 10:20:00,671.94,672.2,671.94,672.11,4982.0
2025-10-22 10:25:00,672.14,672.14,672.13,672.13,769.0
2025-10-22 10:30:00,672.2,672.28,672.19,672.28,1780.0
2025-10-22 10:35:00,672.22,672.27,672.17,672.17,1691.0
2025-10-22 10:40:00,672.3,672.32,672.25,672.32,1594.0
2025-10-22 10:50:00,672.27,672.27,672.19,672.19,1690.0
2025-10-22 10:55:00,672.21,672.21,671.9,671.9,3638.0
2025-10-22 11:00:00,671.9,672.0,671.53,671.55,10130.0
2025-10-22 11:05:00,671.48,671.56,671.04,671.04,18128.0
2025-10-22 11:10:00,670.92,671.25,670.82,671.23,15048.0
2025-10-22 11:15:00,671.14,671.44,670.88,671.42,12918.0
2025-10-22 11:20:00,671.5,671.54,671.25,671.54,5281.0
2025-10-22 11:25:00,671.32,671.39,671.13,671.13,7852.0
2025-10-22 11:30:00,671.17,671.3,670.98,671.19,31380.0
2025-10-22 11:35:00,671.15,671.19,670.99,671.0,22679.0
2025-10-22 11:40:00,670.89,671.06,670.71,670.86,2476.0
2025-10-22 11:45:00,670.9,670.98,670.72,670.92,52541.0
2025-10-22 11:50:00,670.95,671.34,670.92,671.34,4581.0
2025-10-22 11:55:00,671.4,671.42,670.97,671.05,16344.0
2025-10-22 12:00:00,672.19,672.84,670.83,671.5,119062.0
2025-10-22 12:05:00,671.36,671.69,671.36,671.6301,5254.0
2025-10-22 12:10:00,671.5,671.9,671.5,671.88,28712.0
2025-10-22 12:15:00,671.8,671.96,671.7,671.88,76177.0
2025-10-22 12:20:00,671.9,671.93,671.75,671.75,4823.0
2025-10-22 12:25:00,671.7,671.79,671.6,671.73,3663.0
2025-10-22 12:30:00,671.75,672.07,671.57,671.85,30655.0
2025-10-22 12:35:00,671.8504,671.91,671.58,671.64,7573.0
2025-10-22 12:40:00,671.64,671.92,671.6,671.92,16867.0
2025-10-22 12:45:00,671.94,671.95,671.87,671.87,10181.0
2025-10-22 12:50:00,671.87,672.11,671.87,672.1,13016.0
2025-10-22 12:55:00,672.08,672.14,671.93,671.97,18495.0
2025-10-22 13:00:00,671.98,672.09,671.8004,671.83,12364.0
2025-10-22 13:05:00,671.8,671.95,671.77,671.89,12182.0
2025-10-22 13:10:00,671.9,672.2,671.9,672.14,24627.0
2025-10-22 13:15:00,672.13,672.27,672.11,672.2,13157.0
2025-10-22 13:20:00,672.21,672.21,672.04,672.09,20707.0
2025-10-22 13:25:00,672.05,672.05,671.88,671.95,78160.0
2025-10-22 13:30:00,672.0,672.0,670.585,670.69,1763758.0
2025-10-22 13:35:00,670.69,671.42,670.45,671.41,828353.0
2025-10-22 13:40:00,671.4,671.85,671.08,671.7848,702606.0
2025-10-22 13:45:00,671.76,671.83,670.975,671.3,849579.0
2025-10-22 13:50:00,671.28,671.75,671.0699,671.63,471015.0
2025-10-22 13:55:00,671.63,671.65,671.06,671.27,477303.0
2025-10-22 14:00:00,671.25,671.585,671.17,671.31,423400.0
2025-10-22 14:05:00,671.26,671.61,671.15,671.24,439483.0
2025-10-22 14:10:00,671.245,671.28,670.6902,670.75,591799.0
2025-10-22 14:15:00,670.74,671.33,670.4,671.1814,674475.0
2025-10-22 14:20:00,671.19,671.2,670.24,670.4248,995130.0
2025-10-22 14:25:00,670.44,670.74,669.32,669.43,1326519.0
2025-10-22 14:30:00,669.45,669.79,668.79,669.36,1524491.0
2025-10-22 14:35:00,669.37,669.7,668.84,669.05,991787.0
2025-10-22 14:40:00,669.06,669.54,668.5,668.56,895131.0
2025-10-22 14:45:00,668.57,668.96,668.09,668.87,1626968.0
2025-10-22 14:50:00,668.87,669.27,668.78,669.19,736431.0
2025-10-22 14:55:00,669.2,670.13,668.91,670.07,871818.0
2025-10-22 15:00:00,670.07,670.41,669.8,670.255,924274.0
2025-10-22 15:05:00,670.27,670.375,669.74,669.955,628489.0
2025-10-22 15:10:00,669.95,669.95,669.2256,669.5699,644752.0
2025-10-22 15:15:00,669.56,669.8,669.24,669.39,472911.0
2025-10-22 15:20:00,669.37,669.51,667.6,668.3156,1285588.0
2025-10-22 15:25:00,668.3,668.54,667.78,667.85,705599.0
2025-10-22 15:30:00,667.86,668.48,667.39,667.97,939987.0
2025-10-22 15:35:00,667.99,668.4,667.655,668.255,562019.0
2025-10-22 15:40:00,668.255,668.8356,668.04,668.59,527595.0
2025-10-22 15:45:00,668.58,669.3082,668.55,669.27,727007.0
2025-10-22 15:50:00,669.29,669.7,669.16,669.49,615185.0
2025-10-22 15:55:00,669.53,669.765,668.9,669.01,552522.0
2025-10-22 16:00:00,669.0,669.2,668.1,668.405,563251.0
2025-10-23 09:30:00,667.85,668.03,667.83,668.01,3354.0
2025-10-23 09:35:00,668.08,668.08,668.01,668.01,592.0
2025-10-23 09:40:00,667.96,667.96,667.84,667.91,1215.0
2025-10-23 09:45:00,667.9,667.9,667.61,667.86,3113.0
2025-10-23 09:50:00,667.99,668.09,667.99,668.08,983.0
2025-10-23 09:55:00,668.11,668.11,668.1,668.1,791.0
2025-10-23 10:00:00,668.19,668.35,668.1,668.1,7575.0
2025-10-23 10:05:00,668.2,668.27,668.19,668.27,2242.0
2025-10-23 10:10:00,668.17,668.2,668.17,668.2,1020.0
2025-10-23 10:15:00,668.36,668.41,668.36,668.39,1249.0
2025-10-23 10:20:00,668.27,668.28,668.27,668.28,1005.0
2025-10-23 10:25:00,668.17,668.35,668.17,668.25,1416.0
2025-10-23 10:30:00,668.29,668.29,668.24,668.24,746.0
2025-10-23 10:35:00,668.26,668.35,668.26,668.35,994.0
2025-10-23 10:40:00,668.34,668.34,668.23,668.23,525.0
2025-10-23 10:45:00,668.07,668.07,668.05,668.05,332.0
2025-10-23 10:50:00,668.09,668.09,668.09,668.09,829.0
2025-10-23 10:55:00,668.25,668.3,668.25,668.3,1428.0
2025-10-23 11:00:00,668.18,668.2,667.78,667.79,14507.0
2025-10-23 11:05:00,667.54,667.94,667.54,667.94,10869.0
2025-10-23 11:10:00,667.49,667.49,667.12,667.38,14864.0
2025-10-23 11:15:00,667.53,667.65,667.46,667.59,3488.0
2025-10-23 11:20:00,667.65,667.77,667.47,667.7,6825.0
2025-10-23 11:25:00,667.74,667.8,667.64,667.78,7792.0
2025-10-23 11:30:00,667.76,667.76,667.45,667.56,4636.0
2025-10-23 11:35:00,667.49,667.64,667.48,667.58,2726.0
2025-10-23 11:40:00,667.56,667.56,667.08,667.08,12027.0
2025-10-23 11:45:00,667.1,667.19,666.88,667.15,42861.0
2025-10-23 11:50:00,667.15,667.15,666.58,667.08,42715.0
2025-10-23 11:55:00,667.059,667.059,666.74,666.74,4398.0
2025-10-23 12:00:00,667.97,669.34,666.58,666.61,66687.0
2025-10-23 12:05:00,666.63,666.9,666.58,666.9,26075.0
2025-10-23 12:10:00,666.79,666.87,666.59,666.77,11172.0
2025-10-23 12:15:00,666.71,666.85,666.38,666.39,20561.0
2025-10-23 12:20:00,666.43,666.91,666.3,666.62,25861.0
2025-10-23 12:25:00,666.75,667.01,666.75,666.98,22750.0
2025-10-23 12:30:00,666.94,666.94,666.02,666.49,22641.0
2025-10-23 12:35:00,666.5,666.5,666.25,666.25,73532.0
2025-10-23 12:40:00,666.21,666.7,666.21,666.68,11423.0
2025-10-23 12:45:00,666.64,667.0,666.64,666.94,32161.0
2025-10-23 12:50:00,666.97,667.35,666.93,667.33,48626.0
2025-10-23 12:55:00,667.29,667.9,667.29,667.81,51192.0
2025-10-23 13:00:00,667.77,667.8,667.51,667.57,36878.0
2025-10-23 13:05:00,667.59,667.65,666.8,666.8,72721.0
2025-10-23 13:10:00,666.76,667.33,666.6,667.31,28054.0
2025-10-23 13:15:00,667.3,667.61,667.19,667.53,19020.0
2025-10-23 13:20:00,667.51,667.78,667.48,667.68,26087.0
2025-10-23 13:25:00,667.68,669.45,667.68,668.1,156195.0
2025-10-23 13:30:00,668.12,668.67,667.8,668.41,1365756.0
2025-10-23 13:35:00,668.41,669.2,668.1,668.98,925691.0
2025-10-23 13:40:00,668.99,669.535,668.78,669.535,994394.0
2025-10-23 13:45:00,669.53,670.29,669.4,670.26,1361653.0
2025-10-23 13:50:00,670.27,670.74,670.1,670.4,1479445.0
2025-10-23 13:55:00,670.4,670.5,669.69,669.96,979601.0
2025-10-23 14:00:00,670.0,670.37,669.66,669.93,800236.0
2025-10-23 14:05:00,669.93,669.995,669.35,669.39,700748.0
2025-10-23 14:10:00,669.41,669.4744,668.87,669.11,759703.0
2025-10-23 14:15:00,669.11,669.29,668.12,668.31,930320.0
2025-10-23 14:20:00,668.31,669.4799,668.16,669.46,1261176.0
2025-10-23 14:25:00,669.45,669.84,669.29,669.4,716867.0
2025-10-23 14:30:00,669.4,669.52,668.99,669.51,619255.0
2025-10-23 14:35:00,669.5,670.1399,669.44,670.01,607173.0
2025-10-23 14:40:00,670.01,670.1701,669.61,669.8112,506074.0
2025-10-23 14:45:00,669.82,670.39,669.33,670.35,847189.0
2025-10-23 14:50:00,670.34,670.36,669.67,669.705,517014.0
2025-10-23 14:55:00,669.7,670.23,669.4,670.205,457463.0
2025-10-23 15:00:00,670.21,670.3099,669.71,670.0,575096.0
2025-10-23 15:05:00,669.98,670.19,669.78,669.99,405851.0
2025-10-23 15:10:00,669.97,670.09,669.46,669.68,328089.0
2025-10-23 15:15:00,669.69,669.78,669.215,669.445,438147.0
2025-10-23 15:20:00,669.455,669.77,669.0913,669.7,516160.0
2025-10-23 15:25:00,669.69,670.22,669.54,670.04,359467.0
2025-10-23 15:30:00,670.03,670.53,670.03,670.1,562335.0
2025-10-23 15:35:00,670.11,670.18,669.38,669.72,392815.0
2025-10-23 15:40:00,669.71,669.88,668.73,668.93,401872.0
2025-10-23 15:45:00,668.915,669.73,668.795,669.7,362674.0
2025-10-23 15:50:00,669.71,670.36,669.5377,670.3101,357187.0
2025-10-23 15:55:00,670.31,670.72,670.12,670.25,866305.0
2025-10-23 16:00:00,670.26,670.5,670.14,670.5,337068.0
2025-10-24 09:30:00,674.06,674.11,674.04,674.11,2122.0
2025-10-24 09:35:00,674.15,674.3,674.11,674.3,5159.0
2025-10-24 09:40:00,674.28,674.34,674.17,674.17,3819.0
2025-10-24 09:45:00,674.18,674.19,674.03,674.08,4962.0
2025-10-24 09:50:00,673.98,674.04,673.98,674.0,2543.0
2025-10-24 09:55:00,674.0,674.01,673.88,673.91,4155.0
2025-10-24 10:00:00,673.9,673.9,673.85,673.87,1622.0
2025-10-24 10:05:00,673.8,674.05,673.75,674.02,9369.0
2025-10-24 10:10:00,674.03,674.16,674.03,674.14,2915.0
2025-10-24 10:15:00,674.17,674.23,674.17,674.23,4099.0
2025-10-24 10:20:00,674.16,674.16,673.87,673.93,2152.0
2025-10-24 10:25:00,673.87,673.96,673.87,673.91,2315.0
2025-10-24 10:30:00,673.96,674.09,673.94,674.09,4312.0
2025-10-24 10:35:00,674.02,674.02,673.97,674.01,1478.0
2025-10-24 10:40:00,673.94,673.94,673.86,673.86,9148.0
2025-10-24 10:45:00,673.83,673.98,673.83,673.97,6963.0
2025-10-24 10:50:00,673.93,673.93,673.81,673.81,6190.0
2025-10-24 10:55:00,673.84,673.84,673.74,673.74,1726.0
2025-10-24 11:00:00,673.78,673.87,673.78,673.87,5276.0
2025-10-24 11:05:00,673.93,673.94,673.83,673.92,5428.0
2025-10-24 11:10:00,674.0,674.07,673.98,674.07,9353.0
2025-10-24 11:15:00,674.021,674.06,673.85,673.88,31452.0
2025-10-24 11:20:00,673.87,673.87,673.72,673.81,11235.0
2025-10-24 11:25:00,673.8,673.9,673.8,673.9,1662.0
2025-10-24 11:30:00,673.84,673.84,673.74,673.74,3414.0
2025-10-24 11:35:00,673.74,673.92,673.74,673.9,4138.0
2025-10-24 11:40:00,673.92,674.05,673.88,673.88,6252.0
2025-10-24 11:45:00,674.0,674.0,673.95,674.0,3286.0
2025-10-24 11:50:00,674.0,674.22,673.98,674.22,6312.0
2025-10-24 11:55:00,674.24,674.38,674.09,674.18,12044.0
2025-10-24 12:00:00,673.7214,674.35,672.88,674.21,100623.0
2025-10-24 12:05:00,674.21,674.4,674.21,674.25,6310.0
2025-10-24 12:10:00,674.2184,674.24,674.01,674.04,15234.0
2025-10-24 12:15:00,674.03,674.06,673.9114,673.97,11998.0
2025-10-24 12:20:00,673.94,673.99,673.8818,673.9199,14169.0
2025-10-24 12:25:00,673.875,674.2,673.84,674.09,81859.0
2025-10-24 12:30:00,673.8,678.0,673.74,676.2,529902.0
2025-10-24 12:35:00,676.2,676.75,675.88,676.01,169742.0
2025-10-24 12:40:00,676.05,676.18,675.46,675.83,164682.0
2025-10-24 12:45:00,675.91,676.23,675.78,676.02,115405.0
2025-10-24 12:50:00,675.99,676.15,675.69,675.77,54999.0
2025-10-24 12:55:00,675.78,675.89,675.54,675.7,37683.0
2025-10-24 13:00:00,675.73,675.9899,675.68,675.95,37751.0
2025-10-24 13:05:00,675.93,676.12,675.91,676.06,57019.0
2025-10-24 13:10:00,676.07,676.23,671.76,676.09,48583.0
2025-10-24 13:15:00,676.09,676.22,675.96,676.05,75239.0
2025-10-24 13:20:00,676.12,676.64,676.09,676.49,83152.0
2025-10-24 13:25:00,676.5,676.55,676.28,676.4,95662.0
2025-10-24 13:30:00,676.46,676.83,675.65,676.8207,2133138.0
2025-10-24 13:35:00,676.82,677.75,676.79,677.145,1972059.0
2025-10-24 13:40:00,677.15,677.41,676.86,677.34,1104728.0
2025-10-24 13:45:00,677.25,677.79,676.83,676.96,1073433.0
2025-10-24 13:50:00,676.96,677.25,676.4948,676.95,1251630.0
2025-10-24 13:55:00,676.96,677.42,676.85,677.29,722241.0
2025-10-24 14:00:00,677.36,677.63,677.04,677.4,960527.0
2025-10-24 14:05:00,677.41,677.94,677.33,677.8,970733.0
2025-10-24 14:10:00,677.81,677.87,677.53,677.78,699342.0
2025-10-24 14:15:00,677.79,677.8,677.305,677.5,524367.0
2025-10-24 14:20:00,677.48,677.4901,676.92,677.28,773641.0
2025-10-24 14:25:00,677.27,677.28,676.7406,676.78,681669.0
2025-10-24 14:30:00,676.76,676.85,676.14,676.81,1062738.0
2025-10-24 14:35:00,676.8,677.14,676.31,677.06,611382.0
2025-10-24 14:40:00,677.04,677.65,677.02,677.5527,468998.0
2025-10-24 14:45:00,677.55,677.63,677.22,677.39,442712.0
2025-10-24 14:50:00,677.39,677.44,676.48,676.66,617416.0
2025-10-24 14:55:00,676.65,676.75,675.91,676.69,833763.0
2025-10-24 15:00:00,676.68,676.955,676.475,676.75,459059.0
2025-10-24 15:05:00,676.78,677.22,676.55,677.165,762998.0
2025-10-24 15:10:00,677.16,677.45,676.83,677.44,771962.0
2025-10-24 15:15:00,677.45,677.91,677.43,677.7,714395.0
2025-10-24 15:20:00,677.71,678.38,677.68,678.28,1789221.0
2025-10-24 15:25:00,678.295,678.33,678.04,678.15,588423.0
2025-10-24 15:30:00,678.19,678.42,678.0999,678.1,517918.0
2025-10-24 15:35:00,678.1,678.22,677.72,678.135,545028.0
2025-10-24 15:40:00,678.14,678.15,677.74,677.7877,517986.0
2025-10-24 15:45:00,677.79,678.09,677.47,677.95,795272.0
2025-10-24 15:50:00,677.95,678.24,677.9,677.99,409888.0
2025-10-24 15:55:00,678.0,678.02,677.63,677.945,399010.0
2025-10-24 16:00:00,677.92,678.29,677.905,678.17,401695.0
2025-10-27 09:30:00,682.39,682.63,682.39,682.6,13196.0
2025-10-27 09:35:00,682.67,682.76,682.62,682.76,2877.0
2025-10-27 09:40:00,682.65,682.89,682.65,682.88,2143.0
2025-10-27 09:45:00,682.97,683.11,682.97,683.11,2152.0
2025-10-27 09:50:00,683.06,683.06,682.98,683.0,1848.0
2025-10-27 09:55:00,683.14,683.14,683.05,683.06,3058.0
2025-10-27 10:00:00,683.12,683.15,682.96,682.99,5207.0
2025-10-27 10:05:00,682.99,683.05,682.98,683.05,5856.0
2025-10-27 10:10:00,682.9,683.0,682.87,683.0,1598.0
2025-10-27 10:15:00,683.05,683.05,682.94,682.97,1782.0
2025-10-27 10:20:00,683.02,683.07,683.02,683.07,2827.0
2025-10-27 10:25:00,683.07,683.11,683.07,683.09,3001.0
2025-10-27 10:30:00,683.0,683.15,683.0,683.15,10969.0
2025-10-27 10:35:00,683.2,683.21,683.04,683.06,95922.0
2025-10-27 10:40:00,683.01,683.09,682.95,683.04,156726.0
2025-10-27 10:45:00,683.09,683.13,683.07,683.11,27596.0
2025-10-27 10:50:00,683.1,683.19,683.07,683.07,15397.0
2025-10-27 10:55:00,683.09,683.15,683.03,683.04,2756.0
2025-10-27 11:00:00,683.06,683.2,682.96,683.16,26442.0
2025-10-27 11:05:00,683.17,683.24,683.12,683.16,14086.0
2025-10-27 11:10:00,683.06,683.07,682.83,682.89,3918.0
2025-10-27 11:15:00,682.86,682.98,682.77,682.82,25085.0
2025-10-27 11:20:00,682.8,682.91,682.8,682.88,3657.0
2025-10-27 11:25:00,682.9,682.92,682.83,682.83,12236.0
2025-10-27 11:30:00,682.79,682.86,682.6,682.6,14109.0
2025-10-27 11:35:00,682.66,682.66,682.49,682.53,31196.0
2025-10-27 11:40:00,682.61,682.61,682.48,682.53,32203.0
2025-10-27 11:45:00,682.51,682.51,682.42,682.43,5748.0
2025-10-27 11:50:00,682.39,682.45,682.32,682.41,17067.0
2025-10-27 11:55:00,682.41,682.51,682.41,682.41,24875.0
2025-10-27 12:00:00,682.65,683.2201,682.16,682.5982,162491.0
2025-10-27 12:05:00,682.6,682.68,682.45,682.66,34805.0
2025-10-27 12:10:00,682.68,682.8999,682.68,682.81,31765.0
2025-10-27 12:15:00,682.79,682.79,682.6101,682.7,13891.0
2025-10-27 12:20:00,682.71,682.78,682.64,682.78,36359.0
2025-10-27 12:25:00,682.64,682.69,682.59,682.62,16555.0
2025-10-27 12:30:00,682.689,682.69,682.46,682.52,17724.0
2025-10-27 12:35:00,682.62,682.71,682.6,682.66,62531.0
2025-10-27 12:40:00,682.68,682.71,682.51,682.67,14070.0
2025-10-27 12:45:00,682.67,682.7897,682.66,682.75,12900.0
2025-10-27 12:50:00,682.78,682.83,682.72,682.72,11372.0
2025-10-27 12:55:00,682.7,682.7579,682.65,682.71,12753.0
2025-10-27 13:00:00,682.67,682.86,682.65,682.85,23336.0
2025-10-27 13:05:00,682.88,682.93,682.83,682.86,22148.0
2025-10-27 13:10:00,682.8899,682.94,682.7,682.7,20740.0
2025-10-27 13:15:00,682.73,682.81,682.59,682.61,55499.0
2025-10-27 13:20:00,682.6,682.72,682.48,682.69,43789.0
2025-10-27 13:25:00,682.64,683.09,682.63,682.73,114715.0
2025-10-27 13:30:00,682.73,683.19,682.56,682.68,2412200.0
2025-10-27 13:35:00,682.69,682.89,682.115,682.835,1549275.0
2025-10-27 13:40:00,682.81,682.865,682.28,682.75,1105723.0
2025-10-27 13:45:00,682.76,682.9,682.48,682.6,805288.0
2025-10-27 13:50:00,682.61,683.0,682.33,682.955,819824.0
2025-10-27 13:55:00,682.975,683.23,682.7488,683.08,801548.0
2025-10-27 14:00:00,683.09,683.61,682.91,683.365,1200491.0
2025-10-27 14:05:00,683.36,683.6,683.355,683.395,844229.0
2025-10-27 14:10:00,683.4,683.41,683.02,683.23,661384.0
2025-10-27 14:15:00,683.24,683.27,682.53,682.5599,842647.0
2025-10-27 14:20:00,682.535,682.8,682.4,682.705,797606.0
2025-10-27 14:25:00,682.7,683.0607,682.515,683.03,1104991.0
2025-10-27 14:30:00,683.03,683.13,682.76,683.06,644649.0
2025-10-27 14:35:00,683.06,683.33,683.04,683.08,601890.0
2025-10-27 14:40:00,683.08,683.335,683.015,683.32,591152.0
2025-10-27 14:45:00,683.34,683.36,682.98,683.1,465794.0
2025-10-27 14:50:00,683.095,683.11,682.57,682.76,521443.0
2025-10-27 14:55:00,682.74,682.98,682.595,682.69,498255.0
2025-10-27 15:00:00,682.69,682.92,682.6101,682.78,601298.0
2025-10-27 15:05:00,682.78,682.85,682.55,682.62,318196.0
2025-10-27 15:10:00,682.62,683.05,682.62,683.04,516661.0
2025-10-27 15:15:00,683.04,683.1,682.865,682.99,510102.0
2025-10-27 15:20:00,682.9959,683.14,682.875,683.14,469448.0
2025-10-27 15:25:00,683.1301,683.37,683.1301,683.36,561841.0
2025-10-27 15:30:00,683.36,683.53,683.33,683.445,653898.0
2025-10-27 15:35:00,683.45,683.48,683.26,683.44,429192.0
2025-10-27 15:40:00,683.435,683.6,683.43,683.56,382251.0
2025-10-27 15:45:00,683.57,683.575,683.305,683.39,389435.0
2025-10-27 15:50:00,683.39,683.39,683.2,683.25,403138.0
2025-10-27 15:55:00,683.245,683.465,683.2,683.42,384600.0
2025-10-27 16:00:00,683.4124,683.71,683.39,683.705,495823.0
2025-10-28 09:30:00,685.03,685.03,684.98,685.0,1345.0
2025-10-28 09:35:00,684.99,685.01,684.94,684.94,774.0
2025-10-28 09:40:00,684.95,685.02,684.95,685.0,1000.0
2025-10-28 09:45:00,685.03,685.07,685.03,685.04,1660.0
2025-10-28 09:50:00,684.99,685.06,684.99,685.06,2806.0
2025-10-28 09:55:00,685.07,685.29,685.07,685.27,6505.0
2025-10-28 10:00:00,685.25,685.37,685.24,685.27,5914.0
2025-10-28 10:05:00,685.27,685.33,685.2,685.31,18820.0
2025-10-28 10:10:00,685.3,685.35,685.24,685.29,19222.0
2025-10-28 10:15:00,685.32,685.5,685.32,685.5,16491.0
2025-10-28 10:20:00,685.44,685.48,685.36,685.48,3022.0
2025-10-28 10:25:00,685.5,685.55,685.42,685.42,4587.0
2025-10-28 10:30:00,685.42,685.48,685.42,685.42,926.0
2025-10-28 10:35:00,685.32,685.32,685.26,685.31,842.0
2025-10-28 10:40:00,685.34,685.35,685.31,685.31,1068.0
2025-10-28 10:45:00,685.29,685.29,685.18,685.18,1155.0
2025-10-28 10:50:00,685.25,685.25,685.25,685.25,511.0
2025-10-28 10:55:00,685.21,685.29,685.18,685.28,4929.0
2025-10-28 11:00:00,685.28,685.38,685.28,685.29,7523.0
2025-10-28 11:05:00,685.3,685.44,685.3,685.36,3219.0
2025-10-28 11:10:00,685.34,685.43,685.34,685.43,760.0
2025-10-28 11:15:00,685.36,685.55,685.2,685.46,22130.0
2025-10-28 11:20:00,685.41,685.65,685.41,685.64,4648.0
2025-10-28 11:25:00,685.61,685.7,685.58,685.61,7647.0
2025-10-28 11:30:00,685.6,685.68,685.57,685.62,3544.0
2025-10-28 11:35:00,685.65,685.78,685.64,685.74,4422.0
2025-10-28 11:40:00,685.68,685.83,685.68,685.829,3356.0
2025-10-28 11:45:00,685.8,685.84,685.8,685.84,5509.0
2025-10-28 11:50:00,685.85,685.9,685.8,685.8,8061.0
2025-10-28 11:55:00,685.81,685.869,685.6,685.83,36169.0
2025-10-28 12:00:00,685.28,685.88,684.72,685.7,53184.0
2025-10-28 12:05:00,685.75,685.9,685.73,685.78,30713.0
2025-10-28 12:10:00,685.91,686.02,685.89,685.95,21782.0
2025-10-28 12:15:00,686.0,686.33,685.9306,686.29,45460.0
2025-10-28 12:20:00,686.26,686.31,686.18,686.21,19771.0
2025-10-28 12:25:00,686.24,686.25,686.17,686.24,9776.0
2025-10-28 12:30:00,686.17,686.279,686.0,686.07,22246.0
2025-10-28 12:35:00,686.1398,686.14,686.01,686.09,20986.0
2025-10-28 12:40:00,686.11,686.22,686.07,686.07,14409.0
2025-10-28 12:45:00,686.021,686.15,686.02,686.049,5408.0
2025-10-28 12:50:00,686.01,686.08,685.99,686.04,13773.0
2025-10-28 12:55:00,686.04,686.11,686.04,686.09,2938.0
2025-10-28 13:00:00,686.1309,686.95,686.12,686.95,102169.0
2025-10-28 13:05:00,686.931,687.0999,686.82,687.07,100847.0
2025-10-28 13:10:00,687.06,687.2,687.0,687.11,44634.0
2025-10-28 13:15:00,687.18,687.23,686.84,686.84,29774.0
2025-10-28 13:20:00,686.85,687.1,686.85,687.06,19041.0
2025-10-28 13:25:00,687.04,687.12,686.96,687.07,59554.0
2025-10-28 13:30:00,687.05,687.225,686.66,686.8,1919866.0
2025-10-28 13:35:00,686.8,686.83,686.12,686.175,1413733.0
2025-10-28 13:40:00,686.18,686.29,685.86,685.98,942465.0
2025-10-28 13:45:00,685.98,686.0335,685.18,685.665,1079437.0
2025-10-28 13:50:00,685.67,685.69,685.12,685.34,1057664.0
2025-10-28 13:55:00,685.34,686.38,685.29,685.6201,1267406.0
2025-10-28 14:00:00,685.71,685.9301,685.52,685.92,525211.0
2025-10-28 14:05:00,685.92,685.96,685.5,685.8,548566.0
2025-10-28 14:10:00,685.81,685.94,685.66,685.805,563409.0
2025-10-28 14:15:00,685.8,685.94,685.68,685.765,517066.0
2025-10-28 14:20:00,685.79,686.11,685.68,685.9,481309.0
2025-10-28 14:25:00,685.9,686.1582,685.71,686.13,516920.0
2025-10-28 14:30:00,686.12,686.2,685.8,686.025,658219.0
2025-10-28 14:35:00,686.03,686.37,685.93,685.96,691939.0
2025-10-28 14:40:00,685.97,686.02,685.715,685.89,473785.0
2025-10-28 14:45:00,685.9,686.2,685.59,686.105,564324.0
2025-10-28 14:50:00,686.1,686.21,685.881,686.05,407281.0
2025-10-28 14:55:00,686.045,686.115,685.685,685.85,627658.0
2025-10-28 15:00:00,685.86,686.1,685.79,685.835,413721.0
2025-10-28 15:05:00,685.83,686.21,685.78,686.125,402620.0
2025-10-28 15:10:00,686.105,686.12,685.6651,685.82,293615.0
2025-10-28 15:15:00,685.83,685.987,685.76,685.86,1312006.0
2025-10-28 15:20:00,685.87,685.88,685.51,685.6,332117.0
2025-10-28 15:25:00,685.59,685.69,685.37,685.53,375069.0
2025-10-28 15:30:00,685.52,685.53,685.16,685.17,405685.0
2025-10-28 15:35:00,685.18,685.495,684.83,685.47,734213.0
2025-10-28 15:40:00,685.48,685.4944,685.03,685.12,430715.0
2025-10-28 15:45:00,685.125,685.35,685.0,685.255,440849.0
2025-10-28 15:50:00,685.25,685.46,685.25,685.415,389809.0
2025-10-28 15:55:00,685.42,685.61,685.32,685.58,306170.0
2025-10-28 16:00:00,685.58,685.895,685.58,685.7,465757.0
2025-10-29 09:30:00,687.84,687.9,687.76,687.76,5803.0
2025-10-29 09:35:00,687.77,687.77,687.77,687.77,327.0
2025-10-29 09:40:00,687.95,688.05,687.91,688.05,3341.0
2025-10-29 09:45:00,687.95,688.1,687.94,687.94,6288.0
2025-10-29 09:50:00,688.09,688.11,688.07,688.11,8471.0
2025-10-29 09:55:00,688.06,688.15,688.06,688.14,20889.0
2025-10-29 10:00:00,688.11,688.15,688.0,688.15,4435.0
2025-10-29 10:05:00,688.08,688.35,688.08,688.3,3275.0
2025-10-29 10:10:00,688.13,688.32,688.13,688.32,2527.0
2025-10-29 10:15:00,688.27,688.43,688.27,688.43,3193.0
2025-10-29 10:20:00,688.52,688.55,688.51,688.53,2101.0
2025-10-29 10:25:00,688.55,688.61,688.46,688.53,4980.0
2025-10-29 10:30:00,688.53,688.65,688.42,688.52,5217.0
2025-10-29 10:35:00,688.54,688.61,688.46,688.46,3542.0
2025-10-29 10:40:00,688.46,688.51,688.4,688.47,6570.0
2025-10-29 10:45:00,688.52,689.0,688.49,688.58,20349.0
2025-10-29 10:50:00,688.59,688.74,688.59,688.74,5077.0
2025-10-29 10:55:00,688.74,688.74,688.44,688.44,3582.0
2025-10-29 11:00:00,688.41,688.53,688.3,688.53,8278.0
2025-10-29 11:05:00,688.51,688.84,688.51,688.82,16593.0
2025-10-29 11:10:00,688.86,688.9,688.81,688.9,3367.0
2025-10-29 11:15:00,688.96,689.01,688.82,688.97,7549.0
2025-10-29 11:20:00,689.02,689.09,688.8,689.04,5944.0
2025-10-29 11:25:00,689.13,689.22,689.07,689.2,10329.0
2025-10-29 11:30:00,689.16,689.3,689.11,689.27,13986.0
2025-10-29 11:35:00,689.33,689.41,689.28,689.38,12241.0
2025-10-29 11:40:00,689.37,689.37,689.2,689.29,41603.0
2025-10-29 11:45:00,689.3,689.34,689.26,689.26,56490.0
2025-10-29 11:50:00,689.16,689.16,689.05,689.06,9857.0
2025-10-29 11:55:00,689.02,689.02,688.82,688.83,40568.0
2025-10-29 12:00:00,688.83,689.43,687.8,688.82,48527.0
2025-10-29 12:05:00,688.9,689.0,688.79,689.0,7452.0
2025-10-29 12:10:00,689.07,689.08,688.89,688.92,5790.0
2025-10-29 12:15:00,688.96,689.11,688.93,688.95,48120.0
2025-10-29 12:20:00,688.8981,688.8981,688.7,688.74,9604.0
2025-10-29 12:25:00,688.77,688.77,688.56,688.56,25211.0
2025-10-29 12:30:00,688.7,688.705,688.49,688.53,41186.0
2025-10-29 12:35:00,688.52,688.56,688.34,688.49,13985.0
2025-10-29 12:40:00,688.49,688.49,688.3,688.3749,6244.0
2025-10-29 12:45:00,688.37,688.64,688.37,688.61,10608.0
2025-10-29 12:50:00,688.65,688.82,688.61,688.74,20866.0
2025-10-29 12:55:00,688.75,688.77,688.67,688.72,29096.0
2025-10-29 13:00:00,688.77,688.8856,688.6703,688.79,15129.0
2025-10-29 13:05:00,688.8,688.98,688.8,688.86,17486.0
2025-10-29 13:10:00,688.85,688.9,688.77,688.9,45175.0
2025-10-29 13:15:00,688.8668,689.0086,688.83,688.95,19492.0
2025-10-29 13:20:00,688.91,688.98,688.79,688.79,27124.0
2025-10-29 13:25:00,688.81,688.97,688.7,688.71,72796.0
2025-10-29 13:30:00,688.72,688.94,688.15,688.83,2024125.0
2025-10-29 13:35:00,688.84,689.08,688.66,688.87,1335879.0
2025-10-29 13:40:00,688.88,689.26,688.66,689.23,1082929.0
2025-10-29 13:45:00,689.24,689.36,688.72,688.9201,1401283.0
2025-10-29 13:50:00,688.92,689.4,688.71,689.29,1120144.0
2025-10-29 13:55:00,689.29,689.69,689.2223,689.57,1015297.0
2025-10-29 14:00:00,689.59,689.7,689.09,689.1851,817568.0
2025-10-29 14:05:00,689.18,689.19,688.68,688.85,942649.0
2025-10-29 14:10:00,688.84,689.055,688.45,688.79,1041511.0
2025-10-29 14:15:00,688.79,688.896,688.53,688.71,658938.0
2025-10-29 14:20:00,688.72,689.05,688.575,688.87,710649.0
2025-10-29 14:25:00,688.85,689.01,688.64,688.98,780066.0
2025-10-29 14:30:00,688.98,689.1101,688.74,688.86,777903.0
2025-10-29 14:35:00,688.88,688.975,688.66,688.76,755347.0
2025-10-29 14:40:00,688.76,688.81,688.19,688.28,998103.0
2025-10-29 14:45:00,688.29,688.54,688.09,688.12,884313.0
2025-10-29 14:50:00,688.12,688.6,687.81,688.465,1139476.0
2025-10-29 14:55:00,688.47,688.49,688.285,688.35,850972.0
2025-10-29 15:00:00,688.36,688.49,688.05,688.0572,898612.0
2025-10-29 15:05:00,688.05,688.54,688.05,688.37,1607678.0
2025-10-29 15:10:00,688.39,688.44,688.08,688.37,783321.0
2025-10-29 15:15:00,688.36,688.57,688.11,688.55,787876.0
2025-10-29 15:20:00,688.54,688.77,688.43,688.705,758128.0
2025-10-29 15:25:00,688.705,688.8196,688.31,688.31,921098.0
2025-10-29 15:30:00,688.32,688.37,688.07,688.1,641916.0
2025-10-29 15:35:00,688.09,688.3,687.89,688.23,754855.0
2025-10-29 15:40:00,688.23,688.38,688.11,688.22,621560.0
2025-10-29 15:45:00,688.2199,688.33,687.84,688.305,1974430.0
2025-10-29 15:50:00,688.31,688.36,688.03,688.32,433197.0
2025-10-29 15:55:00,688.33,688.33,687.9,688.05,427652.0
2025-10-29 16:00:00,688.04,688.06,687.59,687.62,504948.0
2025-10-30 09:30:00,686.3,686.3,686.1,686.1,1497.0
2025-10-30 09:35:00,686.16,686.16,685.81,685.84,7486.0
2025-10-30 09:40:00,685.72,685.72,685.48,685.61,1727.0
2025-10-30 09:45:00,685.6,685.61,685.25,685.28,8025.0
2025-10-30 09:50:00,685.22,685.4,685.22,685.34,3568.0
2025-10-30 09:55:00,685.46,685.61,685.46,685.56,3965.0
2025-10-30 10:00:00,685.5,685.69,685.31,685.68,19419.0
2025-10-30 10:05:00,685.63,685.63,685.58,685.63,1706.0
2025-10-30 10:10:00,685.83,685.9,685.71,685.71,2452.0
2025-10-30 10:15:00,685.89,685.89,685.62,685.64,2362.0
2025-10-30 10:20:00,685.78,685.85,685.67,685.85,3181.0
2025-10-30 10:25:00,685.93,685.93,685.88,685.92,927.0
2025-10-30 10:30:00,685.87,686.18,685.87,686.0,1864.0
2025-10-30 10:35:00,686.05,686.05,686.05,686.05,353.0
2025-10-30 10:40:00,685.77,686.12,685.77,685.96,1708.0
2025-10-30 10:45:00,686.15,686.38,686.06,686.12,22227.0
2025-10-30 10:50:00,686.09,686.57,686.09,686.43,12488.0
2025-10-30 10:55:00,686.37,686.51,686.34,686.4,16359.0
2025-10-30 11:00:00,686.38,686.64,686.3,686.64,4125.0
2025-10-30 11:05:00,686.56,686.76,686.54,686.589,3331.0
2025-10-30 11:10:00,686.61,686.76,686.49,686.75,4698.0
2025-10-30 11:15:00,686.79,687.1,686.78,687.1,9625.0
2025-10-30 11:20:00,687.1,687.35,686.97,687.35,10196.0
2025-10-30 11:25:00,687.37,687.45,687.21,687.38,12447.0
2025-10-30 11:30:00,687.38,687.38,687.0,687.21,10250.0
2025-10-30 11:35:00,687.29,687.45,687.16,687.32,6306.0
2025-10-30 11:40:00,687.33,687.5,687.33,687.44,6281.0
2025-10-30 11:45:00,687.49,687.49,687.05,687.05,16775.0
2025-10-30 11:50:00,687.0,687.14,686.78,686.88,8320.0
2025-10-30 11:55:00,686.89,687.04,686.73,686.76,11901.0
2025-10-30 12:00:00,686.34,689.0,685.0,686.77,151911.0
2025-10-30 12:05:00,686.82,687.01,686.35,686.4762,16741.0
2025-10-30 12:10:00,686.53,686.53,685.55,685.66,84679.0
2025-10-30 12:15:00,685.6,685.86,685.23,685.78,83376.0
2025-10-30 12:20:00,685.8,686.02,685.34,685.5399,29586.0
2025-10-30 12:25:00,685.47,685.47,684.47,684.7,59471.0
2025-10-30 12:30:00,684.74,685.2,684.4,685.11,95180.0
2025-10-30 12:35:00,685.18,685.2937,684.82,684.92,51592.0
2025-10-30 12:40:00,685.01,685.01,684.2,684.47,59930.0
2025-10-30 12:45:00,684.37,684.7,684.26,684.41,44494.0
2025-10-30 12:50:00,684.45,684.45,684.0,684.08,74787.0
2025-10-30 12:55:00,684.0,684.35,683.69,683.76,84900.0
2025-10-30 13:00:00,683.7,684.11,683.43,683.54,65871.0
2025-10-30 13:05:00,683.56,684.17,683.52,683.94,111052.0
2025-10-30 13:10:00,683.94,684.4626,683.88,684.2237,60196.0
2025-10-30 13:15:00,684.16,684.16,683.66,684.0,37903.0
2025-10-30 13:20:00,683.97,684.12,683.85,683.98,35974.0
2025-10-30 13:25:00,683.99,684.09,683.4,683.91,77350.0
2025-10-30 13:30:00,683.9,683.91,683.06,683.2,2384109.0
2025-10-30 13:35:00,683.19,683.2199,681.39,681.87,2242950.0
2025-10-30 13:40:00,681.86,682.77,681.46,682.43,1872673.0
2025-10-30 13:45:00,682.42,684.36,682.22,683.97,1602899.0
2025-10-30 13:50:00,683.97,685.64,683.93,685.34,1644542.0
2025-10-30 13:55:00,685.35,685.46,684.67,685.005,1180207.0
2025-10-30 14:00:00,685.005,685.94,684.24,684.41,1664048.0
2025-10-30 14:05:00,684.4,685.56,684.35,684.54,970913.0
2025-10-30 14:10:00,684.55,684.96,683.83,684.815,1035917.0
2025-10-30 14:15:00,684.84,684.88,683.69,683.8499,945247.0
2025-10-30 14:20:00,683.84,684.67,683.25,683.67,1050238.0
2025-10-30 14:25:00,683.65,684.08,683.29,683.47,655492.0
2025-10-30 14:30:00,683.46,684.5698,683.41,684.43,764888.0
2025-10-30 14:35:00,684.41,684.81,683.93,684.41,611487.0
2025-10-30 14:40:00,684.45,685.72,684.45,685.2401,719405.0
2025-10-30 14:45:00,685.24,685.44,684.44,684.7097,694184.0
2025-10-30 14:50:00,684.72,684.87,683.64,684.03,599370.0
2025-10-30 14:55:00,684.0,684.62,683.69,684.41,718252.0
2025-10-30 15:00:00,684.41,685.06,684.4,684.93,473951.0
2025-10-30 15:05:00,684.92,685.13,684.47,685.02,654364.0
2025-10-30 15:10:00,685.02,685.34,684.89,685.29,390947.0
2025-10-30 15:15:00,685.29,685.33,684.81,685.24,426798.0
2025-10-30 15:20:00,685.25,685.53,685.03,685.19,410674.0
2025-10-30 15:25:00,685.21,685.23,684.68,684.8,348750.0
2025-10-30 15:30:00,684.8,684.91,684.215,684.385,519997.0
2025-10-30 15:35:00,684.38,684.45,683.58,683.725,526232.0
2025-10-30 15:40:00,683.71,683.725,683.15,683.56,826742.0
2025-10-30 15:45:00,683.55,683.77,683.01,683.34,845515.0
2025-10-30 15:50:00,683.34,683.58,683.2346,683.52,396408.0
2025-10-30 15:55:00,683.52,684.03,683.305,683.38,604134.0
2025-10-30 16:00:00,683.4,684.185,683.22,684.115,524163.0
2025-10-31 09:30:00,685.05,685.13,685.03,685.03,9289.0
2025-10-31 09:35:00,684.97,685.06,684.88,684.88,3874.0
2025-10-31 09:40:00,684.81,684.85,684.75,684.84,5992.0
2025-10-31 09:45:00,684.78,684.9,684.77,684.8,2795.0
2025-10-31 09:50:00,684.99,685.0,684.91,684.93,2217.0
2025-10-31 09:55:00,684.91,684.91,684.78,684.81,3397.0
2025-10-31 10:00:00,684.81,684.87,684.77,684.87,2213.0
2025-10-31 10:05:00,684.75,684.75,684.7,684.73,1156.0
2025-10-31 10:10:00,684.8,684.8,684.8,684.8,335.0
2025-10-31 10:15:00,684.71,684.71,684.41,684.49,8749.0
2025-10-31 10:20:00,684.46,684.66,684.46,684.52,13315.0
2025-10-31 10:25:00,684.5,684.51,684.18,684.33,5125.0
2025-10-31 10:30:00,684.7,684.7,684.4,684.46,4310.0
2025-10-31 10:35:00,684.48,684.63,684.43,684.63,993.0
2025-10-31 10:40:00,684.74,684.78,684.73,684.73,4273.0
2025-10-31 10:45:00,684.76,684.76,684.68,684.72,2754.0
2025-10-31 10:50:00,684.85,684.87,684.85,684.87,1563.0
2025-10-31 10:55:00,684.74,684.75,684.66,684.66,3230.0
2025-10-31 11:00:00,684.66,684.97,684.36,684.53,27852.0
2025-10-31 11:05:00,684.76,684.93,684.69,684.92,7098.0
2025-10-31 11:10:00,684.93,684.98,684.84,684.88,13259.0
2025-10-31 11:15:00,684.89,684.95,684.74,684.78,91258.0
2025-10-31 11:20:00,684.89,685.21,684.78,685.11,54208.0
2025-10-31 11:25:00,685.17,685.32,685.17,685.27,46845.0
2025-10-31 11:30:00,685.28,685.34,685.11,685.17,35085.0
2025-10-31 11:35:00,685.17,685.2,685.04,685.11,25773.0
2025-10-31 11:40:00,685.16,685.29,685.09,685.29,13157.0
2025-10-31 11:45:00,685.33,685.49,685.33,685.45,6949.0
2025-10-31 11:50:00,685.48,685.9,685.48,685.69,62881.0
2025-10-31 11:55:00,685.66,685.66,685.46,685.54,52296.0
2025-10-31 12:00:00,684.74,685.9,684.25,685.68,69522.0
2025-10-31 12:05:00,685.67,685.98,685.66,685.97,13023.0
2025-10-31 12:10:00,685.96,686.11,685.96,686.1,59220.0
2025-10-31 12:15:00,686.1,686.6,686.08,686.56,82023.0
2025-10-31 12:20:00,686.53,686.55,686.3702,686.55,50275.0
2025-10-31 12:25:00,686.58,686.58,686.31,686.3882,37486.0
2025-10-31 12:30:00,686.3,686.43,685.93,686.12,42608.0
2025-10-31 12:35:00,686.2,686.24,685.0,685.65,212034.0
2025-10-31 12:40:00,685.58,685.58,685.0,685.24,133111.0
2025-10-31 12:45:00,685.23,685.521,685.13,685.34,47331.0
2025-10-31 12:50:00,685.35,685.83,685.32,685.73,40807.0
2025-10-31 12:55:00,685.72,685.72,685.22,685.39,84516.0
2025-10-31 13:00:00,685.36,685.41,685.19,685.2897,47856.0
2025-10-31 13:05:00,685.29,685.32,684.91,684.94,50862.0
2025-10-31 13:10:00,685.02,685.33,684.9,685.29,28578.0
2025-10-31 13:15:00,685.32,685.33,685.13,685.1399,11411.0
2025-10-31 13:20:00,685.11,685.22,684.97,685.0,18699.0
2025-10-31 13:25:00,685.02,685.09,684.77,685.0,99874.0
2025-10-31 13:30:00,685.04,685.08,683.99,684.16,2074915.0
2025-10-31 13:35:00,684.16,684.63,684.05,684.244,1316649.0
2025-10-31 13:40:00,684.24,684.26,683.0,683.295,1372462.0
2025-10-31 13:45:00,683.27,683.66,682.865,683.43,1043180.0
2025-10-31 13:50:00,683.42,684.21,683.2799,683.62,1113256.0
2025-10-31 13:55:00,683.6112,683.69,683.0,683.47,777298.0
2025-10-31 14:00:00,683.46,683.64,682.61,682.63,946015.0
2025-10-31 14:05:00,682.62,683.49,682.57,683.03,796616.0
2025-10-31 14:10:00,683.025,683.42,682.67,682.76,760240.0
2025-10-31 14:15:00,682.76,683.48,682.69,683.34,739335.0
2025-10-31 14:20:00,683.33,683.39,682.21,683.1,1063238.0
2025-10-31 14:25:00,683.09,683.42,683.02,683.25,613806.0
2025-10-31 14:30:00,683.24,683.775,683.09,683.56,779686.0
2025-10-31 14:35:00,683.5801,684.01,683.53,683.905,541712.0
2025-10-31 14:40:00,683.915,684.49,683.73,684.36,773181.0
2025-10-31 14:45:00,684.36,684.75,684.33,684.36,575537.0
2025-10-31 14:50:00,684.365,684.58,684.21,684.42,517283.0
2025-10-31 14:55:00,684.41,684.52,684.16,684.47,437479.0
2025-10-31 15:00:00,684.45,684.67,684.16,684.26,449930.0
2025-10-31 15:05:00,684.285,684.3756,683.94,684.165,521687.0
2025-10-31 15:10:00,684.155,684.39,683.96,684.225,517364.0
2025-10-31 15:15:00,684.24,684.745,684.215,684.705,477479.0
2025-10-31 15:20:00,684.7099,684.71,684.215,684.3,542592.0
2025-10-31 15:25:00,684.29,684.29,683.61,683.74,615054.0
2025-10-31 15:30:00,683.75,684.18,683.6,683.89,684251.0
2025-10-31 15:35:00,683.885,683.89,682.91,683.035,666242.0
2025-10-31 15:40:00,683.025,683.44,682.37,683.41,1083650.0
2025-10-31 15:45:00,683.41,684.14,682.34,682.51,1456122.0
2025-10-31 15:50:00,682.52,683.04,682.21,682.68,809635.0
2025-10-31 15:55:00,682.65,682.66,682.1,682.19,555083.0
2025-10-31 16:00:00,682.19,682.21,681.54,681.96,1003824.0
