timestamp,Open,High,Low,Close,Volume
2025-05-06 09:30:00,81.05,81.05,81.05,81.05,185.0
2025-05-06 09:35:00,81.13,81.13,81.13,81.13,448.0
2025-05-06 09:40:00,81.15,81.15,81.15,81.15,502.0
2025-05-06 09:55:00,81.15,81.15,81.15,81.15,250.0
2025-05-06 10:00:00,81.2,81.2,81.2,81.2,1183.0
2025-05-06 10:05:00,81.2,81.2,81.2,81.2,735.0
2025-05-06 10:10:00,81.12,81.12,81.12,81.12,493.0
2025-05-06 10:15:00,81.15,81.15,81.11,81.12,868.0
2025-05-06 10:20:00,81.15,81.15,81.15,81.15,286.0
2025-05-06 10:25:00,81.11,81.11,81.11,81.11,274.0
2025-05-06 10:40:00,81.01,81.01,81.01,81.01,100.0
2025-05-06 10:50:00,81.04,81.06,81.0,81.05,25951.0
2025-05-06 10:55:00,81.01,81.1,81.01,81.05,11173.0
2025-05-06 11:00:00,81.01,81.01,81.0,81.0,1362.0
2025-05-06 11:05:00,81.06,81.07,81.05,81.07,3920.0
2025-05-06 11:10:00,81.02,81.03,81.0,81.01,7945.0
2025-05-06 11:20:00,81.0,81.0,80.95,80.95,2527.0
2025-05-06 11:25:00,80.91,80.91,80.78,80.8,5249.0
2025-05-06 11:30:00,80.771,80.771,80.72,80.72,2586.0
2025-05-06 11:35:00,80.81,80.89,80.8,80.89,6778.0
2025-05-06 11:40:00,80.88,80.88,80.88,80.88,120.0
2025-05-06 11:50:00,80.79,80.8,80.76,80.76,1360.0
2025-05-06 12:00:00,81.02,81.02,80.81,80.86,5881.0
2025-05-06 12:05:00,80.88,80.91,80.81,80.81,1348.0
2025-05-06 12:10:00,80.82,80.82,80.82,80.82,601.0
2025-05-06 12:15:00,80.82,80.88,80.82,80.88,919.0
2025-05-06 12:20:00,80.9,80.95,80.88,80.95,1055.0
2025-05-06 12:30:00,80.86,80.86,80.86,80.86,207.0
2025-05-06 12:35:00,80.87,80.87,80.87,80.87,330.0
2025-05-06 12:40:00,80.82,80.82,80.82,80.82,2840.0
2025-05-06 12:50:00,80.84,80.84,80.84,80.84,320.0
2025-05-06 12:55:00,80.85,80.89,80.85,80.85,2629.0
2025-05-06 13:00:00,80.89,80.92,80.89,80.91,16148.0
2025-05-06 13:05:00,80.89,80.94,80.88,80.94,18766.0
2025-05-06 13:10:00,80.93,80.99,80.93,80.98,17363.0
2025-05-06 13:15:00,80.97,81.1,80.97,81.05,29781.0
2025-05-06 13:20:00,81.12,81.18,81.1,81.18,20526.0
2025-05-06 13:25:00,81.09,81.12,80.88,80.88,8525.0
2025-05-06 13:30:00,80.86,81.22,80.75,80.915,825575.0
2025-05-06 13:35:00,80.94,81.08,80.69,80.72,304780.0
2025-05-06 13:40:00,80.715,80.83,80.45,80.58,352123.0
2025-05-06 13:45:00,80.57,80.58,80.23,80.27,290499.0
2025-05-06 13:50:00,80.27,80.28,80.07,80.26,183155.0
2025-05-06 13:55:00,80.26,80.54,80.225,80.445,286016.0
2025-05-06 14:00:00,80.445,80.67,80.425,80.67,413741.0
2025-05-06 14:05:00,80.67,80.7046,80.51,80.62,296000.0
2025-05-06 14:10:00,80.615,80.9,80.555,80.86,179964.0
2025-05-06 14:15:00,80.865,81.1,80.865,81.06,258200.0
2025-05-06 14:20:00,81.08,81.15,80.89,80.92,152881.0
2025-05-06 14:25:00,80.925,81.03,80.845,80.9875,162690.0
2025-05-06 14:30:00,80.97,81.02,80.84,80.99,92122.0
2025-05-06 14:35:00,80.99,81.05,80.9,81.03,155651.0
2025-05-06 14:40:00,81.02,81.04,80.97,81.03,105148.0
2025-05-06 14:45:00,81.025,81.07,80.96,81.045,79198.0
2025-05-06 14:50:00,81.045,81.05,80.795676,80.8,113191.0
2025-05-06 14:55:00,80.8,80.99,80.8,80.94,71130.0
2025-05-06 15:00:00,80.94,81.055,80.895,81.01,64916.0
2025-05-06 15:05:00,81.005,81.06,80.9536,81.005,85427.0
2025-05-06 15:10:00,81.0,81.01,80.92,80.94,60847.0
2025-05-06 15:15:00,80.95,80.95,80.82,80.865,82664.0
2025-05-06 15:20:00,80.8736,81.03,80.87,81.02,56204.0
2025-05-06 15:25:00,81.02,81.105,81.015,81.065,58060.0
2025-05-06 15:30:00,81.08,81.11,81.02,81.1,70364.0
2025-05-06 15:35:00,81.11,81.14,81.065,81.14,49465.0
2025-05-06 15:40:00,81.145,81.145,80.9,80.9,83336.0
2025-05-06 15:45:00,80.915,80.965,80.8,80.95,62109.0
2025-05-06 15:50:00,80.945,80.95,80.86,80.88,66555.0
2025-05-06 15:55:00,80.875,80.89,80.8121,80.87,62446.0
2025-05-06 16:00:00,80.875,81.015,80.86,81.0,76732.0
2025-05-07 09:40:00,81.01,81.01,81.01,81.01,200.0
2025-05-07 10:50:00,81.1,81.1,81.1,81.1,1043.0
2025-05-07 11:00:00,81.09,81.1,81.09,81.1,708.0
2025-05-07 11:25:00,81.1,81.1,81.1,81.1,201.0
2025-05-07 11:40:00,81.1,81.1,81.1,81.1,6118.0
2025-05-07 11:45:00,81.13,81.13,81.13,81.13,203.0
2025-05-07 12:00:00,81.11,81.11,80.94,81.09,2328.0
2025-05-07 12:05:00,81.04,81.04,81.01,81.01,643.0
2025-05-07 12:10:00,81.04,81.04,81.04,81.04,102.0
2025-05-07 12:15:00,81.05,81.05,81.05,81.05,200.0
2025-05-07 12:20:00,81.04,81.04,81.04,81.04,298.0
2025-05-07 12:25:00,81.0,81.02,80.98,80.98,904.0
2025-05-07 12:30:00,80.98,80.98,80.86,80.86,1548.0
2025-05-07 12:35:00,80.93,80.93,80.93,80.93,385.0
2025-05-07 12:40:00,80.85,80.94,80.85,80.92,5751.0
2025-05-07 12:45:00,80.94,80.94,80.93,80.93,849.0
2025-05-07 12:55:00,80.95,80.95,80.84,80.89,3110.0
2025-05-07 13:00:00,80.83,80.86,80.8,80.86,8061.0
2025-05-07 13:05:00,80.82,80.82,80.82,80.82,263.0
2025-05-07 13:10:00,80.8,80.8,80.79,80.79,1044.0
2025-05-07 13:15:00,80.77,80.77,80.7,80.7,6507.0
2025-05-07 13:20:00,80.77,80.77,80.77,80.77,108.0
2025-05-07 13:25:00,80.75,80.8,80.75,80.8,2948.0
2025-05-07 13:30:00,80.7,80.75,80.39,80.45,436650.0
2025-05-07 13:35:00,80.44,80.72,80.37,80.52,301611.0
2025-05-07 13:40:00,80.53,80.6652,80.435,80.66,158956.0
2025-05-07 13:45:00,80.68,80.69,80.305,80.3254,224084.0
2025-05-07 13:50:00,80.32,80.76,80.3,80.72,101249.0
2025-05-07 13:55:00,80.72,80.8,80.675,80.69,114576.0
2025-05-07 14:00:00,80.67,80.81,80.64,80.78,100028.0
2025-05-07 14:05:00,80.78,80.83,80.62,80.64,106799.0
2025-05-07 14:10:00,80.64,80.7,80.5,80.525,127029.0
2025-05-07 14:15:00,80.54,80.545,80.39,80.405,87281.0
2025-05-07 14:20:00,80.405,80.45,80.325,80.35,121675.0
2025-05-07 14:25:00,80.345,80.35,80.26,80.33,78989.0
2025-05-07 14:30:00,80.32,80.37,80.23,80.27,104738.0
2025-05-07 14:35:00,80.29,80.335,80.225,80.29,66695.0
2025-05-07 14:40:00,80.305,80.34,80.245,80.275,69525.0
2025-05-07 14:45:00,80.275,80.405,80.27,80.36,98441.0
2025-05-07 14:50:00,80.335,80.38,80.19,80.22,133605.0
2025-05-07 14:55:00,80.21,80.255,80.145,80.24,157317.0
2025-05-07 15:00:00,80.23,80.37,80.21,80.335,93258.0
2025-05-07 15:05:00,80.34,80.56,80.33,80.52,141851.0
2025-05-07 15:10:00,80.51,80.57,80.325,80.3425,152360.0
2025-05-07 15:15:00,80.35,80.41,80.3,80.35,69925.0
2025-05-07 15:20:00,80.36,80.46,80.345,80.455,65314.0
2025-05-07 15:25:00,80.455,80.515,80.385,80.515,159430.0
2025-05-07 15:30:00,80.51,80.67,80.47,80.63,73462.0
2025-05-07 15:35:00,80.63,80.645,80.59,80.63,68949.0
2025-05-07 15:40:00,80.62,80.73,80.6101,80.72,43054.0
2025-05-07 15:45:00,80.72,80.72,80.555,80.575,71615.0
2025-05-07 15:50:00,80.58,80.68,80.565,80.67,93555.0
2025-05-07 15:55:00,80.665,80.745,80.66,80.725,139280.0
2025-05-07 16:00:00,80.71,80.825,80.7,80.72,73726.0
2025-05-08 09:35:00,81.405,81.42,81.4,81.4,1189.0
2025-05-08 09:40:00,81.41,81.43,81.41,81.43,913.0
2025-05-08 09:45:00,81.45,81.45,81.45,81.45,300.0
2025-05-08 09:50:00,81.48,81.51,81.48,81.51,2769.0
2025-05-08 10:05:00,81.48,81.48,81.48,81.48,962.0
2025-05-08 10:10:00,81.48,81.54,81.48,81.54,303.0
2025-05-08 10:15:00,81.58,81.59,81.58,81.59,1305.0
2025-05-08 10:20:00,81.58,81.62,81.58,81.59,7155.0
2025-05-08 10:25:00,81.61,81.61,81.61,81.61,5000.0
2025-05-08 10:30:00,81.61,81.65,81.61,81.65,3388.0
2025-05-08 10:35:00,81.6,81.62,81.6,81.62,1816.0
2025-05-08 10:40:00,81.65,81.73,81.65,81.73,4839.0
2025-05-08 10:45:00,81.74,81.75,81.74,81.75,500.0
2025-05-08 10:50:00,81.7,81.72,81.7,81.72,729.0
2025-05-08 10:55:00,81.73,81.75,81.71,81.75,5682.0
2025-05-08 11:00:00,81.75,81.75,81.62,81.67,13528.0
2025-05-08 11:05:00,81.66,81.66,81.62,81.62,3439.0
2025-05-08 11:10:00,81.6,81.7,81.6,81.63,12103.0
2025-05-08 11:15:00,81.65,81.65,81.45,81.45,3894.0
2025-05-08 11:20:00,81.45,81.45,81.45,81.45,303.0
2025-05-08 11:30:00,81.42,81.42,81.41,81.41,1911.0
2025-05-08 11:35:00,81.45,81.45,81.45,81.45,343.0
2025-05-08 11:40:00,81.41,81.42,81.4,81.41,3278.0
2025-05-08 11:45:00,81.4,81.4,81.4,81.4,1417.0
2025-05-08 11:50:00,81.4,81.4,81.4,81.4,1170.0
2025-05-08 11:55:00,81.45,81.5,81.44,81.44,1091.0
2025-05-08 12:00:00,81.71,81.71,81.45,81.45,1765.0
2025-05-08 12:05:00,81.47,81.47,81.47,81.47,125.0
2025-05-08 12:10:00,81.37,81.46,81.37,81.4,1065.0
2025-05-08 12:15:00,81.42,81.42,81.42,81.42,2072.0
2025-05-08 12:20:00,81.44,81.44,81.44,81.44,354.0
2025-05-08 12:30:00,81.41,81.46,81.41,81.46,590.0
2025-05-08 12:35:00,81.4687,81.47,81.18,81.18,3851.0
2025-05-08 12:40:00,81.1999,81.1999,81.17,81.17,501.0
2025-05-08 12:45:00,81.17,81.2,81.17,81.2,739.0
2025-05-08 12:50:00,81.2,81.2,81.2,81.2,2451.0
2025-05-08 12:55:00,81.15,81.21,81.15,81.2,736.0
2025-05-08 13:05:00,81.25,81.26,81.25,81.26,3000.0
2025-05-08 13:10:00,81.1946,81.23,81.1946,81.2,3309.0
2025-05-08 13:20:00,81.22,81.22,81.2,81.2,5010.0
2025-05-08 13:25:00,81.29,81.29,81.25,81.25,300.0
2025-05-08 13:30:00,81.29,81.7,81.16,81.51,535725.0
2025-05-08 13:35:00,81.5,81.61,81.35,81.54,186928.0
2025-05-08 13:40:00,81.55,81.9,81.51,81.9,184813.0
2025-05-08 13:45:00,81.89,81.9413,81.755,81.895,180568.0
2025-05-08 13:50:00,81.9,81.91,81.78,81.885,184326.0
2025-05-08 13:55:00,81.88,81.97,81.81,81.92,110241.0
2025-05-08 14:00:00,81.9,81.99,81.84,81.92,165465.0
2025-05-08 14:05:00,81.93,82.12,81.7549,81.7549,434351.0
2025-05-08 14:10:00,81.75,81.75,81.4832,81.51,210982.0
2025-05-08 14:15:00,81.51,81.62,81.37,81.48,128517.0
2025-05-08 14:20:00,81.48,81.73,81.46,81.7101,256801.0
2025-05-08 14:25:00,81.72,81.87,81.69,81.86,181800.0
2025-05-08 14:30:00,81.85,82.1,81.82,82.0175,399577.0
2025-05-08 14:35:00,82.01,82.085,81.65,81.65,236390.0
2025-05-08 14:40:00,81.64,81.705,81.56,81.69,144631.0
2025-05-08 14:45:00,81.69,81.7,81.49,81.5,135283.0
2025-05-08 14:50:00,81.49,81.66,81.35,81.425,258321.0
2025-05-08 14:55:00,81.425,81.62,81.34,81.54,284075.0
2025-05-08 15:00:00,81.53,81.74,81.48,81.69,174868.0
2025-05-08 15:05:00,81.69,81.96,81.68,81.925,114106.0
2025-05-08 15:10:00,81.93,81.98,81.83,81.88,158773.0
2025-05-08 15:15:00,81.89,81.955,81.825,81.845,79807.0
2025-05-08 15:20:00,81.85,82.1,81.84,82.08,246848.0
2025-05-08 15:25:00,82.08,82.22,82.04,82.07,178594.0
2025-05-08 15:30:00,82.07,82.28,81.94,82.235,259169.0
2025-05-08 15:35:00,82.225,82.265,82.175,82.265,169430.0
2025-05-08 15:40:00,82.27,82.58,82.27,82.55,251497.0
2025-05-08 15:45:00,82.5679,82.7082,82.54,82.7,179498.0
2025-05-08 15:50:00,82.7,82.72,82.45,82.52,235505.0
2025-05-08 15:55:00,82.525,82.53,82.365,82.42,193577.0
2025-05-08 16:00:00,82.425,82.535,82.415,82.515,160042.0
2025-05-09 09:30:00,82.26,82.26,82.26,82.26,101.0
2025-05-09 09:35:00,82.26,82.26,82.26,82.26,100.0
2025-05-09 09:50:00,82.34,82.39,82.34,82.34,407.0
2025-05-09 10:00:00,82.4,82.4,82.4,82.4,1004.0
2025-05-09 10:05:00,82.41,82.41,82.4,82.4,864.0
2025-05-09 10:10:00,82.39,82.39,82.39,82.39,253.0
2025-05-09 10:20:00,82.45,82.45,82.45,82.45,120.0
2025-05-09 10:25:00,82.44,82.45,82.44,82.44,936.0
2025-05-09 10:40:00,82.58,82.58,82.5,82.5,2026.0
2025-05-09 10:55:00,82.68,82.68,82.68,82.68,253.0
2025-05-09 11:00:00,82.6,82.71,82.6,82.6,8913.0
2025-05-09 11:10:00,82.67,82.67,82.66,82.66,400.0
2025-05-09 11:15:00,82.68,82.68,82.68,82.68,100.0
2025-05-09 11:20:00,82.71,82.71,82.68,82.68,1000.0
2025-05-09 11:25:00,82.69,82.74,82.37,82.42,23443.0
2025-05-09 11:30:00,82.36,82.62,82.35,82.62,9022.0
2025-05-09 11:35:00,82.39,82.39,82.39,82.39,245.0
2025-05-09 11:40:00,82.49,82.52,82.49,82.5,4096.0
2025-05-09 11:45:00,82.6,82.6,82.58,82.58,5572.0
2025-05-09 11:55:00,82.68,82.68,82.68,82.68,316.0
2025-05-09 12:00:00,82.52,82.65,82.52,82.65,7504.0
2025-05-09 12:05:00,82.67,82.68,82.65,82.67,2006.0
2025-05-09 12:15:00,82.58,82.58,82.58,82.58,264.0
2025-05-09 12:30:00,82.6,82.6,82.59,82.6,2809.0
2025-05-09 12:35:00,82.65,82.65,82.65,82.65,213.0
2025-05-09 12:40:00,82.68,82.68,82.65,82.65,720.0
2025-05-09 12:50:00,82.76,82.76,82.67,82.67,1467.0
2025-05-09 13:00:00,82.6,82.6,82.6,82.6,994.0
2025-05-09 13:05:00,82.63,82.65,82.55,82.55,5274.0
2025-05-09 13:10:00,82.54,82.54,82.54,82.54,180.0
2025-05-09 13:15:00,82.44,82.44,82.44,82.44,1019.0
2025-05-09 13:20:00,82.49,82.49,82.45,82.45,1932.0
2025-05-09 13:25:00,82.45,82.65,82.42,82.65,3527.0
2025-05-09 13:30:00,82.6,82.835,82.41,82.5798,421316.0
2025-05-09 13:35:00,82.6,82.6,82.27,82.41,314151.0
2025-05-09 13:40:00,82.405,82.48,82.16,82.18,206941.0
2025-05-09 13:45:00,82.18,82.34,82.12,82.26,193483.0
2025-05-09 13:50:00,82.25,82.36,82.19,82.33,181747.0
2025-05-09 13:55:00,82.325,82.44,82.295,82.42,169174.0
2025-05-09 14:00:00,82.41,82.565,82.36,82.545,103367.0
2025-05-09 14:05:00,82.5436,82.545,82.39,82.41,76078.0
2025-05-09 14:10:00,82.415,82.45,82.08,82.1,277061.0
2025-05-09 14:15:00,82.09,82.18,81.98,81.995,105640.0
2025-05-09 14:20:00,81.995,82.075,81.905,81.91,169174.0
2025-05-09 14:25:00,81.92,81.975,81.76,81.905,149808.0
2025-05-09 14:30:00,81.9,82.04,81.86,81.95,153671.0
2025-05-09 14:35:00,81.9462,82.01,81.835,82.01,103442.0
2025-05-09 14:40:00,81.99,82.26,81.9868,82.25,87443.0
2025-05-09 14:45:00,82.25,82.29,82.125,82.165,187205.0
2025-05-09 14:50:00,82.165,82.265,82.065,82.09,54733.0
2025-05-09 14:55:00,82.11,82.155,82.075,82.0797,44037.0
2025-05-09 15:00:00,82.06,82.18,82.04,82.15,61176.0
2025-05-09 15:05:00,82.15,82.245,82.15,82.23,51194.0
2025-05-09 15:10:00,82.225,82.23,82.005,82.07,71065.0
2025-05-09 15:15:00,82.06,82.1855,82.03,82.16,62559.0
2025-05-09 15:20:00,82.16,82.2899,82.15,82.26,62691.0
2025-05-09 15:25:00,82.26,82.35,82.21,82.23,128904.0
2025-05-09 15:30:00,82.23,82.27,82.14,82.21,56278.0
2025-05-09 15:35:00,82.22,82.29,82.195,82.245,50044.0
2025-05-09 15:40:00,82.27,82.275,82.1846,82.195,47615.0
2025-05-09 15:45:00,82.2,82.305,82.195,82.25,79186.0
2025-05-09 15:50:00,82.25,82.3,82.24,82.26,178888.0
2025-05-09 15:55:00,82.25,82.32,82.23,82.24,91416.0
2025-05-09 16:00:00,82.25,82.275,82.1334,82.1334,43940.0
2025-05-12 09:30:00,84.6,84.62,84.6,84.62,652.0
2025-05-12 09:35:00,84.68,84.75,84.68,84.75,2511.0
2025-05-12 09:40:00,84.68,84.68,84.68,84.68,850.0
2025-05-12 09:55:00,84.65,84.65,84.65,84.65,100.0
2025-05-12 10:00:00,84.7,84.76,84.7,84.76,919.0
2025-05-12 10:15:00,84.85,84.86,84.85,84.86,505.0
2025-05-12 10:20:00,84.86,84.86,84.86,84.86,400.0
2025-05-12 10:25:00,84.9,84.9,84.78,84.81,6580.0
2025-05-12 10:35:00,84.85,84.98,84.85,84.98,807.0
2025-05-12 10:40:00,84.87,84.87,84.87,84.87,274.0
2025-05-12 10:45:00,84.96,84.99,84.96,84.99,1330.0
2025-05-12 10:55:00,85.1,85.12,85.1,85.11,1500.0
2025-05-12 11:00:00,85.0,85.01,84.87,84.99,31498.0
2025-05-12 11:05:00,85.0,85.14,85.0,85.07,1790.0
2025-05-12 11:10:00,85.14,85.14,85.02,85.12,954.0
2025-05-12 11:15:00,85.11,85.11,85.09,85.1,4024.0
2025-05-12 11:20:00,85.06,85.06,85.06,85.06,240.0
2025-05-12 11:25:00,85.09,85.14,85.07,85.08,3580.0
2025-05-12 11:30:00,85.07,85.14,85.07,85.14,3211.0
2025-05-12 11:35:00,85.13,85.16,85.13,85.16,221.0
2025-05-12 11:45:00,85.1,85.15,85.1,85.15,3449.0
2025-05-12 11:50:00,85.115,85.115,85.105,85.105,200.0
2025-05-12 11:55:00,85.115,85.115,85.1,85.1,615.0
2025-05-12 12:00:00,84.9999,85.18,83.3,85.1,30961.0
2025-05-12 12:05:00,85.12,85.13,85.1,85.1015,11771.0
2025-05-12 12:10:00,85.1,85.1101,85.1,85.1101,2177.0
2025-05-12 12:15:00,85.14,85.14,85.14,85.14,166.0
2025-05-12 12:20:00,85.19,85.24,85.17,85.24,1820.0
2025-05-12 12:25:00,85.22,85.23,85.17,85.17,782.0
2025-05-12 12:30:00,85.24,85.26,85.24,85.25,2960.0
2025-05-12 12:35:00,85.25,85.2699,85.15,85.2,4088.0
2025-05-12 12:40:00,85.26,85.26,85.26,85.26,165.0
2025-05-12 12:45:00,85.18,85.3,85.17,85.27,11917.0
2025-05-12 12:50:00,85.28,85.33,85.2001,85.27,8936.0
2025-05-12 12:55:00,85.37,85.4181,85.29,85.4181,9157.0
2025-05-12 13:00:00,85.38,85.44,85.38,85.44,5652.0
2025-05-12 13:05:00,85.4385,85.44,85.4385,85.44,2793.0
2025-05-12 13:10:00,85.33,85.39,85.33,85.39,1392.0
2025-05-12 13:15:00,85.34,85.34,85.34,85.34,581.0
2025-05-12 13:20:00,85.4,85.5,85.36,85.49,9820.0
2025-05-12 13:25:00,85.44,85.58,85.4,85.58,31622.0
2025-05-12 13:30:00,85.48,85.68,85.29,85.55,1014972.0
2025-05-12 13:35:00,85.55,85.87,85.48,85.58,518503.0
2025-05-12 13:40:00,85.58,85.76,85.4,85.48,636446.0
2025-05-12 13:45:00,85.48,85.56,85.17,85.215,354317.0
2025-05-12 13:50:00,85.22,85.31,85.05,85.08,469079.0
2025-05-12 13:55:00,85.085,85.085,84.755,84.825,1453529.0
2025-05-12 14:00:00,84.825,85.335,84.81,85.325,471052.0
2025-05-12 14:05:00,85.325,85.37,85.215,85.215,328269.0
2025-05-12 14:10:00,85.22,85.24,84.99,85.01,360079.0
2025-05-12 14:15:00,85.005,85.065,84.835,84.835,358168.0
2025-05-12 14:20:00,84.83,85.07,84.81,84.995,361000.0
2025-05-12 14:25:00,85.005,85.06,84.93,85.06,124614.0
2025-05-12 14:30:00,85.055,85.165,84.815,85.09,324078.0
2025-05-12 14:35:00,85.0899,85.14,84.725,84.885,289220.0
2025-05-12 14:40:00,84.885,84.885,84.73,84.73,147282.0
2025-05-12 14:45:00,84.735,84.81,84.69,84.8037,117585.0
2025-05-12 14:50:00,84.81,84.935,84.75,84.88,165898.0
2025-05-12 14:55:00,84.875,84.895,84.725,84.74,99989.0
2025-05-12 15:00:00,84.745,84.765,84.6546,84.74,123538.0
2025-05-12 15:05:00,84.75,84.77,84.605,84.625,79396.0
2025-05-12 15:10:00,84.63,84.65,84.5,84.555,107412.0
2025-05-12 15:15:00,84.54,84.56,84.45,84.45,97057.0
2025-05-12 15:20:00,84.45,84.475,84.27,84.275,126391.0
2025-05-12 15:25:00,84.27,84.287008,84.15,84.16,127981.0
2025-05-12 15:30:00,84.16,84.42,84.16,84.38,215744.0
2025-05-12 15:35:00,84.36,84.43,84.22,84.29,114887.0
2025-05-12 15:40:00,84.28,84.3,84.22,84.265,103460.0
2025-05-12 15:45:00,84.26,84.28,84.22,84.255,72757.0
2025-05-12 15:50:00,84.26,84.26,84.13,84.1966,110051.0
2025-05-12 15:55:00,84.2,84.235,84.085,84.13,66814.0
2025-05-12 16:00:00,84.13,84.2,84.0599,84.14,77280.0
2025-05-13 09:35:00,84.54,84.54,84.54,84.54,448.0
2025-05-13 09:40:00,84.58,84.75,84.55,84.75,650.0
2025-05-13 11:25:00,84.82,84.84,84.82,84.84,1088.0
2025-05-13 11:30:00,84.84,84.84,84.82,84.82,400.0
2025-05-13 11:35:00,84.83,84.83,84.82,84.82,500.0
2025-05-13 11:40:00,84.83,84.83,84.83,84.83,643.0
2025-05-13 11:55:00,84.88,84.88,84.88,84.88,301.0
2025-05-13 12:00:00,84.8499,84.95,84.46,84.91,3705.0
2025-05-13 12:05:00,84.91,84.91,84.91,84.91,363.0
2025-05-13 12:20:00,84.94,84.95,84.94,84.95,910.0
2025-05-13 12:25:00,84.96,85.0,84.96,85.0,6615.0
2025-05-13 12:30:00,85.0,85.25,84.95,85.03,4649.0
2025-05-13 12:35:00,85.07,85.1,85.07,85.1,484.0
2025-05-13 12:40:00,84.97,85.04,84.97,85.0,1712.0
2025-05-13 12:45:00,85.0,85.0,85.0,85.0,138.0
2025-05-13 12:55:00,85.05,85.05,85.05,85.05,361.0
2025-05-13 13:00:00,85.05,85.05,85.01,85.01,469.0
2025-05-13 13:05:00,85.0208,85.12,85.0208,85.12,597.0
2025-05-13 13:20:00,85.1,85.13,85.1,85.13,8465.0
2025-05-13 13:25:00,85.0,85.01,84.91,84.91,1631.0
2025-05-13 13:30:00,85.0,85.12,84.66,84.85,494712.0
2025-05-13 13:35:00,84.86,85.03,84.76,84.95,363058.0
2025-05-13 13:40:00,84.93,85.11,84.91,85.03,229846.0
2025-05-13 13:45:00,85.02,85.19,84.985,85.09,286570.0
2025-05-13 13:50:00,85.09,85.18,85.0,85.04,170596.0
2025-05-13 13:55:00,85.025,85.14,84.96,84.99,336222.0
2025-05-13 14:00:00,85.0,85.21,84.995,85.2,231586.0
2025-05-13 14:05:00,85.21,85.395,85.17,85.395,155796.0
2025-05-13 14:10:00,85.39,85.525,85.365,85.47,204056.0
2025-05-13 14:15:00,85.48,85.49,85.35,85.38,201633.0
2025-05-13 14:20:00,85.39,85.45,85.305,85.365,276310.0
2025-05-13 14:25:00,85.36,85.5175,85.35,85.39,109189.0
2025-05-13 14:30:00,85.385,85.61,85.35,85.4002,472007.0
2025-05-13 14:35:00,85.405,85.44,85.35,85.38,100744.0
2025-05-13 14:40:00,85.39,85.42,85.19,85.23,189697.0
2025-05-13 14:45:00,85.22,85.29,85.165,85.185,112648.0
2025-05-13 14:50:00,85.185,85.335,85.17,85.31,98958.0
2025-05-13 14:55:00,85.3,85.35,85.235,85.28,102672.0
2025-05-13 15:00:00,85.28,85.385,85.235,85.37,115090.0
2025-05-13 15:05:00,85.37,85.49,85.33,85.47,61740.0
2025-05-13 15:10:00,85.47,85.525,85.43,85.51,81012.0
2025-05-13 15:15:00,85.51,85.56,85.425,85.51,136976.0
2025-05-13 15:20:00,85.51,85.64,85.51,85.64,77354.0
2025-05-13 15:25:00,85.635,85.78,85.635,85.72,225232.0
2025-05-13 15:30:00,85.71,85.745,85.63,85.71,92067.0
2025-05-13 15:35:00,85.71,85.825,85.675,85.82,90618.0
2025-05-13 15:40:00,85.83,85.94,85.8118,85.94,128208.0
2025-05-13 15:45:00,85.9346,85.97,85.88,85.92,210083.0
2025-05-13 15:50:00,85.92,85.935,85.8146,85.82,95346.0
2025-05-13 15:55:00,85.82,85.88,85.76,85.88,92233.0
2025-05-13 16:00:00,85.885,85.985,85.79,85.82,436418.0
2025-05-14 09:30:00,85.37,85.37,85.37,85.37,893.0
2025-05-14 09:35:00,85.27,85.28,85.23,85.24,1274.0
2025-05-14 09:40:00,85.24,85.24,85.23,85.23,617.0
2025-05-14 09:45:00,85.24,85.24,85.2,85.2,1049.0
2025-05-14 09:50:00,85.22,85.22,85.145,85.145,309.0
2025-05-14 10:05:00,85.13,85.13,85.11,85.11,1594.0
2025-05-14 10:10:00,85.1,85.13,85.1,85.13,687.0
2025-05-14 10:15:00,85.11,85.15,85.11,85.15,1716.0
2025-05-14 10:25:00,85.18,85.2,85.18,85.2,1583.0
2025-05-14 10:35:00,85.21,85.21,85.21,85.21,212.0
2025-05-14 10:45:00,85.21,85.21,85.21,85.21,306.0
2025-05-14 10:50:00,85.18,85.18,85.17,85.17,933.0
2025-05-14 11:00:00,85.24,85.25,85.24,85.25,703.0
2025-05-14 11:10:00,85.24,85.26,85.15,85.15,1338.0
2025-05-14 11:20:00,85.22,85.32,85.22,85.32,1248.0
2025-05-14 11:30:00,85.23,85.23,85.23,85.23,100.0
2025-05-14 11:35:00,85.32,85.32,85.29,85.29,317.0
2025-05-14 11:45:00,85.29,85.29,85.29,85.29,872.0
2025-05-14 12:00:00,85.19,85.63,85.19,85.26,6441.0
2025-05-14 12:10:00,85.2801,85.34,85.2801,85.34,2172.0
2025-05-14 12:20:00,85.36,85.38,85.34,85.35,1438.0
2025-05-14 12:25:00,85.27,85.33,85.27,85.33,8900.0
2025-05-14 12:30:00,85.39,85.39,85.39,85.39,274.0
2025-05-14 12:35:00,85.28,85.28,85.28,85.28,100.0
2025-05-14 12:40:00,85.34,85.34,85.3031,85.3031,1102.0
2025-05-14 12:50:00,85.3,85.33,85.28,85.28,7566.0
2025-05-14 13:00:00,85.34,85.34,85.34,85.34,156.0
2025-05-14 13:05:00,85.34,85.34,85.34,85.34,312.0
2025-05-14 13:10:00,85.37,85.4,85.34,85.34,1555.0
2025-05-14 13:15:00,85.45,85.45,85.45,85.45,135.0
2025-05-14 13:20:00,85.4875,85.4875,85.4875,85.4875,112.0
2025-05-14 13:25:00,85.46,85.46,85.2,85.2,1850.0
2025-05-14 13:30:00,85.195,85.31,84.93,84.98,476902.0
2025-05-14 13:35:00,84.99,85.1,84.92,85.03,422244.0
2025-05-14 13:40:00,85.025,85.31,84.98,85.19,192157.0
2025-05-14 13:45:00,85.2,85.39,85.2,85.27,161014.0
2025-05-14 13:50:00,85.26,85.4105,85.145,85.4052,117025.0
2025-05-14 13:55:00,85.4,85.41,85.25,85.28,138164.0
2025-05-14 14:00:00,85.28,85.33,85.15,85.3267,121777.0
2025-05-14 14:05:00,85.33,85.38,85.225,85.285,137221.0
2025-05-14 14:10:00,85.28,85.33,85.215,85.245,160578.0
2025-05-14 14:15:00,85.24,85.27,85.16,85.225,115637.0
2025-05-14 14:20:00,85.23,85.395,85.2241,85.3772,130018.0
2025-05-14 14:25:00,85.37,85.37,85.21,85.225,139615.0
2025-05-14 14:30:00,85.22,85.32,85.19,85.31,135442.0
2025-05-14 14:35:00,85.3,85.3007,85.02,85.08,251300.0
2025-05-14 14:40:00,85.08,85.08,84.925,84.9612,158983.0
2025-05-14 14:45:00,84.97,85.17,84.965,85.17,185987.0
2025-05-14 14:50:00,85.17,85.29,85.155,85.265,96270.0
2025-05-14 14:55:00,85.265,85.305,85.23,85.27,109313.0
2025-05-14 15:00:00,85.28,85.29,85.08,85.09,163601.0
2025-05-14 15:05:00,85.09,85.18,85.04,85.165,113080.0
2025-05-14 15:10:00,85.17,85.28,85.165,85.275,108780.0
2025-05-14 15:15:00,85.28,85.32,85.17,85.2,110001.0
2025-05-14 15:20:00,85.195,85.27,85.17,85.26,96056.0
2025-05-14 15:25:00,85.26,85.42,85.2551,85.41,79347.0
2025-05-14 15:30:00,85.4,85.565,85.3699,85.55,174913.0
2025-05-14 15:35:00,85.54,85.58,85.49,85.53,166604.0
2025-05-14 15:40:00,85.52,85.56,85.455,85.48,125366.0
2025-05-14 15:45:00,85.48,85.51,85.405,85.41,76075.0
2025-05-14 15:50:00,85.4,85.4,85.28,85.39,59619.0
2025-05-14 15:55:00,85.39,85.41,85.33,85.3701,53265.0
2025-05-14 16:00:00,85.37,85.455,85.31,85.44,82359.0
2025-05-15 09:30:00,83.87,83.88,83.85,83.88,1193.0
2025-05-15 09:35:00,83.82,83.82,83.82,83.82,106.0
2025-05-15 09:40:00,83.85,84.0,83.84,84.0,540.0
2025-05-15 09:55:00,83.89,83.89,83.88,83.89,532.0
2025-05-15 10:00:00,83.88,83.88,83.82,83.86,4486.0
2025-05-15 10:05:00,83.88,83.88,83.88,83.88,640.0
2025-05-15 10:20:00,83.97,83.97,83.97,83.97,143.0
2025-05-15 10:40:00,83.99,83.99,83.96,83.99,300.0
2025-05-15 10:45:00,83.99,83.99,83.96,83.96,1000.0
2025-05-15 10:50:00,83.98,83.98,83.98,83.98,213.0
2025-05-15 10:55:00,84.0,84.02,84.0,84.02,2144.0
2025-05-15 11:00:00,84.08,84.08,84.01,84.06,8690.0
2025-05-15 11:05:00,84.0,84.09,84.0,84.09,1237.0
2025-05-15 11:15:00,84.0,84.0,84.0,84.0,200.0
2025-05-15 11:20:00,84.07,84.1,84.07,84.1,8118.0
2025-05-15 11:25:00,84.1,84.17,84.1,84.17,914.0
2025-05-15 11:30:00,84.13,84.13,84.1,84.1,460.0
2025-05-15 11:35:00,84.22,84.22,84.22,84.22,140.0
2025-05-15 11:40:00,84.15,84.15,84.09,84.15,6403.0
2025-05-15 11:45:00,84.24,84.24,84.24,84.24,1520.0
2025-05-15 11:50:00,84.2,84.2,84.2,84.2,220.0
2025-05-15 12:00:00,84.01,84.49,83.84,84.12,11424.0
2025-05-15 12:10:00,84.13,84.16,84.0,84.16,16399.0
2025-05-15 12:25:00,84.21,84.21,84.2,84.2,2066.0
2025-05-15 12:30:00,84.2,84.25,84.2,84.25,380.0
2025-05-15 12:35:00,84.27,84.27,84.27,84.27,100.0
2025-05-15 12:40:00,84.31,84.43,84.31,84.42,5932.0
2025-05-15 12:45:00,84.3,84.33,84.29,84.3289,10009.0
2025-05-15 12:50:00,84.27,84.31,84.22,84.22,3800.0
2025-05-15 12:55:00,84.28,84.28,84.22,84.28,3445.0
2025-05-15 13:00:00,84.3,84.54,84.28,84.37,38704.0
2025-05-15 13:05:00,84.4,84.46,84.39,84.46,3735.0
2025-05-15 13:15:00,84.39,84.39,84.29,84.33,1090.0
2025-05-15 13:20:00,84.34,84.34,84.29,84.3,920.0
2025-05-15 13:25:00,84.28,84.28,84.2,84.2,1452.0
2025-05-15 13:30:00,84.17,84.53,83.96,84.05,627326.0
2025-05-15 13:35:00,84.04,84.305,83.97,84.29,466989.0
2025-05-15 13:40:00,84.28,84.42,84.22,84.27,412015.0
2025-05-15 13:45:00,84.27,84.41,84.135,84.395,611693.0
2025-05-15 13:50:00,84.395,84.5,84.33,84.475,342620.0
2025-05-15 13:55:00,84.47,84.53,84.33,84.36,402112.0
2025-05-15 14:00:00,84.37,84.54,84.365,84.425,331856.0
2025-05-15 14:05:00,84.42,84.42,84.275,84.33,271288.0
2025-05-15 14:10:00,84.33,84.3746,84.27,84.32,300220.0
2025-05-15 14:15:00,84.32,84.49,84.2303,84.475,338980.0
2025-05-15 14:20:00,84.475,84.57,84.465,84.525,319611.0
2025-05-15 14:25:00,84.525,84.56,84.31,84.345,376743.0
2025-05-15 14:30:00,84.35,84.53,84.34,84.425,425507.0
2025-05-15 14:35:00,84.42,84.61,84.395,84.6,309887.0
2025-05-15 14:40:00,84.605,84.71,84.57,84.61,224826.0
2025-05-15 14:45:00,84.595,84.64,84.44,84.45,244452.0
2025-05-15 14:50:00,84.44,84.56,84.43,84.51,234167.0
2025-05-15 14:55:00,84.51,84.5799,84.485,84.53,211168.0
2025-05-15 15:00:00,84.52,84.56,84.46,84.56,169411.0
2025-05-15 15:05:00,84.57,84.585,84.465,84.47,147425.0
2025-05-15 15:10:00,84.47,84.515,84.43,84.45,172433.0
2025-05-15 15:15:00,84.45,84.67,84.43,84.65,105523.0
2025-05-15 15:20:00,84.64,84.7701,84.62,84.7664,105393.0
2025-05-15 15:25:00,84.76,84.775,84.635,84.65,151735.0
2025-05-15 15:30:00,84.65,84.675,84.5977,84.6,93073.0
2025-05-15 15:35:00,84.595,84.63,84.545,84.6,110853.0
2025-05-15 15:40:00,84.6,84.7853,84.6,84.71,167524.0
2025-05-15 15:45:00,84.715,84.81,84.7,84.7736,112313.0
2025-05-15 15:50:00,84.78,84.81,84.72,84.8,57038.0
2025-05-15 15:55:00,84.7913,84.87,84.785,84.84,61775.0
2025-05-15 16:00:00,84.84,84.89,84.81,84.88,140168.0
2025-05-16 09:30:00,85.69,85.69,85.69,85.69,350.0
2025-05-16 09:45:00,85.61,85.61,85.61,85.61,200.0
2025-05-16 10:40:00,85.71,85.71,85.71,85.71,471.0
2025-05-16 11:00:00,85.73,85.73,85.73,85.73,200.0
2025-05-16 11:10:00,85.73,85.73,85.73,85.73,263.0
2025-05-16 12:00:00,85.76,85.76,85.37,85.37,2472.0
2025-05-16 12:20:00,85.66,85.66,85.66,85.66,2001.0
2025-05-16 12:30:00,85.75,85.75,85.75,85.75,199.0
2025-05-16 12:35:00,85.79,85.98,85.77,85.97,25638.0
2025-05-16 12:40:00,85.96,85.98,85.86,85.91,23952.0
2025-05-16 12:45:00,85.93,85.93,85.92,85.93,931.0
2025-05-16 12:50:00,85.93,85.94,85.91,85.91,3124.0
2025-05-16 12:55:00,85.92,85.92,85.91,85.91,3252.0
2025-05-16 13:00:00,85.89,85.91,85.89,85.91,1105.0
2025-05-16 13:05:00,85.89,85.89,85.85,85.88,531.0
2025-05-16 13:15:00,85.7802,85.9,85.7802,85.9,203.0
2025-05-16 13:25:00,85.81,85.98,85.51,85.69,30673.0
2025-05-16 13:30:00,85.8,85.85,85.455,85.46,386474.0
2025-05-16 13:35:00,85.47,85.74,85.47,85.56,310033.0
2025-05-16 13:40:00,85.55,85.61,85.345,85.36,177732.0
2025-05-16 13:45:00,85.36,85.36,85.085,85.13,208784.0
2025-05-16 13:50:00,85.125,85.205,84.99,85.0,174646.0
2025-05-16 13:55:00,85.01,85.2,85.01,85.04,176885.0
2025-05-16 14:00:00,85.02,85.03,84.82,84.91,344422.0
2025-05-16 14:05:00,84.9,84.905,84.74,84.855,164978.0
2025-05-16 14:10:00,84.85,84.98,84.84,84.93,108324.0
2025-05-16 14:15:00,84.92,84.945,84.86,84.865,212903.0
2025-05-16 14:20:00,84.87,84.89,84.795,84.89,159447.0
2025-05-16 14:25:00,84.89,84.925,84.755,84.77,109450.0
2025-05-16 14:30:00,84.77,84.79,84.645,84.655,144792.0
2025-05-16 14:35:00,84.65,84.83,84.605,84.82,174810.0
2025-05-16 14:40:00,84.815,84.86,84.76,84.835,139112.0
2025-05-16 14:45:00,84.83,84.88,84.765,84.78,120845.0
2025-05-16 14:50:00,84.77,84.86,84.74,84.82,96018.0
2025-05-16 14:55:00,84.82,84.9166,84.82,84.84,101908.0
2025-05-16 15:00:00,84.85,84.93,84.85,84.895,69331.0
2025-05-16 15:05:00,84.905,84.925,84.86,84.8971,47880.0
2025-05-16 15:10:00,84.9,85.0,84.9,84.945,48213.0
2025-05-16 15:15:00,84.945,84.95,84.8,84.81,192008.0
2025-05-16 15:20:00,84.82,84.845,84.76,84.815,63518.0
2025-05-16 15:25:00,84.82,84.84,84.75,84.75,108450.0
2025-05-16 15:30:00,84.75,84.8159,84.74,84.79,94441.0
2025-05-16 15:35:00,84.81,84.84,84.74,84.74,61681.0
2025-05-16 15:40:00,84.76,84.83,84.735,84.8275,79839.0
2025-05-16 15:45:00,84.8235,84.86,84.8,84.85,107600.0
2025-05-16 15:50:00,84.85,84.87,84.815,84.855,101545.0
2025-05-16 15:55:00,84.86,84.875,84.84,84.86,54197.0
2025-05-16 16:00:00,84.861,84.95,84.84,84.925,75665.0
2025-05-19 09:35:00,84.81,84.82,84.8,84.8,840.0
2025-05-19 09:55:00,84.75,84.75,84.75,84.75,121.0
2025-05-19 10:05:00,84.75,84.75,84.75,84.75,250.0
2025-05-19 10:10:00,84.67,84.67,84.54,84.54,900.0
2025-05-19 10:20:00,84.61,84.62,84.61,84.62,225.0
2025-05-19 10:25:00,84.62,84.64,84.62,84.64,1112.0
2025-05-19 11:00:00,84.7,84.71,84.7,84.71,1950.0
2025-05-19 11:05:00,84.77,84.77,84.74,84.75,1452.0
2025-05-19 11:10:00,84.74,84.74,84.73,84.73,438.0
2025-05-19 11:15:00,84.72,84.72,84.72,84.72,340.0
2025-05-19 11:20:00,84.76,84.8,84.75,84.8,12717.0
2025-05-19 11:30:00,84.84,84.84,84.84,84.84,355.0
2025-05-19 11:45:00,84.95,84.95,84.95,84.95,282.0
2025-05-19 11:50:00,84.97,84.97,84.93,84.93,241.0
2025-05-19 11:55:00,84.96,84.96,84.94,84.94,553.0
2025-05-19 12:00:00,84.89,85.43,84.5945,85.0,8990.0
2025-05-19 12:20:00,84.91,84.96,84.91,84.96,1100.0
2025-05-19 12:30:00,84.97,84.97,84.97,84.97,500.0
2025-05-19 12:35:00,85.0,85.0,85.0,85.0,268.0
2025-05-19 12:40:00,85.04,85.06,85.04,85.06,212.0
2025-05-19 12:45:00,84.98,84.98,84.98,84.98,400.0
2025-05-19 12:50:00,85.08,85.14,84.98,85.14,3484.0
2025-05-19 12:55:00,85.14,85.17,85.14,85.17,1052.0
2025-05-19 13:00:00,85.14,85.19,85.06,85.09,3356.0
2025-05-19 13:05:00,85.03,85.05,84.98,84.99,1999.0
2025-05-19 13:15:00,84.81,84.95,84.7901,84.95,2000.0
2025-05-19 13:20:00,84.96,84.96,84.96,84.96,612.0
2025-05-19 13:30:00,84.77,84.86,84.01,84.0999,538679.0
2025-05-19 13:35:00,84.1,84.215,83.865,84.015,537899.0
2025-05-19 13:40:00,84.01,84.025,83.79,83.85,364571.0
2025-05-19 13:45:00,83.83,84.09,83.745,84.035,261938.0
2025-05-19 13:50:00,84.04,84.095,83.79,84.085,162169.0
2025-05-19 13:55:00,84.09,84.23,84.0797,84.17,107811.0
2025-05-19 14:00:00,84.18,84.25,84.13,84.245,173359.0
2025-05-19 14:05:00,84.25,84.365,84.2,84.28,229764.0
2025-05-19 14:10:00,84.2665,84.31,84.19,84.24,150423.0
2025-05-19 14:15:00,84.24,84.49,84.23,84.48,133420.0
2025-05-19 14:20:00,84.485,84.505,84.42,84.47,113675.0
2025-05-19 14:25:00,84.45,84.45,84.31,84.4,100441.0
2025-05-19 14:30:00,84.4,84.5,84.4,84.49,64690.0
2025-05-19 14:35:00,84.49,84.565,84.47,84.555,82681.0
2025-05-19 14:40:00,84.55,84.55,84.392,84.3999,103504.0
2025-05-19 14:45:00,84.395,84.405,84.19,84.21,81808.0
2025-05-19 14:50:00,84.21,84.36,84.17,84.35,77328.0
2025-05-19 14:55:00,84.33,84.33,84.22,84.23,77545.0
2025-05-19 15:00:00,84.23,84.43,84.22,84.43,101252.0
2025-05-19 15:05:00,84.44,84.465,84.36,84.385,92181.0
2025-05-19 15:10:00,84.39,84.405,84.29,84.3,93177.0
2025-05-19 15:15:00,84.29,84.301,84.17,84.21,126125.0
2025-05-19 15:20:00,84.21,84.315,84.21,84.275,165447.0
2025-05-19 15:25:00,84.28,84.28,84.195,84.24,153694.0
2025-05-19 15:30:00,84.24,84.3,84.23,84.2507,98909.0
2025-05-19 15:35:00,84.25,84.35,84.225,84.34,79507.0
2025-05-19 15:40:00,84.34,84.415,84.325,84.41,249305.0
2025-05-19 15:45:00,84.41,84.44,84.37,84.415,185733.0
2025-05-19 15:50:00,84.4101,84.49,84.39,84.46,72499.0
2025-05-19 15:55:00,84.45,84.56,84.45,84.5533,94180.0
2025-05-19 16:00:00,84.56,84.56,84.495,84.51,188801.0
2025-05-20 09:40:00,84.28,84.28,84.28,84.28,848.0
2025-05-20 09:45:00,84.28,84.28,84.28,84.28,250.0
2025-05-20 10:05:00,84.27,84.27,84.27,84.27,260.0
2025-05-20 10:35:00,84.25,84.25,84.25,84.25,118.0
2025-05-20 10:45:00,84.26,84.26,84.26,84.26,143.0
2025-05-20 10:50:00,84.23,84.23,84.22,84.22,315.0
2025-05-20 10:55:00,84.25,84.26,84.25,84.26,881.0
2025-05-20 11:00:00,84.28,84.33,84.28,84.33,3667.0
2025-05-20 11:05:00,84.32,84.32,84.27,84.27,3440.0
2025-05-20 11:10:00,84.27,84.27,84.18,84.18,2030.0
2025-05-20 11:15:00,84.19,84.21,84.19,84.21,3194.0
2025-05-20 11:20:00,84.2,84.2,84.2,84.2,1075.0
2025-05-20 11:25:00,84.18,84.23,84.18,84.23,1238.0
2025-05-20 11:30:00,84.22,84.23,84.22,84.22,1840.0
2025-05-20 11:35:00,84.22,84.24,84.22,84.24,700.0
2025-05-20 11:40:00,84.31,84.31,84.19,84.22,1903.0
2025-05-20 11:45:00,84.28,84.28,84.28,84.28,125.0
2025-05-20 12:00:00,84.1808,84.28,84.03,84.03,913.0
2025-05-20 12:05:00,84.35,84.35,84.35,84.35,100.0
2025-05-20 12:30:00,84.28,84.28,84.28,84.28,379.0
2025-05-20 12:45:00,84.24,84.24,84.22,84.22,458.0
2025-05-20 13:00:00,84.29,84.29,84.29,84.29,607.0
2025-05-20 13:15:00,84.35,84.4,84.35,84.39,2795.0
2025-05-20 13:20:00,84.49,84.49,84.4,84.4,1313.0
2025-05-20 13:25:00,84.33,84.37,84.31,84.32,6103.0
2025-05-20 13:30:00,84.31,84.5,84.195,84.215,492681.0
2025-05-20 13:35:00,84.22,84.335,84.06,84.07,243023.0
2025-05-20 13:40:00,84.075,84.11,83.95,83.97,173190.0
2025-05-20 13:45:00,83.97,84.11,83.95,84.07,107758.0
2025-05-20 13:50:00,84.06,84.265,84.02,84.22,106628.0
2025-05-20 13:55:00,84.21,84.27,84.14,84.155,202942.0
2025-05-20 14:00:00,84.16,84.23,84.045,84.05,631486.0
2025-05-20 14:05:00,84.05,84.05,83.865,83.905,300283.0
2025-05-20 14:10:00,83.9,83.975,83.87,83.965,187655.0
2025-05-20 14:15:00,83.97,83.99,83.855,83.96,193740.0
2025-05-20 14:20:00,83.955,84.055,83.95,84.015,107884.0
2025-05-20 14:25:00,84.02,84.1,84.01,84.04,71526.0
2025-05-20 14:30:00,84.03,84.06,83.97,84.04,68664.0
2025-05-20 14:35:00,84.03,84.14,84.01,84.135,78625.0
2025-05-20 14:40:00,84.125,84.135,84.035,84.09,68535.0
2025-05-20 14:45:00,84.09,84.16,84.0807,84.1399,124989.0
2025-05-20 14:50:00,84.135,84.135,84.07,84.11,105022.0
2025-05-20 14:55:00,84.11,84.125,84.025,84.035,56434.0
2025-05-20 15:00:00,84.03,84.16,84.0051,84.145,98107.0
2025-05-20 15:05:00,84.15,84.185,84.13,84.14,63607.0
2025-05-20 15:10:00,84.14,84.155,84.115,84.13,78985.0
2025-05-20 15:15:00,84.13,84.13,84.0125,84.025,105059.0
2025-05-20 15:20:00,84.025,84.085,83.99,84.07,87561.0
2025-05-20 15:25:00,84.06,84.12,84.04,84.1,64688.0
2025-05-20 15:30:00,84.11,84.11,83.935,84.005,174038.0
2025-05-20 15:35:00,84.005,84.02,83.98,83.99,78404.0
2025-05-20 15:40:00,83.99,84.0,83.91,83.92,69829.0
2025-05-20 15:45:00,83.92,83.94,83.81,83.84,172491.0
2025-05-20 15:50:00,83.84,83.86,83.805,83.84,71915.0
2025-05-20 15:55:00,83.845,83.9955,83.84,83.95,72911.0
2025-05-20 16:00:00,83.94,83.94,83.85,83.85,61346.0
2025-05-21 09:40:00,83.66,83.66,83.57,83.57,1937.0
2025-05-21 09:45:00,83.56,83.56,83.51,83.53,3180.0
2025-05-21 09:55:00,83.52,83.52,83.52,83.52,200.0
2025-05-21 10:00:00,83.53,83.53,83.53,83.53,213.0
2025-05-21 10:20:00,83.52,83.52,83.52,83.52,1173.0
2025-05-21 10:40:00,83.51,83.51,83.5,83.5,420.0
2025-05-21 10:50:00,83.51,83.51,83.51,83.51,446.0
2025-05-21 11:00:00,83.57,83.59,83.57,83.59,1116.0
2025-05-21 11:05:00,83.57,83.57,83.56,83.57,630.0
2025-05-21 11:10:00,83.56,83.56,83.56,83.56,384.0
2025-05-21 11:25:00,83.58,83.6,83.54,83.6,15491.0
2025-05-21 11:30:00,83.61,83.61,83.56,83.57,7692.0
2025-05-21 12:00:00,83.54,84.09,83.54,83.61,2454.0
2025-05-21 12:05:00,83.5758,83.5758,83.5727,83.5727,579.0
2025-05-21 12:10:00,83.65,83.65,83.65,83.65,100.0
2025-05-21 12:15:00,83.67,83.7,83.67,83.7,3675.0
2025-05-21 12:20:00,83.7,83.72,83.7,83.72,2944.0
2025-05-21 12:25:00,83.72,83.72,83.69,83.7,2881.0
2025-05-21 12:35:00,83.6,83.69,83.6,83.69,1574.0
2025-05-21 12:40:00,83.59,83.59,83.59,83.59,794.0
2025-05-21 12:45:00,83.54,83.54,83.5,83.5,1738.0
2025-05-21 12:50:00,83.55,83.55,83.51,83.51,804.0
2025-05-21 13:00:00,83.41,83.41,83.41,83.41,411.0
2025-05-21 13:05:00,83.34,83.34,83.34,83.34,647.0
2025-05-21 13:10:00,83.32,83.32,83.32,83.32,253.0
2025-05-21 13:15:00,83.3,83.3,83.25,83.26,16678.0
2025-05-21 13:20:00,83.23,83.26,83.2,83.2,4587.0
2025-05-21 13:25:00,83.2,83.2,83.0,83.0,17886.0
2025-05-21 13:30:00,83.09,83.25,83.0,83.035,428177.0
2025-05-21 13:35:00,83.05,83.15,82.97,83.07,354958.0
2025-05-21 13:40:00,83.09,83.12,82.92,82.935,170124.0
2025-05-21 13:45:00,82.94,82.96,82.735,82.75,226051.0
2025-05-21 13:50:00,82.75,83.025,82.75,83.02,225444.0
2025-05-21 13:55:00,83.01,83.05,82.92,82.925,127094.0
2025-05-21 14:00:00,82.91,82.935,82.68,82.69,427076.0
2025-05-21 14:05:00,82.69,82.7,82.59,82.605,168124.0
2025-05-21 14:10:00,82.61,82.63,82.49,82.62,191514.0
2025-05-21 14:15:00,82.615,82.85,82.6,82.83,114207.0
2025-05-21 14:20:00,82.835,82.9451,82.82,82.935,125947.0
2025-05-21 14:25:00,82.94,82.96,82.86,82.86,173601.0
2025-05-21 14:30:00,82.85,82.85,82.595,82.595,116233.0
2025-05-21 14:35:00,82.61,82.725,82.57,82.68,89033.0
2025-05-21 14:40:00,82.68,82.8,82.67,82.69,87572.0
2025-05-21 14:45:00,82.698,82.7363,82.55,82.57,83944.0
2025-05-21 14:50:00,82.565,82.61,82.54,82.6,120741.0
2025-05-21 14:55:00,82.595,82.66,82.55,82.55,88074.0
2025-05-21 15:00:00,82.54,82.61,82.51,82.575,123148.0
2025-05-21 15:05:00,82.58,82.595,82.425,82.56,159510.0
2025-05-21 15:10:00,82.57,82.69,82.54,82.68,82433.0
2025-05-21 15:15:00,82.68,82.71,82.655,82.69,223553.0
2025-05-21 15:20:00,82.7,82.835,82.7,82.835,152521.0
2025-05-21 15:25:00,82.84,82.88,82.8,82.815,178506.0
2025-05-21 15:30:00,82.815,82.92,82.81,82.84,87819.0
2025-05-21 15:35:00,82.83,82.83,82.69,82.715,63087.0
2025-05-21 15:40:00,82.72,82.765,82.62,82.62,65005.0
2025-05-21 15:45:00,82.615,82.725,82.61,82.7,218443.0
2025-05-21 15:50:00,82.7,82.8399,82.69,82.8399,71773.0
2025-05-21 15:55:00,82.84,82.845,82.68,82.68,57968.0
2025-05-21 16:00:00,82.68,82.74,82.67,82.71,33015.0
2025-05-22 09:30:00,81.99,82.0,81.99,82.0,1077.0
2025-05-22 09:55:00,81.89,81.89,81.87,81.88,1864.0
2025-05-22 10:20:00,81.87,81.87,81.87,81.87,317.0
2025-05-22 10:25:00,81.85,81.85,81.85,81.85,100.0
2025-05-22 10:40:00,81.78,81.8,81.78,81.78,1388.0
2025-05-22 10:45:00,81.79,81.79,81.79,81.79,655.0
2025-05-22 10:50:00,81.75,81.75,81.75,81.75,2242.0
2025-05-22 10:55:00,81.71,81.72,81.7,81.71,3488.0
2025-05-22 11:00:00,81.7,81.74,81.7,81.72,5071.0
2025-05-22 11:10:00,81.77,81.77,81.77,81.77,206.0
2025-05-22 11:15:00,81.74,81.74,81.71,81.71,800.0
2025-05-22 11:20:00,81.82,81.82,81.75,81.75,2346.0
2025-05-22 11:30:00,81.78,81.78,81.78,81.78,200.0
2025-05-22 11:35:00,81.77,81.77,81.77,81.77,556.0
2025-05-22 11:40:00,81.74,81.77,81.74,81.77,856.0
2025-05-22 11:45:00,81.77,81.77,81.71,81.71,517.0
2025-05-22 11:50:00,81.66,81.66,81.66,81.66,203.0
2025-05-22 11:55:00,81.62,81.62,81.62,81.62,408.0
2025-05-22 12:00:00,81.72,81.94,81.72,81.81,2256.0
2025-05-22 12:10:00,81.62,81.62,81.62,81.62,171.0
2025-05-22 12:15:00,81.66,81.66,81.55,81.55,3920.0
2025-05-22 12:20:00,81.55,81.55,81.49,81.49,19404.0
2025-05-22 12:25:00,81.47,81.47,81.47,81.47,203.0
2025-05-22 12:30:00,81.3922,81.3922,81.3922,81.3922,1015.0
2025-05-22 12:35:00,81.45,81.5,81.42,81.5,17740.0
2025-05-22 12:40:00,81.55,81.55,81.55,81.55,747.0
2025-05-22 12:45:00,81.55,81.55,81.54,81.54,625.0
2025-05-22 12:50:00,81.62,81.63,81.605,81.62,1133.0
2025-05-22 12:55:00,81.5489,81.5489,81.5489,81.5489,176.0
2025-05-22 13:00:00,81.6299,81.63,81.6299,81.63,374.0
2025-05-22 13:05:00,81.68,81.68,81.61,81.61,1083.0
2025-05-22 13:10:00,81.69,81.69,81.65,81.67,3992.0
2025-05-22 13:15:00,81.66,81.67,81.63,81.63,2570.0
2025-05-22 13:20:00,81.62,81.62,81.61,81.61,3060.0
2025-05-22 13:25:00,81.67,81.73,81.66,81.69,8293.0
2025-05-22 13:30:00,81.62,81.63,80.87,80.905,403908.0
2025-05-22 13:35:00,80.89,81.0,80.78,80.95,330605.0
2025-05-22 13:40:00,80.94,81.2,80.92,81.05,177593.0
2025-05-22 13:45:00,81.05,81.14,80.99,81.03,317852.0
2025-05-22 13:50:00,81.04,81.23,80.96,81.085,319271.0
2025-05-22 13:55:00,81.08,81.09,80.86,80.87,202408.0
2025-05-22 14:00:00,80.87,80.89,80.72,80.83,235809.0
2025-05-22 14:05:00,80.83,81.055,80.83,81.02,206996.0
2025-05-22 14:10:00,81.01,81.015,80.87,80.955,170677.0
2025-05-22 14:15:00,80.95,81.27,80.95,81.23,159301.0
2025-05-22 14:20:00,81.2,81.2,81.065,81.13,106747.0
2025-05-22 14:25:00,81.12,81.13,80.99,80.99,80048.0
2025-05-22 14:30:00,80.985,81.0003,80.93,80.97,120362.0
2025-05-22 14:35:00,80.96,81.0,80.89,80.91,100478.0
2025-05-22 14:40:00,80.91,81.04,80.87,80.87,205433.0
2025-05-22 14:45:00,80.87,80.945,80.83,80.93,144990.0
2025-05-22 14:50:00,80.95,81.055,80.945,81.015,80104.0
2025-05-22 14:55:00,81.0,81.005,80.82,80.96,89117.0
2025-05-22 15:00:00,80.965,81.16,80.955,81.12,163112.0
2025-05-22 15:05:00,81.12,81.23,81.12,81.225,113849.0
2025-05-22 15:10:00,81.22,81.235,81.13,81.13,73511.0
2025-05-22 15:15:00,81.13,81.14,80.99,81.0401,74024.0
2025-05-22 15:20:00,81.055,81.17,81.0371,81.165,110057.0
2025-05-22 15:25:00,81.165,81.21,81.04,81.04,146575.0
2025-05-22 15:30:00,81.045,81.16,81.035,81.13,127875.0
2025-05-22 15:35:00,81.14,81.26,81.11,81.225,85420.0
2025-05-22 15:40:00,81.225,81.2942,81.2235,81.27,62299.0
2025-05-22 15:45:00,81.26,81.27,81.16,81.175,89071.0
2025-05-22 15:50:00,81.17,81.28,81.14,81.28,73266.0
2025-05-22 15:55:00,81.27,81.35,81.26,81.35,93398.0
2025-05-22 16:00:00,81.35,81.515,81.33,81.46,166635.0
2025-05-23 10:05:00,81.84,81.84,81.84,81.84,303.0
2025-05-23 11:00:00,81.88,81.88,81.88,81.88,237.0
2025-05-23 11:05:00,81.89,81.89,81.89,81.89,100.0
2025-05-23 11:20:00,81.97,81.99,81.97,81.97,491.0
2025-05-23 11:40:00,81.75,81.75,81.23,81.23,17546.0
2025-05-23 11:45:00,81.17,81.17,80.91,80.95,20093.0
2025-05-23 11:50:00,80.96,80.96,80.89,80.95,615.0
2025-05-23 11:55:00,80.99,80.99,80.84,80.85,6625.0
2025-05-23 12:00:00,81.78,81.92,80.75,80.75,2069.0
2025-05-23 12:05:00,80.79,80.83,80.5,80.5,79714.0
2025-05-23 12:10:00,80.5501,80.8,80.5501,80.69,1646.0
2025-05-23 12:15:00,80.78,80.97,80.78,80.78,10727.0
2025-05-23 12:20:00,80.77,80.83,80.75,80.75,4721.0
2025-05-23 12:25:00,80.835,80.9,80.82,80.9,7319.0
2025-05-23 12:30:00,81.0,81.0,80.98,81.0,1298.0
2025-05-23 12:35:00,81.0,81.01,80.891,81.01,2747.0
2025-05-23 12:40:00,80.96,81.015,80.96,81.015,470.0
2025-05-23 12:45:00,81.07,81.07,81.07,81.07,243.0
2025-05-23 12:50:00,81.01,81.03,81.01,81.03,479.0
2025-05-23 12:55:00,80.91,80.91,80.91,80.91,768.0
2025-05-23 13:00:00,81.03,81.04,81.03,81.04,3054.0
2025-05-23 13:05:00,80.95,80.975,80.92,80.96,1641.0
2025-05-23 13:10:00,80.9,80.9,80.81,80.81,802.0
2025-05-23 13:15:00,80.89,80.9,80.89,80.9,7211.0
2025-05-23 13:20:00,80.9,80.9,80.9,80.9,718.0
2025-05-23 13:25:00,80.92,81.0,80.91,81.0,680.0
2025-05-23 13:30:00,81.01,81.33,80.98,81.31,741796.0
2025-05-23 13:35:00,81.305,81.44,81.26,81.34,666665.0
2025-05-23 13:40:00,81.345,81.51,81.3,81.4801,368394.0
2025-05-23 13:45:00,81.485,81.58,81.37,81.54,368983.0
2025-05-23 13:50:00,81.54,81.695,81.51,81.55,532000.0
2025-05-23 13:55:00,81.55,81.58,81.42,81.42,123312.0
2025-05-23 14:00:00,81.42,81.53,81.39,81.46,297417.0
2025-05-23 14:05:00,81.46,81.595,81.42,81.48,141915.0
2025-05-23 14:10:00,81.47,81.58,81.37,81.42,231450.0
2025-05-23 14:15:00,81.41,81.44,81.27,81.28,120445.0
2025-05-23 14:20:00,81.27,81.465,81.21,81.46,162624.0
2025-05-23 14:25:00,81.46,81.545,81.4535,81.49,136004.0
2025-05-23 14:30:00,81.49,81.555,81.47,81.53,106686.0
2025-05-23 14:35:00,81.54,81.54,81.29,81.3198,115617.0
2025-05-23 14:40:00,81.315,81.38,81.235,81.365,103152.0
2025-05-23 14:45:00,81.365,81.4762,81.36,81.41,59732.0
2025-05-23 14:50:00,81.4,81.41,81.17,81.17,89374.0
2025-05-23 14:55:00,81.17,81.1867,81.1,81.165,63519.0
2025-05-23 15:00:00,81.165,81.325,81.14,81.29,74843.0
2025-05-23 15:05:00,81.28,81.32,81.18,81.31,95893.0
2025-05-23 15:10:00,81.32,81.37,81.28,81.355,66205.0
2025-05-23 15:15:00,81.35,81.39,81.3,81.345,154057.0
2025-05-23 15:20:00,81.35,81.49,81.35,81.48,69576.0
2025-05-23 15:25:00,81.49,81.535,81.45,81.525,113532.0
2025-05-23 15:30:00,81.52,81.63,81.51,81.61,114983.0
2025-05-23 15:35:00,81.62,81.695,81.56,81.633576,85894.0
2025-05-23 15:40:00,81.635,81.67,81.6,81.665,115370.0
2025-05-23 15:45:00,81.67,81.7,81.61,81.69,57171.0
2025-05-23 15:50:00,81.69,81.71,81.55,81.56,58990.0
2025-05-23 15:55:00,81.57,81.57,81.42,81.43,65689.0
2025-05-23 16:00:00,81.43,81.575,81.42,81.47,122839.0
2025-05-27 09:40:00,82.83,82.83,82.83,82.83,127.0
2025-05-27 11:00:00,82.54,82.77,82.54,82.77,611.0
2025-05-27 11:20:00,82.69,82.69,82.69,82.69,169.0
2025-05-27 11:25:00,82.7,82.7,82.7,82.7,410.0
2025-05-27 11:50:00,82.71,82.71,82.71,82.71,505.0
2025-05-27 12:00:00,82.49,82.71,82.19,82.58,14656.0
2025-05-27 12:05:00,82.63,82.63,82.63,82.63,231.0
2025-05-27 12:10:00,82.59,82.59,82.59,82.59,605.0
2025-05-27 12:25:00,82.59,82.59,82.59,82.59,104.0
2025-05-27 12:35:00,82.69,82.69,82.61,82.61,1668.0
2025-05-27 12:40:00,82.62,82.69,82.62,82.62,567.0
2025-05-27 12:45:00,82.65,82.65,82.62,82.63,1984.0
2025-05-27 12:50:00,82.68,82.68,82.68,82.68,221.0
2025-05-27 12:55:00,82.62,82.62,82.62,82.62,217.0
2025-05-27 13:00:00,82.62,82.62,82.59,82.59,4542.0
2025-05-27 13:05:00,82.59,82.68,82.59,82.63,3013.0
2025-05-27 13:15:00,82.61,82.62,82.57,82.59,3401.0
2025-05-27 13:20:00,82.59,82.59,82.58,82.58,1797.0
2025-05-27 13:25:00,82.63,82.63,82.31,82.56,5591.0
2025-05-27 13:30:00,82.56,82.68,81.98,82.04,351388.0
2025-05-27 13:35:00,82.03,82.31,81.95,82.31,328698.0
2025-05-27 13:40:00,82.3,82.41,82.27,82.29,183461.0
2025-05-27 13:45:00,82.29,82.3707,82.27,82.31,176368.0
2025-05-27 13:50:00,82.305,82.345,82.075,82.21,136826.0
2025-05-27 13:55:00,82.22,82.25,82.12,82.13,87559.0
2025-05-27 14:00:00,82.12,82.18,82.08,82.14,152089.0
2025-05-27 14:05:00,82.15,82.25,82.0745,82.075,101217.0
2025-05-27 14:10:00,82.075,82.08,81.955,82.08,74539.0
2025-05-27 14:15:00,82.085,82.285,82.08,82.27,136972.0
2025-05-27 14:20:00,82.28,82.45,82.2773,82.42,114341.0
2025-05-27 14:25:00,82.415,82.565,82.325,82.335,165792.0
2025-05-27 14:30:00,82.33,82.38,82.285,82.34,148594.0
2025-05-27 14:35:00,82.345,82.42,82.335,82.405,109124.0
2025-05-27 14:40:00,82.4,82.465,82.355,82.44,120230.0
2025-05-27 14:45:00,82.44,82.455,82.4,82.4,96949.0
2025-05-27 14:50:00,82.4,82.43,82.21,82.315,132608.0
2025-05-27 14:55:00,82.31,82.35,82.285,82.31,86605.0
2025-05-27 15:00:00,82.31,82.465,82.31,82.465,69496.0
2025-05-27 15:05:00,82.46,82.52,82.43,82.445,72154.0
2025-05-27 15:10:00,82.43,82.44,82.335,82.4,92579.0
2025-05-27 15:15:00,82.39,82.5,82.39,82.48,110060.0
2025-05-27 15:20:00,82.47,82.515,82.37,82.41,85410.0
2025-05-27 15:25:00,82.42,82.55,82.385,82.52,71187.0
2025-05-27 15:30:00,82.5146,82.545,82.45,82.545,95522.0
2025-05-27 15:35:00,82.545,82.64,82.495,82.62,101436.0
2025-05-27 15:40:00,82.62,82.6471,82.57,82.59,81386.0
2025-05-27 15:45:00,82.58,82.62,82.57,82.57,70050.0
2025-05-27 15:50:00,82.57,82.57,82.41,82.49,123278.0
2025-05-27 15:55:00,82.49,82.53,82.445,82.45,71084.0
2025-05-27 16:00:00,82.45,82.59,82.44,82.53,156117.0
2025-05-28 10:10:00,82.62,82.62,82.62,82.62,169.0
2025-05-28 10:15:00,82.67,82.67,82.67,82.67,933.0
2025-05-28 10:50:00,82.8,82.8,82.8,82.8,875.0
2025-05-28 11:45:00,82.84,82.84,82.84,82.84,1996.0
2025-05-28 12:00:00,82.59,82.83,82.59,82.83,1899.0
2025-05-28 12:05:00,82.8891,82.8891,82.8891,82.8891,100.0
2025-05-28 12:10:00,82.81,82.88,82.81,82.88,550.0
2025-05-28 12:35:00,82.85,82.85,82.84,82.85,485.0
2025-05-28 12:45:00,82.91,82.91,82.9,82.9,1036.0
2025-05-28 12:50:00,82.95,82.95,82.95,82.95,104.0
2025-05-28 12:55:00,82.955,82.955,82.955,82.955,105.0
2025-05-28 13:00:00,82.96,83.05,82.96,83.0,10618.0
2025-05-28 13:05:00,83.01,83.01,83.01,83.01,1077.0
2025-05-28 13:10:00,83.01,83.01,83.01,83.01,534.0
2025-05-28 13:25:00,83.04,83.36,83.04,83.16,5761.0
2025-05-28 13:30:00,83.1,83.35,82.81,82.82,386542.0
2025-05-28 13:35:00,82.81,82.84,82.54,82.56,218038.0
2025-05-28 13:40:00,82.55,82.58,82.385,82.56,229814.0
2025-05-28 13:45:00,82.56,82.635,82.35,82.36,200763.0
2025-05-28 13:50:00,82.36,82.415,82.28,82.36,208840.0
2025-05-28 13:55:00,82.365,82.47,82.35,82.385,143345.0
2025-05-28 14:00:00,82.4,82.46,82.265,82.29,140047.0
2025-05-28 14:05:00,82.28,82.355,82.25,82.275,187587.0
2025-05-28 14:10:00,82.265,82.325,82.17,82.21,109468.0
2025-05-28 14:15:00,82.21,82.3,82.155,82.3,124954.0
2025-05-28 14:20:00,82.3,82.4125,82.265,82.39,109449.0
2025-05-28 14:25:00,82.39,82.42,82.33,82.345,169642.0
2025-05-28 14:30:00,82.34,82.345,82.17,82.33,96047.0
2025-05-28 14:35:00,82.32,82.325,82.195,82.215,60615.0
2025-05-28 14:40:00,82.215,82.25,82.15,82.17,60337.0
2025-05-28 14:45:00,82.17,82.19,82.105,82.15,65553.0
2025-05-28 14:50:00,82.12,82.125,82.01,82.05,134828.0
2025-05-28 14:55:00,82.05,82.19,82.04,82.19,65978.0
2025-05-28 15:00:00,82.195,82.315,82.18,82.3,103581.0
2025-05-28 15:05:00,82.3,82.325,82.09,82.14,85604.0
2025-05-28 15:10:00,82.15,82.15,82.0,82.0,439700.0
2025-05-28 15:15:00,82.0,82.055,81.97,82.05,88585.0
2025-05-28 15:20:00,82.06,82.135,81.995,82.02,71259.0
2025-05-28 15:25:00,82.0226,82.045,81.91,81.91,140767.0
2025-05-28 15:30:00,81.91,81.915,81.835,81.885,216771.0
2025-05-28 15:35:00,81.888,82.16,81.88,82.13,173941.0
2025-05-28 15:40:00,82.13,82.13,81.98,82.03,153017.0
2025-05-28 15:45:00,82.02,82.02,81.939,81.975,140625.0
2025-05-28 15:50:00,81.98,82.005,81.9502,81.99,67839.0
2025-05-28 15:55:00,81.99,82.025,81.93,81.965,55661.0
2025-05-28 16:00:00,81.975,82.1165,81.975,82.095,77855.0
2025-05-29 10:00:00,82.6,82.6,82.6,82.6,196.0
2025-05-29 10:05:00,82.72,82.73,82.72,82.72,1134.0
2025-05-29 10:15:00,82.57,82.57,82.57,82.57,101.0
2025-05-29 10:30:00,82.41,82.41,82.41,82.41,133.0
2025-05-29 10:35:00,82.34,82.34,82.28,82.28,996.0
2025-05-29 10:50:00,82.22,82.22,82.22,82.22,728.0
2025-05-29 11:10:00,82.17,82.17,82.17,82.17,500.0
2025-05-29 11:20:00,82.21,82.23,82.14,82.2,20564.0
2025-05-29 11:25:00,82.16,82.2,82.14,82.2,1870.0
2025-05-29 11:30:00,82.11,82.11,82.11,82.11,570.0
2025-05-29 11:40:00,82.21,82.22,82.13,82.22,11039.0
2025-05-29 11:50:00,82.06,82.13,82.06,82.1,2640.0
2025-05-29 11:55:00,82.03,82.03,82.03,82.03,1220.0
2025-05-29 12:00:00,82.13,82.87,81.9308,82.87,2414.0
2025-05-29 12:10:00,81.9,81.9,81.9,81.9,127.0
2025-05-29 12:20:00,81.9,81.9,81.9,81.9,228.0
2025-05-29 12:35:00,81.91,81.91,81.8,81.85,2487.0
2025-05-29 12:40:00,81.76,81.76,81.76,81.76,722.0
2025-05-29 12:45:00,81.76,81.76,81.76,81.76,208.0
2025-05-29 13:05:00,81.78,81.7873,81.68,81.68,2305.0
2025-05-29 13:10:00,81.66,81.66,81.66,81.66,124.0
2025-05-29 13:15:00,81.74,81.74,81.74,81.74,266.0
2025-05-29 13:20:00,81.66,81.68,81.66,81.67,300.0
2025-05-29 13:25:00,81.67,81.74,81.67,81.74,1583.0
2025-05-29 13:30:00,81.78,81.78,81.535,81.545,431556.0
2025-05-29 13:35:00,81.545,81.9,81.51,81.855,786900.0
2025-05-29 13:40:00,81.85,81.96,81.755,81.89,381755.0
2025-05-29 13:45:00,81.89,81.95,81.78,81.87,418607.0
2025-05-29 13:50:00,81.87,82.0,81.76,81.9801,230226.0
2025-05-29 13:55:00,81.985,82.01,81.69,81.88,180506.0
2025-05-29 14:00:00,81.87,81.99,81.77,81.77,179976.0
2025-05-29 14:05:00,81.76,81.76,81.42,81.45,206440.0
2025-05-29 14:10:00,81.45,81.655,81.45,81.5854,233928.0
2025-05-29 14:15:00,81.59,81.63,81.275,81.3,207704.0
2025-05-29 14:20:00,81.2946,81.5836,81.2946,81.535,145711.0
2025-05-29 14:25:00,81.53,81.625,81.52,81.55,82962.0
2025-05-29 14:30:00,81.54,81.58,81.46,81.48,194502.0
2025-05-29 14:35:00,81.48,81.645,81.48,81.57,70534.0
2025-05-29 14:40:00,81.57,81.595,81.435,81.495,66322.0
2025-05-29 14:45:00,81.5,81.615,81.47,81.595,76219.0
2025-05-29 14:50:00,81.59,81.685,81.55,81.645,76401.0
2025-05-29 14:55:00,81.65,81.755,81.65,81.715,42613.0
2025-05-29 15:00:00,81.715,81.715,81.51,81.54,62035.0
2025-05-29 15:05:00,81.535,81.61,81.435,81.59,85069.0
2025-05-29 15:10:00,81.58,81.7,81.58,81.595,66751.0
2025-05-29 15:15:00,81.6,81.64,81.56,81.575,40911.0
2025-05-29 15:20:00,81.57,81.72,81.565,81.68,40914.0
2025-05-29 15:25:00,81.68,81.795,81.68,81.735,63087.0
2025-05-29 15:30:00,81.73,81.75,81.5,81.55,60112.0
2025-05-29 15:35:00,81.57,81.58,81.415,81.44,126048.0
2025-05-29 15:40:00,81.435,81.5351,81.42,81.51,57687.0
2025-05-29 15:45:00,81.505,81.52,81.405,81.41,63693.0
2025-05-29 15:50:00,81.415,81.59,81.41,81.495,80153.0
2025-05-29 15:55:00,81.49,81.56,81.275,81.37,159665.0
2025-05-29 16:00:00,81.37,81.465,81.26,81.44,213974.0
2025-05-30 10:15:00,82.34,82.4,82.34,82.4,599.0
2025-05-30 11:30:00,82.3,82.3,82.3,82.3,1114.0
2025-05-30 11:55:00,82.31,82.31,81.81,82.24,27193.0
2025-05-30 12:00:00,82.28,82.28,82.0,82.09,8358.0
2025-05-30 12:05:00,82.09,82.09,81.79,81.88,4752.0
2025-05-30 12:10:00,81.82,81.92,81.49,81.56,24934.0
2025-05-30 12:15:00,81.51,82.11,81.51,82.11,8228.0
2025-05-30 12:20:00,81.74,81.75,81.74,81.75,3878.0
2025-05-30 12:25:00,81.67,81.67,81.67,81.67,322.0
2025-05-30 12:30:00,81.8,81.8,81.75,81.78,967.0
2025-05-30 12:40:00,81.72,81.76,81.61,81.66,6879.0
2025-05-30 12:45:00,81.65,81.65,81.51,81.63,13140.0
2025-05-30 12:50:00,81.68,81.692,81.68,81.692,3890.0
2025-05-30 12:55:00,81.68,81.7,81.59,81.6,5109.0
2025-05-30 13:00:00,81.67,81.81,81.63,81.63,6879.0
2025-05-30 13:05:00,81.72,81.82,81.72,81.77,11800.0
2025-05-30 13:10:00,81.66,81.66,81.66,81.66,118.0
2025-05-30 13:15:00,81.65,81.75,81.65,81.75,585.0
2025-05-30 13:20:00,81.77,81.77,81.77,81.77,183.0
2025-05-30 13:25:00,81.77,81.77,81.59,81.72,2971.0
2025-05-30 13:30:00,81.63,81.76,81.38,81.51,400224.0
2025-05-30 13:35:00,81.52,81.56,81.32,81.43,463419.0
2025-05-30 13:40:00,81.421,81.67,81.39,81.595,215348.0
2025-05-30 13:45:00,81.6,81.75,81.46,81.48,421263.0
2025-05-30 13:50:00,81.48,81.63,81.4,81.5836,246014.0
2025-05-30 13:55:00,81.58,81.62,81.51,81.565,115849.0
2025-05-30 14:00:00,81.56,81.74,81.555,81.62,233679.0
2025-05-30 14:05:00,81.625,81.74,81.605,81.71,163782.0
2025-05-30 14:10:00,81.71,81.75,81.57,81.615,202803.0
2025-05-30 14:15:00,81.62,81.73,81.605,81.725,135185.0
2025-05-30 14:20:00,81.73,81.835,81.65,81.78,110192.0
2025-05-30 14:25:00,81.79,81.85,81.73,81.84,90040.0
2025-05-30 14:30:00,81.84,81.94,81.83,81.835,144835.0
2025-05-30 14:35:00,81.835,81.955,81.76,81.94,93120.0
2025-05-30 14:40:00,81.93,81.935,81.775,81.775,123411.0
2025-05-30 14:45:00,81.77,81.77,81.675,81.72,132141.0
2025-05-30 14:50:00,81.73,81.76,81.65,81.73,208762.0
2025-05-30 14:55:00,81.735,81.84,81.67,81.68,136244.0
2025-05-30 15:00:00,81.69,81.74,81.655,81.6845,212802.0
2025-05-30 15:05:00,81.6871,81.79,81.66,81.71,138253.0
2025-05-30 15:10:00,81.71,81.74,81.63,81.64,101577.0
2025-05-30 15:15:00,81.65,81.67,81.56,81.59,119582.0
2025-05-30 15:20:00,81.6,81.65,81.58,81.585,79309.0
2025-05-30 15:25:00,81.58,81.69,81.56,81.61,91840.0
2025-05-30 15:30:00,81.6,81.655,81.37,81.4,181217.0
2025-05-30 15:35:00,81.41,81.48,81.4,81.47,124319.0
2025-05-30 15:40:00,81.465,81.465,81.33,81.345,91992.0
2025-05-30 15:45:00,81.34,81.375,81.315,81.36,84672.0
2025-05-30 15:50:00,81.35,81.3869,81.18,81.235,181750.0
2025-05-30 15:55:00,81.24,81.29,81.185,81.1951,110973.0
2025-05-30 16:00:00,81.2,81.24,81.18,81.2,108573.0
2025-06-02 09:40:00,82.27,82.27,82.26,82.26,370.0
2025-06-02 10:00:00,82.38,82.38,82.38,82.38,378.0
2025-06-02 10:05:00,82.44,82.44,82.44,82.44,484.0
2025-06-02 10:30:00,82.39,82.39,82.39,82.39,100.0
2025-06-02 10:35:00,82.4,82.4,82.4,82.4,100.0
2025-06-02 10:40:00,82.49,82.5,82.45,82.45,3170.0
2025-06-02 10:45:00,82.51,82.51,82.51,82.51,138.0
2025-06-02 10:55:00,82.62,82.62,82.62,82.62,593.0
2025-06-02 11:00:00,82.55,82.58,82.52,82.54,3765.0
2025-06-02 11:05:00,82.55,82.55,82.54,82.54,362.0
2025-06-02 11:10:00,82.57,82.58,82.57,82.57,365.0
2025-06-02 11:15:00,82.57,82.57,82.55,82.56,430.0
2025-06-02 11:20:00,82.56,82.56,82.53,82.53,1708.0
2025-06-02 11:25:00,82.55,82.6,82.55,82.6,3321.0
2025-06-02 11:30:00,82.6,82.65,82.55,82.58,4649.0
2025-06-02 11:35:00,82.58,82.62,82.58,82.62,530.0
2025-06-02 11:45:00,82.59,82.61,82.59,82.61,1967.0
2025-06-02 11:50:00,82.59,82.59,82.56,82.56,1104.0
2025-06-02 11:55:00,82.61,82.61,82.52,82.52,1001.0
2025-06-02 12:00:00,82.5892,82.61,81.88,82.6,5274.0
2025-06-02 12:05:00,82.6,82.6,82.57,82.57,1924.0
2025-06-02 12:10:00,82.62,82.69,82.59,82.63,4567.0
2025-06-02 12:15:00,82.6,82.69,82.6,82.68,1497.0
2025-06-02 12:20:00,82.66,82.68,82.65,82.68,887.0
2025-06-02 12:25:00,82.69,82.77,82.68,82.73,9412.0
2025-06-02 12:30:00,82.7699,82.77,82.71,82.77,1225.0
2025-06-02 12:35:00,82.76,82.76,82.75,82.75,2543.0
2025-06-02 12:40:00,82.78,82.81,82.76,82.78,3020.0
2025-06-02 12:45:00,82.75,82.81,82.75,82.81,1145.0
2025-06-02 12:50:00,82.75,82.75,82.73,82.73,1556.0
2025-06-02 12:55:00,82.79,82.79,82.74,82.74,2873.0
2025-06-02 13:00:00,82.81,82.81,82.75,82.77,9714.0
2025-06-02 13:05:00,82.74,82.86,82.74,82.86,12420.0
2025-06-02 13:10:00,82.8595,82.89,82.8,82.88,16509.0
2025-06-02 13:15:00,82.88,83.0,82.88,82.99,19422.0
2025-06-02 13:20:00,82.93,82.96,82.93,82.96,2353.0
2025-06-02 13:25:00,82.95,83.06,82.95,83.06,18983.0
2025-06-02 13:30:00,83.06,83.17,82.37,82.46,840024.0
2025-06-02 13:35:00,82.46,82.66,82.37,82.5046,556045.0
2025-06-02 13:40:00,82.5,82.5,82.08,82.135,314893.0
2025-06-02 13:45:00,82.14,82.14,81.6807,81.81,250918.0
2025-06-02 13:50:00,81.8,82.01,81.65,82.0,292655.0
2025-06-02 13:55:00,82.0,82.24,81.97,81.995,268652.0
2025-06-02 14:00:00,81.96,82.01,81.6546,81.79,264400.0
2025-06-02 14:05:00,81.795,82.09,81.79,81.94,232427.0
2025-06-02 14:10:00,81.94,82.26,81.93,82.06,194134.0
2025-06-02 14:15:00,82.07,82.18,82.0,82.015,140870.0
2025-06-02 14:20:00,82.01,82.33,81.98,82.15,132677.0
2025-06-02 14:25:00,82.14,82.3,82.1,82.3,101118.0
2025-06-02 14:30:00,82.29,82.42,82.19,82.405,236082.0
2025-06-02 14:35:00,82.41,82.53,82.39,82.48,311128.0
2025-06-02 14:40:00,82.5,82.665,82.5,82.59,145413.0
2025-06-02 14:45:00,82.59,82.69,82.58,82.6,126899.0
2025-06-02 14:50:00,82.6,82.71,82.48,82.655,145824.0
2025-06-02 14:55:00,82.66,82.69,82.46,82.5,139058.0
2025-06-02 15:00:00,82.51,82.555,82.38,82.4,228842.0
2025-06-02 15:05:00,82.41,82.46,82.275,82.33,393554.0
2025-06-02 15:10:00,82.32,82.51,82.3,82.46,166020.0
2025-06-02 15:15:00,82.46,82.565,82.425,82.46,269231.0
2025-06-02 15:20:00,82.46,82.47,82.345,82.345,148138.0
2025-06-02 15:25:00,82.35,82.36,82.22,82.26,126760.0
2025-06-02 15:30:00,82.25,82.3401,82.22,82.23,103073.0
2025-06-02 15:35:00,82.22,82.305,82.21,82.29,177556.0
2025-06-02 15:40:00,82.29,82.38,82.25,82.375,134717.0
2025-06-02 15:45:00,82.38,82.43,82.32,82.41,175849.0
2025-06-02 15:50:00,82.41,82.51,82.38,82.485,136282.0
2025-06-02 15:55:00,82.48,82.5599,82.465,82.55,120518.0
2025-06-02 16:00:00,82.56,82.65,82.53,82.6,104555.0
2025-06-03 09:45:00,82.2,82.2,82.2,82.2,191.0
2025-06-03 09:55:00,82.18,82.18,82.18,82.18,156.0
2025-06-03 10:00:00,82.09,82.09,82.06,82.06,1119.0
2025-06-03 10:30:00,82.08,82.09,82.08,82.09,542.0
2025-06-03 10:35:00,82.1,82.11,82.09,82.11,2840.0
2025-06-03 10:50:00,82.15,82.15,82.15,82.15,294.0
2025-06-03 10:55:00,82.16,82.16,82.16,82.16,400.0
2025-06-03 11:00:00,82.29,82.29,82.21,82.28,1333.0
2025-06-03 11:05:00,82.29,82.31,82.27,82.31,1396.0
2025-06-03 11:10:00,82.28,82.3,82.28,82.3,242.0
2025-06-03 11:15:00,82.31,82.31,82.29,82.29,1944.0
2025-06-03 11:25:00,82.29,82.31,82.29,82.31,2610.0
2025-06-03 11:45:00,82.42,82.42,82.42,82.42,306.0
2025-06-03 11:55:00,82.47,82.47,82.47,82.47,800.0
2025-06-03 12:00:00,82.12,82.4199,82.12,82.21,3177.0
2025-06-03 12:10:00,82.55,82.56,82.55,82.56,1348.0
2025-06-03 12:15:00,82.59,82.59,82.52,82.52,882.0
2025-06-03 12:20:00,82.5001,82.54,82.5001,82.54,1124.0
2025-06-03 12:25:00,82.6,82.63,82.6,82.6,1353.0
2025-06-03 12:30:00,82.65,82.65,82.59,82.59,912.0
2025-06-03 12:50:00,82.61,82.61,82.57,82.57,824.0
2025-06-03 13:00:00,82.61,82.61,82.61,82.61,268.0
2025-06-03 13:15:00,82.53,82.53,82.48,82.48,3627.0
2025-06-03 13:25:00,82.51,82.67,82.51,82.67,850.0
2025-06-03 13:30:00,82.66,82.66,81.88,82.11,419178.0
2025-06-03 13:35:00,82.09,82.3654,81.96,82.34,417881.0
2025-06-03 13:40:00,82.34,82.605,82.28,82.59,181966.0
2025-06-03 13:45:00,82.59,82.81,82.59,82.73,177661.0
2025-06-03 13:50:00,82.74,82.95,82.72,82.79,220198.0
2025-06-03 13:55:00,82.775,82.78,82.59,82.6199,159504.0
2025-06-03 14:00:00,82.65,82.91,82.64,82.75,128104.0
2025-06-03 14:05:00,82.735,82.87,82.61,82.86,150527.0
2025-06-03 14:10:00,82.86,82.93,82.765,82.79,101026.0
2025-06-03 14:15:00,82.79,83.04,82.72,83.04,177392.0
2025-06-03 14:20:00,83.03,83.17,83.005,83.12,152220.0
2025-06-03 14:25:00,83.135,83.3051,83.135,83.3,133915.0
2025-06-03 14:30:00,83.3,83.49,83.25,83.3,300383.0
2025-06-03 14:35:00,83.29,83.41,83.235,83.3967,146659.0
2025-06-03 14:40:00,83.41,83.56,83.34,83.555,314352.0
2025-06-03 14:45:00,83.555,83.58,83.305,83.42,203763.0
2025-06-03 14:50:00,83.42,83.5,83.34,83.49,151451.0
2025-06-03 14:55:00,83.5,83.51,83.33,83.43,167400.0
2025-06-03 15:00:00,83.43,83.59,83.425,83.53,131057.0
2025-06-03 15:05:00,83.53,83.65,83.525,83.62,98448.0
2025-06-03 15:10:00,83.63,83.71,83.615,83.63,165941.0
2025-06-03 15:15:00,83.635,83.66,83.575,83.605,403272.0
2025-06-03 15:20:00,83.6,83.78,83.58,83.77,159037.0
2025-06-03 15:25:00,83.775,83.88,83.76,83.88,141831.0
2025-06-03 15:30:00,83.89,83.95,83.8449,83.94,152430.0
2025-06-03 15:35:00,83.94,84.0,83.84,83.985,139563.0
2025-06-03 15:40:00,83.985,83.995,83.88,83.905,168710.0
2025-06-03 15:45:00,83.905,84.095,83.845,84.055,346508.0
2025-06-03 15:50:00,84.06,84.08,83.85,84.01,235274.0
2025-06-03 15:55:00,84.01,84.04,83.9,84.03,151659.0
2025-06-03 16:00:00,84.02,84.05,83.905,83.95,113044.0
2025-06-04 10:15:00,83.78,83.78,83.78,83.78,151.0
2025-06-04 10:55:00,83.88,83.89,83.88,83.88,808.0
2025-06-04 11:05:00,83.81,83.81,83.81,83.81,121.0
2025-06-04 12:00:00,83.8125,83.8125,83.43,83.43,1767.0
2025-06-04 12:05:00,83.76,83.76,83.76,83.76,133.0
2025-06-04 12:15:00,83.75,83.75,83.75,83.75,150.0
2025-06-04 12:30:00,83.58,83.58,83.58,83.58,309.0
2025-06-04 12:35:00,83.54,83.54,83.5,83.5,656.0
2025-06-04 12:40:00,83.47,83.5,83.47,83.5,849.0
2025-06-04 12:45:00,83.43,83.43,83.42,83.42,958.0
2025-06-04 12:50:00,83.49,83.49,83.48,83.48,1297.0
2025-06-04 12:55:00,83.53,83.53,83.53,83.53,365.0
2025-06-04 13:05:00,83.7,83.7,83.7,83.7,1206.0
2025-06-04 13:15:00,83.68,83.68,83.68,83.68,165.0
2025-06-04 13:25:00,83.62,83.68,83.51,83.51,1562.0
2025-06-04 13:30:00,83.54,83.7,83.33,83.68,349740.0
2025-06-04 13:35:00,83.685,83.72,83.535,83.68,311273.0
2025-06-04 13:40:00,83.67,83.855,83.67,83.83,221287.0
2025-06-04 13:45:00,83.83,83.9901,83.79,83.97,192160.0
2025-06-04 13:50:00,83.97,83.98,83.76,83.945,165050.0
2025-06-04 13:55:00,83.93,84.02,83.84,83.89,154854.0
2025-06-04 14:00:00,83.87,84.01,83.72,83.98,338371.0
2025-06-04 14:05:00,83.975,84.15,83.89,84.15,178949.0
2025-06-04 14:10:00,84.16,84.185,83.78,83.8,118339.0
2025-06-04 14:15:00,83.8,84.14,83.78,84.09,137223.0
2025-06-04 14:20:00,84.1,84.11,83.9,84.09,188053.0
2025-06-04 14:25:00,84.09,84.19,83.95,83.97,94056.0
2025-06-04 14:30:00,83.97,83.97,83.77,83.79,269403.0
2025-06-04 14:35:00,83.8,83.87,83.6,83.615,140604.0
2025-06-04 14:40:00,83.61,83.67,83.4889,83.58,204498.0
2025-06-04 14:45:00,83.58,83.62,83.425,83.44,185960.0
2025-06-04 14:50:00,83.44,83.5,83.28,83.48,1139650.0
2025-06-04 14:55:00,83.48,83.49,83.22,83.27,173320.0
2025-06-04 15:00:00,83.27,83.31,83.15,83.165,253304.0
2025-06-04 15:05:00,83.165,83.35,83.12,83.22,293049.0
2025-06-04 15:10:00,83.215,83.29,83.13,83.14,131828.0
2025-06-04 15:15:00,83.15,83.25,82.4,82.67,3072111.0
2025-06-04 15:20:00,82.67,82.75,82.45,82.555,1065842.0
2025-06-04 15:25:00,82.555,82.75,82.4105,82.63,840259.0
2025-06-04 15:30:00,82.63,82.71,82.53,82.605,418439.0
2025-06-04 15:35:00,82.6,82.77,82.505,82.605,397648.0
2025-06-04 15:40:00,82.61,82.66,82.46,82.49,201307.0
2025-06-04 15:45:00,82.4608,82.6,82.36,82.45,443984.0
2025-06-04 15:50:00,82.45,82.49,82.39,82.46,212717.0
2025-06-04 15:55:00,82.47,82.49,82.13,82.25,279951.0
2025-06-04 16:00:00,82.23,82.32,82.19,82.2999,170650.0
2025-06-05 10:10:00,82.2,82.22,82.2,82.22,500.0
2025-06-05 11:00:00,82.17,82.17,82.17,82.17,324.0
2025-06-05 11:30:00,82.08,82.08,82.08,82.08,161.0
2025-06-05 12:00:00,82.1,82.1853,81.89,82.11,1489.0
2025-06-05 12:15:00,82.11,82.15,82.01,82.07,1688.0
2025-06-05 12:20:00,82.09,82.09,82.09,82.09,245.0
2025-06-05 12:25:00,82.17,82.17,82.17,82.17,224.0
2025-06-05 12:40:00,82.07,82.07,82.07,82.07,255.0
2025-06-05 12:45:00,82.1,82.32,82.1,82.31,4402.0
2025-06-05 12:50:00,82.39,82.484,82.26,82.31,3580.0
2025-06-05 12:55:00,82.31,82.32,82.31,82.32,624.0
2025-06-05 13:05:00,82.43,82.43,82.43,82.43,415.0
2025-06-05 13:10:00,82.42,82.42,82.42,82.42,109.0
2025-06-05 13:15:00,82.4,82.48,82.4,82.48,709.0
2025-06-05 13:25:00,82.5,82.5,82.49,82.49,1772.0
2025-06-05 13:30:00,82.56,82.6,81.8,82.17,660009.0
2025-06-05 13:35:00,82.175,82.35,82.085,82.19,325580.0
2025-06-05 13:40:00,82.2,82.26,81.905,82.11,325265.0
2025-06-05 13:45:00,82.11,82.235,82.0,82.13,365878.0
2025-06-05 13:50:00,82.135,82.22,81.87,81.905,244765.0
2025-06-05 13:55:00,81.91,82.0,81.85,81.995,148233.0
2025-06-05 14:00:00,81.98,82.05,81.69,81.81,355707.0
2025-06-05 14:05:00,81.82,82.0,81.7,81.7,140148.0
2025-06-05 14:10:00,81.7,81.89,81.69,81.75,181027.0
2025-06-05 14:15:00,81.735,81.88,81.67,81.785,282663.0
2025-06-05 14:20:00,81.78,81.92,81.745,81.91,134218.0
2025-06-05 14:25:00,81.9,81.91,81.77,81.85,112913.0
2025-06-05 14:30:00,81.84,81.88,81.74,81.76,134105.0
2025-06-05 14:35:00,81.755,81.99,81.66,81.985,473134.0
2025-06-05 14:40:00,81.98,82.25,81.91,82.03,278750.0
2025-06-05 14:45:00,82.03,82.19,81.985,82.0,227875.0
2025-06-05 14:50:00,82.01,82.035,81.8,81.915,107100.0
2025-06-05 14:55:00,81.92,82.03,81.87,82.0,116148.0
2025-06-05 15:00:00,82.0,82.16,81.995,82.14,126700.0
2025-06-05 15:05:00,82.15,82.16,81.9517,82.085,111359.0
2025-06-05 15:10:00,82.09,82.14,81.985,81.995,133963.0
2025-06-05 15:15:00,82.0,82.185,81.99,82.125,126171.0
2025-06-05 15:20:00,82.125,82.14,81.99,82.03,150456.0
2025-06-05 15:25:00,82.02,82.18,81.97,82.18,106100.0
2025-06-05 15:30:00,82.16,82.19,82.055,82.09,86790.0
2025-06-05 15:35:00,82.09,82.164173,82.075,82.16,110912.0
2025-06-05 15:40:00,82.15,82.175,82.1,82.16,98319.0
2025-06-05 15:45:00,82.16,82.17,82.07,82.07,83003.0
2025-06-05 15:50:00,82.08,82.145,82.06,82.145,85636.0
2025-06-05 15:55:00,82.15,82.235,82.125,82.215,193475.0
2025-06-05 16:00:00,82.23,82.275,82.22,82.27,186368.0
2025-06-06 11:55:00,82.04,82.04,82.04,82.04,128.0
2025-06-06 12:00:00,81.94,82.08,81.94,82.0565,1201.0
2025-06-06 12:30:00,82.14,82.15,82.14,82.15,1113.0
2025-06-06 12:35:00,82.33,82.33,82.33,82.33,130.0
2025-06-06 12:40:00,82.33,82.33,82.33,82.33,650.0
2025-06-06 12:55:00,82.34,82.34,82.34,82.34,115.0
2025-06-06 13:00:00,82.42,82.43,82.35,82.36,1381.0
2025-06-06 13:05:00,82.37,82.37,82.37,82.37,200.0
2025-06-06 13:10:00,82.43,82.49,82.43,82.49,2824.0
2025-06-06 13:15:00,82.47,82.57,82.47,82.57,1939.0
2025-06-06 13:20:00,82.57,82.59,82.57,82.58,6972.0
2025-06-06 13:25:00,82.57,82.76,82.57,82.76,15172.0
2025-06-06 13:30:00,82.61,83.33,82.61,83.29,385590.0
2025-06-06 13:35:00,83.29,83.56,83.21,83.34,578688.0
2025-06-06 13:40:00,83.345,83.4299,83.105,83.21,219241.0
2025-06-06 13:45:00,83.21,83.29,83.06,83.28,319397.0
2025-06-06 13:50:00,83.29,83.44,83.19,83.355,320164.0
2025-06-06 13:55:00,83.35,83.43,83.31,83.34,264362.0
2025-06-06 14:00:00,83.33,83.359,83.08,83.23,404727.0
2025-06-06 14:05:00,83.24,83.3225,83.165,83.2499,195336.0
2025-06-06 14:10:00,83.25,83.27,83.08,83.22,149682.0
2025-06-06 14:15:00,83.215,83.215,82.99,83.09,233574.0
2025-06-06 14:20:00,83.09,83.315,83.045,83.27,107710.0
2025-06-06 14:25:00,83.27,83.3501,83.23,83.3501,143175.0
2025-06-06 14:30:00,83.36,83.36,83.24,83.24,220047.0
2025-06-06 14:35:00,83.245,83.49,83.22,83.4799,202531.0
2025-06-06 14:40:00,83.48,83.52,83.38,83.39,211745.0
2025-06-06 14:45:00,83.39,83.46,83.33,83.45,88220.0
2025-06-06 14:50:00,83.45,83.46,83.36,83.4,150616.0
2025-06-06 14:55:00,83.4,83.485,83.33,83.33,227349.0
2025-06-06 15:00:00,83.33,83.45,83.275,83.4,62042.0
2025-06-06 15:05:00,83.39,83.46,83.32,83.44,210594.0
2025-06-06 15:10:00,83.44,83.6,83.44,83.56,145514.0
2025-06-06 15:15:00,83.56,83.56,83.29,83.345,127332.0
2025-06-06 15:20:00,83.34,83.415,83.27,83.335,207614.0
2025-06-06 15:25:00,83.34,83.39,83.245,83.305,170482.0
2025-06-06 15:30:00,83.31,83.45,83.26,83.4,160164.0
2025-06-06 15:35:00,83.4,83.49,83.33,83.35,170919.0
2025-06-06 15:40:00,83.35,83.45,83.305,83.4,99562.0
2025-06-06 15:45:00,83.405,83.555,83.3784,83.55,72089.0
2025-06-06 15:50:00,83.56,83.595,83.49,83.53,217581.0
2025-06-06 15:55:00,83.53,83.57,83.45,83.52,88231.0
2025-06-06 16:00:00,83.51,83.5554,83.47,83.49,77371.0
2025-06-09 10:00:00,83.59,83.59,83.59,83.59,225.0
2025-06-09 10:15:00,83.61,83.61,83.61,83.61,500.0
2025-06-09 11:10:00,83.65,83.65,83.65,83.65,152.0
2025-06-09 11:15:00,83.68,83.77,83.68,83.75,24075.0
2025-06-09 11:20:00,83.66,83.66,83.66,83.66,1120.0
2025-06-09 11:30:00,83.66,83.7,83.66,83.7,400.0
2025-06-09 11:45:00,83.7,83.7,83.69,83.69,1102.0
2025-06-09 11:50:00,83.7,83.71,83.7,83.7,2441.0
2025-06-09 12:00:00,83.11,83.84,83.11,83.74,3643.0
2025-06-09 12:05:00,83.8255,83.8255,83.8255,83.8255,500.0
2025-06-09 12:15:00,83.83,83.83,83.75,83.75,300.0
2025-06-09 12:20:00,83.74,83.74,83.73,83.73,742.0
2025-06-09 12:25:00,83.75,83.75,83.72,83.72,895.0
2025-06-09 12:30:00,83.7499,83.7499,83.7499,83.7499,342.0
2025-06-09 12:40:00,83.75,83.75,83.73,83.74,2929.0
2025-06-09 12:45:00,83.74,83.75,83.7209,83.73,649.0
2025-06-09 12:50:00,83.8198,83.8198,83.8198,83.8198,265.0
2025-06-09 13:00:00,83.69,83.69,83.69,83.69,116.0
2025-06-09 13:10:00,83.71,83.71,83.7,83.7,4010.0
2025-06-09 13:15:00,83.78,83.78,83.7,83.7,259.0
2025-06-09 13:20:00,83.74,83.74,83.74,83.74,100.0
2025-06-09 13:25:00,83.7499,83.8,83.68,83.8,3507.0
2025-06-09 13:30:00,83.74,83.83,83.075,83.26,671355.0
2025-06-09 13:35:00,83.28,83.52,83.1,83.5,711488.0
2025-06-09 13:40:00,83.48,83.69,83.45,83.65,391018.0
2025-06-09 13:45:00,83.645,83.785,83.51,83.54,422338.0
2025-06-09 13:50:00,83.54,83.62,83.35,83.49,274027.0
2025-06-09 13:55:00,83.49,83.615,83.41,83.57,301959.0
2025-06-09 14:00:00,83.565,83.8,83.53,83.74,278574.0
2025-06-09 14:05:00,83.74,83.8,83.64,83.7,236041.0
2025-06-09 14:10:00,83.695,83.945,83.66,83.72,249548.0
2025-06-09 14:15:00,83.72,83.85,83.62,83.6254,221199.0
2025-06-09 14:20:00,83.625,83.72,83.58,83.66,176638.0
2025-06-09 14:25:00,83.66,83.81,83.63,83.715,190244.0
2025-06-09 14:30:00,83.71,83.8,83.67,83.7,378641.0
2025-06-09 14:35:00,83.7,83.845,83.66,83.78,130022.0
2025-06-09 14:40:00,83.785,83.89,83.705,83.78,114663.0
2025-06-09 14:45:00,83.76,83.77,83.585,83.65,108907.0
2025-06-09 14:50:00,83.64,83.71,83.605,83.64,121002.0
2025-06-09 14:55:00,83.64,83.77,83.59,83.77,104252.0
2025-06-09 15:00:00,83.78,83.82,83.72,83.82,139846.0
2025-06-09 15:05:00,83.82,83.86,83.71,83.78,142352.0
2025-06-09 15:10:00,83.785,83.89,83.775,83.87,107574.0
2025-06-09 15:15:00,83.87,83.915,83.785,83.88,131695.0
2025-06-09 15:20:00,83.87,83.895,83.78,83.785,170627.0
2025-06-09 15:25:00,83.78,83.795,83.655,83.67,96439.0
2025-06-09 15:30:00,83.68,83.77,83.68,83.73,94774.0
2025-06-09 15:35:00,83.72,83.845,83.72,83.785,343041.0
2025-06-09 15:40:00,83.79,83.84,83.74,83.75,83702.0
2025-06-09 15:45:00,83.755,83.89,83.755,83.89,57725.0
2025-06-09 15:50:00,83.89,83.905,83.805,83.82,122113.0
2025-06-09 15:55:00,83.815,83.87,83.8,83.865,95481.0
2025-06-09 16:00:00,83.87,83.935,83.825,83.9,120448.0
2025-06-10 10:20:00,84.17,84.17,84.17,84.17,119.0
2025-06-10 10:35:00,84.21,84.21,84.21,84.21,184.0
2025-06-10 10:45:00,84.18,84.18,84.16,84.16,450.0
2025-06-10 10:50:00,84.19,84.19,84.19,84.19,166.0
2025-06-10 10:55:00,84.23,84.23,84.23,84.23,166.0
2025-06-10 11:00:00,84.22,84.27,84.22,84.26,4371.0
2025-06-10 11:05:00,84.26,84.26,84.2,84.2,3282.0
2025-06-10 11:10:00,84.21,84.21,84.21,84.21,300.0
2025-06-10 11:15:00,84.2,84.21,84.2,84.21,374.0
2025-06-10 11:20:00,84.21,84.21,84.18,84.2,23486.0
2025-06-10 11:25:00,84.12,84.12,84.12,84.12,200.0
2025-06-10 11:30:00,84.18,84.21,84.16,84.2,8560.0
2025-06-10 11:35:00,84.2,84.2,84.2,84.2,200.0
2025-06-10 11:40:00,84.2,84.2,84.2,84.2,1562.0
2025-06-10 11:45:00,84.23,84.23,84.23,84.23,565.0
2025-06-10 11:50:00,84.24,84.24,84.24,84.24,101.0
2025-06-10 11:55:00,84.24,84.25,84.24,84.24,3590.0
2025-06-10 12:00:00,83.52,84.28,83.52,83.84,29218.0
2025-06-10 12:05:00,84.24,84.26,84.22,84.22,8301.0
2025-06-10 12:10:00,84.23,84.3,84.22,84.27,9582.0
2025-06-10 12:15:00,84.24,84.24,84.24,84.24,1339.0
2025-06-10 12:20:00,84.24,84.27,84.24,84.27,1343.0
2025-06-10 12:25:00,84.33,84.33,84.33,84.33,100.0
2025-06-10 12:35:00,84.3,84.31,84.28,84.29,4784.0
2025-06-10 12:40:00,84.28,84.3,84.28,84.3,3652.0
2025-06-10 12:45:00,84.28,84.32,84.28,84.32,2082.0
2025-06-10 12:50:00,84.26,84.26,84.24,84.24,689.0
2025-06-10 12:55:00,84.24,84.25,84.24,84.25,3996.0
2025-06-10 13:00:00,84.3299,84.33,84.28,84.33,4094.0
2025-06-10 13:05:00,84.29,84.34,84.29,84.32,7846.0
2025-06-10 13:10:00,84.34,84.35,84.34,84.35,492.0
2025-06-10 13:15:00,84.34,84.34,84.3,84.3,2212.0
2025-06-10 13:20:00,84.3,84.3,84.3,84.3,3206.0
2025-06-10 13:25:00,84.33,84.35,84.3,84.35,6450.0
2025-06-10 13:30:00,84.46,84.85,84.42,84.835,1649402.0
2025-06-10 13:35:00,84.83,84.86,84.525,84.535,818481.0
2025-06-10 13:40:00,84.535,84.87,84.495,84.655,1045784.0
2025-06-10 13:45:00,84.66,84.72,84.55,84.63,497909.0
2025-06-10 13:50:00,84.625,84.74,84.54,84.74,368958.0
2025-06-10 13:55:00,84.73,84.91,84.685,84.83,422658.0
2025-06-10 14:00:00,84.82,85.085,84.8,85.03,281993.0
2025-06-10 14:05:00,85.03,85.13,84.905,84.98,389131.0
2025-06-10 14:10:00,84.99,85.07,84.87,84.97,275355.0
2025-06-10 14:15:00,84.97,85.09,84.85,84.85,287673.0
2025-06-10 14:20:00,84.84,85.135,84.76,85.13,578336.0
2025-06-10 14:25:00,85.13,85.22,85.04,85.1241,412120.0
2025-06-10 14:30:00,85.1354,85.23,85.125,85.19,267589.0
2025-06-10 14:35:00,85.19,85.365,85.185,85.33,269786.0
2025-06-10 14:40:00,85.34,85.425,85.285,85.29,224704.0
2025-06-10 14:45:00,85.3,85.32,85.13,85.19,335837.0
2025-06-10 14:50:00,85.19,85.305,85.085,85.17,220484.0
2025-06-10 14:55:00,85.16,85.2,85.0,85.07,209631.0
2025-06-10 15:00:00,85.08,85.15,84.98,85.075,244448.0
2025-06-10 15:05:00,85.07,85.2,85.055,85.14,180580.0
2025-06-10 15:10:00,85.145,85.29,85.08,85.08,175702.0
2025-06-10 15:15:00,85.08,85.29,85.075,85.285,157760.0
2025-06-10 15:20:00,85.285,85.35,85.205,85.34,491181.0
2025-06-10 15:25:00,85.34,85.47,85.33,85.46,229756.0
2025-06-10 15:30:00,85.45,85.52,85.335,85.51,433597.0
2025-06-10 15:35:00,85.51,85.61,85.35,85.42,427180.0
2025-06-10 15:40:00,85.43,85.56,85.35,85.475,271245.0
2025-06-10 15:45:00,85.475,85.51,85.37,85.39,173360.0
2025-06-10 15:50:00,85.39,85.465,85.3,85.355,175107.0
2025-06-10 15:55:00,85.35,85.39,85.3,85.365,127920.0
2025-06-10 16:00:00,85.36,85.46,85.31,85.4,369001.0
2025-06-11 10:00:00,85.2,85.25,85.2,85.25,1095.0
2025-06-11 10:40:00,85.4,85.43,85.4,85.43,8991.0
2025-06-11 11:00:00,85.35,85.35,85.34,85.34,372.0
2025-06-11 11:25:00,85.43,85.43,85.36,85.36,634.0
2025-06-11 11:30:00,85.41,85.44,85.41,85.44,760.0
2025-06-11 11:35:00,85.41,85.41,85.41,85.41,228.0
2025-06-11 11:40:00,85.42,85.42,85.42,85.42,3000.0
2025-06-11 11:50:00,85.44,85.45,85.44,85.45,2501.0
2025-06-11 11:55:00,85.45,85.45,85.45,85.45,423.0
2025-06-11 12:00:00,84.69,85.61,84.69,85.51,24062.0
2025-06-11 12:10:00,85.5181,85.5181,85.5181,85.5181,100.0
2025-06-11 12:20:00,85.55,85.55,85.52,85.52,911.0
2025-06-11 12:25:00,85.45,85.45,85.45,85.45,480.0
2025-06-11 12:30:00,85.56,85.9999,85.56,85.8,12397.0
2025-06-11 12:35:00,85.8,85.81,85.75,85.81,3353.0
2025-06-11 12:40:00,85.81,85.97,85.77,85.79,12490.0
2025-06-11 12:45:00,85.79,85.88,85.79,85.87,2126.0
2025-06-11 12:50:00,85.88,85.88,85.82,85.85,4229.0
2025-06-11 12:55:00,85.88,85.88,85.88,85.88,1344.0
2025-06-11 13:00:00,85.86,85.88,85.85,85.88,5873.0
2025-06-11 13:05:00,85.83,85.88,85.83,85.88,1602.0
2025-06-11 13:10:00,85.87,85.87,85.87,85.87,238.0
2025-06-11 13:15:00,85.88,85.88,85.88,85.88,212.0
2025-06-11 13:20:00,85.85,85.85,85.76,85.76,10274.0
2025-06-11 13:25:00,85.76,85.76,85.62,85.63,4193.0
2025-06-11 13:30:00,85.64,85.72,85.05,85.23,929923.0
2025-06-11 13:35:00,85.25,85.275,84.8,85.17,785294.0
2025-06-11 13:40:00,85.165,85.33,85.1,85.22,447245.0
2025-06-11 13:45:00,85.235,85.27,85.0,85.11,498675.0
2025-06-11 13:50:00,85.1,85.165,84.98,85.16,297170.0
2025-06-11 13:55:00,85.15,85.275,85.07,85.23,258300.0
2025-06-11 14:00:00,85.23,85.25,85.0,85.16,437171.0
2025-06-11 14:05:00,85.165,85.225,84.975,85.14,361423.0
2025-06-11 14:10:00,85.15,85.24,84.98,85.005,278631.0
2025-06-11 14:15:00,85.01,85.17,84.985,85.11,239736.0
2025-06-11 14:20:00,85.1,85.225,85.02,85.13,263581.0
2025-06-11 14:25:00,85.14,85.22,85.075,85.16,289906.0
2025-06-11 14:30:00,85.17,85.24,85.07,85.145,202168.0
2025-06-11 14:35:00,85.15,85.21,85.03,85.1054,155322.0
2025-06-11 14:40:00,85.1,85.22,85.075,85.2002,122087.0
2025-06-11 14:45:00,85.2,85.22,85.11,85.11,171121.0
2025-06-11 14:50:00,85.115,85.125,84.975,85.07,159867.0
2025-06-11 14:55:00,85.07,85.16,85.04,85.05,171599.0
2025-06-11 15:00:00,85.05,85.15,85.04,85.14,142872.0
2025-06-11 15:05:00,85.14,85.18,84.965,84.98,242119.0
2025-06-11 15:10:00,84.98,85.08,84.94,85.08,288931.0
2025-06-11 15:15:00,85.085,85.16,85.02,85.16,116579.0
2025-06-11 15:20:00,85.15,85.15,85.09,85.15,212473.0
2025-06-11 15:25:00,85.15,85.21,85.13,85.17,96742.0
2025-06-11 15:30:00,85.18,85.19,85.1,85.15,81865.0
2025-06-11 15:35:00,85.15,85.315,85.15,85.28,94341.0
2025-06-11 15:40:00,85.28,85.315,85.225,85.25,105758.0
2025-06-11 15:45:00,85.25,85.29,85.17,85.24,97193.0
2025-06-11 15:50:00,85.23,85.255,85.17,85.2336,85537.0
2025-06-11 15:55:00,85.24,85.275,85.18,85.195,206480.0
2025-06-11 16:00:00,85.2,85.265,85.15,85.17,425933.0
2025-06-12 09:30:00,85.97,85.97,85.95,85.95,12488.0
2025-06-12 09:40:00,85.86,85.86,85.84,85.85,1168.0
2025-06-12 09:55:00,85.73,85.83,85.73,85.83,694.0
2025-06-12 10:00:00,85.76,85.82,85.76,85.76,2052.0
2025-06-12 10:15:00,85.8,85.8,85.8,85.8,1000.0
2025-06-12 10:20:00,85.75,85.75,85.73,85.73,2836.0
2025-06-12 10:25:00,85.73,85.73,85.73,85.73,213.0
2025-06-12 10:30:00,85.72,85.72,85.63,85.63,1290.0
2025-06-12 10:35:00,85.63,85.63,85.55,85.6,10696.0
2025-06-12 10:40:00,85.7,85.7,85.7,85.7,331.0
2025-06-12 10:45:00,85.65,85.65,85.65,85.65,315.0
2025-06-12 10:50:00,85.65,85.65,85.65,85.65,1654.0
2025-06-12 10:55:00,85.65,85.65,85.62,85.65,1910.0
2025-06-12 11:00:00,85.72,85.72,85.69,85.69,2713.0
2025-06-12 11:05:00,85.68,85.71,85.67,85.71,4910.0
2025-06-12 11:10:00,85.66,85.69,85.66,85.69,1055.0
2025-06-12 11:15:00,85.65,85.66,85.65,85.65,587.0
2025-06-12 11:20:00,85.65,85.66,85.65,85.66,2964.0
2025-06-12 11:30:00,85.66,85.66,85.66,85.66,351.0
2025-06-12 11:35:00,85.66,85.66,85.66,85.66,163.0
2025-06-12 11:45:00,85.66,85.66,85.66,85.66,100.0
2025-06-12 11:50:00,85.66,85.66,85.66,85.66,100.0
2025-06-12 11:55:00,85.65,85.66,85.64,85.66,993.0
2025-06-12 12:00:00,85.78,86.08,85.58,85.7,25641.0
2025-06-12 12:05:00,85.67,85.7,85.65,85.65,2951.0
2025-06-12 12:10:00,85.68,85.76,85.64,85.71,5025.0
2025-06-12 12:15:00,85.75,85.75,85.75,85.75,260.0
2025-06-12 12:20:00,85.8,85.81,85.77,85.77,945.0
2025-06-12 12:30:00,85.84,85.8699,85.84,85.8699,673.0
2025-06-12 12:40:00,85.86,85.91,85.86,85.91,293.0
2025-06-12 12:45:00,85.82,85.95,85.82,85.95,5163.0
2025-06-12 12:50:00,85.99,85.99,85.94,85.94,767.0
2025-06-12 12:55:00,85.92,86.0298,85.9,86.0298,2456.0
2025-06-12 13:05:00,85.94,85.99,85.93,85.99,942.0
2025-06-12 13:10:00,86.01,86.02,85.94,85.96,7205.0
2025-06-12 13:15:00,85.8606,86.0191,85.8606,86.0191,755.0
2025-06-12 13:20:00,85.95,85.95,85.95,85.95,651.0
2025-06-12 13:25:00,86.0,86.0,85.9,85.9,1174.0
2025-06-12 13:30:00,85.89,85.89,85.26,85.685,796321.0
2025-06-12 13:35:00,85.67,85.6857,85.42,85.5,810099.0
2025-06-12 13:40:00,85.505,85.92,85.46,85.87,375148.0
2025-06-12 13:45:00,85.865,85.93,85.74,85.87,426307.0
2025-06-12 13:50:00,85.86,86.27,85.86,86.22,405312.0
2025-06-12 13:55:00,86.22,86.235,86.03,86.055,298767.0
2025-06-12 14:00:00,86.055,86.43,86.055,86.395,380546.0
2025-06-12 14:05:00,86.39,86.42,86.11,86.135,370077.0
2025-06-12 14:10:00,86.14,86.23,86.02,86.035,216386.0
2025-06-12 14:15:00,86.025,86.23,86.01,86.105,439723.0
2025-06-12 14:20:00,86.1,86.185,86.01,86.17,347179.0
2025-06-12 14:25:00,86.16,86.3,86.115,86.17,136166.0
2025-06-12 14:30:00,86.18,86.37,86.18,86.365,129596.0
2025-06-12 14:35:00,86.36,86.38,86.26,86.29,181053.0
2025-06-12 14:40:00,86.305,86.395,86.265,86.33,154898.0
2025-06-12 14:45:00,86.33,86.365,86.22,86.26,185180.0
2025-06-12 14:50:00,86.27,86.31,86.14,86.15,155555.0
2025-06-12 14:55:00,86.16,86.225,86.12,86.18,123952.0
2025-06-12 15:00:00,86.18,86.4,86.13,86.235,183956.0
2025-06-12 15:05:00,86.23,86.26,86.13,86.22,137126.0
2025-06-12 15:10:00,86.22,86.23,86.13,86.17,133155.0
2025-06-12 15:15:00,86.175,86.35,86.17,86.31,621913.0
2025-06-12 15:20:00,86.33,86.445,86.24,86.275,766219.0
2025-06-12 15:25:00,86.28,86.345,86.185,86.34,284138.0
2025-06-12 15:30:00,86.33,86.375,86.26,86.37,178774.0
2025-06-12 15:35:00,86.37,86.385,86.26,86.28,120988.0
2025-06-12 15:40:00,86.28,86.42,86.28,86.41,106138.0
2025-06-12 15:45:00,86.41,86.44,86.37,86.425,102953.0
2025-06-12 15:50:00,86.42,86.5,86.385,86.485,126714.0
2025-06-12 15:55:00,86.485,86.54,86.46,86.515,88270.0
2025-06-12 16:00:00,86.515,86.57,86.48,86.53,170195.0
2025-06-13 09:30:00,88.93,89.05,88.93,88.95,5879.0
2025-06-13 09:35:00,89.03,89.13,88.99,88.99,4435.0
2025-06-13 09:40:00,89.16,89.18,89.14,89.16,4060.0
2025-06-13 09:45:00,89.14,89.23,89.13,89.16,6974.0
2025-06-13 09:50:00,89.22,89.31,89.19,89.2,36714.0
2025-06-13 09:55:00,89.29,89.4,89.29,89.39,5349.0
2025-06-13 10:00:00,89.4,89.4,89.35,89.4,13175.0
2025-06-13 10:05:00,89.39,89.4,89.36,89.36,3856.0
2025-06-13 10:10:00,89.39,89.4,89.38,89.4,5859.0
2025-06-13 10:15:00,89.42,89.57,89.38,89.57,4061.0
2025-06-13 10:20:00,89.5,89.59,89.5,89.58,2089.0
2025-06-13 10:25:00,89.59,89.67,89.56,89.65,9556.0
2025-06-13 10:30:00,89.6,89.68,89.6,89.62,12650.0
2025-06-13 10:35:00,89.6,89.62,89.58,89.58,4834.0
2025-06-13 10:40:00,89.58,89.61,89.57,89.59,3470.0
2025-06-13 10:45:00,89.55,89.62,89.53,89.6,2857.0
2025-06-13 10:50:00,89.59,89.62,89.5,89.5,6190.0
2025-06-13 10:55:00,89.5,89.52,89.49,89.52,29983.0
2025-06-13 11:00:00,89.41,89.51,89.27,89.27,19387.0
2025-06-13 11:05:00,89.29,89.33,89.17,89.23,9410.0
2025-06-13 11:10:00,89.24,89.32,89.17,89.17,9308.0
2025-06-13 11:15:00,89.2,89.35,89.15,89.29,21343.0
2025-06-13 11:20:00,89.26,89.36,89.26,89.36,10461.0
2025-06-13 11:25:00,89.26,89.33,89.25,89.29,6213.0
2025-06-13 11:30:00,89.26,89.26,89.14,89.14,23014.0
2025-06-13 11:35:00,89.16,89.16,89.06,89.11,12452.0
2025-06-13 11:40:00,89.11,89.26,89.0,89.03,26953.0
2025-06-13 11:45:00,89.14,89.14,88.91,88.91,10148.0
2025-06-13 11:50:00,88.99,89.09,88.91,89.09,13287.0
2025-06-13 11:55:00,89.09,89.11,89.01,89.06,11832.0
2025-06-13 12:00:00,90.98,91.45,88.75,89.14,157709.0
2025-06-13 12:05:00,89.11,89.19,89.05,89.05,15093.0
2025-06-13 12:10:00,89.12,89.2,89.1,89.16,7753.0
2025-06-13 12:15:00,89.17,89.33,89.16,89.27,20640.0
2025-06-13 12:20:00,89.27,89.35,89.2102,89.29,23276.0
2025-06-13 12:25:00,89.3,89.37,89.29,89.37,7068.0
2025-06-13 12:30:00,89.36,89.37,89.3,89.3,11522.0
2025-06-13 12:35:00,89.34,89.38,89.3,89.35,6641.0
2025-06-13 12:40:00,89.35,89.36,89.3,89.3,18870.0
2025-06-13 12:45:00,89.3,89.4,89.3,89.4,20138.0
2025-06-13 12:50:00,89.32,89.5,89.28,89.4,60994.0
2025-06-13 12:55:00,89.36,89.4,89.33,89.33,5695.0
2025-06-13 13:00:00,89.38,89.5,89.33,89.46,53703.0
2025-06-13 13:05:00,89.46,89.5,89.35,89.4,26145.0
2025-06-13 13:10:00,89.42,89.5,89.35,89.38,62201.0
2025-06-13 13:15:00,89.35,89.35,89.12,89.2462,24948.0
2025-06-13 13:20:00,89.1,89.16,88.91,88.99,31122.0
2025-06-13 13:25:00,89.0299,89.0299,88.15,88.16,59316.0
2025-06-13 13:30:00,88.21,88.57,87.78,87.82,2540095.0
2025-06-13 13:35:00,87.83,87.865,87.44,87.58,1980181.0
2025-06-13 13:40:00,87.58,88.06,87.22,87.43,1297987.0
2025-06-13 13:45:00,87.425,87.64,87.3,87.335,1304012.0
2025-06-13 13:50:00,87.33,87.46,87.22,87.3,1012426.0
2025-06-13 13:55:00,87.3,87.395,86.95,86.99,741710.0
2025-06-13 14:00:00,87.0,87.58,87.0,87.55,883729.0
2025-06-13 14:05:00,87.545,87.745,87.46,87.72,680186.0
2025-06-13 14:10:00,87.73,87.83,87.59,87.62,506073.0
2025-06-13 14:15:00,87.62,87.815,87.58,87.76,461055.0
2025-06-13 14:20:00,87.76,87.98,87.69,87.93,523698.0
2025-06-13 14:25:00,87.92,88.07,87.89,88.05,483851.0
2025-06-13 14:30:00,88.05,88.115,87.875,87.995,590561.0
2025-06-13 14:35:00,88.0,88.075,87.9,88.03,418235.0
2025-06-13 14:40:00,88.03,88.05,87.78,87.8,441922.0
2025-06-13 14:45:00,87.8,87.895,87.72,87.8,292907.0
2025-06-13 14:50:00,87.8,87.87,87.41,87.51,898080.0
2025-06-13 14:55:00,87.49,87.62,87.35,87.57,906798.0
2025-06-13 15:00:00,87.57,87.76,87.315,87.39,666391.0
2025-06-13 15:05:00,87.39,87.57,87.39,87.53,533271.0
2025-06-13 15:10:00,87.53,87.67,87.43,87.615,593045.0
2025-06-13 15:15:00,87.615,87.78,87.56,87.78,345435.0
2025-06-13 15:20:00,87.78,87.855,87.69,87.765,314995.0
2025-06-13 15:25:00,87.76,87.8048,87.665,87.75,260970.0
2025-06-13 15:30:00,87.745,87.86,87.67,87.69,223640.0
2025-06-13 15:35:00,87.7,87.76,87.64,87.71,341154.0
2025-06-13 15:40:00,87.72,87.795,87.6799,87.74,277977.0
2025-06-13 15:45:00,87.75,87.85,87.67,87.69,387047.0
2025-06-13 15:50:00,87.695,87.92,87.66,87.9,269244.0
2025-06-13 15:55:00,87.9,87.9,87.715,87.7448,423234.0
2025-06-13 16:00:00,87.74,87.745,87.57,87.6,338411.0
2025-06-16 09:30:00,88.37,88.37,88.37,88.37,350.0
2025-06-16 09:35:00,88.38,88.39,88.34,88.39,1038.0
2025-06-16 09:40:00,88.34,88.34,88.33,88.33,2172.0
2025-06-16 09:45:00,88.3,88.3,88.3,88.3,3424.0
2025-06-16 09:50:00,88.25,88.27,88.25,88.26,3961.0
2025-06-16 09:55:00,88.25,88.25,88.25,88.25,438.0
2025-06-16 10:00:00,88.3,88.3,88.3,88.3,200.0
2025-06-16 10:05:00,88.3,88.3,88.3,88.3,1469.0
2025-06-16 10:15:00,88.34,88.34,88.34,88.34,365.0
2025-06-16 10:30:00,88.33,88.34,88.2,88.29,16798.0
2025-06-16 10:35:00,88.28,88.3,88.2,88.28,12963.0
2025-06-16 10:40:00,88.27,88.27,88.27,88.27,314.0
2025-06-16 10:45:00,88.27,88.32,88.27,88.27,650.0
2025-06-16 10:50:00,88.27,88.27,88.27,88.27,181.0
2025-06-16 10:55:00,88.19,88.2,88.18,88.2,2575.0
2025-06-16 11:00:00,88.27,88.35,88.15,88.29,30141.0
2025-06-16 11:05:00,88.22,88.26,88.19,88.19,14498.0
2025-06-16 11:10:00,88.19,88.19,88.1,88.17,17474.0
2025-06-16 11:15:00,88.12,88.12,88.11,88.11,3435.0
2025-06-16 11:20:00,88.24,88.25,88.24,88.24,2456.0
2025-06-16 11:25:00,88.24,88.25,88.24,88.25,581.0
2025-06-16 11:30:00,88.22,88.22,88.22,88.22,706.0
2025-06-16 11:35:00,88.22,88.22,88.12,88.13,58116.0
2025-06-16 11:40:00,88.2,88.2,88.17,88.19,638.0
2025-06-16 11:45:00,88.18,88.2,88.14,88.17,4042.0
2025-06-16 11:50:00,88.16,88.16,88.03,88.11,17571.0
2025-06-16 11:55:00,88.01,88.01,87.81,87.83,44712.0
2025-06-16 12:00:00,88.27,89.21,87.8,87.84,72508.0
2025-06-16 12:05:00,87.8,87.93,87.7312,87.88,16945.0
2025-06-16 12:10:00,87.9,88.0,87.6,87.92,102024.0
2025-06-16 12:15:00,87.9799,87.9799,87.85,87.92,8544.0
2025-06-16 12:20:00,87.92,87.99,87.92,87.98,6623.0
2025-06-16 12:25:00,87.9,87.95,87.9,87.95,455.0
2025-06-16 12:30:00,87.91,87.93,87.57,87.57,73231.0
2025-06-16 12:35:00,87.63,87.73,87.5,87.5,25983.0
2025-06-16 12:40:00,87.51,87.54,87.35,87.4,51247.0
2025-06-16 12:45:00,87.44,87.45,87.29,87.29,35609.0
2025-06-16 12:50:00,87.3,87.4308,87.3,87.42,6517.0
2025-06-16 12:55:00,87.3815,87.45,87.3815,87.41,3170.0
2025-06-16 13:00:00,87.44,87.5,87.4,87.49,32558.0
2025-06-16 13:05:00,87.5,87.53,87.4386,87.53,7812.0
2025-06-16 13:10:00,87.53,87.67,87.53,87.65,18375.0
2025-06-16 13:15:00,87.65,87.69,87.57,87.58,17930.0
2025-06-16 13:20:00,87.56,87.64,87.51,87.58,8553.0
2025-06-16 13:25:00,87.62,87.93,87.61,87.93,20209.0
2025-06-16 13:30:00,87.86,88.75,87.39,88.6,1968359.0
2025-06-16 13:35:00,88.62,88.71,88.01,88.3,1773112.0
2025-06-16 13:40:00,88.32,88.55,88.11,88.12,1062347.0
2025-06-16 13:45:00,88.11,88.66,88.11,88.51,756828.0
2025-06-16 13:50:00,88.51,88.74,88.08,88.29,2471484.0
2025-06-16 13:55:00,88.29,88.34,87.375,87.45,3027324.0
2025-06-16 14:00:00,87.45,87.64,87.23,87.39,2583179.0
2025-06-16 14:05:00,87.385,87.68,87.29,87.455,1330135.0
2025-06-16 14:10:00,87.46,87.66,87.46,87.615,544697.0
2025-06-16 14:15:00,87.625,87.68,87.34,87.6451,650956.0
2025-06-16 14:20:00,87.63,87.76,87.555,87.655,781956.0
2025-06-16 14:25:00,87.66,87.66,87.36,87.42,515171.0
2025-06-16 14:30:00,87.42,87.545,87.275,87.38,861867.0
2025-06-16 14:35:00,87.395,87.515,87.29,87.3,474130.0
2025-06-16 14:40:00,87.3,87.56,87.25,87.53,385767.0
2025-06-16 14:45:00,87.51,87.63,87.44,87.49,339844.0
2025-06-16 14:50:00,87.49,87.62,87.475,87.52,278611.0
2025-06-16 14:55:00,87.52,87.6451,87.505,87.61,224617.0
2025-06-16 15:00:00,87.615,87.635,87.48,87.625,273847.0
2025-06-16 15:05:00,87.62,87.67,87.525,87.54,236081.0
2025-06-16 15:10:00,87.54,87.58,87.49,87.555,217446.0
2025-06-16 15:15:00,87.55,87.56,87.38,87.475,263667.0
2025-06-16 15:20:00,87.48,87.53,87.38,87.38,198762.0
2025-06-16 15:25:00,87.38,87.52,87.28,87.4,721924.0
2025-06-16 15:30:00,87.41,87.5,87.36,87.44,237727.0
2025-06-16 15:35:00,87.435,87.435,87.22,87.25,678095.0
2025-06-16 15:40:00,87.255,87.51,87.175,87.47,360199.0
2025-06-16 15:45:00,87.47,87.515,87.42,87.495,352351.0
2025-06-16 15:50:00,87.485,87.54,87.425,87.54,211217.0
2025-06-16 15:55:00,87.54,87.545,87.38,87.515,487196.0
2025-06-16 16:00:00,87.52,87.52,87.335,87.43,146341.0
2025-06-17 09:30:00,88.38,88.43,88.37,88.4,5015.0
2025-06-17 09:45:00,88.45,88.45,88.45,88.45,1000.0
2025-06-17 09:50:00,88.45,88.45,88.45,88.45,1775.0
2025-06-17 09:55:00,88.45,88.45,88.45,88.45,1300.0
2025-06-17 10:00:00,88.45,88.45,88.45,88.45,1955.0
2025-06-17 10:10:00,88.43,88.43,88.43,88.43,300.0
2025-06-17 10:25:00,88.48,88.48,88.48,88.48,200.0
2025-06-17 10:35:00,88.43,88.43,88.43,88.43,500.0
2025-06-17 10:55:00,88.43,88.45,88.43,88.45,767.0
2025-06-17 11:00:00,88.45,88.48,88.45,88.48,3167.0
2025-06-17 11:05:00,88.49,88.49,88.43,88.475,2539.0
2025-06-17 11:15:00,88.53,88.53,88.53,88.53,249.0
2025-06-17 11:20:00,88.56,88.56,88.56,88.56,750.0
2025-06-17 11:30:00,88.6,88.6,88.6,88.6,100.0
2025-06-17 11:35:00,88.56,88.56,88.56,88.56,106.0
2025-06-17 11:40:00,88.59,88.59,88.55,88.55,974.0
2025-06-17 11:45:00,88.55,88.55,88.53,88.53,934.0
2025-06-17 11:50:00,88.56,88.58,88.56,88.58,1348.0
2025-06-17 12:00:00,87.75,88.74,87.59,88.5201,19615.0
2025-06-17 12:05:00,88.52,88.54,88.52,88.54,364.0
2025-06-17 12:10:00,88.53,88.56,88.53,88.56,910.0
2025-06-17 12:15:00,88.56,88.6,88.5,88.59,14629.0
2025-06-17 12:20:00,88.52,88.55,88.52,88.55,616.0
2025-06-17 12:25:00,88.55,88.6099,88.55,88.6099,6262.0
2025-06-17 12:30:00,88.5,88.53,88.5,88.5,4958.0
2025-06-17 12:35:00,88.45,88.47,88.45,88.47,1346.0
2025-06-17 12:40:00,88.47,88.47,88.4,88.4,589.0
2025-06-17 12:45:00,88.46,88.5,88.42,88.42,5566.0
2025-06-17 12:50:00,88.4,88.4,88.4,88.4,555.0
2025-06-17 12:55:00,88.4,88.4,88.4,88.4,165.0
2025-06-17 13:00:00,88.38,88.38,88.23,88.3,6255.0
2025-06-17 13:05:00,88.37,88.43,88.37,88.43,1255.0
2025-06-17 13:10:00,88.39,88.45,88.39,88.45,1713.0
2025-06-17 13:15:00,88.51,88.56,88.51,88.56,6875.0
2025-06-17 13:20:00,88.59,88.64,88.57,88.64,14829.0
2025-06-17 13:25:00,88.6099,88.73,88.53,88.73,11820.0
2025-06-17 13:30:00,88.57,88.79,88.02,88.77,1583038.0
2025-06-17 13:35:00,88.78,89.125,88.71,88.95,1542700.0
2025-06-17 13:40:00,88.945,89.1,88.845,88.95,1012705.0
2025-06-17 13:45:00,88.95,89.06,88.86,88.94,788026.0
2025-06-17 13:50:00,88.95,89.22,88.93,89.14,701144.0
2025-06-17 13:55:00,89.13,89.261,89.095,89.145,567907.0
2025-06-17 14:00:00,89.15,89.245,89.01,89.05,830510.0
2025-06-17 14:05:00,89.045,89.17,88.96,89.07,585796.0
2025-06-17 14:10:00,89.08,89.105,88.9512,89.07,480251.0
2025-06-17 14:15:00,89.07,89.13,88.96,89.05,305861.0
2025-06-17 14:20:00,89.06,89.16,89.01,89.14,263405.0
2025-06-17 14:25:00,89.1129,89.18,89.09,89.18,221937.0
2025-06-17 14:30:00,89.17,89.195,89.02,89.04,762164.0
2025-06-17 14:35:00,89.05,89.135,89.01,89.055,267528.0
2025-06-17 14:40:00,89.06,89.09,88.98,89.025,274082.0
2025-06-17 14:45:00,89.04,89.07,88.995,89.06,229665.0
2025-06-17 14:50:00,89.06,89.08,88.885,88.935,559881.0
2025-06-17 14:55:00,88.935,89.015,88.85,88.85,317949.0
2025-06-17 15:00:00,88.85,88.85,88.74,88.795,341002.0
2025-06-17 15:05:00,88.795,88.94,88.74,88.905,229983.0
2025-06-17 15:10:00,88.91,88.97,88.88,88.91,119408.0
2025-06-17 15:15:00,88.915,89.025,88.86,88.96,299130.0
2025-06-17 15:20:00,88.96,88.97,88.855,88.895,521525.0
2025-06-17 15:25:00,88.89,88.895,88.8,88.8,197310.0
2025-06-17 15:30:00,88.8,88.805,88.67,88.76,247067.0
2025-06-17 15:35:00,88.765,88.765,88.6,88.615,303853.0
2025-06-17 15:40:00,88.62,88.76,88.545,88.74,192442.0
2025-06-17 15:45:00,88.74,88.84,88.72,88.825,150250.0
2025-06-17 15:50:00,88.83,88.96,88.815,88.875,224068.0
2025-06-17 15:55:00,88.88,88.975,88.84,88.905,492390.0
2025-06-17 16:00:00,88.9,89.02,88.9,88.945,315043.0
2025-06-18 09:50:00,88.7,88.7,88.7,88.7,311.0
2025-06-18 10:00:00,88.69,88.71,88.69,88.7,1050.0
2025-06-18 10:10:00,88.7,88.7,88.7,88.7,100.0
2025-06-18 10:30:00,88.7,88.76,88.7,88.76,1155.0
2025-06-18 10:45:00,88.78,88.78,88.76,88.76,357.0
2025-06-18 10:50:00,88.8,88.8,88.79,88.8,1506.0
2025-06-18 11:00:00,88.86,88.86,88.75,88.75,528.0
2025-06-18 11:05:00,88.75,88.88,88.74,88.88,1868.0
2025-06-18 11:10:00,88.88,88.88,88.88,88.88,269.0
2025-06-18 11:15:00,88.76,88.76,88.76,88.76,273.0
2025-06-18 11:40:00,88.98,88.99,88.98,88.99,3900.0
2025-06-18 11:45:00,88.96,88.98,88.9,88.98,2930.0
2025-06-18 11:50:00,88.95,88.96,88.95,88.95,1052.0
2025-06-18 11:55:00,88.94,88.95,88.93,88.93,1224.0
2025-06-18 12:00:00,88.67,89.0,88.66,88.9,6661.0
2025-06-18 12:05:00,88.97,88.97,88.97,88.97,474.0
2025-06-18 12:10:00,88.92,88.92,88.86,88.86,5940.0
2025-06-18 12:25:00,88.92,88.92,88.92,88.92,715.0
2025-06-18 12:35:00,88.98,88.98,88.98,88.98,504.0
2025-06-18 12:40:00,88.97,88.97,88.88,88.88,7655.0
2025-06-18 12:50:00,88.9972,88.9972,88.98,88.98,2140.0
2025-06-18 12:55:00,88.9,88.9,88.89,88.89,6243.0
2025-06-18 13:00:00,88.89,88.97,88.89,88.96,1252.0
2025-06-18 13:05:00,88.92,88.92,88.92,88.92,5757.0
2025-06-18 13:10:00,88.93,88.93,88.92,88.92,5911.0
2025-06-18 13:15:00,88.93,88.95,88.93,88.94,1884.0
2025-06-18 13:20:00,88.92,88.92,88.9,88.92,7315.0
2025-06-18 13:25:00,89.0,89.0,89.0,89.0,616.0
2025-06-18 13:30:00,88.98,89.43,88.795,89.34,735906.0
2025-06-18 13:35:00,89.34,89.41,89.05,89.09,798638.0
2025-06-18 13:40:00,89.09,89.21,88.92,89.07,513606.0
2025-06-18 13:45:00,89.07,89.195,89.0,89.18,583499.0
2025-06-18 13:50:00,89.175,89.255,88.96,89.245,416002.0
2025-06-18 13:55:00,89.245,89.32,89.18,89.275,456853.0
2025-06-18 14:00:00,89.27,89.295,88.86,89.005,2193411.0
2025-06-18 14:05:00,89.005,89.055,88.69,88.85,1218414.0
2025-06-18 14:10:00,88.85,88.96,88.62,88.645,737897.0
2025-06-18 14:15:00,88.645,88.66,88.3,88.3346,1085321.0
2025-06-18 14:20:00,88.34,88.52,88.15,88.38,1466826.0
2025-06-18 14:25:00,88.39,88.52,88.345,88.43,554479.0
2025-06-18 14:30:00,88.43,88.57,88.23,88.25,625919.0
2025-06-18 14:35:00,88.25,88.38,88.03,88.38,788663.0
2025-06-18 14:40:00,88.37,88.38,88.025,88.19,1236065.0
2025-06-18 14:45:00,88.2,88.26,88.045,88.11,799781.0
2025-06-18 14:50:00,88.095,88.24,88.075,88.205,300094.0
2025-06-18 14:55:00,88.2,88.29,88.165,88.19,401876.0
2025-06-18 15:00:00,88.18,88.29,88.12,88.23,371953.0
2025-06-18 15:05:00,88.235,88.3,88.165,88.29,399382.0
2025-06-18 15:10:00,88.29,88.34,88.2,88.2,438555.0
2025-06-18 15:15:00,88.2,88.21,88.055,88.155,519544.0
2025-06-18 15:20:00,88.15,88.24,88.1,88.225,236472.0
2025-06-18 15:25:00,88.22,88.23,88.1,88.175,506424.0
2025-06-18 15:30:00,88.17,88.2354,88.13,88.225,486227.0
2025-06-18 15:35:00,88.22,88.275,88.1746,88.235,247490.0
2025-06-18 15:40:00,88.24,88.308,88.145,88.2,330331.0
2025-06-18 15:45:00,88.2,88.29,88.16,88.2244,154512.0
2025-06-18 15:50:00,88.215,88.24,88.135,88.205,296046.0
2025-06-18 15:55:00,88.205,88.37,88.205,88.28,492896.0
2025-06-18 16:00:00,88.28,88.355,88.19,88.25,405255.0
2025-06-20 09:35:00,88.4,88.45,88.39,88.45,5727.0
2025-06-20 09:40:00,88.46,88.48,88.46,88.48,2168.0
2025-06-20 10:00:00,88.37,88.37,88.37,88.37,100.0
2025-06-20 10:25:00,88.46,88.46,88.44,88.44,847.0
2025-06-20 10:45:00,88.46,88.46,88.46,88.46,1444.0
2025-06-20 10:50:00,88.57,88.58,88.55,88.58,3778.0
2025-06-20 11:00:00,88.58,88.58,88.39,88.57,10209.0
2025-06-20 11:05:00,88.58,88.68,88.58,88.68,3141.0
2025-06-20 11:10:00,88.64,88.64,88.59,88.59,2180.0
2025-06-20 11:15:00,88.6,88.62,88.59,88.59,1309.0
2025-06-20 11:20:00,88.58,88.58,88.58,88.58,1500.0
2025-06-20 11:40:00,88.53,88.55,88.51,88.51,1330.0
2025-06-20 11:45:00,88.47,88.47,88.03,88.11,146344.0
2025-06-20 11:50:00,88.11,88.11,87.91,87.99,28677.0
2025-06-20 11:55:00,88.07,88.14,87.98,88.09,42887.0
2025-06-20 12:00:00,88.07,88.56,87.91,87.9897,26345.0
2025-06-20 12:05:00,88.12,88.17,88.12,88.14,6155.0
2025-06-20 12:10:00,88.17,88.17,88.08,88.09,4305.0
2025-06-20 12:15:00,88.15,88.2,88.15,88.17,3537.0
2025-06-20 12:20:00,88.2,88.23,88.15,88.21,12338.0
2025-06-20 12:25:00,88.24,88.27,88.14,88.27,3487.0
2025-06-20 12:30:00,88.3,88.31,88.23,88.23,1086.0
2025-06-20 12:35:00,88.3,88.34,88.2903,88.3,2522.0
2025-06-20 12:40:00,88.33,88.35,88.31,88.32,4345.0
2025-06-20 12:45:00,88.24,88.34,88.24,88.34,6464.0
2025-06-20 12:50:00,88.37,88.4,88.32,88.4,16596.0
2025-06-20 12:55:00,88.39,88.41,88.35,88.39,15242.0
2025-06-20 13:00:00,88.4,88.4,88.4,88.4,478.0
2025-06-20 13:05:00,88.4,88.45,88.4,88.45,986.0
2025-06-20 13:10:00,88.44,88.5,88.42,88.5,1631.0
2025-06-20 13:15:00,88.46,88.49,88.43,88.43,4160.0
2025-06-20 13:20:00,88.47,88.47,88.44,88.47,1764.0
2025-06-20 13:25:00,88.46,88.58,88.43,88.44,12097.0
2025-06-20 13:30:00,88.43,88.74,88.17,88.32,1000838.0
2025-06-20 13:35:00,88.325,88.722,88.26,88.39,799613.0
2025-06-20 13:40:00,88.395,88.68,88.395,88.64,443535.0
2025-06-20 13:45:00,88.65,88.73,88.48,88.705,506608.0
2025-06-20 13:50:00,88.71,88.71,88.53,88.62,481069.0
2025-06-20 13:55:00,88.61,88.705,88.555,88.56,361410.0
2025-06-20 14:00:00,88.56,88.74,88.52,88.69,403340.0
2025-06-20 14:05:00,88.69,88.78,88.625,88.73,435588.0
2025-06-20 14:10:00,88.74,88.905,88.66,88.86,422004.0
2025-06-20 14:15:00,88.85,88.9,88.755,88.9,407913.0
2025-06-20 14:20:00,88.9,88.98,88.82,88.85,363859.0
2025-06-20 14:25:00,88.85,88.9,88.815,88.84,375076.0
2025-06-20 14:30:00,88.84,88.92,88.795,88.805,320373.0
2025-06-20 14:35:00,88.805,88.89,88.78,88.845,248814.0
2025-06-20 14:40:00,88.85,88.93,88.745,88.9,479001.0
2025-06-20 14:45:00,88.9,88.92,88.8101,88.905,232166.0
2025-06-20 14:50:00,88.9,88.95,88.83,88.91,291847.0
2025-06-20 14:55:00,88.9,88.945,88.85,88.87,304525.0
2025-06-20 15:00:00,88.87,88.9,88.77,88.82,514018.0
2025-06-20 15:05:00,88.82,88.82,88.72,88.73,434785.0
2025-06-20 15:10:00,88.725,88.81,88.695,88.775,621605.0
2025-06-20 15:15:00,88.775,88.815,88.71,88.78,542233.0
2025-06-20 15:20:00,88.77,88.8,88.6654,88.69,209295.0
2025-06-20 15:25:00,88.695,88.76,88.67,88.72,366848.0
2025-06-20 15:30:00,88.715,88.795,88.69,88.795,603751.0
2025-06-20 15:35:00,88.79,88.86,88.735,88.86,238684.0
2025-06-20 15:40:00,88.86,88.88,88.8,88.875,164581.0
2025-06-20 15:45:00,88.87,88.905,88.86,88.9,164982.0
2025-06-20 15:50:00,88.9,88.92,88.83,88.845,272808.0
2025-06-20 15:55:00,88.845,88.925,88.835,88.84,292379.0
2025-06-20 16:00:00,88.85,88.875,88.775,88.79,264588.0
2025-06-23 09:30:00,88.98,88.98,88.92,88.93,2432.0
2025-06-23 09:35:00,89.02,89.02,88.98,88.98,1867.0
2025-06-23 09:40:00,88.95,88.99,88.95,88.99,1545.0
2025-06-23 09:45:00,88.99,89.0,88.99,89.0,2396.0
2025-06-23 10:00:00,89.19,89.19,89.19,89.19,899.0
2025-06-23 10:05:00,89.19,89.19,89.19,89.19,600.0
2025-06-23 10:10:00,89.19,89.35,89.19,89.25,3402.0
2025-06-23 10:15:00,89.22,89.22,89.22,89.22,1122.0
2025-06-23 10:20:00,89.26,89.26,89.23,89.23,328.0
2025-06-23 10:30:00,89.29,89.29,89.29,89.29,815.0
2025-06-23 10:35:00,89.29,89.29,89.22,89.23,1854.0
2025-06-23 10:40:00,89.33,89.34,89.25,89.25,1193.0
2025-06-23 10:50:00,89.42,89.42,89.42,89.42,161.0
2025-06-23 10:55:00,89.42,89.48,89.38,89.48,5013.0
2025-06-23 11:00:00,89.47,89.55,89.42,89.55,9203.0
2025-06-23 11:05:00,89.54,89.54,89.46,89.46,2545.0
2025-06-23 11:10:00,89.53,89.54,89.52,89.54,3912.0
2025-06-23 11:15:00,89.55,89.57,89.51,89.54,6620.0
2025-06-23 11:20:00,89.539,89.6,89.46,89.46,3247.0
2025-06-23 11:25:00,89.47,89.47,89.46,89.46,468.0
2025-06-23 11:30:00,89.54,89.54,89.51,89.51,2471.0
2025-06-23 11:35:00,89.54,89.54,89.5,89.5,1419.0
2025-06-23 11:40:00,89.43,89.449,89.4,89.41,3378.0
2025-06-23 11:45:00,89.45,89.54,89.45,89.54,7558.0
2025-06-23 11:50:00,89.51,89.55,89.47,89.55,3137.0
2025-06-23 11:55:00,89.54,89.55,89.52,89.54,15146.0
2025-06-23 12:00:00,89.52,89.94,88.84,89.5,76170.0
2025-06-23 12:05:00,89.53,89.5534,89.34,89.4,6441.0
2025-06-23 12:10:00,89.46,89.5,89.46,89.5,1605.0
2025-06-23 12:15:00,89.49,89.49,89.44,89.45,5877.0
2025-06-23 12:20:00,89.41,89.41,89.3,89.34,9656.0
2025-06-23 12:25:00,89.38,89.41,89.25,89.35,17259.0
2025-06-23 12:30:00,89.24,89.3,89.18,89.18,21974.0
2025-06-23 12:35:00,89.13,89.2498,89.03,89.04,7836.0
2025-06-23 12:40:00,89.02,89.12,89.0033,89.1,4770.0
2025-06-23 12:45:00,89.04,89.13,89.02,89.13,6078.0
2025-06-23 12:50:00,89.13,89.15,89.0702,89.15,3292.0
2025-06-23 12:55:00,89.14,89.2,89.09,89.13,14953.0
2025-06-23 13:00:00,89.1112,89.28,89.1112,89.19,15711.0
2025-06-23 13:05:00,89.29,89.29,89.22,89.28,6842.0
2025-06-23 13:10:00,89.2799,89.29,89.23,89.29,5478.0
2025-06-23 13:15:00,89.27,89.431,89.26,89.35,18230.0
2025-06-23 13:20:00,89.4,89.44,89.31,89.44,18802.0
2025-06-23 13:25:00,89.38,89.59,89.37,89.37,27502.0
2025-06-23 13:30:00,89.37,89.43,88.92,89.1,1764149.0
2025-06-23 13:35:00,89.1,89.21,88.855,88.87,1420343.0
2025-06-23 13:40:00,88.87,89.05,88.79,88.83,982065.0
2025-06-23 13:45:00,88.82,88.87,88.54,88.555,1099357.0
2025-06-23 13:50:00,88.555,88.61,88.305,88.33,783655.0
2025-06-23 13:55:00,88.33,88.55,88.32,88.46,589396.0
2025-06-23 14:00:00,88.455,88.5,88.11,88.12,882274.0
2025-06-23 14:05:00,88.12,88.23,87.97,88.145,882560.0
2025-06-23 14:10:00,88.15,88.23,87.93,88.01,1114354.0
2025-06-23 14:15:00,88.02,88.235,87.9925,88.2,729985.0
2025-06-23 14:20:00,88.21,88.21,87.975,88.08,542065.0
2025-06-23 14:25:00,88.08,88.13,87.98,88.05,353794.0
2025-06-23 14:30:00,88.055,88.145,88.04,88.125,453235.0
2025-06-23 14:35:00,88.12,88.125,87.94,87.955,416030.0
2025-06-23 14:40:00,87.96,87.99,87.872,87.91,233874.0
2025-06-23 14:45:00,87.915,87.995,87.85,87.96,295438.0
2025-06-23 14:50:00,87.96,87.965,87.82,87.825,185498.0
2025-06-23 14:55:00,87.83,87.88,87.755,87.77,394303.0
2025-06-23 15:00:00,87.77,87.96,87.76,87.96,273119.0
2025-06-23 15:05:00,87.97,88.01,87.88,87.89,367820.0
2025-06-23 15:10:00,87.8945,87.935,87.81,87.815,254639.0
2025-06-23 15:15:00,87.815,87.88,87.81,87.86,267577.0
2025-06-23 15:20:00,87.86,87.88,87.78,87.8054,581962.0
2025-06-23 15:25:00,87.81,87.865,87.77,87.835,478418.0
2025-06-23 15:30:00,87.835,87.9465,87.82,87.92,469360.0
2025-06-23 15:35:00,87.92,87.98,87.9,87.915,477338.0
2025-06-23 15:40:00,87.905,87.97,87.88,87.97,436932.0
2025-06-23 15:45:00,87.96,88.025,87.95,87.99,389341.0
2025-06-23 15:50:00,87.985,88.1852,87.97,88.18,287589.0
2025-06-23 15:55:00,88.18,88.185,88.09,88.1,442743.0
2025-06-23 16:00:00,88.105,88.13,88.06,88.12,304009.0
2025-06-24 09:30:00,85.3,85.32,85.3,85.32,979.0
2025-06-24 09:35:00,85.32,85.42,85.32,85.42,13470.0
2025-06-24 09:40:00,85.4,85.4,85.35,85.35,1244.0
2025-06-24 09:45:00,85.35,85.35,85.35,85.35,5051.0
2025-06-24 09:55:00,85.29,85.29,85.25,85.25,343.0
2025-06-24 10:00:00,85.24,85.37,85.18,85.37,4747.0
2025-06-24 10:05:00,85.48,85.48,85.48,85.48,100.0
2025-06-24 10:10:00,85.48,85.48,85.48,85.48,1374.0
2025-06-24 10:15:00,85.47,85.51,85.47,85.5,17065.0
2025-06-24 10:20:00,85.54,85.6,85.54,85.6,11332.0
2025-06-24 10:30:00,85.55,85.55,85.55,85.55,149.0
2025-06-24 10:35:00,85.65,85.67,85.58,85.64,6278.0
2025-06-24 10:40:00,85.66,85.68,85.66,85.66,2253.0
2025-06-24 10:45:00,85.62,85.62,85.62,85.62,604.0
2025-06-24 10:50:00,85.6,85.6,85.6,85.6,272.0
2025-06-24 10:55:00,85.61,85.68,85.61,85.68,5052.0
2025-06-24 11:00:00,85.61,85.67,85.5,85.5,15238.0
2025-06-24 11:05:00,85.5,85.5,85.5,85.5,1441.0
2025-06-24 11:10:00,85.5,85.54,85.46,85.51,4503.0
2025-06-24 11:15:00,85.49,85.59,85.48,85.59,4120.0
2025-06-24 11:20:00,85.59,85.62,85.58,85.62,5313.0
2025-06-24 11:25:00,85.64,85.68,85.64,85.67,7199.0
2025-06-24 11:30:00,85.5,85.57,85.49,85.57,2082.0
2025-06-24 11:35:00,85.5,85.5,85.5,85.5,425.0
2025-06-24 11:45:00,85.43,85.43,85.36,85.36,16116.0
2025-06-24 11:50:00,85.4,85.42,85.35,85.35,10295.0
2025-06-24 11:55:00,85.35,85.4,85.32,85.4,28191.0
2025-06-24 12:00:00,85.68,85.68,84.77,85.36,24671.0
2025-06-24 12:05:00,85.33,85.33,85.22,85.22,4274.0
2025-06-24 12:10:00,85.25,85.3,85.0501,85.06,21277.0
2025-06-24 12:15:00,85.02,85.07,84.99,85.02,21652.0
2025-06-24 12:20:00,84.97,85.09,84.97,85.0128,11841.0
2025-06-24 12:25:00,85.05,85.15,85.0145,85.12,19068.0
2025-06-24 12:30:00,85.15,85.17,85.04,85.06,6630.0
2025-06-24 12:35:00,85.13,85.14,85.09,85.14,6755.0
2025-06-24 12:40:00,85.14,85.14,85.08,85.11,7545.0
2025-06-24 12:45:00,85.09,85.14,85.0307,85.08,16405.0
2025-06-24 12:50:00,85.15,85.18,85.14,85.14,4865.0
2025-06-24 12:55:00,85.14,85.18,85.13,85.17,8521.0
2025-06-24 13:00:00,85.19,85.27,85.17,85.17,18444.0
2025-06-24 13:05:00,85.17,85.25,85.17,85.25,12224.0
2025-06-24 13:10:00,85.23,85.23,85.12,85.22,17666.0
2025-06-24 13:15:00,85.22,85.22,84.76,84.88,32942.0
2025-06-24 13:20:00,84.94,84.96,84.5601,84.62,31110.0
2025-06-24 13:25:00,84.62,84.75,84.4,84.75,93908.0
2025-06-24 13:30:00,84.775,85.73,84.62,85.11,2627301.0
2025-06-24 13:35:00,85.13,85.4,85.02,85.36,1259594.0
2025-06-24 13:40:00,85.35,85.6,85.29,85.51,817054.0
2025-06-24 13:45:00,85.51,85.78,85.5,85.54,880601.0
2025-06-24 13:50:00,85.53,85.73,85.5224,85.535,1022865.0
2025-06-24 13:55:00,85.535,85.565,85.39,85.41,804557.0
2025-06-24 14:00:00,85.42,85.63,85.345,85.605,700777.0
2025-06-24 14:05:00,85.61,85.74,85.5337,85.69,511484.0
2025-06-24 14:10:00,85.68,85.755,85.56,85.575,410696.0
2025-06-24 14:15:00,85.575,85.68,85.5,85.635,488021.0
2025-06-24 14:20:00,85.64,85.72,85.55,85.575,917736.0
2025-06-24 14:25:00,85.58,85.59,85.35,85.39,872903.0
2025-06-24 14:30:00,85.39,85.55,85.365,85.485,654348.0
2025-06-24 14:35:00,85.49,85.6,85.405,85.5452,299833.0
2025-06-24 14:40:00,85.545,85.76,85.515,85.76,394610.0
2025-06-24 14:45:00,85.76,85.795,85.71,85.73,283200.0
2025-06-24 14:50:00,85.725,85.8,85.64,85.64,346384.0
2025-06-24 14:55:00,85.635,85.735,85.625,85.71,441485.0
2025-06-24 15:00:00,85.72,85.785,85.52,85.52,513619.0
2025-06-24 15:05:00,85.5,85.52,85.4,85.4233,465709.0
2025-06-24 15:10:00,85.42,85.5,85.41,85.435,306799.0
2025-06-24 15:15:00,85.43,85.435,85.1491,85.16,512943.0
2025-06-24 15:20:00,85.165,85.305,85.155,85.2633,443669.0
2025-06-24 15:25:00,85.265,85.37,85.21,85.335,281843.0
2025-06-24 15:30:00,85.34,85.455,85.33,85.45,269531.0
2025-06-24 15:35:00,85.445,85.55,85.415,85.4612,257078.0
2025-06-24 15:40:00,85.46,85.48,85.37,85.385,158842.0
2025-06-24 15:45:00,85.39,85.4,85.27,85.2865,300793.0
2025-06-24 15:50:00,85.27,85.28,84.99,85.01,335647.0
2025-06-24 15:55:00,85.01,85.025,84.84,84.935,375964.0
2025-06-24 16:00:00,84.935,84.995,84.875,84.885,264513.0
2025-06-25 09:30:00,85.06,85.06,85.06,85.06,210.0
2025-06-25 09:35:00,85.05,85.05,85.05,85.05,222.0
2025-06-25 10:25:00,84.93,84.93,84.93,84.93,243.0
2025-06-25 11:10:00,84.85,84.85,84.85,84.85,200.0
2025-06-25 11:40:00,84.84,84.85,84.84,84.85,1035.0
2025-06-25 12:00:00,84.86,85.24,84.75,85.14,2262.0
2025-06-25 12:10:00,84.84,84.84,84.82,84.82,233.0
2025-06-25 12:25:00,84.83,84.83,84.83,84.83,646.0
2025-06-25 12:30:00,84.7814,84.85,84.7814,84.85,1017.0
2025-06-25 12:50:00,84.91,84.91,84.91,84.91,140.0
2025-06-25 12:55:00,84.88,84.88,84.88,84.88,121.0
2025-06-25 13:00:00,84.89,84.9,84.89,84.9,2102.0
2025-06-25 13:05:00,84.91,84.91,84.88,84.9,2175.0
2025-06-25 13:10:00,84.87,84.87,84.83,84.85,2575.0
2025-06-25 13:15:00,84.9,84.9,84.84,84.84,1102.0
2025-06-25 13:20:00,84.84,84.86,84.84,84.86,4746.0
2025-06-25 13:25:00,84.84,84.86,84.8,84.8,13601.0
2025-06-25 13:30:00,84.81,84.86,84.34,84.47,893986.0
2025-06-25 13:35:00,84.48,84.64,84.26,84.375,697373.0
2025-06-25 13:40:00,84.3721,84.51,84.32,84.43,518831.0
2025-06-25 13:45:00,84.435,84.7,84.41,84.63,429093.0
2025-06-25 13:50:00,84.605,84.685,84.535,84.5402,246507.0
2025-06-25 13:55:00,84.53,84.66,84.52,84.565,309969.0
2025-06-25 14:00:00,84.57,84.72,84.555,84.65,279413.0
2025-06-25 14:05:00,84.64,84.76,84.615,84.75,249736.0
2025-06-25 14:10:00,84.755,84.775,84.64,84.7,298475.0
2025-06-25 14:15:00,84.7,84.8,84.67,84.725,730037.0
2025-06-25 14:20:00,84.72,84.885,84.68,84.87,456631.0
2025-06-25 14:25:00,84.87,84.91,84.8,84.85,267626.0
2025-06-25 14:30:00,84.85,85.055,84.84,84.935,458512.0
2025-06-25 14:35:00,84.94,84.98,84.8,84.81,169905.0
2025-06-25 14:40:00,84.82,84.92,84.79,84.8754,178244.0
2025-06-25 14:45:00,84.87,84.92,84.825,84.835,157465.0
2025-06-25 14:50:00,84.83,84.91,84.82,84.89,186973.0
2025-06-25 14:55:00,84.885,84.89,84.805,84.86,234793.0
2025-06-25 15:00:00,84.85,84.945,84.825,84.91,186780.0
2025-06-25 15:05:00,84.91,84.935,84.855,84.89,122549.0
2025-06-25 15:10:00,84.89,84.93,84.75,84.78,102700.0
2025-06-25 15:15:00,84.7846,84.83,84.685,84.71,135589.0
2025-06-25 15:20:00,84.71,84.745,84.61,84.615,136814.0
2025-06-25 15:25:00,84.615,84.695,84.61,84.68,145658.0
2025-06-25 15:30:00,84.67,84.71,84.65,84.685,115254.0
2025-06-25 15:35:00,84.69,85.045,84.67,84.94,1141569.0
2025-06-25 15:40:00,84.95,85.02,84.84,84.97,334756.0
2025-06-25 15:45:00,84.97,85.02,84.89,84.923779,331802.0
2025-06-25 15:50:00,84.93,84.98,84.91,84.935,941821.0
2025-06-25 15:55:00,84.94,85.01,84.94,85.01,340718.0
2025-06-25 16:00:00,85.02,85.085,84.975,85.065,312930.0
2025-06-26 10:00:00,84.64,84.67,84.64,84.67,1238.0
2025-06-26 10:25:00,84.73,84.73,84.73,84.73,300.0
2025-06-26 10:30:00,84.71,84.71,84.71,84.71,200.0
2025-06-26 10:50:00,84.76,84.76,84.76,84.76,445.0
2025-06-26 11:00:00,84.69,84.7,84.67,84.7,1539.0
2025-06-26 11:15:00,84.73,84.73,84.73,84.73,500.0
2025-06-26 11:45:00,84.75,84.75,84.75,84.75,177.0
2025-06-26 11:55:00,84.79,84.79,84.79,84.79,268.0
2025-06-26 12:00:00,84.56,84.84,84.56,84.84,2937.0
2025-06-26 12:05:00,84.83,84.86,84.82,84.82,5687.0
2025-06-26 12:10:00,84.81,84.81,84.79,84.79,593.0
2025-06-26 12:15:00,84.81,84.81,84.81,84.81,385.0
2025-06-26 12:20:00,84.78,84.79,84.78,84.78,3313.0
2025-06-26 12:25:00,84.79,84.79,84.79,84.79,3575.0
2025-06-26 12:30:00,84.76,84.76,84.76,84.76,156.0
2025-06-26 12:35:00,84.72,84.72,84.72,84.72,141.0
2025-06-26 13:00:00,84.7789,84.7789,84.74,84.74,11239.0
2025-06-26 13:05:00,84.8,84.88,84.8,84.87,1456.0
2025-06-26 13:10:00,84.89,84.89,84.89,84.89,253.0
2025-06-26 13:20:00,84.87,84.8989,84.86,84.8989,2946.0
2025-06-26 13:25:00,84.84,84.84,84.84,84.84,661.0
2025-06-26 13:30:00,84.73,85.11,84.52,85.0515,820746.0
2025-06-26 13:35:00,85.06,85.105,84.82,85.1,666609.0
2025-06-26 13:40:00,85.11,85.14,85.01,85.075,332045.0
2025-06-26 13:45:00,85.07,85.09,84.9,84.98,535315.0
2025-06-26 13:50:00,84.98,84.98,84.845,84.875,372566.0
2025-06-26 13:55:00,84.87,84.88,84.64,84.67,298641.0
2025-06-26 14:00:00,84.67,84.79,84.645,84.68,300452.0
2025-06-26 14:05:00,84.68,84.76,84.63,84.75,188450.0
2025-06-26 14:10:00,84.75,84.94,84.73,84.885,291279.0
2025-06-26 14:15:00,84.89,85.025,84.885,85.0203,206109.0
2025-06-26 14:20:00,85.0254,85.04,84.96,85.0201,122505.0
2025-06-26 14:25:00,85.025,85.175,85.025,85.155,237734.0
2025-06-26 14:30:00,85.15,85.26,85.12,85.24,267565.0
2025-06-26 14:35:00,85.24,85.255,85.145,85.21,380126.0
2025-06-26 14:40:00,85.22,85.32,85.2,85.205,132874.0
2025-06-26 14:45:00,85.2,85.31,85.19,85.305,145742.0
2025-06-26 14:50:00,85.29,85.38,85.275,85.345,123494.0
2025-06-26 14:55:00,85.345,85.38,85.31,85.36,159474.0
2025-06-26 15:00:00,85.36,85.4775,85.36,85.4775,182928.0
2025-06-26 15:05:00,85.4751,85.58,85.47,85.5535,197545.0
2025-06-26 15:10:00,85.555,85.58,85.47,85.49,238677.0
2025-06-26 15:15:00,85.48,85.54,85.455,85.47,160379.0
2025-06-26 15:20:00,85.475,85.52,85.44,85.5,245741.0
2025-06-26 15:25:00,85.5,85.54,85.45,85.49,178033.0
2025-06-26 15:30:00,85.49,85.52,85.44,85.475,147609.0
2025-06-26 15:35:00,85.46,85.545,85.455,85.525,79762.0
2025-06-26 15:40:00,85.53,85.6,85.53,85.56,110472.0
2025-06-26 15:45:00,85.5599,85.585,85.525,85.57,109483.0
2025-06-26 15:50:00,85.58,85.6065,85.54,85.585,111759.0
2025-06-26 15:55:00,85.59,85.625,85.5,85.505,206992.0
2025-06-26 16:00:00,85.51,85.61,85.51,85.58,261216.0
2025-06-27 10:50:00,85.96,85.96,85.96,85.96,167.0
2025-06-27 11:10:00,85.82,85.82,85.82,85.82,997.0
2025-06-27 11:25:00,85.88,85.88,85.88,85.88,488.0
2025-06-27 11:30:00,85.9,85.9,85.9,85.9,349.0
2025-06-27 11:35:00,85.92,85.93,85.92,85.93,293.0
2025-06-27 11:45:00,85.97,86.02,85.97,86.01,5560.0
2025-06-27 11:50:00,86.03,86.06,86.02,86.02,4104.0
2025-06-27 12:00:00,86.07,86.08,85.83,86.08,10626.0
2025-06-27 12:10:00,86.05,86.05,86.05,86.05,250.0
2025-06-27 12:15:00,86.0492,86.0492,86.0,86.0,1550.0
2025-06-27 12:25:00,86.07,86.07,86.07,86.07,291.0
2025-06-27 12:30:00,86.0,86.0,86.0,86.0,2121.0
2025-06-27 12:35:00,85.99,85.99,85.99,85.99,319.0
2025-06-27 12:45:00,85.9,85.95,85.9,85.95,1418.0
2025-06-27 12:50:00,86.07,86.07,86.0,86.0,1199.0
2025-06-27 13:00:00,86.0,86.04,86.0,86.0,1533.0
2025-06-27 13:05:00,86.07,86.07,86.03,86.07,975.0
2025-06-27 13:10:00,86.1,86.1,86.02,86.02,2688.0
2025-06-27 13:15:00,86.08,86.09,86.03,86.03,4537.0
2025-06-27 13:25:00,85.97,85.97,85.65,85.66,5270.0
2025-06-27 13:30:00,85.7,85.7,85.17,85.3454,753250.0
2025-06-27 13:35:00,85.33,85.5,85.19,85.43,702103.0
2025-06-27 13:40:00,85.43,85.6,85.41,85.57,274804.0
2025-06-27 13:45:00,85.57,85.57,85.43,85.46,326496.0
2025-06-27 13:50:00,85.47,85.51,85.405,85.42,142589.0
2025-06-27 13:55:00,85.42,85.46,85.3,85.36,337836.0
2025-06-27 14:00:00,85.37,85.5,85.37,85.45,330837.0
2025-06-27 14:05:00,85.46,85.485,85.37,85.4,290506.0
2025-06-27 14:10:00,85.39,85.48,85.34,85.38,285856.0
2025-06-27 14:15:00,85.38,85.455,85.33,85.455,248532.0
2025-06-27 14:20:00,85.45,85.455,85.365,85.38,220733.0
2025-06-27 14:25:00,85.385,85.45,85.3622,85.41,105782.0
2025-06-27 14:30:00,85.43,85.44,85.27,85.36,193988.0
2025-06-27 14:35:00,85.365,85.4,85.32,85.33,237435.0
2025-06-27 14:40:00,85.325,85.39,85.28,85.29,149063.0
2025-06-27 14:45:00,85.2946,85.415,85.2946,85.39,155798.0
2025-06-27 14:50:00,85.385,85.43,85.35,85.42,149370.0
2025-06-27 14:55:00,85.42,85.44,85.37,85.43,127598.0
2025-06-27 15:00:00,85.425,85.49,85.425,85.47,113241.0
2025-06-27 15:05:00,85.47,85.49,85.421,85.455,102405.0
2025-06-27 15:10:00,85.46,85.47,85.38,85.43,100074.0
2025-06-27 15:15:00,85.431,85.465,85.41,85.42,166994.0
2025-06-27 15:20:00,85.41,85.41,85.305,85.4,199615.0
2025-06-27 15:25:00,85.395,85.415,85.345,85.35,122312.0
2025-06-27 15:30:00,85.35,85.35,84.87,84.98,1556463.0
2025-06-27 15:35:00,84.98,85.15,84.96,85.1433,514727.0
2025-06-27 15:40:00,85.15,85.18,85.02,85.125,322708.0
2025-06-27 15:45:00,85.125,85.265,85.095,85.24,260171.0
2025-06-27 15:50:00,85.24,85.255,85.2067,85.21,106237.0
2025-06-27 15:55:00,85.21,85.233,85.16,85.185,129243.0
2025-06-27 16:00:00,85.185,85.22,84.99,85.17,668213.0
2025-06-30 09:55:00,85.39,85.39,85.39,85.39,219.0
2025-06-30 10:15:00,85.41,85.41,85.4,85.4,580.0
2025-06-30 11:00:00,85.41,85.41,85.33,85.4,1780.0
2025-06-30 11:15:00,85.4,85.4,85.4,85.4,191.0
2025-06-30 11:20:00,85.365,85.4,85.365,85.4,898.0
2025-06-30 11:25:00,85.39,85.4,85.375,85.4,749.0
2025-06-30 11:35:00,85.33,85.33,85.31,85.31,244.0
2025-06-30 12:00:00,85.3216,85.36,85.3,85.3,2340.0
2025-06-30 12:15:00,85.29,85.29,85.29,85.29,101.0
2025-06-30 12:20:00,85.33,85.33,85.29,85.29,3501.0
2025-06-30 12:25:00,85.28,85.35,85.28,85.35,1914.0
2025-06-30 12:30:00,85.2523,85.28,85.2523,85.28,250.0
2025-06-30 12:35:00,85.27,85.27,85.26,85.27,3682.0
2025-06-30 12:45:00,85.24,85.24,85.24,85.24,201.0
2025-06-30 12:50:00,85.23,85.24,85.23,85.24,3894.0
2025-06-30 12:55:00,85.22,85.22,85.2,85.2,900.0
2025-06-30 13:00:00,85.23,85.23,85.17,85.2,3699.0
2025-06-30 13:05:00,85.22,85.22,85.22,85.22,238.0
2025-06-30 13:10:00,85.15,85.15,85.15,85.15,718.0
2025-06-30 13:15:00,85.12,85.12,85.06,85.11,10390.0
2025-06-30 13:20:00,85.13,85.17,85.12,85.13,6638.0
2025-06-30 13:25:00,85.14,85.16,85.05,85.05,14448.0
2025-06-30 13:30:00,84.97,84.97,84.555,84.94,867515.0
2025-06-30 13:35:00,84.93,84.98,84.675,84.925,448539.0
2025-06-30 13:40:00,84.93,85.03,84.83,84.84,234520.0
2025-06-30 13:45:00,84.83,84.92,84.74,84.905,352422.0
2025-06-30 13:50:00,84.91,84.97,84.84,84.93,227500.0
2025-06-30 13:55:00,84.93,84.97,84.84,84.93,250781.0
2025-06-30 14:00:00,84.925,85.12,84.92,85.07,315536.0
2025-06-30 14:05:00,85.07,85.17,85.03,85.08,264183.0
2025-06-30 14:10:00,85.085,85.12,84.96,84.965,150669.0
2025-06-30 14:15:00,84.97,85.07,84.97,85.05,160809.0
2025-06-30 14:20:00,85.05,85.09,85.0101,85.04,120635.0
2025-06-30 14:25:00,85.03,85.1,85.015,85.07,129182.0
2025-06-30 14:30:00,85.08,85.08,85.0,85.06,199200.0
2025-06-30 14:35:00,85.06,85.165,85.045,85.05,174212.0
2025-06-30 14:40:00,85.05,85.095,85.02,85.09,115494.0
2025-06-30 14:45:00,85.095,85.13,85.08,85.12,108021.0
2025-06-30 14:50:00,85.1151,85.28,85.095,85.26,283601.0
2025-06-30 14:55:00,85.25,85.25,85.14,85.16,133795.0
2025-06-30 15:00:00,85.155,85.23,85.13,85.23,129075.0
2025-06-30 15:05:00,85.24,85.265,85.215,85.22,97708.0
2025-06-30 15:10:00,85.21,85.21,85.1229,85.18,108228.0
2025-06-30 15:15:00,85.18,85.23,85.175,85.21,80302.0
2025-06-30 15:20:00,85.21,85.27,85.18,85.21,74744.0
2025-06-30 15:25:00,85.22,85.34,85.22,85.3,120291.0
2025-06-30 15:30:00,85.3,85.32,85.135,85.14,123700.0
2025-06-30 15:35:00,85.135,85.18,85.085,85.09,77656.0
2025-06-30 15:40:00,85.09,85.11,85.05,85.11,118249.0
2025-06-30 15:45:00,85.11,85.17,85.0854,85.165,75872.0
2025-06-30 15:50:00,85.17,85.25,85.17,85.21,66740.0
2025-06-30 15:55:00,85.2145,85.255,85.19,85.225,69203.0
2025-06-30 16:00:00,85.22,85.24,85.19,85.2329,60025.0
2025-07-01 09:35:00,84.73,84.74,84.68,84.74,6238.0
2025-07-01 09:45:00,84.7,84.71,84.66,84.71,6543.0
2025-07-01 10:45:00,84.94,84.96,84.94,84.96,450.0
2025-07-01 11:00:00,84.91,84.91,84.88,84.88,671.0
2025-07-01 11:15:00,84.89,84.89,84.89,84.89,100.0
2025-07-01 11:30:00,84.89,84.89,84.89,84.89,637.0
2025-07-01 11:35:00,84.9,84.9,84.9,84.9,314.0
2025-07-01 11:40:00,84.88,84.88,84.88,84.88,215.0
2025-07-01 12:00:00,84.8318,84.95,84.8318,84.94,1064.0
2025-07-01 12:05:00,84.9,84.9,84.86,84.86,656.0
2025-07-01 12:10:00,84.93,84.93,84.93,84.93,2464.0
2025-07-01 12:15:00,84.92,84.92,84.92,84.92,516.0
2025-07-01 12:25:00,84.9,84.9,84.9,84.9,534.0
2025-07-01 12:30:00,84.94,84.96,84.94,84.96,6090.0
2025-07-01 12:40:00,84.94,84.98,84.94,84.98,493.0
2025-07-01 12:45:00,84.94,84.94,84.94,84.94,254.0
2025-07-01 12:55:00,84.95,85.01,84.88,85.01,13429.0
2025-07-01 13:00:00,85.0,85.02,84.97,85.02,14427.0
2025-07-01 13:05:00,84.99,85.0,84.95,84.95,34736.0
2025-07-01 13:10:00,84.96,85.0293,84.96,85.0,49361.0
2025-07-01 13:15:00,85.0,85.0009,84.98,85.0,14169.0
2025-07-01 13:20:00,85.0,85.0,85.0,85.0,8501.0
2025-07-01 13:25:00,84.97,85.04,84.93,84.93,4044.0
2025-07-01 13:30:00,84.94,84.965,84.29,84.3,961332.0
2025-07-01 13:35:00,84.29,84.355,84.16,84.31,863916.0
2025-07-01 13:40:00,84.305,84.331,84.16,84.275,466737.0
2025-07-01 13:45:00,84.28,84.31,84.17,84.235,347591.0
2025-07-01 13:50:00,84.24,84.335,84.21,84.32,316879.0
2025-07-01 13:55:00,84.32,84.335,84.1899,84.1899,289319.0
2025-07-01 14:00:00,84.18,84.32,84.155,84.24,340660.0
2025-07-01 14:05:00,84.24,84.31,84.225,84.26,168709.0
2025-07-01 14:10:00,84.27,84.31,84.2,84.24,178576.0
2025-07-01 14:15:00,84.22,84.32,84.19,84.265,171947.0
2025-07-01 14:20:00,84.26,84.32,84.21,84.27,141164.0
2025-07-01 14:25:00,84.265,84.385,84.265,84.34,213737.0
2025-07-01 14:30:00,84.34,84.49,84.32,84.46,164148.0
2025-07-01 14:35:00,84.46,84.59,84.435,84.46,312719.0
2025-07-01 14:40:00,84.455,84.56,84.44,84.525,257635.0
2025-07-01 14:45:00,84.53,84.68,84.52,84.68,227781.0
2025-07-01 14:50:00,84.67,84.675,84.58,84.67,146299.0
2025-07-01 14:55:00,84.665,84.8167,84.625,84.81,208633.0
2025-07-01 15:00:00,84.81,84.92,84.78,84.92,178582.0
2025-07-01 15:05:00,84.92,85.085,84.895,84.94,300297.0
2025-07-01 15:10:00,84.935,85.04,84.87,85.03,319696.0
2025-07-01 15:15:00,85.03,85.185,84.99,85.12,216090.0
2025-07-01 15:20:00,85.1225,85.33,85.105,85.295,292536.0
2025-07-01 15:25:00,85.3,85.345,85.14,85.15,280868.0
2025-07-01 15:30:00,85.15,85.23,85.09,85.19,244719.0
2025-07-01 15:35:00,85.18,85.2446,85.095,85.24,197426.0
2025-07-01 15:40:00,85.26,85.32,85.23,85.26,224126.0
2025-07-01 15:45:00,85.25,85.3,85.22,85.25,141299.0
2025-07-01 15:50:00,85.25,85.4,85.24,85.36,207797.0
2025-07-01 15:55:00,85.37,85.48,85.355,85.4442,199478.0
2025-07-01 16:00:00,85.44,85.535,85.4,85.515,182519.0
2025-07-02 09:40:00,85.94,86.02,85.93,86.02,9199.0
2025-07-02 09:45:00,86.01,86.03,86.01,86.03,200.0
2025-07-02 09:50:00,86.02,86.03,86.02,86.03,734.0
2025-07-02 10:00:00,86.0,86.0,86.0,86.0,1299.0
2025-07-02 10:05:00,86.0,86.0,85.99,85.99,3612.0
2025-07-02 10:25:00,86.05,86.19,86.05,86.14,10615.0
2025-07-02 10:30:00,86.15,86.2,86.15,86.18,3569.0
2025-07-02 10:35:00,86.19,86.19,86.19,86.19,232.0
2025-07-02 10:45:00,86.15,86.22,86.15,86.22,6928.0
2025-07-02 10:50:00,86.22,86.24,86.21,86.23,4349.0
2025-07-02 10:55:00,86.25,86.31,86.25,86.25,6903.0
2025-07-02 11:00:00,86.24,86.29,86.24,86.25,12666.0
2025-07-02 11:05:00,86.25,86.25,86.24,86.25,2725.0
2025-07-02 11:10:00,86.3,86.38,86.3,86.33,14225.0
2025-07-02 11:20:00,86.31,86.4,86.31,86.31,16447.0
2025-07-02 11:25:00,86.31,86.33,86.3,86.3,7922.0
2025-07-02 11:35:00,86.31,86.34,86.31,86.34,1495.0
2025-07-02 11:40:00,86.34,86.34,86.31,86.32,1034.0
2025-07-02 11:45:00,86.3,86.31,86.3,86.31,4984.0
2025-07-02 11:50:00,86.3,86.3,86.3,86.3,5338.0
2025-07-02 12:00:00,86.2204,86.38,85.54,86.2,15824.0
2025-07-02 12:05:00,86.18,86.23,86.18,86.23,515.0
2025-07-02 12:10:00,86.25,86.25,86.24,86.24,1600.0
2025-07-02 12:15:00,86.22,86.22,86.2,86.2,2655.0
2025-07-02 12:20:00,86.2,86.2004,86.2,86.2,3568.0
2025-07-02 12:25:00,86.23,86.28,86.21,86.28,2969.0
2025-07-02 12:40:00,86.24,86.25,86.2,86.25,6684.0
2025-07-02 12:45:00,86.21,86.21,86.2,86.2,1390.0
2025-07-02 12:50:00,86.3,86.3,86.3,86.3,100.0
2025-07-02 12:55:00,86.2,86.2,86.2,86.2,712.0
2025-07-02 13:00:00,86.2,86.2,86.2,86.2,739.0
2025-07-02 13:05:00,86.2,86.2,86.2,86.2,5632.0
2025-07-02 13:20:00,86.15,86.15,86.15,86.15,160.0
2025-07-02 13:25:00,86.1,86.26,86.1,86.26,4327.0
2025-07-02 13:30:00,86.18,86.39,85.69,85.78,726872.0
2025-07-02 13:35:00,85.76,85.91,85.67,85.69,838656.0
2025-07-02 13:40:00,85.69,85.76,85.43,85.515,608575.0
2025-07-02 13:45:00,85.515,85.625,85.465,85.51,454805.0
2025-07-02 13:50:00,85.5,85.515,85.375,85.45,575562.0
2025-07-02 13:55:00,85.445,85.465,85.23,85.43,307873.0
2025-07-02 14:00:00,85.43,85.54,85.36,85.53,305328.0
2025-07-02 14:05:00,85.53,85.54,85.43,85.44,155204.0
2025-07-02 14:10:00,85.44,85.46,85.36,85.42,242039.0
2025-07-02 14:15:00,85.41,85.47,85.36,85.415,170279.0
2025-07-02 14:20:00,85.405,85.49,85.385,85.4593,153185.0
2025-07-02 14:25:00,85.45,85.51,85.365,85.39,530888.0
2025-07-02 14:30:00,85.39,85.39,85.27,85.34,486534.0
2025-07-02 14:35:00,85.34,85.4323,85.275,85.38,241202.0
2025-07-02 14:40:00,85.38,85.455,85.3628,85.43,312305.0
2025-07-02 14:45:00,85.425,85.46,85.36,85.39,214571.0
2025-07-02 14:50:00,85.39,85.48,85.3823,85.46,279304.0
2025-07-02 14:55:00,85.46,85.535,85.45,85.5,126092.0
2025-07-02 15:00:00,85.51,85.6113,85.5,85.52,188932.0
2025-07-02 15:05:00,85.52,85.625,85.495,85.59,165110.0
2025-07-02 15:10:00,85.59,85.725,85.575,85.69,138630.0
2025-07-02 15:15:00,85.68,85.81,85.68,85.77,165718.0
2025-07-02 15:20:00,85.775,85.87,85.77,85.87,140654.0
2025-07-02 15:25:00,85.87,85.875,85.78,85.8499,178008.0
2025-07-02 15:30:00,85.85,85.855,85.725,85.73,137788.0
2025-07-02 15:35:00,85.73,85.75,85.65,85.65,193342.0
2025-07-02 15:40:00,85.6459,85.81,85.635,85.81,142281.0
2025-07-02 15:45:00,85.81,85.88,85.795,85.87,117762.0
2025-07-02 15:50:00,85.87,86.04,85.865,86.0,250462.0
2025-07-02 15:55:00,85.995,86.105,85.995,86.0929,286000.0
2025-07-02 16:00:00,86.09,86.11,86.04,86.05,175471.0
2025-07-03 10:10:00,86.9,86.9,86.9,86.9,3099.0
2025-07-03 10:35:00,86.85,86.85,86.84,86.84,740.0
2025-07-03 10:50:00,86.87,86.87,86.84,86.85,11669.0
2025-07-03 11:20:00,86.85,86.85,86.85,86.85,600.0
2025-07-03 11:35:00,86.89,86.89,86.86,86.86,1196.0
2025-07-03 11:40:00,86.86,86.86,86.86,86.86,233.0
2025-07-03 11:55:00,86.9,86.9,86.9,86.9,4916.0
2025-07-03 12:00:00,86.7623,86.89,86.7623,86.85,1963.0
2025-07-03 12:05:00,86.8984,86.8984,86.8984,86.8984,500.0
2025-07-03 12:10:00,86.89,86.9,86.89,86.9,1701.0
2025-07-03 12:20:00,86.88,86.899,86.88,86.899,3214.0
2025-07-03 12:30:00,86.9,87.0,86.83,86.98,1789.0
2025-07-03 12:35:00,87.02,87.02,87.01,87.01,398.0
2025-07-03 12:45:00,87.0595,87.0595,87.0595,87.0595,3330.0
2025-07-03 12:50:00,86.95,86.95,86.95,86.95,567.0
2025-07-03 13:10:00,86.93,86.93,86.93,86.93,200.0
2025-07-03 13:20:00,86.92,86.92,86.853,86.853,437.0
2025-07-03 13:25:00,86.97,86.97,86.97,86.97,237.0
2025-07-03 13:30:00,86.81,87.05,86.61,87.02,638093.0
2025-07-03 13:35:00,87.02,87.2,86.95,87.19,467857.0
2025-07-03 13:40:00,87.17,87.19,86.98,87.045,183950.0
2025-07-03 13:45:00,87.045,87.135,86.88,86.975,332508.0
2025-07-03 13:50:00,86.97,87.22,86.935,87.2,301544.0
2025-07-03 13:55:00,87.195,87.26,86.97,86.98,193152.0
2025-07-03 14:00:00,86.98,87.18,86.94,87.145,171727.0
2025-07-03 14:05:00,87.13,87.16,86.95,86.95,302852.0
2025-07-03 14:10:00,86.95,86.95,86.785,86.88,200467.0
2025-07-03 14:15:00,86.87,86.97,86.775,86.945,186304.0
2025-07-03 14:20:00,86.95,87.0164,86.915,86.94,208504.0
2025-07-03 14:25:00,86.93,86.99,86.9,86.94,125320.0
2025-07-03 14:30:00,86.93,86.98,86.83,86.91,387426.0
2025-07-03 14:35:00,86.91,87.07,86.87,87.065,352629.0
2025-07-03 14:40:00,87.05,87.28,87.03,87.25,366509.0
2025-07-03 14:45:00,87.24,87.265,87.15,87.23,335139.0
2025-07-03 14:50:00,87.23,87.28,87.21,87.24,269629.0
2025-07-03 14:55:00,87.2451,87.31,87.24,87.27,325706.0
2025-07-03 15:00:00,87.27,87.305,87.11,87.22,284435.0
2025-07-03 15:05:00,87.215,87.275,87.1903,87.26,304010.0
2025-07-03 15:10:00,87.26,87.265,87.145,87.16,202687.0
2025-07-03 15:15:00,87.17,87.17,87.075,87.12,186030.0
2025-07-03 15:20:00,87.12,87.24,87.1036,87.14,140593.0
2025-07-03 15:25:00,87.145,87.18,87.08,87.09,164040.0
2025-07-03 15:30:00,87.09,87.2,87.06,87.175,238687.0
2025-07-03 15:35:00,87.17,87.21,87.05,87.05,161756.0
2025-07-03 15:40:00,87.0576,87.06,86.885,86.93,173443.0
2025-07-03 15:45:00,86.925,87.04,86.9,87.03,197531.0
2025-07-03 15:50:00,87.03,87.05,86.99,87.03,123992.0
2025-07-03 15:55:00,87.03,87.1,87.02,87.09,89054.0
2025-07-03 16:00:00,87.09,87.1299,87.07,87.075,99394.0
2025-07-07 09:30:00,86.29,86.29,86.29,86.29,380.0
2025-07-07 09:35:00,86.335,86.36,86.32,86.34,1435.0
2025-07-07 09:45:00,86.32,86.32,86.32,86.32,607.0
2025-07-07 09:50:00,86.4,86.4,86.4,86.4,506.0
2025-07-07 09:55:00,86.46,86.46,86.46,86.46,630.0
2025-07-07 10:20:00,86.42,86.42,86.42,86.42,166.0
2025-07-07 10:35:00,86.49,86.5,86.46,86.46,2468.0
2025-07-07 10:40:00,86.5,86.51,86.49,86.49,3942.0
2025-07-07 11:00:00,86.49,86.5,86.46,86.47,3958.0
2025-07-07 11:05:00,86.47,86.5,86.47,86.5,294.0
2025-07-07 11:10:00,86.5,86.5,86.5,86.5,100.0
2025-07-07 11:15:00,86.49,86.49,86.49,86.49,400.0
2025-07-07 11:20:00,86.45,86.57,86.43,86.54,21848.0
2025-07-07 11:25:00,86.57,86.65,86.55,86.65,1556.0
2025-07-07 11:30:00,86.55,86.62,86.55,86.57,2206.0
2025-07-07 11:35:00,86.57,86.58,86.57,86.58,1395.0
2025-07-07 11:50:00,86.57,86.57,86.56,86.56,1413.0
2025-07-07 11:55:00,86.61,86.61,86.61,86.61,2903.0
2025-07-07 12:00:00,86.48,86.62,86.29,86.59,15719.0
2025-07-07 12:10:00,86.55,86.55,86.55,86.55,238.0
2025-07-07 12:15:00,86.5974,86.6,86.585,86.585,1390.0
2025-07-07 12:20:00,86.5999,86.6,86.58,86.6,11419.0
2025-07-07 12:25:00,86.62,86.64,86.61,86.61,697.0
2025-07-07 12:30:00,86.64,86.65,86.63,86.63,1216.0
2025-07-07 12:35:00,86.63,86.66,86.63,86.66,347.0
2025-07-07 12:40:00,86.69,86.69,86.69,86.69,239.0
2025-07-07 12:45:00,86.68,86.68,86.68,86.68,221.0
2025-07-07 12:50:00,86.64,86.64,86.64,86.64,130.0
2025-07-07 12:55:00,86.64,86.64,86.62,86.62,3417.0
2025-07-07 13:00:00,86.61,86.61,86.6,86.6,2914.0
2025-07-07 13:05:00,86.59,86.59,86.59,86.59,301.0
2025-07-07 13:10:00,86.5801,86.5801,86.5801,86.5801,100.0
2025-07-07 13:15:00,86.65,86.81,86.63,86.81,4741.0
2025-07-07 13:20:00,86.7996,86.7996,86.69,86.69,323.0
2025-07-07 13:25:00,86.68,86.72,86.53,86.53,7560.0
2025-07-07 13:30:00,86.5,86.7,86.19,86.48,1432975.0
2025-07-07 13:35:00,86.48,86.66,86.38,86.64,720997.0
2025-07-07 13:40:00,86.6499,86.75,86.45,86.55,302378.0
2025-07-07 13:45:00,86.53,86.67,86.525,86.61,227177.0
2025-07-07 13:50:00,86.62,86.73,86.61,86.7003,201312.0
2025-07-07 13:55:00,86.71,86.76,86.69,86.7145,160404.0
2025-07-07 14:00:00,86.72,86.83,86.705,86.77,341895.0
2025-07-07 14:05:00,86.78,86.9,86.765,86.87,254400.0
2025-07-07 14:10:00,86.86,86.86,86.68,86.7933,333724.0
2025-07-07 14:15:00,86.8,86.96,86.775,86.9,175321.0
2025-07-07 14:20:00,86.9,86.94,86.75,86.76,215622.0
2025-07-07 14:25:00,86.76,86.76,86.55,86.6,280336.0
2025-07-07 14:30:00,86.59,86.65,86.48,86.52,204033.0
2025-07-07 14:35:00,86.5,86.58,86.4872,86.58,172759.0
2025-07-07 14:40:00,86.58,86.75,86.56,86.72,266079.0
2025-07-07 14:45:00,86.72,86.745,86.68,86.7,165272.0
2025-07-07 14:50:00,86.69,86.76,86.675,86.75,157280.0
2025-07-07 14:55:00,86.73,86.73,86.515,86.53,140004.0
2025-07-07 15:00:00,86.51,86.51,86.3135,86.37,234643.0
2025-07-07 15:05:00,86.365,86.41,86.33,86.38,230169.0
2025-07-07 15:10:00,86.37,86.405,86.29,86.31,145847.0
2025-07-07 15:15:00,86.315,86.33,86.12,86.125,158650.0
2025-07-07 15:20:00,86.12,86.23,86.09,86.18,150842.0
2025-07-07 15:25:00,86.195,86.2,86.13,86.15,186031.0
2025-07-07 15:30:00,86.15,86.24,86.135,86.16,382053.0
2025-07-07 15:35:00,86.165,86.24,86.16,86.17,174237.0
2025-07-07 15:40:00,86.165,86.17,86.09,86.17,121291.0
2025-07-07 15:45:00,86.17,86.18,86.08,86.115,225458.0
2025-07-07 15:50:00,86.1151,86.125,86.0,86.055,266396.0
2025-07-07 15:55:00,86.06,86.14,86.055,86.06,115465.0
2025-07-07 16:00:00,86.07,86.12,86.05,86.075,156390.0
2025-07-08 10:20:00,85.88,85.96,85.88,85.96,3519.0
2025-07-08 10:25:00,85.97,85.98,85.97,85.98,3843.0
2025-07-08 10:30:00,85.99,85.99,85.99,85.99,600.0
2025-07-08 10:45:00,86.08,86.11,86.07,86.11,6400.0
2025-07-08 10:55:00,86.14,86.145,86.14,86.145,356.0
2025-07-08 11:05:00,86.12,86.12,86.12,86.12,330.0
2025-07-08 11:10:00,86.15,86.2,86.15,86.19,12022.0
2025-07-08 11:15:00,86.16,86.16,86.13,86.13,1200.0
2025-07-08 11:20:00,86.18,86.18,86.18,86.18,101.0
2025-07-08 11:25:00,86.13,86.13,86.13,86.13,114.0
2025-07-08 11:40:00,86.13,86.13,86.13,86.13,713.0
2025-07-08 11:45:00,86.13,86.13,86.12,86.12,1295.0
2025-07-08 11:55:00,86.14,86.14,86.14,86.14,401.0
2025-07-08 12:00:00,86.1,86.1897,86.03,86.08,7700.0
2025-07-08 12:10:00,86.13,86.13,86.13,86.13,116.0
2025-07-08 12:15:00,86.05,86.05,86.05,86.05,270.0
2025-07-08 12:20:00,86.0401,86.06,86.0401,86.05,6138.0
2025-07-08 12:25:00,86.06,86.06,86.06,86.06,725.0
2025-07-08 12:30:00,86.06,86.06,86.06,86.06,250.0
2025-07-08 12:40:00,86.06,86.06,86.06,86.06,739.0
2025-07-08 12:50:00,86.1598,86.1598,86.1598,86.1598,315.0
2025-07-08 13:15:00,86.1,86.1,86.1,86.1,296.0
2025-07-08 13:20:00,86.07,86.13,86.07,86.07,1013.0
2025-07-08 13:25:00,86.07,86.18,86.07,86.18,11906.0
2025-07-08 13:30:00,86.09,86.55,86.07,86.42,482614.0
2025-07-08 13:35:00,86.43,86.67,86.43,86.46,320551.0
2025-07-08 13:40:00,86.45,86.79,86.45,86.69,370129.0
2025-07-08 13:45:00,86.7,87.05,86.68,86.945,367111.0
2025-07-08 13:50:00,86.95,87.05,86.86,87.01,430128.0
2025-07-08 13:55:00,87.0,87.155,86.995,87.07,338054.0
2025-07-08 14:00:00,87.075,87.1,86.98,86.99,405817.0
2025-07-08 14:05:00,86.995,87.2,86.96,87.175,292778.0
2025-07-08 14:10:00,87.18,87.37,87.15,87.37,376829.0
2025-07-08 14:15:00,87.37,87.485,87.36,87.4064,459005.0
2025-07-08 14:20:00,87.41,87.505,87.345,87.425,423495.0
2025-07-08 14:25:00,87.42,87.46,87.25,87.31,327255.0
2025-07-08 14:30:00,87.31,87.59,87.3,87.56,623937.0
2025-07-08 14:35:00,87.55,87.645,87.51,87.55,352788.0
2025-07-08 14:40:00,87.55,87.66,87.51,87.66,317230.0
2025-07-08 14:45:00,87.66,87.9,87.565,87.865,974683.0
2025-07-08 14:50:00,87.86,88.13,87.86,87.99,579928.0
2025-07-08 14:55:00,87.98,88.01,87.87,87.875,394101.0
2025-07-08 15:00:00,87.87,87.975,87.855,87.905,428051.0
2025-07-08 15:05:00,87.91,88.1,87.9,88.015,319891.0
2025-07-08 15:10:00,88.01,88.03,87.86,87.86,288259.0
2025-07-08 15:15:00,87.865,87.895,87.75,87.78,826061.0
2025-07-08 15:20:00,87.78,87.82,87.655,87.66,347863.0
2025-07-08 15:25:00,87.67,87.78,87.67,87.7,389439.0
2025-07-08 15:30:00,87.7,87.83,87.68,87.82,206358.0
2025-07-08 15:35:00,87.825,88.09,87.825,88.075,163095.0
2025-07-08 15:40:00,88.09,88.1,88.025,88.09,208626.0
2025-07-08 15:45:00,88.095,88.095,88.01,88.065,215346.0
2025-07-08 15:50:00,88.065,88.115,88.045,88.11,282008.0
2025-07-08 15:55:00,88.1125,88.15,88.02,88.055,322651.0
2025-07-08 16:00:00,88.07,88.08,87.96,88.0,203826.0
2025-07-09 09:30:00,88.6,88.6,88.6,88.6,354.0
2025-07-09 09:40:00,88.68,88.71,88.68,88.71,2902.0
2025-07-09 09:50:00,88.71,88.71,88.71,88.71,581.0
2025-07-09 10:00:00,88.7,88.74,88.7,88.7,700.0
2025-07-09 10:35:00,88.7,88.7,88.7,88.7,400.0
2025-07-09 10:40:00,88.7,88.7,88.7,88.7,2191.0
2025-07-09 10:45:00,88.71,88.71,88.71,88.71,904.0
2025-07-09 10:50:00,88.71,88.71,88.7,88.71,1822.0
2025-07-09 10:55:00,88.7,88.71,88.7,88.71,888.0
2025-07-09 11:00:00,88.7,88.7,88.7,88.7,2459.0
2025-07-09 11:50:00,88.65,88.65,88.65,88.65,328.0
2025-07-09 12:00:00,88.7001,88.72,88.29,88.71,12105.0
2025-07-09 12:10:00,88.71,88.71,88.71,88.71,258.0
2025-07-09 12:20:00,88.7,88.7,88.68,88.68,1209.0
2025-07-09 12:35:00,88.66,88.69,88.66,88.69,2409.0
2025-07-09 12:45:00,88.62,88.62,88.62,88.62,2791.0
2025-07-09 12:50:00,88.62,88.72,88.62,88.71,21525.0
2025-07-09 12:55:00,88.65,88.69,88.65,88.69,2098.0
2025-07-09 13:00:00,88.65,88.71,88.64,88.67,6275.0
2025-07-09 13:05:00,88.68,88.71,88.68,88.71,5672.0
2025-07-09 13:10:00,88.63,88.63,88.62,88.62,1600.0
2025-07-09 13:15:00,88.62,88.62,88.62,88.62,750.0
2025-07-09 13:20:00,88.4944,88.5,88.4944,88.5,4477.0
2025-07-09 13:25:00,88.53,88.55,88.42,88.5,8563.0
2025-07-09 13:30:00,88.29,88.64,88.17,88.405,768481.0
2025-07-09 13:35:00,88.405,88.55,88.17,88.21,428476.0
2025-07-09 13:40:00,88.205,88.345,88.16,88.32,365803.0
2025-07-09 13:45:00,88.32,88.32,88.1,88.165,338988.0
2025-07-09 13:50:00,88.17,88.21,88.04,88.04,205810.0
2025-07-09 13:55:00,88.045,88.06,87.92,87.94,216322.0
2025-07-09 14:00:00,87.96,88.06,87.895,88.02,319826.0
2025-07-09 14:05:00,88.035,88.09,87.965,87.98,273004.0
2025-07-09 14:10:00,87.99,88.015,87.845,87.93,252637.0
2025-07-09 14:15:00,87.93,87.945,87.8,87.86,234276.0
2025-07-09 14:20:00,87.86,88.035,87.86,88.01,166806.0
2025-07-09 14:25:00,88.0116,88.165,88.0,88.09,229645.0
2025-07-09 14:30:00,88.08,88.11,88.005,88.0747,334557.0
2025-07-09 14:35:00,88.08,88.125,87.96,88.01,228320.0
2025-07-09 14:40:00,88.015,88.13,87.99,88.09,197382.0
2025-07-09 14:45:00,88.095,88.1493,88.05,88.1,144266.0
2025-07-09 14:50:00,88.095,88.1199,87.95,88.005,160785.0
2025-07-09 14:55:00,88.005,88.16,88.0,88.12,375667.0
2025-07-09 15:00:00,88.12,88.205,88.09,88.2,281108.0
2025-07-09 15:05:00,88.2,88.22,88.11,88.152039,127269.0
2025-07-09 15:10:00,88.15,88.155,87.97,88.01,103344.0
2025-07-09 15:15:00,88.015,88.07,87.995,88.01,209590.0
2025-07-09 15:20:00,88.02,88.08,87.995,88.075,89716.0
2025-07-09 15:25:00,88.07,88.205,88.065,88.195,351822.0
2025-07-09 15:30:00,88.21,88.24,88.17,88.185,133869.0
2025-07-09 15:35:00,88.185,88.185,88.05,88.14,113724.0
2025-07-09 15:40:00,88.14,88.27,88.12,88.265,135636.0
2025-07-09 15:45:00,88.26,88.345,88.2548,88.33,195625.0
2025-07-09 15:50:00,88.33,88.4081,88.3241,88.38,158736.0
2025-07-09 15:55:00,88.375,88.4,88.285,88.29,86830.0
2025-07-09 16:00:00,88.29,88.315,88.25,88.31,118079.0
2025-07-10 09:30:00,87.96,88.0,87.89,88.0,12571.0
2025-07-10 09:40:00,87.99,87.99,87.99,87.99,947.0
2025-07-10 11:10:00,88.04,88.07,87.99,88.07,4980.0
2025-07-10 11:15:00,88.05,88.05,88.05,88.05,1275.0
2025-07-10 11:20:00,88.02,88.02,87.98,87.98,936.0
2025-07-10 11:35:00,88.15,88.17,88.03,88.03,4954.0
2025-07-10 11:40:00,88.01,88.01,88.0,88.0,750.0
2025-07-10 11:45:00,87.97,87.97,87.92,87.92,1485.0
2025-07-10 11:50:00,87.95,87.95,87.95,87.95,100.0
2025-07-10 12:00:00,88.0685,88.0685,87.75,87.93,5515.0
2025-07-10 12:05:00,87.95,87.95,87.91,87.92,2178.0
2025-07-10 12:20:00,87.95,87.95,87.91,87.95,3903.0
2025-07-10 12:25:00,87.91,87.95,87.9,87.9,1876.0
2025-07-10 12:55:00,87.85,87.85,87.85,87.85,338.0
2025-07-10 13:00:00,87.85,87.85,87.7,87.7,3196.0
2025-07-10 13:10:00,87.7,87.71,87.7,87.7,1710.0
2025-07-10 13:15:00,87.65,87.65,87.6,87.6,1188.0
2025-07-10 13:20:00,87.58,87.6,87.57,87.57,6463.0
2025-07-10 13:25:00,87.71,87.8,87.62,87.8,6412.0
2025-07-10 13:30:00,87.86,87.86,87.33,87.575,452299.0
2025-07-10 13:35:00,87.6,87.62,87.23,87.27,515591.0
2025-07-10 13:40:00,87.295,87.375,87.235,87.295,457381.0
2025-07-10 13:45:00,87.315,87.47,87.285,87.355,215847.0
2025-07-10 13:50:00,87.36,87.55,87.28,87.52,311904.0
2025-07-10 13:55:00,87.53,87.805,87.53,87.77,352472.0
2025-07-10 14:00:00,87.78,88.09,87.745,88.09,375660.0
2025-07-10 14:05:00,88.1,88.16,88.01,88.1301,436072.0
2025-07-10 14:10:00,88.135,88.395,88.12,88.39,471285.0
2025-07-10 14:15:00,88.39,88.495,88.335,88.335,328716.0
2025-07-10 14:20:00,88.335,88.555,88.315,88.53,260395.0
2025-07-10 14:25:00,88.525,88.63,88.49,88.6,284763.0
2025-07-10 14:30:00,88.59,88.7606,88.59,88.69,365528.0
2025-07-10 14:35:00,88.7,88.77,88.695,88.73,139320.0
2025-07-10 14:40:00,88.73,88.755,88.51,88.56,314519.0
2025-07-10 14:45:00,88.565,88.6,88.285,88.3,268968.0
2025-07-10 14:50:00,88.32,88.395,88.2407,88.265,301181.0
2025-07-10 14:55:00,88.26,88.365,88.17,88.365,231678.0
2025-07-10 15:00:00,88.36,88.47,88.35,88.45,259353.0
2025-07-10 15:05:00,88.45,88.515,88.39,88.405,171954.0
2025-07-10 15:10:00,88.4,88.525,88.4,88.495,139397.0
2025-07-10 15:15:00,88.5,88.55,88.495,88.53,120522.0
2025-07-10 15:20:00,88.53,88.54,88.39,88.415,215087.0
2025-07-10 15:25:00,88.415,88.515,88.405,88.475,177752.0
2025-07-10 15:30:00,88.47,88.55,88.445,88.4553,169605.0
2025-07-10 15:35:00,88.45,88.46,88.33,88.365,116922.0
2025-07-10 15:40:00,88.365,88.37,88.25,88.29,71088.0
2025-07-10 15:45:00,88.29,88.3059,88.12,88.13,121411.0
2025-07-10 15:50:00,88.14,88.165,88.055,88.12,277071.0
2025-07-10 15:55:00,88.13,88.145,88.07,88.14,65525.0
2025-07-10 16:00:00,88.14,88.345,88.1336,88.345,103783.0
2025-07-11 09:30:00,88.14,88.14,88.14,88.14,300.0
2025-07-11 09:35:00,88.2,88.24,88.2,88.24,876.0
2025-07-11 09:40:00,88.18,88.18,88.18,88.18,225.0
2025-07-11 09:55:00,88.14,88.14,88.14,88.14,300.0
2025-07-11 10:00:00,88.14,88.14,88.13,88.13,300.0
2025-07-11 10:10:00,88.14,88.23,88.13,88.23,1277.0
2025-07-11 10:15:00,88.21,88.22,88.21,88.22,428.0
2025-07-11 10:35:00,88.13,88.13,88.13,88.13,100.0
2025-07-11 10:40:00,88.17,88.17,88.17,88.17,500.0
2025-07-11 10:45:00,88.18,88.21,88.18,88.21,400.0
2025-07-11 10:50:00,88.13,88.14,88.13,88.14,200.0
2025-07-11 10:55:00,88.13,88.13,88.13,88.13,732.0
2025-07-11 11:00:00,88.17,88.21,88.13,88.13,1580.0
2025-07-11 11:10:00,88.15,88.16,88.15,88.16,356.0
2025-07-11 11:20:00,88.22,88.22,88.22,88.22,616.0
2025-07-11 11:30:00,88.32,88.32,88.32,88.32,100.0
2025-07-11 11:35:00,88.34,88.37,88.32,88.32,1243.0
2025-07-11 11:40:00,88.34,88.34,88.34,88.34,100.0
2025-07-11 11:45:00,88.34,88.34,88.34,88.34,187.0
2025-07-11 11:55:00,88.37,88.43,88.36,88.43,1127.0
2025-07-11 12:00:00,88.21,88.4526,88.21,88.4,6196.0
2025-07-11 12:05:00,88.36,88.395,88.36,88.395,304.0
2025-07-11 12:10:00,88.41,88.41,88.41,88.41,643.0
2025-07-11 12:15:00,88.4,88.4,88.4,88.4,569.0
2025-07-11 12:20:00,88.4,88.4,88.39,88.39,2127.0
2025-07-11 12:25:00,88.4199,88.4199,88.4199,88.4199,1012.0
2025-07-11 12:30:00,88.2795,88.2795,88.2795,88.2795,149.0
2025-07-11 12:35:00,88.36,88.36,88.36,88.36,577.0
2025-07-11 12:40:00,88.35,88.35,88.35,88.35,263.0
2025-07-11 12:50:00,88.41,88.41,88.41,88.41,513.0
2025-07-11 13:00:00,88.37,88.43,88.37,88.43,712.0
2025-07-11 13:05:00,88.41,88.41,88.4,88.4,703.0
2025-07-11 13:10:00,88.41,88.41,88.41,88.41,799.0
2025-07-11 13:20:00,88.41,88.46,88.4,88.42,2879.0
2025-07-11 13:25:00,88.52,88.54,88.43,88.54,1379.0
2025-07-11 13:30:00,88.58,88.65,88.31,88.4709,691972.0
2025-07-11 13:35:00,88.48,88.595,88.43,88.53,526675.0
2025-07-11 13:40:00,88.53,88.76,88.515,88.71,411735.0
2025-07-11 13:45:00,88.72,88.72,88.42,88.515,334906.0
2025-07-11 13:50:00,88.515,88.53,88.4,88.43,266854.0
2025-07-11 13:55:00,88.435,88.51,88.3802,88.39,205219.0
2025-07-11 14:00:00,88.39,88.5365,88.345,88.4753,196423.0
2025-07-11 14:05:00,88.48,88.64,88.455,88.64,262873.0
2025-07-11 14:10:00,88.635,88.74,88.61,88.675,261094.0
2025-07-11 14:15:00,88.68,88.7699,88.66,88.715,156676.0
2025-07-11 14:20:00,88.72,88.96,88.7101,88.96,348886.0
2025-07-11 14:25:00,88.96,89.06,88.89,89.035,206650.0
2025-07-11 14:30:00,89.03,89.145,89.025,89.08,268605.0
2025-07-11 14:35:00,89.085,89.125,88.945,88.95,217976.0
2025-07-11 14:40:00,88.94,88.945,88.83,88.9,190350.0
2025-07-11 14:45:00,88.89,88.9,88.8,88.88,319554.0
2025-07-11 14:50:00,88.88,88.99,88.88,88.9825,263053.0
2025-07-11 14:55:00,88.99,89.25,88.99,89.21,231573.0
2025-07-11 15:00:00,89.2,89.2501,89.19,89.24,171668.0
2025-07-11 15:05:00,89.235,89.33,89.235,89.31,174615.0
2025-07-11 15:10:00,89.32,89.39,89.27,89.3,252021.0
2025-07-11 15:15:00,89.29,89.2999,89.135,89.18,154065.0
2025-07-11 15:20:00,89.18,89.27,89.14,89.195,124564.0
2025-07-11 15:25:00,89.19,89.19,89.07,89.1,134929.0
2025-07-11 15:30:00,89.1,89.22,89.03,89.22,173233.0
2025-07-11 15:35:00,89.23,89.32,89.22,89.245,211406.0
2025-07-11 15:40:00,89.25,89.325,89.215,89.27,194351.0
2025-07-11 15:45:00,89.28,89.32,89.22,89.285,106590.0
2025-07-11 15:50:00,89.29,89.355,89.28,89.28,94140.0
2025-07-11 15:55:00,89.28,89.31,89.253,89.28,99592.0
2025-07-11 16:00:00,89.28,89.3,89.205,89.215,125838.0
2025-07-14 09:45:00,88.93,88.93,88.93,88.93,166.0
2025-07-14 09:50:00,88.94,88.96,88.94,88.96,365.0
2025-07-14 09:55:00,89.0,89.0,89.0,89.0,440.0
2025-07-14 10:05:00,89.11,89.12,89.11,89.11,542.0
2025-07-14 10:15:00,89.13,89.18,89.13,89.18,1508.0
2025-07-14 10:35:00,89.14,89.19,89.14,89.19,1730.0
2025-07-14 10:50:00,89.17,89.17,89.16,89.17,806.0
2025-07-14 11:00:00,89.08,89.13,89.08,89.13,547.0
2025-07-14 11:05:00,89.15,89.15,89.15,89.15,448.0
2025-07-14 11:10:00,89.1,89.1,89.1,89.1,866.0
2025-07-14 11:30:00,89.12,89.13,89.12,89.12,452.0
2025-07-14 11:45:00,89.21,89.29,89.16,89.28,30274.0
2025-07-14 11:55:00,89.32,89.32,89.29,89.29,1114.0
2025-07-14 12:00:00,89.02,89.28,88.6,89.27,5575.0
2025-07-14 12:05:00,89.27,89.27,89.26,89.26,450.0
2025-07-14 12:15:00,89.27,89.27,89.26,89.2697,986.0
2025-07-14 12:20:00,89.24,89.24,89.24,89.24,781.0
2025-07-14 12:35:00,89.19,89.19,89.19,89.19,177.0
2025-07-14 12:40:00,89.24,89.27,89.24,89.27,400.0
2025-07-14 12:55:00,89.22,89.22,89.22,89.22,500.0
2025-07-14 13:00:00,89.2,89.21,89.03,89.04,4701.0
2025-07-14 13:05:00,89.01,89.01,88.97,88.99,8499.0
2025-07-14 13:10:00,89.01,89.09,89.01,89.04,1333.0
2025-07-14 13:15:00,89.01,89.01,89.01,89.01,406.0
2025-07-14 13:25:00,89.02,89.02,88.9,88.9,6520.0
2025-07-14 13:30:00,88.96,88.96,88.36,88.78,683226.0
2025-07-14 13:35:00,88.79,88.81,88.39,88.57,696839.0
2025-07-14 13:40:00,88.57,88.625,88.45,88.585,445221.0
2025-07-14 13:45:00,88.585,88.775,88.58,88.625,412536.0
2025-07-14 13:50:00,88.625,88.65,88.42,88.52,329445.0
2025-07-14 13:55:00,88.505,88.55,88.43,88.46,281101.0
2025-07-14 14:00:00,88.45,88.49,88.295,88.46,364982.0
2025-07-14 14:05:00,88.47,88.49,88.32,88.33,325455.0
2025-07-14 14:10:00,88.33,88.37,88.125,88.215,344555.0
2025-07-14 14:15:00,88.21,88.38,88.15,88.32,289191.0
2025-07-14 14:20:00,88.32,88.32,88.03,88.09,283609.0
2025-07-14 14:25:00,88.08,88.13,88.04,88.1,328685.0
2025-07-14 14:30:00,88.09,88.425,88.09,88.425,292496.0
2025-07-14 14:35:00,88.43,88.52,88.4,88.445,214276.0
2025-07-14 14:40:00,88.44,88.57,88.44,88.52,213518.0
2025-07-14 14:45:00,88.525,88.585,88.09,88.1,226781.0
2025-07-14 14:50:00,88.095,88.155,88.05,88.1,249480.0
2025-07-14 14:55:00,88.11,88.22,88.08,88.09,242133.0
2025-07-14 15:00:00,88.09,88.27,88.07,88.11,250596.0
2025-07-14 15:05:00,88.1007,88.16,87.99,88.09,184139.0
2025-07-14 15:10:00,88.085,88.16,87.86,87.96,523344.0
2025-07-14 15:15:00,87.96,87.97,87.725,87.77,622305.0
2025-07-14 15:20:00,87.765,87.96,87.74,87.85,280102.0
2025-07-14 15:25:00,87.855,87.96,87.82,87.9,244258.0
2025-07-14 15:30:00,87.905,88.05,87.905,87.94,178501.0
2025-07-14 15:35:00,87.9399,88.08,87.935,88.065,281911.0
2025-07-14 15:40:00,88.065,88.16,88.05,88.13,218630.0
2025-07-14 15:45:00,88.13,88.15,87.935,87.94,135224.0
2025-07-14 15:50:00,87.93,87.97,87.84,87.85,151555.0
2025-07-14 15:55:00,87.84,87.8703,87.79,87.84,157869.0
2025-07-14 16:00:00,87.84,88.01,87.835,88.01,108782.0
2025-07-15 10:45:00,87.85,87.85,87.85,87.85,118.0
2025-07-15 11:10:00,87.95,87.95,87.94,87.94,1420.0
2025-07-15 11:25:00,88.0,88.0,87.99,87.99,473.0
2025-07-15 11:40:00,88.0,88.0,88.0,88.0,353.0
2025-07-15 12:00:00,87.91,88.01,87.84,88.01,2800.0
2025-07-15 12:30:00,88.14,88.14,88.06,88.06,350.0
2025-07-15 12:35:00,88.03,88.04,88.03,88.04,328.0
2025-07-15 12:40:00,88.04,88.04,88.04,88.04,135.0
2025-07-15 12:50:00,88.04,88.07,88.04,88.07,1178.0
2025-07-15 12:55:00,88.05,88.05,88.05,88.05,128.0
2025-07-15 13:05:00,87.99,87.99,87.99,87.99,100.0
2025-07-15 13:10:00,88.01,88.03,87.99,88.03,1352.0
2025-07-15 13:15:00,87.97,87.98,87.97,87.98,808.0
2025-07-15 13:20:00,88.0,88.0,88.0,88.0,2165.0
2025-07-15 13:25:00,88.0,88.0,87.97,88.0,702.0
2025-07-15 13:30:00,87.98,88.36,87.98,88.07,517037.0
2025-07-15 13:35:00,88.07,88.165,87.9,87.93,466115.0
2025-07-15 13:40:00,87.92,87.92,87.71,87.755,344917.0
2025-07-15 13:45:00,87.76,87.88,87.68,87.69,228744.0
2025-07-15 13:50:00,87.68,87.795,87.68,87.72,260899.0
2025-07-15 13:55:00,87.73,87.75,87.43,87.45,240325.0
2025-07-15 14:00:00,87.45,87.6,87.425,87.48,291917.0
2025-07-15 14:05:00,87.47,87.525,87.32,87.32,260606.0
2025-07-15 14:10:00,87.32,87.37,87.19,87.26,285402.0
2025-07-15 14:15:00,87.27,87.42,87.21,87.42,240012.0
2025-07-15 14:20:00,87.43,87.58,87.38,87.53,176103.0
2025-07-15 14:25:00,87.53,87.54,87.35,87.39,205674.0
2025-07-15 14:30:00,87.395,87.52,87.2928,87.515,266882.0
2025-07-15 14:35:00,87.52,87.635,87.495,87.565,265785.0
2025-07-15 14:40:00,87.56,87.63,87.53,87.6,155288.0
2025-07-15 14:45:00,87.6,87.655,87.585,87.62,130804.0
2025-07-15 14:50:00,87.61,87.61,87.31,87.32,472371.0
2025-07-15 14:55:00,87.31,87.31,87.215,87.31,458896.0
2025-07-15 15:00:00,87.3,87.475,87.28,87.37,364233.0
2025-07-15 15:05:00,87.37,87.46,87.355,87.4,256969.0
2025-07-15 15:10:00,87.385,87.39,87.13,87.13,184293.0
2025-07-15 15:15:00,87.125,87.18,87.0025,87.055,196930.0
2025-07-15 15:20:00,87.05,87.2964,87.045,87.2964,315501.0
2025-07-15 15:25:00,87.29,87.38,87.145,87.175,334092.0
2025-07-15 15:30:00,87.18,87.47,87.18,87.37,228247.0
2025-07-15 15:35:00,87.37,87.37,87.21,87.225,115248.0
2025-07-15 15:40:00,87.23,87.305,87.135,87.14,447501.0
2025-07-15 15:45:00,87.13,87.2,87.09,87.18,157268.0
2025-07-15 15:50:00,87.18,87.24,87.14,87.14,122202.0
2025-07-15 15:55:00,87.145,87.25,87.1,87.23,97820.0
2025-07-15 16:00:00,87.22,87.24,87.135,87.18,100484.0
2025-07-16 09:30:00,86.87,86.89,86.86,86.88,2953.0
2025-07-16 10:15:00,86.9,86.9,86.9,86.9,400.0
2025-07-16 10:30:00,86.99,86.99,86.99,86.99,580.0
2025-07-16 10:35:00,86.98,87.02,86.95,87.02,5190.0
2025-07-16 10:40:00,87.0,87.0,87.0,87.0,577.0
2025-07-16 10:50:00,86.99,87.0,86.94,86.94,6770.0
2025-07-16 11:10:00,86.93,86.93,86.93,86.93,176.0
2025-07-16 11:15:00,86.9,86.93,86.9,86.93,510.0
2025-07-16 11:30:00,86.94,86.94,86.89,86.89,2025.0
2025-07-16 11:40:00,86.89,86.89,86.89,86.89,1167.0
2025-07-16 11:45:00,86.89,86.89,86.88,86.89,1937.0
2025-07-16 11:55:00,86.9,86.9,86.9,86.9,100.0
2025-07-16 12:00:00,86.88,87.0,86.76,86.88,11120.0
2025-07-16 12:05:00,86.88,86.92,86.88,86.89,1264.0
2025-07-16 12:10:00,86.915,86.915,86.915,86.915,134.0
2025-07-16 12:15:00,86.93,86.93,86.93,86.93,100.0
2025-07-16 12:20:00,86.93,86.93,86.93,86.93,100.0
2025-07-16 12:25:00,86.92,86.92,86.92,86.92,754.0
2025-07-16 12:30:00,86.92,86.95,86.915,86.93,1350.0
2025-07-16 12:35:00,87.1062,87.1062,87.1062,87.1062,640.0
2025-07-16 12:40:00,86.945,87.0,86.945,86.95,7297.0
2025-07-16 12:45:00,86.98,86.98,86.97,86.97,569.0
2025-07-16 12:50:00,86.96,86.97,86.95,86.95,2056.0
2025-07-16 12:55:00,86.96,86.96,86.96,86.96,137.0
2025-07-16 13:00:00,86.95,86.97,86.95,86.97,620.0
2025-07-16 13:05:00,86.99,87.03,86.99,87.03,5700.0
2025-07-16 13:10:00,87.04,87.05,87.01,87.01,4888.0
2025-07-16 13:15:00,86.9005,86.9005,86.9005,86.9005,535.0
2025-07-16 13:20:00,86.94,86.94,86.94,86.94,905.0
2025-07-16 13:25:00,86.94,87.03,86.91,86.91,2605.0
2025-07-16 13:30:00,86.76,87.26,86.76,87.18,529296.0
2025-07-16 13:35:00,87.17,87.18,86.95,86.95,335836.0
2025-07-16 13:40:00,86.94,86.95,86.74,86.8651,280622.0
2025-07-16 13:45:00,86.88,86.95,86.77,86.77,161691.0
2025-07-16 13:50:00,86.78,86.96,86.745,86.94,239642.0
2025-07-16 13:55:00,86.95,86.95,86.64,86.64,302682.0
2025-07-16 14:00:00,86.64,86.675,86.51,86.5501,241202.0
2025-07-16 14:05:00,86.56,86.6,86.39,86.395,222734.0
2025-07-16 14:10:00,86.4,86.565,86.3939,86.55,186694.0
2025-07-16 14:15:00,86.55,86.73,86.545,86.66,208047.0
2025-07-16 14:20:00,86.67,86.675,86.47,86.4933,160338.0
2025-07-16 14:25:00,86.52,86.555,86.45,86.47,185781.0
2025-07-16 14:30:00,86.47,86.47,85.99,86.03,561809.0
2025-07-16 14:35:00,86.025,86.08,85.815,86.06,375668.0
2025-07-16 14:40:00,86.06,86.22,85.97,86.2111,244843.0
2025-07-16 14:45:00,86.22,86.245,86.125,86.16,901342.0
2025-07-16 14:50:00,86.16,86.355,86.11,86.14,458834.0
2025-07-16 14:55:00,86.14,86.215,86.035,86.16,213406.0
2025-07-16 15:00:00,86.16,86.21,86.06,86.145,150147.0
2025-07-16 15:05:00,86.14,86.25,86.095,86.185,167958.0
2025-07-16 15:10:00,86.19,86.375,86.175,86.35,358418.0
2025-07-16 15:15:00,86.345,86.345,85.95,85.975,439522.0
2025-07-16 15:20:00,85.98,86.085,85.96,86.015,200556.0
2025-07-16 15:25:00,86.01,86.18,85.99,86.16,224499.0
2025-07-16 15:30:00,86.17,86.18,85.92,85.925,369374.0
2025-07-16 15:35:00,85.92,85.95,85.85,85.89,161693.0
2025-07-16 15:40:00,85.88,86.15,85.88,86.13,381263.0
2025-07-16 15:45:00,86.13,86.15,86.04,86.08,198649.0
2025-07-16 15:50:00,86.08,86.14,86.06,86.12,122220.0
2025-07-16 15:55:00,86.13,86.46,86.13,86.395,370339.0
2025-07-16 16:00:00,86.39,86.4,86.25,86.28,126567.0
2025-07-17 11:00:00,86.08,86.08,86.08,86.08,100.0
2025-07-17 11:10:00,86.04,86.04,86.04,86.04,252.0
2025-07-17 11:20:00,86.1,86.1,86.1,86.1,2175.0
2025-07-17 11:25:00,86.12,86.13,86.12,86.13,4289.0
2025-07-17 11:30:00,86.13,86.13,86.13,86.13,9620.0
2025-07-17 11:35:00,86.1,86.11,86.0,86.08,11850.0
2025-07-17 11:45:00,86.08,86.08,86.08,86.08,527.0
2025-07-17 11:50:00,86.07,86.07,86.07,86.07,187.0
2025-07-17 12:00:00,86.1,86.19,85.97,86.1,10097.0
2025-07-17 12:05:00,86.1,86.1,86.1,86.1,2862.0
2025-07-17 12:10:00,86.1,86.1,86.1,86.1,1256.0
2025-07-17 12:20:00,86.11,86.11,86.11,86.11,643.0
2025-07-17 12:30:00,86.2,86.2,86.2,86.2,2017.0
2025-07-17 12:55:00,86.13,86.2,86.13,86.17,626.0
2025-07-17 13:05:00,86.15,86.15,86.15,86.15,125.0
2025-07-17 13:10:00,86.18,86.2,86.17,86.2,8223.0
2025-07-17 13:15:00,86.2,86.2,86.11,86.15,3066.0
2025-07-17 13:20:00,86.13,86.13,86.13,86.13,493.0
2025-07-17 13:25:00,86.11,86.11,85.7,85.7,37361.0
2025-07-17 13:30:00,85.69,85.95,85.48,85.9,637758.0
2025-07-17 13:35:00,85.92,85.98,85.82,85.94,225013.0
2025-07-17 13:40:00,85.95,86.19,85.935,86.16,249835.0
2025-07-17 13:45:00,86.16,86.195,86.0352,86.17,184444.0
2025-07-17 13:50:00,86.17,86.245,86.13,86.22,156184.0
2025-07-17 13:55:00,86.215,86.22,86.05,86.12,209334.0
2025-07-17 14:00:00,86.125,86.135,85.99,86.01,256648.0
2025-07-17 14:05:00,86.01,86.12,85.965,86.12,197111.0
2025-07-17 14:10:00,86.13,86.2652,86.08,86.23,301272.0
2025-07-17 14:15:00,86.23,86.28,86.02,86.02,197933.0
2025-07-17 14:20:00,86.0,86.14,85.985,86.09,229445.0
2025-07-17 14:25:00,86.09,86.12,85.96,85.96,321703.0
2025-07-17 14:30:00,85.97,86.155,85.97,86.15,175971.0
2025-07-17 14:35:00,86.155,86.155,86.04,86.1,133534.0
2025-07-17 14:40:00,86.0933,86.17,86.05,86.14,168953.0
2025-07-17 14:45:00,86.13,86.265,86.125,86.19,91318.0
2025-07-17 14:50:00,86.2,86.37,86.195,86.355,188427.0
2025-07-17 14:55:00,86.36,86.395,86.19,86.25,118923.0
2025-07-17 15:00:00,86.24,86.275,86.19,86.2,159630.0
2025-07-17 15:05:00,86.2,86.22,86.13,86.165,214305.0
2025-07-17 15:10:00,86.16,86.18,86.02,86.025,181838.0
2025-07-17 15:15:00,86.03,86.115,86.02,86.09,143304.0
2025-07-17 15:20:00,86.085,86.16,86.035,86.16,181568.0
2025-07-17 15:25:00,86.16,86.2452,86.15,86.215,138379.0
2025-07-17 15:30:00,86.22,86.365,86.215,86.295,145061.0
2025-07-17 15:35:00,86.3,86.42,86.27,86.37,144171.0
2025-07-17 15:40:00,86.37,86.415,86.3201,86.365,97231.0
2025-07-17 15:45:00,86.3699,86.3699,86.26,86.33,152486.0
2025-07-17 15:50:00,86.33,86.42,86.32,86.39,123196.0
2025-07-17 15:55:00,86.38,86.455,86.315,86.315,116498.0
2025-07-17 16:00:00,86.32,86.46,86.285,86.425,367286.0
2025-07-18 10:00:00,87.0,87.18,86.99,87.16,12007.0
2025-07-18 10:15:00,87.4,87.4,87.4,87.4,250.0
2025-07-18 10:25:00,87.36,87.36,87.34,87.34,1847.0
2025-07-18 10:30:00,87.38,87.38,87.31,87.31,21100.0
2025-07-18 10:40:00,87.37,87.37,87.34,87.34,568.0
2025-07-18 10:50:00,87.43,87.5,87.34,87.34,6661.0
2025-07-18 10:55:00,87.34,87.36,87.34,87.35,4203.0
2025-07-18 11:00:00,87.26,87.32,87.15,87.15,11723.0
2025-07-18 11:10:00,87.16,87.16,87.16,87.16,100.0
2025-07-18 11:15:00,87.18,87.2,87.18,87.2,526.0
2025-07-18 11:25:00,87.2,87.2,87.2,87.2,1592.0
2025-07-18 11:40:00,87.2,87.2,87.2,87.2,255.0
2025-07-18 11:45:00,87.21,87.21,87.21,87.21,138.0
2025-07-18 11:50:00,87.17,87.17,87.17,87.17,461.0
2025-07-18 11:55:00,87.19,87.27,87.19,87.26,1855.0
2025-07-18 12:00:00,86.98,87.32,86.86,87.26,5529.0
2025-07-18 12:05:00,87.3,87.47,87.3,87.46,4130.0
2025-07-18 12:10:00,87.41,87.47,87.3703,87.47,1731.0
2025-07-18 12:15:00,87.49,87.56,87.32,87.34,9779.0
2025-07-18 12:20:00,87.51,87.63,87.51,87.55,6413.0
2025-07-18 12:25:00,87.59,87.61,87.58,87.61,861.0
2025-07-18 12:30:00,87.7179,87.73,87.68,87.7,12177.0
2025-07-18 12:35:00,87.74,87.74,87.74,87.74,349.0
2025-07-18 12:40:00,87.78,87.79,87.68,87.75,2590.0
2025-07-18 12:45:00,87.72,87.72,87.72,87.72,389.0
2025-07-18 12:50:00,87.7001,87.7001,87.7,87.7,462.0
2025-07-18 13:00:00,87.7,87.7693,87.7,87.7693,840.0
2025-07-18 13:05:00,87.7,87.7,87.64,87.64,1789.0
2025-07-18 13:10:00,87.71,87.71,87.65,87.66,1696.0
2025-07-18 13:15:00,87.65,87.65,87.65,87.65,2146.0
2025-07-18 13:20:00,87.65,87.65,87.5501,87.5501,2792.0
2025-07-18 13:25:00,87.55,87.56,87.4,87.4,5167.0
2025-07-18 13:30:00,87.35,87.75,87.02,87.17,1286217.0
2025-07-18 13:35:00,87.18,87.255,86.9,87.02,925799.0
2025-07-18 13:40:00,87.01,87.105,86.84,86.84,910366.0
2025-07-18 13:45:00,86.85,87.005,86.78,86.96,727406.0
2025-07-18 13:50:00,86.96,87.055,86.91,86.99,605948.0
2025-07-18 13:55:00,86.985,87.08,86.92,87.03,402228.0
2025-07-18 14:00:00,87.05,87.195,87.02,87.16,444753.0
2025-07-18 14:05:00,87.17,87.415,87.11,87.41,322447.0
2025-07-18 14:10:00,87.39,87.42,87.255,87.315,320410.0
2025-07-18 14:15:00,87.32,87.425,87.305,87.37,286476.0
2025-07-18 14:20:00,87.365,87.42,87.25,87.28,579316.0
2025-07-18 14:25:00,87.28,87.29,87.04,87.07,365614.0
2025-07-18 14:30:00,87.075,87.075,86.925,86.9902,241007.0
2025-07-18 14:35:00,86.995,86.995,86.8,86.81,395955.0
2025-07-18 14:40:00,86.82,86.87,86.75,86.82,225562.0
2025-07-18 14:45:00,86.82,87.145,86.82,87.11,364265.0
2025-07-18 14:50:00,87.12,87.14,86.99,87.01,209861.0
2025-07-18 14:55:00,87.02,87.03,86.72,86.77,282786.0
2025-07-18 15:00:00,86.76,86.77,86.55,86.74,323539.0
2025-07-18 15:05:00,86.75,86.83,86.655,86.67,275448.0
2025-07-18 15:10:00,86.67,86.68,86.165,86.3,581002.0
2025-07-18 15:15:00,86.29,86.34,86.085,86.19,587146.0
2025-07-18 15:20:00,86.19,86.33,86.16,86.275,551012.0
2025-07-18 15:25:00,86.27,86.6,86.255,86.57,294493.0
2025-07-18 15:30:00,86.57,86.62,86.39,86.39,295978.0
2025-07-18 15:35:00,86.38,86.48,86.27,86.355,235459.0
2025-07-18 15:40:00,86.355,86.45,86.295,86.3,222830.0
2025-07-18 15:45:00,86.3,86.38,86.24,86.35,223121.0
2025-07-18 15:50:00,86.35,86.555,86.335,86.53,269389.0
2025-07-18 15:55:00,86.53,86.58,86.42,86.445,205485.0
2025-07-18 16:00:00,86.45,86.48,86.24,86.3,225315.0
2025-07-21 09:30:00,86.16,86.18,86.16,86.16,2000.0
2025-07-21 11:00:00,86.13,86.13,86.12,86.12,347.0
2025-07-21 11:25:00,86.18,86.18,86.18,86.18,400.0
2025-07-21 11:45:00,86.15,86.16,86.15,86.15,7500.0
2025-07-21 11:50:00,86.15,86.15,86.14,86.14,5966.0
2025-07-21 11:55:00,86.12,86.12,86.12,86.12,100.0
2025-07-21 12:00:00,86.2,86.2,86.12,86.2,1402.0
2025-07-21 12:05:00,86.15,86.15,86.1,86.1,5716.0
2025-07-21 12:10:00,86.13,86.15,86.13,86.15,423.0
2025-07-21 12:20:00,86.15,86.15,86.12,86.12,360.0
2025-07-21 12:25:00,86.15,86.15,86.14,86.15,5023.0
2025-07-21 12:30:00,86.2,86.2,86.2,86.2,160.0
2025-07-21 12:45:00,86.17,86.17,86.16,86.16,400.0
2025-07-21 12:50:00,86.15,86.15,86.15,86.15,200.0
2025-07-21 12:55:00,86.15,86.1504,86.1,86.15,3429.0
2025-07-21 13:00:00,86.13,86.13,86.1002,86.1002,327.0
2025-07-21 13:05:00,86.14,86.14,86.1,86.1,3016.0
2025-07-21 13:10:00,86.1,86.1,86.1,86.1,450.0
2025-07-21 13:15:00,86.1,86.11,86.1,86.1,17594.0
2025-07-21 13:20:00,86.12,86.12,86.12,86.12,500.0
2025-07-21 13:25:00,86.15,86.15,86.1,86.1,14783.0
2025-07-21 13:30:00,86.02,86.17,85.805,86.01,532741.0
2025-07-21 13:35:00,86.01,86.04,85.79,85.88,397272.0
2025-07-21 13:40:00,85.89,85.9,85.69,85.86,215163.0
2025-07-21 13:45:00,85.855,85.88,85.555,85.75,197865.0
2025-07-21 13:50:00,85.76,85.8,85.575,85.7,212729.0
2025-07-21 13:55:00,85.695,85.8,85.635,85.7,208688.0
2025-07-21 14:00:00,85.695,85.87,85.68,85.8,276296.0
2025-07-21 14:05:00,85.7953,85.82,85.35,85.36,239529.0
2025-07-21 14:10:00,85.36,85.555,85.32,85.55,321566.0
2025-07-21 14:15:00,85.56,85.57,85.35,85.45,308639.0
2025-07-21 14:20:00,85.45,85.73,85.3752,85.73,194545.0
2025-07-21 14:25:00,85.7399,85.76,85.51,85.51,153863.0
2025-07-21 14:30:00,85.5,85.52,85.365,85.4,190076.0
2025-07-21 14:35:00,85.4,85.58,85.3947,85.46,179893.0
2025-07-21 14:40:00,85.46,85.58,85.41,85.5135,138512.0
2025-07-21 14:45:00,85.5,85.63,85.485,85.56,126734.0
2025-07-21 14:50:00,85.55,85.6,85.485,85.59,153440.0
2025-07-21 14:55:00,85.57,85.595,85.51,85.565,205145.0
2025-07-21 15:00:00,85.56,85.79,85.56,85.68,228967.0
2025-07-21 15:05:00,85.67,85.82,85.63,85.78,153924.0
2025-07-21 15:10:00,85.77,85.8,85.65,85.68,154177.0
2025-07-21 15:15:00,85.68,85.73,85.58,85.59,156387.0
2025-07-21 15:20:00,85.59,85.77,85.59,85.76,143086.0
2025-07-21 15:25:00,85.77,85.78,85.66,85.66,135908.0
2025-07-21 15:30:00,85.66,85.73,85.59,85.6,169394.0
2025-07-21 15:35:00,85.61,85.635,85.505,85.5678,213273.0
2025-07-21 15:40:00,85.56,85.56,85.405,85.41,93978.0
2025-07-21 15:45:00,85.4,85.52,85.365,85.41,129417.0
2025-07-21 15:50:00,85.42,85.44,85.3448,85.42,231554.0
2025-07-21 15:55:00,85.42,85.485,85.395,85.48,137696.0
2025-07-21 16:00:00,85.49,85.6,85.475,85.6,129802.0
2025-07-22 10:10:00,85.0,85.0,85.0,85.0,100.0
2025-07-22 10:35:00,85.02,85.02,85.0,85.0,500.0
2025-07-22 11:40:00,84.97,84.99,84.97,84.99,1105.0
2025-07-22 12:00:00,84.95,85.2,84.95,84.98,4382.0
2025-07-22 12:05:00,84.96,84.96,84.95,84.95,296.0
2025-07-22 12:10:00,84.9501,84.99,84.9501,84.99,619.0
2025-07-22 12:15:00,84.975,85.0,84.975,85.0,831.0
2025-07-22 12:25:00,85.0,85.08,84.99,85.08,2069.0
2025-07-22 12:30:00,85.07,85.09,85.07,85.08,1054.0
2025-07-22 12:35:00,85.08,85.11,85.08,85.11,897.0
2025-07-22 12:40:00,85.11,85.11,85.11,85.11,1051.0
2025-07-22 12:45:00,85.04,85.04,85.04,85.04,297.0
2025-07-22 13:00:00,84.98,84.98,84.98,84.98,570.0
2025-07-22 13:05:00,84.97,84.97,84.94,84.94,1857.0
2025-07-22 13:10:00,84.95,84.95,84.95,84.95,124.0
2025-07-22 13:20:00,85.0,85.01,85.0,85.01,1242.0
2025-07-22 13:25:00,84.95,85.0,84.83,84.83,1395.0
2025-07-22 13:30:00,84.97,85.39,84.885,85.3303,405142.0
2025-07-22 13:35:00,85.34,85.52,85.24,85.49,198046.0
2025-07-22 13:40:00,85.5,85.67,85.37,85.65,288866.0
2025-07-22 13:45:00,85.655,85.755,85.625,85.73,334588.0
2025-07-22 13:50:00,85.735,85.91,85.71,85.78,321459.0
2025-07-22 13:55:00,85.78,85.94,85.61,85.68,307375.0
2025-07-22 14:00:00,85.68,85.695,85.35,85.47,288203.0
2025-07-22 14:05:00,85.47,85.54,85.39,85.44,223749.0
2025-07-22 14:10:00,85.445,85.54,85.3,85.43,200006.0
2025-07-22 14:15:00,85.43,85.51,85.39,85.45,220628.0
2025-07-22 14:20:00,85.45,85.46,85.24,85.37,292379.0
2025-07-22 14:25:00,85.37,85.49,85.365,85.42,254264.0
2025-07-22 14:30:00,85.41,85.46,85.365,85.455,383169.0
2025-07-22 14:35:00,85.45,85.54,85.36,85.415,262847.0
2025-07-22 14:40:00,85.41,85.41,85.27,85.29,190253.0
2025-07-22 14:45:00,85.29,85.3,85.2,85.29,148547.0
2025-07-22 14:50:00,85.28,85.28,85.205,85.26,179936.0
2025-07-22 14:55:00,85.26,85.29,85.185,85.185,167076.0
2025-07-22 15:00:00,85.1867,85.32,85.15,85.21,241585.0
2025-07-22 15:05:00,85.2,85.285,85.17,85.23,271604.0
2025-07-22 15:10:00,85.23,85.255,85.07,85.14,291399.0
2025-07-22 15:15:00,85.135,85.195,85.11,85.17,234325.0
2025-07-22 15:20:00,85.17,85.29,85.155,85.265,126527.0
2025-07-22 15:25:00,85.265,85.35,85.25,85.25,207856.0
2025-07-22 15:30:00,85.24,85.33,85.22,85.31,172430.0
2025-07-22 15:35:00,85.31,85.445,85.19,85.25,195235.0
2025-07-22 15:40:00,85.245,85.37,85.21,85.33,122391.0
2025-07-22 15:45:00,85.33,85.38,85.291,85.295,102709.0
2025-07-22 15:50:00,85.3,85.3,85.17,85.17,210549.0
2025-07-22 15:55:00,85.18,85.22,85.165,85.19,136799.0
2025-07-22 16:00:00,85.195,85.23,85.16,85.205,199485.0
2025-07-23 09:30:00,85.95,85.95,85.87,85.87,1251.0
2025-07-23 09:35:00,85.86,85.86,85.86,85.86,270.0
2025-07-23 09:50:00,85.82,85.82,85.82,85.82,101.0
2025-07-23 10:15:00,85.8,85.8,85.8,85.8,100.0
2025-07-23 10:20:00,85.78,85.78,85.78,85.78,251.0
2025-07-23 10:35:00,85.83,85.83,85.83,85.83,276.0
2025-07-23 10:45:00,85.82,85.85,85.82,85.85,1850.0
2025-07-23 11:00:00,85.85,85.85,85.85,85.85,568.0
2025-07-23 11:15:00,85.76,85.76,85.76,85.76,800.0
2025-07-23 11:30:00,85.78,85.78,85.78,85.78,100.0
2025-07-23 11:55:00,85.85,85.85,85.85,85.85,304.0
2025-07-23 12:00:00,85.7509,85.86,85.65,85.8,1122.0
2025-07-23 12:10:00,85.85,85.85,85.85,85.85,100.0
2025-07-23 12:15:00,85.81,85.81,85.81,85.81,350.0
2025-07-23 12:20:00,85.81,85.81,85.78,85.81,6535.0
2025-07-23 12:25:00,85.7501,85.7501,85.7501,85.7501,100.0
2025-07-23 12:30:00,85.78,85.79,85.76,85.76,1619.0
2025-07-23 12:35:00,85.75,85.75,85.74,85.75,530.0
2025-07-23 12:40:00,85.75,85.76,85.54,85.69,20040.0
2025-07-23 12:45:00,85.69,85.69,85.6,85.6,6589.0
2025-07-23 12:50:00,85.621,85.65,85.61,85.62,22766.0
2025-07-23 12:55:00,85.64,85.64,85.62,85.62,3319.0
2025-07-23 13:05:00,85.69,85.77,85.69,85.73,18843.0
2025-07-23 13:10:00,85.74,85.74,85.72,85.72,1187.0
2025-07-23 13:15:00,85.73,85.73,85.62,85.73,5869.0
2025-07-23 13:20:00,85.73,85.75,85.73,85.73,2512.0
2025-07-23 13:25:00,85.77,85.77,85.7,85.75,1572.0
2025-07-23 13:30:00,85.82,86.17,85.65,86.04,576441.0
2025-07-23 13:35:00,86.03,86.09,85.93,86.0,465790.0
2025-07-23 13:40:00,85.99,86.01,85.73,85.92,348160.0
2025-07-23 13:45:00,85.925,86.08,85.7899,85.86,498863.0
2025-07-23 13:50:00,85.87,85.89,85.6,85.67,200517.0
2025-07-23 13:55:00,85.68,85.84,85.64,85.83,202367.0
2025-07-23 14:00:00,85.83,86.01,85.825,85.96,183916.0
2025-07-23 14:05:00,85.96,86.21,85.93,86.1347,359621.0
2025-07-23 14:10:00,86.1299,86.1299,85.89,86.02,275382.0
2025-07-23 14:15:00,86.02,86.08,85.885,86.02,196228.0
2025-07-23 14:20:00,86.015,86.03,85.82,85.95,188822.0
2025-07-23 14:25:00,85.945,86.08,85.945,86.0,211312.0
2025-07-23 14:30:00,86.01,86.15,85.99,86.0651,309399.0
2025-07-23 14:35:00,86.06,86.11,85.9901,86.07,138143.0
2025-07-23 14:40:00,86.08,86.1,85.93,85.98,163348.0
2025-07-23 14:45:00,85.98,86.1,85.92,85.925,228640.0
2025-07-23 14:50:00,85.915,86.055,85.9,86.0348,221778.0
2025-07-23 14:55:00,86.04,86.09,86.0,86.07,96430.0
2025-07-23 15:00:00,86.075,86.14,86.02,86.09,145501.0
2025-07-23 15:05:00,86.085,86.23,86.065,86.205,162034.0
2025-07-23 15:10:00,86.21,86.31,86.2,86.23,141568.0
2025-07-23 15:15:00,86.23,86.36,86.22,86.28,120724.0
2025-07-23 15:20:00,86.27,86.29,86.2,86.28,71208.0
2025-07-23 15:25:00,86.28,86.37,86.1719,86.185,143554.0
2025-07-23 15:30:00,86.2,86.27,86.14,86.17,136169.0
2025-07-23 15:35:00,86.18,86.2,86.07,86.08,138895.0
2025-07-23 15:40:00,86.085,86.22,86.085,86.215,95904.0
2025-07-23 15:45:00,86.215,86.28,86.18,86.255,143848.0
2025-07-23 15:50:00,86.255,86.34,86.22,86.29,206996.0
2025-07-23 15:55:00,86.29,86.495,86.29,86.485,214012.0
2025-07-23 16:00:00,86.48,86.57,86.43,86.565,308164.0
2025-07-24 09:45:00,86.8,86.8,86.8,86.8,1561.0
2025-07-24 09:50:00,86.77,86.77,86.77,86.77,240.0
2025-07-24 10:05:00,86.84,86.85,86.84,86.85,896.0
2025-07-24 10:10:00,86.76,86.78,86.76,86.78,917.0
2025-07-24 10:30:00,86.74,86.82,86.71,86.71,3865.0
2025-07-24 10:35:00,86.68,86.68,86.67,86.67,1340.0
2025-07-24 10:40:00,86.68,86.7,86.68,86.69,8470.0
2025-07-24 10:45:00,86.65,86.65,86.64,86.64,511.0
2025-07-24 11:00:00,86.68,86.7,86.68,86.7,5250.0
2025-07-24 11:10:00,86.67,86.67,86.67,86.67,1394.0
2025-07-24 12:00:00,86.8,86.8,86.6001,86.71,2500.0
2025-07-24 12:05:00,86.71,86.71,86.68,86.68,2032.0
2025-07-24 12:10:00,86.72,86.72,86.71,86.71,353.0
2025-07-24 12:20:00,86.72,86.72,86.72,86.72,930.0
2025-07-24 12:40:00,86.71,86.77,86.69,86.7,8175.0
2025-07-24 12:50:00,86.7406,86.7406,86.7406,86.7406,100.0
2025-07-24 13:05:00,86.72,86.72,86.72,86.72,284.0
2025-07-24 13:10:00,86.72,86.72,86.72,86.72,280.0
2025-07-24 13:15:00,86.74,86.74,86.74,86.74,270.0
2025-07-24 13:20:00,86.75,86.78,86.7401,86.78,1153.0
2025-07-24 13:25:00,86.74,86.74,86.64,86.64,4266.0
2025-07-24 13:30:00,86.58,86.58,86.19,86.43,304460.0
2025-07-24 13:35:00,86.43,86.48,86.28,86.37,212855.0
2025-07-24 13:40:00,86.37,86.38,86.215,86.29,240443.0
2025-07-24 13:45:00,86.3,86.55,86.3,86.44,121926.0
2025-07-24 13:50:00,86.445,86.63,86.44,86.55,140069.0
2025-07-24 13:55:00,86.55,86.57,86.45,86.53,112289.0
2025-07-24 14:00:00,86.53,86.67,86.48,86.57,156856.0
2025-07-24 14:05:00,86.55,86.61,86.42,86.545,146120.0
2025-07-24 14:10:00,86.555,86.645,86.48,86.52,181186.0
2025-07-24 14:15:00,86.53,86.625,86.41,86.61,335802.0
2025-07-24 14:20:00,86.61,86.71,86.57,86.66,105138.0
2025-07-24 14:25:00,86.67,86.895,86.66,86.88,125410.0
2025-07-24 14:30:00,86.88,87.0,86.83,86.99,218966.0
2025-07-24 14:35:00,86.9933,87.04,86.93,86.98,173252.0
2025-07-24 14:40:00,86.99,87.09,86.99,87.085,164181.0
2025-07-24 14:45:00,87.09,87.195,87.07,87.19,275747.0
2025-07-24 14:50:00,87.2,87.285,87.125,87.26,188996.0
2025-07-24 14:55:00,87.265,87.265,87.115,87.18,118779.0
2025-07-24 15:00:00,87.18,87.265,87.09,87.09,99011.0
2025-07-24 15:05:00,87.0891,87.195,86.945,87.19,129918.0
2025-07-24 15:10:00,87.17,87.3,87.17,87.21,317891.0
2025-07-24 15:15:00,87.21,87.24,87.07,87.09,186206.0
2025-07-24 15:20:00,87.1,87.105,86.885,86.94,81449.0
2025-07-24 15:25:00,86.94,87.155,86.88,87.11,108767.0
2025-07-24 15:30:00,87.11,87.12,87.02,87.02,114184.0
2025-07-24 15:35:00,87.02,87.225,87.005,87.2,74802.0
2025-07-24 15:40:00,87.2,87.245,87.125,87.21,84806.0
2025-07-24 15:45:00,87.2,87.26,87.18,87.24,99565.0
2025-07-24 15:50:00,87.24,87.32,87.24,87.27,117579.0
2025-07-24 15:55:00,87.27,87.39,87.27,87.34,111795.0
2025-07-24 16:00:00,87.335,87.395,87.24,87.38,92921.0
2025-07-25 11:00:00,87.56,87.56,87.56,87.56,106.0
2025-07-25 11:55:00,87.54,87.54,87.54,87.54,100.0
2025-07-25 12:00:00,87.48,87.67,87.48,87.48,2626.0
2025-07-25 12:20:00,87.54,87.54,87.54,87.54,343.0
2025-07-25 12:25:00,87.55,87.59,87.55,87.59,203.0
2025-07-25 12:35:00,87.53,87.53,87.51,87.51,598.0
2025-07-25 12:40:00,87.59,87.59,87.54,87.54,1941.0
2025-07-25 12:50:00,87.58,87.58,87.58,87.58,278.0
2025-07-25 12:55:00,87.6,87.6,87.6,87.6,800.0
2025-07-25 13:00:00,87.57,87.6,87.56,87.58,12771.0
2025-07-25 13:05:00,87.6,87.61,87.59,87.61,4340.0
2025-07-25 13:10:00,87.67,87.67,87.6282,87.6282,3878.0
2025-07-25 13:15:00,87.65,87.67,87.64,87.65,4805.0
2025-07-25 13:20:00,87.65,87.65,87.65,87.65,1103.0
2025-07-25 13:25:00,87.55,87.64,87.53,87.53,2450.0
2025-07-25 13:30:00,87.52,87.67,87.34,87.4,381963.0
2025-07-25 13:35:00,87.39,87.465,87.32,87.37,225260.0
2025-07-25 13:40:00,87.38,87.45,87.195,87.23,168121.0
2025-07-25 13:45:00,87.235,87.26,87.09,87.135,141655.0
2025-07-25 13:50:00,87.13,87.15,86.94,86.945,176925.0
2025-07-25 13:55:00,86.94,87.01,86.885,86.935,315249.0
2025-07-25 14:00:00,86.93,86.975,86.81,86.88,206847.0
2025-07-25 14:05:00,86.885,87.0,86.805,86.875,164474.0
2025-07-25 14:10:00,86.87,86.93,86.67,86.69,133504.0
2025-07-25 14:15:00,86.69,86.95,86.645,86.95,207603.0
2025-07-25 14:20:00,86.96,86.9752,86.785,86.835,153865.0
2025-07-25 14:25:00,86.835,86.91,86.745,86.8,144311.0
2025-07-25 14:30:00,86.805,86.86,86.705,86.705,256156.0
2025-07-25 14:35:00,86.705,86.97,86.705,86.94,168433.0
2025-07-25 14:40:00,86.94,86.97,86.8147,86.83,223135.0
2025-07-25 14:45:00,86.84,86.92,86.755,86.775,196653.0
2025-07-25 14:50:00,86.785,86.9392,86.785,86.88,119214.0
2025-07-25 14:55:00,86.87,86.91,86.825,86.895,173529.0
2025-07-25 15:00:00,86.89,87.02,86.845,86.92,162338.0
2025-07-25 15:05:00,86.93,87.0,86.9,86.98,64899.0
2025-07-25 15:10:00,86.99,87.0,86.84,86.9399,111048.0
2025-07-25 15:15:00,86.95,87.039,86.84,86.84,69966.0
2025-07-25 15:20:00,86.83,86.94,86.83,86.92,73716.0
2025-07-25 15:25:00,86.92,87.05,86.92,86.99,81602.0
2025-07-25 15:30:00,86.99,87.025,86.9,87.015,62034.0
2025-07-25 15:35:00,87.015,87.11,86.92,87.03,143647.0
2025-07-25 15:40:00,87.04,87.07,86.985,87.0,323891.0
2025-07-25 15:45:00,86.995,87.02,86.94,86.945,72267.0
2025-07-25 15:50:00,86.95,86.98,86.918,86.95,63419.0
2025-07-25 15:55:00,86.94,86.975,86.865,86.9,71565.0
2025-07-25 16:00:00,86.91,87.005,86.895,86.95,77094.0
2025-07-28 09:45:00,87.5,87.5,87.5,87.5,115.0
2025-07-28 10:25:00,87.58,87.58,87.58,87.58,114.0
2025-07-28 10:30:00,87.54,87.54,87.54,87.54,138.0
2025-07-28 10:50:00,87.54,87.54,87.54,87.54,392.0
2025-07-28 10:55:00,87.57,87.6,87.57,87.6,1596.0
2025-07-28 11:00:00,87.53,87.59,87.53,87.59,1065.0
2025-07-28 11:05:00,87.59,87.59,87.59,87.59,101.0
2025-07-28 11:15:00,87.53,87.53,87.53,87.53,100.0
2025-07-28 11:20:00,87.53,87.53,87.53,87.53,400.0
2025-07-28 11:30:00,87.54,87.54,87.53,87.53,5066.0
2025-07-28 11:35:00,87.53,87.53,87.53,87.53,1333.0
2025-07-28 11:40:00,87.52,87.52,87.5,87.5,5857.0
2025-07-28 11:55:00,87.55,87.58,87.55,87.58,1646.0
2025-07-28 12:00:00,87.5312,87.88,87.5305,87.6,14900.0
2025-07-28 12:05:00,87.6596,87.6596,87.6,87.62,413.0
2025-07-28 12:10:00,87.62,87.6499,87.55,87.55,1992.0
2025-07-28 12:20:00,87.65,87.65,87.61,87.61,661.0
2025-07-28 12:25:00,87.67,87.67,87.66,87.67,2176.0
2025-07-28 12:30:00,87.6,87.66,87.6,87.66,2240.0
2025-07-28 12:35:00,87.64,87.64,87.64,87.64,2322.0
2025-07-28 12:40:00,87.6697,87.73,87.63,87.73,3207.0
2025-07-28 12:45:00,87.7,87.7,87.7,87.7,294.0
2025-07-28 12:50:00,87.72,87.72,87.72,87.72,307.0
2025-07-28 13:00:00,87.74,87.78,87.63,87.78,10618.0
2025-07-28 13:05:00,87.83,87.87,87.78,87.87,29329.0
2025-07-28 13:10:00,87.87,87.89,87.8,87.86,7062.0
2025-07-28 13:15:00,87.85,87.85,87.8,87.8,6297.0
2025-07-28 13:20:00,87.76,87.76,87.76,87.76,496.0
2025-07-28 13:25:00,87.74,87.83,87.61,87.78,6957.0
2025-07-28 13:30:00,87.68,88.09,87.55,87.92,948589.0
2025-07-28 13:35:00,87.92,88.17,87.92,88.06,319799.0
2025-07-28 13:40:00,88.07,88.08,87.785,87.84,160233.0
2025-07-28 13:45:00,87.835,87.91,87.76,87.825,231820.0
2025-07-28 13:50:00,87.82,87.925,87.775,87.905,280450.0
2025-07-28 13:55:00,87.905,87.955,87.76,87.92,230119.0
2025-07-28 14:00:00,87.92,88.22,87.89,88.22,399948.0
2025-07-28 14:05:00,88.22,88.24,88.055,88.06,433075.0
2025-07-28 14:10:00,88.06,88.07,87.91,87.945,301618.0
2025-07-28 14:15:00,87.94,87.98,87.855,87.97,173583.0
2025-07-28 14:20:00,87.97,87.97,87.75,87.78,227278.0
2025-07-28 14:25:00,87.779,87.9,87.745,87.88,140825.0
2025-07-28 14:30:00,87.87,87.9,87.78,87.84,148335.0
2025-07-28 14:35:00,87.835,87.887,87.8,87.83,117235.0
2025-07-28 14:40:00,87.825,87.855,87.75,87.85,113251.0
2025-07-28 14:45:00,87.85,87.91,87.79,87.9,75796.0
2025-07-28 14:50:00,87.9,87.99,87.875,87.95,83399.0
2025-07-28 14:55:00,87.95,87.99,87.89,87.96,125733.0
2025-07-28 15:00:00,87.96,88.01,87.915,88.01,124115.0
2025-07-28 15:05:00,88.01,88.025,87.89,87.905,70239.0
2025-07-28 15:10:00,87.905,88.005,87.87,88.0,87406.0
2025-07-28 15:15:00,88.0003,88.11,88.0003,88.07,166370.0
2025-07-28 15:20:00,88.07,88.135,88.02,88.06,124252.0
2025-07-28 15:25:00,88.06,88.06,87.93,87.99,106854.0
2025-07-28 15:30:00,88.0,88.07,87.94,88.05,97989.0
2025-07-28 15:35:00,88.055,88.065,87.96,87.985,76351.0
2025-07-28 15:40:00,87.982,88.0501,87.9744,87.987,78390.0
2025-07-28 15:45:00,87.98,88.0801,87.965,88.02,92105.0
2025-07-28 15:50:00,88.03,88.11,88.0,88.105,200053.0
2025-07-28 15:55:00,88.1,88.105,88.06,88.085,55279.0
2025-07-28 16:00:00,88.09,88.155,88.08,88.08,88754.0
2025-07-29 09:50:00,88.13,88.13,88.13,88.13,123.0
2025-07-29 10:30:00,88.14,88.14,88.14,88.14,346.0
2025-07-29 10:40:00,88.12,88.12,88.12,88.12,200.0
2025-07-29 10:55:00,88.2,88.2,88.2,88.2,100.0
2025-07-29 11:20:00,88.12,88.12,88.12,88.12,115.0
2025-07-29 11:50:00,88.1,88.1,88.1,88.1,702.0
2025-07-29 11:55:00,88.1,88.1,88.1,88.1,249.0
2025-07-29 12:00:00,88.0,88.0,87.86,88.0,1271.0
2025-07-29 12:05:00,88.08,88.08,88.08,88.08,600.0
2025-07-29 12:10:00,88.08,88.08,88.08,88.08,350.0
2025-07-29 12:15:00,88.1,88.1,88.1,88.1,569.0
2025-07-29 12:35:00,88.11,88.16,88.11,88.16,926.0
2025-07-29 12:55:00,88.15,88.16,88.15,88.16,1784.0
2025-07-29 13:00:00,88.12,88.12,88.12,88.12,505.0
2025-07-29 13:05:00,88.18,88.18,88.16,88.16,806.0
2025-07-29 13:10:00,88.2553,88.2553,88.2553,88.2553,221.0
2025-07-29 13:15:00,88.254,88.254,88.14,88.14,346.0
2025-07-29 13:20:00,88.14,88.19,88.14,88.19,411.0
2025-07-29 13:25:00,88.13,88.36,88.13,88.36,3465.0
2025-07-29 13:30:00,88.23,88.4,88.14,88.24,297039.0
2025-07-29 13:35:00,88.23,88.28,87.94,88.03,166154.0
2025-07-29 13:40:00,88.02,88.11,87.98,88.06,118540.0
2025-07-29 13:45:00,88.07,88.235,87.94,88.025,196511.0
2025-07-29 13:50:00,88.025,88.2,87.965,88.165,171712.0
2025-07-29 13:55:00,88.16,88.3,88.11,88.2,131192.0
2025-07-29 14:00:00,88.21,88.375,88.175,88.335,138485.0
2025-07-29 14:05:00,88.33,88.385,88.29,88.33,171675.0
2025-07-29 14:10:00,88.325,88.39,88.2553,88.32,88893.0
2025-07-29 14:15:00,88.31,88.46,88.31,88.41,102705.0
2025-07-29 14:20:00,88.415,88.5,88.38,88.3819,142272.0
2025-07-29 14:25:00,88.39,88.47,88.37,88.47,83020.0
2025-07-29 14:30:00,88.46,88.48,88.39,88.415,158108.0
2025-07-29 14:35:00,88.415,88.425,88.32,88.415,208350.0
2025-07-29 14:40:00,88.425,88.44,88.31,88.31,52076.0
2025-07-29 14:45:00,88.315,88.355,88.26,88.3,104112.0
2025-07-29 14:50:00,88.31,88.35,88.26,88.28,86566.0
2025-07-29 14:55:00,88.2716,88.32,88.255,88.32,88188.0
2025-07-29 15:00:00,88.31,88.365,88.275,88.34,96802.0
2025-07-29 15:05:00,88.35,88.39,88.26,88.33,76217.0
2025-07-29 15:10:00,88.32,88.39,88.29,88.355,133020.0
2025-07-29 15:15:00,88.36,88.43,88.34,88.365,126651.0
2025-07-29 15:20:00,88.365,88.37,88.29,88.31,99249.0
2025-07-29 15:25:00,88.305,88.31,88.135,88.17,121328.0
2025-07-29 15:30:00,88.16,88.295,88.14,88.17,95058.0
2025-07-29 15:35:00,88.18,88.24,88.16,88.21,82093.0
2025-07-29 15:40:00,88.21,88.29,88.125,88.29,90299.0
2025-07-29 15:45:00,88.285,88.32,88.15,88.17,105970.0
2025-07-29 15:50:00,88.17,88.3,88.15,88.285,192525.0
2025-07-29 15:55:00,88.29,88.325,88.235,88.28,56573.0
2025-07-29 16:00:00,88.28,88.38,88.265,88.36,71818.0
2025-07-30 09:50:00,88.71,88.71,88.7,88.7,1000.0
2025-07-30 09:55:00,88.7,88.77,88.69,88.69,2205.0
2025-07-30 10:10:00,88.69,88.69,88.65,88.68,1915.0
2025-07-30 10:15:00,88.62,88.62,88.51,88.54,11105.0
2025-07-30 10:20:00,88.54,88.54,88.54,88.54,1817.0
2025-07-30 10:25:00,88.5,88.53,88.47,88.49,9721.0
2025-07-30 10:30:00,88.48,88.49,88.48,88.48,1681.0
2025-07-30 10:50:00,88.49,88.49,88.47,88.47,2092.0
2025-07-30 10:55:00,88.48,88.49,88.46,88.46,7359.0
2025-07-30 11:00:00,88.55,88.55,88.55,88.55,100.0
2025-07-30 11:05:00,88.52,88.52,88.45,88.47,1304.0
2025-07-30 11:10:00,88.48,88.48,88.48,88.48,100.0
2025-07-30 11:15:00,88.47,88.47,88.47,88.47,200.0
2025-07-30 11:20:00,88.49,88.49,88.47,88.47,670.0
2025-07-30 11:25:00,88.51,88.51,88.49,88.49,4627.0
2025-07-30 11:35:00,88.6,88.6,88.6,88.6,100.0
2025-07-30 11:40:00,88.58,88.58,88.58,88.58,173.0
2025-07-30 11:45:00,88.6,88.6,88.6,88.6,547.0
2025-07-30 11:50:00,88.62,88.65,88.62,88.65,849.0
2025-07-30 12:00:00,88.58,89.0,88.58,89.0,2121.0
2025-07-30 12:05:00,88.72,88.82,88.72,88.8,25055.0
2025-07-30 12:30:00,88.78,88.79,88.78,88.79,1179.0
2025-07-30 12:45:00,88.82,88.82,88.79,88.79,2301.0
2025-07-30 12:50:00,88.75,88.75,88.75,88.75,464.0
2025-07-30 12:55:00,88.74,88.74,88.65,88.65,9048.0
2025-07-30 13:00:00,88.67,88.69,88.67,88.69,835.0
2025-07-30 13:05:00,88.7,88.7,88.66,88.68,8471.0
2025-07-30 13:10:00,88.66,88.719,88.62,88.62,6817.0
2025-07-30 13:15:00,88.62,88.69,88.62,88.69,6509.0
2025-07-30 13:20:00,88.7,88.75,88.67,88.67,6057.0
2025-07-30 13:25:00,88.76,88.76,88.42,88.42,6265.0
2025-07-30 13:30:00,88.4,88.45,88.18,88.3,401050.0
2025-07-30 13:35:00,88.31,88.45,88.25,88.365,331983.0
2025-07-30 13:40:00,88.35,88.35,88.08,88.145,157669.0
2025-07-30 13:45:00,88.14,88.15,87.91,87.975,253148.0
2025-07-30 13:50:00,87.98,88.21,87.97,88.165,152033.0
2025-07-30 13:55:00,88.15,88.28,88.08,88.17,195704.0
2025-07-30 14:00:00,88.18,88.25,88.1,88.115,157541.0
2025-07-30 14:05:00,88.11,88.17,87.96,88.01,261358.0
2025-07-30 14:10:00,88.02,88.12,87.935,88.02,131968.0
2025-07-30 14:15:00,88.02,88.09,87.94,88.0,315963.0
2025-07-30 14:20:00,88.01,88.09,87.95,87.96,122998.0
2025-07-30 14:25:00,87.95,88.05,87.89,88.03,108070.0
2025-07-30 14:30:00,88.03,88.03,87.755,87.91,305477.0
2025-07-30 14:35:00,87.905,87.99,87.9,87.98,187934.0
2025-07-30 14:40:00,87.975,88.0,87.88,87.895,125348.0
2025-07-30 14:45:00,87.895,87.99,87.86,87.92,190086.0
2025-07-30 14:50:00,87.915,87.9751,87.85,87.935,81325.0
2025-07-30 14:55:00,87.93,87.98,87.8433,87.98,102107.0
2025-07-30 15:00:00,87.99,88.0,87.9094,87.91,181043.0
2025-07-30 15:05:00,87.91,87.95,87.85,87.8876,104349.0
2025-07-30 15:10:00,87.88,88.0,87.83,87.8667,107738.0
2025-07-30 15:15:00,87.865,87.9801,87.835,87.96,107714.0
2025-07-30 15:20:00,87.965,88.0,87.85,87.87,82927.0
2025-07-30 15:25:00,87.89,87.97,87.87,87.88,104280.0
2025-07-30 15:30:00,87.885,87.955,87.86,87.95,97879.0
2025-07-30 15:35:00,87.9599,87.985,87.9,87.98,51840.0
2025-07-30 15:40:00,87.985,88.0,87.94,87.97,54978.0
2025-07-30 15:45:00,87.97,87.99,87.935,87.945,54841.0
2025-07-30 15:50:00,87.95,88.03,87.93,88.01,117617.0
2025-07-30 15:55:00,88.01,88.06,87.9799,88.03,105723.0
2025-07-30 16:00:00,88.02,88.06,87.99,88.025,101518.0
2025-07-31 09:30:00,87.18,87.18,87.18,87.18,100.0
2025-07-31 09:35:00,87.15,87.15,87.11,87.14,4787.0
2025-07-31 09:40:00,87.16,87.16,87.05,87.05,6853.0
2025-07-31 09:45:00,87.05,87.05,87.04,87.04,1400.0
2025-07-31 09:50:00,87.07,87.07,87.07,87.07,220.0
2025-07-31 10:25:00,87.05,87.05,87.05,87.05,300.0
2025-07-31 10:30:00,87.0,87.09,87.0,87.09,2475.0
2025-07-31 10:50:00,87.02,87.02,87.02,87.02,195.0
2025-07-31 11:00:00,87.02,87.05,87.02,87.05,1702.0
2025-07-31 11:10:00,86.93,86.93,86.93,86.93,297.0
2025-07-31 11:30:00,87.0,87.0,86.93,86.93,407.0
2025-07-31 11:35:00,87.01,87.01,87.01,87.01,300.0
2025-07-31 11:50:00,87.03,87.05,87.03,87.05,1129.0
2025-07-31 11:55:00,87.09,87.09,87.08,87.08,2316.0
2025-07-31 12:00:00,87.03,87.15,86.96,87.0,8148.0
2025-07-31 12:10:00,86.9511,86.9511,86.92,86.92,3085.0
2025-07-31 12:15:00,86.91,86.91,86.88,86.88,2266.0
2025-07-31 12:20:00,86.89,86.95,86.89,86.93,5697.0
2025-07-31 12:25:00,86.94,86.94,86.92,86.92,222.0
2025-07-31 12:30:00,86.88,86.88,86.88,86.88,206.0
2025-07-31 12:35:00,86.92,86.92,86.92,86.92,226.0
2025-07-31 12:40:00,86.92,86.93,86.92,86.92,1002.0
2025-07-31 12:45:00,86.9,86.92,86.9,86.9,2417.0
2025-07-31 12:50:00,86.9,86.9,86.9,86.9,2238.0
2025-07-31 12:55:00,86.91,86.92,86.88,86.915,1965.0
2025-07-31 13:00:00,86.935,86.95,86.86,86.86,1704.0
2025-07-31 13:05:00,86.84,86.94,86.84,86.94,1007.0
2025-07-31 13:10:00,86.91,86.93,86.83,86.83,963.0
2025-07-31 13:15:00,86.82,86.82,86.73,86.78,6192.0
2025-07-31 13:20:00,86.75,86.75,86.67,86.7,4612.0
2025-07-31 13:25:00,86.72,86.83,86.71,86.83,5247.0
2025-07-31 13:30:00,86.76,87.53,86.76,87.51,457380.0
2025-07-31 13:35:00,87.51,87.68,87.44,87.441,251961.0
2025-07-31 13:40:00,87.45,87.55,87.29,87.525,183263.0
2025-07-31 13:45:00,87.52,87.55,87.34,87.515,265233.0
2025-07-31 13:50:00,87.52,87.7275,87.52,87.68,132839.0
2025-07-31 13:55:00,87.7,87.86,87.69,87.84,356763.0
2025-07-31 14:00:00,87.83,87.98,87.82,87.83,367736.0
2025-07-31 14:05:00,87.84,88.05,87.84,87.95,234043.0
2025-07-31 14:10:00,87.97,88.16,87.95,88.0299,271689.0
2025-07-31 14:15:00,88.02,88.1859,88.01,88.12,180685.0
2025-07-31 14:20:00,88.115,88.215,88.04,88.15,194547.0
2025-07-31 14:25:00,88.16,88.19,88.01,88.1,173928.0
2025-07-31 14:30:00,88.1,88.1101,87.98,88.0,122822.0
2025-07-31 14:35:00,87.9817,88.1,87.85,87.875,240467.0
2025-07-31 14:40:00,87.875,87.98,87.795,87.88,123782.0
2025-07-31 14:45:00,87.89,87.925,87.795,87.82,229042.0
2025-07-31 14:50:00,87.83,87.89,87.7,87.71,157029.0
2025-07-31 14:55:00,87.71,87.72,87.545,87.55,154781.0
2025-07-31 15:00:00,87.55,87.62,87.46,87.49,165854.0
2025-07-31 15:05:00,87.5,87.54,87.39,87.46,150376.0
2025-07-31 15:10:00,87.46,87.49,87.285,87.33,139192.0
2025-07-31 15:15:00,87.33,87.37,87.135,87.15,167962.0
2025-07-31 15:20:00,87.155,87.3,87.155,87.22,107243.0
2025-07-31 15:25:00,87.23,87.25,87.1,87.17,128239.0
2025-07-31 15:30:00,87.17,87.27,87.155,87.245,137293.0
2025-07-31 15:35:00,87.245,87.31,87.17,87.23,142305.0
2025-07-31 15:40:00,87.225,87.295,87.2,87.29,80851.0
2025-07-31 15:45:00,87.29,87.335,87.18,87.19,77593.0
2025-07-31 15:50:00,87.19,87.28,87.14,87.27,83562.0
2025-07-31 15:55:00,87.27,87.32,87.2,87.32,55842.0
2025-07-31 16:00:00,87.33,87.41,87.3,87.4,108856.0
2025-08-01 09:50:00,87.0,87.0,87.0,87.0,114.0
2025-08-01 10:05:00,87.01,87.01,87.0,87.0,400.0
2025-08-01 10:25:00,87.09,87.09,87.08,87.08,472.0
2025-08-01 10:40:00,87.2,87.2,87.2,87.2,272.0
2025-08-01 10:50:00,87.19,87.2,87.19,87.2,456.0
2025-08-01 11:15:00,87.08,87.08,87.04,87.04,1012.0
2025-08-01 11:20:00,87.04,87.04,87.04,87.04,170.0
2025-08-01 11:30:00,86.95,86.95,86.9,86.9,460.0
2025-08-01 11:35:00,86.98,87.05,86.98,87.05,16365.0
2025-08-01 11:50:00,87.0,87.0,87.0,87.0,4250.0
2025-08-01 12:00:00,87.0,87.36,86.8812,86.99,11073.0
2025-08-01 12:05:00,87.06,87.06,87.06,87.06,114.0
2025-08-01 12:25:00,87.15,87.15,87.15,87.15,1000.0
2025-08-01 12:30:00,86.91,86.91,86.91,86.91,264.0
2025-08-01 12:35:00,87.04,87.04,87.04,87.04,597.0
2025-08-01 12:45:00,87.21,87.21,87.21,87.21,468.0
2025-08-01 13:10:00,87.3082,87.3082,87.21,87.21,1222.0
2025-08-01 13:20:00,87.2,87.2,87.0,87.0,1500.0
2025-08-01 13:25:00,87.01,87.01,87.0,87.0,311.0
2025-08-01 13:30:00,86.88,87.19,86.37,86.38,820681.0
2025-08-01 13:35:00,86.38,86.59,86.1801,86.37,605304.0
2025-08-01 13:40:00,86.38,86.54,86.365,86.44,726005.0
2025-08-01 13:45:00,86.44,86.455,86.11,86.11,564863.0
2025-08-01 13:50:00,86.11,86.21,85.97,86.1,482294.0
2025-08-01 13:55:00,86.09,86.11,85.82,85.84,381016.0
2025-08-01 14:00:00,85.81,85.86,85.445,85.59,708680.0
2025-08-01 14:05:00,85.59,85.63,85.285,85.45,769743.0
2025-08-01 14:10:00,85.46,85.71,85.4,85.59,404232.0
2025-08-01 14:15:00,85.59,85.74,85.51,85.67,440370.0
2025-08-01 14:20:00,85.68,85.76,85.58,85.64,310108.0
2025-08-01 14:25:00,85.65,85.715,85.435,85.46,246711.0
2025-08-01 14:30:00,85.45,85.57,85.39,85.57,414857.0
2025-08-01 14:35:00,85.57,85.58305,85.275,85.29,328036.0
2025-08-01 14:40:00,85.29,85.32,85.12,85.28,482066.0
2025-08-01 14:45:00,85.29,85.63,85.27,85.335,385823.0
2025-08-01 14:50:00,85.33,85.39,85.19,85.25,252727.0
2025-08-01 14:55:00,85.25,85.41,85.24,85.39,205838.0
2025-08-01 15:00:00,85.39,85.57,85.39,85.47,242404.0
2025-08-01 15:05:00,85.46,85.725,85.44,85.635,234320.0
2025-08-01 15:10:00,85.635,85.73,85.565,85.66,357727.0
2025-08-01 15:15:00,85.645,85.73,85.57,85.6151,175497.0
2025-08-01 15:20:00,85.62,85.685,85.45,85.47,356320.0
2025-08-01 15:25:00,85.48,85.55,85.43,85.5,211075.0
2025-08-01 15:30:00,85.5,85.53,85.37,85.39,190192.0
2025-08-01 15:35:00,85.395,85.535,85.37,85.47,172659.0
2025-08-01 15:40:00,85.465,85.575,85.4,85.575,184388.0
2025-08-01 15:45:00,85.575,85.62,85.48,85.6,158327.0
2025-08-01 15:50:00,85.6,85.75,85.5,85.61,210337.0
2025-08-01 15:55:00,85.62,85.7707,85.6,85.675,145020.0
2025-08-01 16:00:00,85.67,85.84,85.67,85.82,149971.0
2025-08-04 09:30:00,85.7,85.7,85.7,85.7,150.0
2025-08-04 09:35:00,85.68,85.68,85.68,85.68,182.0
2025-08-04 09:40:00,85.69,85.69,85.69,85.69,198.0
2025-08-04 09:45:00,85.74,85.75,85.74,85.75,885.0
2025-08-04 10:00:00,85.66,85.66,85.66,85.66,350.0
2025-08-04 10:25:00,85.66,85.66,85.61,85.61,759.0
2025-08-04 10:30:00,85.59,85.6,85.5,85.5,2410.0
2025-08-04 10:35:00,85.46,85.46,85.46,85.46,400.0
2025-08-04 11:00:00,85.5,85.5,85.48,85.48,660.0
2025-08-04 11:10:00,85.47,85.47,85.47,85.47,103.0
2025-08-04 11:15:00,85.43,85.43,85.43,85.43,667.0
2025-08-04 11:25:00,85.4,85.44,85.4,85.44,2563.0
2025-08-04 11:40:00,85.45,85.45,85.44,85.44,559.0
2025-08-04 11:50:00,85.46,85.46,85.44,85.44,1352.0
2025-08-04 11:55:00,85.44,85.44,85.44,85.44,890.0
2025-08-04 12:00:00,85.4,85.93,85.28,85.34,6544.0
2025-08-04 12:05:00,85.34,85.34,85.34,85.34,105.0
2025-08-04 12:10:00,85.35,85.35,85.34,85.34,3862.0
2025-08-04 12:15:00,85.33,85.35,85.33,85.35,1472.0
2025-08-04 12:20:00,85.35,85.35,85.35,85.35,129.0
2025-08-04 12:25:00,85.35,85.35,85.35,85.35,2854.0
2025-08-04 12:40:00,85.35,85.4093,85.34,85.34,5244.0
2025-08-04 12:45:00,85.32,85.32,85.27,85.28,5767.0
2025-08-04 12:50:00,85.27,85.28,85.25,85.27,2667.0
2025-08-04 12:55:00,85.27,85.28,85.27,85.28,713.0
2025-08-04 13:05:00,85.26,85.28,85.26,85.28,1431.0
2025-08-04 13:10:00,85.25,85.26,85.23,85.23,2226.0
2025-08-04 13:15:00,85.21,85.22,85.21,85.21,1517.0
2025-08-04 13:20:00,85.19,85.19,85.19,85.19,250.0
2025-08-04 13:25:00,85.19,85.52,85.19,85.52,11329.0
2025-08-04 13:30:00,85.44,86.082,85.44,85.88,568419.0
2025-08-04 13:35:00,85.89,85.93,85.67,85.86,386344.0
2025-08-04 13:40:00,85.86,85.98,85.82,85.8898,317581.0
2025-08-04 13:45:00,85.89,85.97,85.77,85.97,292965.0
2025-08-04 13:50:00,85.97,86.01,85.69,85.78,199059.0
2025-08-04 13:55:00,85.77,85.78,85.5551,85.58,409510.0
2025-08-04 14:00:00,85.58,85.675,85.5,85.66,213612.0
2025-08-04 14:05:00,85.65,85.66,85.34,85.4199,287453.0
2025-08-04 14:10:00,85.41,85.515,85.305,85.425,305176.0
2025-08-04 14:15:00,85.43,85.47,85.335,85.42,228161.0
2025-08-04 14:20:00,85.42,85.635,85.345,85.5852,256843.0
2025-08-04 14:25:00,85.585,85.66,85.51,85.65,190651.0
2025-08-04 14:30:00,85.65,85.66,85.405,85.445,313371.0
2025-08-04 14:35:00,85.45,85.53,85.435,85.515,258823.0
2025-08-04 14:40:00,85.51,85.59,85.443986,85.57,408515.0
2025-08-04 14:45:00,85.56,85.8,85.56,85.7703,139549.0
2025-08-04 14:50:00,85.77,86.05,85.75,86.0,781637.0
2025-08-04 14:55:00,86.01,86.05,85.92,85.94,358363.0
2025-08-04 15:00:00,85.93,85.96,85.87,85.9,144727.0
2025-08-04 15:05:00,85.89,85.98,85.875,85.93,95770.0
2025-08-04 15:10:00,85.935,86.015,85.91,85.95,96568.0
2025-08-04 15:15:00,85.94,85.94,85.745,85.7753,141710.0
2025-08-04 15:20:00,85.74,85.81,85.68,85.745,159710.0
2025-08-04 15:25:00,85.74,85.81,85.68,85.69,130361.0
2025-08-04 15:30:00,85.7,85.78,85.695,85.77,85958.0
2025-08-04 15:35:00,85.76,85.785,85.69,85.7,93305.0
2025-08-04 15:40:00,85.7,85.735,85.645,85.675,65328.0
2025-08-04 15:45:00,85.68,85.71,85.65,85.655,44796.0
2025-08-04 15:50:00,85.66,85.665,85.59,85.65,102033.0
2025-08-04 15:55:00,85.65,85.67,85.585,85.59,60100.0
2025-08-04 16:00:00,85.585,85.59,85.41,85.525,94509.0
2025-08-05 10:10:00,85.48,85.48,85.48,85.48,425.0
2025-08-05 10:40:00,85.48,85.48,85.48,85.48,981.0
2025-08-05 10:45:00,85.5,85.5,85.5,85.5,236.0
2025-08-05 11:20:00,85.44,85.44,85.36,85.39,896.0
2025-08-05 11:25:00,85.4,85.4,85.4,85.4,809.0
2025-08-05 11:30:00,85.39,85.39,85.39,85.39,219.0
2025-08-05 11:35:00,85.38,85.4,85.32,85.32,1961.0
2025-08-05 11:40:00,85.32,85.38,85.32,85.32,10187.0
2025-08-05 11:45:00,85.33,85.33,85.33,85.33,2050.0
2025-08-05 11:50:00,85.37,85.37,85.37,85.37,107.0
2025-08-05 11:55:00,85.45,85.49,85.45,85.49,1100.0
2025-08-05 12:00:00,85.3006,85.5,85.3,85.42,3369.0
2025-08-05 12:10:00,85.32,85.32,85.31,85.31,2542.0
2025-08-05 12:15:00,85.3,85.3,85.23,85.27,10581.0
2025-08-05 12:20:00,85.34,85.35,85.33,85.33,382.0
2025-08-05 12:30:00,85.32,85.32,85.3,85.3,210.0
2025-08-05 12:35:00,85.28,85.28,85.28,85.28,100.0
2025-08-05 12:40:00,85.25,85.27,85.2,85.2,1403.0
2025-08-05 12:45:00,85.21,85.22,85.21,85.22,1289.0
2025-08-05 12:50:00,85.1022,85.1022,85.1022,85.1022,213.0
2025-08-05 13:05:00,85.27,85.27,85.27,85.27,361.0
2025-08-05 13:10:00,85.26,85.26,85.26,85.26,115.0
2025-08-05 13:20:00,85.31,85.32,85.31,85.32,782.0
2025-08-05 13:25:00,85.35,85.5,85.31,85.5,2656.0
2025-08-05 13:30:00,85.38,85.5705,84.97,85.17,682388.0
2025-08-05 13:35:00,85.15,85.24,85.015,85.04,518664.0
2025-08-05 13:40:00,85.04,85.22,85.03,85.12,396275.0
2025-08-05 13:45:00,85.125,85.19,84.99,85.03,273541.0
2025-08-05 13:50:00,85.02,85.18,84.99,85.1,192417.0
2025-08-05 13:55:00,85.11,85.155,85.01,85.075,227801.0
2025-08-05 14:00:00,85.06,85.105,84.87,84.92,421139.0
2025-08-05 14:05:00,84.91,84.91,84.73,84.795,257006.0
2025-08-05 14:10:00,84.79,84.855,84.63,84.65,244285.0
2025-08-05 14:15:00,84.65,84.67,84.555,84.645,184564.0
2025-08-05 14:20:00,84.64,84.64,84.45,84.465,242830.0
2025-08-05 14:25:00,84.47,84.505,84.4,84.4433,198283.0
2025-08-05 14:30:00,84.44,84.48,84.36,84.44,420677.0
2025-08-05 14:35:00,84.435,84.505,84.345,84.47,298022.0
2025-08-05 14:40:00,84.47,84.53,84.43,84.515,263897.0
2025-08-05 14:45:00,84.51,84.6,84.5,84.53,199152.0
2025-08-05 14:50:00,84.53,84.61,84.49,84.49,169688.0
2025-08-05 14:55:00,84.48,84.56,84.455,84.5,142907.0
2025-08-05 15:00:00,84.5,84.605,84.41,84.41,219765.0
2025-08-05 15:05:00,84.42,84.49,84.36,84.49,177516.0
2025-08-05 15:10:00,84.49,84.505,84.435,84.49,217844.0
2025-08-05 15:15:00,84.49,84.53,84.395,84.51,170639.0
2025-08-05 15:20:00,84.505,84.655,84.5,84.65,97842.0
2025-08-05 15:25:00,84.65,84.72,84.555,84.67,410779.0
2025-08-05 15:30:00,84.67,84.83,84.67,84.79,187896.0
2025-08-05 15:35:00,84.79,84.91,84.77,84.885,164792.0
2025-08-05 15:40:00,84.885,84.95,84.88,84.94,151537.0
2025-08-05 15:45:00,84.94,84.99,84.885,84.93,204208.0
2025-08-05 15:50:00,84.93,84.98,84.91,84.975,121888.0
2025-08-05 15:55:00,84.98,85.08,84.97,85.065,133631.0
2025-08-05 16:00:00,85.06,85.12,84.98,85.0067,100228.0
2025-08-06 09:40:00,86.06,86.06,86.06,86.06,195.0
2025-08-06 10:00:00,86.13,86.18,86.13,86.18,706.0
2025-08-06 10:10:00,86.2,86.27,86.18,86.25,9388.0
2025-08-06 10:15:00,86.24,86.24,86.24,86.24,173.0
2025-08-06 10:30:00,86.28,86.28,86.28,86.28,355.0
2025-08-06 10:35:00,86.26,86.28,86.22,86.24,1487.0
2025-08-06 11:00:00,86.27,86.3,86.21,86.22,11528.0
2025-08-06 11:05:00,86.22,86.25,86.22,86.25,677.0
2025-08-06 11:10:00,86.25,86.28,86.24,86.28,3091.0
2025-08-06 11:15:00,86.27,86.28,86.26,86.27,994.0
2025-08-06 11:20:00,86.3,86.3,86.3,86.3,1100.0
2025-08-06 11:25:00,86.32,86.32,86.3,86.3,1157.0
2025-08-06 11:30:00,86.29,86.29,86.29,86.29,266.0
2025-08-06 11:35:00,86.26,86.26,86.21,86.21,925.0
2025-08-06 11:40:00,86.21,86.21,86.21,86.21,500.0
2025-08-06 11:45:00,86.21,86.21,86.17,86.17,3616.0
2025-08-06 11:50:00,86.21,86.21,86.19,86.19,1575.0
2025-08-06 11:55:00,86.2,86.2,86.2,86.2,171.0
2025-08-06 12:00:00,86.3,86.4099,86.0,86.01,9633.0
2025-08-06 12:05:00,86.13,86.13,86.13,86.13,200.0
2025-08-06 12:10:00,86.16,86.16,86.16,86.16,398.0
2025-08-06 12:15:00,86.21,86.21,86.21,86.21,100.0
2025-08-06 12:20:00,86.15,86.15,86.11,86.14,2946.0
2025-08-06 12:25:00,86.15,86.15,86.15,86.15,563.0
2025-08-06 12:30:00,86.13,86.17,86.11,86.16,1244.0
2025-08-06 12:45:00,86.11,86.11,86.11,86.11,1925.0
2025-08-06 12:50:00,86.16,86.16,86.16,86.16,1000.0
2025-08-06 13:00:00,86.08,86.17,86.08,86.17,4107.0
2025-08-06 13:05:00,86.2,86.2,86.13,86.15,11856.0
2025-08-06 13:10:00,86.15,86.24,86.15,86.24,8573.0
2025-08-06 13:15:00,86.17,86.17,86.15,86.17,1055.0
2025-08-06 13:20:00,86.12,86.12,86.12,86.12,1237.0
2025-08-06 13:25:00,86.18,86.18,86.11,86.11,3155.0
2025-08-06 13:30:00,86.05,86.27,85.83,86.12,764637.0
2025-08-06 13:35:00,86.13,86.24,86.05,86.19,641125.0
2025-08-06 13:40:00,86.19,86.38,86.14,86.18,450955.0
2025-08-06 13:45:00,86.2,86.31,86.1,86.13,478754.0
2025-08-06 13:50:00,86.13,86.415,86.08,86.315,316251.0
2025-08-06 13:55:00,86.31,86.55,86.245,86.4,888933.0
2025-08-06 14:00:00,86.4,86.49,85.93,86.02,800864.0
2025-08-06 14:05:00,86.02,86.025,85.74,85.76,558921.0
2025-08-06 14:10:00,85.76,85.96,85.75,85.83,536845.0
2025-08-06 14:15:00,85.83,85.88,85.64,85.745,248047.0
2025-08-06 14:20:00,85.74,85.81,85.56,85.6,417146.0
2025-08-06 14:25:00,85.6,85.7,85.535,85.64,217498.0
2025-08-06 14:30:00,85.64,85.74,85.63,85.695,395016.0
2025-08-06 14:35:00,85.69,85.8199,85.68,85.75,154752.0
2025-08-06 14:40:00,85.745,85.89,85.73,85.73,182813.0
2025-08-06 14:45:00,85.73,85.84,85.715,85.72,131451.0
2025-08-06 14:50:00,85.73,85.8,85.685,85.79,264366.0
2025-08-06 14:55:00,85.785,85.845,85.74,85.785,238972.0
2025-08-06 15:00:00,85.79,85.86,85.79,85.79,124895.0
2025-08-06 15:05:00,85.79,85.94,85.78,85.86,97107.0
2025-08-06 15:10:00,85.86,85.87,85.705,85.72,120942.0
2025-08-06 15:15:00,85.71,85.76,85.635,85.7501,142917.0
2025-08-06 15:20:00,85.755,85.95,85.755,85.88,104144.0
2025-08-06 15:25:00,85.88,85.97,85.88,85.92,131655.0
2025-08-06 15:30:00,85.92,85.99,85.835,85.95,149685.0
2025-08-06 15:35:00,85.94,85.97,85.8401,85.895,263124.0
2025-08-06 15:40:00,85.895,85.93,85.85,85.91,88562.0
2025-08-06 15:45:00,85.91,85.955,85.855,85.87,106033.0
2025-08-06 15:50:00,85.875,85.8953,85.55,85.55,228634.0
2025-08-06 15:55:00,85.55,85.57,85.23,85.26,347773.0
2025-08-06 16:00:00,85.26,85.32,85.19,85.28,274573.0
2025-08-07 09:50:00,85.34,85.34,85.34,85.34,641.0
2025-08-07 09:55:00,85.37,85.37,85.37,85.37,1000.0
2025-08-07 10:20:00,85.45,85.45,85.41,85.41,1822.0
2025-08-07 10:45:00,85.49,85.5,85.49,85.5,1529.0
2025-08-07 10:55:00,85.45,85.45,85.45,85.45,184.0
2025-08-07 11:00:00,85.37,85.44,85.37,85.4,803.0
2025-08-07 11:05:00,85.365,85.4,85.36,85.4,600.0
2025-08-07 11:10:00,85.4,85.4,85.4,85.4,344.0
2025-08-07 11:35:00,85.32,85.32,85.31,85.31,403.0
2025-08-07 11:50:00,85.32,85.32,85.32,85.32,100.0
2025-08-07 11:55:00,85.31,85.31,85.31,85.31,480.0
2025-08-07 12:00:00,85.35,85.4,85.31,85.31,7958.0
2025-08-07 12:10:00,85.31,85.31,85.31,85.31,760.0
2025-08-07 12:15:00,85.33,85.33,85.32,85.32,499.0
2025-08-07 12:20:00,85.38,85.38,85.38,85.38,100.0
2025-08-07 12:30:00,85.35,85.35,85.34,85.34,480.0
2025-08-07 12:40:00,85.31,85.31,85.31,85.31,1210.0
2025-08-07 12:45:00,85.32,85.34,85.32,85.34,475.0
2025-08-07 12:50:00,85.35,85.35,85.32,85.32,715.0
2025-08-07 12:55:00,85.29,85.32,85.27,85.28,7133.0
2025-08-07 13:00:00,85.26,85.31,85.26,85.31,1847.0
2025-08-07 13:05:00,85.28,85.3,85.28,85.3,1005.0
2025-08-07 13:10:00,85.26,85.26,85.25,85.25,412.0
2025-08-07 13:20:00,85.27,85.27,85.27,85.27,205.0
2025-08-07 13:25:00,85.21,85.21,85.2,85.2,464.0
2025-08-07 13:30:00,85.22,86.05,85.22,86.02,993819.0
2025-08-07 13:35:00,86.03,86.17,85.92,86.08,820018.0
2025-08-07 13:40:00,86.08,86.16,85.855,85.865,411296.0
2025-08-07 13:45:00,85.86,85.935,85.74,85.755,632126.0
2025-08-07 13:50:00,85.755,85.765,85.5,85.55,513808.0
2025-08-07 13:55:00,85.545,85.56,85.355,85.44,533306.0
2025-08-07 14:00:00,85.445,85.46,85.23,85.23,498661.0
2025-08-07 14:05:00,85.23,85.4277,85.22,85.24,355271.0
2025-08-07 14:10:00,85.25,85.32,85.16,85.29,345935.0
2025-08-07 14:15:00,85.295,85.3,85.06,85.11,239320.0
2025-08-07 14:20:00,85.12,85.125,84.82,84.925,360763.0
2025-08-07 14:25:00,84.925,84.925,84.722,84.81,543470.0
2025-08-07 14:30:00,84.81,84.95,84.735,84.795,417613.0
2025-08-07 14:35:00,84.79,84.93,84.78,84.84,178993.0
2025-08-07 14:40:00,84.85,84.985,84.79,84.985,249844.0
2025-08-07 14:45:00,84.98,85.005,84.77,84.83,375598.0
2025-08-07 14:50:00,84.82,84.82,84.72,84.755,214368.0
2025-08-07 14:55:00,84.745,84.77,84.595,84.64,170098.0
2025-08-07 15:00:00,84.66,84.835,84.65,84.78,345035.0
2025-08-07 15:05:00,84.78,84.8,84.56,84.56,270402.0
2025-08-07 15:10:00,84.56,84.69,84.56,84.64,179355.0
2025-08-07 15:15:00,84.63,84.82,84.595,84.7362,208235.0
2025-08-07 15:20:00,84.74,84.805,84.69,84.69,204351.0
2025-08-07 15:25:00,84.685,84.8,84.675,84.72,157185.0
2025-08-07 15:30:00,84.71,84.735,84.6,84.63,209391.0
2025-08-07 15:35:00,84.625,84.66,84.54,84.575,149016.0
2025-08-07 15:40:00,84.57,84.685,84.56,84.65,139973.0
2025-08-07 15:45:00,84.66,84.805,84.65,84.75,188273.0
2025-08-07 15:50:00,84.765,84.79,84.68,84.73,134033.0
2025-08-07 15:55:00,84.73,84.82,84.71,84.78,100312.0
2025-08-07 16:00:00,84.79,84.95,84.79,84.9,135235.0
2025-08-08 10:00:00,84.74,84.74,84.74,84.74,151.0
2025-08-08 10:05:00,84.77,84.85,84.77,84.85,2107.0
2025-08-08 10:30:00,84.9,84.9,84.9,84.9,1428.0
2025-08-08 11:00:00,84.92,84.92,84.92,84.92,792.0
2025-08-08 11:05:00,84.88,84.88,84.88,84.88,200.0
2025-08-08 11:15:00,84.85,84.85,84.85,84.85,400.0
2025-08-08 11:45:00,84.86,84.87,84.86,84.86,779.0
2025-08-08 11:50:00,84.85,84.85,84.82,84.82,1027.0
2025-08-08 11:55:00,84.85,84.85,84.85,84.85,300.0
2025-08-08 12:00:00,84.848,84.848,84.49,84.8,1144.0
2025-08-08 12:15:00,84.81,84.81,84.81,84.81,318.0
2025-08-08 12:20:00,84.81,84.85,84.8,84.85,479.0
2025-08-08 12:30:00,84.77,84.77,84.77,84.77,177.0
2025-08-08 12:45:00,84.8,84.81,84.8,84.81,3761.0
2025-08-08 13:10:00,84.76,84.76,84.76,84.76,566.0
2025-08-08 13:20:00,84.76,84.76,84.73,84.76,500.0
2025-08-08 13:25:00,84.79,84.93,84.79,84.91,7804.0
2025-08-08 13:30:00,84.79,84.88,84.61,84.875,848927.0
2025-08-08 13:35:00,84.88,84.9,84.73,84.79,637118.0
2025-08-08 13:40:00,84.785,84.96,84.76,84.94,327989.0
2025-08-08 13:45:00,84.945,85.2,84.91,85.18,315319.0
2025-08-08 13:50:00,85.18,85.45,85.18,85.36,515055.0
2025-08-08 13:55:00,85.37,85.465,85.29,85.405,350586.0
2025-08-08 14:00:00,85.405,85.59,85.405,85.535,413726.0
2025-08-08 14:05:00,85.545,85.705,84.78,84.89,2193475.0
2025-08-08 14:10:00,84.89,84.91,84.36,84.54,2075745.0
2025-08-08 14:15:00,84.535,84.77,84.44,84.71,1109456.0
2025-08-08 14:20:00,84.71,84.745,84.59,84.655,527801.0
2025-08-08 14:25:00,84.665,84.735,84.53,84.57,336793.0
2025-08-08 14:30:00,84.57,84.66,84.45,84.56,285687.0
2025-08-08 14:35:00,84.56,84.81,84.545,84.785,344125.0
2025-08-08 14:40:00,84.78,84.845,84.71,84.73,215040.0
2025-08-08 14:45:00,84.73,84.81,84.67,84.753358,178954.0
2025-08-08 14:50:00,84.76,84.79,84.67,84.755,193405.0
2025-08-08 14:55:00,84.75,84.8,84.62,84.62,253906.0
2025-08-08 15:00:00,84.62,84.78,84.6,84.67,277887.0
2025-08-08 15:05:00,84.67,84.815,84.66,84.69,355650.0
2025-08-08 15:10:00,84.68,84.8,84.67,84.69,171211.0
2025-08-08 15:15:00,84.68,84.705,84.575,84.6,203210.0
2025-08-08 15:20:00,84.59,84.715,84.53,84.66,263269.0
2025-08-08 15:25:00,84.655,84.94,84.65,84.82,369375.0
2025-08-08 15:30:00,84.82,84.93,84.815,84.865,127242.0
2025-08-08 15:35:00,84.86,84.885,84.7239,84.73,206727.0
2025-08-08 15:40:00,84.72,84.77,84.6712,84.6801,177363.0
2025-08-08 15:45:00,84.68,84.725,84.63,84.695,213810.0
2025-08-08 15:50:00,84.69,84.71,84.615,84.71,164336.0
2025-08-08 15:55:00,84.71,84.845,84.695,84.745,104987.0
2025-08-08 16:00:00,84.745,84.82,84.74,84.785,104867.0
2025-08-11 09:30:00,85.02,85.02,85.02,85.02,200.0
2025-08-11 09:35:00,85.03,85.03,85.01,85.01,800.0
2025-08-11 09:50:00,84.97,85.05,84.96,85.05,692.0
2025-08-11 10:00:00,85.06,85.06,85.03,85.03,450.0
2025-08-11 10:05:00,85.05,85.05,85.05,85.05,786.0
2025-08-11 10:30:00,85.07,85.07,85.07,85.07,115.0
2025-08-11 10:45:00,85.09,85.09,85.09,85.09,150.0
2025-08-11 10:55:00,85.06,85.06,85.06,85.06,635.0
2025-08-11 11:00:00,85.09,85.11,85.09,85.1,983.0
2025-08-11 11:05:00,85.11,85.11,85.11,85.11,239.0
2025-08-11 11:10:00,85.16,85.19,85.14,85.19,2995.0
2025-08-11 11:20:00,85.15,85.15,85.15,85.15,200.0
2025-08-11 11:50:00,85.23,85.23,85.21,85.21,930.0
2025-08-11 11:55:00,85.27,85.27,85.27,85.27,801.0
2025-08-11 12:00:00,85.2,85.29,85.0,85.0,7856.0
2025-08-11 12:05:00,85.28,85.3,85.28,85.28,12306.0
2025-08-11 12:10:00,85.29,85.29,85.29,85.29,226.0
2025-08-11 12:15:00,85.31,85.31,85.31,85.31,1700.0
2025-08-11 12:20:00,85.29,85.29,85.281,85.281,1922.0
2025-08-11 12:25:00,85.33,85.34,85.28,85.28,2908.0
2025-08-11 12:40:00,85.26,85.27,85.26,85.27,788.0
2025-08-11 12:45:00,85.25,85.25,85.25,85.25,378.0
2025-08-11 13:00:00,85.25,85.27,85.25,85.27,629.0
2025-08-11 13:05:00,85.25,85.25,85.2,85.25,1100.0
2025-08-11 13:10:00,85.24,85.3,85.2,85.2,2628.0
2025-08-11 13:15:00,85.25,85.25,85.25,85.25,455.0
2025-08-11 13:25:00,85.21,85.21,85.16,85.16,6200.0
2025-08-11 13:30:00,85.1,85.47,85.1,85.4,633475.0
2025-08-11 13:35:00,85.39,85.46,85.24,85.29,377103.0
2025-08-11 13:40:00,85.3,85.3,85.0,85.06,324241.0
2025-08-11 13:45:00,85.07,85.19,84.96,85.01,251198.0
2025-08-11 13:50:00,85.0,85.0,84.785,84.93,215714.0
2025-08-11 13:55:00,84.925,85.075,84.905,84.99,248053.0
2025-08-11 14:00:00,84.99,85.04,84.875,85.0,283150.0
2025-08-11 14:05:00,85.0,85.05,84.87,84.9,332706.0
2025-08-11 14:10:00,84.895,84.8972,84.55,84.6,321966.0
2025-08-11 14:15:00,84.61,84.615,84.46,84.49,297057.0
2025-08-11 14:20:00,84.49,84.575,84.4,84.4,240517.0
2025-08-11 14:25:00,84.395,84.47,84.36,84.445,235365.0
2025-08-11 14:30:00,84.445,84.52,84.4201,84.465,214852.0
2025-08-11 14:35:00,84.465,84.495,84.355,84.36,171877.0
2025-08-11 14:40:00,84.35,84.42,84.2251,84.2401,180421.0
2025-08-11 14:45:00,84.25,84.285,84.17,84.21,519369.0
2025-08-11 14:50:00,84.21,84.275,84.15,84.22,175648.0
2025-08-11 14:55:00,84.215,84.27,84.12,84.16,178957.0
2025-08-11 15:00:00,84.16,84.27,84.1,84.23,193116.0
2025-08-11 15:05:00,84.24,84.29,84.22,84.23,137216.0
2025-08-11 15:10:00,84.235,84.25,84.17,84.22,133716.0
2025-08-11 15:15:00,84.22,84.275,84.155,84.25,261435.0
2025-08-11 15:20:00,84.25,84.495,84.245,84.4,310865.0
2025-08-11 15:25:00,84.405,84.5,84.4,84.44,121885.0
2025-08-11 15:30:00,84.44,84.5451,84.43,84.475,207838.0
2025-08-11 15:35:00,84.47,84.47,84.32,84.365,120045.0
2025-08-11 15:40:00,84.37,84.37,84.255,84.32,125637.0
2025-08-11 15:45:00,84.32,84.335,84.235,84.25,115555.0
2025-08-11 15:50:00,84.24,84.33,84.16,84.29,188631.0
2025-08-11 15:55:00,84.29,84.355,84.24,84.29,137245.0
2025-08-11 16:00:00,84.31,84.3999,84.285,84.355,132488.0
2025-08-12 11:15:00,84.31,84.31,84.3,84.3,1152.0
2025-08-12 11:25:00,84.23,84.23,84.2,84.2,10747.0
2025-08-12 11:45:00,84.2,84.2,84.2,84.2,1000.0
2025-08-12 11:50:00,84.16,84.16,84.14,84.15,3942.0
2025-08-12 12:00:00,84.21,84.47,84.14,84.22,8117.0
2025-08-12 12:05:00,84.25,84.25,84.25,84.25,5300.0
2025-08-12 12:20:00,84.23,84.23,84.23,84.23,307.0
2025-08-12 12:30:00,84.25,84.3001,84.25,84.3001,856.0
2025-08-12 12:35:00,84.47,84.47,84.39,84.4,1947.0
2025-08-12 12:40:00,84.4,84.49,84.4,84.49,1858.0
2025-08-12 12:45:00,84.39,84.39,84.37,84.37,2453.0
2025-08-12 12:50:00,84.4,84.5,84.39,84.39,1962.0
2025-08-12 13:00:00,84.37,84.37,84.37,84.37,215.0
2025-08-12 13:05:00,84.37,84.37,84.37,84.37,210.0
2025-08-12 13:10:00,84.28,84.28,84.28,84.28,211.0
2025-08-12 13:15:00,84.27,84.36,84.27,84.36,993.0
2025-08-12 13:20:00,84.36,84.37,84.36,84.37,667.0
2025-08-12 13:25:00,84.5,84.51,84.5,84.51,1796.0
2025-08-12 13:30:00,84.42,84.53,84.17,84.29,503896.0
2025-08-12 13:35:00,84.29,84.39,84.17,84.3535,328053.0
2025-08-12 13:40:00,84.36,84.4,84.23,84.26,258290.0
2025-08-12 13:45:00,84.26,84.49,84.24,84.49,275008.0
2025-08-12 13:50:00,84.49,84.73,84.47,84.71,355569.0
2025-08-12 13:55:00,84.7172,84.87,84.68,84.86,276414.0
2025-08-12 14:00:00,84.87,85.14,84.83,85.11,374339.0
2025-08-12 14:05:00,85.115,85.3,85.08,85.26,338949.0
2025-08-12 14:10:00,85.27,85.35,85.22,85.29,405570.0
2025-08-12 14:15:00,85.29,85.34,85.225,85.3101,299796.0
2025-08-12 14:20:00,85.31,85.355,85.16,85.295,227099.0
2025-08-12 14:25:00,85.3,85.35,85.215,85.24,171332.0
2025-08-12 14:30:00,85.23,85.24,85.035,85.09,205795.0
2025-08-12 14:35:00,85.08,85.14,84.965,85.105,183352.0
2025-08-12 14:40:00,85.1,85.25,85.07,85.215,142538.0
2025-08-12 14:45:00,85.22,85.4,85.195,85.37,157688.0
2025-08-12 14:50:00,85.37,85.395,85.285,85.31,246500.0
2025-08-12 14:55:00,85.31,85.31,85.11,85.12,170183.0
2025-08-12 15:00:00,85.12,85.305,85.115,85.23,155153.0
2025-08-12 15:05:00,85.235,85.24,85.12,85.1435,3799796.0
2025-08-12 15:10:00,85.145,85.22,85.1,85.155,122189.0
2025-08-12 15:15:00,85.15,85.23,85.15,85.19,142067.0
2025-08-12 15:20:00,85.19,85.22,85.115,85.16,109156.0
2025-08-12 15:25:00,85.16,85.21,85.065,85.1,114600.0
2025-08-12 15:30:00,85.11,85.2,85.09,85.17,152926.0
2025-08-12 15:35:00,85.16,85.19,85.055,85.06,114788.0
2025-08-12 15:40:00,85.06,85.07,84.89,84.98,146099.0
2025-08-12 15:45:00,84.99,85.09,84.98,85.09,94128.0
2025-08-12 15:50:00,85.095,85.1,84.945,84.96,111419.0
2025-08-12 15:55:00,84.96,85.0,84.94,84.965,73474.0
2025-08-12 16:00:00,84.96,85.0363,84.955,85.0,67275.0
2025-08-13 09:55:00,84.72,84.72,84.72,84.72,245.0
2025-08-13 11:40:00,84.71,84.71,84.71,84.71,100.0
2025-08-13 11:50:00,84.72,84.72,84.72,84.72,100.0
2025-08-13 12:00:00,84.64,84.72,84.6,84.72,1338.0
2025-08-13 12:05:00,84.72,84.7201,84.72,84.7201,6589.0
2025-08-13 12:15:00,84.71,84.71,84.71,84.71,2001.0
2025-08-13 12:20:00,84.75,84.78,84.75,84.78,5638.0
2025-08-13 12:30:00,84.7699,84.7699,84.7699,84.7699,100.0
2025-08-13 12:35:00,84.8,84.9,84.8,84.81,2275.0
2025-08-13 12:40:00,84.85,84.85,84.85,84.85,184.0
2025-08-13 12:50:00,84.83,84.83,84.83,84.83,330.0
2025-08-13 13:15:00,84.8,84.8,84.8,84.8,211.0
2025-08-13 13:25:00,84.8,84.8,84.78,84.78,2014.0
2025-08-13 13:30:00,84.72,84.8,84.46,84.66,673118.0
2025-08-13 13:35:00,84.65,84.735,84.625,84.675,359003.0
2025-08-13 13:40:00,84.6705,84.8,84.66,84.785,295583.0
2025-08-13 13:45:00,84.79,85.05,84.755,85.02,198876.0
2025-08-13 13:50:00,85.01,85.09,84.9,85.075,242558.0
2025-08-13 13:55:00,85.07,85.135,84.975,85.0,240489.0
2025-08-13 14:00:00,85.01,85.14,84.935,85.125,318987.0
2025-08-13 14:05:00,85.12,85.2,85.04,85.07,303304.0
2025-08-13 14:10:00,85.07,85.2787,85.06,85.13,180023.0
2025-08-13 14:15:00,85.13,85.155,85.055,85.09,212954.0
2025-08-13 14:20:00,85.08,85.085,84.89,84.95,201956.0
2025-08-13 14:25:00,84.94,84.975,84.905,84.955,224767.0
2025-08-13 14:30:00,84.95,84.99,84.79,84.82,198044.0
2025-08-13 14:35:00,84.82,84.875,84.7647,84.85,188540.0
2025-08-13 14:40:00,84.85,84.865,84.7,84.705,210317.0
2025-08-13 14:45:00,84.7,84.75,84.5575,84.57,302307.0
2025-08-13 14:50:00,84.56,84.615,84.51,84.52,258646.0
2025-08-13 14:55:00,84.52,84.53,84.435,84.49,147389.0
2025-08-13 15:00:00,84.49,84.57,84.475,84.52,171222.0
2025-08-13 15:05:00,84.53,84.65,84.495,84.65,139722.0
2025-08-13 15:10:00,84.65,84.775,84.645,84.775,128695.0
2025-08-13 15:15:00,84.775,84.835,84.72,84.745,208901.0
2025-08-13 15:20:00,84.75,84.865,84.715,84.81,407759.0
2025-08-13 15:25:00,84.815,84.88,84.75,84.88,173801.0
2025-08-13 15:30:00,84.88,84.96,84.86,84.875,148997.0
2025-08-13 15:35:00,84.87,84.87,84.77,84.8,90134.0
2025-08-13 15:40:00,84.8,84.81,84.66,84.68,85460.0
2025-08-13 15:45:00,84.68,84.695,84.595,84.6019,96041.0
2025-08-13 15:50:00,84.6,84.6,84.51,84.5299,117629.0
2025-08-13 15:55:00,84.52,84.5299,84.42,84.465,72685.0
2025-08-13 16:00:00,84.47,84.54,84.46,84.54,135419.0
2025-08-14 09:55:00,85.57,85.69,85.57,85.69,40792.0
2025-08-14 10:10:00,85.59,85.59,85.58,85.59,3312.0
2025-08-14 10:20:00,85.6,85.6,85.6,85.6,168.0
2025-08-14 10:40:00,85.68,85.68,85.62,85.62,900.0
2025-08-14 10:45:00,85.6,85.61,85.59,85.59,3175.0
2025-08-14 10:50:00,85.56,85.56,85.56,85.56,891.0
2025-08-14 11:55:00,85.6,85.6,85.6,85.6,204.0
2025-08-14 12:00:00,85.5006,85.64,85.49,85.64,2914.0
2025-08-14 12:20:00,85.63,85.63,85.62,85.62,648.0
2025-08-14 12:25:00,85.58,85.58,85.58,85.58,1505.0
2025-08-14 12:30:00,85.54,85.54,85.29,85.29,37114.0
2025-08-14 12:35:00,85.33,85.4,85.16,85.3,28902.0
2025-08-14 12:40:00,85.39,85.47,85.38,85.47,4454.0
2025-08-14 12:50:00,85.47,85.47,85.47,85.47,610.0
2025-08-14 12:55:00,85.47,85.47,85.47,85.47,1955.0
2025-08-14 13:10:00,85.48,85.48,85.48,85.48,500.0
2025-08-14 13:15:00,85.51,85.51,85.51,85.51,146.0
2025-08-14 13:20:00,85.63,85.63,85.6,85.6,332.0
2025-08-14 13:25:00,85.53,85.6,85.53,85.6,580.0
2025-08-14 13:30:00,85.58,85.58,85.05,85.0788,642235.0
2025-08-14 13:35:00,85.09,85.18,85.03,85.05,380102.0
2025-08-14 13:40:00,85.05,85.08,84.795,84.83,318893.0
2025-08-14 13:45:00,84.83,84.85,84.725,84.785,304556.0
2025-08-14 13:50:00,84.79,84.82,84.65,84.81,328156.0
2025-08-14 13:55:00,84.82,84.935,84.76,84.88,452097.0
2025-08-14 14:00:00,84.885,85.11,84.83,85.11,359806.0
2025-08-14 14:05:00,85.12,85.205,85.075,85.19,222922.0
2025-08-14 14:10:00,85.19,85.255,85.115,85.15,289726.0
2025-08-14 14:15:00,85.15,85.1653,85.05,85.08,238438.0
2025-08-14 14:20:00,85.085,85.13,85.05,85.09,176533.0
2025-08-14 14:25:00,85.085,85.13,85.06,85.06,138291.0
2025-08-14 14:30:00,85.06,85.185,85.055,85.13,149584.0
2025-08-14 14:35:00,85.125,85.15,85.01,85.025,322889.0
2025-08-14 14:40:00,85.025,85.06,84.93,84.97,308322.0
2025-08-14 14:45:00,84.98,85.185,84.975,85.185,178492.0
2025-08-14 14:50:00,85.18,85.23,85.1,85.11,235040.0
2025-08-14 14:55:00,85.11,85.13,85.04,85.06,314036.0
2025-08-14 15:00:00,85.07,85.11,84.91,84.915,230464.0
2025-08-14 15:05:00,84.92,85.015,84.92,85.01,100388.0
2025-08-14 15:10:00,85.0035,85.1,85.0,85.04,95488.0
2025-08-14 15:15:00,85.04,85.15,85.04,85.1101,127776.0
2025-08-14 15:20:00,85.11,85.18,85.09,85.15,116123.0
2025-08-14 15:25:00,85.14,85.225,85.13,85.19,85633.0
2025-08-14 15:30:00,85.19,85.32,85.15,85.28,118853.0
2025-08-14 15:35:00,85.265,85.29,85.185,85.2,80137.0
2025-08-14 15:40:00,85.205,85.23,85.165,85.18,175615.0
2025-08-14 15:45:00,85.17,85.245,85.09,85.22,94563.0
2025-08-14 15:50:00,85.22,85.22,85.09,85.1353,86829.0
2025-08-14 15:55:00,85.1343,85.155,85.09,85.14,66198.0
2025-08-14 16:00:00,85.145,85.2,85.115,85.125,100089.0
2025-08-15 09:45:00,85.65,85.65,85.63,85.63,501.0
2025-08-15 09:50:00,85.63,85.63,85.63,85.63,214.0
2025-08-15 10:20:00,85.63,85.63,85.63,85.63,362.0
2025-08-15 11:00:00,85.61,85.61,85.61,85.61,103.0
2025-08-15 11:05:00,85.64,85.64,85.63,85.63,530.0
2025-08-15 11:25:00,85.66,85.66,85.66,85.66,236.0
2025-08-15 11:50:00,85.66,85.66,85.66,85.66,100.0
2025-08-15 11:55:00,85.65,85.66,85.65,85.65,305.0
2025-08-15 12:00:00,85.62,85.76,85.51,85.62,8494.0
2025-08-15 12:05:00,85.61,85.61,85.61,85.61,720.0
2025-08-15 12:10:00,85.63,85.63,85.6,85.6,5234.0
2025-08-15 12:15:00,85.62,85.62,85.62,85.62,100.0
2025-08-15 12:20:00,85.61,85.62,85.59,85.62,11209.0
2025-08-15 12:25:00,85.62,85.62,85.61,85.61,2380.0
2025-08-15 12:30:00,85.62,85.62,85.62,85.62,544.0
2025-08-15 12:35:00,85.62,85.62,85.62,85.62,100.0
2025-08-15 12:40:00,85.62,85.64,85.62,85.64,1641.0
2025-08-15 12:45:00,85.66,85.66,85.66,85.66,190.0
2025-08-15 12:50:00,85.7,85.7,85.7,85.7,210.0
2025-08-15 13:00:00,85.58,85.58,85.35,85.36,9745.0
2025-08-15 13:05:00,85.44,85.44,85.44,85.44,402.0
2025-08-15 13:15:00,85.41,85.41,85.38,85.38,2175.0
2025-08-15 13:25:00,85.4,85.6,85.3016,85.6,17602.0
2025-08-15 13:30:00,85.6,85.8,85.41,85.67,929811.0
2025-08-15 13:35:00,85.67,85.83,85.6,85.82,305350.0
2025-08-15 13:40:00,85.85,85.92,85.69,85.69,248706.0
2025-08-15 13:45:00,85.685,85.84,85.68,85.7,353348.0
2025-08-15 13:50:00,85.695,85.745,85.67,85.73,228216.0
2025-08-15 13:55:00,85.72,85.775,85.63,85.69,178410.0
2025-08-15 14:00:00,85.68,85.69,85.42,85.42,181079.0
2025-08-15 14:05:00,85.415,85.4204,85.33,85.34,215481.0
2025-08-15 14:10:00,85.34,85.445,85.29,85.44,228108.0
2025-08-15 14:15:00,85.44,85.535,85.415,85.465,162266.0
2025-08-15 14:20:00,85.46,85.56,85.44,85.47,149566.0
2025-08-15 14:25:00,85.47,85.53,85.4201,85.53,168502.0
2025-08-15 14:30:00,85.52,85.725,85.515,85.665,171784.0
2025-08-15 14:35:00,85.665,85.8,85.655,85.8,186045.0
2025-08-15 14:40:00,85.79,85.9,85.77,85.85,139105.0
2025-08-15 14:45:00,85.85,85.89,85.82,85.845,177510.0
2025-08-15 14:50:00,85.84,85.85,85.775,85.84,138585.0
2025-08-15 14:55:00,85.845,85.92,85.785,85.91,92362.0
2025-08-15 15:00:00,85.91,86.03,85.875,86.0,124292.0
2025-08-15 15:05:00,86.01,86.05,85.965,86.03,166434.0
2025-08-15 15:10:00,86.03,86.08,85.985,85.985,277373.0
2025-08-15 15:15:00,86.0,86.0,85.89,85.89,168913.0
2025-08-15 15:20:00,85.895,85.93,85.88,85.93,115049.0
2025-08-15 15:25:00,85.935,85.94,85.835,85.85,216670.0
2025-08-15 15:30:00,85.845,85.98,85.835,85.98,134288.0
2025-08-15 15:35:00,85.98,86.09,85.98,86.09,116358.0
2025-08-15 15:40:00,86.1,86.15,86.02,86.025,128556.0
2025-08-15 15:45:00,86.045,86.085,86.035,86.085,126193.0
2025-08-15 15:50:00,86.09,86.1,86.02,86.06,175183.0
2025-08-15 15:55:00,86.07,86.105,86.015,86.08,153283.0
2025-08-15 16:00:00,86.09,86.2,86.06,86.2,104188.0
2025-08-18 09:55:00,85.52,85.52,85.52,85.52,108.0
2025-08-18 10:05:00,85.52,85.53,85.52,85.53,630.0
2025-08-18 11:00:00,85.52,85.56,85.51,85.56,1111.0
2025-08-18 11:30:00,85.58,85.58,85.58,85.58,100.0
2025-08-18 11:50:00,85.62,85.63,85.62,85.62,1026.0
2025-08-18 11:55:00,85.62,85.63,85.62,85.62,732.0
2025-08-18 12:00:00,85.14,85.67,85.14,85.62,5899.0
2025-08-18 12:05:00,85.61,85.61,85.6,85.6,769.0
2025-08-18 12:15:00,85.6,85.6,85.6,85.6,1470.0
2025-08-18 12:20:00,85.53,85.53,85.4999,85.4999,3200.0
2025-08-18 12:30:00,85.49,85.49,85.49,85.49,578.0
2025-08-18 12:40:00,85.44,85.44,85.4,85.42,12018.0
2025-08-18 13:00:00,85.45,85.5,85.45,85.5,3710.0
2025-08-18 13:15:00,85.44,85.44,85.35,85.35,10068.0
2025-08-18 13:20:00,85.44,85.44,85.44,85.44,300.0
2025-08-18 13:25:00,85.3,85.3,85.14,85.15,8391.0
2025-08-18 13:30:00,85.11,85.16,84.64,84.65,881198.0
2025-08-18 13:35:00,84.65,84.72,84.56,84.62,433451.0
2025-08-18 13:40:00,84.61,84.825,84.58,84.815,249205.0
2025-08-18 13:45:00,84.81,84.975,84.81,84.91,240057.0
2025-08-18 13:50:00,84.92,85.03,84.9,84.99,261317.0
2025-08-18 13:55:00,84.99,85.025,84.92,84.995,182880.0
2025-08-18 14:00:00,84.99,85.065,84.9,84.92,318391.0
2025-08-18 14:05:00,84.915,84.925,84.7,84.73,235782.0
2025-08-18 14:10:00,84.72,84.7293,84.65,84.7,200211.0
2025-08-18 14:15:00,84.7,84.875,84.695,84.855,158104.0
2025-08-18 14:20:00,84.86,84.89,84.8,84.82,151002.0
2025-08-18 14:25:00,84.82,84.865,84.77,84.805,151185.0
2025-08-18 14:30:00,84.81,85.04,84.77,85.04,132412.0
2025-08-18 14:35:00,85.05,85.25,85.01,85.25,153790.0
2025-08-18 14:40:00,85.2478,85.305,85.21,85.3,162800.0
2025-08-18 14:45:00,85.3,85.3139,85.22,85.25,176486.0
2025-08-18 14:50:00,85.25,85.2546,85.11,85.15,111289.0
2025-08-18 14:55:00,85.16,85.195,85.06,85.14,213096.0
2025-08-18 15:00:00,85.15,85.18,85.0901,85.12,144140.0
2025-08-18 15:05:00,85.12,85.15,85.02,85.04,154533.0
2025-08-18 15:10:00,85.04,85.07,85.0,85.02,115458.0
2025-08-18 15:15:00,85.01,85.07,84.96,85.06,287493.0
2025-08-18 15:20:00,85.06,85.2199,85.02,85.21,306215.0
2025-08-18 15:25:00,85.215,85.255,85.19,85.21,113079.0
2025-08-18 15:30:00,85.21,85.25,85.18,85.21,149500.0
2025-08-18 15:35:00,85.21,85.27,85.17,85.25,202596.0
2025-08-18 15:40:00,85.25,85.31,85.24,85.275,47771.0
2025-08-18 15:45:00,85.27,85.27,85.21,85.245,93210.0
2025-08-18 15:50:00,85.25,85.27,85.215,85.255,122708.0
2025-08-18 15:55:00,85.26,85.3,85.25,85.29,53610.0
2025-08-18 16:00:00,85.28,85.295,85.151,85.151,97888.0
2025-08-19 10:45:00,84.86,84.86,84.84,84.84,3117.0
2025-08-19 11:00:00,84.84,84.87,84.84,84.86,3402.0
2025-08-19 11:10:00,84.88,84.89,84.88,84.89,385.0
2025-08-19 11:25:00,84.89,84.89,84.89,84.89,100.0
2025-08-19 11:35:00,84.91,84.93,84.91,84.93,452.0
2025-08-19 11:40:00,84.9,84.9,84.9,84.9,100.0
2025-08-19 11:45:00,84.9,84.9,84.9,84.9,2402.0
2025-08-19 11:50:00,84.9,84.9,84.9,84.9,117.0
2025-08-19 11:55:00,84.9,84.9,84.9,84.9,191.0
2025-08-19 12:00:00,84.8401,84.94,84.71,84.71,4969.0
2025-08-19 12:15:00,84.9494,84.9494,84.9494,84.9494,109.0
2025-08-19 12:30:00,84.91,84.91,84.91,84.91,799.0
2025-08-19 12:35:00,84.9,84.9,84.9,84.9,814.0
2025-08-19 12:40:00,84.91,84.91,84.89,84.89,766.0
2025-08-19 12:45:00,84.9,84.9,84.88,84.88,732.0
2025-08-19 13:00:00,84.84,84.84,84.84,84.84,161.0
2025-08-19 13:05:00,84.8,84.85,84.8,84.85,1135.0
2025-08-19 13:10:00,84.84,84.84,84.8,84.8,2098.0
2025-08-19 13:20:00,84.71,84.75,84.69,84.69,2280.0
2025-08-19 13:25:00,84.72,84.79,84.69,84.79,7334.0
2025-08-19 13:30:00,84.81,84.943,84.64,84.91,950918.0
2025-08-19 13:35:00,84.91,84.99,84.83,84.865,1222352.0
2025-08-19 13:40:00,84.87,85.17,84.86,85.15,653894.0
2025-08-19 13:45:00,85.14,85.35,85.13,85.335,229999.0
2025-08-19 13:50:00,85.34,85.3825,85.08,85.09,347735.0
2025-08-19 13:55:00,85.08,85.105,84.82,84.865,166848.0
2025-08-19 14:00:00,84.87,85.04,84.765,84.99,311389.0
2025-08-19 14:05:00,85.0,85.06,84.915,85.01,328593.0
2025-08-19 14:10:00,85.01,85.1035,84.96,85.1035,144610.0
2025-08-19 14:15:00,85.1,85.245,85.08,85.23,188236.0
2025-08-19 14:20:00,85.24,85.32,85.17,85.32,178222.0
2025-08-19 14:25:00,85.32,85.47,85.28,85.46,152805.0
2025-08-19 14:30:00,85.455,85.5,85.42,85.48,150437.0
2025-08-19 14:35:00,85.49,85.58,85.445,85.515,125968.0
2025-08-19 14:40:00,85.515,85.525,85.401998,85.485,111493.0
2025-08-19 14:45:00,85.48,85.51,85.375,85.4,190702.0
2025-08-19 14:50:00,85.39,85.4,85.255,85.285,159440.0
2025-08-19 14:55:00,85.295,85.32,85.2,85.2,134811.0
2025-08-19 15:00:00,85.2,85.275,85.105,85.235,164112.0
2025-08-19 15:05:00,85.24,85.31,85.22,85.25,123873.0
2025-08-19 15:10:00,85.25,85.31,85.24,85.28,113033.0
2025-08-19 15:15:00,85.275,85.28,85.19,85.19,107242.0
2025-08-19 15:20:00,85.2,85.245,85.1,85.175,180895.0
2025-08-19 15:25:00,85.17,85.215,85.16,85.18,64021.0
2025-08-19 15:30:00,85.175,85.27,85.145,85.26,64838.0
2025-08-19 15:35:00,85.26,85.295,85.21,85.23,83729.0
2025-08-19 15:40:00,85.23,85.255,85.04,85.045,149018.0
2025-08-19 15:45:00,85.045,85.065,84.925,85.01,157337.0
2025-08-19 15:50:00,85.0,85.025,84.88,84.91,95284.0
2025-08-19 15:55:00,84.91,85.0,84.8516,84.86,166988.0
2025-08-19 16:00:00,84.855,84.895,84.825,84.88,106359.0
2025-08-20 09:45:00,85.23,85.23,85.23,85.23,250.0
2025-08-20 09:50:00,85.2,85.2,85.2,85.2,113.0
2025-08-20 11:20:00,85.25,85.25,85.25,85.25,229.0
2025-08-20 11:50:00,85.31,85.31,85.31,85.31,150.0
2025-08-20 11:55:00,85.35,85.35,85.35,85.35,632.0
2025-08-20 12:00:00,85.0,85.37,85.0,85.37,2496.0
2025-08-20 12:05:00,85.3501,85.3501,85.3501,85.3501,674.0
2025-08-20 12:10:00,85.35,85.35,85.35,85.35,512.0
2025-08-20 12:20:00,85.35,85.35,85.35,85.35,164.0
2025-08-20 12:25:00,85.35,85.35,85.35,85.35,1495.0
2025-08-20 12:30:00,85.35,85.35,85.35,85.35,301.0
2025-08-20 12:40:00,85.28,85.28,85.28,85.28,300.0
2025-08-20 13:00:00,85.34,85.35,85.34,85.35,583.0
2025-08-20 13:05:00,85.28,85.28,85.28,85.28,367.0
2025-08-20 13:10:00,85.33,85.33,85.33,85.33,169.0
2025-08-20 13:20:00,85.32,85.32,85.32,85.32,859.0
2025-08-20 13:25:00,85.31,85.37,85.23,85.23,5393.0
2025-08-20 13:30:00,85.22,85.46,85.14,85.41,609774.0
2025-08-20 13:35:00,85.41,85.58,85.34,85.56,355507.0
2025-08-20 13:40:00,85.55,85.68,85.48,85.68,311367.0
2025-08-20 13:45:00,85.68,85.93,85.67,85.69,416564.0
2025-08-20 13:50:00,85.685,85.87,85.68,85.71,375790.0
2025-08-20 13:55:00,85.71,85.74,85.49,85.55,314731.0
2025-08-20 14:00:00,85.56,85.66,85.44,85.64,345781.0
2025-08-20 14:05:00,85.64,85.71,85.58,85.62,284878.0
2025-08-20 14:10:00,85.615,85.71,85.51,85.51,266489.0
2025-08-20 14:15:00,85.51,85.575,85.46,85.5,223785.0
2025-08-20 14:20:00,85.5,85.535,85.41,85.415,270014.0
2025-08-20 14:25:00,85.415,85.46,85.345,85.375,155030.0
2025-08-20 14:30:00,85.38,85.5393,85.33,85.48,330960.0
2025-08-20 14:35:00,85.47,85.525,85.4,85.48,199483.0
2025-08-20 14:40:00,85.49,85.52,85.39,85.39,149463.0
2025-08-20 14:45:00,85.39,85.42,85.32,85.415,208206.0
2025-08-20 14:50:00,85.41,85.45,85.35,85.435,151490.0
2025-08-20 14:55:00,85.435,85.465,85.37,85.42,205810.0
2025-08-20 15:00:00,85.42,85.44,85.29,85.305,184630.0
2025-08-20 15:05:00,85.305,85.37,85.255,85.35,242242.0
2025-08-20 15:10:00,85.345,85.455,85.31,85.455,276379.0
2025-08-20 15:15:00,85.455,85.635,85.45,85.5963,225895.0
2025-08-20 15:20:00,85.61,85.655,85.57,85.65,89417.0
2025-08-20 15:25:00,85.655,85.75,85.6546,85.7,109963.0
2025-08-20 15:30:00,85.69,85.79,85.635,85.72,150676.0
2025-08-20 15:35:00,85.72,85.79,85.62,85.79,100057.0
2025-08-20 15:40:00,85.78,85.885,85.72,85.86,77305.0
2025-08-20 15:45:00,85.85,85.88,85.785,85.83,91623.0
2025-08-20 15:50:00,85.82,85.895,85.79,85.855,98600.0
2025-08-20 15:55:00,85.855,85.915,85.805,85.905,158778.0
2025-08-20 16:00:00,85.9,85.925,85.82,85.82,124406.0
2025-08-21 10:15:00,85.68,85.69,85.68,85.69,2897.0
2025-08-21 10:45:00,85.68,85.68,85.68,85.68,100.0
2025-08-21 11:00:00,85.73,85.73,85.73,85.73,378.0
2025-08-21 11:05:00,85.77,85.77,85.77,85.77,150.0
2025-08-21 11:20:00,85.76,85.76,85.76,85.76,675.0
2025-08-21 11:30:00,85.76,85.76,85.76,85.76,314.0
2025-08-21 12:00:00,85.7782,85.81,85.6434,85.74,2965.0
2025-08-21 12:05:00,85.74,85.74,85.74,85.74,1200.0
2025-08-21 12:10:00,85.74,85.74,85.74,85.74,127.0
2025-08-21 12:15:00,85.7,85.71,85.7,85.71,208.0
2025-08-21 12:50:00,85.66,85.67,85.66,85.67,5827.0
2025-08-21 12:55:00,85.68,85.68,85.66,85.66,10152.0
2025-08-21 13:00:00,85.7499,85.7499,85.7499,85.7499,136.0
2025-08-21 13:05:00,85.65,85.65,85.65,85.65,2000.0
2025-08-21 13:15:00,85.64,85.64,85.63,85.63,402.0
2025-08-21 13:20:00,85.55,85.55,85.55,85.55,150.0
2025-08-21 13:30:00,85.64,85.96,85.52,85.715,596759.0
2025-08-21 13:35:00,85.715,85.79,85.51,85.585,363949.0
2025-08-21 13:40:00,85.59,85.69,85.46,85.505,217276.0
2025-08-21 13:45:00,85.52,85.56,85.41,85.47,181992.0
2025-08-21 13:50:00,85.48,85.685,85.48,85.65,286984.0
2025-08-21 13:55:00,85.65,85.84,85.615,85.82,157113.0
2025-08-21 14:00:00,85.82,86.015,85.79,85.97,221474.0
2025-08-21 14:05:00,85.97,85.9754,85.87,85.87,249536.0
2025-08-21 14:10:00,85.865,85.91,85.82,85.9,162106.0
2025-08-21 14:15:00,85.905,86.03,85.9,86.005,129220.0
2025-08-21 14:20:00,86.0,86.04,85.91,85.95,165544.0
2025-08-21 14:25:00,85.94,85.945,85.74,85.775,125080.0
2025-08-21 14:30:00,85.775,85.895,85.77,85.895,208274.0
2025-08-21 14:35:00,85.9,85.9,85.63,85.6301,141572.0
2025-08-21 14:40:00,85.64,85.745,85.62,85.72,101502.0
2025-08-21 14:45:00,85.73,85.83,85.73,85.82,90076.0
2025-08-21 14:50:00,85.83,85.86,85.7,85.71,110617.0
2025-08-21 14:55:00,85.72,85.86,85.685,85.86,122515.0
2025-08-21 15:00:00,85.855,85.87,85.76,85.78,158929.0
2025-08-21 15:05:00,85.79,85.82,85.73,85.76,98317.0
2025-08-21 15:10:00,85.77,85.79,85.71,85.76,76999.0
2025-08-21 15:15:00,85.755,85.85,85.755,85.825,76228.0
2025-08-21 15:20:00,85.84,85.87,85.75,85.86,114289.0
2025-08-21 15:25:00,85.8701,86.0,85.8701,85.94,131028.0
2025-08-21 15:30:00,85.95,85.97,85.9,85.93,90320.0
2025-08-21 15:35:00,85.93,86.02,85.93,86.02,138768.0
2025-08-21 15:40:00,86.02,86.13,86.0,86.11,104621.0
2025-08-21 15:45:00,86.105,86.125,86.055,86.12,119269.0
2025-08-21 15:50:00,86.12,86.175,86.0902,86.1,192355.0
2025-08-21 15:55:00,86.1,86.13,86.03,86.03,147420.0
2025-08-21 16:00:00,86.03,86.1158,85.97,86.08,100648.0
2025-08-22 09:30:00,86.59,86.59,86.58,86.59,1000.0
2025-08-22 09:50:00,86.59,86.59,86.59,86.59,200.0
2025-08-22 10:30:00,86.61,86.61,86.6,86.6,761.0
2025-08-22 11:00:00,86.57,86.57,86.55,86.55,700.0
2025-08-22 11:05:00,86.56,86.56,86.56,86.56,6728.0
2025-08-22 11:30:00,86.61,86.61,86.61,86.61,311.0
2025-08-22 11:40:00,86.61,86.61,86.61,86.61,180.0
2025-08-22 11:50:00,86.64,86.64,86.64,86.64,1701.0
2025-08-22 12:00:00,86.7,86.7,86.49,86.63,1897.0
2025-08-22 12:15:00,86.64,86.64,86.64,86.64,269.0
2025-08-22 12:25:00,86.64,86.64,86.64,86.64,121.0
2025-08-22 12:35:00,86.61,86.61,86.61,86.61,512.0
2025-08-22 12:40:00,86.6799,86.6799,86.65,86.65,815.0
2025-08-22 12:50:00,86.61,86.61,86.61,86.61,577.0
2025-08-22 13:05:00,86.6696,86.6696,86.59,86.59,632.0
2025-08-22 13:10:00,86.59,86.67,86.59,86.67,1232.0
2025-08-22 13:25:00,86.56,86.56,86.56,86.56,150.0
2025-08-22 13:30:00,86.67,87.18,86.53,86.925,308924.0
2025-08-22 13:35:00,86.93,87.04,86.83,87.04,195947.0
2025-08-22 13:40:00,87.04,87.1,86.96,87.1,223245.0
2025-08-22 13:45:00,87.095,87.14,87.06,87.1,236939.0
2025-08-22 13:50:00,87.11,87.225,87.07,87.22,159037.0
2025-08-22 13:55:00,87.215,87.27,87.155,87.25,226683.0
2025-08-22 14:00:00,87.26,87.8,87.245,87.735,553051.0
2025-08-22 14:05:00,87.74,87.75,87.58,87.67,274402.0
2025-08-22 14:10:00,87.67,87.855,87.65,87.835,254006.0
2025-08-22 14:15:00,87.835,87.895,87.62,87.69,366825.0
2025-08-22 14:20:00,87.7,87.8,87.585,87.64,271742.0
2025-08-22 14:25:00,87.64,87.7375,87.585,87.7,212414.0
2025-08-22 14:30:00,87.695,87.86,87.695,87.79,169880.0
2025-08-22 14:35:00,87.78,87.8,87.715,87.78,186388.0
2025-08-22 14:40:00,87.78,87.865,87.685,87.84,147761.0
2025-08-22 14:45:00,87.85,87.9,87.78,87.81,225101.0
2025-08-22 14:50:00,87.81,87.83,87.675,87.815,190665.0
2025-08-22 14:55:00,87.81,87.93,87.805,87.87,172983.0
2025-08-22 15:00:00,87.87,87.9001,87.69,87.69,270572.0
2025-08-22 15:05:00,87.695,87.73,87.54,87.55,230763.0
2025-08-22 15:10:00,87.555,87.715,87.44,87.48,256121.0
2025-08-22 15:15:00,87.4849,87.77,87.48,87.73,173046.0
2025-08-22 15:20:00,87.74,87.85,87.715,87.85,87891.0
2025-08-22 15:25:00,87.855,87.91,87.8,87.89,122079.0
2025-08-22 15:30:00,87.9,87.94,87.885,87.91,101327.0
2025-08-22 15:35:00,87.915,87.925,87.81,87.9,130344.0
2025-08-22 15:40:00,87.905,87.94,87.87,87.9,250655.0
2025-08-22 15:45:00,87.905,88.08,87.9,88.08,177623.0
2025-08-22 15:50:00,88.085,88.11,88.03,88.11,148933.0
2025-08-22 15:55:00,88.105,88.2,88.095,88.15,129503.0
2025-08-22 16:00:00,88.15,88.225,88.085,88.21,86749.0
2025-08-25 10:15:00,88.04,88.04,88.04,88.04,459.0
2025-08-25 10:25:00,88.1,88.1,88.1,88.1,577.0
2025-08-25 10:35:00,88.13,88.13,88.13,88.13,374.0
2025-08-25 12:00:00,88.1782,88.1782,88.125,88.17,680.0
2025-08-25 12:05:00,88.19,88.19,88.19,88.19,100.0
2025-08-25 12:15:00,88.18,88.2,88.17,88.2,2667.0
2025-08-25 12:25:00,88.21,88.21,88.21,88.21,193.0
2025-08-25 12:35:00,88.15,88.21,88.14,88.19,10439.0
2025-08-25 12:50:00,88.19,88.2,88.19,88.2,2406.0
2025-08-25 12:55:00,88.17,88.17,88.17,88.17,226.0
2025-08-25 13:00:00,88.1593,88.1593,88.1593,88.1593,106.0
2025-08-25 13:15:00,88.12,88.12,88.12,88.12,436.0
2025-08-25 13:20:00,88.12,88.12,88.12,88.12,248.0
2025-08-25 13:25:00,88.15,88.15,87.92,87.92,5551.0
2025-08-25 13:30:00,87.92,88.0302,87.63,87.95,847722.0
2025-08-25 13:35:00,87.94,88.015,87.88,87.95,346622.0
2025-08-25 13:40:00,87.96,88.275,87.95,88.2493,278655.0
2025-08-25 13:45:00,88.25,88.365,88.245,88.345,354717.0
2025-08-25 13:50:00,88.35,88.46,88.27,88.29,445679.0
2025-08-25 13:55:00,88.29,88.305,88.06,88.1,183038.0
2025-08-25 14:00:00,88.1,88.195,87.965,88.0,421318.0
2025-08-25 14:05:00,88.0,88.11,87.98,88.1,207698.0
2025-08-25 14:10:00,88.1,88.105,87.95,88.07,235441.0
2025-08-25 14:15:00,88.07,88.15,88.035,88.11,234180.0
2025-08-25 14:20:00,88.11,88.11,87.96,87.98,159868.0
2025-08-25 14:25:00,87.985,88.145,87.96,88.1401,171020.0
2025-08-25 14:30:00,88.14,88.15,88.06,88.145,155174.0
2025-08-25 14:35:00,88.15,88.1951,88.085,88.15,212506.0
2025-08-25 14:40:00,88.155,88.16,88.09,88.155,98497.0
2025-08-25 14:45:00,88.16,88.16,88.05,88.065,97096.0
2025-08-25 14:50:00,88.06,88.115,88.025,88.095,76750.0
2025-08-25 14:55:00,88.1,88.165,88.08,88.1501,95862.0
2025-08-25 15:00:00,88.145,88.22,88.1,88.2045,122657.0
2025-08-25 15:05:00,88.205,88.275,88.15,88.24,80941.0
2025-08-25 15:10:00,88.24,88.245,88.16,88.225,102070.0
2025-08-25 15:15:00,88.225,88.28,88.18,88.24,84533.0
2025-08-25 15:20:00,88.235,88.245,88.17,88.205,181557.0
2025-08-25 15:25:00,88.205,88.21,88.125,88.185,77923.0
2025-08-25 15:30:00,88.18,88.215,88.12,88.175,98140.0
2025-08-25 15:35:00,88.175,88.325,88.16,88.29,244327.0
2025-08-25 15:40:00,88.285,88.285,88.15,88.21,52001.0
2025-08-25 15:45:00,88.205,88.21,88.11,88.115,66699.0
2025-08-25 15:50:00,88.12,88.17,88.105,88.165,105646.0
2025-08-25 15:55:00,88.16,88.17,88.125,88.135,63635.0
2025-08-25 16:00:00,88.135,88.185,88.095,88.17,57191.0
2025-08-26 09:40:00,87.94,87.94,87.94,87.94,500.0
2025-08-26 10:50:00,87.9,87.9,87.9,87.9,729.0
2025-08-26 11:20:00,87.84,87.84,87.84,87.84,252.0
2025-08-26 11:25:00,87.88,87.88,87.88,87.88,250.0
2025-08-26 11:45:00,87.85,87.95,87.85,87.95,1519.0
2025-08-26 12:00:00,87.75,88.1,87.75,87.9,4247.0
2025-08-26 12:05:00,87.8801,87.9,87.8801,87.8805,860.0
2025-08-26 12:10:00,87.9,87.9,87.9,87.9,100.0
2025-08-26 12:15:00,87.99,88.0,87.99,88.0,2000.0
2025-08-26 12:20:00,87.999,88.0,87.93,88.0,2492.0
2025-08-26 12:25:00,88.0,88.0,88.0,88.0,1046.0
2025-08-26 12:30:00,87.99,88.0,87.95,88.0,1941.0
2025-08-26 12:35:00,88.02,88.03,88.02,88.03,778.0
2025-08-26 12:40:00,88.03,88.03,88.03,88.03,909.0
2025-08-26 12:45:00,88.03,88.03,88.03,88.03,553.0
2025-08-26 12:50:00,88.03,88.04,88.01,88.04,835.0
2025-08-26 12:55:00,88.04,88.04,88.04,88.04,345.0
2025-08-26 13:05:00,87.97,87.97,87.97,87.97,519.0
2025-08-26 13:20:00,87.99,87.99,87.99,87.99,100.0
2025-08-26 13:25:00,87.98,87.98,87.98,87.98,3375.0
2025-08-26 13:30:00,88.02,88.09,87.875,88.0,401449.0
2025-08-26 13:35:00,88.005,88.15,87.965,88.08,183037.0
2025-08-26 13:40:00,88.07,88.08,87.79,88.04,236938.0
2025-08-26 13:45:00,88.04,88.175,88.04,88.06,200192.0
2025-08-26 13:50:00,88.06,88.105,87.98,87.99,255127.0
2025-08-26 13:55:00,87.98,87.98,87.79,87.875,135309.0
2025-08-26 14:00:00,87.87,87.9,87.755,87.785,241236.0
2025-08-26 14:05:00,87.79,87.895,87.76,87.895,161327.0
2025-08-26 14:10:00,87.9,87.96,87.83,87.89,149479.0
2025-08-26 14:15:00,87.905,87.93,87.83,87.86,132492.0
2025-08-26 14:20:00,87.86,87.92,87.85,87.91,148760.0
2025-08-26 14:25:00,87.91,88.02,87.91,87.98,95092.0
2025-08-26 14:30:00,87.98,88.0699,87.975,88.041,88497.0
2025-08-26 14:35:00,88.04,88.08,88.02,88.05,77857.0
2025-08-26 14:40:00,88.03,88.03,87.915,87.955,116712.0
2025-08-26 14:45:00,87.955,87.965,87.83,87.855,115083.0
2025-08-26 14:50:00,87.8528,87.8859,87.7917,87.82,75391.0
2025-08-26 14:55:00,87.82,87.83,87.755,87.8,203028.0
2025-08-26 15:00:00,87.8,87.8,87.5,87.505,304059.0
2025-08-26 15:05:00,87.5,87.53,87.405,87.52,241787.0
2025-08-26 15:10:00,87.53,87.54,87.41,87.51,293356.0
2025-08-26 15:15:00,87.515,87.55,87.455,87.545,142017.0
2025-08-26 15:20:00,87.54,87.585,87.5,87.57,108807.0
2025-08-26 15:25:00,87.57,87.57,87.4651,87.52,87785.0
2025-08-26 15:30:00,87.52,87.62,87.46,87.585,151525.0
2025-08-26 15:35:00,87.58,87.595,87.505,87.56,112465.0
2025-08-26 15:40:00,87.56,87.6,87.515,87.595,64976.0
2025-08-26 15:45:00,87.595,87.64,87.54,87.595,60117.0
2025-08-26 15:50:00,87.5901,87.73,87.58,87.7,178189.0
2025-08-26 15:55:00,87.71,87.72,87.58,87.59,47598.0
2025-08-26 16:00:00,87.6,87.68,87.555,87.6,60252.0
2025-08-27 10:50:00,88.17,88.17,88.17,88.17,208.0
2025-08-27 11:00:00,88.14,88.14,88.14,88.14,800.0
2025-08-27 11:40:00,88.17,88.17,88.17,88.17,100.0
2025-08-27 11:55:00,88.2,88.29,88.2,88.29,930.0
2025-08-27 12:00:00,88.03,88.17,87.99,88.03,5857.0
2025-08-27 12:35:00,88.18,88.18,88.18,88.18,844.0
2025-08-27 12:40:00,88.18,88.18,88.18,88.18,863.0
2025-08-27 13:15:00,88.3,88.3,88.3,88.3,100.0
2025-08-27 13:25:00,88.09,88.09,88.09,88.09,824.0
2025-08-27 13:30:00,88.1,88.55,88.0,88.515,553712.0
2025-08-27 13:35:00,88.52,88.67,88.45,88.67,256256.0
2025-08-27 13:40:00,88.67,89.11,88.67,89.11,387129.0
2025-08-27 13:45:00,89.11,89.26,89.05,89.21,272408.0
2025-08-27 13:50:00,89.2,89.285,89.115,89.12,331866.0
2025-08-27 13:55:00,89.12,89.19,89.02,89.06,269586.0
2025-08-27 14:00:00,89.06,89.1,89.0,89.05,342684.0
2025-08-27 14:05:00,89.04,89.125,88.98,89.02,277629.0
2025-08-27 14:10:00,89.02,89.105,89.01,89.06,182596.0
2025-08-27 14:15:00,89.06,89.085,88.815,88.87,239991.0
2025-08-27 14:20:00,88.88,88.975,88.83,88.93,228055.0
2025-08-27 14:25:00,88.925,88.95,88.855,88.93,147978.0
2025-08-27 14:30:00,88.925,89.16,88.9,89.1535,146515.0
2025-08-27 14:35:00,89.14,89.15,88.96,88.97,106035.0
2025-08-27 14:40:00,88.96,88.97,88.895,88.925,94364.0
2025-08-27 14:45:00,88.9251,88.95,88.8355,88.91,85152.0
2025-08-27 14:50:00,88.91,88.94,88.87,88.93,68740.0
2025-08-27 14:55:00,88.93,88.97,88.87,88.89,99429.0
2025-08-27 15:00:00,88.9,88.92,88.85,88.875,140534.0
2025-08-27 15:05:00,88.875,88.93,88.82,88.93,206227.0
2025-08-27 15:10:00,88.935,88.935,88.75,88.785,138197.0
2025-08-27 15:15:00,88.78,88.815,88.73,88.75,95241.0
2025-08-27 15:20:00,88.745,88.745,88.59,88.7,372254.0
2025-08-27 15:25:00,88.6954,88.73,88.645,88.7,96273.0
2025-08-27 15:30:00,88.69,88.8,88.67,88.78,99351.0
2025-08-27 15:35:00,88.77,88.86,88.75,88.86,57226.0
2025-08-27 15:40:00,88.85,88.85,88.755,88.8451,403569.0
2025-08-27 15:45:00,88.85,88.905,88.84,88.9016,62364.0
2025-08-27 15:50:00,88.905,88.93,88.89,88.905,49483.0
2025-08-27 15:55:00,88.9,88.9801,88.9,88.935,58365.0
2025-08-27 16:00:00,88.94,89.07,88.94,89.07,52894.0
2025-08-28 11:35:00,89.36,89.36,89.36,89.36,558.0
2025-08-28 12:00:00,89.25,89.45,89.12,89.39,3569.0
2025-08-28 12:10:00,89.36,89.38,89.36,89.38,1209.0
2025-08-28 12:15:00,89.33,89.33,89.32,89.32,1000.0
2025-08-28 12:20:00,89.32,89.32,89.32,89.32,1001.0
2025-08-28 12:30:00,89.39,89.3999,89.39,89.3999,300.0
2025-08-28 12:40:00,89.34,89.34,89.34,89.34,228.0
2025-08-28 12:45:00,89.34,89.34,89.34,89.34,700.0
2025-08-28 12:55:00,89.32,89.32,89.32,89.32,164.0
2025-08-28 13:00:00,89.35,89.35,89.35,89.35,150.0
2025-08-28 13:25:00,89.32,89.32,89.31,89.31,308.0
2025-08-28 13:30:00,89.25,89.32,88.69,88.98,628637.0
2025-08-28 13:35:00,88.98,89.05,88.8,88.86,297415.0
2025-08-28 13:40:00,88.85,88.9,88.66,88.855,213051.0
2025-08-28 13:45:00,88.86,88.9,88.72,88.89,152138.0
2025-08-28 13:50:00,88.895,89.115,88.89,88.9,234495.0
2025-08-28 13:55:00,88.91,89.07,88.89,89.03,254644.0
2025-08-28 14:00:00,89.02,89.06,88.92,88.93,184343.0
2025-08-28 14:05:00,88.94,89.06,88.82,88.87,180583.0
2025-08-28 14:10:00,88.86,88.96,88.82,88.8536,136806.0
2025-08-28 14:15:00,88.86,88.9499,88.83,88.9499,125282.0
2025-08-28 14:20:00,88.95,89.02,88.87,89.0,114401.0
2025-08-28 14:25:00,89.0,89.055,88.985,89.04,139106.0
2025-08-28 14:30:00,89.04,89.17,88.995,89.115,128015.0
2025-08-28 14:35:00,89.11,89.14,89.03,89.085,107650.0
2025-08-28 14:40:00,89.08,89.19,89.04,89.115,140060.0
2025-08-28 14:45:00,89.115,89.13,88.995,89.0,99778.0
2025-08-28 14:50:00,89.01,89.06,88.95,89.05,86196.0
2025-08-28 14:55:00,89.045,89.11,88.9742,89.08,88226.0
2025-08-28 15:00:00,89.075,89.1999,89.065,89.1,108232.0
2025-08-28 15:05:00,89.11,89.165,89.025,89.055,76357.0
2025-08-28 15:10:00,89.055,89.15,89.045,89.1498,64524.0
2025-08-28 15:15:00,89.15,89.2,89.13,89.18,57225.0
2025-08-28 15:20:00,89.185,89.185,89.1,89.14,85076.0
2025-08-28 15:25:00,89.155,89.25,89.125,89.24,121723.0
2025-08-28 15:30:00,89.25,89.25,89.105,89.145,136224.0
2025-08-28 15:35:00,89.15,89.2,89.095,89.14,62534.0
2025-08-28 15:40:00,89.145,89.285,89.12,89.27,104707.0
2025-08-28 15:45:00,89.265,89.36,89.23,89.355,161809.0
2025-08-28 15:50:00,89.35,89.44,89.335,89.425,88876.0
2025-08-28 15:55:00,89.42,89.52,89.415,89.495,113065.0
2025-08-28 16:00:00,89.495,89.505,89.465,89.47,50007.0
2025-08-29 09:45:00,89.75,89.75,89.75,89.75,297.0
2025-08-29 09:50:00,89.82,89.82,89.82,89.82,258.0
2025-08-29 10:10:00,89.78,89.79,89.78,89.79,300.0
2025-08-29 10:15:00,89.79,89.79,89.79,89.79,100.0
2025-08-29 10:35:00,89.8,89.8,89.8,89.8,165.0
2025-08-29 11:20:00,89.95,89.95,89.95,89.95,200.0
2025-08-29 11:30:00,89.87,89.87,89.87,89.87,191.0
2025-08-29 11:35:00,89.95,89.95,89.95,89.95,100.0
2025-08-29 12:00:00,89.83,89.9,89.68,89.9,2217.0
2025-08-29 12:15:00,89.94,89.94,89.94,89.94,298.0
2025-08-29 12:25:00,89.9,89.9,89.9,89.9,1648.0
2025-08-29 12:30:00,89.9,89.9,89.87,89.87,738.0
2025-08-29 12:35:00,89.95,89.95,89.95,89.95,1425.0
2025-08-29 12:55:00,89.95,89.95,89.95,89.95,230.0
2025-08-29 13:00:00,89.93,89.93,89.93,89.93,103.0
2025-08-29 13:05:00,89.92,89.92,89.92,89.92,100.0
2025-08-29 13:20:00,89.92,89.9867,89.92,89.9867,1104.0
2025-08-29 13:25:00,89.98,90.05,89.98,90.05,1593.0
2025-08-29 13:30:00,89.94,90.2,89.82,90.2,404640.0
2025-08-29 13:35:00,90.19,90.4,90.17,90.4,301282.0
2025-08-29 13:40:00,90.38,90.49,90.34,90.45,204246.0
2025-08-29 13:45:00,90.45,90.61,90.42,90.56,370700.0
2025-08-29 13:50:00,90.56,90.57,90.34,90.43,203662.0
2025-08-29 13:55:00,90.43,90.555,90.42,90.55,198243.0
2025-08-29 14:00:00,90.55,90.57,90.39,90.41,347850.0
2025-08-29 14:05:00,90.41,90.425,90.235,90.27,267868.0
2025-08-29 14:10:00,90.28,90.34,90.13,90.185,187013.0
2025-08-29 14:15:00,90.18,90.21,90.0,90.0,163472.0
2025-08-29 14:20:00,90.0,90.13,90.0,90.025,131425.0
2025-08-29 14:25:00,90.04,90.105,90.01,90.1,124325.0
2025-08-29 14:30:00,90.11,90.155,90.075,90.1,187599.0
2025-08-29 14:35:00,90.1,90.105,89.94,89.99,107338.0
2025-08-29 14:40:00,89.99,90.14,89.975,90.015,152429.0
2025-08-29 14:45:00,90.05,90.11,89.99,90.06,97273.0
2025-08-29 14:50:00,90.05,90.07,89.945,90.06,115644.0
2025-08-29 14:55:00,90.058,90.2201,90.005,90.2,217326.0
2025-08-29 15:00:00,90.2,90.255,90.14,90.155,228091.0
2025-08-29 15:05:00,90.16,90.265,90.16,90.2,110081.0
2025-08-29 15:10:00,90.2,90.2,90.12,90.13,105890.0
2025-08-29 15:15:00,90.13,90.2,90.115,90.185,64088.0
2025-08-29 15:20:00,90.18,90.18,90.1,90.11,77706.0
2025-08-29 15:25:00,90.125,90.195,90.11,90.15,78605.0
2025-08-29 15:30:00,90.15,90.2,90.115,90.17,74006.0
2025-08-29 15:35:00,90.18,90.305,90.18,90.305,71884.0
2025-08-29 15:40:00,90.3,90.3,90.245,90.27,66811.0
2025-08-29 15:45:00,90.28,90.365,90.275,90.3,70404.0
2025-08-29 15:50:00,90.315,90.38,90.245,90.375,82279.0
2025-08-29 15:55:00,90.375,90.435,90.35,90.385,102070.0
2025-08-29 16:00:00,90.385,90.46,90.37,90.4213,94867.0
2025-09-02 09:40:00,90.83,90.83,90.83,90.83,265.0
2025-09-02 09:45:00,90.86,90.86,90.86,90.86,120.0
2025-09-02 09:50:00,90.86,90.9,90.86,90.9,6596.0
2025-09-02 09:55:00,90.9,90.9,90.9,90.9,4625.0
2025-09-02 10:00:00,90.9,90.9,90.9,90.9,1595.0
2025-09-02 10:05:00,90.9,90.9,90.9,90.9,600.0
2025-09-02 10:30:00,90.85,90.85,90.85,90.85,1085.0
2025-09-02 10:40:00,90.8,90.85,90.8,90.85,946.0
2025-09-02 11:00:00,90.65,90.65,90.61,90.61,8126.0
2025-09-02 11:05:00,90.56,90.56,90.56,90.56,447.0
2025-09-02 11:15:00,90.6,90.6,90.6,90.6,110.0
2025-09-02 11:25:00,90.58,90.58,90.58,90.58,100.0
2025-09-02 11:40:00,90.6,90.6,90.6,90.6,214.0
2025-09-02 11:45:00,90.58,90.58,90.58,90.58,110.0
2025-09-02 12:00:00,90.6,90.86,90.54,90.7127,9835.0
2025-09-02 12:15:00,90.59,90.61,90.59,90.6,2327.0
2025-09-02 12:25:00,90.6,90.6,90.4062,90.4062,972.0
2025-09-02 12:30:00,90.52,90.52,90.52,90.52,205.0
2025-09-02 12:35:00,90.47,90.53,90.45,90.53,1171.0
2025-09-02 12:40:00,90.45,90.45,90.4,90.4,696.0
2025-09-02 12:45:00,90.24,90.2999,90.2,90.2,5015.0
2025-09-02 12:50:00,90.24,90.25,90.22,90.22,1446.0
2025-09-02 12:55:00,90.29,90.29,90.2,90.2,3082.0
2025-09-02 13:00:00,90.2,90.28,90.2,90.2,12717.0
2025-09-02 13:05:00,90.2782,90.2782,90.13,90.25,1294.0
2025-09-02 13:10:00,90.15,90.2,90.13,90.13,4115.0
2025-09-02 13:15:00,90.12,90.13,90.12,90.13,666.0
2025-09-02 13:20:00,90.17,90.21,90.17,90.21,708.0
2025-09-02 13:30:00,90.15,90.36,89.95,90.23,907210.0
2025-09-02 13:35:00,90.2283,90.2283,89.82,89.86,507857.0
2025-09-02 13:40:00,89.86,89.96,89.64,89.89,350242.0
2025-09-02 13:45:00,89.885,89.9,89.47,89.83,526054.0
2025-09-02 13:50:00,89.83,90.15,89.825,90.14,296906.0
2025-09-02 13:55:00,90.15,90.3876,90.145,90.375,168457.0
2025-09-02 14:00:00,90.375,90.63,90.35,90.595,267197.0
2025-09-02 14:05:00,90.595,90.68,90.53,90.57,248021.0
2025-09-02 14:10:00,90.575,90.6,90.395,90.43,232001.0
2025-09-02 14:15:00,90.44,90.525,90.355,90.355,187279.0
2025-09-02 14:20:00,90.35,90.38,90.245,90.28,145634.0
2025-09-02 14:25:00,90.27,90.28,90.15,90.18,146006.0
2025-09-02 14:30:00,90.18,90.18,90.05,90.07,152102.0
2025-09-02 14:35:00,90.07,90.19,90.055,90.185,413802.0
2025-09-02 14:40:00,90.19,90.22,90.075,90.11,367614.0
2025-09-02 14:45:00,90.11,90.15,90.05,90.115,129646.0
2025-09-02 14:50:00,90.12,90.175,89.965,89.975,176216.0
2025-09-02 14:55:00,89.975,90.09,89.935,90.04,140238.0
2025-09-02 15:00:00,90.04,90.15,89.985,90.075,192477.0
2025-09-02 15:05:00,90.08,90.105,89.99,90.005,114087.0
2025-09-02 15:10:00,90.01,90.14,90.01,90.065,115437.0
2025-09-02 15:15:00,90.06,90.08,89.92,90.02,200636.0
2025-09-02 15:20:00,90.02,90.09,89.955,90.05,84962.0
2025-09-02 15:25:00,90.06,90.09,90.005,90.06,71490.0
2025-09-02 15:30:00,90.07,90.1097,90.0,90.105,78218.0
2025-09-02 15:35:00,90.1,90.17,90.07,90.16,90983.0
2025-09-02 15:40:00,90.16,90.25,90.14,90.19,74628.0
2025-09-02 15:45:00,90.2,90.23,90.11,90.11,92514.0
2025-09-02 15:50:00,90.12,90.25,90.12,90.22,62201.0
2025-09-02 15:55:00,90.23,90.23,90.15,90.15,79708.0
2025-09-02 16:00:00,90.15,90.21,90.07,90.08,87646.0
2025-09-03 09:30:00,90.23,90.23,89.82,89.82,5149.0
2025-09-03 09:35:00,89.85,89.85,89.85,89.85,530.0
2025-09-03 09:50:00,89.86,89.86,89.8,89.8,500.0
2025-09-03 10:00:00,89.8,89.8,89.79,89.79,797.0
2025-09-03 10:10:00,89.71,89.71,89.63,89.65,14631.0
2025-09-03 10:20:00,89.7,89.7,89.7,89.7,444.0
2025-09-03 10:50:00,89.71,89.71,89.71,89.71,500.0
2025-09-03 11:00:00,89.74,89.74,89.74,89.74,276.0
2025-09-03 11:05:00,89.74,89.76,89.74,89.76,707.0
2025-09-03 11:10:00,89.77,89.77,89.77,89.77,398.0
2025-09-03 11:20:00,89.78,89.78,89.77,89.77,656.0
2025-09-03 11:50:00,89.73,89.75,89.73,89.75,327.0
2025-09-03 11:55:00,89.75,89.76,89.75,89.76,520.0
2025-09-03 12:00:00,89.75,90.26,89.6602,90.15,1611.0
2025-09-03 12:10:00,89.74,89.75,89.74,89.75,365.0
2025-09-03 12:15:00,90.52,90.52,89.63,89.63,7804.0
2025-09-03 12:20:00,89.62,89.62,89.6,89.6,999.0
2025-09-03 12:25:00,89.6,89.6,89.5,89.57,6736.0
2025-09-03 12:30:00,89.5699,89.5699,89.5,89.51,2576.0
2025-09-03 12:35:00,89.55,89.55,89.55,89.55,156.0
2025-09-03 12:40:00,89.55,89.56,89.55,89.55,2012.0
2025-09-03 12:45:00,89.57,89.57,89.57,89.57,4181.0
2025-09-03 12:50:00,89.57,89.57,89.57,89.57,945.0
2025-09-03 12:55:00,89.57,89.64,89.57,89.64,2574.0
2025-09-03 13:00:00,89.6,89.6,89.6,89.6,116.0
2025-09-03 13:05:00,89.65,89.65,89.65,89.65,100.0
2025-09-03 13:10:00,89.63,89.65,89.6,89.6,3611.0
2025-09-03 13:15:00,89.57,89.57,89.57,89.57,751.0
2025-09-03 13:25:00,89.62,89.82,89.58,89.82,14263.0
2025-09-03 13:30:00,89.8,90.29,89.68,90.24,836249.0
2025-09-03 13:35:00,90.23,90.545,90.22,90.33,402623.0
2025-09-03 13:40:00,90.33,90.36,90.12,90.13,300958.0
2025-09-03 13:45:00,90.14,90.14,89.615,89.64,393661.0
2025-09-03 13:50:00,89.63,89.662,89.415,89.54,318936.0
2025-09-03 13:55:00,89.535,89.54,89.26,89.35,305437.0
2025-09-03 14:00:00,89.35,89.35,88.85,88.9319,549831.0
2025-09-03 14:05:00,88.93,89.11,88.79,89.01,427760.0
2025-09-03 14:10:00,89.02,89.2,88.92,88.92,277973.0
2025-09-03 14:15:00,88.925,89.0054,88.8046,88.835,265284.0
2025-09-03 14:20:00,88.83,88.94,88.73,88.75,201339.0
2025-09-03 14:25:00,88.745,88.86,88.635,88.66,300939.0
2025-09-03 14:30:00,88.66,88.825,88.6499,88.765,180609.0
2025-09-03 14:35:00,88.755,88.87,88.68,88.84,221482.0
2025-09-03 14:40:00,88.84,88.88,88.64,88.71,174914.0
2025-09-03 14:45:00,88.71,88.72,88.48,88.5,285921.0
2025-09-03 14:50:00,88.49,88.65,88.43,88.6004,247132.0
2025-09-03 14:55:00,88.605,88.7,88.595,88.66,143953.0
2025-09-03 15:00:00,88.655,88.81,88.65,88.75,203760.0
2025-09-03 15:05:00,88.75,88.805,88.685,88.725,155130.0
2025-09-03 15:10:00,88.73,88.77,88.65,88.725,142821.0
2025-09-03 15:15:00,88.715,88.73,88.61,88.64,150340.0
2025-09-03 15:20:00,88.64,88.71,88.53,88.69,172729.0
2025-09-03 15:25:00,88.695,88.72,88.61,88.675,100645.0
2025-09-03 15:30:00,88.68,88.74,88.625,88.74,164200.0
2025-09-03 15:35:00,88.74,88.86,88.74,88.82,233221.0
2025-09-03 15:40:00,88.815,88.88,88.815,88.8557,97737.0
2025-09-03 15:45:00,88.855,88.89,88.735,88.74,142951.0
2025-09-03 15:50:00,88.74,88.98,88.725,88.9749,387074.0
2025-09-03 15:55:00,88.98,89.12,88.96,89.105,317805.0
2025-09-03 16:00:00,89.11,89.13,88.9642,89.01,103668.0
2025-09-04 10:35:00,88.4,88.4,88.39,88.39,550.0
2025-09-04 10:55:00,88.35,88.35,88.35,88.35,700.0
2025-09-04 11:00:00,88.41,88.41,88.39,88.39,289.0
2025-09-04 11:40:00,88.52,88.55,88.52,88.55,2100.0
2025-09-04 11:50:00,88.5,88.5,88.5,88.5,112.0
2025-09-04 12:00:00,88.56,88.56,88.26,88.4,3407.0
2025-09-04 12:45:00,88.41,88.41,88.41,88.41,1107.0
2025-09-04 12:50:00,88.42,88.42,88.42,88.42,102.0
2025-09-04 12:55:00,88.42,88.42,88.42,88.42,326.0
2025-09-04 13:00:00,88.41,88.41,88.41,88.41,101.0
2025-09-04 13:05:00,88.4,88.42,88.29,88.29,6063.0
2025-09-04 13:10:00,88.28,88.28,88.16,88.21,14554.0
2025-09-04 13:15:00,88.24,88.24,88.2,88.24,3467.0
2025-09-04 13:20:00,88.22,88.22,88.2,88.22,4841.0
2025-09-04 13:25:00,88.22,88.55,88.19,88.5,30476.0
2025-09-04 13:30:00,88.5,88.57,88.12,88.24,565459.0
2025-09-04 13:35:00,88.24,88.59,88.22,88.57,533810.0
2025-09-04 13:40:00,88.56,88.85,88.52,88.76,244024.0
2025-09-04 13:45:00,88.76,88.85,88.65,88.79,282579.0
2025-09-04 13:50:00,88.79,88.82,88.52,88.66,199858.0
2025-09-04 13:55:00,88.65,88.7186,88.6,88.69,120945.0
2025-09-04 14:00:00,88.69,88.77,88.67,88.68,149137.0
2025-09-04 14:05:00,88.67,88.73,88.56,88.56,276373.0
2025-09-04 14:10:00,88.5507,88.7299,88.49,88.63,220691.0
2025-09-04 14:15:00,88.63,88.74,88.62,88.655,227575.0
2025-09-04 14:20:00,88.645,88.68,88.58,88.6,140240.0
2025-09-04 14:25:00,88.595,88.68,88.565,88.6,226926.0
2025-09-04 14:30:00,88.6,88.65,88.525,88.63,154953.0
2025-09-04 14:35:00,88.62,88.65,88.57,88.62,99069.0
2025-09-04 14:40:00,88.615,88.735,88.6,88.69,216573.0
2025-09-04 14:45:00,88.7,88.89,88.7,88.865,144831.0
2025-09-04 14:50:00,88.87,88.955,88.81,88.9101,147075.0
2025-09-04 14:55:00,88.92,88.9858,88.87,88.955,175821.0
2025-09-04 15:00:00,88.95,89.0072,88.86,88.86,166397.0
2025-09-04 15:05:00,88.865,88.9899,88.835,88.98,94400.0
2025-09-04 15:10:00,88.98,89.08,88.95,89.04,200216.0
2025-09-04 15:15:00,89.04,89.09,88.9902,89.04,106819.0
2025-09-04 15:20:00,89.04,89.045,88.955,89.0201,81902.0
2025-09-04 15:25:00,89.01,89.0599,88.97,89.0,114592.0
2025-09-04 15:30:00,88.99,89.1146,88.95,89.11,76573.0
2025-09-04 15:35:00,89.1,89.195,89.07,89.16,80451.0
2025-09-04 15:40:00,89.18,89.2,89.09,89.11,118856.0
2025-09-04 15:45:00,89.1,89.155,89.085,89.1259,179468.0
2025-09-04 15:50:00,89.125,89.2099,89.1175,89.1797,63553.0
2025-09-04 15:55:00,89.18,89.26,89.18,89.22,78542.0
2025-09-04 16:00:00,89.22,89.29,89.18,89.29,313135.0
2025-09-05 11:00:00,89.02,89.02,89.02,89.02,541.0
2025-09-05 11:05:00,89.01,89.01,89.01,89.01,222.0
2025-09-05 11:50:00,88.99,88.99,88.99,88.99,201.0
2025-09-05 11:55:00,88.9,88.9,88.9,88.9,103.0
2025-09-05 12:05:00,88.85,88.85,88.84,88.84,455.0
2025-09-05 12:10:00,88.84,88.84,88.84,88.84,150.0
2025-09-05 12:15:00,88.72,88.72,88.72,88.72,204.0
2025-09-05 12:25:00,88.7,88.7,88.7,88.7,1445.0
2025-09-05 12:35:00,88.66,88.66,88.66,88.66,2000.0
2025-09-05 12:40:00,88.74,88.75,88.74,88.74,364.0
2025-09-05 12:45:00,88.69,88.69,88.69,88.69,158.0
2025-09-05 12:50:00,88.75,88.75,88.14,88.4,130008.0
2025-09-05 12:55:00,88.33,88.6,88.28,88.5,32467.0
2025-09-05 13:00:00,88.42,88.6,88.42,88.45,10575.0
2025-09-05 13:05:00,88.4,88.41,88.38,88.38,4337.0
2025-09-05 13:10:00,88.48,88.48,88.36,88.36,768.0
2025-09-05 13:15:00,88.36,88.44,88.35,88.35,3652.0
2025-09-05 13:20:00,88.38,88.38,88.3,88.3,653.0
2025-09-05 13:25:00,88.39,88.4,88.27,88.4,22044.0
2025-09-05 13:30:00,88.35,88.37,87.64,88.35,1459116.0
2025-09-05 13:35:00,88.35,88.59,88.29,88.52,805122.0
2025-09-05 13:40:00,88.51,88.54,88.26,88.505,561717.0
2025-09-05 13:45:00,88.51,88.595,88.36,88.55,567349.0
2025-09-05 13:50:00,88.55,88.64,88.15,88.208,486210.0
2025-09-05 13:55:00,88.21,88.615,88.2,88.57,342637.0
2025-09-05 14:00:00,88.57,88.58,88.23,88.23,566154.0
2025-09-05 14:05:00,88.225,88.43,88.195,88.26,640114.0
2025-09-05 14:10:00,88.26,88.3,88.095,88.1,590453.0
2025-09-05 14:15:00,88.09,88.21,87.985,87.995,520782.0
2025-09-05 14:20:00,88.0,88.08,87.88,87.905,381511.0
2025-09-05 14:25:00,87.91,87.985,87.78,87.81,365122.0
2025-09-05 14:30:00,87.815,87.84,87.665,87.675,1273547.0
2025-09-05 14:35:00,87.675,87.675,87.5,87.515,668891.0
2025-09-05 14:40:00,87.515,87.58,87.39,87.4,204904.0
2025-09-05 14:45:00,87.4,87.495,87.2407,87.25,260404.0
2025-09-05 14:50:00,87.245,87.535,87.22,87.5,382349.0
2025-09-05 14:55:00,87.49,87.51,87.29,87.32,574226.0
2025-09-05 15:00:00,87.33,87.42,87.225,87.27,277674.0
2025-09-05 15:05:00,87.27,87.3001,87.085,87.09,295195.0
2025-09-05 15:10:00,87.085,87.16,86.99,87.12,357302.0
2025-09-05 15:15:00,87.11,87.22,87.1,87.17,347125.0
2025-09-05 15:20:00,87.17,87.25,87.115,87.135,190235.0
2025-09-05 15:25:00,87.13,87.165,87.01,87.16,287742.0
2025-09-05 15:30:00,87.165,87.28,87.115,87.26,238167.0
2025-09-05 15:35:00,87.26,87.38,87.23,87.32,304695.0
2025-09-05 15:40:00,87.33,87.49,87.33,87.48,172499.0
2025-09-05 15:45:00,87.4898,87.495,87.32,87.36,348085.0
2025-09-05 15:50:00,87.37,87.375,87.175,87.19,219408.0
2025-09-05 15:55:00,87.19,87.32,87.19,87.25,180507.0
2025-09-05 16:00:00,87.26,87.39,87.26,87.34,127079.0
2025-09-08 09:40:00,87.9,87.9,87.9,87.9,1200.0
2025-09-08 11:00:00,87.79,87.79,87.79,87.79,256.0
2025-09-08 11:05:00,87.85,87.85,87.85,87.85,150.0
2025-09-08 11:15:00,87.85,87.85,87.79,87.79,1677.0
2025-09-08 11:30:00,87.8,87.8,87.8,87.8,193.0
2025-09-08 11:40:00,87.85,87.85,87.85,87.85,257.0
2025-09-08 11:45:00,87.84,87.84,87.84,87.84,150.0
2025-09-08 11:50:00,87.77,87.84,87.76,87.81,1000.0
2025-09-08 11:55:00,87.82,87.82,87.82,87.82,1471.0
2025-09-08 12:00:00,87.8995,87.8995,87.47,87.85,38189.0
2025-09-08 12:05:00,87.86,87.9,87.86,87.89,4025.0
2025-09-08 12:10:00,87.87,87.89,87.87,87.89,25470.0
2025-09-08 12:15:00,87.88,87.88,87.86,87.86,700.0
2025-09-08 12:20:00,87.8501,87.89,87.8501,87.89,493.0
2025-09-08 12:25:00,87.86,87.86,87.85,87.85,2571.0
2025-09-08 12:30:00,87.82,87.85,87.81,87.84,1173.0
2025-09-08 12:35:00,87.82,87.82,87.82,87.82,200.0
2025-09-08 12:45:00,87.83,87.92,87.83,87.92,15248.0
2025-09-08 12:50:00,87.89,87.92,87.89,87.89,5588.0
2025-09-08 12:55:00,87.89,87.8901,87.88,87.88,10321.0
2025-09-08 13:00:00,87.83,87.84,87.81,87.81,1180.0
2025-09-08 13:05:00,87.8,87.8,87.8,87.8,346.0
2025-09-08 13:10:00,87.84,87.88,87.84,87.84,1804.0
2025-09-08 13:15:00,87.84,87.84,87.79,87.79,2421.0
2025-09-08 13:20:00,87.79,87.79,87.79,87.79,358.0
2025-09-08 13:25:00,87.83,87.83,87.64,87.64,9573.0
2025-09-08 13:30:00,87.65,88.03,87.55,87.68,868782.0
2025-09-08 13:35:00,87.69,87.76,87.39,87.4,689259.0
2025-09-08 13:40:00,87.405,87.44,87.18,87.18,719273.0
2025-09-08 13:45:00,87.18,87.29,86.97,87.12,1065830.0
2025-09-08 13:50:00,87.12,87.13,86.735,86.85,766164.0
2025-09-08 13:55:00,86.85,86.86,86.68,86.71,391500.0
2025-09-08 14:00:00,86.7,86.7,86.385,86.43,571593.0
2025-09-08 14:05:00,86.44,86.5846,86.435,86.53,685745.0
2025-09-08 14:10:00,86.53,86.64,86.47,86.495,302898.0
2025-09-08 14:15:00,86.5,86.635,86.5,86.62,285524.0
2025-09-08 14:20:00,86.61,86.675,86.57,86.6,210367.0
2025-09-08 14:25:00,86.6,86.665,86.525,86.54,367062.0
2025-09-08 14:30:00,86.53,86.61,86.51,86.5435,224763.0
2025-09-08 14:35:00,86.55,86.705,86.5,86.6675,140881.0
2025-09-08 14:40:00,86.67,86.78,86.645,86.76,130233.0
2025-09-08 14:45:00,86.77,86.87,86.72,86.86,97737.0
2025-09-08 14:50:00,86.865,86.95,86.84,86.945,168442.0
2025-09-08 14:55:00,86.95,87.005,86.93,86.95,238063.0
2025-09-08 15:00:00,86.95,87.145,86.95,87.115,147298.0
2025-09-08 15:05:00,87.12,87.13,87.06,87.115,132970.0
2025-09-08 15:10:00,87.12,87.23,87.09,87.225,190786.0
2025-09-08 15:15:00,87.23,87.24,87.1,87.17,174003.0
2025-09-08 15:20:00,87.165,87.245,87.165,87.245,91283.0
2025-09-08 15:25:00,87.24,87.26,87.17,87.18,130966.0
2025-09-08 15:30:00,87.18,87.18,87.04,87.055,148162.0
2025-09-08 15:35:00,87.04,87.06,86.89,86.89,196719.0
2025-09-08 15:40:00,86.89,86.8966,86.78,86.78,151676.0
2025-09-08 15:45:00,86.77,86.81,86.755,86.81,232010.0
2025-09-08 15:50:00,86.81,86.84,86.7628,86.8,105728.0
2025-09-08 15:55:00,86.8,86.86,86.795,86.8464,124132.0
2025-09-08 16:00:00,86.845,87.0,86.84,86.975,150590.0
2025-09-09 11:00:00,87.35,87.35,87.35,87.35,369.0
2025-09-09 11:20:00,87.31,87.31,87.31,87.31,300.0
2025-09-09 11:25:00,87.34,87.34,87.34,87.34,100.0
2025-09-09 11:35:00,87.34,87.34,87.34,87.34,342.0
2025-09-09 11:40:00,87.34,87.34,87.34,87.34,290.0
2025-09-09 11:55:00,87.35,87.35,87.35,87.35,345.0
2025-09-09 12:00:00,87.41,87.43,87.35,87.43,1840.0
2025-09-09 12:20:00,87.28,87.28,87.28,87.28,154.0
2025-09-09 12:35:00,87.27,87.27,87.27,87.27,400.0
2025-09-09 12:40:00,87.3,87.3,87.3,87.3,250.0
2025-09-09 12:50:00,87.37,87.38,87.37,87.38,450.0
2025-09-09 13:00:00,87.37,87.6,87.35,87.6,14740.0
2025-09-09 13:05:00,87.5,87.5,87.374,87.44,3102.0
2025-09-09 13:10:00,87.5456,87.5456,87.5456,87.5456,566.0
2025-09-09 13:15:00,87.5,87.6,87.49,87.53,8211.0
2025-09-09 13:20:00,87.5691,87.5691,87.421,87.421,1275.0
2025-09-09 13:25:00,87.46,87.61,87.46,87.61,3677.0
2025-09-09 13:30:00,87.63,88.42,87.59,88.21,1479942.0
2025-09-09 13:35:00,88.21,88.44,88.21,88.28,706614.0
2025-09-09 13:40:00,88.28,88.43,88.27,88.37,355878.0
2025-09-09 13:45:00,88.37,88.54,88.29,88.519,405112.0
2025-09-09 13:50:00,88.52,88.695,88.52,88.59,537410.0
2025-09-09 13:55:00,88.58,88.71,88.48,88.7,607577.0
2025-09-09 14:00:00,88.7,88.815,88.66,88.72,867616.0
2025-09-09 14:05:00,88.72,88.72,88.4197,88.51,404483.0
2025-09-09 14:10:00,88.52,88.61,88.495,88.565,309009.0
2025-09-09 14:15:00,88.56,88.57,88.42,88.42,272570.0
2025-09-09 14:20:00,88.42,88.54,88.37,88.53,290346.0
2025-09-09 14:25:00,88.54,88.545,88.405,88.505,392018.0
2025-09-09 14:30:00,88.51,88.71,88.5043,88.59,398673.0
2025-09-09 14:35:00,88.58,88.62,88.522,88.6,182612.0
2025-09-09 14:40:00,88.6,88.665,88.575,88.665,375874.0
2025-09-09 14:45:00,88.66,88.765,88.64,88.66,223032.0
2025-09-09 14:50:00,88.66,88.66,88.48,88.53,188314.0
2025-09-09 14:55:00,88.55,88.565,88.485,88.56,166178.0
2025-09-09 15:00:00,88.57,88.74,88.555,88.62,312993.0
2025-09-09 15:05:00,88.62,88.6726,88.555,88.571,167668.0
2025-09-09 15:10:00,88.575,88.64,88.535,88.615,190186.0
2025-09-09 15:15:00,88.62,88.7,88.57,88.66,227112.0
2025-09-09 15:20:00,88.66,88.705,88.59,88.62,94297.0
2025-09-09 15:25:00,88.63,88.67,88.56,88.59,113183.0
2025-09-09 15:30:00,88.595,88.6,87.89,88.11,1204353.0
2025-09-09 15:35:00,88.12,88.3139,88.12,88.17,306556.0
2025-09-09 15:40:00,88.17,88.215,88.09,88.21,126033.0
2025-09-09 15:45:00,88.21,88.3,88.16,88.225,123791.0
2025-09-09 15:50:00,88.215,88.215,88.1,88.185,82747.0
2025-09-09 15:55:00,88.18,88.19,88.1,88.14,66826.0
2025-09-09 16:00:00,88.14,88.22,88.0325,88.075,113531.0
2025-09-10 09:30:00,87.63,87.64,87.61,87.62,2142.0
2025-09-10 09:35:00,87.62,87.63,87.6,87.6,435.0
2025-09-10 09:40:00,87.63,87.63,87.62,87.63,1500.0
2025-09-10 09:50:00,87.68,87.68,87.68,87.68,300.0
2025-09-10 10:00:00,87.62,87.62,87.62,87.62,243.0
2025-09-10 10:10:00,87.62,87.62,87.62,87.62,374.0
2025-09-10 11:00:00,87.67,87.67,87.67,87.67,996.0
2025-09-10 11:05:00,87.66,87.66,87.66,87.66,170.0
2025-09-10 11:25:00,87.67,87.67,87.67,87.67,362.0
2025-09-10 11:55:00,87.65,87.65,87.65,87.65,2000.0
2025-09-10 12:00:00,87.68,87.81,87.58,87.58,5723.0
2025-09-10 12:05:00,87.64,87.67,87.63,87.63,468.0
2025-09-10 12:10:00,87.6,87.65,87.6,87.65,335.0
2025-09-10 12:15:00,87.63,87.6899,87.56,87.6899,713.0
2025-09-10 12:20:00,87.61,87.61,87.61,87.61,258.0
2025-09-10 12:30:00,87.63,87.79,87.62,87.66,1792.0
2025-09-10 12:40:00,87.7,87.7,87.69,87.69,386.0
2025-09-10 12:45:00,87.7,87.7,87.7,87.7,310.0
2025-09-10 12:50:00,87.715,87.72,87.67,87.67,400.0
2025-09-10 12:55:00,87.71,87.71,87.69,87.7,5873.0
2025-09-10 13:00:00,87.695,87.7399,87.67,87.67,2998.0
2025-09-10 13:10:00,87.79,87.79,87.79,87.79,300.0
2025-09-10 13:15:00,87.71,87.72,87.71,87.72,217.0
2025-09-10 13:20:00,87.71,87.71,87.68,87.68,2221.0
2025-09-10 13:25:00,87.67,87.79,87.6012,87.69,12822.0
2025-09-10 13:30:00,87.78,88.245,87.58,88.115,823310.0
2025-09-10 13:35:00,88.14,88.41,88.13,88.255,389742.0
2025-09-10 13:40:00,88.29,88.62,88.29,88.62,375952.0
2025-09-10 13:45:00,88.64,88.935,88.635,88.87,436863.0
2025-09-10 13:50:00,88.87,88.92,88.71,88.8,268705.0
2025-09-10 13:55:00,88.81,88.99,88.735,88.98,317006.0
2025-09-10 14:00:00,88.98,89.155,88.76,88.82,423905.0
2025-09-10 14:05:00,88.82,88.92,88.68,88.88,158957.0
2025-09-10 14:10:00,88.88,88.88,88.68,88.76,141249.0
2025-09-10 14:15:00,88.76,88.84,88.69,88.72,159417.0
2025-09-10 14:20:00,88.73,88.77,88.68,88.73,144416.0
2025-09-10 14:25:00,88.73,88.74,88.575,88.6,192712.0
2025-09-10 14:30:00,88.6,88.6,88.25,88.27,485479.0
2025-09-10 14:35:00,88.265,88.34,88.17,88.2,216282.0
2025-09-10 14:40:00,88.2,88.25,88.1,88.13,201315.0
2025-09-10 14:45:00,88.14,88.18,87.91,87.94,207631.0
2025-09-10 14:50:00,87.935,88.14,87.895,88.01,266421.0
2025-09-10 14:55:00,88.015,88.07,87.94,87.95,179533.0
2025-09-10 15:00:00,87.94,88.02,87.885,87.905,277815.0
2025-09-10 15:05:00,87.9,88.16,87.82,88.16,910793.0
2025-09-10 15:10:00,88.16,88.21,87.96,88.01,407566.0
2025-09-10 15:15:00,88.01,88.02,87.92,87.98,186172.0
2025-09-10 15:20:00,87.98,88.11,87.98,88.05,181907.0
2025-09-10 15:25:00,88.05,88.095,88.015,88.05,110232.0
2025-09-10 15:30:00,88.055,88.135,88.01,88.13,169510.0
2025-09-10 15:35:00,88.13,88.23,88.102,88.22,97053.0
2025-09-10 15:40:00,88.225,88.3,88.2,88.23,134499.0
2025-09-10 15:45:00,88.23,88.36,88.23,88.35,115905.0
2025-09-10 15:50:00,88.36,88.45,88.36,88.405,91528.0
2025-09-10 15:55:00,88.4,88.455,88.4,88.45,73536.0
2025-09-10 16:00:00,88.47,88.59,88.47,88.59,106291.0
2025-09-11 10:10:00,88.82,88.82,88.81,88.81,700.0
2025-09-11 11:00:00,88.93,88.93,88.93,88.93,149.0
2025-09-11 11:10:00,88.96,88.98,88.96,88.98,2035.0
2025-09-11 11:15:00,88.98,88.98,88.98,88.98,177.0
2025-09-11 11:25:00,88.97,88.98,88.97,88.98,480.0
2025-09-11 11:35:00,88.95,88.95,88.95,88.95,112.0
2025-09-11 11:40:00,88.96,88.96,88.96,88.96,300.0
2025-09-11 12:00:00,88.99,88.99,88.89,88.92,3259.0
2025-09-11 12:05:00,88.9138,88.9138,88.9138,88.9138,100.0
2025-09-11 12:25:00,88.85,88.85,88.85,88.85,152.0
2025-09-11 12:30:00,88.75,88.76,88.75,88.75,1392.0
2025-09-11 12:35:00,88.7,88.7,88.64,88.64,784.0
2025-09-11 12:50:00,88.71,88.71,88.71,88.71,244.0
2025-09-11 13:00:00,88.75,88.75,88.65,88.67,1540.0
2025-09-11 13:05:00,88.72,88.76,88.63,88.64,3923.0
2025-09-11 13:10:00,88.61,88.61,88.61,88.61,1008.0
2025-09-11 13:20:00,88.6,88.61,88.59,88.6,644.0
2025-09-11 13:25:00,88.5,88.5,88.39,88.42,6411.0
2025-09-11 13:30:00,88.4,88.74,88.13,88.7,1140250.0
2025-09-11 13:35:00,88.7,89.1,88.7,89.06,605990.0
2025-09-11 13:40:00,89.07,89.19,88.96,89.11,776409.0
2025-09-11 13:45:00,89.12,89.135,88.88,89.03,430754.0
2025-09-11 13:50:00,89.04,89.26,88.985,89.21,292281.0
2025-09-11 13:55:00,89.22,89.315,89.175,89.21,141728.0
2025-09-11 14:00:00,89.205,89.32,89.185,89.21,197571.0
2025-09-11 14:05:00,89.22,89.275,89.145,89.155,163006.0
2025-09-11 14:10:00,89.16,89.3151,89.15,89.275,153137.0
2025-09-11 14:15:00,89.275,89.31,89.22,89.28,120840.0
2025-09-11 14:20:00,89.29,89.29,89.14,89.23,204362.0
2025-09-11 14:25:00,89.23,89.3,89.2,89.23,141108.0
2025-09-11 14:30:00,89.24,89.26,89.1601,89.188,149253.0
2025-09-11 14:35:00,89.19,89.21,89.1,89.1,404581.0
2025-09-11 14:40:00,89.09,89.135,89.0209,89.12,168091.0
2025-09-11 14:45:00,89.12,89.17,89.0,89.0,115779.0
2025-09-11 14:50:00,89.0,89.075,88.955,89.04,184023.0
2025-09-11 14:55:00,89.04,89.05,88.925,88.925,113844.0
2025-09-11 15:00:00,88.92,88.99,88.88,88.99,101240.0
2025-09-11 15:05:00,88.98,89.0,88.89,88.905,102517.0
2025-09-11 15:10:00,88.895,89.0558,88.885,89.05,92284.0
2025-09-11 15:15:00,89.045,89.175,88.98,89.14,93430.0
2025-09-11 15:20:00,89.155,89.21,89.1201,89.15,94332.0
2025-09-11 15:25:00,89.16,89.19,89.13,89.14,76453.0
2025-09-11 15:30:00,89.14,89.2,89.105,89.1901,114685.0
2025-09-11 15:35:00,89.19,89.25,89.11,89.16,68736.0
2025-09-11 15:40:00,89.14,89.15,89.045,89.14,88364.0
2025-09-11 15:45:00,89.145,89.19,89.115,89.14,85507.0
2025-09-11 15:50:00,89.15,89.18,89.115,89.18,65436.0
2025-09-11 15:55:00,89.185,89.23,89.165,89.22,58847.0
2025-09-11 16:00:00,89.23,89.24,89.15,89.175,73773.0
2025-09-12 09:35:00,89.04,89.04,89.04,89.04,300.0
2025-09-12 09:40:00,89.06,89.07,89.06,89.06,200.0
2025-09-12 10:50:00,89.12,89.13,89.09,89.13,9816.0
2025-09-12 10:55:00,89.15,89.15,89.13,89.14,1401.0
2025-09-12 11:00:00,89.13,89.13,89.11,89.11,944.0
2025-09-12 11:15:00,89.15,89.15,89.15,89.15,201.0
2025-09-12 11:25:00,89.18,89.18,89.16,89.16,1053.0
2025-09-12 11:40:00,89.2,89.2,89.2,89.2,2300.0
2025-09-12 11:45:00,89.23,89.24,89.23,89.24,400.0
2025-09-12 11:55:00,89.17,89.25,89.17,89.25,1586.0
2025-09-12 12:00:00,89.16,89.3497,88.83,89.28,5058.0
2025-09-12 12:05:00,89.32,89.3499,89.28,89.28,3321.0
2025-09-12 12:10:00,89.28,89.28,89.26,89.26,404.0
2025-09-12 12:15:00,89.26,89.3,89.26,89.3,5773.0
2025-09-12 12:20:00,89.3,89.33,89.26,89.33,1960.0
2025-09-12 12:25:00,89.34,89.55,89.29,89.48,36602.0
2025-09-12 12:30:00,89.44,89.56,89.44,89.47,56263.0
2025-09-12 12:35:00,89.37,89.37,89.31,89.32,1047.0
2025-09-12 12:40:00,89.34,89.46,89.34,89.46,970.0
2025-09-12 12:45:00,89.4,89.4,89.4,89.4,200.0
2025-09-12 12:50:00,89.48,89.48,89.48,89.48,335.0
2025-09-12 12:55:00,89.559,89.559,89.39,89.39,310.0
2025-09-12 13:00:00,89.4,89.45,89.4,89.4,1135.0
2025-09-12 13:05:00,89.46,89.46,89.38,89.38,3284.0
2025-09-12 13:10:00,89.38,89.38,89.37,89.37,2660.0
2025-09-12 13:15:00,89.38,89.42,89.38,89.41,1426.0
2025-09-12 13:20:00,89.35,89.35,89.34,89.3407,832.0
2025-09-12 13:25:00,89.34,89.48,89.34,89.47,4049.0
2025-09-12 13:30:00,89.5,89.9,89.32,89.55,1257495.0
2025-09-12 13:35:00,89.55,89.74,89.535,89.715,334719.0
2025-09-12 13:40:00,89.72,89.76,89.29,89.3,262065.0
2025-09-12 13:45:00,89.3,89.46,89.16,89.381,537686.0
2025-09-12 13:50:00,89.39,89.47,89.3332,89.35,311855.0
2025-09-12 13:55:00,89.34,89.34,89.2,89.29,180630.0
2025-09-12 14:00:00,89.27,89.27,89.13,89.2,228001.0
2025-09-12 14:05:00,89.2,89.36,89.17,89.32,249532.0
2025-09-12 14:10:00,89.31,89.33,89.245,89.28,190038.0
2025-09-12 14:15:00,89.275,89.325,89.23,89.265,241114.0
2025-09-12 14:20:00,89.265,89.3351,89.25,89.32,136215.0
2025-09-12 14:25:00,89.33,89.335,89.16,89.21,127283.0
2025-09-12 14:30:00,89.205,89.22,89.09,89.12,125822.0
2025-09-12 14:35:00,89.115,89.115,89.035,89.1,127101.0
2025-09-12 14:40:00,89.09,89.1,89.03,89.09,86369.0
2025-09-12 14:45:00,89.08,89.09,89.0,89.02,109020.0
2025-09-12 14:50:00,89.015,89.09,88.98,89.03,120667.0
2025-09-12 14:55:00,89.04,89.16,89.04,89.1359,76365.0
2025-09-12 15:00:00,89.13,89.22,89.1,89.21,143895.0
2025-09-12 15:05:00,89.205,89.245,89.18,89.2,100307.0
2025-09-12 15:10:00,89.1801,89.2055,89.125,89.17,81640.0
2025-09-12 15:15:00,89.17,89.28,89.15,89.27,71267.0
2025-09-12 15:20:00,89.285,89.325,89.28,89.28,46292.0
2025-09-12 15:25:00,89.285,89.285,89.13,89.17,76128.0
2025-09-12 15:30:00,89.17,89.19,89.13,89.185,57212.0
2025-09-12 15:35:00,89.185,89.22,89.1221,89.1221,144856.0
2025-09-12 15:40:00,89.13,89.13,89.05,89.105,70818.0
2025-09-12 15:45:00,89.12,89.13,89.025,89.08,98135.0
2025-09-12 15:50:00,89.08,89.155,89.075,89.1,118306.0
2025-09-12 15:55:00,89.095,89.195,89.08,89.185,55764.0
2025-09-12 16:00:00,89.19,89.215,89.1501,89.21,62323.0
2025-09-15 10:00:00,88.92,88.92,88.92,88.92,300.0
2025-09-15 10:40:00,88.89,88.89,88.89,88.89,450.0
2025-09-15 11:05:00,88.8,88.8,88.8,88.8,1000.0
2025-09-15 12:00:00,88.95,88.97,88.89,88.92,3715.0
2025-09-15 12:05:00,88.8605,88.8605,88.8605,88.8605,500.0
2025-09-15 12:20:00,88.94,88.97,88.94,88.97,4426.0
2025-09-15 12:25:00,88.92,88.92,88.92,88.92,100.0
2025-09-15 12:50:00,88.94,88.9692,88.94,88.9692,2000.0
2025-09-15 12:55:00,88.96,88.98,88.96,88.98,2050.0
2025-09-15 13:05:00,88.96,88.96,88.96,88.96,201.0
2025-09-15 13:10:00,88.93,88.93,88.92,88.92,300.0
2025-09-15 13:15:00,88.92,88.98,88.92,88.98,2948.0
2025-09-15 13:20:00,88.99,88.9999,88.99,88.9999,1789.0
2025-09-15 13:25:00,88.96,89.0,88.66,88.66,5484.0
2025-09-15 13:30:00,88.77,88.87,88.39,88.475,1075280.0
2025-09-15 13:35:00,88.475,88.48,88.31,88.415,465447.0
2025-09-15 13:40:00,88.42,88.505,88.15,88.225,332970.0
2025-09-15 13:45:00,88.22,88.49,88.16,88.44,181466.0
2025-09-15 13:50:00,88.435,88.465,88.28,88.43,190023.0
2025-09-15 13:55:00,88.43,88.63,88.41,88.59,183549.0
2025-09-15 14:00:00,88.59,88.6,88.34,88.34,240563.0
2025-09-15 14:05:00,88.335,88.43,88.33,88.4,113860.0
2025-09-15 14:10:00,88.405,88.585,88.375,88.575,140602.0
2025-09-15 14:15:00,88.57,88.68,88.565,88.67,84382.0
2025-09-15 14:20:00,88.66,88.795,88.65,88.78,77502.0
2025-09-15 14:25:00,88.77,88.885,88.7308,88.86,173436.0
2025-09-15 14:30:00,88.86,89.0,88.8,88.81,478070.0
2025-09-15 14:35:00,88.81,88.83,88.58,88.64,174651.0
2025-09-15 14:40:00,88.64,88.695,88.6,88.67,82714.0
2025-09-15 14:45:00,88.6665,88.79,88.6665,88.75,72325.0
2025-09-15 14:50:00,88.75,88.81,88.72,88.79,116342.0
2025-09-15 14:55:00,88.79,88.865,88.71,88.815,106746.0
2025-09-15 15:00:00,88.82,88.8365,88.66,88.7,161945.0
2025-09-15 15:05:00,88.695,88.805,88.69,88.79,101693.0
2025-09-15 15:10:00,88.79,88.825,88.745,88.7944,154018.0
2025-09-15 15:15:00,88.79,88.82,88.735,88.75,52363.0
2025-09-15 15:20:00,88.7355,88.74,88.605,88.62,72624.0
2025-09-15 15:25:00,88.62,88.65,88.54,88.56,163970.0
2025-09-15 15:30:00,88.56,88.58,88.49,88.55,109549.0
2025-09-15 15:35:00,88.55,88.615,88.54,88.61,45748.0
2025-09-15 15:40:00,88.61,88.645,88.55,88.62,45161.0
2025-09-15 15:45:00,88.6299,88.6299,88.455,88.485,52636.0
2025-09-15 15:50:00,88.485,88.4874,88.18,88.4,241994.0
2025-09-15 15:55:00,88.4,88.4665,88.385,88.43,82456.0
2025-09-15 16:00:00,88.43,88.52,88.4,88.435,77474.0
2025-09-16 09:35:00,88.28,88.28,88.28,88.28,400.0
2025-09-16 11:10:00,88.35,88.35,88.35,88.35,215.0
2025-09-16 11:30:00,88.41,88.42,88.41,88.41,2205.0
2025-09-16 11:55:00,88.459,88.469,88.459,88.469,300.0
2025-09-16 12:00:00,88.2,88.4894,88.2,88.27,2067.0
2025-09-16 12:10:00,88.49,88.58,88.47,88.56,29614.0
2025-09-16 12:15:00,88.57,88.64,88.57,88.64,1677.0
2025-09-16 12:20:00,88.64,88.64,88.51,88.62,991.0
2025-09-16 12:25:00,88.62,88.62,88.55,88.55,1135.0
2025-09-16 12:35:00,88.55,88.55,88.55,88.55,200.0
2025-09-16 12:40:00,88.59,88.59,88.59,88.59,240.0
2025-09-16 12:45:00,88.59,88.6,88.59,88.6,300.0
2025-09-16 12:50:00,88.6098,88.6098,88.58,88.58,4420.0
2025-09-16 12:55:00,88.6,88.64,88.58,88.64,2807.0
2025-09-16 13:00:00,88.6,88.61,88.6,88.6,941.0
2025-09-16 13:05:00,88.6,88.6,88.59,88.59,500.0
2025-09-16 13:25:00,88.66,88.76,88.66,88.76,1321.0
2025-09-16 13:30:00,88.69,89.41,88.67,89.32,574568.0
2025-09-16 13:35:00,89.33,89.33,89.02,89.115,422015.0
2025-09-16 13:40:00,89.12,89.14,88.73,88.86,252550.0
2025-09-16 13:45:00,88.86,89.05,88.77,88.93,320512.0
2025-09-16 13:50:00,88.93,89.03,88.87,89.005,254087.0
2025-09-16 13:55:00,89.0,89.07,88.93,89.06,131437.0
2025-09-16 14:00:00,89.07,89.17,89.01,89.08,264568.0
2025-09-16 14:05:00,89.09,89.14,88.94,88.97,272085.0
2025-09-16 14:10:00,88.97,89.11,88.97,89.08,190806.0
2025-09-16 14:15:00,89.09,89.36,89.06,89.345,214407.0
2025-09-16 14:20:00,89.345,89.415,89.32,89.365,491810.0
2025-09-16 14:25:00,89.35,89.36,89.27,89.325,105747.0
2025-09-16 14:30:00,89.33,89.38,89.255,89.26,169083.0
2025-09-16 14:35:00,89.27,89.47,89.23,89.44,170449.0
2025-09-16 14:40:00,89.445,89.455,89.265,89.285,239919.0
2025-09-16 14:45:00,89.26,89.325,89.215,89.23,174522.0
2025-09-16 14:50:00,89.235,89.29,89.185,89.21,177934.0
2025-09-16 14:55:00,89.22,89.275,89.19,89.22,57945.0
2025-09-16 15:00:00,89.225,89.3,89.155,89.3,90075.0
2025-09-16 15:05:00,89.31,89.475,89.31,89.455,185375.0
2025-09-16 15:10:00,89.45,89.5,89.4,89.47,346237.0
2025-09-16 15:15:00,89.47,89.53,89.41,89.41,148728.0
2025-09-16 15:20:00,89.41,89.47,89.3643,89.395,139610.0
2025-09-16 15:25:00,89.395,89.43,89.345,89.42,63024.0
2025-09-16 15:30:00,89.42,89.55,89.42,89.53,87205.0
2025-09-16 15:35:00,89.54,89.605,89.49,89.52,245185.0
2025-09-16 15:40:00,89.526,89.6599,89.515,89.63,101982.0
2025-09-16 15:45:00,89.62,89.71,89.605,89.71,179815.0
2025-09-16 15:50:00,89.705,89.77,89.66,89.725,125502.0
2025-09-16 15:55:00,89.725,89.77,89.68,89.6807,178382.0
2025-09-16 16:00:00,89.68,89.725,89.65,89.715,115960.0
2025-09-17 11:00:00,89.58,89.58,89.58,89.58,111.0
2025-09-17 11:05:00,89.5,89.5,89.5,89.5,100.0
2025-09-17 11:35:00,89.53,89.53,89.53,89.53,119.0
2025-09-17 11:45:00,89.58,89.58,89.58,89.58,337.0
2025-09-17 12:00:00,89.61,89.66,89.49,89.59,1578.0
2025-09-17 12:05:00,89.59,89.59,89.59,89.59,123.0
2025-09-17 12:15:00,89.61,89.61,89.61,89.61,176.0
2025-09-17 12:25:00,89.61,89.61,89.61,89.61,109.0
2025-09-17 13:05:00,89.7,89.7,89.65,89.7,468.0
2025-09-17 13:10:00,89.69,89.7,89.69,89.7,557.0
2025-09-17 13:20:00,89.7,89.7,89.7,89.7,416.0
2025-09-17 13:25:00,89.69,89.7,89.54,89.54,6827.0
2025-09-17 13:30:00,89.66,89.83,89.27,89.82,613941.0
2025-09-17 13:35:00,89.82,90.07,89.78,90.0,215214.0
2025-09-17 13:40:00,90.0,90.08,89.855,90.03,209446.0
2025-09-17 13:45:00,90.035,90.165,89.89,90.02,282251.0
2025-09-17 13:50:00,90.015,90.095,89.93,90.09,151849.0
2025-09-17 13:55:00,90.1,90.15,90.015,90.13,166473.0
2025-09-17 14:00:00,90.135,90.205,90.09,90.09,346830.0
2025-09-17 14:05:00,90.1,90.2,90.065,90.185,150782.0
2025-09-17 14:10:00,90.185,90.26,90.17,90.185,151140.0
2025-09-17 14:15:00,90.185,90.235,90.16,90.2,113664.0
2025-09-17 14:20:00,90.19,90.25,90.17,90.23,120792.0
2025-09-17 14:25:00,90.23,90.245,90.1503,90.1503,114769.0
2025-09-17 14:30:00,90.16,90.37,90.0201,90.05,355274.0
2025-09-17 14:35:00,90.05,90.12,90.025,90.08,105287.0
2025-09-17 14:40:00,90.08,90.12,90.03,90.09,101743.0
2025-09-17 14:45:00,90.1,90.105,90.02,90.05,117150.0
2025-09-17 14:50:00,90.05,90.0845,90.005,90.04,97030.0
2025-09-17 14:55:00,90.05,90.13,90.025,90.13,80757.0
2025-09-17 15:00:00,90.15,90.16,90.07,90.11,185248.0
2025-09-17 15:05:00,90.105,90.125,90.035,90.06,95665.0
2025-09-17 15:10:00,90.05,90.06,89.925,89.93,64469.0
2025-09-17 15:15:00,89.925,89.925,89.775,89.81,96170.0
2025-09-17 15:20:00,89.8,89.83,89.755,89.815,86168.0
2025-09-17 15:25:00,89.815,89.85,89.765,89.765,87602.0
2025-09-17 15:30:00,89.77,89.92,89.74,89.9,104727.0
2025-09-17 15:35:00,89.89,89.955,89.85,89.93,81191.0
2025-09-17 15:40:00,89.93,90.04,89.9208,90.0113,50400.0
2025-09-17 15:45:00,90.02,90.02,89.885,89.93,62976.0
2025-09-17 15:50:00,89.93,90.05,89.88,90.025,68912.0
2025-09-17 15:55:00,90.05,90.05,90.005,90.04,69789.0
2025-09-17 16:00:00,90.0338,90.06,90.01,90.05,48160.0
2025-09-18 09:40:00,90.36,90.36,90.35,90.35,2200.0
2025-09-18 10:20:00,90.36,90.4,90.36,90.37,688.0
2025-09-18 10:25:00,90.44,90.45,90.39,90.45,2378.0
2025-09-18 10:35:00,90.49,90.56,90.49,90.53,1650.0
2025-09-18 11:00:00,90.41,90.49,90.41,90.49,200.0
2025-09-18 11:05:00,90.44,90.53,90.43,90.53,5963.0
2025-09-18 11:10:00,90.58,90.59,90.58,90.59,4330.0
2025-09-18 11:20:00,90.53,90.53,90.53,90.53,310.0
2025-09-18 11:25:00,90.52,90.55,90.48,90.54,12096.0
2025-09-18 11:30:00,90.55,90.56,90.55,90.56,2937.0
2025-09-18 11:35:00,90.52,90.58,90.52,90.58,9223.0
2025-09-18 11:40:00,90.59,90.6,90.58,90.6,1459.0
2025-09-18 11:45:00,90.6,90.6,90.6,90.6,1735.0
2025-09-18 11:50:00,90.56,90.56,90.56,90.56,251.0
2025-09-18 12:00:00,89.78,90.71,89.78,90.71,7558.0
2025-09-18 12:05:00,90.49,90.49,90.49,90.49,706.0
2025-09-18 12:10:00,90.42,90.65,90.42,90.65,1200.0
2025-09-18 12:20:00,90.5,90.5,90.5,90.5,190.0
2025-09-18 12:25:00,90.55,90.6,90.55,90.6,225.0
2025-09-18 12:30:00,90.63,90.63,90.63,90.63,269.0
2025-09-18 12:35:00,90.53,90.92,90.53,90.57,8623.0
2025-09-18 12:40:00,90.38,90.38,90.38,90.38,201.0
2025-09-18 12:50:00,90.38,90.4,90.37,90.4,639.0
2025-09-18 12:55:00,90.3,90.3,90.3,90.3,101.0
2025-09-18 13:00:00,90.27,90.27,90.25,90.25,551.0
2025-09-18 13:05:00,90.12,90.13,90.12,90.13,403.0
2025-09-18 13:10:00,90.1,90.12,90.1,90.12,1324.0
2025-09-18 13:20:00,90.05,90.05,90.03,90.03,3909.0
2025-09-18 13:25:00,90.03,90.2,89.93,90.13,24259.0
2025-09-18 13:30:00,90.07,90.25,89.66,89.79,815517.0
2025-09-18 13:35:00,89.79,90.18,89.78,89.995,374287.0
2025-09-18 13:40:00,90.01,90.11,89.93,90.07,293200.0
2025-09-18 13:45:00,90.06,90.14,89.89,90.01,409495.0
2025-09-18 13:50:00,90.015,90.06,89.93,89.95,372124.0
2025-09-18 13:55:00,89.945,90.01,89.83,89.99,321598.0
2025-09-18 14:00:00,90.0,90.08,89.935,90.02,346480.0
2025-09-18 14:05:00,90.025,90.14,90.025,90.12,251614.0
2025-09-18 14:10:00,90.12,90.2,90.085,90.16,179579.0
2025-09-18 14:15:00,90.16,90.205,90.14,90.16,128568.0
2025-09-18 14:20:00,90.16,90.17,90.075,90.115,126276.0
2025-09-18 14:25:00,90.125,90.175,90.0,90.0,154954.0
2025-09-18 14:30:00,90.0,90.025,89.92,90.0,208673.0
2025-09-18 14:35:00,90.0,90.03,89.97,89.995,127458.0
2025-09-18 14:40:00,90.0,90.02,89.925,89.95,133673.0
2025-09-18 14:45:00,89.96,89.97,89.83,89.83,191107.0
2025-09-18 14:50:00,89.83,89.83,89.67,89.73,182489.0
2025-09-18 14:55:00,89.73,89.73,89.62,89.66,173007.0
2025-09-18 15:00:00,89.67,89.7,89.565,89.565,234571.0
2025-09-18 15:05:00,89.565,89.91,89.03,89.22,2050089.0
2025-09-18 15:10:00,89.225,89.245,89.06,89.22,430430.0
2025-09-18 15:15:00,89.22,89.35,89.2,89.3,241114.0
2025-09-18 15:20:00,89.305,89.395,89.23,89.38,159913.0
2025-09-18 15:25:00,89.38,89.55,89.35,89.52,111205.0
2025-09-18 15:30:00,89.52,89.615,89.51,89.595,118995.0
2025-09-18 15:35:00,89.6,89.73,89.6,89.72,154646.0
2025-09-18 15:40:00,89.73,89.785,89.705,89.78,97555.0
2025-09-18 15:45:00,89.785,89.88,89.74,89.835,113725.0
2025-09-18 15:50:00,89.835,89.85,89.75,89.82,152078.0
2025-09-18 15:55:00,89.82,89.9,89.755,89.87,101959.0
2025-09-18 16:00:00,89.86,89.88,89.775,89.81,66591.0
2025-09-19 11:30:00,89.63,89.63,89.63,89.63,390.0
2025-09-19 11:50:00,89.72,89.74,89.72,89.74,377.0
2025-09-19 12:00:00,89.45,89.71,89.45,89.59,7301.0
2025-09-19 12:50:00,89.65,89.67,89.64,89.64,637.0
2025-09-19 12:55:00,89.65,89.65,89.65,89.65,315.0
2025-09-19 13:00:00,89.65,89.65,89.65,89.65,286.0
2025-09-19 13:25:00,89.6,89.71,89.53,89.71,14943.0
2025-09-19 13:30:00,89.63,89.695,89.14,89.16,593889.0
2025-09-19 13:35:00,89.17,89.21,89.03,89.105,210383.0
2025-09-19 13:40:00,89.1,89.17,88.88,89.04,252962.0
2025-09-19 13:45:00,89.03,89.26,88.98,89.175,417671.0
2025-09-19 13:50:00,89.17,89.33,89.155,89.22,195461.0
2025-09-19 13:55:00,89.23,89.26,89.045,89.08,381128.0
2025-09-19 14:00:00,89.08,89.08,88.805,88.89,419195.0
2025-09-19 14:05:00,88.9,88.96,88.81,88.87,194528.0
2025-09-19 14:10:00,88.86,89.07,88.85,89.0,121102.0
2025-09-19 14:15:00,89.0,89.17,88.985,89.165,203783.0
2025-09-19 14:20:00,89.16,89.165,89.0812,89.0812,210704.0
2025-09-19 14:25:00,89.08,89.08,88.7599,88.79,203408.0
2025-09-19 14:30:00,88.8,88.91,88.775,88.805,124135.0
2025-09-19 14:35:00,88.81,88.83,88.705,88.73,138175.0
2025-09-19 14:40:00,88.74,88.77,88.635,88.6465,141504.0
2025-09-19 14:45:00,88.645,88.74,88.585,88.6,139839.0
2025-09-19 14:50:00,88.585,88.73,88.585,88.66,163773.0
2025-09-19 14:55:00,88.655,88.69,88.615,88.69,113549.0
2025-09-19 15:00:00,88.685,88.72,88.66,88.685,111690.0
2025-09-19 15:05:00,88.685,88.72,88.59,88.59,100202.0
2025-09-19 15:10:00,88.595,88.61,88.51,88.545,142846.0
2025-09-19 15:15:00,88.545,88.5691,88.48,88.55,171737.0
2025-09-19 15:20:00,88.54,88.595,88.4865,88.57,173558.0
2025-09-19 15:25:00,88.575,88.5985,88.42,88.42,160862.0
2025-09-19 15:30:00,88.42,88.42,88.22,88.33,314282.0
2025-09-19 15:35:00,88.33,88.405,88.265,88.285,103939.0
2025-09-19 15:40:00,88.285,88.45,88.265,88.37,173136.0
2025-09-19 15:45:00,88.36,88.455,88.35,88.43,98878.0
2025-09-19 15:50:00,88.435,88.465,88.37,88.42,147658.0
2025-09-19 15:55:00,88.425,88.45,88.405,88.415,96051.0
2025-09-19 16:00:00,88.415,88.48,88.4,88.46,115235.0
2025-09-22 10:10:00,87.75,87.75,87.75,87.75,185.0
2025-09-22 10:15:00,87.81,87.81,87.81,87.81,110.0
2025-09-22 10:25:00,87.66,87.66,87.58,87.6,2350.0
2025-09-22 10:45:00,87.65,87.65,87.65,87.65,500.0
2025-09-22 10:55:00,87.63,87.63,87.63,87.63,565.0
2025-09-22 11:00:00,87.66,87.66,87.6,87.65,1215.0
2025-09-22 11:05:00,87.69,87.7,87.68,87.69,1154.0
2025-09-22 11:15:00,87.65,87.68,87.64,87.68,780.0
2025-09-22 11:20:00,87.66,87.66,87.66,87.66,150.0
2025-09-22 11:30:00,87.66,87.66,87.66,87.66,601.0
2025-09-22 11:35:00,87.68,87.7,87.68,87.7,2268.0
2025-09-22 11:40:00,87.67,87.67,87.67,87.67,500.0
2025-09-22 11:45:00,87.66,87.66,87.65,87.65,471.0
2025-09-22 11:50:00,87.68,87.68,87.68,87.68,276.0
2025-09-22 12:00:00,87.7,88.02,87.66,87.66,11419.0
2025-09-22 12:05:00,87.66,87.7,87.65,87.6525,1938.0
2025-09-22 12:10:00,87.6525,87.69,87.65,87.65,5715.0
2025-09-22 12:30:00,87.65,87.65,87.65,87.65,701.0
2025-09-22 12:45:00,87.57,87.57,87.57,87.57,268.0
2025-09-22 12:50:00,87.55,87.55,87.5,87.5,2990.0
2025-09-22 12:55:00,87.5,87.53,87.49,87.52,3455.0
2025-09-22 13:00:00,87.49,87.49,87.49,87.49,275.0
2025-09-22 13:15:00,87.48,87.48,87.47,87.47,1825.0
2025-09-22 13:25:00,87.45,87.45,87.45,87.45,1413.0
2025-09-22 13:30:00,87.46,87.46,87.12,87.3524,589939.0
2025-09-22 13:35:00,87.35,87.595,87.31,87.36,282221.0
2025-09-22 13:40:00,87.35,87.385,87.2,87.26,191442.0
2025-09-22 13:45:00,87.26,87.33,87.172,87.235,221889.0
2025-09-22 13:50:00,87.24,87.28,87.135,87.18,350802.0
2025-09-22 13:55:00,87.19,87.31,87.165,87.29,227578.0
2025-09-22 14:00:00,87.29,87.29,87.2,87.235,158556.0
2025-09-22 14:05:00,87.23,87.32,87.225,87.32,100652.0
2025-09-22 14:10:00,87.31,87.3435,87.2,87.225,117179.0
2025-09-22 14:15:00,87.22,87.25,87.11,87.17,276513.0
2025-09-22 14:20:00,87.17,87.23,87.135,87.2,109447.0
2025-09-22 14:25:00,87.1944,87.275,87.17,87.26,137737.0
2025-09-22 14:30:00,87.25,87.39,87.235,87.38,86151.0
2025-09-22 14:35:00,87.39,87.485,87.385,87.42,131714.0
2025-09-22 14:40:00,87.43,87.49,87.405,87.48,67126.0
2025-09-22 14:45:00,87.48,87.55,87.48,87.49,81088.0
2025-09-22 14:50:00,87.49,87.56,87.45,87.56,78792.0
2025-09-22 14:55:00,87.56,87.67,87.535,87.645,110821.0
2025-09-22 15:00:00,87.64,87.71,87.63,87.64,116046.0
2025-09-22 15:05:00,87.64,87.66,87.58,87.605,135116.0
2025-09-22 15:10:00,87.6,87.63,87.515,87.605,102440.0
2025-09-22 15:15:00,87.61,87.66,87.585,87.65,62359.0
2025-09-22 15:20:00,87.65,87.7,87.625,87.64,54844.0
2025-09-22 15:25:00,87.64,87.71,87.615,87.66,64264.0
2025-09-22 15:30:00,87.66,87.71,87.62,87.695,105624.0
2025-09-22 15:35:00,87.695,87.73,87.62,87.62,103072.0
2025-09-22 15:40:00,87.62,87.695,87.61,87.635,93133.0
2025-09-22 15:45:00,87.64,87.64,87.56,87.58,97719.0
2025-09-22 15:50:00,87.585,87.64,87.5847,87.63,53949.0
2025-09-22 15:55:00,87.63,87.658,87.62,87.65,58976.0
2025-09-22 16:00:00,87.655,87.69,87.59,87.66,61035.0
2025-09-23 10:50:00,87.99,88.0,87.99,88.0,2000.0
2025-09-23 11:00:00,87.99,88.02,87.99,88.02,10904.0
2025-09-23 11:05:00,88.02,88.02,88.02,88.02,552.0
2025-09-23 11:10:00,87.92,87.92,87.92,87.92,113.0
2025-09-23 11:25:00,87.87,87.87,87.87,87.87,125.0
2025-09-23 11:30:00,87.99,88.0,87.99,88.0,1140.0
2025-09-23 11:45:00,87.97,87.97,87.97,87.97,100.0
2025-09-23 11:50:00,88.0,88.0,88.0,88.0,1249.0
2025-09-23 12:00:00,88.0,88.0997,87.56,87.56,2303.0
2025-09-23 12:05:00,88.109,88.109,88.109,88.109,101.0
2025-09-23 12:15:00,88.08,88.08,87.97,87.97,3454.0
2025-09-23 12:20:00,87.95,87.95,87.95,87.95,1400.0
2025-09-23 12:25:00,87.97,87.97,87.97,87.97,2137.0
2025-09-23 12:45:00,87.97,87.97,87.97,87.97,382.0
2025-09-23 12:55:00,88.071,88.071,88.071,88.071,100.0
2025-09-23 13:00:00,88.0,88.0,88.0,88.0,100.0
2025-09-23 13:05:00,87.99,88.0,87.99,88.0,383.0
2025-09-23 13:10:00,88.0,88.0,88.0,88.0,743.0
2025-09-23 13:15:00,88.01,88.03,88.0,88.03,1389.0
2025-09-23 13:20:00,88.03,88.04,88.03,88.04,430.0
2025-09-23 13:25:00,88.08,88.11,88.08,88.11,1408.0
2025-09-23 13:30:00,88.02,88.54,88.02,88.505,586519.0
2025-09-23 13:35:00,88.52,88.74,88.5,88.7,367730.0
2025-09-23 13:40:00,88.71,89.0,88.71,89.0,329869.0
2025-09-23 13:45:00,89.0,89.27,88.98,89.27,333502.0
2025-09-23 13:50:00,89.265,89.4,89.23,89.39,367302.0
2025-09-23 13:55:00,89.38,89.67,89.35,89.67,367324.0
2025-09-23 14:00:00,89.67,89.78,89.46,89.5,446541.0
2025-09-23 14:05:00,89.48,89.615,89.475,89.56,268940.0
2025-09-23 14:10:00,89.555,89.77,89.55,89.665,344438.0
2025-09-23 14:15:00,89.655,89.74,89.575,89.715,393034.0
2025-09-23 14:20:00,89.725,89.835,89.69,89.83,404341.0
2025-09-23 14:25:00,89.83,90.05,89.51,89.99,1611962.0
2025-09-23 14:30:00,89.985,90.14,89.92,89.98,1061755.0
2025-09-23 14:35:00,89.98,90.03,89.895,89.96,664812.0
2025-09-23 14:40:00,89.95,90.085,89.915,90.05,436726.0
2025-09-23 14:45:00,90.045,90.14,89.955,90.11,406666.0
2025-09-23 14:50:00,90.1,90.115,89.935,89.95,267758.0
2025-09-23 14:55:00,89.94,89.965,89.875,89.935,196285.0
2025-09-23 15:00:00,89.94,89.96,89.88,89.89,180864.0
2025-09-23 15:05:00,89.89,90.015,89.85,89.85,259824.0
2025-09-23 15:10:00,89.85,89.9,89.77,89.79,330533.0
2025-09-23 15:15:00,89.79,89.85,89.75,89.8,141783.0
2025-09-23 15:20:00,89.8,89.87,89.75,89.825,163372.0
2025-09-23 15:25:00,89.825,89.86,89.785,89.79,268683.0
2025-09-23 15:30:00,89.795,89.855,89.78,89.8,186674.0
2025-09-23 15:35:00,89.8062,89.855,89.73,89.83,190306.0
2025-09-23 15:40:00,89.82,89.835,89.735,89.8,218022.0
2025-09-23 15:45:00,89.81,89.82,89.76,89.7947,136656.0
2025-09-23 15:50:00,89.79,89.835,89.73,89.7475,214450.0
2025-09-23 15:55:00,89.76,89.79,89.705,89.74,153507.0
2025-09-23 16:00:00,89.74,89.75,89.625,89.7002,130346.0
2025-09-24 09:50:00,89.21,89.29,89.21,89.28,1026.0
2025-09-24 09:55:00,89.3,89.3,89.3,89.3,450.0
2025-09-24 10:00:00,89.3,89.3,89.3,89.3,181.0
2025-09-24 10:10:00,89.36,89.36,89.36,89.36,175.0
2025-09-24 10:20:00,89.42,89.42,89.42,89.42,300.0
2025-09-24 10:25:00,89.42,89.42,89.42,89.42,167.0
2025-09-24 10:35:00,89.48,89.48,89.47,89.48,3447.0
2025-09-24 10:40:00,89.48,89.5,89.48,89.48,1837.0
2025-09-24 10:45:00,89.48,89.48,89.48,89.48,769.0
2025-09-24 10:50:00,89.46,89.46,89.46,89.46,1000.0
2025-09-24 10:55:00,89.44,89.44,89.44,89.44,1111.0
2025-09-24 11:05:00,89.43,89.43,89.42,89.42,1000.0
2025-09-24 11:10:00,89.5,89.5,89.5,89.5,181.0
2025-09-24 11:25:00,89.53,89.54,89.53,89.53,446.0
2025-09-24 11:30:00,89.52,89.52,89.47,89.47,3576.0
2025-09-24 11:40:00,89.45,89.5,89.45,89.5,814.0
2025-09-24 11:45:00,89.5,89.5,89.5,89.5,500.0
2025-09-24 11:50:00,89.5,89.53,89.5,89.53,971.0
2025-09-24 11:55:00,89.53,89.53,89.53,89.53,426.0
2025-09-24 12:00:00,89.49,89.53,89.17,89.27,4779.0
2025-09-24 12:10:00,89.53,89.53,89.53,89.53,447.0
2025-09-24 12:15:00,89.57,89.57,89.55,89.55,411.0
2025-09-24 12:20:00,89.57,89.57,89.5699,89.57,3589.0
2025-09-24 12:25:00,89.67,89.69,89.65,89.65,1749.0
2025-09-24 12:30:00,89.6481,89.72,89.5401,89.72,469.0
2025-09-24 12:40:00,89.63,89.64,89.57,89.59,4045.0
2025-09-24 12:45:00,89.71,89.71,89.7,89.7099,765.0
2025-09-24 12:50:00,89.69,89.69,89.69,89.69,476.0
2025-09-24 12:55:00,89.67,89.67,89.67,89.67,420.0
2025-09-24 13:00:00,89.68,89.68,89.68,89.68,2227.0
2025-09-24 13:05:00,89.72,89.74,89.64,89.74,1739.0
2025-09-24 13:10:00,89.74,89.77,89.64,89.65,8596.0
2025-09-24 13:15:00,89.7299,89.73,89.65,89.72,4070.0
2025-09-24 13:20:00,89.74,89.74,89.7,89.73,1834.0
2025-09-24 13:25:00,89.72,89.9,89.72,89.9,18309.0
2025-09-24 13:30:00,89.81,90.31,89.71,90.24,1109677.0
2025-09-24 13:35:00,90.23,90.48,90.21,90.46,543964.0
2025-09-24 13:40:00,90.46,90.58,90.3802,90.42,298960.0
2025-09-24 13:45:00,90.44,90.55,90.31,90.44,339510.0
2025-09-24 13:50:00,90.44,90.605,90.43,90.59,246553.0
2025-09-24 13:55:00,90.59,90.67,90.52,90.58,279801.0
2025-09-24 14:00:00,90.595,90.66,90.45,90.54,370788.0
2025-09-24 14:05:00,90.52,90.585,90.485,90.585,176410.0
2025-09-24 14:10:00,90.565,90.58,90.445,90.48,231161.0
2025-09-24 14:15:00,90.48,90.58,90.47,90.54,157189.0
2025-09-24 14:20:00,90.54,90.619,90.5,90.56,222433.0
2025-09-24 14:25:00,90.56,90.59,90.52,90.555,319390.0
2025-09-24 14:30:00,90.56,90.64,90.48,90.535,259754.0
2025-09-24 14:35:00,90.535,90.68,90.52,90.64,116608.0
2025-09-24 14:40:00,90.6244,90.635,90.565,90.59,108259.0
2025-09-24 14:45:00,90.6,90.61,90.51,90.555,156412.0
2025-09-24 14:50:00,90.56,90.645,90.56,90.64,109879.0
2025-09-24 14:55:00,90.635,90.78,90.61,90.78,176625.0
2025-09-24 15:00:00,90.78,90.92,90.77,90.77,309553.0
2025-09-24 15:05:00,90.77,90.84,90.77,90.785,238949.0
2025-09-24 15:10:00,90.78,90.82,90.77,90.77,106797.0
2025-09-24 15:15:00,90.765,90.865,90.765,90.8,169053.0
2025-09-24 15:20:00,90.8,90.83,90.725,90.74,138280.0
2025-09-24 15:25:00,90.73,90.85,90.725,90.845,123036.0
2025-09-24 15:30:00,90.85,90.97,90.84,90.96,227217.0
2025-09-24 15:35:00,90.955,91.035,90.95,91.035,301054.0
2025-09-24 15:40:00,91.035,91.11,91.0001,91.11,144481.0
2025-09-24 15:45:00,91.105,91.18,91.0601,91.07,372216.0
2025-09-24 15:50:00,91.08,91.13,90.975,91.01,202093.0
2025-09-24 15:55:00,91.005,91.05,90.96,90.97,82556.0
2025-09-24 16:00:00,90.97,91.0,90.93,91.0,296631.0
2025-09-25 09:30:00,90.27,90.29,90.27,90.29,775.0
2025-09-25 09:45:00,90.3,90.3,90.3,90.3,434.0
2025-09-25 09:55:00,90.39,90.43,90.39,90.42,1950.0
2025-09-25 10:00:00,90.4,90.4,90.4,90.4,130.0
2025-09-25 10:25:00,90.42,90.42,90.42,90.42,367.0
2025-09-25 10:30:00,90.42,90.42,90.35,90.35,348.0
2025-09-25 10:45:00,90.36,90.36,90.36,90.36,1072.0
2025-09-25 11:05:00,90.38,90.38,90.33,90.34,3944.0
2025-09-25 11:10:00,90.33,90.33,90.29,90.29,8638.0
2025-09-25 11:30:00,90.31,90.31,90.31,90.31,175.0
2025-09-25 11:35:00,90.29,90.3,90.29,90.3,3834.0
2025-09-25 11:40:00,90.3,90.3,90.3,90.3,201.0
2025-09-25 11:55:00,90.23,90.24,90.23,90.23,1029.0
2025-09-25 12:00:00,90.23,90.48,90.1913,90.1913,13824.0
2025-09-25 12:05:00,90.19,90.19,90.19,90.19,127.0
2025-09-25 12:10:00,90.23,90.24,90.23,90.24,1107.0
2025-09-25 12:15:00,90.191,90.191,90.18,90.18,1750.0
2025-09-25 12:20:00,90.18,90.18,90.1602,90.1602,5076.0
2025-09-25 12:25:00,90.17,90.18,90.17,90.18,3172.0
2025-09-25 12:30:00,90.18,90.18,90.18,90.18,136.0
2025-09-25 12:35:00,90.25,90.28,90.2,90.2,3132.0
2025-09-25 12:40:00,90.24,90.24,90.24,90.24,431.0
2025-09-25 12:45:00,90.2,90.2,90.16,90.16,5273.0
2025-09-25 12:50:00,90.22,90.22,90.22,90.22,279.0
2025-09-25 12:55:00,90.16,90.175,90.16,90.175,581.0
2025-09-25 13:00:00,90.15,90.1991,90.15,90.1991,1701.0
2025-09-25 13:05:00,90.11,90.34,90.07,90.34,3724.0
2025-09-25 13:10:00,90.1184,90.18,90.11,90.18,3875.0
2025-09-25 13:15:00,90.1871,90.1871,90.15,90.15,409.0
2025-09-25 13:20:00,90.13,90.24,90.13,90.24,2156.0
2025-09-25 13:25:00,90.23,90.41,90.17,90.35,4624.0
2025-09-25 13:30:00,90.33,90.84,90.15,90.68,831240.0
2025-09-25 13:35:00,90.7,90.81,90.5,90.54,429126.0
2025-09-25 13:40:00,90.545,90.67,90.21,90.34,276893.0
2025-09-25 13:45:00,90.33,90.46,90.08,90.15,311939.0
2025-09-25 13:50:00,90.15,90.28,90.12,90.19,279812.0
2025-09-25 13:55:00,90.18,90.355,90.12,90.355,209034.0
2025-09-25 14:00:00,90.355,90.625,90.34,90.51,215231.0
2025-09-25 14:05:00,90.5,90.63,90.42,90.63,137588.0
2025-09-25 14:10:00,90.63,90.68,90.58,90.68,249668.0
2025-09-25 14:15:00,90.67,90.68,90.55,90.595,267154.0
2025-09-25 14:20:00,90.58,90.68,90.57,90.63,134851.0
2025-09-25 14:25:00,90.6301,90.675,90.59,90.64,178926.0
2025-09-25 14:30:00,90.65,90.695,90.605,90.69,116613.0
2025-09-25 14:35:00,90.695,90.94,90.69,90.905,200416.0
2025-09-25 14:40:00,90.9,90.9,90.745,90.775,245168.0
2025-09-25 14:45:00,90.77,90.775,90.69,90.735,167232.0
2025-09-25 14:50:00,90.73,90.785,90.66,90.785,130058.0
2025-09-25 14:55:00,90.785,90.8474,90.74,90.76,117726.0
2025-09-25 15:00:00,90.755,90.85,90.74,90.79,146077.0
2025-09-25 15:05:00,90.79,90.795,90.67,90.785,117401.0
2025-09-25 15:10:00,90.78,90.87,90.75,90.855,187368.0
2025-09-25 15:15:00,90.865,90.93,90.83,90.89,143868.0
2025-09-25 15:20:00,90.88,90.89,90.785,90.805,187099.0
2025-09-25 15:25:00,90.815,90.89,90.8,90.87,139398.0
2025-09-25 15:30:00,90.87,90.935,90.84,90.9201,107857.0
2025-09-25 15:35:00,90.93,91.125,90.93,91.08,182255.0
2025-09-25 15:40:00,91.085,91.125,91.06,91.11,210019.0
2025-09-25 15:45:00,91.11,91.1757,91.09,91.13,132334.0
2025-09-25 15:50:00,91.14,91.165,91.03,91.05,88457.0
2025-09-25 15:55:00,91.06,91.14,91.05,91.07,91815.0
2025-09-25 16:00:00,91.085,91.105,91.03,91.1,169292.0
2025-09-26 09:40:00,91.25,91.25,91.24,91.24,238.0
2025-09-26 09:50:00,91.24,91.24,91.24,91.24,212.0
2025-09-26 10:55:00,91.13,91.13,91.06,91.06,300.0
2025-09-26 11:00:00,91.13,91.13,91.11,91.13,519.0
2025-09-26 11:10:00,91.15,91.15,91.13,91.13,337.0
2025-09-26 11:20:00,91.15,91.15,91.15,91.15,1862.0
2025-09-26 11:30:00,91.17,91.25,91.17,91.25,2931.0
2025-09-26 11:55:00,91.14,91.14,91.14,91.14,143.0
2025-09-26 12:00:00,91.05,91.45,91.05,91.1,8787.0
2025-09-26 12:15:00,91.21,91.21,91.21,91.21,400.0
2025-09-26 12:25:00,91.22,91.22,91.22,91.22,154.0
2025-09-26 12:30:00,91.17,91.26,91.17,91.26,3565.0
2025-09-26 12:40:00,91.41,91.41,91.3,91.3,1257.0
2025-09-26 12:45:00,91.32,91.33,91.3,91.33,1011.0
2025-09-26 12:50:00,91.37,91.37,91.32,91.37,9715.0
2025-09-26 12:55:00,91.4,91.4,91.39,91.39,506.0
2025-09-26 13:00:00,91.39,91.418,91.35,91.418,6896.0
2025-09-26 13:05:00,91.37,91.42,91.37,91.42,751.0
2025-09-26 13:10:00,91.43,91.43,91.35,91.4,421.0
2025-09-26 13:15:00,91.42,91.4291,91.34,91.4291,652.0
2025-09-26 13:20:00,91.41,91.42,91.41,91.42,3674.0
2025-09-26 13:25:00,91.38,91.38,91.37,91.37,881.0
2025-09-26 13:30:00,91.3,91.66,91.28,91.61,831186.0
2025-09-26 13:35:00,91.61,91.9,91.57,91.71,375854.0
2025-09-26 13:40:00,91.72,92.135,91.7,92.135,332380.0
2025-09-26 13:45:00,92.12,92.25,92.02,92.19,387089.0
2025-09-26 13:50:00,92.19,92.31,92.115,92.285,424090.0
2025-09-26 13:55:00,92.28,92.39,92.22,92.37,278217.0
2025-09-26 14:00:00,92.37,92.495,92.2065,92.37,381078.0
2025-09-26 14:05:00,92.37,92.585,92.36,92.55,430212.0
2025-09-26 14:10:00,92.54,92.63,92.45,92.6,443175.0
2025-09-26 14:15:00,92.59,92.76,92.53,92.73,393237.0
2025-09-26 14:20:00,92.73,92.91,92.71,92.82,502464.0
2025-09-26 14:25:00,92.82,92.82,92.55,92.575,328632.0
2025-09-26 14:30:00,92.58,92.645,92.515,92.525,364220.0
2025-09-26 14:35:00,92.525,92.62,92.4601,92.61,232404.0
2025-09-26 14:40:00,92.6,92.605,92.39,92.39,220382.0
2025-09-26 14:45:00,92.39,92.48,92.35,92.39,351175.0
2025-09-26 14:50:00,92.4,92.45,92.32,92.33,167791.0
2025-09-26 14:55:00,92.34,92.515,92.34,92.42,162079.0
2025-09-26 15:00:00,92.425,92.445,92.33,92.37,173263.0
2025-09-26 15:05:00,92.37,92.415,92.32,92.35,143860.0
2025-09-26 15:10:00,92.355,92.51,92.34,92.48,230278.0
2025-09-26 15:15:00,92.48,92.4975,92.4,92.48,192470.0
2025-09-26 15:20:00,92.49,92.52,92.42,92.46,138166.0
2025-09-26 15:25:00,92.46,92.505,92.445,92.48,108500.0
2025-09-26 15:30:00,92.48,92.515,92.46,92.5,161330.0
2025-09-26 15:35:00,92.505,92.56,92.47,92.56,92349.0
2025-09-26 15:40:00,92.55,92.685,92.53,92.675,139618.0
2025-09-26 15:45:00,92.67,92.74,92.64,92.725,271314.0
2025-09-26 15:50:00,92.72,92.725,92.65,92.68,143321.0
2025-09-26 15:55:00,92.67,92.67,92.575,92.575,116789.0
2025-09-26 16:00:00,92.58,92.66,92.58,92.59,136191.0
2025-09-29 09:55:00,92.15,92.15,92.15,92.15,200.0
2025-09-29 10:00:00,92.19,92.19,92.19,92.19,849.0
2025-09-29 10:10:00,92.2,92.2,92.2,92.2,100.0
2025-09-29 10:20:00,92.2,92.2,92.17,92.17,363.0
2025-09-29 10:25:00,92.15,92.15,92.15,92.15,100.0
2025-09-29 10:35:00,92.16,92.16,92.16,92.16,200.0
2025-09-29 10:40:00,92.16,92.16,92.0,92.14,6010.0
2025-09-29 10:50:00,92.1,92.1,92.1,92.1,459.0
2025-09-29 10:55:00,92.01,92.01,91.96,91.97,3750.0
2025-09-29 11:00:00,92.18,92.18,92.18,92.18,783.0
2025-09-29 11:05:00,92.07,92.07,92.07,92.07,1017.0
2025-09-29 11:10:00,92.07,92.07,92.0,92.0,2873.0
2025-09-29 11:15:00,91.99,91.99,91.95,91.95,3370.0
2025-09-29 11:20:00,91.99,92.0,91.99,92.0,1194.0
2025-09-29 11:25:00,92.05,92.05,92.04,92.04,231.0
2025-09-29 11:40:00,91.96,91.96,91.96,91.96,248.0
2025-09-29 11:45:00,91.93,91.93,91.92,91.92,450.0
2025-09-29 11:55:00,91.92,91.92,91.91,91.91,3265.0
2025-09-29 12:00:00,92.0,92.33,91.901,91.91,5516.0
2025-09-29 12:10:00,91.91,91.91,91.91,91.91,3122.0
2025-09-29 12:15:00,91.9,91.9,91.82,91.85,10431.0
2025-09-29 12:20:00,91.85,91.9,91.8,91.9,36259.0
2025-09-29 12:25:00,91.9,91.94,91.9,91.94,1160.0
2025-09-29 12:30:00,91.94,91.94,91.85,91.8613,833.0
2025-09-29 12:35:00,91.91,91.91,91.9,91.9,815.0
2025-09-29 12:40:00,91.8536,91.93,91.8536,91.93,606.0
2025-09-29 12:45:00,91.94,91.94,91.94,91.94,1460.0
2025-09-29 12:50:00,91.95,92.0,91.92,91.96,1105.0
2025-09-29 12:55:00,92.03,92.03,92.03,92.03,361.0
2025-09-29 13:00:00,91.99,91.99,91.9622,91.9622,496.0
2025-09-29 13:05:00,91.9501,92.0,91.95,91.95,855.0
2025-09-29 13:10:00,91.93,91.96,91.85,91.88,7014.0
2025-09-29 13:15:00,91.8001,91.88,91.8001,91.88,6106.0
2025-09-29 13:20:00,91.8015,91.85,91.67,91.67,7031.0
2025-09-29 13:25:00,91.65,91.7,91.35,91.35,11313.0
2025-09-29 13:30:00,91.35,91.48,91.07,91.145,1411164.0
2025-09-29 13:35:00,91.14,91.17,90.64,90.73,877878.0
2025-09-29 13:40:00,90.72,90.755,90.37,90.52,566598.0
2025-09-29 13:45:00,90.52,90.72,90.355,90.37,862859.0
2025-09-29 13:50:00,90.36,90.45,90.26,90.38,403341.0
2025-09-29 13:55:00,90.39,90.49,90.2547,90.26,497098.0
2025-09-29 14:00:00,90.26,90.35,90.08,90.26,596726.0
2025-09-29 14:05:00,90.265,90.36,90.16,90.23,405062.0
2025-09-29 14:10:00,90.23,90.265,90.11,90.25,307691.0
2025-09-29 14:15:00,90.25,90.34,90.17,90.32,294594.0
2025-09-29 14:20:00,90.32,90.335,90.24,90.285,190396.0
2025-09-29 14:25:00,90.28,90.45,90.2614,90.34,213593.0
2025-09-29 14:30:00,90.34,90.41,90.295,90.375,175789.0
2025-09-29 14:35:00,90.375,90.53,90.36,90.52,175152.0
2025-09-29 14:40:00,90.51,90.6,90.491602,90.575,220495.0
2025-09-29 14:45:00,90.58,90.6,90.525,90.55,118843.0
2025-09-29 14:50:00,90.545,90.56,90.47,90.49,128009.0
2025-09-29 14:55:00,90.495,90.505,90.37,90.38,152764.0
2025-09-29 15:00:00,90.38,90.405,90.315,90.34,158767.0
2025-09-29 15:05:00,90.3438,90.37,90.26,90.31,247754.0
2025-09-29 15:10:00,90.32,90.355,90.26,90.3151,108140.0
2025-09-29 15:15:00,90.32,90.41,90.305,90.3862,166688.0
2025-09-29 15:20:00,90.385,90.45,90.35,90.385,171340.0
2025-09-29 15:25:00,90.39,90.46,90.38,90.39,149402.0
2025-09-29 15:30:00,90.39,90.41,90.26,90.365,195659.0
2025-09-29 15:35:00,90.36,90.395,90.26,90.39,133511.0
2025-09-29 15:40:00,90.39,90.4,90.305,90.36,199274.0
2025-09-29 15:45:00,90.34,90.39,90.32,90.35,102294.0
2025-09-29 15:50:00,90.345,90.36,90.245,90.33,90459.0
2025-09-29 15:55:00,90.33,90.35,90.28,90.32,77497.0
2025-09-29 16:00:00,90.32,90.345,90.24,90.245,98837.0
2025-09-30 09:45:00,90.08,90.08,90.08,90.08,233.0
2025-09-30 09:50:00,90.1,90.1,90.1,90.1,200.0
2025-09-30 10:05:00,89.97,89.97,89.92,89.92,2035.0
2025-09-30 10:15:00,90.0,90.0,90.0,90.0,200.0
2025-09-30 10:50:00,90.05,90.05,90.05,90.05,101.0
2025-09-30 11:00:00,90.09,90.09,90.05,90.05,652.0
2025-09-30 11:10:00,90.08,90.08,90.08,90.08,319.0
2025-09-30 11:35:00,90.1,90.12,90.03,90.04,3030.0
2025-09-30 11:50:00,90.05,90.05,90.05,90.05,766.0
2025-09-30 11:55:00,89.89,89.91,89.55,89.55,35678.0
2025-09-30 12:00:00,89.58,90.43,89.5,89.5,47839.0
2025-09-30 12:05:00,89.63,89.63,89.52,89.61,1676.0
2025-09-30 12:10:00,89.54,89.55,89.39,89.4002,60370.0
2025-09-30 12:15:00,89.44,89.44,89.4115,89.44,6130.0
2025-09-30 12:20:00,89.44,89.59,89.41,89.59,5958.0
2025-09-30 12:25:00,89.59,89.59,89.45,89.55,5715.0
2025-09-30 12:30:00,89.55,89.55,89.45,89.5,1781.0
2025-09-30 12:40:00,89.46,89.46,89.4,89.4,1853.0
2025-09-30 12:45:00,89.38,89.48,89.38,89.48,5497.0
2025-09-30 12:50:00,89.54,89.56,89.51,89.56,3393.0
2025-09-30 12:55:00,89.56,89.56,89.48,89.48,1621.0
2025-09-30 13:00:00,89.58,89.63,89.55,89.63,5432.0
2025-09-30 13:05:00,89.62,89.62,89.62,89.62,286.0
2025-09-30 13:10:00,89.6958,89.6958,89.65,89.65,434.0
2025-09-30 13:15:00,89.69,89.69,89.69,89.69,189.0
2025-09-30 13:20:00,89.67,89.7,89.67,89.7,1045.0
2025-09-30 13:25:00,89.69,89.69,89.41,89.41,2229.0
2025-09-30 13:30:00,89.51,89.64,89.255,89.35,950616.0
2025-09-30 13:35:00,89.36,89.63,89.33,89.615,444499.0
2025-09-30 13:40:00,89.62,89.695,89.49,89.58,269471.0
2025-09-30 13:45:00,89.57,89.69,89.41,89.44,299809.0
2025-09-30 13:50:00,89.45,89.5,89.36,89.5,201945.0
2025-09-30 13:55:00,89.495,89.58,89.47,89.54,208257.0
2025-09-30 14:00:00,89.54,89.605,89.24,89.245,269122.0
2025-09-30 14:05:00,89.26,89.31,89.07,89.1,391511.0
2025-09-30 14:10:00,89.105,89.13,88.95,88.97,238284.0
2025-09-30 14:15:00,88.97,89.07,88.97,89.045,173158.0
2025-09-30 14:20:00,89.05,89.1079,89.01,89.025,164255.0
2025-09-30 14:25:00,89.03,89.08,88.92,88.945,184378.0
2025-09-30 14:30:00,88.945,88.9566,88.75,88.8061,323471.0
2025-09-30 14:35:00,88.81,88.85,88.71,88.74,309760.0
2025-09-30 14:40:00,88.74,88.8,88.67,88.7003,216051.0
2025-09-30 14:45:00,88.7,88.85,88.67,88.77,133240.0
2025-09-30 14:50:00,88.77,88.77,88.6703,88.72,165264.0
2025-09-30 14:55:00,88.71,88.73,88.64,88.7142,194697.0
2025-09-30 15:00:00,88.715,88.81,88.65,88.81,93475.0
2025-09-30 15:05:00,88.81,88.84,88.73,88.78,121384.0
2025-09-30 15:10:00,88.79,88.85,88.75,88.79,135051.0
2025-09-30 15:15:00,88.79,88.83,88.735,88.785,305918.0
2025-09-30 15:20:00,88.785,88.845,88.73,88.815,138280.0
2025-09-30 15:25:00,88.815,88.9,88.8,88.89,101178.0
2025-09-30 15:30:00,88.895,88.93,88.8301,88.92,168064.0
2025-09-30 15:35:00,88.92,88.935,88.88,88.8956,192986.0
2025-09-30 15:40:00,88.89,89.195,88.8,89.18,1572703.0
2025-09-30 15:45:00,89.185,89.5,89.03,89.11,2033024.0
2025-09-30 15:50:00,89.11,89.18,89.04,89.145,539852.0
2025-09-30 15:55:00,89.14,89.21,89.105,89.17,288202.0
2025-09-30 16:00:00,89.17,89.19,89.0945,89.11,173522.0
2025-10-01 09:40:00,88.91,88.91,88.91,88.91,138.0
2025-10-01 10:05:00,89.02,89.05,89.02,89.05,1040.0
2025-10-01 10:10:00,89.0,89.0,89.0,89.0,101.0
2025-10-01 11:10:00,89.05,89.07,89.04,89.04,7949.0
2025-10-01 11:25:00,89.05,89.05,89.05,89.05,189.0
2025-10-01 11:30:00,89.03,89.05,89.01,89.05,699.0
2025-10-01 11:45:00,89.05,89.05,89.05,89.05,170.0
2025-10-01 11:50:00,89.04,89.12,89.04,89.12,2256.0
2025-10-01 11:55:00,89.12,89.14,89.12,89.12,2667.0
2025-10-01 12:00:00,88.8701,89.29,88.87,89.2097,5250.0
2025-10-01 12:05:00,89.16,89.16,89.16,89.16,140.0
2025-10-01 12:10:00,89.12,89.12,89.12,89.12,450.0
2025-10-01 12:15:00,89.12,89.12,89.12,89.12,2341.0
2025-10-01 12:30:00,89.09,89.1,89.05,89.05,12933.0
2025-10-01 12:35:00,89.04,89.08,89.04,89.08,464.0
2025-10-01 12:40:00,89.08,89.08,89.08,89.08,151.0
2025-10-01 12:55:00,89.06,89.08,89.01,89.08,7209.0
2025-10-01 13:10:00,89.12,89.16,89.12,89.12,2186.0
2025-10-01 13:15:00,89.06,89.06,89.05,89.06,2894.0
2025-10-01 13:20:00,89.01,89.01,89.0,89.0,500.0
2025-10-01 13:25:00,88.9,89.05,88.9,89.05,2612.0
2025-10-01 13:30:00,88.9,89.32,88.88,89.26,703412.0
2025-10-01 13:35:00,89.26,89.28,89.12,89.275,374527.0
2025-10-01 13:40:00,89.28,89.35,89.135,89.205,179849.0
2025-10-01 13:45:00,89.2,89.22,88.96,89.065,297993.0
2025-10-01 13:50:00,89.06,89.11,88.9,88.93,264129.0
2025-10-01 13:55:00,88.925,89.075,88.925,88.9801,198420.0
2025-10-01 14:00:00,88.985,89.03,88.86,88.905,306922.0
2025-10-01 14:05:00,88.89,88.915,88.81,88.82,197954.0
2025-10-01 14:10:00,88.83,88.925,88.8,88.89,207251.0
2025-10-01 14:15:00,88.885,89.065,88.88,89.05,179996.0
2025-10-01 14:20:00,89.04,89.105,88.97,89.03,189738.0
2025-10-01 14:25:00,89.03,89.0799,89.02,89.06,136597.0
2025-10-01 14:30:00,89.065,89.065,88.82,88.93,551187.0
2025-10-01 14:35:00,88.94,88.98,88.81,88.915,167908.0
2025-10-01 14:40:00,88.915,89.02,88.835,88.99,172515.0
2025-10-01 14:45:00,88.9919,89.18,88.955,89.165,158808.0
2025-10-01 14:50:00,89.16,89.16,89.07,89.0951,137493.0
2025-10-01 14:55:00,89.09,89.12,89.03,89.07,105168.0
2025-10-01 15:00:00,89.07,89.15,88.985,89.0,175837.0
2025-10-01 15:05:00,89.0,89.11,88.985,89.035,338948.0
2025-10-01 15:10:00,89.03,89.035,88.945,88.975,184312.0
2025-10-01 15:15:00,88.98,89.09,88.965,89.06,163204.0
2025-10-01 15:20:00,89.06,89.24,89.0599,89.21,231065.0
2025-10-01 15:25:00,89.22,89.33,89.22,89.305,153462.0
2025-10-01 15:30:00,89.31,89.385,89.235,89.35,260511.0
2025-10-01 15:35:00,89.355,89.355,89.25,89.27,214015.0
2025-10-01 15:40:00,89.2749,89.28,89.22,89.24,150253.0
2025-10-01 15:45:00,89.24,89.3075,89.21,89.2775,164686.0
2025-10-01 15:50:00,89.27,89.315,89.21,89.24,140256.0
2025-10-01 15:55:00,89.25,89.28,89.23,89.2634,163270.0
2025-10-01 16:00:00,89.265,89.34,89.25,89.295,210027.0
2025-10-02 10:45:00,89.15,89.15,89.1,89.1,2212.0
2025-10-02 11:00:00,89.32,89.32,89.16,89.27,1066.0
2025-10-02 11:35:00,89.25,89.25,89.24,89.24,422.0
2025-10-02 11:55:00,89.26,89.26,89.26,89.26,176.0
2025-10-02 12:00:00,89.34,89.36,89.08,89.15,5010.0
2025-10-02 12:10:00,89.19,89.19,89.18,89.19,2140.0
2025-10-02 12:20:00,89.17,89.19,89.16,89.19,2290.0
2025-10-02 12:25:00,89.14,89.14,89.14,89.14,582.0
2025-10-02 12:40:00,89.19,89.3,89.19,89.3,9589.0
2025-10-02 12:50:00,89.22,89.22,89.22,89.22,100.0
2025-10-02 13:00:00,89.2,89.2,89.11,89.11,6916.0
2025-10-02 13:10:00,89.1,89.1,89.08,89.1,2664.0
2025-10-02 13:15:00,89.1,89.12,89.1,89.12,1380.0
2025-10-02 13:20:00,89.03,89.03,89.03,89.03,1488.0
2025-10-02 13:25:00,89.02,89.14,89.02,89.14,1305.0
2025-10-02 13:30:00,89.14,89.7,89.12,89.29,867375.0
2025-10-02 13:35:00,89.28,89.57,89.21,89.55,611798.0
2025-10-02 13:40:00,89.555,89.62,89.44,89.6199,307464.0
2025-10-02 13:45:00,89.615,89.71,89.515,89.71,263340.0
2025-10-02 13:50:00,89.72,89.815,89.66,89.81,238653.0
2025-10-02 13:55:00,89.815,89.925,89.81,89.85,169927.0
2025-10-02 14:00:00,89.85,89.93,89.81,89.8748,237354.0
2025-10-02 14:05:00,89.87,89.87,89.455,89.49,180841.0
2025-10-02 14:10:00,89.485,89.74,89.455,89.49,454176.0
2025-10-02 14:15:00,89.48,89.52,89.3672,89.48,226662.0
2025-10-02 14:20:00,89.4899,89.4999,89.29,89.33,261959.0
2025-10-02 14:25:00,89.33,89.48,89.305,89.44,245925.0
2025-10-02 14:30:00,89.45,89.47,89.33,89.36,181705.0
2025-10-02 14:35:00,89.375,89.41,89.275,89.385,175716.0
2025-10-02 14:40:00,89.38,89.4,89.24,89.26,627523.0
2025-10-02 14:45:00,89.2558,89.29,89.085,89.115,197382.0
2025-10-02 14:50:00,89.12,89.14,89.06,89.08,194769.0
2025-10-02 14:55:00,89.08,89.125,89.06,89.09,252057.0
2025-10-02 15:00:00,89.1,89.15,89.0035,89.015,190587.0
2025-10-02 15:05:00,89.015,89.09,88.955,89.055,110674.0
2025-10-02 15:10:00,89.05,89.06,88.865,88.945,158718.0
2025-10-02 15:15:00,88.94,88.97,88.875,88.93,105458.0
2025-10-02 15:20:00,88.925,88.96,88.84,88.9551,110870.0
2025-10-02 15:25:00,88.96,88.985,88.905,88.93,96476.0
2025-10-02 15:30:00,88.94,88.94,88.87,88.91,127069.0
2025-10-02 15:35:00,88.91,88.93,88.735,88.905,160655.0
2025-10-02 15:40:00,88.91,88.92,88.835,88.871,107049.0
2025-10-02 15:45:00,88.8725,88.98,88.87,88.97,79070.0
2025-10-02 15:50:00,88.96,89.06,88.95,89.05,337214.0
2025-10-02 15:55:00,89.05,89.05,88.963,89.005,132432.0
2025-10-02 16:00:00,89.005,89.02,88.86,88.87,65428.0
2025-10-03 10:35:00,88.8,88.8,88.8,88.8,144.0
2025-10-03 11:15:00,88.84,88.85,88.84,88.85,615.0
2025-10-03 11:30:00,88.77,88.77,88.76,88.76,735.0
2025-10-03 11:45:00,88.75,88.75,88.75,88.75,200.0
2025-10-03 11:50:00,88.76,88.76,88.76,88.76,1071.0
2025-10-03 11:55:00,88.83,88.83,88.83,88.83,1055.0
2025-10-03 12:00:00,88.75,88.92,88.7005,88.84,12528.0
2025-10-03 12:05:00,88.73,88.73,88.73,88.73,404.0
2025-10-03 12:10:00,88.74,88.74,88.74,88.74,502.0
2025-10-03 12:20:00,88.8,88.8,88.8,88.8,336.0
2025-10-03 12:25:00,88.8287,88.8287,88.8287,88.8287,189.0
2025-10-03 12:50:00,88.76,88.76,88.76,88.76,115.0
2025-10-03 12:55:00,88.79,88.79,88.76,88.76,4860.0
2025-10-03 13:00:00,88.78,88.94,88.72,88.81,3205.0
2025-10-03 13:10:00,88.83,88.849,88.83,88.849,544.0
2025-10-03 13:15:00,88.85,88.85,88.85,88.85,118.0
2025-10-03 13:20:00,88.85,88.85,88.77,88.77,473.0
2025-10-03 13:25:00,88.94,88.94,88.94,88.94,4105.0
2025-10-03 13:30:00,88.89,89.23,88.8,89.01,811763.0
2025-10-03 13:35:00,88.99,89.3,88.91,89.27,436032.0
2025-10-03 13:40:00,89.265,89.385,89.15,89.16,276976.0
2025-10-03 13:45:00,89.15,89.16,88.89,88.949,333580.0
2025-10-03 13:50:00,88.95,88.99,88.875,88.91,221011.0
2025-10-03 13:55:00,88.91,89.12,88.91,89.1,154983.0
2025-10-03 14:00:00,89.1,89.16,88.85,88.865,314248.0
2025-10-03 14:05:00,88.86,88.96,88.78,88.87,233248.0
2025-10-03 14:10:00,88.87,89.14,88.87,89.06,291027.0
2025-10-03 14:15:00,89.07,89.23,89.03,89.23,172766.0
2025-10-03 14:20:00,89.23,89.2899,89.16,89.2,175404.0
2025-10-03 14:25:00,89.2,89.31,89.175,89.265,198531.0
2025-10-03 14:30:00,89.27,89.305,89.145,89.16,146207.0
2025-10-03 14:35:00,89.16,89.18,89.0,89.0201,127317.0
2025-10-03 14:40:00,89.03,89.04,88.97,89.03,119542.0
2025-10-03 14:45:00,89.03,89.15,88.99,89.0862,136649.0
2025-10-03 14:50:00,89.08,89.12,89.05,89.0741,138742.0
2025-10-03 14:55:00,89.08,89.0858,88.97,88.98,143433.0
2025-10-03 15:00:00,88.97,89.025,88.92,88.98,118995.0
2025-10-03 15:05:00,88.97,89.0016,88.85,88.91,88639.0
2025-10-03 15:10:00,88.92,89.02,88.875,88.965,126604.0
2025-10-03 15:15:00,88.96,88.96,88.8701,88.9,113821.0
2025-10-03 15:20:00,88.9,89.01,88.88,88.96,109777.0
2025-10-03 15:25:00,88.96,89.095,88.945,89.09,186393.0
2025-10-03 15:30:00,89.08,89.08,88.98,88.98,105110.0
2025-10-03 15:35:00,88.98,89.02,88.92,88.96,97235.0
2025-10-03 15:40:00,88.97,89.015,88.945,88.99,71530.0
2025-10-03 15:45:00,89.0,89.095,89.0,89.085,141433.0
2025-10-03 15:50:00,89.08,89.188,89.08,89.125,93198.0
2025-10-03 15:55:00,89.13,89.19,89.11,89.16,54214.0
2025-10-03 16:00:00,89.16,89.21,89.16,89.19,97517.0
2025-10-06 09:50:00,89.73,89.73,89.71,89.71,2718.0
2025-10-06 10:35:00,89.78,89.78,89.78,89.78,200.0
2025-10-06 10:40:00,89.78,89.78,89.78,89.78,100.0
2025-10-06 11:05:00,89.7,89.71,89.66,89.71,1362.0
2025-10-06 11:10:00,89.66,89.66,89.65,89.65,1633.0
2025-10-06 11:20:00,89.64,89.65,89.64,89.65,900.0
2025-10-06 11:25:00,89.64,89.64,89.64,89.64,997.0
2025-10-06 11:35:00,89.6,89.6,89.55,89.55,3282.0
2025-10-06 11:40:00,89.54,89.55,89.5,89.5,4140.0
2025-10-06 11:45:00,89.45,89.45,89.4,89.4,3160.0
2025-10-06 11:50:00,89.43,89.48,89.43,89.48,855.0
2025-10-06 11:55:00,89.5,89.5,89.5,89.5,1000.0
2025-10-06 12:00:00,89.65,89.91,89.4,89.65,20854.0
2025-10-06 12:10:00,89.49,89.49,89.49,89.49,1051.0
2025-10-06 12:20:00,89.5,89.5,89.49,89.49,1202.0
2025-10-06 12:25:00,89.45,89.45,89.45,89.45,107.0
2025-10-06 12:30:00,89.45,89.5,89.45,89.5,594.0
2025-10-06 12:35:00,89.52,89.52,89.52,89.52,2641.0
2025-10-06 12:45:00,89.5,89.5,89.5,89.5,857.0
2025-10-06 12:50:00,89.51,89.51,89.457,89.457,3709.0
2025-10-06 12:55:00,89.59,89.59,89.55,89.55,374.0
2025-10-06 13:05:00,89.46,89.5386,89.46,89.5386,202.0
2025-10-06 13:10:00,89.51,89.56,89.51,89.56,5448.0
2025-10-06 13:15:00,89.6116,89.6116,89.6116,89.6116,101.0
2025-10-06 13:20:00,89.51,89.51,89.51,89.51,102.0
2025-10-06 13:25:00,89.59,89.59,89.45,89.45,3994.0
2025-10-06 13:30:00,89.47,89.52,89.17,89.25,475025.0
2025-10-06 13:35:00,89.25,89.3,89.01,89.02,320316.0
2025-10-06 13:40:00,89.0,89.3,88.99,89.245,237750.0
2025-10-06 13:45:00,89.245,89.43,89.15,89.43,273560.0
2025-10-06 13:50:00,89.43,89.52,89.41,89.5,151255.0
2025-10-06 13:55:00,89.5,89.69,89.47,89.69,258993.0
2025-10-06 14:00:00,89.7,89.75,89.51,89.61,337122.0
2025-10-06 14:05:00,89.6,89.6,89.26,89.39,301996.0
2025-10-06 14:10:00,89.4,89.6665,89.4,89.52,239912.0
2025-10-06 14:15:00,89.52,89.54,89.385,89.4,131917.0
2025-10-06 14:20:00,89.405,89.41,89.27,89.31,204435.0
2025-10-06 14:25:00,89.32,89.46,89.32,89.42,142319.0
2025-10-06 14:30:00,89.425,89.49,89.3665,89.385,108200.0
2025-10-06 14:35:00,89.38,89.64,89.38,89.55,197096.0
2025-10-06 14:40:00,89.54,89.58,89.485,89.5147,156815.0
2025-10-06 14:45:00,89.51,89.54,89.38,89.415,195860.0
2025-10-06 14:50:00,89.42,89.52,89.39,89.5,140758.0
2025-10-06 14:55:00,89.5,89.56,89.445,89.475,146134.0
2025-10-06 15:00:00,89.47,89.51,89.36,89.42,122752.0
2025-10-06 15:05:00,89.43,89.45,89.31,89.37,120193.0
2025-10-06 15:10:00,89.38,89.49,89.3747,89.46,110046.0
2025-10-06 15:15:00,89.48,89.635,89.44,89.63,165053.0
2025-10-06 15:20:00,89.635,89.75,89.6,89.735,372104.0
2025-10-06 15:25:00,89.74,89.76,89.67,89.68,115617.0
2025-10-06 15:30:00,89.685,89.7,89.645,89.69,156787.0
2025-10-06 15:35:00,89.68,89.71,89.625,89.69,57346.0
2025-10-06 15:40:00,89.68,89.72,89.655,89.69,57780.0
2025-10-06 15:45:00,89.7,89.7,89.51,89.535,134149.0
2025-10-06 15:50:00,89.535,89.58,89.48,89.53,111157.0
2025-10-06 15:55:00,89.535,89.61,89.528,89.6,54926.0
2025-10-06 16:00:00,89.6,89.63,89.525,89.6123,133943.0
2025-10-07 09:45:00,89.47,89.47,89.47,89.47,200.0
2025-10-07 09:55:00,89.29,89.29,89.28,89.28,3277.0
2025-10-07 11:10:00,89.46,89.46,89.46,89.46,190.0
2025-10-07 12:00:00,89.28,89.6,89.28,89.37,2237.0
2025-10-07 12:20:00,89.52,89.52,89.52,89.52,100.0
2025-10-07 12:35:00,89.52,89.52,89.5,89.5,1078.0
2025-10-07 12:40:00,89.44,89.44,89.36,89.37,3965.0
2025-10-07 12:50:00,89.38,89.38,89.36,89.36,1731.0
2025-10-07 12:55:00,89.35,89.35,89.35,89.35,138.0
2025-10-07 13:00:00,89.38,89.38,89.25,89.25,6952.0
2025-10-07 13:05:00,89.24,89.3,89.03,89.15,14223.0
2025-10-07 13:10:00,89.14,89.3,89.14,89.3,3091.0
2025-10-07 13:15:00,89.25,89.25,89.25,89.25,350.0
2025-10-07 13:25:00,89.27,89.28,89.2,89.25,5171.0
2025-10-07 13:30:00,89.265,89.54,89.11,89.54,593407.0
2025-10-07 13:35:00,89.54,89.56,89.05,89.07,270697.0
2025-10-07 13:40:00,89.07,89.31,89.065,89.27,203434.0
2025-10-07 13:45:00,89.26,89.29,89.045,89.05,191610.0
2025-10-07 13:50:00,89.06,89.07,88.91,89.0,138778.0
2025-10-07 13:55:00,89.0,89.015,88.81,88.81,224697.0
2025-10-07 14:00:00,88.815,88.86,88.46,88.475,478042.0
2025-10-07 14:05:00,88.48,88.5,88.17,88.2,565676.0
2025-10-07 14:10:00,88.2,88.355,88.055,88.095,227405.0
2025-10-07 14:15:00,88.095,88.18,87.95,88.015,670546.0
2025-10-07 14:20:00,88.025,88.14,87.97,87.975,289602.0
2025-10-07 14:25:00,87.98,88.17,87.91,88.05,215577.0
2025-10-07 14:30:00,88.05,88.275,87.995,88.17,155427.0
2025-10-07 14:35:00,88.17,88.37,88.12,88.3,240611.0
2025-10-07 14:40:00,88.31,88.415,88.29,88.33,199064.0
2025-10-07 14:45:00,88.34,88.56,88.32,88.555,322663.0
2025-10-07 14:50:00,88.55,88.595,88.48,88.595,237669.0
2025-10-07 14:55:00,88.59,88.635,88.555,88.59,116967.0
2025-10-07 15:00:00,88.59,88.75,88.58,88.72,162580.0
2025-10-07 15:05:00,88.7,88.82,88.7,88.72,335438.0
2025-10-07 15:10:00,88.72,88.795,88.62,88.62,181075.0
2025-10-07 15:15:00,88.61,88.72,88.565,88.705,148430.0
2025-10-07 15:20:00,88.7,88.82,88.685,88.81,143465.0
2025-10-07 15:25:00,88.805,88.85,88.755,88.84,104201.0
2025-10-07 15:30:00,88.84,88.925,88.835,88.895,121993.0
2025-10-07 15:35:00,88.9,88.92,88.72,88.76,142493.0
2025-10-07 15:40:00,88.74,88.77,88.69,88.75,125796.0
2025-10-07 15:45:00,88.74,88.753924,88.65,88.7388,114092.0
2025-10-07 15:50:00,88.735,88.77,88.6459,88.6459,152481.0
2025-10-07 15:55:00,88.65,88.745,88.6365,88.64,66779.0
2025-10-07 16:00:00,88.645,88.72,88.64,88.65,77119.0
2025-10-08 09:30:00,89.68,89.68,89.68,89.68,300.0
2025-10-08 10:35:00,89.74,89.74,89.74,89.74,200.0
2025-10-08 10:50:00,89.73,89.73,89.73,89.73,125.0
2025-10-08 11:50:00,89.67,89.71,89.67,89.71,4202.0
2025-10-08 12:00:00,89.74,89.74,89.47,89.74,3041.0
2025-10-08 12:10:00,89.7399,89.77,89.7399,89.77,2023.0
2025-10-08 12:20:00,89.79,89.79,89.79,89.79,175.0
2025-10-08 12:25:00,89.76,89.7812,89.76,89.7812,1108.0
2025-10-08 12:30:00,89.78,89.78,89.77,89.77,1154.0
2025-10-08 12:35:00,89.77,89.77,89.77,89.77,142.0
2025-10-08 12:40:00,89.78,89.79,89.78,89.78,3427.0
2025-10-08 12:45:00,89.78,89.78,89.76,89.77,2887.0
2025-10-08 12:50:00,89.77,89.77,89.76,89.76,1614.0
2025-10-08 13:00:00,89.77,89.79,89.76,89.79,435.0
2025-10-08 13:05:00,89.75,89.75,89.71,89.71,3046.0
2025-10-08 13:10:00,89.74,89.75,89.73,89.73,2178.0
2025-10-08 13:15:00,89.65,89.65,89.6,89.6,750.0
2025-10-08 13:20:00,89.7185,89.7185,89.7185,89.7185,101.0
2025-10-08 13:25:00,89.68,89.68,89.49,89.49,3265.0
2025-10-08 13:30:00,89.49,89.49,88.82,88.85,457823.0
2025-10-08 13:35:00,88.85,88.98,88.66,88.66,335772.0
2025-10-08 13:40:00,88.6671,88.75,88.605,88.661,364984.0
2025-10-08 13:45:00,88.65,88.85,88.575,88.68,312982.0
2025-10-08 13:50:00,88.68,88.72,88.505,88.51,273038.0
2025-10-08 13:55:00,88.5,88.5,88.32,88.35,287463.0
2025-10-08 14:00:00,88.35,88.51,88.295,88.46,315266.0
2025-10-08 14:05:00,88.46,88.7,88.41,88.585,155187.0
2025-10-08 14:10:00,88.58,88.815,88.555,88.795,170305.0
2025-10-08 14:15:00,88.79,88.855,88.7365,88.835,103683.0
2025-10-08 14:20:00,88.845,88.915,88.79,88.9,89955.0
2025-10-08 14:25:00,88.895,88.905,88.735,88.76,165705.0
2025-10-08 14:30:00,88.76,88.825,88.595,88.63,363471.0
2025-10-08 14:35:00,88.64,88.725,88.52,88.54,206895.0
2025-10-08 14:40:00,88.54,88.795,88.51,88.785,116527.0
2025-10-08 14:45:00,88.785,88.8,88.725,88.7984,102885.0
2025-10-08 14:50:00,88.8,88.845,88.765,88.845,87282.0
2025-10-08 14:55:00,88.845,88.865,88.8,88.85,69753.0
2025-10-08 15:00:00,88.86,88.925,88.86,88.89,78988.0
2025-10-08 15:05:00,88.885,88.97,88.8,88.97,198784.0
2025-10-08 15:10:00,88.97,89.19,88.965,89.13,92676.0
2025-10-08 15:15:00,89.13,89.25,89.11,89.235,118607.0
2025-10-08 15:20:00,89.24,89.305,89.22,89.22,299476.0
2025-10-08 15:25:00,89.22,89.265,89.16,89.2,118572.0
2025-10-08 15:30:00,89.2,89.24,89.07,89.16,99237.0
2025-10-08 15:35:00,89.155,89.1655,89.08,89.09,82749.0
2025-10-08 15:40:00,89.095,89.135,89.0203,89.03,71295.0
2025-10-08 15:45:00,89.04,89.105,89.005,89.08,75374.0
2025-10-08 15:50:00,89.08,89.1151,88.95,88.9501,87601.0
2025-10-08 15:55:00,88.96,88.975,88.895,88.9,76763.0
2025-10-08 16:00:00,88.9,88.93,88.87,88.92,50797.0
2025-10-09 09:55:00,89.04,89.06,89.04,89.06,1134.0
2025-10-09 10:05:00,88.89,88.89,88.89,88.89,177.0
2025-10-09 10:25:00,88.88,88.88,88.88,88.88,401.0
2025-10-09 10:45:00,88.89,88.91,88.88,88.9,1181.0
2025-10-09 11:00:00,88.92,88.92,88.92,88.92,266.0
2025-10-09 12:00:00,89.04,89.06,88.83,89.06,6338.0
2025-10-09 12:10:00,88.91,88.91,88.91,88.91,404.0
2025-10-09 12:20:00,88.95,88.95,88.95,88.95,518.0
2025-10-09 12:25:00,88.95,88.97,88.95,88.97,801.0
2025-10-09 12:35:00,88.95,88.95,88.95,88.95,1077.0
2025-10-09 12:40:00,88.94,88.96,88.94,88.95,4952.0
2025-10-09 12:45:00,88.95,88.95,88.95,88.95,194.0
2025-10-09 12:55:00,88.96,88.96,88.87,88.87,3010.0
2025-10-09 13:00:00,88.92,88.92,88.9,88.9,1148.0
2025-10-09 13:05:00,88.96,89.0,88.92,89.0,8180.0
2025-10-09 13:10:00,89.0,89.0,89.0,89.0,9901.0
2025-10-09 13:15:00,89.0,89.0,88.97,89.0,5369.0
2025-10-09 13:20:00,88.98,89.1,88.98,89.1,1354.0
2025-10-09 13:25:00,89.03,89.22,88.93,89.22,6350.0
2025-10-09 13:30:00,89.16,89.92,89.12,89.74,556790.0
2025-10-09 13:35:00,89.73,89.8,89.53,89.785,339378.0
2025-10-09 13:40:00,89.79,89.84,89.605,89.605,267223.0
2025-10-09 13:45:00,89.61,89.8,89.39,89.4,300576.0
2025-10-09 13:50:00,89.4,89.4,88.99,89.02,225725.0
2025-10-09 13:55:00,89.025,89.09,88.77,88.793,307253.0
2025-10-09 14:00:00,88.79,88.895,88.725,88.86,358957.0
2025-10-09 14:05:00,88.855,89.09,88.72,88.94,189853.0
2025-10-09 14:10:00,88.925,88.995,88.72,88.735,215348.0
2025-10-09 14:15:00,88.73,88.81,88.685,88.715,158156.0
2025-10-09 14:20:00,88.715,88.715,88.49,88.52,136477.0
2025-10-09 14:25:00,88.5,88.5,88.385,88.385,69707.0
2025-10-09 14:30:00,88.385,88.385,88.155,88.36,207188.0
2025-10-09 14:35:00,88.37,88.4,88.245,88.335,119443.0
2025-10-09 14:40:00,88.35,88.39,88.3,88.37,127077.0
2025-10-09 14:45:00,88.375,88.47,88.275,88.47,83349.0
2025-10-09 14:50:00,88.47,88.47,88.305,88.33,101758.0
2025-10-09 14:55:00,88.33,88.34,88.255,88.33,56474.0
2025-10-09 15:00:00,88.33,88.38,88.27,88.34,161849.0
2025-10-09 15:05:00,88.335,88.45,88.32,88.44,83859.0
2025-10-09 15:10:00,88.4499,88.53,88.42,88.45,75942.0
2025-10-09 15:15:00,88.45,88.52,88.395,88.45,56835.0
2025-10-09 15:20:00,88.46,88.515,88.43,88.5,56261.0
2025-10-09 15:25:00,88.5,88.5051,88.31,88.32,88917.0
2025-10-09 15:30:00,88.32,88.39,88.295,88.3281,99374.0
2025-10-09 15:35:00,88.315,88.43,88.275,88.38,77805.0
2025-10-09 15:40:00,88.38,88.4251,88.33,88.36,50915.0
2025-10-09 15:45:00,88.37,88.38,88.3001,88.31,64811.0
2025-10-09 15:50:00,88.31,88.35,88.26,88.33,79948.0
2025-10-09 15:55:00,88.33,88.38,88.32,88.325,75436.0
2025-10-09 16:00:00,88.32,88.445,88.32,88.41,36957.0
2025-10-10 09:50:00,87.75,87.75,87.75,87.75,239.0
2025-10-10 09:55:00,87.74,87.74,87.7,87.7,564.0
2025-10-10 10:00:00,87.72,87.72,87.72,87.72,791.0
2025-10-10 10:10:00,87.7,87.7,87.7,87.7,115.0
2025-10-10 10:15:00,87.71,87.71,87.66,87.69,2212.0
2025-10-10 10:20:00,87.66,87.67,87.62,87.62,8933.0
2025-10-10 10:25:00,87.65,87.65,87.65,87.65,831.0
2025-10-10 10:30:00,87.6,87.6,87.56,87.56,4018.0
2025-10-10 10:35:00,87.53,87.53,87.51,87.51,2286.0
2025-10-10 10:45:00,87.52,87.52,87.52,87.52,623.0
2025-10-10 11:00:00,87.6,87.61,87.6,87.61,3948.0
2025-10-10 11:10:00,87.6,87.6,87.6,87.6,705.0
2025-10-10 11:15:00,87.6,87.62,87.6,87.62,891.0
2025-10-10 11:20:00,87.64,87.65,87.64,87.65,561.0
2025-10-10 11:25:00,87.62,87.62,87.62,87.62,200.0
2025-10-10 11:30:00,87.64,87.64,87.64,87.64,100.0
2025-10-10 11:40:00,87.64,87.64,87.62,87.62,1697.0
2025-10-10 11:45:00,87.62,87.62,87.62,87.62,100.0
2025-10-10 12:00:00,87.6,87.88,87.54,87.54,10973.0
2025-10-10 12:05:00,87.6,87.6,87.54,87.54,1469.0
2025-10-10 12:10:00,87.54,87.54,87.52,87.52,2013.0
2025-10-10 12:15:00,87.6,87.6,87.6,87.6,904.0
2025-10-10 12:30:00,87.55,87.55,87.55,87.55,300.0
2025-10-10 12:35:00,87.58,87.61,87.58,87.6,1773.0
2025-10-10 12:40:00,87.59,87.6,87.55,87.55,1547.0
2025-10-10 12:45:00,87.6,87.61,87.51,87.52,2549.0
2025-10-10 12:50:00,87.52,87.52,87.4,87.4,5550.0
2025-10-10 12:55:00,87.47,87.47,87.34,87.38,11834.0
2025-10-10 13:00:00,87.39,87.39,87.29,87.29,9480.0
2025-10-10 13:05:00,87.3,87.3,87.1,87.2,44165.0
2025-10-10 13:10:00,87.2,87.2,87.04,87.06,23247.0
2025-10-10 13:15:00,87.01,87.1,87.0,87.03,7975.0
2025-10-10 13:20:00,87.03,87.07,86.98,87.01,8560.0
2025-10-10 13:25:00,87.04,87.2,87.02,87.2,10355.0
2025-10-10 13:30:00,87.11,87.48,86.83,87.275,1042786.0
2025-10-10 13:35:00,87.28,87.32,87.0,87.22,609790.0
2025-10-10 13:40:00,87.22,87.43,87.1463,87.35,380211.0
2025-10-10 13:45:00,87.34,87.55,87.29,87.305,339213.0
2025-10-10 13:50:00,87.315,87.32,87.08,87.095,242653.0
2025-10-10 13:55:00,87.1,87.165,86.99,87.06,199826.0
2025-10-10 14:00:00,87.04,87.1,86.82,86.925,293679.0
2025-10-10 14:05:00,86.925,86.965,86.792,86.8965,315385.0
2025-10-10 14:10:00,86.89,86.98,86.79,86.9413,182953.0
2025-10-10 14:15:00,86.94,86.94,86.73,86.88,218496.0
2025-10-10 14:20:00,86.88,87.0,86.805,87.0,238802.0
2025-10-10 14:25:00,86.99,87.075,86.92,86.94,194078.0
2025-10-10 14:30:00,86.93,86.99,86.83,86.865,170968.0
2025-10-10 14:35:00,86.865,87.01,86.815,86.9632,96028.0
2025-10-10 14:40:00,86.96,87.0267,86.84,86.855,65908.0
2025-10-10 14:45:00,86.88,87.0,86.88,87.0,91184.0
2025-10-10 14:50:00,87.005,87.16,86.98,87.155,96657.0
2025-10-10 14:55:00,87.16,87.26,86.64,86.78,520361.0
2025-10-10 15:00:00,86.77,86.77,86.5001,86.63,448709.0
2025-10-10 15:05:00,86.62,86.89,86.55,86.84,306626.0
2025-10-10 15:10:00,86.84,87.155,86.83,87.155,268780.0
2025-10-10 15:15:00,87.15,87.17,86.8635,86.9,241631.0
2025-10-10 15:20:00,86.905,86.905,86.62,86.64,322042.0
2025-10-10 15:25:00,86.65,86.67,86.435,86.53,332986.0
2025-10-10 15:30:00,86.52,86.535,86.33,86.375,397696.0
2025-10-10 15:35:00,86.37,86.46,86.27,86.295,335618.0
2025-10-10 15:40:00,86.29,86.5,86.19,86.5,260458.0
2025-10-10 15:45:00,86.5,86.57,86.315,86.41,215938.0
2025-10-10 15:50:00,86.41,86.54,86.39,86.435,261623.0
2025-10-10 15:55:00,86.42,86.42,86.145,86.195,198858.0
2025-10-10 16:00:00,86.19,86.19,85.95,86.005,188547.0
2025-10-13 09:35:00,86.17,86.17,86.17,86.17,291.0
2025-10-13 09:40:00,86.2,86.2,86.2,86.2,114.0
2025-10-13 10:15:00,86.24,86.24,86.24,86.24,592.0
2025-10-13 10:25:00,86.24,86.24,86.19,86.19,493.0
2025-10-13 11:00:00,86.2,86.25,86.1,86.25,1428.0
2025-10-13 11:05:00,86.11,86.11,86.11,86.11,235.0
2025-10-13 11:10:00,86.1,86.15,86.1,86.11,1516.0
2025-10-13 11:15:00,86.07,86.07,86.07,86.07,174.0
2025-10-13 11:45:00,86.02,86.02,86.01,86.02,931.0
2025-10-13 11:50:00,86.0,86.0,86.0,86.0,723.0
2025-10-13 12:00:00,86.07,86.39,86.0,86.27,6591.0
2025-10-13 12:05:00,86.0,86.0,86.0,86.0,581.0
2025-10-13 12:10:00,85.96,85.96,85.96,85.96,449.0
2025-10-13 12:15:00,85.97,85.98,85.94,85.98,401.0
2025-10-13 12:20:00,85.95,85.95,85.83,85.91,1375.0
2025-10-13 12:25:00,85.92,85.92,85.92,85.92,100.0
2025-10-13 12:30:00,85.83,85.9,85.83,85.9,548.0
2025-10-13 12:35:00,85.94,85.94,85.94,85.94,581.0
2025-10-13 12:40:00,85.94,85.94,85.94,85.94,349.0
2025-10-13 12:45:00,85.92,85.95,85.92,85.95,603.0
2025-10-13 12:55:00,85.9,85.91,85.9,85.91,1310.0
2025-10-13 13:00:00,85.9,85.92,85.86,85.91,2196.0
2025-10-13 13:05:00,85.97,85.97,85.959,85.97,4728.0
2025-10-13 13:10:00,85.96,85.96,85.96,85.96,200.0
2025-10-13 13:15:00,85.9507,85.9507,85.9507,85.9507,202.0
2025-10-13 13:20:00,85.96,85.96,85.96,85.96,1174.0
2025-10-13 13:25:00,85.9,85.9,85.9,85.9,702.0
2025-10-13 13:30:00,85.865,86.22,85.76,86.04,741028.0
2025-10-13 13:35:00,86.04,86.05,85.75,85.875,476074.0
2025-10-13 13:40:00,85.88,85.89,85.66,85.6905,284905.0
2025-10-13 13:45:00,85.69,85.775,85.59,85.64,356135.0
2025-10-13 13:50:00,85.64,85.99,85.63,85.927,257524.0
2025-10-13 13:55:00,85.93,86.29,85.88,86.27,203810.0
2025-10-13 14:00:00,86.26,86.29,86.12,86.29,192998.0
2025-10-13 14:05:00,86.3,86.34,86.105,86.165,230719.0
2025-10-13 14:10:00,86.15,86.17,86.01,86.05,156757.0
2025-10-13 14:15:00,86.06,86.165,86.06,86.14,105199.0
2025-10-13 14:20:00,86.135,86.15,85.8952,85.9,130051.0
2025-10-13 14:25:00,85.905,85.92,85.715,85.91,115393.0
2025-10-13 14:30:00,85.92,86.03,85.855,86.01,120606.0
2025-10-13 14:35:00,86.01,86.08,85.99,86.05,136364.0
2025-10-13 14:40:00,86.04,86.09,85.94,86.015,136162.0
2025-10-13 14:45:00,86.015,86.055,85.865,85.865,96090.0
2025-10-13 14:50:00,85.86,85.96,85.819,85.945,103610.0
2025-10-13 14:55:00,85.945,86.035,85.9,86.035,106418.0
2025-10-13 15:00:00,86.04,86.16,85.93,85.95,130681.0
2025-10-13 15:05:00,85.95,85.995,85.85,85.9942,104007.0
2025-10-13 15:10:00,85.99,86.16,85.99,86.12,89174.0
2025-10-13 15:15:00,86.13,86.21,86.115,86.195,101655.0
2025-10-13 15:20:00,86.2,86.245,86.125,86.15,193675.0
2025-10-13 15:25:00,86.145,86.17,86.04,86.14,278828.0
2025-10-13 15:30:00,86.145,86.2,86.11,86.175,96843.0
2025-10-13 15:35:00,86.18,86.2,86.11,86.16,103450.0
2025-10-13 15:40:00,86.16,86.165,86.0,86.03,179451.0
2025-10-13 15:45:00,86.03,86.115,86.0,86.0858,65784.0
2025-10-13 15:50:00,86.09,86.13,86.035,86.125,53603.0
2025-10-13 15:55:00,86.11,86.115,86.06,86.09,117769.0
2025-10-13 16:00:00,86.09,86.145,86.07,86.14,87361.0
2025-10-14 10:20:00,85.41,85.41,85.41,85.41,522.0
2025-10-14 10:25:00,85.38,85.38,85.38,85.38,598.0
2025-10-14 10:30:00,85.39,85.4,85.26,85.26,7155.0
2025-10-14 10:35:00,85.26,85.26,85.26,85.26,100.0
2025-10-14 10:40:00,85.25,85.26,85.23,85.23,776.0
2025-10-14 10:45:00,85.09,85.09,85.03,85.06,3845.0
2025-10-14 10:50:00,85.04,85.04,85.04,85.04,790.0
2025-10-14 10:55:00,85.05,85.05,85.0,85.04,11683.0
2025-10-14 11:00:00,85.07,85.2,85.07,85.2,1654.0
2025-10-14 11:05:00,85.19,85.2,85.17,85.18,796.0
2025-10-14 11:10:00,85.2,85.25,85.2,85.25,1161.0
2025-10-14 11:15:00,85.28,85.3,85.28,85.3,432.0
2025-10-14 11:20:00,85.29,85.29,85.28,85.28,1148.0
2025-10-14 11:30:00,85.31,85.31,85.31,85.31,155.0
2025-10-14 11:35:00,85.29,85.29,85.25,85.25,1752.0
2025-10-14 11:50:00,85.35,85.43,85.35,85.43,1557.0
2025-10-14 12:00:00,85.37,85.89,85.15,85.43,6439.0
2025-10-14 12:05:00,85.3706,85.3706,85.35,85.35,806.0
2025-10-14 12:10:00,85.31,85.34,85.26,85.2768,4215.0
2025-10-14 12:15:00,85.29,85.3,85.29,85.29,1080.0
2025-10-14 12:20:00,85.34,85.34,85.33,85.33,1049.0
2025-10-14 12:30:00,85.26,85.26,85.25,85.25,1390.0
2025-10-14 12:35:00,85.1978,85.1978,85.1978,85.1978,261.0
2025-10-14 12:40:00,85.23,85.25,85.1422,85.1525,4490.0
2025-10-14 12:45:00,85.15,85.15,85.14,85.14,500.0
2025-10-14 12:50:00,85.19,85.19,85.13,85.13,421.0
2025-10-14 12:55:00,85.2,85.2,85.15,85.15,1139.0
2025-10-14 13:00:00,85.17,85.17,85.17,85.17,301.0
2025-10-14 13:05:00,85.22,85.27,85.22,85.27,1470.0
2025-10-14 13:10:00,85.24,85.28,85.24,85.2402,3929.0
2025-10-14 13:15:00,85.3,85.35,85.3,85.35,5996.0
2025-10-14 13:20:00,85.35,85.42,85.33,85.42,5738.0
2025-10-14 13:25:00,85.41,85.45,85.2,85.23,5410.0
2025-10-14 13:30:00,85.15,85.64,85.04,85.46,802568.0
2025-10-14 13:35:00,85.45,85.51,85.32,85.48,370241.0
2025-10-14 13:40:00,85.46,85.5865,85.27,85.34,265853.0
2025-10-14 13:45:00,85.34,85.55,85.31,85.45,281116.0
2025-10-14 13:50:00,85.44,85.61,85.33,85.575,229333.0
2025-10-14 13:55:00,85.58,85.87,85.58,85.83,133890.0
2025-10-14 14:00:00,85.82,85.85,85.71,85.82,261014.0
2025-10-14 14:05:00,85.82,85.88,85.635,85.68,175411.0
2025-10-14 14:10:00,85.69,85.92,85.69,85.86,145773.0
2025-10-14 14:15:00,85.85,85.94,85.785,85.87,691373.0
2025-10-14 14:20:00,85.875,86.03,85.83,85.96,153140.0
2025-10-14 14:25:00,85.97,86.12,85.96,86.015,118021.0
2025-10-14 14:30:00,86.01,86.14,85.98,86.13,158634.0
2025-10-14 14:35:00,86.14,86.19,86.09,86.14,118623.0
2025-10-14 14:40:00,86.14,86.2,86.03,86.04,100290.0
2025-10-14 14:45:00,86.05,86.12,86.035,86.1,124139.0
2025-10-14 14:50:00,86.11,86.215,86.08,86.2018,126295.0
2025-10-14 14:55:00,86.205,86.27,86.13,86.15,138594.0
2025-10-14 15:00:00,86.15,86.22,86.075,86.18,135619.0
2025-10-14 15:05:00,86.19,86.29,86.185,86.19,119837.0
2025-10-14 15:10:00,86.185,86.27,86.17,86.24,77005.0
2025-10-14 15:15:00,86.245,86.245,86.075,86.12,265615.0
2025-10-14 15:20:00,86.13,86.275,86.12,86.25,82168.0
2025-10-14 15:25:00,86.25,86.29,86.14,86.15,61606.0
2025-10-14 15:30:00,86.16,86.18,86.05,86.07,103159.0
2025-10-14 15:35:00,86.07,86.3,86.06,86.19,222310.0
2025-10-14 15:40:00,86.18,86.22,86.11,86.16,116230.0
2025-10-14 15:45:00,86.17,86.36,86.17,86.355,95683.0
2025-10-14 15:50:00,86.355,86.495,86.325,86.44,99404.0
2025-10-14 15:55:00,86.455,86.46,86.36,86.39,95342.0
2025-10-14 16:00:00,86.385,86.445,86.365,86.42,79780.0
2025-10-15 09:50:00,86.7,86.73,86.7,86.73,431.0
2025-10-15 09:55:00,86.69,86.69,86.69,86.69,100.0
2025-10-15 11:05:00,86.72,86.72,86.72,86.72,228.0
2025-10-15 11:15:00,86.65,86.7,86.65,86.7,2159.0
2025-10-15 11:40:00,86.8,86.81,86.78,86.79,769.0
2025-10-15 12:00:00,86.64,86.8,86.32,86.54,1379.0
2025-10-15 12:05:00,86.77,86.86,86.77,86.86,12483.0
2025-10-15 12:10:00,86.83,86.91,86.82,86.91,10971.0
2025-10-15 12:15:00,86.95,87.0,86.93,87.0,14535.0
2025-10-15 12:25:00,87.0,87.0,86.9922,86.9922,311.0
2025-10-15 12:30:00,86.96,86.96,86.88,86.88,318.0
2025-10-15 12:40:00,86.9,86.9,86.87,86.87,485.0
2025-10-15 12:50:00,86.93,86.96,86.92,86.92,3356.0
2025-10-15 12:55:00,86.99,87.1,86.96,87.1,9490.0
2025-10-15 13:00:00,87.0986,87.0986,87.01,87.01,1246.0
2025-10-15 13:05:00,87.09,87.09,87.09,87.09,326.0
2025-10-15 13:15:00,87.07,87.07,87.07,87.07,497.0
2025-10-15 13:20:00,87.0,87.0,86.97,86.98,3679.0
2025-10-15 13:25:00,86.97,87.0583,86.9,87.0,4874.0
2025-10-15 13:30:00,86.92,87.205,86.73,87.14,353123.0
2025-10-15 13:35:00,87.13,87.37,87.12,87.32,227907.0
2025-10-15 13:40:00,87.33,87.37,87.13,87.37,349202.0
2025-10-15 13:45:00,87.37,87.41,86.935,86.975,288546.0
2025-10-15 13:50:00,86.98,87.11,86.94,87.08,204992.0
2025-10-15 13:55:00,87.08,87.28,87.07,87.24,97804.0
2025-10-15 14:00:00,87.25,87.345,87.115,87.24,116199.0
2025-10-15 14:05:00,87.25,87.26,87.16,87.205,77982.0
2025-10-15 14:10:00,87.21,87.21,86.98,87.09,83183.0
2025-10-15 14:15:00,87.095,87.15,87.02,87.05,81228.0
2025-10-15 14:20:00,87.05,87.185,87.045,87.13,79708.0
2025-10-15 14:25:00,87.125,87.16,86.99,87.015,66753.0
2025-10-15 14:30:00,87.015,87.025,86.9044,86.98,78063.0
2025-10-15 14:35:00,86.99,87.12,86.905,86.905,55328.0
2025-10-15 14:40:00,86.9,86.985,86.87,86.965,145734.0
2025-10-15 14:45:00,86.97,86.97,86.9,86.92,131429.0
2025-10-15 14:50:00,86.92,86.96,86.855,86.9,362457.0
2025-10-15 14:55:00,86.895,86.91,86.595,86.65,314994.0
2025-10-15 15:00:00,86.64,86.82,86.53,86.73,426545.0
2025-10-15 15:05:00,86.73,86.77,86.625,86.66,216062.0
2025-10-15 15:10:00,86.67,86.68,86.545,86.58,128082.0
2025-10-15 15:15:00,86.5851,86.6,86.44,86.48,229330.0
2025-10-15 15:20:00,86.48,86.55,86.43,86.51,160464.0
2025-10-15 15:25:00,86.51,86.625,86.505,86.555,135783.0
2025-10-15 15:30:00,86.54,86.62,86.47,86.52,78818.0
2025-10-15 15:35:00,86.515,86.542,86.425,86.47,100252.0
2025-10-15 15:40:00,86.465,86.465,86.285,86.37,72874.0
2025-10-15 15:45:00,86.38,86.39,86.27,86.33,65000.0
2025-10-15 15:50:00,86.3293,86.36,86.27,86.29,60954.0
2025-10-15 15:55:00,86.31,86.38,86.27,86.27,56969.0
2025-10-15 16:00:00,86.265,86.35,86.245,86.26,73903.0
2025-10-16 11:10:00,86.5,86.5,86.5,86.5,107.0
2025-10-16 11:20:00,86.53,86.53,86.53,86.53,100.0
2025-10-16 11:35:00,86.66,86.66,86.66,86.66,100.0
2025-10-16 12:00:00,86.62,86.68,86.37,86.6,2480.0
2025-10-16 12:10:00,86.6,86.6,86.55,86.55,512.0
2025-10-16 12:15:00,86.55,86.55,86.55,86.55,1678.0
2025-10-16 12:40:00,86.41,86.48,86.41,86.48,2263.0
2025-10-16 13:05:00,86.52,86.52,86.52,86.52,200.0
2025-10-16 13:20:00,86.59,86.59,86.5733,86.5733,600.0
2025-10-16 13:25:00,86.59,86.59,86.59,86.59,252.0
2025-10-16 13:30:00,86.47,86.73,86.205,86.36,482770.0
2025-10-16 13:35:00,86.35,86.545,86.265,86.33,267858.0
2025-10-16 13:40:00,86.33,86.39,86.225,86.285,155363.0
2025-10-16 13:45:00,86.275,86.37,86.07,86.135,148249.0
2025-10-16 13:50:00,86.13,86.145,85.91,85.99,127162.0
2025-10-16 13:55:00,85.98,86.13,85.92,86.03,108884.0
2025-10-16 14:00:00,86.04,86.22,86.0,86.22,142696.0
2025-10-16 14:05:00,86.23,86.24,86.085,86.12,108979.0
2025-10-16 14:10:00,86.12,86.17,85.99,86.0255,112670.0
2025-10-16 14:15:00,86.02,86.26,85.9948,86.1199,155908.0
2025-10-16 14:20:00,86.12,86.22,86.105,86.105,109795.0
2025-10-16 14:25:00,86.11,86.2,86.065,86.2,83915.0
2025-10-16 14:30:00,86.21,86.24,86.125,86.24,149007.0
2025-10-16 14:35:00,86.25,86.27,86.1455,86.155,85739.0
2025-10-16 14:40:00,86.15,86.275,86.13,86.185,92873.0
2025-10-16 14:45:00,86.185,86.21,86.12,86.14,106348.0
2025-10-16 14:50:00,86.15,86.15,85.975,86.12,159533.0
2025-10-16 14:55:00,86.13,86.195,86.115,86.195,95912.0
2025-10-16 15:00:00,86.21,86.39,86.2,86.315,98323.0
2025-10-16 15:05:00,86.32,86.38,86.215,86.35,98431.0
2025-10-16 15:10:00,86.36,86.55,86.34,86.53,67772.0
2025-10-16 15:15:00,86.535,86.55,86.465,86.495,84916.0
2025-10-16 15:20:00,86.49,86.56,86.41,86.42,105318.0
2025-10-16 15:25:00,86.4,86.4,86.04,86.05,256485.0
2025-10-16 15:30:00,86.04,86.065,85.93,86.04,206156.0
2025-10-16 15:35:00,86.03,86.095,85.94,86.07,134050.0
2025-10-16 15:40:00,86.085,86.095,85.9,85.9303,233860.0
2025-10-16 15:45:00,85.93,86.05,85.885,86.05,160678.0
2025-10-16 15:50:00,86.06,86.07,85.935,85.97,252418.0
2025-10-16 15:55:00,85.97,86.065,85.95,86.01,77872.0
2025-10-16 16:00:00,86.01,86.1,85.97,86.1,135600.0
2025-10-17 09:30:00,84.59,84.59,84.59,84.59,200.0
2025-10-17 10:05:00,84.47,84.47,84.47,84.47,130.0
2025-10-17 10:45:00,84.76,84.76,84.76,84.76,700.0
2025-10-17 11:00:00,84.99,84.99,84.9,84.9,638.0
2025-10-17 11:05:00,84.9,85.01,84.9,85.01,732.0
2025-10-17 11:10:00,85.23,85.43,85.1,85.31,6723.0
2025-10-17 11:15:00,85.32,85.32,85.32,85.32,600.0
2025-10-17 11:25:00,85.32,85.32,85.32,85.32,245.0
2025-10-17 11:30:00,85.3,85.31,85.3,85.31,653.0
2025-10-17 11:35:00,85.28,85.29,85.28,85.29,422.0
2025-10-17 11:40:00,85.29,85.29,85.29,85.29,208.0
2025-10-17 11:45:00,85.31,85.37,85.31,85.33,1651.0
2025-10-17 11:50:00,85.33,85.33,85.33,85.33,238.0
2025-10-17 11:55:00,85.36,85.36,85.36,85.36,158.0
2025-10-17 12:00:00,85.35,85.5,84.57,85.5,9302.0
2025-10-17 12:05:00,85.41,85.59,85.41,85.58,2465.0
2025-10-17 12:10:00,85.55,85.55,85.55,85.55,1330.0
2025-10-17 12:25:00,85.6,85.6,85.6,85.6,121.0
2025-10-17 12:30:00,85.56,85.56,85.56,85.56,2189.0
2025-10-17 12:35:00,85.76,85.77,85.72,85.72,1961.0
2025-10-17 12:40:00,85.77,85.81,85.64,85.73,4533.0
2025-10-17 12:45:00,85.73,85.8,85.73,85.8,2138.0
2025-10-17 13:00:00,85.7,85.73,85.63,85.65,11870.0
2025-10-17 13:05:00,85.64,85.72,85.56,85.72,31542.0
2025-10-17 13:10:00,85.68,85.68,85.68,85.68,1035.0
2025-10-17 13:20:00,85.71,85.71,85.71,85.71,150.0
2025-10-17 13:25:00,85.62,85.62,85.49,85.49,498.0
2025-10-17 13:30:00,85.64,85.96,85.315,85.95,526866.0
2025-10-17 13:35:00,85.96,86.16,85.865,86.12,381691.0
2025-10-17 13:40:00,86.11,86.14,85.64,85.69,188170.0
2025-10-17 13:45:00,85.67,85.68,85.53,85.64,378414.0
2025-10-17 13:50:00,85.635,85.795,85.54,85.62,327653.0
2025-10-17 13:55:00,85.62,85.695,85.43,85.44,167847.0
2025-10-17 14:00:00,85.42,85.605,85.29,85.41,260588.0
2025-10-17 14:05:00,85.405,85.57,85.39,85.48,158260.0
2025-10-17 14:10:00,85.465,85.725,85.46,85.71,248255.0
2025-10-17 14:15:00,85.715,85.82,85.65,85.685,127294.0
2025-10-17 14:20:00,85.7,85.77,85.56,85.69,117686.0
2025-10-17 14:25:00,85.69,85.77,85.61,85.725,107907.0
2025-10-17 14:30:00,85.725,85.755,85.56,85.5982,118394.0
2025-10-17 14:35:00,85.595,85.6,85.4407,85.465,128564.0
2025-10-17 14:40:00,85.46,85.72,85.46,85.6,96360.0
2025-10-17 14:45:00,85.595,85.72,85.58,85.705,88058.0
2025-10-17 14:50:00,85.7,85.735,85.595,85.6,67662.0
2025-10-17 14:55:00,85.6,85.6,85.49,85.51,145657.0
2025-10-17 15:00:00,85.51,85.72,85.46,85.68,103146.0
2025-10-17 15:05:00,85.685,85.84,85.65,85.66,167794.0
2025-10-17 15:10:00,85.655,85.72,85.45,85.45,125345.0
2025-10-17 15:15:00,85.45,85.56,85.43,85.55,101715.0
2025-10-17 15:20:00,85.555,85.665,85.53,85.655,80346.0
2025-10-17 15:25:00,85.655,85.77,85.6,85.75,158819.0
2025-10-17 15:30:00,85.755,85.89,85.755,85.8244,100110.0
2025-10-17 15:35:00,85.83,86.035,85.77,86.025,124953.0
2025-10-17 15:40:00,86.025,86.125,85.97,86.1,115715.0
2025-10-17 15:45:00,86.1,86.145,86.05,86.12,166526.0
2025-10-17 15:50:00,86.1234,86.15,86.045,86.065,258147.0
2025-10-17 15:55:00,86.06,86.135,86.05,86.07,135013.0
2025-10-17 16:00:00,86.08,86.155,86.03,86.09,122002.0
2025-10-20 11:00:00,86.0,86.0,86.0,86.0,426.0
2025-10-20 11:15:00,86.04,86.04,86.04,86.04,250.0
2025-10-20 11:25:00,86.0,86.0,86.0,86.0,133.0
2025-10-20 11:40:00,86.05,86.05,86.05,86.05,254.0
2025-10-20 12:00:00,86.18,86.18,85.8842,85.8842,1527.0
2025-10-20 12:05:00,85.9915,86.06,85.9915,86.06,1223.0
2025-10-20 12:15:00,86.02,86.02,86.02,86.02,100.0
2025-10-20 12:25:00,86.07,86.07,86.07,86.07,1837.0
2025-10-20 12:30:00,86.08,86.1,86.08,86.1,200.0
2025-10-20 12:40:00,86.1,86.18,86.1,86.18,581.0
2025-10-20 12:45:00,86.18,86.18,86.15,86.15,700.0
2025-10-20 12:50:00,86.13,86.13,86.13,86.13,100.0
2025-10-20 13:00:00,86.15,86.15,85.92,85.92,25814.0
2025-10-20 13:05:00,85.98,86.02,85.93,86.02,1507.0
2025-10-20 13:20:00,86.02,86.02,86.02,86.02,348.0
2025-10-20 13:25:00,86.0008,86.21,85.99,86.21,4265.0
2025-10-20 13:30:00,86.13,86.97,86.13,86.9,699410.0
2025-10-20 13:35:00,86.9,87.085,86.86,86.865,449389.0
2025-10-20 13:40:00,86.86,86.9,86.75,86.84,303331.0
2025-10-20 13:45:00,86.83,86.86,86.59,86.59,248522.0
2025-10-20 13:50:00,86.59,86.68,86.55,86.565,223758.0
2025-10-20 13:55:00,86.57,86.59,86.425,86.465,301482.0
2025-10-20 14:00:00,86.465,86.64,86.44,86.49,274898.0
2025-10-20 14:05:00,86.49,86.62,86.395,86.62,229279.0
2025-10-20 14:10:00,86.63,86.63,86.53,86.565,229586.0
2025-10-20 14:15:00,86.57,86.59,86.5001,86.53,91589.0
2025-10-20 14:20:00,86.53,86.535,86.365,86.475,130405.0
2025-10-20 14:25:00,86.47,86.53,86.4101,86.4101,82544.0
2025-10-20 14:30:00,86.42,86.43,86.34,86.35,121097.0
2025-10-20 14:35:00,86.345,86.48,86.325,86.415,114488.0
2025-10-20 14:40:00,86.42,86.525,86.4,86.52,83302.0
2025-10-20 14:45:00,86.53,86.6,86.505,86.565,82404.0
2025-10-20 14:50:00,86.575,86.655,86.53,86.545,118554.0
2025-10-20 14:55:00,86.555,86.57,86.5,86.52,94992.0
2025-10-20 15:00:00,86.525,86.53,86.42,86.42,80809.0
2025-10-20 15:05:00,86.425,86.44,86.305,86.3601,75435.0
2025-10-20 15:10:00,86.37,86.39,86.265,86.3,83838.0
2025-10-20 15:15:00,86.305,86.38,86.295,86.3,64743.0
2025-10-20 15:20:00,86.3,86.4141,86.3,86.37,64500.0
2025-10-20 15:25:00,86.37,86.45,86.355,86.39,86703.0
2025-10-20 15:30:00,86.39,86.46,86.35,86.41,69672.0
2025-10-20 15:35:00,86.41,86.47,86.4,86.42,89930.0
2025-10-20 15:40:00,86.43,86.435,86.3156,86.325,68053.0
2025-10-20 15:45:00,86.325,86.41,86.305,86.365,69912.0
2025-10-20 15:50:00,86.365,86.4,86.28,86.305,180018.0
2025-10-20 15:55:00,86.305,86.335,86.25,86.33,112770.0
2025-10-20 16:00:00,86.33,86.41,86.31,86.4,65551.0
2025-10-21 09:50:00,87.05,87.05,87.05,87.05,107.0
2025-10-21 10:30:00,87.11,87.11,87.11,87.11,351.0
2025-10-21 11:40:00,87.15,87.15,87.15,87.15,1600.0
2025-10-21 11:45:00,87.14,87.14,87.14,87.14,211.0
2025-10-21 11:55:00,87.15,87.15,87.15,87.15,519.0
2025-10-21 12:00:00,87.17,87.17,86.95,87.16,13925.0
2025-10-21 12:05:00,87.16,87.17,87.15,87.17,779.0
2025-10-21 12:15:00,87.21,87.21,87.21,87.21,405.0
2025-10-21 12:30:00,87.21,87.25,87.2,87.25,3438.0
2025-10-21 12:35:00,87.23,87.25,87.23,87.25,1034.0
2025-10-21 12:40:00,87.28,87.29,87.28,87.29,1401.0
2025-10-21 12:45:00,87.29,87.32,87.29,87.32,311.0
2025-10-21 13:00:00,87.25,87.25,87.17,87.22,2164.0
2025-10-21 13:10:00,87.14,87.14,87.09,87.09,1285.0
2025-10-21 13:15:00,87.03,87.03,87.03,87.03,216.0
2025-10-21 13:25:00,87.02,87.21,87.02,87.21,2666.0
2025-10-21 13:30:00,87.13,87.33,87.01,87.01,555797.0
2025-10-21 13:35:00,87.01,87.26,86.985,87.03,220555.0
2025-10-21 13:40:00,87.02,87.02,86.69,86.71,217544.0
2025-10-21 13:45:00,86.71,86.76,86.575,86.65,164868.0
2025-10-21 13:50:00,86.65,86.67,86.43,86.49,179145.0
2025-10-21 13:55:00,86.49,86.54,86.27,86.36,494038.0
2025-10-21 14:00:00,86.35,86.5335,86.25,86.53,185589.0
2025-10-21 14:05:00,86.54,86.735,86.445,86.665,140853.0
2025-10-21 14:10:00,86.66,86.73,86.635,86.715,127737.0
2025-10-21 14:15:00,86.71,86.835,86.7042,86.82,88995.0
2025-10-21 14:20:00,86.815,86.965,86.815,86.9075,102316.0
2025-10-21 14:25:00,86.9003,86.95,86.835,86.845,100287.0
2025-10-21 14:30:00,86.835,86.855,86.68,86.765,144382.0
2025-10-21 14:35:00,86.77,86.85,86.71,86.8144,86663.0
2025-10-21 14:40:00,86.815,86.87,86.73,86.77,112933.0
2025-10-21 14:45:00,86.78,86.855,86.76,86.775,63294.0
2025-10-21 14:50:00,86.775,86.81,86.695,86.75,91515.0
2025-10-21 14:55:00,86.74,86.85,86.735,86.82,69978.0
2025-10-21 15:00:00,86.825,86.825,86.655,86.69,96281.0
2025-10-21 15:05:00,86.69,86.82,86.675,86.77,99182.0
2025-10-21 15:10:00,86.77,86.79,86.675,86.785,78334.0
2025-10-21 15:15:00,86.78,86.885,86.765,86.85,107669.0
2025-10-21 15:20:00,86.85,86.87,86.775,86.82,72954.0
2025-10-21 15:25:00,86.815,86.82,86.65,86.68,100795.0
2025-10-21 15:30:00,86.685,86.73,86.62,86.6248,92427.0
2025-10-21 15:35:00,86.62,86.73,86.58,86.67,77687.0
2025-10-21 15:40:00,86.68,86.8,86.675,86.8,52864.0
2025-10-21 15:45:00,86.8,86.81,86.75,86.76,93338.0
2025-10-21 15:50:00,86.76,86.79,86.725,86.73,56484.0
2025-10-21 15:55:00,86.72,86.77,86.695,86.75,25446.0
2025-10-21 16:00:00,86.74,86.755,86.59,86.69,430397.0
2025-10-22 09:45:00,87.18,87.18,87.18,87.18,374.0
2025-10-22 10:10:00,87.02,87.02,87.02,87.02,430.0
2025-10-22 10:30:00,87.11,87.11,87.11,87.11,172.0
2025-10-22 10:55:00,87.14,87.24,87.14,87.24,1043.0
2025-10-22 11:25:00,87.2,87.2,87.2,87.2,2011.0
2025-10-22 11:30:00,87.25,87.25,87.25,87.25,2862.0
2025-10-22 11:45:00,87.23,87.23,87.23,87.23,2860.0
2025-10-22 11:50:00,87.2,87.2,87.2,87.2,300.0
2025-10-22 11:55:00,87.21,87.21,87.17,87.18,889.0
2025-10-22 12:00:00,87.05,87.25,87.0,87.23,8827.0
2025-10-22 12:10:00,87.21,87.24,87.21,87.24,1753.0
2025-10-22 12:15:00,87.1701,87.21,87.1701,87.21,520.0
2025-10-22 12:20:00,87.25,87.25,87.25,87.25,300.0
2025-10-22 12:30:00,87.24,87.28,87.24,87.28,6183.0
2025-10-22 12:35:00,87.27,87.3,87.27,87.3,11066.0
2025-10-22 12:45:00,87.27,87.27,87.25,87.25,585.0
2025-10-22 12:50:00,87.24,87.24,87.24,87.24,100.0
2025-10-22 12:55:00,87.26,87.26,87.26,87.26,133.0
2025-10-22 13:00:00,87.23,87.23,87.23,87.23,400.0
2025-10-22 13:05:00,87.19,87.24,87.19,87.24,1794.0
2025-10-22 13:25:00,87.21,87.27,87.21,87.27,3329.0
2025-10-22 13:30:00,87.27,87.5,87.22,87.29,556448.0
2025-10-22 13:35:00,87.3,87.46,87.19,87.22,256471.0
2025-10-22 13:40:00,87.23,87.315,87.11,87.28,185824.0
2025-10-22 13:45:00,87.27,87.285,87.04,87.145,138455.0
2025-10-22 13:50:00,87.145,87.345,87.085,87.34,248882.0
2025-10-22 13:55:00,87.345,87.49,87.2901,87.48,172893.0
2025-10-22 14:00:00,87.48,87.495,87.32,87.43,217689.0
2025-10-22 14:05:00,87.42,87.54,87.395,87.395,131794.0
2025-10-22 14:10:00,87.39,87.54,87.39,87.53,125600.0
2025-10-22 14:15:00,87.53,87.63,87.4607,87.4607,179298.0
2025-10-22 14:20:00,87.455,87.495,87.38,87.4501,98900.0
2025-10-22 14:25:00,87.46,87.495,87.425,87.46,161733.0
2025-10-22 14:30:00,87.46,87.495,87.29,87.4,154218.0
2025-10-22 14:35:00,87.41,87.485,87.41,87.455,112389.0
2025-10-22 14:40:00,87.46,87.52,87.34,87.375,97002.0
2025-10-22 14:45:00,87.36,87.395,87.32,87.35,150497.0
2025-10-22 14:50:00,87.35,87.415,87.2665,87.285,86112.0
2025-10-22 14:55:00,87.29,87.34,87.2,87.295,117943.0
2025-10-22 15:00:00,87.29,87.35,87.195,87.32,109874.0
2025-10-22 15:05:00,87.32,87.335,87.255,87.305,109618.0
2025-10-22 15:10:00,87.3,87.31,87.21,87.215,112618.0
2025-10-22 15:15:00,87.21,87.335,87.195,87.3,64082.0
2025-10-22 15:20:00,87.295,87.315,87.13,87.275,103944.0
2025-10-22 15:25:00,87.28,87.38,87.25,87.36,78629.0
2025-10-22 15:30:00,87.365,87.49,87.365,87.465,94860.0
2025-10-22 15:35:00,87.47,87.58,87.46,87.51,109631.0
2025-10-22 15:40:00,87.51,87.5465,87.465,87.495,106552.0
2025-10-22 15:45:00,87.49,87.495,87.42,87.465,101142.0
2025-10-22 15:50:00,87.46,87.505,87.46,87.48,57404.0
2025-10-22 15:55:00,87.485,87.485,87.265,87.28,60790.0
2025-10-22 16:00:00,87.28,87.28,87.08,87.15,65785.0
2025-10-23 09:40:00,89.31,89.31,89.31,89.31,177.0
2025-10-23 09:45:00,89.26,89.29,89.26,89.29,1036.0
2025-10-23 09:50:00,89.33,89.33,89.33,89.33,378.0
2025-10-23 09:55:00,89.3,89.3,89.3,89.3,613.0
2025-10-23 10:00:00,89.26,89.26,89.2,89.2,4000.0
2025-10-23 10:10:00,89.29,89.33,89.29,89.31,1161.0
2025-10-23 10:15:00,89.3,89.38,89.3,89.35,1604.0
2025-10-23 10:20:00,89.39,89.39,89.39,89.39,166.0
2025-10-23 10:25:00,89.33,89.33,89.32,89.32,403.0
2025-10-23 10:35:00,89.23,89.23,89.23,89.23,300.0
2025-10-23 10:45:00,89.33,89.35,89.32,89.32,2357.0
2025-10-23 10:50:00,89.33,89.33,89.33,89.33,595.0
2025-10-23 11:00:00,89.33,89.33,89.22,89.26,8006.0
2025-10-23 11:05:00,89.26,89.41,89.26,89.4,19823.0
2025-10-23 11:10:00,89.38,89.39,89.35,89.35,2327.0
2025-10-23 11:15:00,89.35,89.45,89.33,89.44,5749.0
2025-10-23 11:20:00,89.44,89.5,89.43,89.5,7805.0
2025-10-23 11:25:00,89.47,89.49,89.47,89.48,1305.0
2025-10-23 11:30:00,89.47,89.47,89.45,89.46,2779.0
2025-10-23 11:35:00,89.37,89.37,89.37,89.37,200.0
2025-10-23 11:40:00,89.34,89.4,89.33,89.4,2602.0
2025-10-23 11:45:00,89.33,89.33,89.29,89.3,5481.0
2025-10-23 11:50:00,89.22,89.22,89.22,89.22,620.0
2025-10-23 11:55:00,89.27,89.3,89.27,89.3,1243.0
2025-10-23 12:00:00,89.35,89.5,88.24,89.35,52538.0
2025-10-23 12:05:00,89.23,89.33,89.23,89.25,6100.0
2025-10-23 12:10:00,89.24,89.27,89.2,89.22,11447.0
2025-10-23 12:15:00,89.2,89.25,89.16,89.25,5298.0
2025-10-23 12:20:00,89.21,89.29,89.21,89.24,1884.0
2025-10-23 12:25:00,89.25,89.26,89.22,89.22,7274.0
2025-10-23 12:30:00,89.24,89.24,89.24,89.24,310.0
2025-10-23 12:35:00,89.16,89.24,89.16,89.24,5678.0
2025-10-23 12:40:00,89.19,89.19,89.19,89.19,255.0
2025-10-23 12:45:00,89.16,89.2,89.14,89.19,1063.0
2025-10-23 12:50:00,89.14,89.2285,89.13,89.13,1646.0
2025-10-23 12:55:00,89.11,89.37,89.11,89.22,39892.0
2025-10-23 13:00:00,89.22,89.49,89.2,89.4675,23489.0
2025-10-23 13:05:00,89.45,89.5,89.45,89.5,5023.0
2025-10-23 13:10:00,89.49,89.67,89.41,89.66,56369.0
2025-10-23 13:15:00,89.55,89.6,89.48,89.5,95142.0
2025-10-23 13:20:00,89.49,89.5,89.26,89.29,37690.0
2025-10-23 13:25:00,89.38,89.39,89.27,89.27,11533.0
2025-10-23 13:30:00,89.37,89.39,88.82,89.11,1200936.0
2025-10-23 13:35:00,89.09,89.395,88.82,89.22,872420.0
2025-10-23 13:40:00,89.214,89.325,89.16,89.325,497096.0
2025-10-23 13:45:00,89.32,89.32,88.7507,88.945,515939.0
2025-10-23 13:50:00,88.95,89.13,88.9466,89.075,412343.0
2025-10-23 13:55:00,89.075,89.09,88.91,89.0101,457375.0
2025-10-23 14:00:00,89.02,89.105,88.95,89.03,606023.0
2025-10-23 14:05:00,89.02,89.17,88.995,89.095,503363.0
2025-10-23 14:10:00,89.09,89.11,88.71,88.72,598600.0
2025-10-23 14:15:00,88.72,88.78,88.43,88.45,304872.0
2025-10-23 14:20:00,88.45,88.67,88.43,88.6,245466.0
2025-10-23 14:25:00,88.61,88.8799,88.61,88.81,162296.0
2025-10-23 14:30:00,88.81,88.89,88.76,88.83,162705.0
2025-10-23 14:35:00,88.84,88.945,88.8324,88.865,146760.0
2025-10-23 14:40:00,88.86,88.965,88.83,88.9358,222159.0
2025-10-23 14:45:00,88.94,88.945,88.79,88.815,970135.0
2025-10-23 14:50:00,88.825,88.935,88.815,88.88,164491.0
2025-10-23 14:55:00,88.885,88.96,88.825,88.905,130973.0
2025-10-23 15:00:00,88.905,88.97,88.73,88.78,264859.0
2025-10-23 15:05:00,88.775,88.88,88.735,88.8,153368.0
2025-10-23 15:10:00,88.8,88.83,88.76,88.81,117183.0
2025-10-23 15:15:00,88.815,88.895,88.8,88.88,137984.0
2025-10-23 15:20:00,88.89,89.06,88.855,89.025,89120.0
2025-10-23 15:25:00,89.02,89.08,89.02,89.0356,145276.0
2025-10-23 15:30:00,89.035,89.18,88.87,88.94,928040.0
2025-10-23 15:35:00,88.945,89.115,88.885,89.07,258781.0
2025-10-23 15:40:00,89.07,89.175,89.03,89.06,94484.0
2025-10-23 15:45:00,89.06,89.16,89.05,89.125,119784.0
2025-10-23 15:50:00,89.13,89.29,89.115,89.265,186025.0
2025-10-23 15:55:00,89.265,89.34,89.26,89.315,318954.0
2025-10-23 16:00:00,89.31,89.345,89.25,89.32,542042.0
2025-10-24 11:00:00,89.13,89.13,89.13,89.13,357.0
2025-10-24 11:10:00,89.14,89.14,89.14,89.14,100.0
2025-10-24 11:20:00,89.2,89.2,89.2,89.2,300.0
2025-10-24 11:30:00,89.2,89.2,89.2,89.2,229.0
2025-10-24 11:35:00,89.21,89.22,89.21,89.22,1782.0
2025-10-24 11:45:00,89.28,89.29,89.23,89.23,2537.0
2025-10-24 11:50:00,89.29,89.29,89.28,89.29,4230.0
2025-10-24 11:55:00,89.31,89.33,89.28,89.28,3426.0
2025-10-24 12:00:00,89.0,89.36,89.0,89.36,6840.0
2025-10-24 12:05:00,89.3897,89.3897,89.3,89.31,1528.0
2025-10-24 12:10:00,89.26,89.29,89.25,89.25,2223.0
2025-10-24 12:15:00,89.3,89.3,89.3,89.3,1122.0
2025-10-24 12:30:00,89.33,89.73,89.33,89.43,4139.0
2025-10-24 12:35:00,89.32,89.38,89.32,89.34,879.0
2025-10-24 13:00:00,89.28,89.28,89.25,89.25,752.0
2025-10-24 13:05:00,89.28,89.28,89.088,89.2,1286.0
2025-10-24 13:10:00,89.29,89.299,89.29,89.299,550.0
2025-10-24 13:15:00,89.28,89.3,89.26,89.26,5226.0
2025-10-24 13:20:00,89.25,89.31,89.25,89.31,260.0
2025-10-24 13:25:00,89.31,89.36,89.31,89.36,1618.0
2025-10-24 13:30:00,89.37,89.4,89.13,89.17,494295.0
2025-10-24 13:35:00,89.17,89.32,89.085,89.13,256886.0
2025-10-24 13:40:00,89.13,89.2599,89.01,89.175,159672.0
2025-10-24 13:45:00,89.175,89.36,89.13,89.295,144196.0
2025-10-24 13:50:00,89.29,89.29,89.16,89.185,156368.0
2025-10-24 13:55:00,89.185,89.29,89.115,89.28,101747.0
2025-10-24 14:00:00,89.28,89.29,89.055,89.11,129351.0
2025-10-24 14:05:00,89.11,89.195,89.07,89.19,140210.0
2025-10-24 14:10:00,89.19,89.195,89.06,89.1093,120248.0
2025-10-24 14:15:00,89.1,89.125,88.862,88.8735,129502.0
2025-10-24 14:20:00,88.865,88.93,88.8,88.92,100845.0
2025-10-24 14:25:00,88.92,88.92,88.68,88.69,125234.0
2025-10-24 14:30:00,88.69,88.74,88.67,88.725,148763.0
2025-10-24 14:35:00,88.725,88.745,88.625,88.655,161234.0
2025-10-24 14:40:00,88.64,88.72,88.635,88.67,77503.0
2025-10-24 14:45:00,88.67,88.67,88.515,88.555,76154.0
2025-10-24 14:50:00,88.56,88.58,88.505,88.5356,93292.0
2025-10-24 14:55:00,88.53,88.55,88.43,88.435,108602.0
2025-10-24 15:00:00,88.435,88.47,88.39,88.44,117041.0
2025-10-24 15:05:00,88.435,88.615,88.415,88.59,106929.0
2025-10-24 15:10:00,88.585,88.65,88.545,88.62,75072.0
2025-10-24 15:15:00,88.63,88.745,88.63,88.7,86327.0
2025-10-24 15:20:00,88.7,88.74,88.64,88.64,53715.0
2025-10-24 15:25:00,88.64,88.655,88.59,88.61,70812.0
2025-10-24 15:30:00,88.62,88.71,88.62,88.69,92435.0
2025-10-24 15:35:00,88.69,88.6985,88.635,88.6402,88388.0
2025-10-24 15:40:00,88.645,88.6859,88.57,88.58,75195.0
2025-10-24 15:45:00,88.58,88.68,88.52,88.68,98340.0
2025-10-24 15:50:00,88.675,88.69,88.605,88.615,102724.0
2025-10-24 15:55:00,88.615,88.63,88.535,88.58,114525.0
2025-10-24 16:00:00,88.575,88.595,88.47,88.495,273639.0
2025-10-27 10:10:00,88.16,88.16,88.16,88.16,228.0
2025-10-27 10:50:00,88.11,88.11,88.1,88.11,409.0
2025-10-27 10:55:00,88.1,88.1,88.0,88.1,3418.0
2025-10-27 11:00:00,88.12,88.16,88.12,88.12,2086.0
2025-10-27 11:10:00,88.14,88.14,88.14,88.14,199.0
2025-10-27 11:15:00,88.16,88.16,88.1,88.15,4121.0
2025-10-27 11:20:00,88.1,88.1,88.09,88.09,2879.0
2025-10-27 11:30:00,88.1,88.1,88.1,88.1,318.0
2025-10-27 11:40:00,88.1,88.1,88.1,88.1,857.0
2025-10-27 11:50:00,88.12,88.12,88.12,88.12,271.0
2025-10-27 12:00:00,88.1093,88.61,88.04,88.61,10629.0
2025-10-27 12:05:00,88.16,88.16,88.16,88.16,200.0
2025-10-27 12:10:00,88.11,88.11,88.06,88.1,1102.0
2025-10-27 12:20:00,88.16,88.16,88.16,88.16,100.0
2025-10-27 12:25:00,88.16,88.16,88.16,88.16,500.0
2025-10-27 12:35:00,88.15,88.15,88.15,88.15,343.0
2025-10-27 12:40:00,88.16,88.16,88.16,88.16,150.0
2025-10-27 12:55:00,88.25,88.25,88.25,88.25,100.0
2025-10-27 13:00:00,88.24,88.3995,88.24,88.3995,3425.0
2025-10-27 13:05:00,88.32,88.33,88.32,88.33,351.0
2025-10-27 13:10:00,88.32,88.32,88.32,88.32,116.0
2025-10-27 13:15:00,88.29,88.29,88.29,88.29,100.0
2025-10-27 13:20:00,88.26,88.26,88.26,88.26,101.0
2025-10-27 13:30:00,88.35,88.64,88.22,88.385,567699.0
2025-10-27 13:35:00,88.38,88.58,88.32,88.5,212040.0
2025-10-27 13:40:00,88.51,88.58,88.41,88.5,160622.0
2025-10-27 13:45:00,88.4844,88.5,88.26,88.47,137352.0
2025-10-27 13:50:00,88.48,88.54,88.35,88.43,117586.0
2025-10-27 13:55:00,88.425,88.45,88.15,88.15,206115.0
2025-10-27 14:00:00,88.15,88.15,87.8907,87.9005,278224.0
2025-10-27 14:05:00,87.9093,88.23,87.9,88.21,153114.0
2025-10-27 14:10:00,88.205,88.21,88.0,88.09,193329.0
2025-10-27 14:15:00,88.09,88.105,88.01,88.04,143949.0
2025-10-27 14:20:00,88.045,88.17,88.04,88.08,81215.0
2025-10-27 14:25:00,88.08,88.215,88.045,88.21,63598.0
2025-10-27 14:30:00,88.21,88.34,88.21,88.28,99386.0
2025-10-27 14:35:00,88.285,88.39,88.27,88.345,138305.0
2025-10-27 14:40:00,88.35,88.44,88.34,88.43,82274.0
2025-10-27 14:45:00,88.43,88.46,88.34,88.39,116052.0
2025-10-27 14:50:00,88.395,88.455,88.385,88.4093,59850.0
2025-10-27 14:55:00,88.42,88.46,88.385,88.41,84483.0
2025-10-27 15:00:00,88.415,88.42,88.16,88.27,167503.0
2025-10-27 15:05:00,88.27,88.29,88.2,88.235,60701.0
2025-10-27 15:10:00,88.24,88.365,88.23,88.3352,59616.0
2025-10-27 15:15:00,88.34,88.38,88.24,88.375,83203.0
2025-10-27 15:20:00,88.37,88.4,88.31,88.345,64679.0
2025-10-27 15:25:00,88.34,88.435,88.3,88.4,125905.0
2025-10-27 15:30:00,88.41,88.48,88.405,88.465,79681.0
2025-10-27 15:35:00,88.48,88.51,88.44,88.51,70277.0
2025-10-27 15:40:00,88.505,88.51,88.41,88.43,72811.0
2025-10-27 15:45:00,88.43,88.46,88.405,88.46,99184.0
2025-10-27 15:50:00,88.46,88.47,88.38,88.465,68762.0
2025-10-27 15:55:00,88.47,88.52,88.465,88.505,70574.0
2025-10-27 16:00:00,88.5,88.52,88.455,88.505,71532.0
2025-10-28 10:00:00,87.78,87.78,87.78,87.78,110.0
2025-10-28 10:20:00,87.79,87.79,87.79,87.79,100.0
2025-10-28 10:25:00,87.79,87.79,87.79,87.79,150.0
2025-10-28 11:00:00,87.84,87.84,87.84,87.84,235.0
2025-10-28 11:10:00,87.85,87.85,87.84,87.84,520.0
2025-10-28 11:20:00,87.839,87.84,87.839,87.84,301.0
2025-10-28 11:25:00,87.85,87.89,87.85,87.89,1468.0
2025-10-28 11:30:00,87.87,87.87,87.86,87.86,610.0
2025-10-28 11:35:00,87.86,87.86,87.86,87.86,334.0
2025-10-28 11:40:00,87.85,87.85,87.85,87.85,100.0
2025-10-28 11:45:00,87.85,87.85,87.85,87.85,100.0
2025-10-28 12:00:00,87.69,88.36,87.69,88.36,4502.0
2025-10-28 12:10:00,87.9,87.9,87.9,87.9,130.0
2025-10-28 12:20:00,87.96,87.96,87.92,87.92,375.0
2025-10-28 12:45:00,87.85,87.89,87.83,87.87,1319.0
2025-10-28 12:55:00,87.88,87.88,87.82,87.82,555.0
2025-10-28 13:00:00,87.87,87.87,87.87,87.87,100.0
2025-10-28 13:05:00,87.87,87.94,87.87,87.94,3045.0
2025-10-28 13:10:00,87.9993,87.9993,87.9993,87.9993,150.0
2025-10-28 13:20:00,87.92,87.92,87.92,87.92,1161.0
2025-10-28 13:25:00,87.88,87.88,87.88,87.88,156.0
2025-10-28 13:30:00,87.95,88.13,87.71,87.9112,326652.0
2025-10-28 13:35:00,87.905,88.08,87.845,87.94,214294.0
2025-10-28 13:40:00,87.93,87.95,87.715,87.76,177006.0
2025-10-28 13:45:00,87.75,87.77,87.59,87.595,171176.0
2025-10-28 13:50:00,87.59,87.77,87.52,87.61,123006.0
2025-10-28 13:55:00,87.61,87.76,87.6,87.615,147596.0
2025-10-28 14:00:00,87.6,87.825,87.55,87.815,166364.0
2025-10-28 14:05:00,87.81,87.82,87.635,87.75,261755.0
2025-10-28 14:10:00,87.74,87.805,87.69,87.75,191253.0
2025-10-28 14:15:00,87.75,87.855,87.75,87.85,100625.0
2025-10-28 14:20:00,87.855,87.995,87.83,87.995,151209.0
2025-10-28 14:25:00,88.0,88.08,87.965,88.08,123363.0
2025-10-28 14:30:00,88.08,88.19,88.075,88.145,113394.0
2025-10-28 14:35:00,88.15,88.23,88.1301,88.175,63378.0
2025-10-28 14:40:00,88.17,88.175,88.05,88.1,147241.0
2025-10-28 14:45:00,88.09,88.125,87.985,87.99,103130.0
2025-10-28 14:50:00,87.99,88.04,87.935,87.96,168355.0
2025-10-28 14:55:00,87.95,87.95,87.74,87.82,142921.0
2025-10-28 15:00:00,87.81,87.89,87.7925,87.85,70988.0
2025-10-28 15:05:00,87.855,87.89,87.805,87.805,62230.0
2025-10-28 15:10:00,87.805,87.85,87.735,87.75,81463.0
2025-10-28 15:15:00,87.745,87.7867,87.68,87.69,58327.0
2025-10-28 15:20:00,87.6951,87.705,87.63,87.65,50700.0
2025-10-28 15:25:00,87.65,87.67,87.605,87.65,50168.0
2025-10-28 15:30:00,87.65,87.68,87.55,87.55,107971.0
2025-10-28 15:35:00,87.55,87.635,87.55,87.57,101277.0
2025-10-28 15:40:00,87.565,87.61,87.505,87.515,95832.0
2025-10-28 15:45:00,87.52,87.555,87.5,87.52,248781.0
2025-10-28 15:50:00,87.52,87.66,87.51,87.62,44395.0
2025-10-28 15:55:00,87.62,87.62,87.545,87.6,71534.0
2025-10-28 16:00:00,87.59,87.645,87.5744,87.635,73880.0
2025-10-29 09:35:00,87.4,87.4,87.4,87.4,110.0
2025-10-29 09:45:00,87.54,87.54,87.54,87.54,283.0
2025-10-29 10:00:00,87.5,87.52,87.5,87.52,401.0
2025-10-29 10:10:00,87.5,87.5,87.49,87.49,476.0
2025-10-29 10:25:00,87.55,87.55,87.55,87.55,225.0
2025-10-29 11:45:00,87.58,87.6,87.57,87.6,938.0
2025-10-29 11:50:00,87.52,87.52,87.51,87.51,850.0
2025-10-29 12:00:00,87.47,87.62,87.47,87.54,8512.0
2025-10-29 12:05:00,87.5,87.5,87.5,87.5,100.0
2025-10-29 12:15:00,87.57,87.57,87.57,87.57,1045.0
2025-10-29 12:20:00,87.579,87.579,87.579,87.579,1000.0
2025-10-29 12:30:00,87.56,87.56,87.56,87.56,130.0
2025-10-29 13:10:00,87.55,87.55,87.55,87.55,150.0
2025-10-29 13:15:00,87.52,87.55,87.52,87.55,983.0
2025-10-29 13:25:00,87.54,87.56,87.37,87.37,38743.0
2025-10-29 13:30:00,87.455,87.7,87.28,87.58,594351.0
2025-10-29 13:35:00,87.58,87.89,87.58,87.63,393933.0
2025-10-29 13:40:00,87.63,87.8,87.47,87.8,165561.0
2025-10-29 13:45:00,87.8,87.835,87.57,87.6,240377.0
2025-10-29 13:50:00,87.61,87.755,87.57,87.695,129458.0
2025-10-29 13:55:00,87.695,87.695,87.5551,87.61,136788.0
2025-10-29 14:00:00,87.615,87.795,87.585,87.785,189519.0
2025-10-29 14:05:00,87.78,87.9,87.745,87.88,154734.0
2025-10-29 14:10:00,87.88,87.88,87.74,87.79,116731.0
2025-10-29 14:15:00,87.785,87.82,87.705,87.745,78761.0
2025-10-29 14:20:00,87.745,87.9,87.74,87.79,78342.0
2025-10-29 14:25:00,87.78,87.82,87.741,87.815,127757.0
2025-10-29 14:30:00,87.82,88.08,87.82,87.95,233402.0
2025-10-29 14:35:00,87.95,88.05,87.92,88.05,85764.0
2025-10-29 14:40:00,88.04,88.07,87.9801,88.01,86552.0
2025-10-29 14:45:00,88.02,88.135,88.0,88.08,73005.0
2025-10-29 14:50:00,88.09,88.15,88.06,88.11,75247.0
2025-10-29 14:55:00,88.12,88.21,88.09,88.195,182825.0
2025-10-29 15:00:00,88.2,88.24,88.04,88.045,146198.0
2025-10-29 15:05:00,88.05,88.11,88.05,88.095,124765.0
2025-10-29 15:10:00,88.11,88.145,88.045,88.05,89663.0
2025-10-29 15:15:00,88.05,88.1,88.0267,88.09,84049.0
2025-10-29 15:20:00,88.09,88.11,87.995,88.0976,113789.0
2025-10-29 15:25:00,88.1,88.115,88.01,88.02,156833.0
2025-10-29 15:30:00,88.01,88.04,87.985,88.025,149122.0
2025-10-29 15:35:00,88.0201,88.09,88.02,88.09,62567.0
2025-10-29 15:40:00,88.095,88.175,88.065,88.175,86707.0
2025-10-29 15:45:00,88.18,88.23,88.16,88.1828,62280.0
2025-10-29 15:50:00,88.18,88.22,88.17,88.19,58526.0
2025-10-29 15:55:00,88.2,88.2,88.04,88.13,140352.0
2025-10-29 16:00:00,88.13,88.22,88.06,88.2,134091.0
2025-10-30 09:45:00,87.82,87.82,87.82,87.82,829.0
2025-10-30 10:10:00,87.81,87.81,87.8,87.8,582.0
2025-10-30 11:40:00,87.94,87.94,87.94,87.94,125.0
2025-10-30 11:45:00,87.95,87.98,87.94,87.98,858.0
2025-10-30 11:55:00,87.94,87.94,87.92,87.92,3218.0
2025-10-30 12:00:00,87.9,88.03,87.88,87.88,967.0
2025-10-30 12:10:00,87.88,87.88,87.85,87.85,3698.0
2025-10-30 12:15:00,87.84,87.84,87.77,87.77,7135.0
2025-10-30 12:25:00,87.76,87.76,87.75,87.75,2801.0
2025-10-30 12:35:00,87.83,87.84,87.7375,87.7375,1423.0
2025-10-30 12:40:00,87.87,87.88,87.87,87.88,552.0
2025-10-30 12:45:00,87.84,87.84,87.83,87.84,505.0
2025-10-30 12:50:00,87.92,87.94,87.92,87.94,7196.0
2025-10-30 12:55:00,87.93,87.94,87.87,87.9,13686.0
2025-10-30 13:00:00,87.89,87.91,87.77,87.81,17110.0
2025-10-30 13:05:00,87.79,87.88,87.78,87.88,8229.0
2025-10-30 13:10:00,87.8765,87.8765,87.8701,87.8701,700.0
2025-10-30 13:15:00,87.92,87.92,87.84,87.84,1539.0
2025-10-30 13:25:00,87.94,88.0097,87.94,87.95,1805.0
2025-10-30 13:30:00,87.98,88.02,87.68,87.8,587337.0
2025-10-30 13:35:00,87.81,87.81,87.47,87.525,325297.0
2025-10-30 13:40:00,87.525,87.765,87.365,87.76,232644.0
2025-10-30 13:45:00,87.73,87.925,87.68,87.83,179345.0
2025-10-30 13:50:00,87.825,87.98,87.78,87.85,122423.0
2025-10-30 13:55:00,87.84,87.85,87.66,87.815,177014.0
2025-10-30 14:00:00,87.8,87.83,87.57,87.6,246056.0
2025-10-30 14:05:00,87.595,87.79,87.59,87.79,148330.0
2025-10-30 14:10:00,87.795,87.9,87.77,87.84,131312.0
2025-10-30 14:15:00,87.85,87.92,87.76,87.835,98168.0
2025-10-30 14:20:00,87.82,87.97,87.785,87.96,100057.0
2025-10-30 14:25:00,87.95,88.08,87.945,88.01,78883.0
2025-10-30 14:30:00,88.01,88.13,87.98,88.1,112098.0
2025-10-30 14:35:00,88.105,88.25,88.065,88.175,85080.0
2025-10-30 14:40:00,88.18,88.28,88.1795,88.19,128081.0
2025-10-30 14:45:00,88.2,88.31,88.145,88.235,101372.0
2025-10-30 14:50:00,88.24,88.26,88.145,88.225,103388.0
2025-10-30 14:55:00,88.225,88.335,88.19,88.305,74449.0
2025-10-30 15:00:00,88.31,88.46,88.31,88.425,241704.0
2025-10-30 15:05:00,88.43,88.52,88.405,88.46,117910.0
2025-10-30 15:10:00,88.46,88.49,88.41,88.48,73830.0
2025-10-30 15:15:00,88.47,88.535,88.41,88.48,86820.0
2025-10-30 15:20:00,88.48,88.49,88.37,88.42,103353.0
2025-10-30 15:25:00,88.41,88.42,88.37,88.375,76217.0
2025-10-30 15:30:00,88.37,88.4299,88.345,88.4,92510.0
2025-10-30 15:35:00,88.39,88.4,88.3,88.37,99698.0
2025-10-30 15:40:00,88.37,88.435,88.29,88.435,165589.0
2025-10-30 15:45:00,88.431,88.45,88.35,88.435,61878.0
2025-10-30 15:50:00,88.44,88.485,88.4,88.42,87914.0
2025-10-30 15:55:00,88.415,88.475,88.29,88.29,51407.0
2025-10-30 16:00:00,88.2958,88.365,88.28,88.365,66524.0
2025-10-31 09:35:00,87.26,87.26,87.26,87.26,228.0
2025-10-31 10:15:00,87.29,87.59,87.29,87.57,20723.0
2025-10-31 10:20:00,87.59,87.59,87.59,87.59,116.0
2025-10-31 10:25:00,87.61,87.61,87.61,87.61,101.0
2025-10-31 10:30:00,87.39,87.39,87.01,87.1,6258.0
2025-10-31 10:40:00,87.06,87.12,87.06,87.12,414.0
2025-10-31 10:55:00,87.05,87.05,87.05,87.05,704.0
2025-10-31 11:00:00,87.04,87.07,87.01,87.01,2164.0
2025-10-31 11:20:00,87.06,87.06,87.06,87.06,290.0
2025-10-31 11:30:00,87.03,87.05,87.0,87.01,10178.0
2025-10-31 12:00:00,87.0052,87.43,87.0052,87.09,2648.0
2025-10-31 12:10:00,87.09,87.11,87.09,87.11,3295.0
2025-10-31 12:35:00,87.39,87.6,87.22,87.53,80097.0
2025-10-31 12:40:00,87.5,87.51,87.5,87.51,327.0
2025-10-31 12:45:00,87.51,87.55,87.51,87.55,1876.0
2025-10-31 12:50:00,87.5581,87.6,87.46,87.6,2987.0
2025-10-31 12:55:00,87.63,87.63,87.63,87.63,100.0
2025-10-31 13:00:00,87.63,87.64,87.62,87.62,1023.0
2025-10-31 13:05:00,87.68,87.8,87.68,87.77,17102.0
2025-10-31 13:10:00,87.8,87.8,87.65,87.65,11627.0
2025-10-31 13:25:00,87.75,87.76,87.67,87.67,840.0
2025-10-31 13:30:00,87.7,88.03,87.41,87.41,597025.0
2025-10-31 13:35:00,87.41,88.17,87.32,88.11,499521.0
2025-10-31 13:40:00,88.11,88.1301,87.715,87.86,231046.0
2025-10-31 13:45:00,87.89,88.15,87.75,88.145,334690.0
2025-10-31 13:50:00,88.15,88.295,88.1,88.255,189426.0
2025-10-31 13:55:00,88.26,88.475,88.12,88.47,290789.0
2025-10-31 14:00:00,88.4655,88.55,88.3,88.345,405433.0
2025-10-31 14:05:00,88.335,88.4,88.15,88.34,338659.0
2025-10-31 14:10:00,88.335,88.34,87.965,88.135,304322.0
2025-10-31 14:15:00,88.14,88.35,88.09,88.13,106760.0
2025-10-31 14:20:00,88.11,88.11,87.82,87.99,180560.0
2025-10-31 14:25:00,87.99,88.015,87.79,87.845,147033.0
2025-10-31 14:30:00,87.83,87.985,87.825,87.94,170112.0
2025-10-31 14:35:00,87.92,88.03,87.83,87.83,134862.0
2025-10-31 14:40:00,87.825,88.055,87.76,87.985,236523.0
2025-10-31 14:45:00,87.99,88.215,87.99,88.1846,140119.0
2025-10-31 14:50:00,88.185,88.335,88.15,88.22,92660.0
2025-10-31 14:55:00,88.2,88.29,88.1,88.14,70325.0
2025-10-31 15:00:00,88.13,88.23,88.03,88.105,87277.0
2025-10-31 15:05:00,88.105,88.1458,88.065,88.12,55710.0
2025-10-31 15:10:00,88.11,88.24,88.11,88.185,88775.0
2025-10-31 15:15:00,88.19,88.33,88.1601,88.33,85549.0
2025-10-31 15:20:00,88.32,88.34,88.2,88.23,88521.0
2025-10-31 15:25:00,88.235,88.235,88.05,88.15,69571.0
2025-10-31 15:30:00,88.155,88.24,88.155,88.215,61400.0
2025-10-31 15:35:00,88.215,88.215,88.09,88.1,57873.0
2025-10-31 15:40:00,88.1,88.155,88.03,88.15,116388.0
2025-10-31 15:45:00,88.15,88.16,87.55,87.715,897670.0
2025-10-31 15:50:00,87.71,87.74,87.55,87.74,173347.0
2025-10-31 15:55:00,87.74,87.84,87.705,87.815,135363.0
2025-10-31 16:00:00,87.82,87.875,87.64,87.75,85679.0
