timestamp,Open,High,Low,Close,Volume
2025-05-06 09:30:00,49.1,49.1,49.09,49.09,1680.0
2025-05-06 09:35:00,49.09,49.09,49.09,49.09,642.0
2025-05-06 09:40:00,49.08,49.08,49.08,49.08,420.0
2025-05-06 09:50:00,49.1,49.1,49.1,49.1,9574.0
2025-05-06 09:55:00,49.13,49.15,49.13,49.13,1271.0
2025-05-06 10:10:00,49.13,49.13,49.13,49.13,1055.0
2025-05-06 10:15:00,49.14,49.15,49.14,49.15,718.0
2025-05-06 10:20:00,49.14,49.14,49.14,49.14,190.0
2025-05-06 10:35:00,49.15,49.15,49.15,49.15,2976.0
2025-05-06 10:40:00,49.16,49.16,49.16,49.16,570.0
2025-05-06 10:45:00,49.16,49.16,49.16,49.16,570.0
2025-05-06 10:55:00,49.17,49.17,49.16,49.16,13565.0
2025-05-06 11:00:00,49.16,49.18,49.16,49.18,1958.0
2025-05-06 11:10:00,49.21,49.21,49.21,49.21,121.0
2025-05-06 11:15:00,49.2,49.2,49.2,49.2,800.0
2025-05-06 11:20:00,49.19,49.2,49.13,49.13,29158.0
2025-05-06 11:25:00,49.14,49.14,49.1,49.1,36332.0
2025-05-06 11:30:00,49.09,49.1,49.09,49.1,2272.0
2025-05-06 11:35:00,49.11,49.13,49.11,49.13,1740.0
2025-05-06 11:40:00,49.12,49.13,49.12,49.12,4182.0
2025-05-06 11:45:00,49.13,49.14,49.13,49.14,25859.0
2025-05-06 11:50:00,49.1,49.1,49.03,49.05,22742.0
2025-05-06 11:55:00,49.05,49.06,49.03,49.06,1229.0
2025-05-06 12:00:00,49.0485,49.44,49.0485,49.11,7289.0
2025-05-06 12:05:00,49.11,49.11,49.11,49.11,1010.0
2025-05-06 12:10:00,49.11,49.12,49.11,49.12,4370.0
2025-05-06 12:15:00,49.11,49.12,49.11,49.12,1250.0
2025-05-06 12:20:00,49.12,49.12,49.12,49.12,2462.0
2025-05-06 12:25:00,49.13,49.13,49.13,49.13,100.0
2025-05-06 12:30:00,49.12,49.12,49.07,49.07,7080.0
2025-05-06 12:35:00,49.08,49.08,49.07,49.07,1137.0
2025-05-06 12:45:00,49.09,49.12,49.09,49.12,3714.0
2025-05-06 12:50:00,49.11,49.11,49.11,49.11,1874.0
2025-05-06 12:55:00,49.11,49.13,49.11,49.12,7855.0
2025-05-06 13:00:00,49.12,49.14,49.12,49.12,33844.0
2025-05-06 13:05:00,49.12,49.12,49.09,49.09,8064.0
2025-05-06 13:10:00,49.09,49.09,49.06,49.06,19900.0
2025-05-06 13:15:00,49.06,49.07,49.01,49.07,46887.0
2025-05-06 13:20:00,49.07,49.08,49.03,49.04,18588.0
2025-05-06 13:25:00,49.01,49.01,49.0,49.0,402.0
2025-05-06 13:30:00,49.0,49.125,48.97,49.125,841964.0
2025-05-06 13:35:00,49.125,49.185,49.025,49.175,362482.0
2025-05-06 13:40:00,49.17,49.2,49.135,49.175,201521.0
2025-05-06 13:45:00,49.18,49.215,49.095,49.105,797533.0
2025-05-06 13:50:00,49.1,49.11,49.0,49.06,345772.0
2025-05-06 13:55:00,49.06,49.12,49.045,49.105,238207.0
2025-05-06 14:00:00,49.105,49.15,49.05,49.15,332504.0
2025-05-06 14:05:00,49.16,49.19,49.12,49.1899,768263.0
2025-05-06 14:10:00,49.185,49.24,49.185,49.205,255810.0
2025-05-06 14:15:00,49.21,49.3,49.205,49.295,539936.0
2025-05-06 14:20:00,49.3,49.375,49.3,49.33,241235.0
2025-05-06 14:25:00,49.33,49.355,49.32,49.35,134290.0
2025-05-06 14:30:00,49.345,49.42,49.34,49.4,145490.0
2025-05-06 14:35:00,49.405,49.42,49.34,49.37,183459.0
2025-05-06 14:40:00,49.3701,49.375,49.33,49.365,97061.0
2025-05-06 14:45:00,49.365,49.44,49.365,49.415,158336.0
2025-05-06 14:50:00,49.415,49.415,49.3636,49.395,226547.0
2025-05-06 14:55:00,49.39,49.465,49.385,49.435,102701.0
2025-05-06 15:00:00,49.435,49.47,49.425,49.43,149717.0
2025-05-06 15:05:00,49.43,49.48,49.425,49.435,96796.0
2025-05-06 15:10:00,49.435,49.46,49.43,49.435,53151.0
2025-05-06 15:15:00,49.44,49.45,49.4,49.44,96001.0
2025-05-06 15:20:00,49.435,49.52,49.435,49.5,149321.0
2025-05-06 15:25:00,49.505,49.505,49.46,49.475,207235.0
2025-05-06 15:30:00,49.475,49.5075,49.44,49.5,188691.0
2025-05-06 15:35:00,49.505,49.51,49.4749,49.495,184652.0
2025-05-06 15:40:00,49.495,49.5,49.395,49.41,303071.0
2025-05-06 15:45:00,49.41,49.4355,49.395,49.431,153147.0
2025-05-06 15:50:00,49.43,49.4356,49.35,49.365,216753.0
2025-05-06 15:55:00,49.365,49.38,49.335,49.34,166425.0
2025-05-06 16:00:00,49.3401,49.38,49.34,49.3701,286902.0
2025-05-07 09:40:00,49.48,49.48,49.48,49.48,750.0
2025-05-07 09:45:00,49.48,49.48,49.47,49.48,1640.0
2025-05-07 09:50:00,49.48,49.48,49.47,49.47,2377.0
2025-05-07 10:00:00,49.47,49.47,49.46,49.46,3100.0
2025-05-07 10:05:00,49.47,49.47,49.47,49.47,435.0
2025-05-07 10:10:00,49.47,49.47,49.45,49.47,5084.0
2025-05-07 10:15:00,49.48,49.48,49.48,49.48,2000.0
2025-05-07 10:25:00,49.49,49.49,49.49,49.49,202.0
2025-05-07 10:30:00,49.49,49.49,49.49,49.49,202.0
2025-05-07 10:35:00,49.49,49.49,49.49,49.49,327.0
2025-05-07 10:40:00,49.48,49.52,49.48,49.52,3428.0
2025-05-07 10:45:00,49.51,49.51,49.51,49.51,2914.0
2025-05-07 10:50:00,49.52,49.52,49.51,49.51,920.0
2025-05-07 10:55:00,49.52,49.52,49.5,49.5,423.0
2025-05-07 11:00:00,49.51,49.52,49.51,49.52,701.0
2025-05-07 11:05:00,49.54,49.54,49.54,49.54,6043.0
2025-05-07 11:10:00,49.55,49.55,49.54,49.54,2396.0
2025-05-07 11:15:00,49.54,49.56,49.54,49.55,688.0
2025-05-07 11:25:00,49.52,49.52,49.52,49.52,100.0
2025-05-07 11:35:00,49.51,49.51,49.51,49.51,2632.0
2025-05-07 11:40:00,49.51,49.51,49.48,49.48,2346.0
2025-05-07 11:45:00,49.49,49.49,49.49,49.49,163.0
2025-05-07 11:50:00,49.49,49.5,49.49,49.5,751.0
2025-05-07 11:55:00,49.49,49.49,49.49,49.49,100.0
2025-05-07 12:00:00,49.5103,49.55,49.4,49.5,1665.0
2025-05-07 12:05:00,49.48,49.48,49.44,49.44,4387.0
2025-05-07 12:10:00,49.45,49.45,49.39,49.39,13219.0
2025-05-07 12:15:00,49.4,49.41,49.38,49.38,5031.0
2025-05-07 12:20:00,49.4,49.41,49.4,49.41,2777.0
2025-05-07 12:25:00,49.41,49.42,49.4,49.4,780.0
2025-05-07 12:30:00,49.39,49.4,49.39,49.4,405.0
2025-05-07 12:35:00,49.41,49.41,49.41,49.41,360.0
2025-05-07 12:40:00,49.41,49.41,49.41,49.41,355.0
2025-05-07 12:45:00,49.41,49.42,49.41,49.41,3226.0
2025-05-07 12:50:00,49.42,49.43,49.4,49.4,1539.0
2025-05-07 12:55:00,49.41,49.41,49.4,49.4,2317.0
2025-05-07 13:00:00,49.4,49.4,49.37,49.37,1841.0
2025-05-07 13:05:00,49.36,49.36,49.31,49.31,9900.0
2025-05-07 13:10:00,49.29,49.32,49.29,49.32,915.0
2025-05-07 13:15:00,49.3,49.3,49.3,49.3,1476.0
2025-05-07 13:20:00,49.3,49.31,49.3,49.3,2579.0
2025-05-07 13:25:00,49.31,49.31,49.31,49.31,104.0
2025-05-07 13:30:00,49.32,49.41,49.28,49.36,754824.0
2025-05-07 13:35:00,49.35,49.415,49.305,49.395,486592.0
2025-05-07 13:40:00,49.395,49.51,49.39,49.5,248884.0
2025-05-07 13:45:00,49.495,49.505,49.38,49.395,550075.0
2025-05-07 13:50:00,49.385,49.45,49.375,49.395,285761.0
2025-05-07 13:55:00,49.395,49.5,49.395,49.495,204055.0
2025-05-07 14:00:00,49.495,49.495,49.45,49.455,238732.0
2025-05-07 14:05:00,49.455,49.505,49.45,49.5,186984.0
2025-05-07 14:10:00,49.5,49.52,49.46,49.485,283388.0
2025-05-07 14:15:00,49.485,49.51,49.435,49.5074,161814.0
2025-05-07 14:20:00,49.5046,49.555,49.49,49.525,206253.0
2025-05-07 14:25:00,49.525,49.5566,49.51,49.535,221047.0
2025-05-07 14:30:00,49.5348,49.55,49.485,49.495,233135.0
2025-05-07 14:35:00,49.495,49.5352,49.48,49.5203,180535.0
2025-05-07 14:40:00,49.53,49.5569,49.495,49.5463,215956.0
2025-05-07 14:45:00,49.545,49.565,49.5,49.51,421489.0
2025-05-07 14:50:00,49.505,49.5156,49.435,49.445,194923.0
2025-05-07 14:55:00,49.44,49.515,49.44,49.5099,405748.0
2025-05-07 15:00:00,49.505,49.52,49.46,49.5074,291411.0
2025-05-07 15:05:00,49.505,49.53,49.475,49.51,294270.0
2025-05-07 15:10:00,49.51,49.53,49.4443,49.455,177324.0
2025-05-07 15:15:00,49.455,49.48,49.43,49.4778,170572.0
2025-05-07 15:20:00,49.475,49.52,49.465,49.51,217008.0
2025-05-07 15:25:00,49.515,49.545,49.4918,49.54,200295.0
2025-05-07 15:30:00,49.53,49.565,49.53,49.545,216957.0
2025-05-07 15:35:00,49.545,49.565,49.51,49.565,1414584.0
2025-05-07 15:40:00,49.565,49.6,49.56,49.565,171129.0
2025-05-07 15:45:00,49.565,49.575,49.485,49.51,235444.0
2025-05-07 15:50:00,49.51,49.55,49.48,49.535,248111.0
2025-05-07 15:55:00,49.54,49.61,49.535,49.605,234034.0
2025-05-07 16:00:00,49.6,49.64,49.59,49.6054,141523.0
2025-05-08 09:30:00,49.98,49.98,49.98,49.98,1030.0
2025-05-08 09:40:00,50.0,50.03,50.0,50.03,7027.0
2025-05-08 09:45:00,50.02,50.02,50.02,50.02,299.0
2025-05-08 09:50:00,50.04,50.04,50.04,50.04,400.0
2025-05-08 10:00:00,50.04,50.04,50.03,50.03,1645.0
2025-05-08 10:05:00,50.04,50.06,50.04,50.04,1142.0
2025-05-08 10:15:00,50.06,50.06,50.06,50.06,200.0
2025-05-08 10:20:00,50.06,50.06,50.06,50.06,200.0
2025-05-08 10:25:00,50.07,50.07,50.07,50.07,300.0
2025-05-08 10:30:00,50.05,50.05,50.05,50.05,453.0
2025-05-08 10:35:00,50.03,50.03,50.03,50.03,333.0
2025-05-08 10:40:00,50.05,50.07,50.05,50.07,746.0
2025-05-08 10:45:00,50.09,50.09,50.08,50.08,4747.0
2025-05-08 10:50:00,50.09,50.12,50.09,50.12,15202.0
2025-05-08 10:55:00,50.11,50.12,50.11,50.12,1108.0
2025-05-08 11:00:00,50.12,50.12,50.08,50.11,40119.0
2025-05-08 11:05:00,50.12,50.13,50.08,50.08,35548.0
2025-05-08 11:10:00,50.09,50.1,50.08,50.1,875.0
2025-05-08 11:15:00,50.1,50.1,50.04,50.06,7330.0
2025-05-08 11:20:00,50.09,50.09,50.06,50.07,4648.0
2025-05-08 11:25:00,50.05,50.08,50.05,50.05,1196.0
2025-05-08 11:30:00,50.05,50.07,50.05,50.06,1152.0
2025-05-08 11:35:00,50.06,50.06,50.03,50.03,554.0
2025-05-08 11:40:00,50.04,50.04,50.01,50.01,2613.0
2025-05-08 11:45:00,49.99,50.01,49.96,49.99,3535.0
2025-05-08 11:50:00,49.99,49.99,49.99,49.99,1120.0
2025-05-08 11:55:00,49.99,49.99,49.99,49.99,1117.0
2025-05-08 12:00:00,50.1007,50.12,49.97,49.98,4814.0
2025-05-08 12:05:00,49.99,49.99,49.98,49.98,3549.0
2025-05-08 12:10:00,49.99,49.99,49.97,49.97,1445.0
2025-05-08 12:15:00,49.98,49.98,49.97,49.97,6599.0
2025-05-08 12:20:00,49.97,49.97,49.97,49.97,4433.0
2025-05-08 12:25:00,49.98,49.98,49.94,49.94,5759.0
2025-05-08 12:30:00,49.95,49.98,49.95,49.98,4719.0
2025-05-08 12:35:00,49.95,49.95,49.78,49.78,26134.0
2025-05-08 12:40:00,49.78,49.78,49.7217,49.77,25535.0
2025-05-08 12:45:00,49.78,49.87,49.78,49.87,16917.0
2025-05-08 12:50:00,49.9,49.9,49.86,49.86,2788.0
2025-05-08 12:55:00,49.86,49.8602,49.85,49.86,810.0
2025-05-08 13:10:00,49.85,49.85,49.84,49.84,5819.0
2025-05-08 13:15:00,49.86,49.86,49.82,49.85,511.0
2025-05-08 13:20:00,49.8302,49.84,49.79,49.83,2328.0
2025-05-08 13:25:00,49.84,49.87,49.84,49.86,752.0
2025-05-08 13:30:00,49.84,49.8993,49.76,49.865,968121.0
2025-05-08 13:35:00,49.865,49.885,49.785,49.805,737835.0
2025-05-08 13:40:00,49.805,49.925,49.805,49.92,405810.0
2025-05-08 13:45:00,49.91,49.915,49.84,49.855,221392.0
2025-05-08 13:50:00,49.86,49.8999,49.8445,49.865,119885.0
2025-05-08 13:55:00,49.8635,49.95,49.85,49.935,146293.0
2025-05-08 14:00:00,49.93,50.0,49.925,49.96,327057.0
2025-05-08 14:05:00,49.96,49.965,49.8451,49.86,337843.0
2025-05-08 14:10:00,49.85,49.85,49.735,49.765,262069.0
2025-05-08 14:15:00,49.765,49.835,49.755,49.81,286236.0
2025-05-08 14:20:00,49.81,49.905,49.8,49.875,391485.0
2025-05-08 14:25:00,49.875,49.935,49.865,49.9,577329.0
2025-05-08 14:30:00,49.91,50.01,49.903559,49.965,960199.0
2025-05-08 14:35:00,49.965,49.98,49.865,49.865,385607.0
2025-05-08 14:40:00,49.8682,49.91,49.855,49.905,287001.0
2025-05-08 14:45:00,49.905,49.905,49.845,49.855,222840.0
2025-05-08 14:50:00,49.855,49.905,49.75,49.785,616571.0
2025-05-08 14:55:00,49.785,49.84,49.725,49.79,403678.0
2025-05-08 15:00:00,49.8,49.855,49.75,49.77,311569.0
2025-05-08 15:05:00,49.77,49.89,49.77,49.875,319997.0
2025-05-08 15:10:00,49.875,49.93,49.8701,49.92,207764.0
2025-05-08 15:15:00,49.92,49.975,49.905,49.97,402128.0
2025-05-08 15:20:00,49.965,50.085,49.96,50.0801,981915.0
2025-05-08 15:25:00,50.085,50.161,50.07,50.08,902457.0
2025-05-08 15:30:00,50.09,50.115,50.025,50.115,499561.0
2025-05-08 15:35:00,50.12,50.15,50.08,50.15,234952.0
2025-05-08 15:40:00,50.15,50.315,50.145,50.3,944821.0
2025-05-08 15:45:00,50.3,50.325,50.275,50.305,377449.0
2025-05-08 15:50:00,50.305,50.32,50.21,50.245,593213.0
2025-05-08 15:55:00,50.25,50.25,50.185,50.205,334654.0
2025-05-08 16:00:00,50.205,50.26,50.2,50.235,230812.0
2025-05-09 09:30:00,49.79,49.79,49.79,49.79,682.0
2025-05-09 09:40:00,49.81,49.81,49.81,49.81,971.0
2025-05-09 10:00:00,49.82,49.84,49.82,49.84,1109.0
2025-05-09 10:15:00,49.87,49.87,49.87,49.87,952.0
2025-05-09 10:20:00,49.88,49.88,49.88,49.88,150.0
2025-05-09 10:25:00,49.88,49.88,49.88,49.88,150.0
2025-05-09 10:30:00,49.91,49.91,49.91,49.91,680.0
2025-05-09 10:55:00,49.94,49.94,49.94,49.94,515.0
2025-05-09 11:00:00,49.91,49.91,49.9,49.91,375.0
2025-05-09 11:10:00,49.94,49.96,49.94,49.96,6855.0
2025-05-09 11:15:00,49.99,49.99,49.99,49.99,125.0
2025-05-09 11:20:00,49.96,49.98,49.96,49.98,522.0
2025-05-09 11:25:00,49.97,50.02,49.76,49.82,179622.0
2025-05-09 11:30:00,49.87,49.88,49.85,49.85,9442.0
2025-05-09 11:35:00,49.86,49.879,49.86,49.879,731.0
2025-05-09 11:40:00,49.85,49.89,49.85,49.89,5320.0
2025-05-09 11:45:00,49.91,49.92,49.91,49.92,1106.0
2025-05-09 11:50:00,49.94,49.94,49.91,49.91,631.0
2025-05-09 11:55:00,49.92,49.94,49.92,49.94,2522.0
2025-05-09 12:00:00,49.85,49.989,49.85,49.9,1326.0
2025-05-09 12:05:00,49.95,49.95,49.94,49.94,1320.0
2025-05-09 12:10:00,49.94,49.94,49.92,49.92,4512.0
2025-05-09 12:15:00,49.92,49.92,49.92,49.92,160.0
2025-05-09 12:20:00,49.93,49.94,49.93,49.94,532.0
2025-05-09 12:25:00,49.92,49.92,49.92,49.92,198.0
2025-05-09 12:35:00,49.95,49.97,49.94,49.97,2774.0
2025-05-09 12:40:00,49.99,50.0,49.98,49.98,1105.0
2025-05-09 12:45:00,49.98,49.98,49.98,49.98,220.0
2025-05-09 12:50:00,49.99,49.99,49.99,49.99,200.0
2025-05-09 12:55:00,50.0,50.0,49.98,49.98,596.0
2025-05-09 13:00:00,49.99,50.02,49.9899,50.01,18944.0
2025-05-09 13:05:00,50.01,50.02,50.01,50.01,1471.0
2025-05-09 13:10:00,50.01,50.01,50.01,50.01,132.0
2025-05-09 13:15:00,50.01,50.0199,50.01,50.01,2232.0
2025-05-09 13:20:00,50.01,50.01,49.98,50.01,5855.0
2025-05-09 13:25:00,50.01,50.01,49.95,49.95,11384.0
2025-05-09 13:30:00,49.96,50.015,49.923575,49.98,501298.0
2025-05-09 13:35:00,49.995,50.035,49.945,49.955,673252.0
2025-05-09 13:40:00,49.965,49.995,49.92,49.93,373249.0
2025-05-09 13:45:00,49.93,49.97,49.9,49.92,533236.0
2025-05-09 13:50:00,49.915,49.99,49.89,49.99,278307.0
2025-05-09 13:55:00,49.985,50.01,49.97,49.985,270698.0
2025-05-09 14:00:00,49.98,50.01,49.925,49.935,111453.0
2025-05-09 14:05:00,49.95,50.02,49.92,50.015,194387.0
2025-05-09 14:10:00,50.01,50.015,49.9038,49.925,229818.0
2025-05-09 14:15:00,49.925,49.93,49.87,49.8741,289280.0
2025-05-09 14:20:00,49.875,49.885,49.83,49.835,218468.0
2025-05-09 14:25:00,49.835,49.845,49.76,49.825,362953.0
2025-05-09 14:30:00,49.83,49.85,49.78,49.79,232384.0
2025-05-09 14:35:00,49.795,49.795,49.72,49.775,247008.0
2025-05-09 14:40:00,49.7758,49.805,49.72,49.795,454021.0
2025-05-09 14:45:00,49.805,49.815,49.755,49.81,476922.0
2025-05-09 14:50:00,49.805,49.84,49.765,49.785,200325.0
2025-05-09 14:55:00,49.785,49.85,49.785,49.83,164833.0
2025-05-09 15:00:00,49.835,49.876477,49.82343,49.865,290835.0
2025-05-09 15:05:00,49.87,49.8754,49.85,49.855,366968.0
2025-05-09 15:10:00,49.85,49.8555,49.7701,49.795,242812.0
2025-05-09 15:15:00,49.795,49.82,49.765,49.79,77784.0
2025-05-09 15:20:00,49.795,49.8059,49.765,49.805,105505.0
2025-05-09 15:25:00,49.805,49.85,49.78,49.845,179033.0
2025-05-09 15:30:00,49.845,49.845,49.78,49.835,274369.0
2025-05-09 15:35:00,49.84,49.87,49.825,49.855,215345.0
2025-05-09 15:40:00,49.855,49.88,49.83,49.8776,100502.0
2025-05-09 15:45:00,49.875,49.895,49.845,49.895,502830.0
2025-05-09 15:50:00,49.895,49.955,49.88,49.92,721403.0
2025-05-09 15:55:00,49.925,49.96,49.92,49.955,126732.0
2025-05-09 16:00:00,49.95,49.95,49.845,49.85,473971.0
2025-05-12 09:30:00,50.87,50.95,50.87,50.95,25216.0
2025-05-12 09:35:00,50.97,50.97,50.97,50.97,1000.0
2025-05-12 09:40:00,50.95,50.95,50.95,50.95,279.0
2025-05-12 09:45:00,50.98,51.0,50.95,51.0,7687.0
2025-05-12 09:50:00,51.0,51.0,51.0,51.0,17770.0
2025-05-12 09:55:00,51.0,51.04,51.0,51.04,6715.0
2025-05-12 10:00:00,51.04,51.04,50.99,50.99,13266.0
2025-05-12 10:05:00,51.01,51.02,51.0,51.0,5697.0
2025-05-12 10:10:00,50.99,51.01,50.99,51.01,6362.0
2025-05-12 10:15:00,51.04,51.08,51.04,51.07,3654.0
2025-05-12 10:20:00,51.07,51.09,51.07,51.08,2519.0
2025-05-12 10:25:00,51.1,51.15,51.1,51.14,3647.0
2025-05-12 10:30:00,51.19,51.21,51.18,51.2,27983.0
2025-05-12 10:35:00,51.24,51.24,51.18,51.18,3320.0
2025-05-12 10:40:00,51.21,51.21,51.18,51.18,638.0
2025-05-12 10:45:00,51.18,51.21,51.18,51.21,4228.0
2025-05-12 10:50:00,51.21,51.21,51.21,51.21,377.0
2025-05-12 10:55:00,51.22,51.24,51.22,51.24,676.0
2025-05-12 11:00:00,51.23,51.29,51.14,51.29,41515.0
2025-05-12 11:05:00,51.3,51.35,51.3,51.32,20558.0
2025-05-12 11:10:00,51.31,51.32,51.23,51.23,8502.0
2025-05-12 11:15:00,51.27,51.27,51.26,51.26,4182.0
2025-05-12 11:20:00,51.26,51.26,51.23,51.23,4697.0
2025-05-12 11:25:00,51.29,51.3,51.28,51.28,2929.0
2025-05-12 11:30:00,51.26,51.26,51.23,51.23,3908.0
2025-05-12 11:35:00,51.27,51.3,51.27,51.3,7144.0
2025-05-12 11:40:00,51.3,51.31,51.28,51.28,24150.0
2025-05-12 11:45:00,51.26,51.26,51.25,51.25,2504.0
2025-05-12 11:50:00,51.22,51.24,51.14,51.16,26034.0
2025-05-12 11:55:00,51.16,51.17,51.15,51.17,7500.0
2025-05-12 12:00:00,51.2204,51.35,50.5,51.21,93698.0
2025-05-12 12:05:00,51.21,51.21,51.19,51.19,20423.0
2025-05-12 12:10:00,51.2,51.23,51.2,51.23,1329.0
2025-05-12 12:15:00,51.24,51.24,51.21,51.24,776.0
2025-05-12 12:20:00,51.27,51.29,51.25,51.29,12593.0
2025-05-12 12:25:00,51.3,51.3001,51.29,51.3001,4006.0
2025-05-12 12:30:00,51.3,51.3,51.28,51.28,21897.0
2025-05-12 12:35:00,51.27,51.27,51.24,51.24,11324.0
2025-05-12 12:40:00,51.2498,51.2498,51.201,51.24,14950.0
2025-05-12 12:45:00,51.24,51.25,51.2,51.2,82750.0
2025-05-12 12:50:00,51.22,51.26,51.22,51.25,30245.0
2025-05-12 12:55:00,51.25,51.25,51.23,51.23,34688.0
2025-05-12 13:00:00,51.25,51.26,51.2304,51.235,2284.0
2025-05-12 13:05:00,51.23,51.23,51.19,51.21,76389.0
2025-05-12 13:10:00,51.21,51.25,51.2,51.24,192333.0
2025-05-12 13:15:00,51.23,51.24,51.22,51.23,18127.0
2025-05-12 13:20:00,51.23,51.26,51.22,51.26,15897.0
2025-05-12 13:25:00,51.26,51.26,51.1,51.1,34280.0
2025-05-12 13:30:00,51.11,51.195,50.805,50.81,2218762.0
2025-05-12 13:35:00,50.8032,50.86,50.75,50.8,783710.0
2025-05-12 13:40:00,50.8,50.82,50.65,50.69,3478384.0
2025-05-12 13:45:00,50.695,50.77,50.65,50.77,968663.0
2025-05-12 13:50:00,50.77,50.84,50.74,50.79,587888.0
2025-05-12 13:55:00,50.785,50.795,50.69,50.71,579799.0
2025-05-12 14:00:00,50.7099,50.78,50.665,50.72,1231057.0
2025-05-12 14:05:00,50.725,50.76,50.71,50.725,564290.0
2025-05-12 14:10:00,50.725,50.87,50.7223,50.83,466728.0
2025-05-12 14:15:00,50.825,50.89,50.785,50.795,334086.0
2025-05-12 14:20:00,50.795,50.81,50.72,50.755,305168.0
2025-05-12 14:25:00,50.765,50.765,50.64,50.68,438565.0
2025-05-12 14:30:00,50.67,50.67,50.57,50.61,626562.0
2025-05-12 14:35:00,50.605,50.64,50.555,50.64,521182.0
2025-05-12 14:40:00,50.6399,50.725,50.625,50.725,292149.0
2025-05-12 14:45:00,50.725,50.77,50.71,50.765,291008.0
2025-05-12 14:50:00,50.765,50.83,50.75,50.815,481123.0
2025-05-12 14:55:00,50.805,50.82,50.75,50.755,386385.0
2025-05-12 15:00:00,50.76,50.8061,50.75,50.79,351804.0
2025-05-12 15:05:00,50.79,50.81,50.715,50.725,210856.0
2025-05-12 15:10:00,50.73,50.785,50.725,50.74,156266.0
2025-05-12 15:15:00,50.745,50.755,50.675,50.675,151313.0
2025-05-12 15:20:00,50.675,50.68,50.56,50.605,301949.0
2025-05-12 15:25:00,50.605,50.65,50.575,50.63,157547.0
2025-05-12 15:30:00,50.635,50.69,50.635,50.665,634754.0
2025-05-12 15:35:00,50.665,50.68,50.605,50.64,203410.0
2025-05-12 15:40:00,50.635,50.6351,50.585,50.595,513623.0
2025-05-12 15:45:00,50.6,50.61,50.575,50.585,142513.0
2025-05-12 15:50:00,50.59,50.595,50.555,50.58,287736.0
2025-05-12 15:55:00,50.594,50.615,50.555,50.5757,173030.0
2025-05-12 16:00:00,50.57,50.6,50.55,50.578,127006.0
2025-05-13 09:50:00,50.77,50.77,50.77,50.77,153.0
2025-05-13 09:55:00,50.78,50.79,50.78,50.79,3621.0
2025-05-13 10:00:00,50.79,50.79,50.77,50.77,7401.0
2025-05-13 10:15:00,50.79,50.79,50.79,50.79,101.0
2025-05-13 10:20:00,50.8,50.8,50.8,50.8,1000.0
2025-05-13 10:30:00,50.77,50.77,50.77,50.77,2121.0
2025-05-13 10:35:00,50.75,50.75,50.75,50.75,100.0
2025-05-13 10:40:00,50.77,50.77,50.77,50.77,939.0
2025-05-13 10:45:00,50.79,50.79,50.79,50.79,210.0
2025-05-13 10:50:00,50.82,50.82,50.82,50.82,815.0
2025-05-13 10:55:00,50.81,50.81,50.81,50.81,930.0
2025-05-13 11:00:00,50.79,50.79,50.79,50.79,1543.0
2025-05-13 11:05:00,50.8,50.8,50.8,50.8,120.0
2025-05-13 11:10:00,50.8,50.8,50.8,50.8,210.0
2025-05-13 11:15:00,50.79,50.8,50.79,50.8,3200.0
2025-05-13 11:20:00,50.82,50.82,50.82,50.82,450.0
2025-05-13 11:25:00,50.81,50.81,50.81,50.81,414.0
2025-05-13 11:30:00,50.81,50.81,50.78,50.78,7970.0
2025-05-13 11:40:00,50.82,50.82,50.82,50.82,2800.0
2025-05-13 11:50:00,50.81,50.81,50.79,50.79,7460.0
2025-05-13 11:55:00,50.8,50.81,50.8,50.81,4721.0
2025-05-13 12:00:00,50.7997,50.81,50.7997,50.81,32143.0
2025-05-13 12:05:00,50.8199,50.82,50.81,50.82,3988.0
2025-05-13 12:10:00,50.84,50.84,50.84,50.84,1000.0
2025-05-13 12:15:00,50.8201,50.8201,50.8201,50.8201,350.0
2025-05-13 12:20:00,50.82,50.82,50.82,50.82,130.0
2025-05-13 12:25:00,50.85,50.86,50.85,50.86,2690.0
2025-05-13 12:30:00,50.87,50.97,50.87,50.89,45950.0
2025-05-13 12:35:00,50.9,50.92,50.89,50.92,5129.0
2025-05-13 12:40:00,50.8707,50.9,50.8707,50.88,5939.0
2025-05-13 12:45:00,50.87,50.88,50.82,50.85,28270.0
2025-05-13 12:50:00,50.86,50.87,50.86,50.87,2981.0
2025-05-13 12:55:00,50.87,50.87,50.87,50.87,215.0
2025-05-13 13:00:00,50.88,50.9,50.88,50.9,619.0
2025-05-13 13:05:00,50.88,50.88,50.88,50.88,470.0
2025-05-13 13:10:00,50.9,50.9,50.9,50.9,342.0
2025-05-13 13:15:00,50.9,50.9,50.9,50.9,1532.0
2025-05-13 13:20:00,50.9,50.91,50.9,50.91,3535.0
2025-05-13 13:25:00,50.93,51.0,50.91,51.0,4962.0
2025-05-13 13:30:00,51.0,51.01,50.92,50.92,1029863.0
2025-05-13 13:35:00,50.92,51.09,50.91,51.085,585636.0
2025-05-13 13:40:00,51.09,51.145,51.0801,51.1,402042.0
2025-05-13 13:45:00,51.1,51.155,51.08,51.125,380326.0
2025-05-13 13:50:00,51.125,51.14,51.07,51.08,655305.0
2025-05-13 13:55:00,51.07,51.16,51.05,51.135,1018827.0
2025-05-13 14:00:00,51.14,51.19,51.125,51.175,497144.0
2025-05-13 14:05:00,51.175,51.1775,51.08,51.09,314142.0
2025-05-13 14:10:00,51.1,51.23,51.085,51.225,659782.0
2025-05-13 14:15:00,51.23,51.27,51.185,51.215,348329.0
2025-05-13 14:20:00,51.215,51.26,51.1935,51.25,490745.0
2025-05-13 14:25:00,51.245,51.265,51.2049,51.2049,240801.0
2025-05-13 14:30:00,51.21,51.24,51.1601,51.1746,228552.0
2025-05-13 14:35:00,51.175,51.19,51.11,51.135,498086.0
2025-05-13 14:40:00,51.1301,51.15,51.085,51.11,604061.0
2025-05-13 14:45:00,51.105,51.15,51.1,51.11,341146.0
2025-05-13 14:50:00,51.115,51.175,51.11,51.16,299262.0
2025-05-13 14:55:00,51.16,51.19,51.1125,51.135,469823.0
2025-05-13 15:00:00,51.135,51.195,51.11,51.185,384637.0
2025-05-13 15:05:00,51.185,51.2151,51.1697,51.215,307484.0
2025-05-13 15:10:00,51.21,51.225,51.19,51.2011,299487.0
2025-05-13 15:15:00,51.2,51.22,51.19,51.215,482884.0
2025-05-13 15:20:00,51.215,51.2451,51.205,51.2451,299713.0
2025-05-13 15:25:00,51.245,51.28,51.2442,51.2497,652438.0
2025-05-13 15:30:00,51.24,51.265,51.2107,51.255,866294.0
2025-05-13 15:35:00,51.255,51.285,51.24,51.275,336087.0
2025-05-13 15:40:00,51.275,51.29,51.255,51.2756,456185.0
2025-05-13 15:45:00,51.275,51.31,51.25,51.265,587538.0
2025-05-13 15:50:00,51.26,51.26,51.215,51.23,374757.0
2025-05-13 15:55:00,51.23,51.25,51.22,51.225,356232.0
2025-05-13 16:00:00,51.2299,51.23,51.19,51.195,341456.0
2025-05-14 09:30:00,51.01,51.01,51.01,51.01,390.0
2025-05-14 09:35:00,51.01,51.01,51.0,51.0,2840.0
2025-05-14 09:40:00,51.0,51.0,51.0,51.0,200.0
2025-05-14 09:50:00,50.99,50.99,50.99,50.99,800.0
2025-05-14 09:55:00,50.99,51.0,50.99,51.0,300.0
2025-05-14 10:00:00,50.99,50.99,50.98,50.98,524.0
2025-05-14 10:05:00,50.97,50.97,50.97,50.97,3012.0
2025-05-14 10:10:00,50.97,50.98,50.97,50.98,3872.0
2025-05-14 10:25:00,51.0,51.0,51.0,51.0,2534.0
2025-05-14 10:30:00,51.0,51.0,51.0,51.0,1000.0
2025-05-14 10:45:00,51.0,51.0,51.0,51.0,200.0
2025-05-14 11:00:00,51.0,51.02,51.0,51.02,5613.0
2025-05-14 11:10:00,51.0,51.01,50.99,51.01,4024.0
2025-05-14 11:15:00,51.02,51.05,51.02,51.05,2378.0
2025-05-14 11:20:00,51.05,51.05,51.05,51.05,1854.0
2025-05-14 11:25:00,51.04,51.06,51.04,51.05,3559.0
2025-05-14 11:30:00,51.06,51.06,51.05,51.05,61968.0
2025-05-14 11:35:00,51.06,51.1,51.06,51.1,10048.0
2025-05-14 11:40:00,51.08,51.09,51.07,51.07,729.0
2025-05-14 11:45:00,51.07,51.07,51.06,51.06,1120.0
2025-05-14 11:50:00,51.06,51.06,51.06,51.06,224.0
2025-05-14 11:55:00,51.06,51.06,51.05,51.05,2216.0
2025-05-14 12:00:00,51.06,51.08,51.05,51.06,4045.0
2025-05-14 12:05:00,51.05,51.06,51.05,51.05,5380.0
2025-05-14 12:10:00,51.05,51.06,51.05,51.06,684.0
2025-05-14 12:15:00,51.06,51.07,51.05,51.07,9454.0
2025-05-14 12:20:00,51.08,51.11,51.08,51.1,24076.0
2025-05-14 12:25:00,51.11,51.12,51.11,51.12,16990.0
2025-05-14 12:30:00,51.11,51.13,51.11,51.13,25571.0
2025-05-14 12:35:00,51.12,51.14,51.12,51.13,40383.0
2025-05-14 12:40:00,51.12,51.13,51.12,51.12,7197.0
2025-05-14 12:45:00,51.13,51.13,51.12,51.12,2635.0
2025-05-14 12:50:00,51.12,51.12,51.11,51.11,19162.0
2025-05-14 12:55:00,51.11,51.12,51.1001,51.11,7001.0
2025-05-14 13:00:00,51.1,51.1,51.08,51.08,2811.0
2025-05-14 13:05:00,51.08,51.08,51.08,51.08,200.0
2025-05-14 13:10:00,51.1,51.1,51.1,51.1,1304.0
2025-05-14 13:15:00,51.1,51.12,51.09,51.09,6590.0
2025-05-14 13:20:00,51.09,51.09,51.09,51.09,216.0
2025-05-14 13:25:00,51.08,51.1,51.07,51.1,2456.0
2025-05-14 13:30:00,51.105,51.17,51.0149,51.045,958835.0
2025-05-14 13:35:00,51.04,51.075,51.01,51.01,974548.0
2025-05-14 13:40:00,51.005,51.045,50.96,50.96,711045.0
2025-05-14 13:45:00,50.9664,50.97,50.8649,50.8901,1042405.0
2025-05-14 13:50:00,50.895,50.945,50.84,50.935,761176.0
2025-05-14 13:55:00,50.93,50.98,50.88,50.98,653884.0
2025-05-14 14:00:00,50.975,50.995,50.935,50.975,568843.0
2025-05-14 14:05:00,50.98,50.99,50.925,50.945,480506.0
2025-05-14 14:10:00,50.94,50.945,50.87,50.905,552948.0
2025-05-14 14:15:00,50.905,50.905,50.86,50.895,469819.0
2025-05-14 14:20:00,50.895,50.97,50.8846,50.96,243042.0
2025-05-14 14:25:00,50.96,50.9651,50.93,50.965,308602.0
2025-05-14 14:30:00,50.965,50.995,50.94,50.965,430479.0
2025-05-14 14:35:00,50.965,50.985,50.94,50.98,680016.0
2025-05-14 14:40:00,50.98,51.03,50.97,51.005,447955.0
2025-05-14 14:45:00,51.01,51.02,50.98,50.995,411917.0
2025-05-14 14:50:00,51.0,51.03,50.985,51.005,918781.0
2025-05-14 14:55:00,51.005,51.005,50.94,50.955,773919.0
2025-05-14 15:00:00,50.96,50.965,50.825,50.835,793057.0
2025-05-14 15:05:00,50.835,50.8554,50.7942,50.8554,858493.0
2025-05-14 15:10:00,50.855,50.91,50.845,50.9,408564.0
2025-05-14 15:15:00,50.9,50.91,50.865,50.885,476929.0
2025-05-14 15:20:00,50.88,50.98,50.88,50.965,518842.0
2025-05-14 15:25:00,50.97,50.995,50.94,50.995,263238.0
2025-05-14 15:30:00,50.995,51.045,50.985,51.025,717162.0
2025-05-14 15:35:00,51.0251,51.03,51.0,51.005,472508.0
2025-05-14 15:40:00,51.004188,51.01,50.97,50.975,200154.0
2025-05-14 15:45:00,50.98,50.99,50.94,50.9601,496679.0
2025-05-14 15:50:00,50.96,50.975,50.94,50.955,319506.0
2025-05-14 15:55:00,50.955,50.9654,50.9344,50.945,319865.0
2025-05-14 16:00:00,50.945,50.98,50.9301,50.975,237697.0
2025-05-15 09:30:00,50.78,50.79,50.78,50.78,1494.0
2025-05-15 09:35:00,50.79,50.8,50.79,50.8,3890.0
2025-05-15 09:40:00,50.8,50.8,50.79,50.79,2501.0
2025-05-15 09:45:00,50.8,50.8,50.8,50.8,165.0
2025-05-15 09:50:00,50.8,50.8,50.8,50.8,2132.0
2025-05-15 10:10:00,50.8,50.8,50.78,50.78,1678.0
2025-05-15 10:15:00,50.79,50.79,50.79,50.79,440.0
2025-05-15 10:35:00,50.78,50.78,50.78,50.78,800.0
2025-05-15 10:50:00,50.78,50.78,50.78,50.78,4869.0
2025-05-15 10:55:00,50.78,50.78,50.78,50.78,1640.0
2025-05-15 11:00:00,50.78,50.8,50.78,50.8,4379.0
2025-05-15 11:05:00,50.78,50.78,50.77,50.77,1071.0
2025-05-15 11:10:00,50.78,50.79,50.78,50.78,925.0
2025-05-15 11:15:00,50.77,50.77,50.76,50.76,10168.0
2025-05-15 11:20:00,50.76,50.76,50.76,50.76,2200.0
2025-05-15 11:25:00,50.77,50.77,50.77,50.77,300.0
2025-05-15 11:30:00,50.77,50.77,50.77,50.77,354.0
2025-05-15 11:45:00,50.78,50.79,50.78,50.79,600.0
2025-05-15 11:50:00,50.79,50.79,50.79,50.79,434.0
2025-05-15 11:55:00,50.79,50.79,50.79,50.79,4372.0
2025-05-15 12:00:00,50.8,50.88,50.75,50.8,7881.0
2025-05-15 12:10:00,50.78,50.79,50.78,50.79,1432.0
2025-05-15 12:15:00,50.8,50.8,50.77,50.78,1394.0
2025-05-15 12:20:00,50.78,50.81,50.78,50.81,4082.0
2025-05-15 12:25:00,50.82,50.82,50.8,50.8,333.0
2025-05-15 12:30:00,50.81,50.85,50.81,50.85,1578.0
2025-05-15 12:35:00,50.85,50.87,50.84,50.85,7198.0
2025-05-15 12:40:00,50.86,50.87,50.86,50.87,1100.0
2025-05-15 12:45:00,50.9,50.9,50.86,50.86,3413.0
2025-05-15 12:50:00,50.83,50.83,50.82,50.82,28534.0
2025-05-15 12:55:00,50.84,50.84,50.82,50.82,13309.0
2025-05-15 13:00:00,50.81,50.81,50.81,50.81,5085.0
2025-05-15 13:05:00,50.8105,50.83,50.81,50.82,9491.0
2025-05-15 13:10:00,50.82,50.83,50.81,50.81,36805.0
2025-05-15 13:15:00,50.83,50.83,50.82,50.83,20001.0
2025-05-15 13:20:00,50.83,50.83,50.81,50.815,46108.0
2025-05-15 13:25:00,50.82,50.86,50.8103,50.85,26246.0
2025-05-15 13:30:00,50.87,51.105,50.83,51.07,831756.0
2025-05-15 13:35:00,51.075,51.2,51.065,51.195,580273.0
2025-05-15 13:40:00,51.195,51.27,51.165,51.255,368003.0
2025-05-15 13:45:00,51.255,51.255,51.16,51.17,390432.0
2025-05-15 13:50:00,51.1716,51.18,51.11,51.15,426099.0
2025-05-15 13:55:00,51.155,51.2,51.13,51.17,346116.0
2025-05-15 14:00:00,51.165,51.22,51.16,51.185,427853.0
2025-05-15 14:05:00,51.18,51.18,51.08,51.095,467422.0
2025-05-15 14:10:00,51.092,51.1,51.01,51.075,886278.0
2025-05-15 14:15:00,51.07,51.085,51.02,51.075,391272.0
2025-05-15 14:20:00,51.08,51.11,51.0434,51.08,312788.0
2025-05-15 14:25:00,51.085,51.095,51.035,51.0556,384807.0
2025-05-15 14:30:00,51.055,51.0557,50.9901,51.0,508577.0
2025-05-15 14:35:00,51.005,51.03,50.98,51.015,468025.0
2025-05-15 14:40:00,51.01,51.0475,51.005,51.005,460447.0
2025-05-15 14:45:00,51.005,51.04,50.99,50.9999,463384.0
2025-05-15 14:50:00,50.995,51.0299,50.98,51.015,442573.0
2025-05-15 14:55:00,51.015,51.05,50.975,50.99,506922.0
2025-05-15 15:00:00,50.99,51.01,50.95,51.01,470552.0
2025-05-15 15:05:00,51.01,51.04,50.98,50.99,476350.0
2025-05-15 15:10:00,50.99,51.015,50.98,51.0001,564894.0
2025-05-15 15:15:00,51.005,51.0657,51.0015,51.0448,660872.0
2025-05-15 15:20:00,51.05,51.0875,51.035,51.045,454291.0
2025-05-15 15:25:00,51.045,51.05,51.01,51.025,351665.0
2025-05-15 15:30:00,51.02,51.06,51.015,51.05,396321.0
2025-05-15 15:35:00,51.055,51.0951,51.05,51.085,510032.0
2025-05-15 15:40:00,51.085,51.135,51.085,51.115,480105.0
2025-05-15 15:45:00,51.12,51.1275,51.09,51.095,305360.0
2025-05-15 15:50:00,51.1,51.11,51.0799,51.0952,266168.0
2025-05-15 15:55:00,51.1,51.14,51.1,51.13,246940.0
2025-05-15 16:00:00,51.1251,51.15,51.1,51.135,404103.0
2025-05-16 09:55:00,51.35,51.35,51.35,51.35,150.0
2025-05-16 10:00:00,51.36,51.36,51.36,51.36,1290.0
2025-05-16 10:10:00,51.35,51.35,51.35,51.35,1180.0
2025-05-16 10:15:00,51.35,51.37,51.35,51.37,3895.0
2025-05-16 10:20:00,51.37,51.37,51.37,51.37,2712.0
2025-05-16 10:25:00,51.37,51.37,51.37,51.37,700.0
2025-05-16 10:30:00,51.37,51.4,51.37,51.4,3216.0
2025-05-16 10:35:00,51.4,51.4,51.4,51.4,602.0
2025-05-16 10:40:00,51.4,51.4,51.4,51.4,700.0
2025-05-16 10:45:00,51.4,51.4,51.4,51.4,1447.0
2025-05-16 10:50:00,51.4,51.4,51.39,51.4,800.0
2025-05-16 10:55:00,51.4,51.4,51.4,51.4,200.0
2025-05-16 11:00:00,51.38,51.41,51.38,51.41,413.0
2025-05-16 11:05:00,51.39,51.39,51.39,51.39,100.0
2025-05-16 11:20:00,51.39,51.41,51.39,51.41,2712.0
2025-05-16 11:30:00,51.41,51.41,51.41,51.41,107.0
2025-05-16 11:35:00,51.4,51.41,51.4,51.41,1646.0
2025-05-16 11:55:00,51.43,51.43,51.42,51.43,554.0
2025-05-16 12:00:00,51.43,51.43,51.08,51.42,15975.0
2025-05-16 12:10:00,51.41,51.41,51.41,51.41,854.0
2025-05-16 12:15:00,51.41,51.41,51.4,51.4,15312.0
2025-05-16 12:25:00,51.39,51.39,51.39,51.39,188.0
2025-05-16 12:30:00,51.38,51.38,51.38,51.38,331.0
2025-05-16 12:35:00,51.39,51.39,51.38,51.38,1658.0
2025-05-16 12:40:00,51.36,51.37,51.36,51.37,2506.0
2025-05-16 12:45:00,51.36,51.36,51.35,51.35,250.0
2025-05-16 12:55:00,51.3799,51.3799,51.35,51.35,2192.0
2025-05-16 13:00:00,51.34,51.36,51.34,51.36,3665.0
2025-05-16 13:10:00,51.35,51.35,51.35,51.35,246.0
2025-05-16 13:15:00,51.3205,51.33,51.3205,51.33,544.0
2025-05-16 13:20:00,51.35,51.35,51.35,51.35,254.0
2025-05-16 13:25:00,51.32,51.35,51.09,51.25,71460.0
2025-05-16 13:30:00,51.27,51.285,51.18,51.21,1001538.0
2025-05-16 13:35:00,51.205,51.305,51.2,51.21,849370.0
2025-05-16 13:40:00,51.21,51.22,51.16,51.17,447272.0
2025-05-16 13:45:00,51.17,51.2483,51.17,51.21,555399.0
2025-05-16 13:50:00,51.21,51.31,51.205,51.3,653425.0
2025-05-16 13:55:00,51.2925,51.36,51.28,51.35,744350.0
2025-05-16 14:00:00,51.355,51.355,51.26,51.325,1078553.0
2025-05-16 14:05:00,51.32,51.34,51.28,51.295,784102.0
2025-05-16 14:10:00,51.295,51.305,51.23,51.27,618716.0
2025-05-16 14:15:00,51.27,51.33,51.27,51.305,929422.0
2025-05-16 14:20:00,51.305,51.33,51.27,51.315,656259.0
2025-05-16 14:25:00,51.3151,51.36,51.3043,51.315,328334.0
2025-05-16 14:30:00,51.32,51.33,51.28,51.29,372034.0
2025-05-16 14:35:00,51.29,51.32,51.255,51.315,1130940.0
2025-05-16 14:40:00,51.315,51.33,51.29,51.32,322406.0
2025-05-16 14:45:00,51.31,51.38,51.31,51.37,244176.0
2025-05-16 14:50:00,51.365,51.41,51.36,51.405,377462.0
2025-05-16 14:55:00,51.41,51.4257,51.39,51.405,577206.0
2025-05-16 15:00:00,51.4,51.4666,51.4,51.465,375923.0
2025-05-16 15:05:00,51.465,51.5,51.45,51.47,423607.0
2025-05-16 15:10:00,51.48,51.5,51.46,51.4648,307770.0
2025-05-16 15:15:00,51.465,51.475,51.435,51.4655,284744.0
2025-05-16 15:20:00,51.46,51.47,51.44,51.465,288847.0
2025-05-16 15:25:00,51.465,51.5,51.46,51.495,314701.0
2025-05-16 15:30:00,51.49,51.52,51.47,51.52,590058.0
2025-05-16 15:35:00,51.53,51.54,51.495,51.495,268660.0
2025-05-16 15:40:00,51.5,51.515,51.475,51.495,257817.0
2025-05-16 15:45:00,51.495,51.5,51.4501,51.47,209458.0
2025-05-16 15:50:00,51.47,51.49,51.46,51.4801,335837.0
2025-05-16 15:55:00,51.48,51.49,51.46,51.465,392454.0
2025-05-16 16:00:00,51.465,51.51,51.455,51.507,2373105.0
2025-05-19 09:30:00,51.28,51.28,51.25,51.25,5803.0
2025-05-19 09:35:00,51.27,51.28,51.26,51.28,2172.0
2025-05-19 09:40:00,51.28,51.28,51.25,51.27,9860.0
2025-05-19 09:45:00,51.27,51.27,51.25,51.25,2095.0
2025-05-19 09:50:00,51.25,51.25,51.23,51.23,8262.0
2025-05-19 09:55:00,51.24,51.24,51.24,51.24,100.0
2025-05-19 10:00:00,51.23,51.23,51.23,51.23,1450.0
2025-05-19 10:05:00,51.23,51.23,51.22,51.22,2660.0
2025-05-19 10:10:00,51.2,51.2,51.17,51.17,2951.0
2025-05-19 10:15:00,51.18,51.18,51.17,51.17,1227.0
2025-05-19 10:25:00,51.18,51.28,51.12,51.23,115458.0
2025-05-19 10:30:00,51.22,51.23,51.21,51.21,4552.0
2025-05-19 10:40:00,51.21,51.21,51.21,51.21,130.0
2025-05-19 10:45:00,51.21,51.25,51.21,51.24,4694.0
2025-05-19 10:50:00,51.22,51.22,51.21,51.21,668.0
2025-05-19 10:55:00,51.22,51.22,51.22,51.22,1000.0
2025-05-19 11:00:00,51.22,51.22,51.17,51.21,8365.0
2025-05-19 11:05:00,51.22,51.22,51.22,51.22,500.0
2025-05-19 11:10:00,51.2,51.2,51.2,51.2,369.0
2025-05-19 11:15:00,51.23,51.24,51.19,51.2,4198.0
2025-05-19 11:20:00,51.21,51.21,51.21,51.21,985.0
2025-05-19 11:25:00,51.23,51.23,51.22,51.22,2624.0
2025-05-19 11:30:00,51.22,51.22,51.21,51.21,6269.0
2025-05-19 11:35:00,51.22,51.22,51.21,51.21,350.0
2025-05-19 11:40:00,51.22,51.22,51.22,51.22,187.0
2025-05-19 11:45:00,51.24,51.27,51.24,51.26,11496.0
2025-05-19 11:50:00,51.26,51.29,51.26,51.29,4430.0
2025-05-19 11:55:00,51.29,51.29,51.29,51.29,1600.0
2025-05-19 12:00:00,51.29,51.33,51.01,51.29,12778.0
2025-05-19 12:05:00,51.3,51.3,51.28,51.28,6882.0
2025-05-19 12:10:00,51.2812,51.2812,51.28,51.28,619.0
2025-05-19 12:15:00,51.24,51.3,51.24,51.3,2251.0
2025-05-19 12:20:00,51.22,51.24,51.22,51.24,1667.0
2025-05-19 12:25:00,51.23,51.23,51.23,51.23,3112.0
2025-05-19 12:30:00,51.23,51.23,51.22,51.23,4989.0
2025-05-19 12:35:00,51.25,51.25,51.22,51.24,2226.0
2025-05-19 12:45:00,51.26,51.26,51.26,51.26,5263.0
2025-05-19 12:50:00,51.26,51.26,51.26,51.26,8399.0
2025-05-19 12:55:00,51.27,51.29,51.27,51.29,10028.0
2025-05-19 13:00:00,51.27,51.27,51.27,51.27,507.0
2025-05-19 13:05:00,51.26,51.26,51.25,51.25,13771.0
2025-05-19 13:10:00,51.26,51.26,51.21,51.24,44450.0
2025-05-19 13:15:00,51.24,51.25,51.23,51.24,18941.0
2025-05-19 13:20:00,51.24,51.24,51.22,51.24,1877.0
2025-05-19 13:25:00,51.22,51.35,51.22,51.35,14585.0
2025-05-19 13:30:00,51.32,51.41,51.24,51.395,941573.0
2025-05-19 13:35:00,51.3986,51.435,51.36,51.42,525532.0
2025-05-19 13:40:00,51.41,51.515,51.405,51.465,512627.0
2025-05-19 13:45:00,51.465,51.535,51.4275,51.51,514850.0
2025-05-19 13:50:00,51.51,51.59,51.51,51.59,412332.0
2025-05-19 13:55:00,51.59,51.605,51.56,51.575,317202.0
2025-05-19 14:00:00,51.57,51.63,51.5501,51.615,659216.0
2025-05-19 14:05:00,51.615,51.68,51.58,51.61,920538.0
2025-05-19 14:10:00,51.6099,51.635,51.59,51.605,526328.0
2025-05-19 14:15:00,51.605,51.665,51.6,51.61,287506.0
2025-05-19 14:20:00,51.615,51.63,51.58,51.5899,285870.0
2025-05-19 14:25:00,51.585,51.59,51.51,51.58,259512.0
2025-05-19 14:30:00,51.575,51.62,51.555,51.615,221146.0
2025-05-19 14:35:00,51.615,51.63,51.6,51.625,313909.0
2025-05-19 14:40:00,51.625,51.65,51.57,51.59,219126.0
2025-05-19 14:45:00,51.59,51.6,51.5507,51.555,202565.0
2025-05-19 14:50:00,51.555,51.6,51.54,51.565,277112.0
2025-05-19 14:55:00,51.565,51.57,51.52,51.5351,278103.0
2025-05-19 15:00:00,51.535,51.625,51.535,51.62,264208.0
2025-05-19 15:05:00,51.6103,51.6399,51.6,51.635,214229.0
2025-05-19 15:10:00,51.64,51.64,51.38,51.425,1113833.0
2025-05-19 15:15:00,51.43,51.48,51.4,51.4798,637265.0
2025-05-19 15:20:00,51.47,51.505,51.445,51.475,1094549.0
2025-05-19 15:25:00,51.47,51.475,51.42,51.445,624220.0
2025-05-19 15:30:00,51.445,51.52,51.445,51.49,365250.0
2025-05-19 15:35:00,51.5,51.57,51.5,51.5651,604736.0
2025-05-19 15:40:00,51.57,51.6051,51.565,51.595,424671.0
2025-05-19 15:45:00,51.595,51.6278,51.56,51.565,351618.0
2025-05-19 15:50:00,51.565,51.59,51.55,51.58,207509.0
2025-05-19 15:55:00,51.575,51.595,51.56,51.5899,229558.0
2025-05-19 16:00:00,51.585,51.615,51.57,51.6099,225206.0
2025-05-20 09:30:00,51.47,51.47,51.47,51.47,401.0
2025-05-20 09:40:00,51.46,51.46,51.46,51.46,642.0
2025-05-20 09:50:00,51.46,51.47,51.46,51.46,856.0
2025-05-20 10:00:00,51.45,51.46,51.45,51.46,1300.0
2025-05-20 10:05:00,51.46,51.47,51.46,51.47,785.0
2025-05-20 10:15:00,51.47,51.47,51.47,51.47,603.0
2025-05-20 10:30:00,51.47,51.47,51.47,51.47,1204.0
2025-05-20 10:40:00,51.45,51.45,51.45,51.45,148.0
2025-05-20 10:45:00,51.47,51.47,51.47,51.47,202.0
2025-05-20 10:50:00,51.46,51.47,51.46,51.47,1000.0
2025-05-20 10:55:00,51.47,51.5,51.47,51.5,2703.0
2025-05-20 11:00:00,51.51,51.53,51.5,51.53,1534.0
2025-05-20 11:05:00,51.52,51.53,51.5,51.51,1956.0
2025-05-20 11:10:00,51.52,51.52,51.52,51.52,192.0
2025-05-20 11:20:00,51.52,51.52,51.52,51.52,1300.0
2025-05-20 11:25:00,51.52,51.52,51.52,51.52,775.0
2025-05-20 11:35:00,51.53,51.53,51.53,51.53,650.0
2025-05-20 11:40:00,51.54,51.54,51.54,51.54,100.0
2025-05-20 12:00:00,51.5101,51.67,51.5,51.53,5423.0
2025-05-20 12:10:00,51.53,51.53,51.53,51.53,101.0
2025-05-20 12:15:00,51.53,51.53,51.53,51.53,300.0
2025-05-20 12:25:00,51.53,51.53,51.53,51.53,100.0
2025-05-20 12:30:00,51.52,51.53,51.52,51.53,2218.0
2025-05-20 12:35:00,51.53,51.54,51.52,51.52,2867.0
2025-05-20 12:40:00,51.52,51.53,51.52,51.5297,4400.0
2025-05-20 12:50:00,51.52,51.52,51.52,51.52,316.0
2025-05-20 13:00:00,51.52,51.53,51.52,51.53,809.0
2025-05-20 13:05:00,51.52,51.52,51.52,51.52,2731.0
2025-05-20 13:10:00,51.52,51.52,51.5,51.51,3524.0
2025-05-20 13:15:00,51.52,51.52,51.51,51.51,832.0
2025-05-20 13:20:00,51.51,51.52,51.49,51.49,6024.0
2025-05-20 13:25:00,51.49,51.49,51.31,51.31,15350.0
2025-05-20 13:30:00,51.38,51.52,51.3,51.515,858942.0
2025-05-20 13:35:00,51.51,51.515,51.47,51.47,399454.0
2025-05-20 13:40:00,51.485,51.485,51.41,51.425,352458.0
2025-05-20 13:45:00,51.43,51.46,51.36,51.4,2281005.0
2025-05-20 13:50:00,51.395,51.465,51.38,51.4201,506002.0
2025-05-20 13:55:00,51.42,51.47,51.42,51.445,486815.0
2025-05-20 14:00:00,51.44,51.4851,51.44,51.465,580470.0
2025-05-20 14:05:00,51.465,51.4754,51.4,51.4,445589.0
2025-05-20 14:10:00,51.4,51.435,51.38,51.43,372690.0
2025-05-20 14:15:00,51.435,51.4593,51.4,51.4493,221111.0
2025-05-20 14:20:00,51.45,51.49,51.44,51.445,110742.0
2025-05-20 14:25:00,51.445,51.48,51.42,51.44,199454.0
2025-05-20 14:30:00,51.44,51.4565,51.4,51.435,207699.0
2025-05-20 14:35:00,51.43,51.45,51.405,51.45,120154.0
2025-05-20 14:40:00,51.46,51.5,51.455,51.495,269506.0
2025-05-20 14:45:00,51.4999,51.505,51.47,51.475,222461.0
2025-05-20 14:50:00,51.475,51.4757,51.46,51.4601,213786.0
2025-05-20 14:55:00,51.465,51.47,51.41,51.415,201651.0
2025-05-20 15:00:00,51.415,51.425,51.38,51.405,326786.0
2025-05-20 15:05:00,51.4,51.4251,51.395,51.405,235680.0
2025-05-20 15:10:00,51.405,51.45,51.4,51.425,243066.0
2025-05-20 15:15:00,51.43,51.435,51.4148,51.4148,139351.0
2025-05-20 15:20:00,51.42,51.4369,51.405,51.405,190911.0
2025-05-20 15:25:00,51.405,51.445,51.4041,51.445,347452.0
2025-05-20 15:30:00,51.445,51.46,51.405,51.41,390264.0
2025-05-20 15:35:00,51.415,51.4269,51.4,51.415,310608.0
2025-05-20 15:40:00,51.4156,51.4156,51.365,51.37,280437.0
2025-05-20 15:45:00,51.3758,51.405,51.355,51.395,233821.0
2025-05-20 15:50:00,51.395,51.41,51.39,51.406535,109394.0
2025-05-20 15:55:00,51.4,51.4265,51.4,51.4075,304921.0
2025-05-20 16:00:00,51.405,51.42,51.375,51.385,212188.0
2025-05-21 09:30:00,51.04,51.04,51.01,51.01,1415.0
2025-05-21 09:35:00,51.02,51.02,51.02,51.02,3100.0
2025-05-21 09:40:00,51.0,51.0,51.0,51.0,602.0
2025-05-21 09:50:00,50.99,50.99,50.98,50.98,900.0
2025-05-21 09:55:00,51.0,51.0,51.0,51.0,522.0
2025-05-21 10:10:00,50.95,50.95,50.95,50.95,308.0
2025-05-21 10:15:00,50.96,50.96,50.93,50.93,3990.0
2025-05-21 10:20:00,50.92,50.92,50.87,50.87,8409.0
2025-05-21 10:35:00,50.89,50.9,50.89,50.9,4400.0
2025-05-21 10:40:00,50.93,50.93,50.93,50.93,117.0
2025-05-21 10:55:00,50.93,50.93,50.93,50.93,509.0
2025-05-21 11:00:00,50.97,50.98,50.96,50.98,14672.0
2025-05-21 11:05:00,50.98,51.01,50.98,51.0,18330.0
2025-05-21 11:10:00,50.99,51.01,50.99,51.01,1504.0
2025-05-21 11:20:00,51.02,51.06,51.02,51.06,896.0
2025-05-21 11:25:00,51.05,51.06,51.05,51.06,5519.0
2025-05-21 11:30:00,51.06,51.06,51.06,51.06,290.0
2025-05-21 11:35:00,51.07,51.07,51.07,51.07,410.0
2025-05-21 11:40:00,51.08,51.09,51.08,51.09,5300.0
2025-05-21 11:45:00,51.08,51.08,51.07,51.07,1550.0
2025-05-21 11:50:00,51.1,51.11,51.071,51.071,4860.0
2025-05-21 12:00:00,50.9292,51.07,50.9292,50.975,1500.0
2025-05-21 12:05:00,51.07,51.07,51.05,51.05,2236.0
2025-05-21 12:10:00,51.05,51.06,51.05,51.06,1341.0
2025-05-21 12:20:00,51.06,51.07,51.06,51.07,856.0
2025-05-21 12:25:00,51.07,51.07,51.04,51.04,1201.0
2025-05-21 12:30:00,51.04,51.04,51.01,51.03,5537.0
2025-05-21 12:35:00,51.02,51.02,51.0,51.0001,2531.0
2025-05-21 12:40:00,51.0,51.0,51.0,51.0,153.0
2025-05-21 12:45:00,51.0,51.0,51.0,51.0,643.0
2025-05-21 12:50:00,51.0,51.0,50.9824,50.9824,10406.0
2025-05-21 12:55:00,51.0,51.0,50.98,51.0,1693.0
2025-05-21 13:00:00,50.99,50.99,50.99,50.99,1144.0
2025-05-21 13:10:00,50.98,50.98,50.97,50.97,1795.0
2025-05-21 13:15:00,50.97,50.97,50.93,50.93,8456.0
2025-05-21 13:20:00,50.93,50.93,50.91,50.91,18106.0
2025-05-21 13:25:00,50.94,51.0,50.94,51.0,3715.0
2025-05-21 13:30:00,51.02,51.12,50.98,51.07,635677.0
2025-05-21 13:35:00,51.08,51.09,51.025,51.075,402484.0
2025-05-21 13:40:00,51.08,51.106395,51.075,51.08,314000.0
2025-05-21 13:45:00,51.08,51.11,51.06,51.08,571512.0
2025-05-21 13:50:00,51.08,51.105,51.05,51.095,306853.0
2025-05-21 13:55:00,51.1,51.11,51.05,51.06,150230.0
2025-05-21 14:00:00,51.065,51.165,51.065,51.14,1169690.0
2025-05-21 14:05:00,51.145,51.165,51.07,51.085,232868.0
2025-05-21 14:10:00,51.09,51.095,51.02,51.025,222896.0
2025-05-21 14:15:00,51.025,51.055,51.01,51.045,216910.0
2025-05-21 14:20:00,51.045,51.105,51.04,51.085,281513.0
2025-05-21 14:25:00,51.085,51.085,50.97,50.97,255335.0
2025-05-21 14:30:00,50.965,50.99,50.885,50.905,301245.0
2025-05-21 14:35:00,50.905,50.93,50.875,50.925,213292.0
2025-05-21 14:40:00,50.925,50.95,50.86,50.86,262981.0
2025-05-21 14:45:00,50.865,50.8699,50.78,50.825,475505.0
2025-05-21 14:50:00,50.825,50.875,50.825,50.825,440408.0
2025-05-21 14:55:00,50.83,50.92,50.825,50.915,248551.0
2025-05-21 15:00:00,50.915,50.92,50.88,50.895,375621.0
2025-05-21 15:05:00,50.8979,50.9764,50.89,50.96,496366.0
2025-05-21 15:10:00,50.96,50.995,50.94,50.995,244634.0
2025-05-21 15:15:00,50.995,51.0,50.925,50.935,243608.0
2025-05-21 15:20:00,50.935,50.955,50.9119,50.95,281835.0
2025-05-21 15:25:00,50.9501,50.955,50.8799,50.8801,146289.0
2025-05-21 15:30:00,50.885,50.9,50.88,50.885,240518.0
2025-05-21 15:35:00,50.885,50.885,50.85,50.865,311506.0
2025-05-21 15:40:00,50.86,50.895,50.84,50.8699,386436.0
2025-05-21 15:45:00,50.865,50.8701,50.84,50.86,207070.0
2025-05-21 15:50:00,50.855,50.9,50.84,50.895,277132.0
2025-05-21 15:55:00,50.895,50.915,50.87,50.875,292833.0
2025-05-21 16:00:00,50.875,50.895,50.83,50.835,471084.0
2025-05-22 09:30:00,50.27,50.29,50.27,50.29,3292.0
2025-05-22 09:40:00,50.27,50.27,50.27,50.27,280.0
2025-05-22 09:45:00,50.26,50.27,50.26,50.26,680.0
2025-05-22 09:55:00,50.26,50.26,50.25,50.26,2571.0
2025-05-22 10:00:00,50.26,50.26,50.26,50.26,300.0
2025-05-22 10:05:00,50.25,50.25,50.25,50.25,150.0
2025-05-22 10:20:00,50.29,50.29,50.29,50.29,308.0
2025-05-22 10:30:00,50.25,50.25,50.25,50.25,100.0
2025-05-22 10:35:00,50.27,50.28,50.27,50.28,650.0
2025-05-22 11:00:00,50.28,50.28,50.28,50.28,430.0
2025-05-22 11:05:00,50.29,50.3,50.29,50.3,9383.0
2025-05-22 11:10:00,50.28,50.28,50.27,50.27,630.0
2025-05-22 11:15:00,50.28,50.28,50.28,50.28,900.0
2025-05-22 11:25:00,50.27,50.27,50.23,50.23,2418.0
2025-05-22 11:30:00,50.24,50.25,50.24,50.25,1500.0
2025-05-22 11:35:00,50.23,50.23,50.23,50.23,460.0
2025-05-22 11:40:00,50.21,50.22,50.21,50.22,2458.0
2025-05-22 11:45:00,50.2,50.2,50.19,50.19,1015.0
2025-05-22 11:50:00,50.19,50.19,50.17,50.17,5002.0
2025-05-22 11:55:00,50.17,50.17,50.1,50.1,4367.0
2025-05-22 12:00:00,50.2899,50.4,50.08,50.11,10481.0
2025-05-22 12:05:00,50.12,50.12,50.12,50.12,247.0
2025-05-22 12:10:00,50.08,50.08,50.08,50.08,492.0
2025-05-22 12:15:00,50.08,50.08,50.0501,50.06,5707.0
2025-05-22 12:20:00,50.07,50.07,50.07,50.07,546.0
2025-05-22 12:25:00,50.06,50.06,50.04,50.04,6907.0
2025-05-22 12:30:00,50.08,50.08,50.03,50.07,8757.0
2025-05-22 12:35:00,50.06,50.1,50.04,50.1,7634.0
2025-05-22 12:40:00,50.11,50.13,50.11,50.13,2833.0
2025-05-22 12:45:00,50.11,50.13,50.11,50.13,651.0
2025-05-22 12:50:00,50.12,50.15,50.12,50.14,5723.0
2025-05-22 12:55:00,50.15,50.16,50.131,50.16,2365.0
2025-05-22 13:00:00,50.18,50.19,50.18,50.19,1075.0
2025-05-22 13:05:00,50.2399,50.2399,50.21,50.22,1331.0
2025-05-22 13:10:00,50.2291,50.23,50.22,50.22,3909.0
2025-05-22 13:15:00,50.22,50.22,50.2,50.2,8730.0
2025-05-22 13:20:00,50.18,50.21,50.18,50.2,4191.0
2025-05-22 13:25:00,50.19,50.2,50.17,50.17,2308.0
2025-05-22 13:30:00,50.18,50.3,50.165,50.21,804246.0
2025-05-22 13:35:00,50.205,50.22,50.16,50.215,648998.0
2025-05-22 13:40:00,50.21,50.26,50.195,50.22,408158.0
2025-05-22 13:45:00,50.22,50.26,50.1135,50.115,545620.0
2025-05-22 13:50:00,50.12,50.205,50.095,50.175,480509.0
2025-05-22 13:55:00,50.175,50.185,50.13,50.14,567516.0
2025-05-22 14:00:00,50.15,50.19,50.13,50.17,712494.0
2025-05-22 14:05:00,50.175,50.24,50.15,50.21,394592.0
2025-05-22 14:10:00,50.215,50.215,50.1135,50.125,184426.0
2025-05-22 14:15:00,50.13,50.175,50.105,50.16,249267.0
2025-05-22 14:20:00,50.16,50.165,50.07,50.075,232459.0
2025-05-22 14:25:00,50.075,50.1,50.045,50.065,317800.0
2025-05-22 14:30:00,50.065,50.1,50.04,50.06,1011508.0
2025-05-22 14:35:00,50.06,50.065,50.0085,50.02,561203.0
2025-05-22 14:40:00,50.02,50.075,50.0133,50.02,353026.0
2025-05-22 14:45:00,50.02,50.08,50.02,50.04,462353.0
2025-05-22 14:50:00,50.05,50.075,50.01,50.015,435930.0
2025-05-22 14:55:00,50.015,50.0956,49.9719,50.085,531956.0
2025-05-22 15:00:00,50.085,50.14,50.0846,50.125,408834.0
2025-05-22 15:05:00,50.125,50.19,50.1241,50.175,361796.0
2025-05-22 15:10:00,50.175,50.195,50.145,50.145,426495.0
2025-05-22 15:15:00,50.15,50.155,50.11,50.135,418265.0
2025-05-22 15:20:00,50.135,50.22,50.125,50.215,460679.0
2025-05-22 15:25:00,50.215,50.24,50.175,50.18,621377.0
2025-05-22 15:30:00,50.18,50.23,50.165,50.215,441325.0
2025-05-22 15:35:00,50.215,50.31,50.215,50.285,447753.0
2025-05-22 15:40:00,50.285,50.3,50.26,50.2669,343794.0
2025-05-22 15:45:00,50.275,50.285,50.23,50.24,381486.0
2025-05-22 15:50:00,50.235,50.28,50.23,50.275,276522.0
2025-05-22 15:55:00,50.27,50.275,50.2448,50.26,369962.0
2025-05-22 16:00:00,50.265,50.3,50.25,50.2848,258461.0
2025-05-23 09:30:00,50.16,50.16,50.14,50.14,4101.0
2025-05-23 09:35:00,50.14,50.16,50.14,50.16,2587.0
2025-05-23 09:40:00,50.15,50.16,50.15,50.16,5770.0
2025-05-23 09:45:00,50.16,50.16,50.16,50.16,770.0
2025-05-23 09:55:00,50.18,50.2,50.17,50.2,2440.0
2025-05-23 10:00:00,50.19,50.19,50.19,50.19,270.0
2025-05-23 10:05:00,50.19,50.2,50.19,50.2,470.0
2025-05-23 10:10:00,50.18,50.18,50.18,50.18,989.0
2025-05-23 10:35:00,50.17,50.17,50.17,50.17,255.0
2025-05-23 10:55:00,50.19,50.2,50.19,50.2,2685.0
2025-05-23 11:00:00,50.2,50.22,50.2,50.22,3444.0
2025-05-23 11:05:00,50.21,50.21,50.2,50.2,1361.0
2025-05-23 11:15:00,50.22,50.22,50.13,50.13,3993.0
2025-05-23 11:20:00,50.11,50.11,50.1,50.1,1405.0
2025-05-23 11:25:00,50.1,50.11,50.1,50.11,598.0
2025-05-23 11:30:00,50.11,50.11,50.11,50.11,379.0
2025-05-23 11:40:00,50.13,50.13,49.76,49.77,82419.0
2025-05-23 11:45:00,49.82,49.82,49.59,49.62,94201.0
2025-05-23 11:50:00,49.62,49.68,49.56,49.68,9778.0
2025-05-23 11:55:00,49.65,49.65,49.45,49.45,74073.0
2025-05-23 12:00:00,49.45,50.43,49.4,49.44,54299.0
2025-05-23 12:05:00,49.41,49.47,49.36,49.47,14582.0
2025-05-23 12:10:00,49.48,49.51,49.4,49.5,101435.0
2025-05-23 12:15:00,49.49,49.51,49.47,49.5,20747.0
2025-05-23 12:20:00,49.46,49.49,49.45,49.49,12590.0
2025-05-23 12:25:00,49.48,49.58,49.48,49.58,155591.0
2025-05-23 12:30:00,49.56,49.6,49.56,49.6,26212.0
2025-05-23 12:35:00,49.57,49.59,49.56,49.57,13791.0
2025-05-23 12:40:00,49.57,49.58,49.55,49.57,2833.0
2025-05-23 12:45:00,49.57,49.58,49.52,49.53,10681.0
2025-05-23 12:50:00,49.535,49.55,49.5,49.51,42339.0
2025-05-23 12:55:00,49.51,49.5104,49.51,49.5104,551.0
2025-05-23 13:00:00,49.52,49.52,49.48,49.48,2282.0
2025-05-23 13:05:00,49.5,49.52,49.5,49.52,53963.0
2025-05-23 13:10:00,49.5,49.5,49.5,49.5,284.0
2025-05-23 13:15:00,49.5,49.58,49.47,49.57,87512.0
2025-05-23 13:20:00,49.57,49.57,49.49,49.5,29329.0
2025-05-23 13:25:00,49.54,49.6,49.54,49.58,18735.0
2025-05-23 13:30:00,49.585,49.84,49.57,49.785,2502517.0
2025-05-23 13:35:00,49.785,49.9,49.77,49.8,770582.0
2025-05-23 13:40:00,49.81,49.85,49.77,49.84,565606.0
2025-05-23 13:45:00,49.84,49.85,49.75,49.81,445746.0
2025-05-23 13:50:00,49.815,49.88,49.8,49.815,1190280.0
2025-05-23 13:55:00,49.81,49.835,49.77,49.82,274005.0
2025-05-23 14:00:00,49.83,49.93,49.815,49.91,665173.0
2025-05-23 14:05:00,49.9184,49.945,49.84,49.845,417632.0
2025-05-23 14:10:00,49.84,49.915,49.82,49.855,348280.0
2025-05-23 14:15:00,49.85,49.8754,49.78,49.785,271783.0
2025-05-23 14:20:00,49.785,49.885,49.77,49.875,281039.0
2025-05-23 14:25:00,49.88,49.895,49.81,49.84,230302.0
2025-05-23 14:30:00,49.84,49.955,49.84,49.955,333412.0
2025-05-23 14:35:00,49.955,49.955,49.89,49.915,321082.0
2025-05-23 14:40:00,49.915,49.99,49.9,49.975,1567694.0
2025-05-23 14:45:00,49.975,50.02,49.965,49.975,339679.0
2025-05-23 14:50:00,49.975,49.98,49.89,49.895,295960.0
2025-05-23 14:55:00,49.895,49.905,49.86,49.86,327932.0
2025-05-23 15:00:00,49.87,49.92577,49.845,49.9,387392.0
2025-05-23 15:05:00,49.9,49.915,49.85,49.91,279527.0
2025-05-23 15:10:00,49.915,49.92,49.85,49.89,255020.0
2025-05-23 15:15:00,49.89,49.929,49.85,49.9171,221261.0
2025-05-23 15:20:00,49.915,49.979,49.915,49.97,290676.0
2025-05-23 15:25:00,49.97,49.995,49.96,49.99,574515.0
2025-05-23 15:30:00,49.985,50.05,49.98,50.05,348564.0
2025-05-23 15:35:00,50.045,50.085,50.02,50.05,611109.0
2025-05-23 15:40:00,50.05,50.07,50.035,50.045,186855.0
2025-05-23 15:45:00,50.045,50.05,50.015,50.045,723064.0
2025-05-23 15:50:00,50.04,50.05,49.98,49.9945,518791.0
2025-05-23 15:55:00,49.995,50.0,49.965,49.9701,331587.0
2025-05-23 16:00:00,49.975,50.03,49.96,49.965,850741.0
2025-05-27 09:30:00,50.71,50.71,50.71,50.71,236.0
2025-05-27 09:40:00,50.74,50.74,50.73,50.73,801.0
2025-05-27 09:55:00,50.71,50.71,50.71,50.71,406.0
2025-05-27 10:00:00,50.71,50.72,50.71,50.72,881.0
2025-05-27 10:10:00,50.72,50.72,50.72,50.72,977.0
2025-05-27 10:15:00,50.73,50.75,50.73,50.75,5910.0
2025-05-27 10:20:00,50.76,50.76,50.76,50.76,1581.0
2025-05-27 10:25:00,50.75,50.76,50.75,50.76,1348.0
2025-05-27 10:40:00,50.76,50.77,50.76,50.76,3435.0
2025-05-27 10:55:00,50.76,50.76,50.71,50.71,2335.0
2025-05-27 11:00:00,50.72,50.72,50.67,50.67,19245.0
2025-05-27 11:05:00,50.65,50.69,50.65,50.69,9944.0
2025-05-27 11:10:00,50.7,50.7,50.7,50.7,700.0
2025-05-27 11:15:00,50.7,50.7,50.7,50.7,600.0
2025-05-27 11:25:00,50.68,50.69,50.68,50.69,2072.0
2025-05-27 11:30:00,50.7,50.71,50.7,50.71,12733.0
2025-05-27 11:35:00,50.72,50.74,50.72,50.74,6116.0
2025-05-27 11:40:00,50.74,50.75,50.74,50.75,1104.0
2025-05-27 11:45:00,50.75,50.77,50.74,50.75,4197.0
2025-05-27 11:50:00,50.73,50.73,50.73,50.73,4348.0
2025-05-27 11:55:00,50.72,50.72,50.72,50.72,100.0
2025-05-27 12:00:00,50.68,50.75,50.67,50.69,15130.0
2025-05-27 12:05:00,50.729,50.729,50.729,50.729,506.0
2025-05-27 12:10:00,50.6901,50.6901,50.6901,50.6901,101.0
2025-05-27 12:15:00,50.69,50.69,50.69,50.69,197.0
2025-05-27 12:20:00,50.69,50.72,50.69,50.71,8755.0
2025-05-27 12:25:00,50.71,50.73,50.7,50.7,5110.0
2025-05-27 12:30:00,50.71,50.72,50.69,50.69,1890.0
2025-05-27 12:35:00,50.69,50.7,50.69,50.69,2220.0
2025-05-27 12:40:00,50.69,50.69,50.67,50.67,1926.0
2025-05-27 12:45:00,50.67,50.67,50.67,50.67,470.0
2025-05-27 12:50:00,50.66,50.66,50.6,50.62,4451.0
2025-05-27 12:55:00,50.61,50.63,50.61,50.63,2863.0
2025-05-27 13:00:00,50.68,50.68,50.65,50.65,694.0
2025-05-27 13:05:00,50.67,50.68,50.67,50.68,6655.0
2025-05-27 13:10:00,50.68,50.68,50.68,50.68,101.0
2025-05-27 13:15:00,50.68,50.68,50.68,50.68,5060.0
2025-05-27 13:20:00,50.68,50.68,50.67,50.67,4395.0
2025-05-27 13:25:00,50.66,50.66,50.4,50.4,66335.0
2025-05-27 13:30:00,50.435,50.49,50.32,50.3599,2217290.0
2025-05-27 13:35:00,50.355,50.36,50.26,50.36,863595.0
2025-05-27 13:40:00,50.355,50.43,50.345,50.385,487573.0
2025-05-27 13:45:00,50.385,50.445,50.385,50.415,1079624.0
2025-05-27 13:50:00,50.415,50.46,50.38,50.45,372470.0
2025-05-27 13:55:00,50.455,50.4899,50.42,50.425,235770.0
2025-05-27 14:00:00,50.425,50.5,50.42,50.44,655984.0
2025-05-27 14:05:00,50.445,50.46,50.42,50.4441,504871.0
2025-05-27 14:10:00,50.445,50.5,50.445,50.485,815408.0
2025-05-27 14:15:00,50.485,50.55,50.485,50.55,429133.0
2025-05-27 14:20:00,50.545,50.635,50.545,50.615,364740.0
2025-05-27 14:25:00,50.61,50.65,50.6,50.615,501085.0
2025-05-27 14:30:00,50.615,50.64,50.61,50.61,568208.0
2025-05-27 14:35:00,50.615,50.615,50.54,50.57,577381.0
2025-05-27 14:40:00,50.565,50.5965,50.55,50.585,475658.0
2025-05-27 14:45:00,50.585,50.64,50.585,50.62,375036.0
2025-05-27 14:50:00,50.615,50.64,50.61,50.635,472531.0
2025-05-27 14:55:00,50.63,50.65,50.6,50.615,304971.0
2025-05-27 15:00:00,50.615,50.65,50.615,50.65,192371.0
2025-05-27 15:05:00,50.645,50.645,50.6001,50.615,216513.0
2025-05-27 15:10:00,50.61,50.625,50.6,50.615,183286.0
2025-05-27 15:15:00,50.615,50.6475,50.61,50.62,400677.0
2025-05-27 15:20:00,50.62,50.62,50.58,50.615,164511.0
2025-05-27 15:25:00,50.615,50.67,50.6,50.665,445522.0
2025-05-27 15:30:00,50.66,50.68,50.655,50.675,473051.0
2025-05-27 15:35:00,50.675,50.71,50.66,50.705,380266.0
2025-05-27 15:40:00,50.705,50.71,50.68,50.71,178552.0
2025-05-27 15:45:00,50.7017,50.71,50.68,50.695,240638.0
2025-05-27 15:50:00,50.695,50.725,50.685,50.725,450997.0
2025-05-27 15:55:00,50.725,50.735,50.695,50.71,480625.0
2025-05-27 16:00:00,50.705,50.77,50.7,50.765,419749.0
2025-05-28 09:30:00,50.81,50.81,50.8,50.8,4645.0
2025-05-28 09:50:00,50.81,50.81,50.81,50.81,135.0
2025-05-28 09:55:00,50.81,50.81,50.79,50.79,1888.0
2025-05-28 10:05:00,50.81,50.81,50.81,50.81,2306.0
2025-05-28 10:10:00,50.81,50.81,50.81,50.81,1346.0
2025-05-28 10:15:00,50.83,50.85,50.83,50.85,946.0
2025-05-28 10:25:00,50.83,50.83,50.83,50.83,300.0
2025-05-28 10:35:00,50.85,50.86,50.85,50.86,1490.0
2025-05-28 10:45:00,50.87,50.88,50.87,50.88,1137.0
2025-05-28 10:50:00,50.9,50.9,50.9,50.9,334.0
2025-05-28 10:55:00,50.91,50.92,50.91,50.92,2446.0
2025-05-28 11:00:00,50.93,50.93,50.91,50.91,2929.0
2025-05-28 11:15:00,50.91,50.91,50.91,50.91,600.0
2025-05-28 11:20:00,50.91,50.91,50.89,50.89,4728.0
2025-05-28 11:45:00,50.89,50.89,50.89,50.89,251.0
2025-05-28 11:55:00,50.89,50.89,50.87,50.87,292.0
2025-05-28 12:00:00,50.94,50.94,50.84,50.84,1803.0
2025-05-28 12:15:00,50.89,50.89,50.89,50.89,460.0
2025-05-28 12:20:00,50.89,50.9,50.89,50.9,1182.0
2025-05-28 12:35:00,50.9,50.9,50.9,50.9,3007.0
2025-05-28 12:40:00,50.92,50.92,50.9,50.9,1083.0
2025-05-28 12:50:00,50.9,50.91,50.9,50.9,1991.0
2025-05-28 12:55:00,50.88,50.88,50.88,50.88,594.0
2025-05-28 13:10:00,50.9,50.9,50.89,50.89,825.0
2025-05-28 13:20:00,50.88,50.885,50.86,50.88,10730.0
2025-05-28 13:30:00,50.89,50.985,50.89,50.95,621069.0
2025-05-28 13:35:00,50.945,50.975,50.92,50.97,403206.0
2025-05-28 13:40:00,50.963,51.0,50.95,50.9954,186103.0
2025-05-28 13:45:00,50.995,51.02,50.96,50.97,433280.0
2025-05-28 13:50:00,50.959,50.96,50.8746,50.9,1003143.0
2025-05-28 13:55:00,50.8954,50.91,50.855,50.9,561429.0
2025-05-28 14:00:00,50.905,50.9165,50.85,50.85,311886.0
2025-05-28 14:05:00,50.855,50.87,50.805,50.835,316058.0
2025-05-28 14:10:00,50.83,50.835,50.76,50.76,445256.0
2025-05-28 14:15:00,50.76,50.805,50.745,50.79,228299.0
2025-05-28 14:20:00,50.79,50.82,50.785,50.815,183013.0
2025-05-28 14:25:00,50.81,50.82,50.74,50.755,158358.0
2025-05-28 14:30:00,50.76,50.775,50.75,50.7726,366321.0
2025-05-28 14:35:00,50.775,50.775,50.7,50.715,175231.0
2025-05-28 14:40:00,50.715,50.76,50.7,50.7,152043.0
2025-05-28 14:45:00,50.7002,50.7099,50.67,50.695,237963.0
2025-05-28 14:50:00,50.69,50.695,50.6203,50.6203,380868.0
2025-05-28 14:55:00,50.625,50.65,50.62,50.635,238853.0
2025-05-28 15:00:00,50.635,50.71,50.63,50.705,230646.0
2025-05-28 15:05:00,50.705,50.715,50.63,50.65,408150.0
2025-05-28 15:10:00,50.645,50.6999,50.64,50.64,222521.0
2025-05-28 15:15:00,50.64,50.65,50.62,50.635,232584.0
2025-05-28 15:20:00,50.64,50.66,50.605,50.61,475685.0
2025-05-28 15:25:00,50.615,50.63,50.6,50.605,271392.0
2025-05-28 15:30:00,50.6,50.6199,50.57,50.5765,237324.0
2025-05-28 15:35:00,50.58,50.605,50.54,50.605,330826.0
2025-05-28 15:40:00,50.6,50.62,50.595,50.595,219375.0
2025-05-28 15:45:00,50.6,50.65,50.6,50.645,139961.0
2025-05-28 15:50:00,50.645,50.68,50.64,50.675,222498.0
2025-05-28 15:55:00,50.6797,50.68,50.63,50.645,157296.0
2025-05-28 16:00:00,50.645,50.685,50.645,50.655,144275.0
2025-05-29 09:45:00,51.08,51.09,51.08,51.08,2319.0
2025-05-29 09:50:00,51.07,51.07,51.07,51.07,1517.0
2025-05-29 09:55:00,51.05,51.06,51.03,51.03,2458.0
2025-05-29 10:00:00,50.99,50.99,50.94,50.94,2922.0
2025-05-29 10:05:00,50.94,50.94,50.92,50.92,3907.0
2025-05-29 10:10:00,50.93,50.93,50.91,50.91,1189.0
2025-05-29 10:15:00,50.89,50.89,50.84,50.85,5662.0
2025-05-29 10:20:00,50.85,50.86,50.85,50.86,2118.0
2025-05-29 10:25:00,50.8,50.8,50.8,50.8,150.0
2025-05-29 10:30:00,50.84,50.85,50.83,50.85,2741.0
2025-05-29 10:35:00,50.84,50.85,50.82,50.82,2120.0
2025-05-29 10:40:00,50.82,50.82,50.82,50.82,644.0
2025-05-29 10:45:00,50.82,50.83,50.82,50.83,2123.0
2025-05-29 10:50:00,50.82,50.83,50.8,50.81,5099.0
2025-05-29 10:55:00,50.82,50.83,50.82,50.83,4131.0
2025-05-29 11:00:00,50.85,50.85,50.82,50.82,4966.0
2025-05-29 11:05:00,50.82,50.82,50.79,50.8,5565.0
2025-05-29 11:10:00,50.81,50.86,50.8,50.86,88939.0
2025-05-29 11:15:00,50.85,50.86,50.84,50.86,1600.0
2025-05-29 11:20:00,50.85,50.85,50.81,50.81,25851.0
2025-05-29 11:25:00,50.78,50.78,50.75,50.77,3020.0
2025-05-29 11:30:00,50.77,50.77,50.75,50.76,4516.0
2025-05-29 11:35:00,50.77,50.79,50.77,50.79,4603.0
2025-05-29 11:40:00,50.8,50.8,50.8,50.8,690.0
2025-05-29 11:45:00,50.78,50.79,50.76,50.76,1170.0
2025-05-29 11:50:00,50.76,50.76,50.75,50.76,1750.0
2025-05-29 11:55:00,50.72,50.72,50.72,50.72,118.0
2025-05-29 12:00:00,51.01,51.25,50.69,50.7,45921.0
2025-05-29 12:05:00,50.7,50.7,50.69,50.69,3158.0
2025-05-29 12:10:00,50.69,50.69,50.64,50.6401,5030.0
2025-05-29 12:15:00,50.65,50.65,50.62,50.65,6144.0
2025-05-29 12:20:00,50.63,50.63,50.6015,50.6015,592.0
2025-05-29 12:25:00,50.65,50.69,50.58,50.58,9118.0
2025-05-29 12:30:00,50.68,50.69,50.68,50.69,736.0
2025-05-29 12:35:00,50.63,50.63,50.61,50.61,814.0
2025-05-29 12:40:00,50.61,50.61,50.59,50.59,515.0
2025-05-29 12:45:00,50.61,50.62,50.61,50.62,3233.0
2025-05-29 12:50:00,50.61,50.67,50.61,50.67,1403.0
2025-05-29 12:55:00,50.66,50.66,50.65,50.65,1064.0
2025-05-29 13:00:00,50.66,50.66,50.66,50.66,582.0
2025-05-29 13:05:00,50.66,50.67,50.66,50.66,17100.0
2025-05-29 13:10:00,50.6,50.61,50.59,50.61,4724.0
2025-05-29 13:15:00,50.63,50.65,50.62,50.64,14155.0
2025-05-29 13:20:00,50.66,50.68,50.66,50.66,8956.0
2025-05-29 13:25:00,50.64,50.8,50.61,50.8,18452.0
2025-05-29 13:30:00,50.76,50.79,50.595,50.605,981464.0
2025-05-29 13:35:00,50.6,50.635,50.56,50.63,653165.0
2025-05-29 13:40:00,50.625,50.65,50.545,50.545,982029.0
2025-05-29 13:45:00,50.545,50.615,50.505,50.58,663738.0
2025-05-29 13:50:00,50.585,50.66,50.54,50.659,645541.0
2025-05-29 13:55:00,50.655,50.67,50.56,50.65,750459.0
2025-05-29 14:00:00,50.65,50.69,50.64,50.685,695450.0
2025-05-29 14:05:00,50.68,50.68,50.55,50.555,677976.0
2025-05-29 14:10:00,50.56,50.5951,50.55,50.5782,681678.0
2025-05-29 14:15:00,50.5701,50.61,50.5035,50.5299,637633.0
2025-05-29 14:20:00,50.52,50.5791,50.51,50.5736,633433.0
2025-05-29 14:25:00,50.575,50.65,50.57,50.6335,483255.0
2025-05-29 14:30:00,50.63,50.67,50.53,50.53,905310.0
2025-05-29 14:35:00,50.535,50.6,50.53,50.5601,526426.0
2025-05-29 14:40:00,50.565,50.57,50.5,50.5298,600184.0
2025-05-29 14:45:00,50.525,50.57,50.51,50.555,464212.0
2025-05-29 14:50:00,50.555,50.58,50.53,50.555,394543.0
2025-05-29 14:55:00,50.555,50.6,50.5454,50.575,404101.0
2025-05-29 15:00:00,50.575,50.59,50.495,50.515,188959.0
2025-05-29 15:05:00,50.51,50.549,50.505,50.53,173595.0
2025-05-29 15:10:00,50.525,50.6,50.52,50.53,402746.0
2025-05-29 15:15:00,50.525,50.6,50.525,50.56,411265.0
2025-05-29 15:20:00,50.565,50.625,50.555,50.625,327621.0
2025-05-29 15:25:00,50.625,50.66,50.625,50.6501,362347.0
2025-05-29 15:30:00,50.65,50.655,50.5,50.535,343708.0
2025-05-29 15:35:00,50.53,50.57,50.51,50.53,206710.0
2025-05-29 15:40:00,50.515,50.56,50.505,50.54,289892.0
2025-05-29 15:45:00,50.545,50.58,50.52,50.535,248432.0
2025-05-29 15:50:00,50.535,50.615,50.535,50.565,240133.0
2025-05-29 15:55:00,50.565,50.59,50.395,50.445,522104.0
2025-05-29 16:00:00,50.445,50.46,50.36,50.44,274866.0
2025-05-30 09:35:00,50.78,50.78,50.78,50.78,200.0
2025-05-30 09:45:00,50.77,50.77,50.77,50.77,100.0
2025-05-30 09:55:00,50.76,50.76,50.76,50.76,1741.0
2025-05-30 10:00:00,50.75,50.75,50.72,50.74,5469.0
2025-05-30 10:10:00,50.74,50.74,50.74,50.74,1379.0
2025-05-30 10:25:00,50.76,50.76,50.76,50.76,260.0
2025-05-30 10:30:00,50.76,50.76,50.76,50.76,2168.0
2025-05-30 10:35:00,50.76,50.76,50.76,50.76,3000.0
2025-05-30 10:45:00,50.75,50.75,50.75,50.75,300.0
2025-05-30 10:55:00,50.75,50.75,50.75,50.75,260.0
2025-05-30 11:00:00,50.76,50.77,50.76,50.77,434.0
2025-05-30 11:10:00,50.8,50.8,50.79,50.79,2190.0
2025-05-30 11:15:00,50.79,50.8,50.79,50.79,3890.0
2025-05-30 11:25:00,50.78,50.78,50.78,50.78,1000.0
2025-05-30 11:30:00,50.79,50.79,50.77,50.77,2024.0
2025-05-30 11:35:00,50.78,50.78,50.78,50.78,780.0
2025-05-30 11:40:00,50.76,50.76,50.75,50.75,2350.0
2025-05-30 11:50:00,50.77,50.77,50.77,50.77,100.0
2025-05-30 11:55:00,50.75,50.75,50.74,50.74,5730.0
2025-05-30 12:00:00,50.78,50.79,50.75,50.77,3624.0
2025-05-30 12:05:00,50.77,50.77,50.57,50.63,27874.0
2025-05-30 12:10:00,50.64,50.64,50.44,50.52,39208.0
2025-05-30 12:15:00,50.55,50.57,50.53,50.55,6541.0
2025-05-30 12:20:00,50.59,50.6,50.52,50.52,2917.0
2025-05-30 12:25:00,50.55,50.55,50.5,50.5,21917.0
2025-05-30 12:30:00,50.56,50.62,50.56,50.62,3332.0
2025-05-30 12:35:00,50.61,50.65,50.61,50.64,11161.0
2025-05-30 12:40:00,50.63,50.64,50.61,50.64,3864.0
2025-05-30 12:45:00,50.63,50.64,50.63,50.64,577.0
2025-05-30 12:50:00,50.61,50.62,50.6,50.61,2258.0
2025-05-30 12:55:00,50.61,50.61,50.61,50.61,392.0
2025-05-30 13:00:00,50.6,50.62,50.6,50.61,7478.0
2025-05-30 13:05:00,50.62,50.62,50.58,50.59,4724.0
2025-05-30 13:10:00,50.58,50.59,50.58,50.58,1330.0
2025-05-30 13:15:00,50.59,50.64,50.59,50.64,4265.0
2025-05-30 13:20:00,50.64,50.64,50.62,50.62,10828.0
2025-05-30 13:25:00,50.61,50.66,50.6,50.66,5678.0
2025-05-30 13:30:00,50.68,50.75,50.63,50.73,591971.0
2025-05-30 13:35:00,50.725,50.73,50.625,50.625,730526.0
2025-05-30 13:40:00,50.62,50.685,50.615,50.685,239963.0
2025-05-30 13:45:00,50.68,50.7435,50.635,50.635,419977.0
2025-05-30 13:50:00,50.63,50.675,50.58,50.675,322937.0
2025-05-30 13:55:00,50.675,50.69,50.604,50.62,196906.0
2025-05-30 14:00:00,50.62,50.725,50.615,50.71,396949.0
2025-05-30 14:05:00,50.715,50.77,50.71,50.765,205395.0
2025-05-30 14:10:00,50.76,50.8,50.73,50.775,189489.0
2025-05-30 14:15:00,50.78,50.815,50.77,50.805,214454.0
2025-05-30 14:20:00,50.81,50.815,50.775,50.81,122044.0
2025-05-30 14:25:00,50.81,50.82,50.765,50.785,372210.0
2025-05-30 14:30:00,50.78,50.83,50.775,50.825,163868.0
2025-05-30 14:35:00,50.82,50.83,50.795,50.815,164432.0
2025-05-30 14:40:00,50.81,50.815,50.76,50.76,333493.0
2025-05-30 14:45:00,50.765,50.78,50.735,50.76,239274.0
2025-05-30 14:50:00,50.765,50.765,50.705,50.73,240742.0
2025-05-30 14:55:00,50.735,50.785,50.69,50.695,279241.0
2025-05-30 15:00:00,50.7,50.73,50.695,50.725,285890.0
2025-05-30 15:05:00,50.7254,50.765,50.715,50.745,355014.0
2025-05-30 15:10:00,50.75,50.7578,50.725,50.725,298275.0
2025-05-30 15:15:00,50.725,50.725,50.68,50.7,639158.0
2025-05-30 15:20:00,50.705,50.76,50.7,50.745,295544.0
2025-05-30 15:25:00,50.745,50.8079,50.725,50.8,363445.0
2025-05-30 15:30:00,50.795,50.815,50.71,50.725,454112.0
2025-05-30 15:35:00,50.725,50.75,50.72,50.745,153229.0
2025-05-30 15:40:00,50.745,50.745,50.6705,50.685,311289.0
2025-05-30 15:45:00,50.68,50.715,50.66,50.715,362286.0
2025-05-30 15:50:00,50.715,50.73,50.685,50.705,358171.0
2025-05-30 15:55:00,50.7001,50.725,50.685,50.6901,213187.0
2025-05-30 16:00:00,50.69,50.73,50.68,50.71,230166.0
2025-06-02 09:30:00,50.61,50.62,50.61,50.62,1357.0
2025-06-02 09:35:00,50.61,50.61,50.61,50.61,200.0
2025-06-02 09:40:00,50.61,50.61,50.59,50.59,1595.0
2025-06-02 09:45:00,50.58,50.58,50.55,50.55,15538.0
2025-06-02 09:50:00,50.55,50.55,50.55,50.55,234.0
2025-06-02 10:00:00,50.55,50.55,50.55,50.55,300.0
2025-06-02 10:05:00,50.56,50.59,50.56,50.59,5197.0
2025-06-02 10:15:00,50.6,50.6,50.59,50.59,983.0
2025-06-02 10:25:00,50.61,50.61,50.6,50.6,520.0
2025-06-02 10:30:00,50.62,50.62,50.61,50.61,4369.0
2025-06-02 10:35:00,50.62,50.62,50.62,50.62,339.0
2025-06-02 10:40:00,50.62,50.62,50.62,50.62,620.0
2025-06-02 10:45:00,50.62,50.65,50.62,50.63,1464.0
2025-06-02 11:00:00,50.61,50.66,50.61,50.65,5230.0
2025-06-02 11:05:00,50.68,50.69,50.68,50.69,2789.0
2025-06-02 11:10:00,50.69,50.71,50.69,50.71,865.0
2025-06-02 11:15:00,50.7,50.7,50.7,50.7,6199.0
2025-06-02 11:20:00,50.7,50.71,50.7,50.7,2147.0
2025-06-02 11:35:00,50.72,50.72,50.72,50.72,1151.0
2025-06-02 11:40:00,50.7,50.7,50.7,50.7,150.0
2025-06-02 11:45:00,50.7,50.7,50.7,50.7,175.0
2025-06-02 11:50:00,50.71,50.71,50.71,50.71,363.0
2025-06-02 12:00:00,50.6809,50.73,50.6,50.71,5887.0
2025-06-02 12:10:00,50.7,50.7,50.7,50.7,919.0
2025-06-02 12:15:00,50.7,50.7,50.68,50.68,385.0
2025-06-02 12:20:00,50.68,50.68,50.68,50.68,2322.0
2025-06-02 12:25:00,50.67,50.67,50.66,50.67,2548.0
2025-06-02 12:30:00,50.66,50.68,50.66,50.67,2346.0
2025-06-02 12:35:00,50.67,50.67,50.67,50.67,100.0
2025-06-02 12:40:00,50.67,50.71,50.67,50.71,16196.0
2025-06-02 12:45:00,50.72,50.72,50.7,50.7,3227.0
2025-06-02 12:50:00,50.7,50.7,50.69,50.69,4201.0
2025-06-02 12:55:00,50.7,50.7,50.7,50.7,761.0
2025-06-02 13:00:00,50.71,50.71,50.7,50.7,38786.0
2025-06-02 13:05:00,50.69,50.71,50.69,50.71,1867.0
2025-06-02 13:10:00,50.69,50.69,50.69,50.69,261.0
2025-06-02 13:20:00,50.69,50.69,50.67,50.68,784.0
2025-06-02 13:25:00,50.67,50.68,50.6,50.6,8639.0
2025-06-02 13:30:00,50.61,50.7,50.6,50.64,684759.0
2025-06-02 13:35:00,50.635,50.64,50.505,50.525,526888.0
2025-06-02 13:40:00,50.52,50.56,50.44,50.51,353705.0
2025-06-02 13:45:00,50.52,50.54,50.48,50.49,293495.0
2025-06-02 13:50:00,50.485,50.49,50.36,50.395,676882.0
2025-06-02 13:55:00,50.395,50.485,50.37,50.43,440066.0
2025-06-02 14:00:00,50.42,50.43,50.29,50.35,970375.0
2025-06-02 14:05:00,50.345,50.465,50.33,50.44,381563.0
2025-06-02 14:10:00,50.435,50.46,50.38,50.405,298156.0
2025-06-02 14:15:00,50.405,50.435,50.37,50.405,354231.0
2025-06-02 14:20:00,50.4,50.5499,50.39,50.49,232126.0
2025-06-02 14:25:00,50.49,50.5565,50.49,50.545,181354.0
2025-06-02 14:30:00,50.545,50.625,50.525,50.61,490870.0
2025-06-02 14:35:00,50.61,50.625,50.535,50.545,650426.0
2025-06-02 14:40:00,50.545,50.565,50.52,50.535,344229.0
2025-06-02 14:45:00,50.535,50.58,50.53,50.57,391459.0
2025-06-02 14:50:00,50.57,50.6274,50.565,50.615,362258.0
2025-06-02 14:55:00,50.61,50.63,50.595,50.6152,386158.0
2025-06-02 15:00:00,50.62,50.64,50.59,50.61,695135.0
2025-06-02 15:05:00,50.61,50.64,50.6,50.615,843733.0
2025-06-02 15:10:00,50.614,50.67,50.605,50.645,553320.0
2025-06-02 15:15:00,50.645,50.66,50.63,50.65,258736.0
2025-06-02 15:20:00,50.65,50.665,50.62,50.6276,314730.0
2025-06-02 15:25:00,50.625,50.6372,50.58,50.59,613100.0
2025-06-02 15:30:00,50.5974,50.63,50.58,50.595,412560.0
2025-06-02 15:35:00,50.595,50.64,50.58,50.615,330657.0
2025-06-02 15:40:00,50.6152,50.67,50.615,50.67,261739.0
2025-06-02 15:45:00,50.67,50.695,50.6648,50.68,310364.0
2025-06-02 15:50:00,50.68,50.73,50.675,50.715,378868.0
2025-06-02 15:55:00,50.715,50.72,50.66,50.7,411322.0
2025-06-02 16:00:00,50.7,50.705,50.633,50.6541,355886.0
2025-06-03 09:40:00,50.73,50.75,50.73,50.75,1614.0
2025-06-03 09:45:00,50.74,50.74,50.74,50.74,504.0
2025-06-03 10:05:00,50.73,50.73,50.73,50.73,200.0
2025-06-03 10:20:00,50.74,50.74,50.74,50.74,384.0
2025-06-03 10:35:00,50.73,50.74,50.73,50.74,3200.0
2025-06-03 10:40:00,50.73,50.75,50.73,50.74,1600.0
2025-06-03 10:55:00,50.75,50.75,50.75,50.75,1008.0
2025-06-03 11:00:00,50.79,50.8,50.79,50.79,3098.0
2025-06-03 11:05:00,50.79,50.79,50.79,50.79,756.0
2025-06-03 11:10:00,50.78,50.79,50.78,50.79,621.0
2025-06-03 11:20:00,50.79,50.81,50.77,50.81,5734.0
2025-06-03 11:25:00,50.81,50.82,50.81,50.81,2170.0
2025-06-03 11:30:00,50.82,50.82,50.82,50.82,1000.0
2025-06-03 11:35:00,50.83,50.84,50.83,50.84,301.0
2025-06-03 11:40:00,50.86,50.86,50.85,50.85,2048.0
2025-06-03 11:45:00,50.86,50.87,50.83,50.83,2786.0
2025-06-03 11:50:00,50.85,50.85,50.85,50.85,180.0
2025-06-03 11:55:00,50.83,50.83,50.83,50.83,110.0
2025-06-03 12:00:00,50.81,50.87,50.7,50.87,3560.0
2025-06-03 12:05:00,50.84,50.86,50.84,50.86,350.0
2025-06-03 12:15:00,50.86,50.86,50.84,50.84,420.0
2025-06-03 12:20:00,50.85,50.86,50.85,50.86,957.0
2025-06-03 12:25:00,50.89,50.89,50.89,50.89,587.0
2025-06-03 12:30:00,50.89,50.89,50.89,50.89,697.0
2025-06-03 12:35:00,50.87,50.87,50.87,50.87,750.0
2025-06-03 12:40:00,50.86,50.87,50.86,50.87,475.0
2025-06-03 12:45:00,50.87,50.89,50.87,50.87,1010.0
2025-06-03 12:50:00,50.86,50.8601,50.86,50.8601,558.0
2025-06-03 12:55:00,50.87,50.87,50.87,50.87,3701.0
2025-06-03 13:00:00,50.89,50.9,50.89,50.9,4699.0
2025-06-03 13:05:00,50.89,50.89,50.89,50.89,836.0
2025-06-03 13:10:00,50.9,50.91,50.9,50.91,1338.0
2025-06-03 13:20:00,50.9099,50.91,50.89,50.9,2947.0
2025-06-03 13:25:00,50.89,50.89,50.77,50.77,1676.0
2025-06-03 13:30:00,50.82,51.05,50.82,51.05,800440.0
2025-06-03 13:35:00,51.045,51.045,50.92,50.925,650451.0
2025-06-03 13:40:00,50.925,50.95,50.835,50.845,351634.0
2025-06-03 13:45:00,50.85,50.86,50.64,50.645,465017.0
2025-06-03 13:50:00,50.64,50.645,50.515,50.545,503555.0
2025-06-03 13:55:00,50.55,50.55,50.44,50.45,456471.0
2025-06-03 14:00:00,50.46,50.5183,50.41,50.495,706631.0
2025-06-03 14:05:00,50.495,50.63,50.49,50.63,648565.0
2025-06-03 14:10:00,50.63,50.71,50.623,50.67,377205.0
2025-06-03 14:15:00,50.675,50.72,50.665,50.715,228076.0
2025-06-03 14:20:00,50.715,50.75,50.705,50.7365,302119.0
2025-06-03 14:25:00,50.74,50.83,50.7101,50.83,264924.0
2025-06-03 14:30:00,50.825,50.845,50.79,50.805,325342.0
2025-06-03 14:35:00,50.8,50.8,50.7303,50.755,366622.0
2025-06-03 14:40:00,50.755,50.786,50.75,50.78,333213.0
2025-06-03 14:45:00,50.78,50.82,50.75,50.815,378222.0
2025-06-03 14:50:00,50.8193,50.82,50.79,50.81,292749.0
2025-06-03 14:55:00,50.815,50.8151,50.76,50.805,303476.0
2025-06-03 15:00:00,50.81,50.8451,50.8,50.815,408390.0
2025-06-03 15:05:00,50.81,50.84,50.785,50.79,551277.0
2025-06-03 15:10:00,50.795,50.845,50.7799,50.845,358487.0
2025-06-03 15:15:00,50.84,50.86,50.82,50.83,620301.0
2025-06-03 15:20:00,50.825,50.87,50.82,50.87,209428.0
2025-06-03 15:25:00,50.87,50.905,50.86,50.89,342614.0
2025-06-03 15:30:00,50.89,50.935,50.88,50.925,277903.0
2025-06-03 15:35:00,50.925,50.95,50.915,50.945,387601.0
2025-06-03 15:40:00,50.95,50.95,50.925,50.93,151457.0
2025-06-03 15:45:00,50.925,50.96,50.91,50.96,337406.0
2025-06-03 15:50:00,50.955,50.96,50.925,50.94,457489.0
2025-06-03 15:55:00,50.94,50.9851,50.925,50.975,490953.0
2025-06-03 16:00:00,50.97,50.975,50.9,50.93,448740.0
2025-06-04 09:35:00,51.26,51.26,51.26,51.26,100.0
2025-06-04 09:40:00,51.27,51.27,51.27,51.27,214.0
2025-06-04 10:05:00,51.27,51.27,51.26,51.26,842.0
2025-06-04 10:10:00,51.27,51.27,51.26,51.26,1200.0
2025-06-04 10:20:00,51.24,51.25,51.24,51.25,780.0
2025-06-04 10:30:00,51.24,51.25,51.24,51.25,490.0
2025-06-04 10:45:00,51.26,51.26,51.26,51.26,500.0
2025-06-04 10:50:00,51.27,51.27,51.25,51.25,5677.0
2025-06-04 10:55:00,51.26,51.27,51.26,51.27,360.0
2025-06-04 11:00:00,51.26,51.27,51.26,51.26,3320.0
2025-06-04 11:05:00,51.25,51.26,51.25,51.26,1669.0
2025-06-04 11:10:00,51.26,51.26,51.25,51.25,541.0
2025-06-04 11:15:00,51.25,51.25,51.25,51.25,1048.0
2025-06-04 11:20:00,51.24,51.24,51.24,51.24,2603.0
2025-06-04 11:25:00,51.23,51.24,51.23,51.24,1433.0
2025-06-04 11:30:00,51.23,51.23,51.23,51.23,231.0
2025-06-04 11:35:00,51.23,51.23,51.23,51.23,392.0
2025-06-04 11:40:00,51.24,51.24,51.24,51.24,680.0
2025-06-04 11:45:00,51.24,51.24,51.24,51.24,1385.0
2025-06-04 12:00:00,51.24,51.2697,51.08,51.23,11133.0
2025-06-04 12:05:00,51.23,51.25,51.23,51.25,644.0
2025-06-04 12:15:00,51.24,51.24,51.14,51.17,6266.0
2025-06-04 12:20:00,51.1416,51.1416,51.1,51.11,9998.0
2025-06-04 12:25:00,51.11,51.11,51.11,51.11,235.0
2025-06-04 12:30:00,51.11,51.11,51.09,51.09,20653.0
2025-06-04 12:35:00,51.11,51.12,51.11,51.12,1017.0
2025-06-04 12:40:00,51.08,51.08,51.08,51.08,465.0
2025-06-04 12:45:00,51.09,51.09,51.05,51.08,1517.0
2025-06-04 12:50:00,51.05,51.06,51.05,51.05,1866.0
2025-06-04 12:55:00,51.08,51.08,51.08,51.08,1034.0
2025-06-04 13:00:00,51.08,51.09,51.08,51.09,2287.0
2025-06-04 13:05:00,51.08,51.09,51.08,51.09,2148.0
2025-06-04 13:10:00,51.09,51.09,51.08,51.09,3656.0
2025-06-04 13:15:00,51.1,51.12,51.09,51.12,5025.0
2025-06-04 13:20:00,51.12,51.14,51.1199,51.13,12426.0
2025-06-04 13:25:00,51.13,51.17,51.12,51.14,18595.0
2025-06-04 13:30:00,51.15,51.205,51.065,51.175,322742.0
2025-06-04 13:35:00,51.17,51.21,51.13,51.195,183346.0
2025-06-04 13:40:00,51.195,51.2,51.115,51.12,213239.0
2025-06-04 13:45:00,51.11,51.16,51.07,51.135,289379.0
2025-06-04 13:50:00,51.135,51.17,51.1,51.11,314237.0
2025-06-04 13:55:00,51.105,51.14,51.085,51.1,192036.0
2025-06-04 14:00:00,51.09,51.105,51.02,51.105,897235.0
2025-06-04 14:05:00,51.11,51.115,51.025,51.035,276350.0
2025-06-04 14:10:00,51.035,51.09,50.995,51.08,188182.0
2025-06-04 14:15:00,51.08,51.14,51.07,51.075,209724.0
2025-06-04 14:20:00,51.07,51.14,51.065,51.135,191203.0
2025-06-04 14:25:00,51.1341,51.16,51.1227,51.1301,129743.0
2025-06-04 14:30:00,51.135,51.16,51.125,51.1307,193244.0
2025-06-04 14:35:00,51.135,51.1672,51.105,51.12,240598.0
2025-06-04 14:40:00,51.12,51.13,51.0446,51.05,357736.0
2025-06-04 14:45:00,51.05,51.125,51.045,51.115,329527.0
2025-06-04 14:50:00,51.11,51.125,51.0799,51.115,213455.0
2025-06-04 14:55:00,51.11,51.115,51.06,51.115,215045.0
2025-06-04 15:00:00,51.12,51.126,51.07,51.07,191581.0
2025-06-04 15:05:00,51.0701,51.11,51.0544,51.09,371076.0
2025-06-04 15:10:00,51.085,51.105,51.07,51.07,323295.0
2025-06-04 15:15:00,51.075,51.08,51.0,51.06,1051082.0
2025-06-04 15:20:00,51.0538,51.08,51.04,51.0542,223249.0
2025-06-04 15:25:00,51.055,51.07,50.995,51.015,250707.0
2025-06-04 15:30:00,51.01,51.03,50.98,50.99,351689.0
2025-06-04 15:35:00,50.995,51.01,50.9701,51.0015,317863.0
2025-06-04 15:40:00,51.0,51.0299,50.97,50.985,368031.0
2025-06-04 15:45:00,50.98,51.0467,50.975,51.04,196951.0
2025-06-04 15:50:00,51.045,51.08,51.045,51.045,138010.0
2025-06-04 15:55:00,51.0454,51.059,51.0146,51.025,138883.0
2025-06-04 16:00:00,51.025,51.04,51.01,51.025,236412.0
2025-06-05 09:45:00,50.9,50.9,50.9,50.9,148.0
2025-06-05 10:10:00,50.89,50.89,50.89,50.89,150.0
2025-06-05 10:40:00,50.87,50.87,50.86,50.86,2647.0
2025-06-05 10:50:00,50.84,50.85,50.84,50.85,1300.0
2025-06-05 10:55:00,50.85,50.85,50.85,50.85,764.0
2025-06-05 11:00:00,50.84,50.84,50.83,50.83,568.0
2025-06-05 11:05:00,50.85,50.85,50.83,50.84,896.0
2025-06-05 11:15:00,50.81,50.81,50.81,50.81,3168.0
2025-06-05 11:30:00,50.82,50.82,50.82,50.82,300.0
2025-06-05 11:40:00,50.8,50.82,50.8,50.82,12004.0
2025-06-05 11:45:00,50.82,50.85,50.82,50.85,4675.0
2025-06-05 12:00:00,50.8,50.84,50.8,50.8176,4175.0
2025-06-05 12:05:00,50.84,50.8499,50.84,50.8499,516.0
2025-06-05 12:10:00,50.85,50.85,50.85,50.85,277.0
2025-06-05 12:15:00,50.84,50.84,50.84,50.84,129.0
2025-06-05 12:30:00,50.82,50.82,50.82,50.82,38776.0
2025-06-05 12:35:00,50.77,50.77,50.77,50.77,20018.0
2025-06-05 12:40:00,50.8,50.8,50.79,50.79,220.0
2025-06-05 12:45:00,50.8,51.0,50.8,50.94,175795.0
2025-06-05 12:50:00,50.93,50.99,50.91,50.92,45506.0
2025-06-05 12:55:00,50.92,50.95,50.91,50.91,29918.0
2025-06-05 13:00:00,50.9,50.95,50.88,50.92,17429.0
2025-06-05 13:05:00,50.95,50.95,50.95,50.95,2316.0
2025-06-05 13:10:00,50.93,50.93,50.9,50.9,12533.0
2025-06-05 13:15:00,50.91,50.91,50.9,50.91,2956.0
2025-06-05 13:20:00,50.91,50.91,50.88,50.88,1696.0
2025-06-05 13:25:00,50.9,50.9,50.8,50.87,97895.0
2025-06-05 13:30:00,50.8,50.88,50.665,50.73,1305089.0
2025-06-05 13:35:00,50.73,50.735,50.66,50.685,601692.0
2025-06-05 13:40:00,50.685,50.69,50.61,50.645,581019.0
2025-06-05 13:45:00,50.65,50.665,50.56,50.655,636668.0
2025-06-05 13:50:00,50.655,50.6854,50.57,50.575,723022.0
2025-06-05 13:55:00,50.575,50.58,50.45,50.49,1248483.0
2025-06-05 14:00:00,50.485,50.55,50.48,50.505,931984.0
2025-06-05 14:05:00,50.51,50.57,50.51,50.52,353369.0
2025-06-05 14:10:00,50.52,50.595,50.52,50.575,389490.0
2025-06-05 14:15:00,50.58,50.61,50.54,50.54,421088.0
2025-06-05 14:20:00,50.545,50.64,50.53,50.61,339766.0
2025-06-05 14:25:00,50.605,50.63,50.53,50.575,526529.0
2025-06-05 14:30:00,50.575,50.6062,50.54,50.545,629204.0
2025-06-05 14:35:00,50.545,50.63,50.46,50.61,1782529.0
2025-06-05 14:40:00,50.615,50.715,50.55,50.66,1043675.0
2025-06-05 14:45:00,50.66,50.74,50.6348,50.65,994382.0
2025-06-05 14:50:00,50.65,50.67,50.6,50.635,608008.0
2025-06-05 14:55:00,50.63,50.7,50.62,50.685,234178.0
2025-06-05 15:00:00,50.69,50.73,50.69,50.725,268265.0
2025-06-05 15:05:00,50.725,50.73,50.68,50.695,599711.0
2025-06-05 15:10:00,50.7,50.7265,50.69,50.705,356344.0
2025-06-05 15:15:00,50.705,50.765,50.685,50.745,520621.0
2025-06-05 15:20:00,50.745,50.77,50.7319,50.755,386273.0
2025-06-05 15:25:00,50.755,50.776616,50.725,50.775,359528.0
2025-06-05 15:30:00,50.775,50.825,50.775,50.805,462372.0
2025-06-05 15:35:00,50.805,50.82,50.775,50.795,274201.0
2025-06-05 15:40:00,50.8,50.805,50.77,50.775,429351.0
2025-06-05 15:45:00,50.775,50.78,50.75,50.76,554467.0
2025-06-05 15:50:00,50.76,50.82,50.76,50.79,697442.0
2025-06-05 15:55:00,50.79,50.825,50.785,50.805,888060.0
2025-06-05 16:00:00,50.805,50.8397,50.8,50.8397,324360.0
2025-06-06 09:30:00,50.87,50.89,50.87,50.89,5869.0
2025-06-06 09:35:00,50.9,50.9,50.9,50.9,150.0
2025-06-06 10:00:00,50.89,50.9,50.89,50.9,2200.0
2025-06-06 10:15:00,50.87,50.87,50.87,50.87,1950.0
2025-06-06 10:35:00,50.87,50.87,50.87,50.87,655.0
2025-06-06 10:40:00,50.86,50.86,50.86,50.86,5011.0
2025-06-06 10:55:00,50.84,50.84,50.84,50.84,559.0
2025-06-06 11:00:00,50.86,50.86,50.84,50.85,555.0
2025-06-06 11:05:00,50.84,50.84,50.84,50.84,393.0
2025-06-06 11:15:00,50.81,50.81,50.81,50.81,196.0
2025-06-06 11:20:00,50.83,50.83,50.83,50.83,600.0
2025-06-06 11:25:00,50.81,50.81,50.81,50.81,1183.0
2025-06-06 11:30:00,50.82,50.82,50.82,50.82,150.0
2025-06-06 11:40:00,50.82,50.82,50.82,50.82,100.0
2025-06-06 11:45:00,50.83,50.83,50.83,50.83,170.0
2025-06-06 11:50:00,50.83,50.83,50.83,50.83,203.0
2025-06-06 12:00:00,50.86,50.88,50.8407,50.85,2282.0
2025-06-06 12:10:00,50.86,50.9,50.86,50.9,1720.0
2025-06-06 12:15:00,50.87,50.87,50.87,50.87,297.0
2025-06-06 12:20:00,50.87,50.88,50.86,50.88,1557.0
2025-06-06 12:30:00,50.93,51.05,50.91,51.0,20466.0
2025-06-06 12:35:00,50.99,51.03,50.99,51.03,3084.0
2025-06-06 12:40:00,51.04,51.06,51.04,51.05,22968.0
2025-06-06 12:45:00,51.06,51.07,51.04,51.04,6840.0
2025-06-06 12:50:00,51.04,51.05,51.03,51.03,6008.0
2025-06-06 12:55:00,51.02,51.05,51.02,51.05,15738.0
2025-06-06 13:00:00,51.05,51.08,51.05,51.06,34993.0
2025-06-06 13:05:00,51.08,51.08,51.06,51.08,2351.0
2025-06-06 13:10:00,51.08,51.12,51.08,51.0901,11020.0
2025-06-06 13:15:00,51.11,51.17,51.11,51.15,1565.0
2025-06-06 13:20:00,51.15,51.21,51.14,51.16,31893.0
2025-06-06 13:25:00,51.14,51.18,51.13,51.13,3632.0
2025-06-06 13:30:00,51.17,51.29,51.13,51.26,1000130.0
2025-06-06 13:35:00,51.26,51.32,51.2,51.315,488319.0
2025-06-06 13:40:00,51.315,51.41,51.3,51.3954,526876.0
2025-06-06 13:45:00,51.39,51.44,51.33,51.3335,441525.0
2025-06-06 13:50:00,51.335,51.355,51.305,51.325,462506.0
2025-06-06 13:55:00,51.325,51.38,51.3001,51.375,652371.0
2025-06-06 14:00:00,51.37,51.39,51.2746,51.285,1092613.0
2025-06-06 14:05:00,51.2846,51.325,51.2527,51.275,864545.0
2025-06-06 14:10:00,51.275,51.29,51.195,51.225,512222.0
2025-06-06 14:15:00,51.225,51.25,51.17,51.225,311806.0
2025-06-06 14:20:00,51.225,51.33,51.225,51.32,555618.0
2025-06-06 14:25:00,51.325,51.34,51.28,51.3001,817216.0
2025-06-06 14:30:00,51.305,51.305,51.225,51.25,676288.0
2025-06-06 14:35:00,51.25,51.295,51.24,51.28,300059.0
2025-06-06 14:40:00,51.275,51.32,51.26,51.29,300355.0
2025-06-06 14:45:00,51.29,51.31,51.26,51.3,482259.0
2025-06-06 14:50:00,51.305,51.31,51.255,51.2901,374908.0
2025-06-06 14:55:00,51.3,51.32,51.25,51.275,405526.0
2025-06-06 15:00:00,51.27,51.3,51.25,51.255,678785.0
2025-06-06 15:05:00,51.255,51.32,51.25,51.31,1259694.0
2025-06-06 15:10:00,51.315,51.32,51.27,51.285,186509.0
2025-06-06 15:15:00,51.285,51.29,51.13,51.15,408801.0
2025-06-06 15:20:00,51.14,51.19,51.09,51.155,639031.0
2025-06-06 15:25:00,51.15,51.1751,51.135,51.175,171697.0
2025-06-06 15:30:00,51.17,51.18,51.135,51.16,401978.0
2025-06-06 15:35:00,51.1546,51.155,51.1,51.115,254146.0
2025-06-06 15:40:00,51.115,51.175,51.105,51.165,161250.0
2025-06-06 15:45:00,51.165,51.2,51.1401,51.195,169335.0
2025-06-06 15:50:00,51.2,51.22,51.175,51.185,134184.0
2025-06-06 15:55:00,51.18,51.19,51.125,51.16,107191.0
2025-06-06 16:00:00,51.1602,51.19,51.16,51.185,91976.0
2025-06-09 09:35:00,51.4,51.4,51.4,51.4,1248.0
2025-06-09 09:40:00,51.4,51.4,51.4,51.4,117.0
2025-06-09 10:00:00,51.37,51.37,51.37,51.37,638.0
2025-06-09 10:25:00,51.39,51.39,51.39,51.39,161.0
2025-06-09 11:00:00,51.37,51.39,51.36,51.38,2713.0
2025-06-09 11:15:00,51.38,51.38,51.38,51.38,166.0
2025-06-09 11:20:00,51.38,51.39,51.38,51.38,1533.0
2025-06-09 11:25:00,51.37,51.38,51.37,51.38,305.0
2025-06-09 11:35:00,51.39,51.4,51.39,51.4,1381.0
2025-06-09 11:40:00,51.41,51.41,51.41,51.41,100.0
2025-06-09 11:45:00,51.4,51.4,51.4,51.4,195.0
2025-06-09 11:50:00,51.4,51.4,51.4,51.4,267.0
2025-06-09 12:00:00,51.38,51.41,51.13,51.41,1392.0
2025-06-09 12:05:00,51.39,51.39,51.39,51.39,184.0
2025-06-09 12:10:00,51.4,51.4,51.4,51.4,129.0
2025-06-09 12:15:00,51.4,51.4,51.4,51.4,1945.0
2025-06-09 12:20:00,51.41,51.41,51.41,51.41,1397.0
2025-06-09 12:25:00,51.41,51.41,51.4,51.4,214.0
2025-06-09 12:30:00,51.39,51.39,51.39,51.39,169.0
2025-06-09 12:35:00,51.39,51.39,51.39,51.39,300.0
2025-06-09 12:40:00,51.39,51.39,51.39,51.39,493.0
2025-06-09 12:45:00,51.38,51.41,51.38,51.41,422.0
2025-06-09 12:55:00,51.41,51.41,51.41,51.41,300.0
2025-06-09 13:05:00,51.41,51.41,51.41,51.41,201.0
2025-06-09 13:15:00,51.38,51.38,51.38,51.38,1000.0
2025-06-09 13:20:00,51.4,51.41,51.38,51.3808,1456.0
2025-06-09 13:25:00,51.39,51.39,51.34,51.34,1342.0
2025-06-09 13:30:00,51.34,51.36,50.99,51.035,696643.0
2025-06-09 13:35:00,51.035,51.075,51.0,51.0465,737904.0
2025-06-09 13:40:00,51.04,51.15,51.04,51.085,591909.0
2025-06-09 13:45:00,51.09,51.135,51.06,51.115,527917.0
2025-06-09 13:50:00,51.12,51.12,50.99,51.055,555308.0
2025-06-09 13:55:00,51.055,51.08,50.99,51.015,337396.0
2025-06-09 14:00:00,51.015,51.055,50.855,50.875,629589.0
2025-06-09 14:05:00,50.875,50.925,50.8,50.825,447255.0
2025-06-09 14:10:00,50.825,50.835,50.73,50.775,386530.0
2025-06-09 14:15:00,50.78,50.855,50.755,50.83,565664.0
2025-06-09 14:20:00,50.83,50.89,50.8,50.885,284957.0
2025-06-09 14:25:00,50.885,50.915,50.87,50.895,517371.0
2025-06-09 14:30:00,50.9,50.905,50.83,50.83,935118.0
2025-06-09 14:35:00,50.83,50.84,50.75,50.765,431522.0
2025-06-09 14:40:00,50.7645,50.77,50.69,50.76,409625.0
2025-06-09 14:45:00,50.76,50.76,50.705,50.725,372371.0
2025-06-09 14:50:00,50.725,50.785,50.705,50.775,192382.0
2025-06-09 14:55:00,50.78,50.84,50.78,50.84,242189.0
2025-06-09 15:00:00,50.84,50.885,50.825,50.835,267071.0
2025-06-09 15:05:00,50.835,50.8454,50.7746,50.815,196315.0
2025-06-09 15:10:00,50.81,50.85,50.8,50.83,149003.0
2025-06-09 15:15:00,50.825,50.88,50.815,50.875,180490.0
2025-06-09 15:20:00,50.875,50.905,50.84,50.895,1311047.0
2025-06-09 15:25:00,50.895,50.91,50.83,50.835,233587.0
2025-06-09 15:30:00,50.84,50.88,50.84,50.88,232882.0
2025-06-09 15:35:00,50.88,50.94,50.87,50.935,330731.0
2025-06-09 15:40:00,50.935,50.95,50.925,50.935,869474.0
2025-06-09 15:45:00,50.935,50.96,50.93,50.945,281147.0
2025-06-09 15:50:00,50.95,50.9799,50.94,50.975,207232.0
2025-06-09 15:55:00,50.97,50.975,50.95,50.96,213493.0
2025-06-09 16:00:00,50.9601,50.985,50.945,50.96,734575.0
2025-06-10 09:35:00,50.98,50.98,50.98,50.98,100.0
2025-06-10 09:40:00,50.98,50.98,50.98,50.98,100.0
2025-06-10 09:55:00,51.0,51.0,51.0,51.0,115.0
2025-06-10 10:00:00,51.0,51.0,51.0,51.0,200.0
2025-06-10 10:25:00,51.0,51.02,51.0,51.02,1110.0
2025-06-10 10:55:00,51.02,51.02,51.02,51.02,130.0
2025-06-10 11:00:00,51.02,51.02,51.02,51.02,681.0
2025-06-10 11:05:00,51.0,51.0,51.0,51.0,1030.0
2025-06-10 11:15:00,50.98,50.98,50.98,50.98,130.0
2025-06-10 11:20:00,50.99,50.99,50.98,50.98,340.0
2025-06-10 11:25:00,50.98,50.98,50.97,50.97,300.0
2025-06-10 11:30:00,50.99,50.99,50.99,50.99,1190.0
2025-06-10 11:35:00,51.04,51.04,51.04,51.04,190.0
2025-06-10 11:40:00,51.0,51.0,51.0,51.0,2823.0
2025-06-10 11:50:00,51.02,51.03,51.02,51.03,2787.0
2025-06-10 11:55:00,51.01,51.05,51.01,51.04,2541.0
2025-06-10 12:00:00,51.0198,51.07,50.9,51.05,4649.0
2025-06-10 12:05:00,51.03,51.03,51.0,51.01,41702.0
2025-06-10 12:10:00,51.02,51.02,51.01,51.01,12837.0
2025-06-10 12:15:00,51.03,51.04,51.03,51.04,12500.0
2025-06-10 12:20:00,51.04,51.04,51.04,51.04,100.0
2025-06-10 12:25:00,51.05,51.08,51.05,51.05,15891.0
2025-06-10 12:30:00,51.04,51.04,51.04,51.04,260.0
2025-06-10 12:35:00,51.03,51.05,51.02,51.05,3551.0
2025-06-10 12:40:00,51.06,51.06,51.06,51.06,139.0
2025-06-10 12:45:00,51.03,51.03,51.02,51.02,2556.0
2025-06-10 12:50:00,51.05,51.05,51.05,51.05,201.0
2025-06-10 13:00:00,51.04,51.04,51.03,51.03,1867.0
2025-06-10 13:05:00,51.03,51.04,51.03,51.03,3501.0
2025-06-10 13:10:00,51.05,51.05,51.05,51.05,106.0
2025-06-10 13:20:00,51.03,51.05,51.03,51.03,546.0
2025-06-10 13:25:00,51.03,51.05,50.94,50.98,14411.0
2025-06-10 13:30:00,50.99,51.0,50.93,50.93,667668.0
2025-06-10 13:35:00,50.92,50.99,50.89,50.94,1176495.0
2025-06-10 13:40:00,50.935,51.005,50.93,50.9846,1066427.0
2025-06-10 13:45:00,50.99,51.0,50.945,50.95,1468776.0
2025-06-10 13:50:00,50.96,51.0082,50.9,50.935,305035.0
2025-06-10 13:55:00,50.93,50.955,50.905,50.92,323778.0
2025-06-10 14:00:00,50.92,50.97,50.89,50.965,313256.0
2025-06-10 14:05:00,50.965,51.0,50.92,50.975,362999.0
2025-06-10 14:10:00,50.975,50.99,50.92,50.92,706581.0
2025-06-10 14:15:00,50.925,50.96,50.92,50.96,555260.0
2025-06-10 14:20:00,50.955,51.01,50.93,50.99,530714.0
2025-06-10 14:25:00,50.99,50.9962,50.935,50.965,290670.0
2025-06-10 14:30:00,50.965,50.97,50.88,50.9,179703.0
2025-06-10 14:35:00,50.9,50.96,50.89,50.945,167084.0
2025-06-10 14:40:00,50.945,51.02,50.935,51.01,243094.0
2025-06-10 14:45:00,51.015,51.03,50.95,50.985,249084.0
2025-06-10 14:50:00,50.985,51.015,50.975,50.98,120622.0
2025-06-10 14:55:00,50.985,50.9951,50.95,50.96,112007.0
2025-06-10 15:00:00,50.96,51.01,50.941,50.975,140083.0
2025-06-10 15:05:00,50.97,50.9962,50.96,50.9617,117375.0
2025-06-10 15:10:00,50.965,51.03,50.96,50.985,127319.0
2025-06-10 15:15:00,50.985,51.02,50.97,51.005,156986.0
2025-06-10 15:20:00,51.0,51.01,50.98,50.985,192202.0
2025-06-10 15:25:00,50.985,51.005,50.965,50.99,440115.0
2025-06-10 15:30:00,50.985,50.995,50.895,50.99,562569.0
2025-06-10 15:35:00,50.985,51.0085,50.95,50.97,337473.0
2025-06-10 15:40:00,50.96,50.9659,50.925,50.935,192887.0
2025-06-10 15:45:00,50.935,50.958,50.92,50.925,172702.0
2025-06-10 15:50:00,50.925,50.96,50.92,50.955,234676.0
2025-06-10 15:55:00,50.955,50.96,50.94,50.94,229094.0
2025-06-10 16:00:00,50.945,50.99,50.94,50.97,487471.0
2025-06-11 09:35:00,50.99,50.99,50.99,50.99,266.0
2025-06-11 09:45:00,50.98,50.98,50.98,50.98,643.0
2025-06-11 09:50:00,50.99,50.99,50.99,50.99,200.0
2025-06-11 10:00:00,50.99,50.99,50.99,50.99,120.0
2025-06-11 10:05:00,51.0,51.0,51.0,51.0,520.0
2025-06-11 10:30:00,50.99,50.99,50.99,50.99,390.0
2025-06-11 10:35:00,50.99,50.99,50.99,50.99,135.0
2025-06-11 10:45:00,51.0,51.0,51.0,51.0,520.0
2025-06-11 11:00:00,50.99,50.99,50.98,50.98,5861.0
2025-06-11 11:15:00,50.98,50.98,50.95,50.95,1221.0
2025-06-11 11:20:00,50.95,50.95,50.95,50.95,3000.0
2025-06-11 11:25:00,50.95,50.95,50.95,50.95,200.0
2025-06-11 11:30:00,50.96,50.98,50.96,50.98,2800.0
2025-06-11 11:55:00,50.98,50.98,50.98,50.98,373.0
2025-06-11 12:00:00,51.03,51.07,50.96,51.04,33592.0
2025-06-11 12:05:00,51.04,51.06,51.0,51.0,16938.0
2025-06-11 12:10:00,51.0,51.0,51.0,51.0,100.0
2025-06-11 12:20:00,51.0,51.0,51.0,51.0,230.0
2025-06-11 12:25:00,50.99,50.99,50.97,50.97,10076.0
2025-06-11 12:30:00,51.04,51.25,51.04,51.24,24223.0
2025-06-11 12:35:00,51.25,51.27,51.25,51.27,2743.0
2025-06-11 12:40:00,51.25,51.25,51.22,51.22,36899.0
2025-06-11 12:45:00,51.23,51.23,51.06,51.16,5157.0
2025-06-11 12:50:00,51.16,51.16,51.13,51.13,61185.0
2025-06-11 12:55:00,51.16,51.17,51.1,51.1,35434.0
2025-06-11 13:00:00,51.09,51.1,51.06,51.09,118707.0
2025-06-11 13:05:00,51.05,51.09,51.05,51.06,52344.0
2025-06-11 13:10:00,51.07,51.1,51.07,51.09,48994.0
2025-06-11 13:15:00,51.08,51.09,51.08,51.08,5261.0
2025-06-11 13:20:00,51.07,51.09,51.06,51.06,21426.0
2025-06-11 13:25:00,51.06,51.07,51.06,51.07,1036.0
2025-06-11 13:30:00,51.11,51.11,50.83,50.86,1069525.0
2025-06-11 13:35:00,50.865,50.97,50.81,50.97,814634.0
2025-06-11 13:40:00,50.96,51.13,50.955,51.095,489907.0
2025-06-11 13:45:00,51.1,51.11,51.02,51.09,696214.0
2025-06-11 13:50:00,51.09,51.18,51.08,51.145,417502.0
2025-06-11 13:55:00,51.145,51.18,51.1,51.105,723742.0
2025-06-11 14:00:00,51.1,51.14,51.075,51.105,1044302.0
2025-06-11 14:05:00,51.105,51.17,51.07,51.155,659124.0
2025-06-11 14:10:00,51.16,51.18,51.095,51.155,392618.0
2025-06-11 14:15:00,51.16,51.2,51.155,51.195,781839.0
2025-06-11 14:20:00,51.1999,51.22,51.15,51.17,1093481.0
2025-06-11 14:25:00,51.17,51.23,51.17,51.205,890329.0
2025-06-11 14:30:00,51.2,51.215,51.16,51.215,576906.0
2025-06-11 14:35:00,51.215,51.23,51.1846,51.2,349065.0
2025-06-11 14:40:00,51.2,51.21,51.18,51.207,297458.0
2025-06-11 14:45:00,51.205,51.22,51.1802,51.205,174182.0
2025-06-11 14:50:00,51.21,51.23,51.1746,51.19,192553.0
2025-06-11 14:55:00,51.185,51.23,51.14,51.155,179194.0
2025-06-11 15:00:00,51.16,51.23,51.155,51.205,160575.0
2025-06-11 15:05:00,51.21,51.21,51.105,51.12,313781.0
2025-06-11 15:10:00,51.111,51.19,51.105,51.165,198686.0
2025-06-11 15:15:00,51.165,51.2,51.16,51.1901,241840.0
2025-06-11 15:20:00,51.195,51.2,51.16,51.195,267656.0
2025-06-11 15:25:00,51.195,51.21,51.175,51.195,231218.0
2025-06-11 15:30:00,51.195,51.21,51.155,51.195,380066.0
2025-06-11 15:35:00,51.195,51.24,51.18,51.19,789187.0
2025-06-11 15:40:00,51.185,51.21,51.17,51.175,779678.0
2025-06-11 15:45:00,51.18,51.19,51.13,51.155,291420.0
2025-06-11 15:50:00,51.155,51.2,51.15,51.185,252855.0
2025-06-11 15:55:00,51.185,51.19,51.14,51.165,444692.0
2025-06-11 16:00:00,51.165,51.19,51.0901,51.105,375173.0
2025-06-12 09:30:00,50.66,50.68,50.66,50.68,2736.0
2025-06-12 09:35:00,50.69,50.69,50.69,50.69,330.0
2025-06-12 09:40:00,50.69,50.69,50.69,50.69,2992.0
2025-06-12 09:50:00,50.66,50.66,50.63,50.63,4575.0
2025-06-12 10:00:00,50.63,50.64,50.63,50.64,738.0
2025-06-12 10:05:00,50.62,50.62,50.62,50.62,617.0
2025-06-12 10:10:00,50.63,50.63,50.63,50.63,260.0
2025-06-12 10:15:00,50.64,50.64,50.64,50.64,855.0
2025-06-12 10:20:00,50.63,50.63,50.63,50.63,520.0
2025-06-12 10:25:00,50.62,50.62,50.62,50.62,339.0
2025-06-12 10:35:00,50.6,50.6,50.6,50.6,520.0
2025-06-12 10:40:00,50.62,50.62,50.62,50.62,520.0
2025-06-12 10:45:00,50.66,50.66,50.66,50.66,13338.0
2025-06-12 10:50:00,50.66,50.67,50.66,50.66,42852.0
2025-06-12 11:00:00,50.64,50.66,50.63,50.66,18910.0
2025-06-12 11:05:00,50.64,50.65,50.62,50.65,29327.0
2025-06-12 11:10:00,50.63,50.63,50.63,50.63,256.0
2025-06-12 11:15:00,50.62,50.64,50.62,50.63,2358.0
2025-06-12 11:20:00,50.64,50.65,50.63,50.63,5795.0
2025-06-12 11:25:00,50.62,50.62,50.61,50.61,8506.0
2025-06-12 11:30:00,50.61,50.61,50.59,50.6,9195.0
2025-06-12 11:35:00,50.61,50.61,50.61,50.61,614.0
2025-06-12 11:40:00,50.61,50.61,50.6,50.6,2272.0
2025-06-12 11:45:00,50.62,50.63,50.62,50.62,1500.0
2025-06-12 11:50:00,50.63,50.63,50.611,50.611,467.0
2025-06-12 11:55:00,50.61,50.61,50.61,50.61,1964.0
2025-06-12 12:00:00,50.62,50.88,50.5901,50.61,14159.0
2025-06-12 12:05:00,50.61,50.62,50.61,50.62,961.0
2025-06-12 12:10:00,50.62,50.64,50.62,50.62,7385.0
2025-06-12 12:15:00,50.62,50.62,50.62,50.62,636.0
2025-06-12 12:20:00,50.61,50.62,50.61,50.62,12890.0
2025-06-12 12:25:00,50.62,50.62,50.61,50.62,4424.0
2025-06-12 12:35:00,50.66,50.69,50.66,50.68,1872.0
2025-06-12 12:40:00,50.69,50.7,50.69,50.7,1440.0
2025-06-12 12:45:00,50.7,50.71,50.69,50.71,3188.0
2025-06-12 12:50:00,50.73,50.73,50.71,50.71,1143.0
2025-06-12 12:55:00,50.72,50.72,50.7,50.72,18497.0
2025-06-12 13:00:00,50.72,50.76,50.72,50.74,12878.0
2025-06-12 13:05:00,50.73,50.73,50.73,50.73,1216.0
2025-06-12 13:10:00,50.73,50.74,50.73,50.74,635.0
2025-06-12 13:15:00,50.75,50.75,50.73,50.73,540.0
2025-06-12 13:20:00,50.73,50.73,50.72,50.73,1154.0
2025-06-12 13:25:00,50.72,50.75,50.7,50.7,12175.0
2025-06-12 13:30:00,50.7,50.75,50.6,50.645,650871.0
2025-06-12 13:35:00,50.65,50.65,50.5,50.6,490282.0
2025-06-12 13:40:00,50.6,50.67,50.585,50.6,386277.0
2025-06-12 13:45:00,50.605,50.63,50.53,50.63,517162.0
2025-06-12 13:50:00,50.625,50.71,50.62,50.665,389227.0
2025-06-12 13:55:00,50.665,50.75,50.63,50.7351,394675.0
2025-06-12 14:00:00,50.735,50.82,50.6701,50.775,351103.0
2025-06-12 14:05:00,50.775,50.805,50.745,50.795,490509.0
2025-06-12 14:10:00,50.795,50.82,50.76,50.815,216927.0
2025-06-12 14:15:00,50.815,50.89,50.81,50.87,320637.0
2025-06-12 14:20:00,50.865,50.8966,50.84,50.865,293538.0
2025-06-12 14:25:00,50.87,50.91,50.8437,50.895,233919.0
2025-06-12 14:30:00,50.9,50.9362,50.88,50.915,795823.0
2025-06-12 14:35:00,50.92,50.95,50.89,50.93,153190.0
2025-06-12 14:40:00,50.925,50.95,50.89,50.895,331022.0
2025-06-12 14:45:00,50.895,50.935,50.89,50.915,582647.0
2025-06-12 14:50:00,50.9152,50.9364,50.89,50.895,152421.0
2025-06-12 14:55:00,50.895,50.905,50.86,50.865,197790.0
2025-06-12 15:00:00,50.865,50.95,50.86,50.9359,381707.0
2025-06-12 15:05:00,50.93,50.94,50.9,50.9069,134665.0
2025-06-12 15:10:00,50.905,50.92,50.88,50.915,175565.0
2025-06-12 15:15:00,50.915,50.915,50.8548,50.865,398796.0
2025-06-12 15:20:00,50.865,50.87,50.765,50.785,619280.0
2025-06-12 15:25:00,50.78,50.83,50.76,50.825,924131.0
2025-06-12 15:30:00,50.82,50.84,50.79,50.805,331260.0
2025-06-12 15:35:00,50.805,50.82,50.7642,50.765,272402.0
2025-06-12 15:40:00,50.765,50.805,50.7635,50.785,207026.0
2025-06-12 15:45:00,50.78,50.785,50.73,50.755,221751.0
2025-06-12 15:50:00,50.755,50.8,50.745,50.796,353671.0
2025-06-12 15:55:00,50.795,50.805,50.765,50.795,121611.0
2025-06-12 16:00:00,50.795,50.8,50.735,50.755,266273.0
2025-06-13 09:30:00,50.42,50.42,50.4,50.4,588.0
2025-06-13 09:40:00,50.38,50.38,50.35,50.35,2663.0
2025-06-13 09:45:00,50.36,50.36,50.34,50.34,946.0
2025-06-13 09:50:00,50.31,50.34,50.3,50.33,1933.0
2025-06-13 09:55:00,50.33,50.33,50.3,50.3,4041.0
2025-06-13 10:00:00,50.3,50.3,50.29,50.29,4345.0
2025-06-13 10:05:00,50.28,50.28,50.26,50.26,955.0
2025-06-13 10:10:00,50.26,50.3,50.26,50.29,6956.0
2025-06-13 10:15:00,50.28,50.28,50.24,50.27,22766.0
2025-06-13 10:20:00,50.28,50.28,50.25,50.26,8770.0
2025-06-13 10:25:00,50.26,50.29,50.26,50.29,2951.0
2025-06-13 10:30:00,50.28,50.28,50.27,50.27,1082.0
2025-06-13 10:35:00,50.29,50.29,50.28,50.29,3190.0
2025-06-13 10:40:00,50.28,50.28,50.28,50.28,1808.0
2025-06-13 10:45:00,50.29,50.29,50.29,50.29,530.0
2025-06-13 10:55:00,50.31,50.31,50.31,50.31,695.0
2025-06-13 11:00:00,50.32,50.36,50.32,50.36,5221.0
2025-06-13 11:05:00,50.38,50.395,50.38,50.39,3304.0
2025-06-13 11:10:00,50.39,50.39,50.36,50.36,12564.0
2025-06-13 11:15:00,50.36,50.36,50.33,50.33,8244.0
2025-06-13 11:20:00,50.34,50.36,50.33,50.33,2637.0
2025-06-13 11:25:00,50.36,50.36,50.35,50.36,4924.0
2025-06-13 11:35:00,50.38,50.4,50.37,50.39,4293.0
2025-06-13 11:45:00,50.4,50.41,50.4,50.41,1130.0
2025-06-13 11:50:00,50.4,50.41,50.4,50.41,278.0
2025-06-13 11:55:00,50.42,50.44,50.42,50.43,8166.0
2025-06-13 12:00:00,50.3187,50.43,50.11,50.42,25462.0
2025-06-13 12:05:00,50.41,50.42,50.41,50.41,2878.0
2025-06-13 12:10:00,50.41,50.41,50.39,50.39,10232.0
2025-06-13 12:15:00,50.39,50.41,50.39,50.41,806.0
2025-06-13 12:20:00,50.41,50.44,50.41,50.44,2047.0
2025-06-13 12:25:00,50.44,50.44,50.4399,50.4399,915.0
2025-06-13 12:30:00,50.44,50.44,50.44,50.44,1468.0
2025-06-13 12:35:00,50.43,50.47,50.43,50.46,4288.0
2025-06-13 12:40:00,50.46,50.46,50.4499,50.45,55425.0
2025-06-13 12:45:00,50.43,50.44,50.42,50.44,47012.0
2025-06-13 12:50:00,50.42,50.42,50.38,50.38,36336.0
2025-06-13 12:55:00,50.38,50.38,50.37,50.37,4718.0
2025-06-13 13:00:00,50.38,50.42,50.38,50.42,26279.0
2025-06-13 13:05:00,50.41,50.41,50.3908,50.3908,8606.0
2025-06-13 13:10:00,50.4,50.4,50.38,50.38,13318.0
2025-06-13 13:15:00,50.37,50.3701,50.35,50.35,6434.0
2025-06-13 13:20:00,50.33,50.33,50.31,50.31,29319.0
2025-06-13 13:25:00,50.32,50.35,50.3,50.34,11397.0
2025-06-13 13:30:00,50.35,50.46,50.055,50.08,2018032.0
2025-06-13 13:35:00,50.09,50.25,50.06,50.15,1118434.0
2025-06-13 13:40:00,50.15,50.21,50.08,50.16,827508.0
2025-06-13 13:45:00,50.155,50.17,50.04,50.08,885147.0
2025-06-13 13:50:00,50.07,50.08,49.96,49.98,955721.0
2025-06-13 13:55:00,49.98,49.985,49.8901,49.905,1006662.0
2025-06-13 14:00:00,49.905,50.0,49.88,49.925,1133048.0
2025-06-13 14:05:00,49.92,50.0,49.9,50.0,711431.0
2025-06-13 14:10:00,49.99,50.0,49.88,49.92,900913.0
2025-06-13 14:15:00,49.925,50.03,49.91,49.965,668595.0
2025-06-13 14:20:00,49.965,49.99,49.89,49.93,430220.0
2025-06-13 14:25:00,49.925,49.945,49.87,49.87,551555.0
2025-06-13 14:30:00,49.88,49.92,49.82,49.905,1108447.0
2025-06-13 14:35:00,49.9,49.9,49.81,49.895,616826.0
2025-06-13 14:40:00,49.9,49.94,49.87,49.885,764853.0
2025-06-13 14:45:00,49.885,49.9,49.83,49.895,662597.0
2025-06-13 14:50:00,49.9,50.07,49.885,50.065,389572.0
2025-06-13 14:55:00,50.065,50.11,50.045,50.09,457822.0
2025-06-13 15:00:00,50.09,50.175,50.07,50.165,406046.0
2025-06-13 15:05:00,50.16,50.195,50.155,50.185,521918.0
2025-06-13 15:10:00,50.185,50.225,50.16,50.205,577360.0
2025-06-13 15:15:00,50.205,50.24,50.185,50.215,615504.0
2025-06-13 15:20:00,50.215,50.29,50.215,50.255,712990.0
2025-06-13 15:25:00,50.255,50.315,50.23,50.31,288226.0
2025-06-13 15:30:00,50.315,50.355,50.295,50.325,593090.0
2025-06-13 15:35:00,50.325,50.3399,50.29,50.29,557542.0
2025-06-13 15:40:00,50.29,50.36,50.27,50.345,372484.0
2025-06-13 15:45:00,50.35,50.405,50.34,50.375,558348.0
2025-06-13 15:50:00,50.375,50.41,50.36,50.41,743797.0
2025-06-13 15:55:00,50.41,50.41,50.33,50.34,371584.0
2025-06-13 16:00:00,50.33,50.36,50.32,50.35,343844.0
2025-06-16 09:35:00,50.22,50.22,50.21,50.21,1507.0
2025-06-16 10:05:00,50.22,50.22,50.21,50.21,2062.0
2025-06-16 10:15:00,50.22,50.22,50.22,50.22,1452.0
2025-06-16 10:30:00,50.22,50.22,50.22,50.22,200.0
2025-06-16 10:40:00,50.22,50.22,50.22,50.22,110.0
2025-06-16 10:50:00,50.23,50.23,50.23,50.23,170.0
2025-06-16 10:55:00,50.23,50.26,50.23,50.25,10938.0
2025-06-16 11:00:00,50.24,50.25,50.23,50.23,5151.0
2025-06-16 11:05:00,50.24,50.24,50.24,50.24,207.0
2025-06-16 11:15:00,50.24,50.24,50.23,50.23,339.0
2025-06-16 11:20:00,50.24,50.24,50.24,50.24,140.0
2025-06-16 11:30:00,50.25,50.25,50.25,50.25,840.0
2025-06-16 11:35:00,50.25,50.29,50.25,50.29,4765.0
2025-06-16 11:40:00,50.27,50.27,50.27,50.27,280.0
2025-06-16 11:45:00,50.29,50.32,50.29,50.32,16417.0
2025-06-16 11:50:00,50.32,50.34,50.31,50.34,22096.0
2025-06-16 11:55:00,50.34,50.35,50.34,50.35,382.0
2025-06-16 12:00:00,50.24,50.35,50.1,50.331,9043.0
2025-06-16 12:05:00,50.33,50.33,50.33,50.33,596.0
2025-06-16 12:10:00,50.34,50.34,50.33,50.33,10268.0
2025-06-16 12:15:00,50.34,50.34,50.34,50.34,397.0
2025-06-16 12:20:00,50.35,50.37,50.35,50.37,4134.0
2025-06-16 12:25:00,50.36,50.36,50.35,50.35,4644.0
2025-06-16 12:30:00,50.35,50.35,50.33,50.33,885.0
2025-06-16 12:35:00,50.34,50.34,50.34,50.34,721.0
2025-06-16 12:40:00,50.34,50.34,50.34,50.34,397.0
2025-06-16 12:50:00,50.35,50.3599,50.34,50.34,907.0
2025-06-16 12:55:00,50.34,50.35,50.33,50.34,5015.0
2025-06-16 13:00:00,50.33,50.33,50.33,50.33,988.0
2025-06-16 13:05:00,50.33,50.33,50.33,50.33,595.0
2025-06-16 13:10:00,50.34,50.34,50.34,50.34,1174.0
2025-06-16 13:15:00,50.32,50.33,50.32,50.32,2193.0
2025-06-16 13:20:00,50.34,50.34,50.31,50.31,2529.0
2025-06-16 13:25:00,50.31,50.39,50.31,50.39,13543.0
2025-06-16 13:30:00,50.32,50.59,50.31,50.54,1309873.0
2025-06-16 13:35:00,50.545,50.57,50.44,50.46,611228.0
2025-06-16 13:40:00,50.465,50.51,50.445,50.455,359453.0
2025-06-16 13:45:00,50.455,50.545,50.455,50.515,1520006.0
2025-06-16 13:50:00,50.515,50.6,50.455,50.5793,932601.0
2025-06-16 13:55:00,50.575,50.64,50.545,50.62,874048.0
2025-06-16 14:00:00,50.625,50.68,50.625,50.675,540775.0
2025-06-16 14:05:00,50.68,50.705,50.58,50.615,711340.0
2025-06-16 14:10:00,50.615,50.67,50.6,50.6501,328361.0
2025-06-16 14:15:00,50.655,50.715,50.645,50.7,408888.0
2025-06-16 14:20:00,50.695,50.75,50.695,50.735,369925.0
2025-06-16 14:25:00,50.73,50.775,50.69,50.73,180304.0
2025-06-16 14:30:00,50.74,50.8,50.73,50.785,281827.0
2025-06-16 14:35:00,50.785,50.79,50.73,50.735,348005.0
2025-06-16 14:40:00,50.735,50.82,50.73,50.8,353151.0
2025-06-16 14:45:00,50.805,50.83,50.7729,50.775,390478.0
2025-06-16 14:50:00,50.775,50.81,50.77,50.795,287194.0
2025-06-16 14:55:00,50.8,50.84,50.785,50.835,301478.0
2025-06-16 15:00:00,50.84,50.875,50.825,50.855,1064368.0
2025-06-16 15:05:00,50.85,50.8559,50.72,50.73,651232.0
2025-06-16 15:10:00,50.73,50.76,50.73,50.75,311259.0
2025-06-16 15:15:00,50.745,50.78,50.735,50.74,288619.0
2025-06-16 15:20:00,50.745,50.775,50.7235,50.75,370401.0
2025-06-16 15:25:00,50.755,50.765,50.73,50.745,565894.0
2025-06-16 15:30:00,50.75,50.77,50.7335,50.755,340781.0
2025-06-16 15:35:00,50.755,50.825,50.735,50.815,466175.0
2025-06-16 15:40:00,50.815,50.835,50.8001,50.805,321878.0
2025-06-16 15:45:00,50.805,50.83,50.785,50.815,250382.0
2025-06-16 15:50:00,50.815,50.82,50.79,50.792,252331.0
2025-06-16 15:55:00,50.795,50.8199,50.765,50.78,709970.0
2025-06-16 16:00:00,50.785,50.8,50.72,50.735,271808.0
2025-06-17 09:30:00,50.15,50.15,50.14,50.14,3809.0
2025-06-17 09:35:00,50.14,50.14,50.14,50.14,1971.0
2025-06-17 09:40:00,50.13,50.16,50.13,50.16,14321.0
2025-06-17 09:45:00,50.16,50.16,50.16,50.16,4240.0
2025-06-17 09:50:00,50.15,50.15,50.15,50.15,575.0
2025-06-17 10:00:00,50.16,50.16,50.15,50.16,5953.0
2025-06-17 10:10:00,50.16,50.16,50.16,50.16,500.0
2025-06-17 10:15:00,50.16,50.16,50.15,50.15,1630.0
2025-06-17 10:20:00,50.16,50.16,50.16,50.16,1047.0
2025-06-17 10:25:00,50.16,50.16,50.16,50.16,6002.0
2025-06-17 10:30:00,50.17,50.17,50.17,50.17,500.0
2025-06-17 10:35:00,50.17,50.17,50.15,50.15,26214.0
2025-06-17 10:40:00,50.14,50.14,50.14,50.14,217.0
2025-06-17 10:45:00,50.12,50.14,50.12,50.12,14226.0
2025-06-17 10:50:00,50.12,50.13,50.12,50.13,1211.0
2025-06-17 10:55:00,50.15,50.17,50.15,50.17,5210.0
2025-06-17 11:00:00,50.17,50.21,50.17,50.21,17821.0
2025-06-17 11:10:00,50.28,50.28,50.28,50.28,700.0
2025-06-17 11:15:00,50.24,50.25,50.22,50.25,5988.0
2025-06-17 11:25:00,50.25,50.25,50.25,50.25,1415.0
2025-06-17 11:30:00,50.25,50.25,50.25,50.25,4578.0
2025-06-17 11:40:00,50.24,50.24,50.22,50.22,3281.0
2025-06-17 11:45:00,50.23,50.23,50.23,50.23,100.0
2025-06-17 11:50:00,50.24,50.24,50.24,50.24,140.0
2025-06-17 11:55:00,50.25,50.31,50.25,50.31,3350.0
2025-06-17 12:00:00,50.25,50.27,50.11,50.12,5058.0
2025-06-17 12:05:00,50.31,50.31,50.29,50.29,2404.0
2025-06-17 12:10:00,50.3,50.31,50.3,50.31,1084.0
2025-06-17 12:15:00,50.33,50.33,50.3,50.3197,16919.0
2025-06-17 12:20:00,50.3,50.31,50.3,50.31,12583.0
2025-06-17 12:25:00,50.31,50.32,50.3,50.32,4280.0
2025-06-17 12:30:00,50.29,50.29,50.25,50.25,14806.0
2025-06-17 12:35:00,50.26,50.26,50.26,50.26,12516.0
2025-06-17 12:40:00,50.3,50.32,50.3,50.31,25759.0
2025-06-17 12:45:00,50.3,50.3,50.26,50.26,17238.0
2025-06-17 12:50:00,50.26,50.28,50.26,50.27,26183.0
2025-06-17 12:55:00,50.25,50.28,50.25,50.27,1137.0
2025-06-17 13:00:00,50.26,50.26,50.26,50.26,506.0
2025-06-17 13:10:00,50.26,50.28,50.25,50.25,5310.0
2025-06-17 13:15:00,50.24,50.25,50.22,50.25,16784.0
2025-06-17 13:20:00,50.26,50.26,50.21,50.21,3727.0
2025-06-17 13:25:00,50.27,50.28,50.27,50.28,967.0
2025-06-17 13:30:00,50.27,50.355,50.225,50.345,819895.0
2025-06-17 13:35:00,50.34,50.36,50.24,50.3139,518150.0
2025-06-17 13:40:00,50.32,50.45,50.32,50.44,419946.0
2025-06-17 13:45:00,50.4326,50.435,50.37,50.395,480659.0
2025-06-17 13:50:00,50.39,50.4799,50.345,50.45,337359.0
2025-06-17 13:55:00,50.45,50.465,50.39,50.42,732415.0
2025-06-17 14:00:00,50.43,50.44,50.35,50.37,354828.0
2025-06-17 14:05:00,50.37,50.435,50.355,50.435,281485.0
2025-06-17 14:10:00,50.435,50.445,50.4,50.44,248321.0
2025-06-17 14:15:00,50.44,50.44,50.39,50.405,251138.0
2025-06-17 14:20:00,50.405,50.44,50.405,50.41,107260.0
2025-06-17 14:25:00,50.41,50.45,50.405,50.445,119678.0
2025-06-17 14:30:00,50.44,50.46,50.42,50.42,158856.0
2025-06-17 14:35:00,50.42,50.435,50.39,50.43,215733.0
2025-06-17 14:40:00,50.425,50.425,50.315,50.34,295813.0
2025-06-17 14:45:00,50.34,50.37,50.325,50.36,192004.0
2025-06-17 14:50:00,50.365,50.395,50.35,50.37,245949.0
2025-06-17 14:55:00,50.37,50.38,50.34,50.365,170286.0
2025-06-17 15:00:00,50.36,50.385,50.34,50.375,193876.0
2025-06-17 15:05:00,50.38,50.4,50.37,50.385,134926.0
2025-06-17 15:10:00,50.385,50.405,50.35,50.4,365789.0
2025-06-17 15:15:00,50.395,50.4,50.33,50.34,681598.0
2025-06-17 15:20:00,50.335,50.35,50.3136,50.33,534597.0
2025-06-17 15:25:00,50.33,50.33,50.25,50.25,421316.0
2025-06-17 15:30:00,50.25,50.28,50.2118,50.255,592834.0
2025-06-17 15:35:00,50.255,50.28,50.23,50.2501,447931.0
2025-06-17 15:40:00,50.255,50.3,50.25,50.285,378695.0
2025-06-17 15:45:00,50.28,50.3,50.26,50.29,267304.0
2025-06-17 15:50:00,50.29,50.31,50.27,50.2962,241425.0
2025-06-17 15:55:00,50.2901,50.3,50.27,50.2824,294303.0
2025-06-17 16:00:00,50.29,50.33,50.2801,50.325,201534.0
2025-06-18 09:30:00,50.35,50.35,50.35,50.35,420.0
2025-06-18 09:35:00,50.35,50.35,50.35,50.35,140.0
2025-06-18 09:45:00,50.37,50.37,50.37,50.37,397.0
2025-06-18 09:50:00,50.34,50.34,50.34,50.34,440.0
2025-06-18 09:55:00,50.35,50.35,50.35,50.35,1000.0
2025-06-18 10:05:00,50.34,50.34,50.34,50.34,280.0
2025-06-18 10:10:00,50.33,50.33,50.32,50.32,1257.0
2025-06-18 10:20:00,50.31,50.31,50.26,50.28,6464.0
2025-06-18 10:25:00,50.28,50.28,50.28,50.28,537.0
2025-06-18 10:30:00,50.27,50.27,50.27,50.27,386.0
2025-06-18 10:45:00,50.27,50.27,50.25,50.25,1280.0
2025-06-18 10:50:00,50.25,50.25,50.23,50.23,3957.0
2025-06-18 10:55:00,50.19,50.19,50.18,50.18,8000.0
2025-06-18 11:00:00,50.19,50.2,50.18,50.19,5548.0
2025-06-18 11:05:00,50.19,50.2,50.19,50.2,22595.0
2025-06-18 11:10:00,50.2,50.2,50.19,50.19,17229.0
2025-06-18 11:15:00,50.21,50.22,50.21,50.21,3313.0
2025-06-18 11:30:00,50.22,50.22,50.22,50.22,200.0
2025-06-18 11:40:00,50.22,50.24,50.22,50.24,3622.0
2025-06-18 11:45:00,50.25,50.29,50.25,50.29,2760.0
2025-06-18 11:55:00,50.28,50.28,50.27,50.27,1856.0
2025-06-18 12:00:00,50.19,50.61,50.19,50.25,30755.0
2025-06-18 12:05:00,50.26,50.26,50.26,50.26,109.0
2025-06-18 12:10:00,50.28,50.28,50.27,50.27,493.0
2025-06-18 12:15:00,50.26,50.26,50.26,50.26,210.0
2025-06-18 12:30:00,50.27,50.27,50.27,50.27,158.0
2025-06-18 12:35:00,50.24,50.24,50.23,50.23,935.0
2025-06-18 12:45:00,50.23,50.23,50.22,50.22,1004.0
2025-06-18 12:50:00,50.25,50.25,50.24,50.25,1485.0
2025-06-18 13:00:00,50.23,50.23,50.23,50.23,215.0
2025-06-18 13:05:00,50.24,50.24,50.24,50.24,108.0
2025-06-18 13:10:00,50.24,50.24,50.24,50.24,350.0
2025-06-18 13:15:00,50.2497,50.2497,50.2497,50.2497,255.0
2025-06-18 13:20:00,50.24,50.25,50.24,50.2499,2666.0
2025-06-18 13:25:00,50.2499,50.2499,50.2,50.22,4183.0
2025-06-18 13:30:00,50.22,50.36,50.2,50.34,745762.0
2025-06-18 13:35:00,50.345,50.41,50.341,50.37,574724.0
2025-06-18 13:40:00,50.38,50.4,50.31,50.36,456401.0
2025-06-18 13:45:00,50.36,50.45,50.335,50.405,615342.0
2025-06-18 13:50:00,50.405,50.5,50.39,50.495,444656.0
2025-06-18 13:55:00,50.5,50.51695,50.44,50.4551,778509.0
2025-06-18 14:00:00,50.45,50.54,50.44,50.525,679210.0
2025-06-18 14:05:00,50.525,50.6,50.5,50.575,519162.0
2025-06-18 14:10:00,50.58,50.625,50.52,50.61,511750.0
2025-06-18 14:15:00,50.61,50.68,50.605,50.64,418461.0
2025-06-18 14:20:00,50.65,50.7,50.65,50.69,732814.0
2025-06-18 14:25:00,50.69,50.75,50.68,50.715,469088.0
2025-06-18 14:30:00,50.715,50.755,50.705,50.75,256683.0
2025-06-18 14:35:00,50.75,50.765,50.7,50.7379,367285.0
2025-06-18 14:40:00,50.73,50.77,50.71,50.735,758294.0
2025-06-18 14:45:00,50.73,50.75,50.685,50.7,536052.0
2025-06-18 14:50:00,50.7,50.715,50.66,50.68,395547.0
2025-06-18 14:55:00,50.67,50.6874,50.65,50.655,327398.0
2025-06-18 15:00:00,50.655,50.68,50.63,50.68,251072.0
2025-06-18 15:05:00,50.675,50.69,50.615,50.6399,311680.0
2025-06-18 15:10:00,50.635,50.64,50.59,50.595,239075.0
2025-06-18 15:15:00,50.59,50.61,50.56,50.575,1173640.0
2025-06-18 15:20:00,50.58,50.6,50.44,50.465,674779.0
2025-06-18 15:25:00,50.46,50.52,50.385,50.52,2143853.0
2025-06-18 15:30:00,50.52,50.55,50.46,50.46,583941.0
2025-06-18 15:35:00,50.455,50.49,50.42,50.48,1177837.0
2025-06-18 15:40:00,50.48,50.48,50.4,50.45,632841.0
2025-06-18 15:45:00,50.445,50.53,50.43,50.525,450320.0
2025-06-18 15:50:00,50.525,50.55,50.46,50.49,628065.0
2025-06-18 15:55:00,50.4801,50.52,50.465,50.475,429749.0
2025-06-18 16:00:00,50.47,50.4953,50.455,50.49,417879.0
2025-06-20 09:55:00,50.13,50.13,50.13,50.13,200.0
2025-06-20 10:10:00,50.13,50.13,50.13,50.13,1530.0
2025-06-20 10:15:00,50.12,50.12,50.12,50.12,1648.0
2025-06-20 10:30:00,50.13,50.13,50.13,50.13,383.0
2025-06-20 10:35:00,50.14,50.14,50.14,50.14,787.0
2025-06-20 10:40:00,50.16,50.17,50.16,50.17,8673.0
2025-06-20 10:45:00,50.17,50.17,50.17,50.17,888.0
2025-06-20 10:50:00,50.17,50.17,50.17,50.17,550.0
2025-06-20 10:55:00,50.18,50.18,50.18,50.18,238.0
2025-06-20 11:00:00,50.18,50.2,50.18,50.2,3260.0
2025-06-20 11:05:00,50.22,50.22,50.22,50.22,142.0
2025-06-20 11:10:00,50.21,50.21,50.21,50.21,140.0
2025-06-20 11:15:00,50.21,50.21,50.21,50.21,230.0
2025-06-20 11:25:00,50.2,50.2,50.2,50.2,169.0
2025-06-20 11:35:00,50.22,50.24,50.22,50.23,300.0
2025-06-20 11:40:00,50.27,50.3,50.27,50.3,11254.0
2025-06-20 11:45:00,50.31,50.4,50.31,50.4,137144.0
2025-06-20 11:50:00,50.37,50.37,50.35,50.35,1399.0
2025-06-20 11:55:00,50.36,50.36,50.32,50.32,3033.0
2025-06-20 12:00:00,50.22,50.35,50.07,50.34,9118.0
2025-06-20 12:05:00,50.33,50.33,50.32,50.32,448.0
2025-06-20 12:15:00,50.36,50.36,50.36,50.36,1606.0
2025-06-20 12:25:00,50.34,50.34,50.34,50.34,1120.0
2025-06-20 12:30:00,50.38,50.42,50.38,50.42,7985.0
2025-06-20 12:35:00,50.42,50.44,50.42,50.44,2188.0
2025-06-20 12:40:00,50.44,50.44,50.4,50.4,11028.0
2025-06-20 12:45:00,50.41,50.43,50.41,50.43,1511.0
2025-06-20 12:50:00,50.43,50.44,50.42,50.44,27927.0
2025-06-20 12:55:00,50.44,50.44,50.43,50.43,2847.0
2025-06-20 13:00:00,50.43,50.44,50.43,50.44,7106.0
2025-06-20 13:05:00,50.43,50.43,50.43,50.43,19948.0
2025-06-20 13:10:00,50.43,50.44,50.43,50.44,4017.0
2025-06-20 13:15:00,50.44,50.45,50.44,50.45,22882.0
2025-06-20 13:20:00,50.45,50.46,50.45,50.46,7762.0
2025-06-20 13:25:00,50.46,50.46,50.36,50.37,19145.0
2025-06-20 13:30:00,50.365,50.48,50.3,50.43,658643.0
2025-06-20 13:35:00,50.43,50.4845,50.325,50.4845,410853.0
2025-06-20 13:40:00,50.48,50.555,50.475,50.555,355878.0
2025-06-20 13:45:00,50.555,50.57,50.39,50.3991,495860.0
2025-06-20 13:50:00,50.4,50.4801,50.38,50.4699,467847.0
2025-06-20 13:55:00,50.47,50.4972,50.42,50.45,393997.0
2025-06-20 14:00:00,50.45,50.545,50.44,50.515,465365.0
2025-06-20 14:05:00,50.52,50.54,50.47,50.51,465553.0
2025-06-20 14:10:00,50.515,50.515,50.435,50.485,320701.0
2025-06-20 14:15:00,50.48,50.525,50.48,50.505,655712.0
2025-06-20 14:20:00,50.51,50.53,50.415,50.4154,468859.0
2025-06-20 14:25:00,50.41,50.46,50.36,50.425,521409.0
2025-06-20 14:30:00,50.425,50.465,50.375,50.375,449506.0
2025-06-20 14:35:00,50.3733,50.465,50.37,50.455,281480.0
2025-06-20 14:40:00,50.45,50.49,50.3601,50.46,924083.0
2025-06-20 14:45:00,50.465,50.4675,50.395,50.465,342415.0
2025-06-20 14:50:00,50.46,50.47,50.415,50.44,691636.0
2025-06-20 14:55:00,50.44,50.47,50.4232,50.445,387298.0
2025-06-20 15:00:00,50.445,50.4599,50.41,50.415,366529.0
2025-06-20 15:05:00,50.415,50.485,50.415,50.475,219489.0
2025-06-20 15:10:00,50.475,50.54,50.475,50.5247,820121.0
2025-06-20 15:15:00,50.53,50.58,50.525,50.54,219770.0
2025-06-20 15:20:00,50.5355,50.55,50.5,50.545,253519.0
2025-06-20 15:25:00,50.54,50.55,50.49,50.495,338020.0
2025-06-20 15:30:00,50.495,50.55,50.49,50.54,404529.0
2025-06-20 15:35:00,50.535,50.5699,50.51,50.565,611066.0
2025-06-20 15:40:00,50.565,50.575,50.53,50.56,2240641.0
2025-06-20 15:45:00,50.555,50.56,50.515,50.545,125682.0
2025-06-20 15:50:00,50.54,50.54,50.46,50.465,1158968.0
2025-06-20 15:55:00,50.465,50.475,50.4301,50.445,149438.0
2025-06-20 16:00:00,50.445,50.445,50.385,50.405,164568.0
2025-06-23 09:30:00,50.26,50.26,50.26,50.26,200.0
2025-06-23 09:40:00,50.25,50.25,50.25,50.25,163.0
2025-06-23 10:00:00,50.26,50.26,50.26,50.26,140.0
2025-06-23 10:10:00,50.26,50.31,50.25,50.31,7757.0
2025-06-23 10:15:00,50.29,50.29,50.28,50.28,420.0
2025-06-23 10:40:00,50.23,50.23,50.23,50.23,6000.0
2025-06-23 10:45:00,50.21,50.21,50.21,50.21,928.0
2025-06-23 11:00:00,50.22,50.22,50.21,50.21,275.0
2025-06-23 11:05:00,50.21,50.21,50.18,50.18,2648.0
2025-06-23 11:10:00,50.16,50.18,50.16,50.18,3715.0
2025-06-23 11:15:00,50.15,50.16,50.13,50.13,1848.0
2025-06-23 11:25:00,50.1,50.12,50.1,50.12,648.0
2025-06-23 11:30:00,50.09,50.12,50.09,50.12,15660.0
2025-06-23 11:35:00,50.13,50.14,50.13,50.14,6475.0
2025-06-23 11:40:00,50.1,50.1,50.1,50.1,125.0
2025-06-23 11:45:00,50.08,50.09,50.06,50.09,1532.0
2025-06-23 11:50:00,50.09,50.1,50.09,50.1,2060.0
2025-06-23 11:55:00,50.11,50.11,50.11,50.11,221.0
2025-06-23 12:00:00,50.13,50.21,50.06,50.1,3636.0
2025-06-23 12:05:00,50.13,50.13,50.13,50.13,600.0
2025-06-23 12:10:00,50.12,50.1399,50.12,50.1399,1500.0
2025-06-23 12:15:00,50.14,50.14,50.14,50.14,120.0
2025-06-23 12:20:00,50.14,50.14,50.1399,50.1399,441.0
2025-06-23 12:25:00,50.14,50.16,50.1399,50.1597,1019.0
2025-06-23 12:30:00,50.15,50.16,50.15,50.16,1444.0
2025-06-23 12:35:00,50.16,50.1899,50.16,50.1899,3806.0
2025-06-23 12:40:00,50.1899,50.19,50.1899,50.1899,1211.0
2025-06-23 12:45:00,50.1801,50.19,50.1801,50.19,1271.0
2025-06-23 12:50:00,50.19,50.19,50.1899,50.1899,1692.0
2025-06-23 12:55:00,50.19,50.23,50.19,50.22,4791.0
2025-06-23 13:00:00,50.22,50.22,50.21,50.21,2857.0
2025-06-23 13:05:00,50.21,50.21,50.2,50.2,1697.0
2025-06-23 13:10:00,50.2,50.2,50.18,50.18,8988.0
2025-06-23 13:15:00,50.2,50.21,50.2,50.21,524.0
2025-06-23 13:20:00,50.21,50.21,50.19,50.19,370.0
2025-06-23 13:25:00,50.22,50.23,50.22,50.22,8134.0
2025-06-23 13:30:00,50.2,50.31,50.105,50.255,1030068.0
2025-06-23 13:35:00,50.25,50.38,50.2399,50.36,769032.0
2025-06-23 13:40:00,50.365,50.43,50.34,50.405,812055.0
2025-06-23 13:45:00,50.41,50.455,50.39,50.455,323094.0
2025-06-23 13:50:00,50.455,50.465,50.4,50.43,394484.0
2025-06-23 13:55:00,50.435,50.47,50.395,50.47,384209.0
2025-06-23 14:00:00,50.465,50.51,50.46,50.5,452566.0
2025-06-23 14:05:00,50.5,50.52,50.45,50.47,342771.0
2025-06-23 14:10:00,50.47,50.485,50.405,50.465,335775.0
2025-06-23 14:15:00,50.47,50.49,50.44,50.455,252302.0
2025-06-23 14:20:00,50.46,50.52,50.46,50.5159,188927.0
2025-06-23 14:25:00,50.51,50.51,50.455,50.465,327175.0
2025-06-23 14:30:00,50.465,50.485,50.435,50.44,319399.0
2025-06-23 14:35:00,50.44,50.45,50.335,50.34,686710.0
2025-06-23 14:40:00,50.335,50.37,50.24,50.27,890238.0
2025-06-23 14:45:00,50.28,50.3,50.26,50.27,362615.0
2025-06-23 14:50:00,50.265,50.295,50.26,50.28,418722.0
2025-06-23 14:55:00,50.28,50.30645,50.245,50.245,379619.0
2025-06-23 15:00:00,50.25,50.285,50.24,50.2748,309668.0
2025-06-23 15:05:00,50.28,50.29,50.26,50.2737,2474377.0
2025-06-23 15:10:00,50.275,50.305,50.27,50.3,576295.0
2025-06-23 15:15:00,50.3,50.315,50.28,50.285,261108.0
2025-06-23 15:20:00,50.285,50.2954,50.25,50.255,360274.0
2025-06-23 15:25:00,50.255,50.27,50.225,50.225,296971.0
2025-06-23 15:30:00,50.225,50.255,50.215,50.245,137248.0
2025-06-23 15:35:00,50.24,50.24,50.2,50.225,206693.0
2025-06-23 15:40:00,50.22,50.2367,50.19,50.2001,190132.0
2025-06-23 15:45:00,50.2,50.21,50.16,50.165,168634.0
2025-06-23 15:50:00,50.16,50.1666,50.08,50.085,309435.0
2025-06-23 15:55:00,50.0867,50.14,50.07,50.1,280622.0
2025-06-23 16:00:00,50.1,50.15,50.09,50.145,258628.0
2025-06-24 09:30:00,51.27,51.28,51.26,51.26,4291.0
2025-06-24 09:35:00,51.26,51.26,51.26,51.26,1214.0
2025-06-24 09:40:00,51.26,51.26,51.26,51.26,280.0
2025-06-24 09:45:00,51.26,51.26,51.25,51.25,849.0
2025-06-24 09:50:00,51.24,51.24,51.24,51.24,280.0
2025-06-24 09:55:00,51.27,51.28,51.27,51.27,2000.0
2025-06-24 10:00:00,51.27,51.33,51.27,51.3,12852.0
2025-06-24 10:05:00,51.3,51.3,51.28,51.28,4564.0
2025-06-24 10:10:00,51.24,51.24,51.23,51.23,2001.0
2025-06-24 10:15:00,51.24,51.25,51.24,51.25,842.0
2025-06-24 10:25:00,51.28,51.28,51.28,51.28,346.0
2025-06-24 10:30:00,51.23,51.23,51.23,51.23,1200.0
2025-06-24 10:35:00,51.23,51.23,51.23,51.23,160.0
2025-06-24 10:40:00,51.25,51.26,51.24,51.26,1492.0
2025-06-24 10:45:00,51.24,51.25,51.24,51.25,1232.0
2025-06-24 10:50:00,51.27,51.27,51.26,51.26,2091.0
2025-06-24 10:55:00,51.26,51.28,51.25,51.25,1910.0
2025-06-24 11:00:00,51.23,51.25,51.22,51.25,17264.0
2025-06-24 11:05:00,51.22,51.23,51.21,51.21,1158.0
2025-06-24 11:15:00,51.21,51.21,51.2,51.2,572.0
2025-06-24 11:20:00,51.18,51.19,51.17,51.19,2496.0
2025-06-24 11:25:00,51.19,51.22,51.18,51.2,12049.0
2025-06-24 11:30:00,51.23,51.24,51.21,51.21,4698.0
2025-06-24 11:35:00,51.2,51.2,51.18,51.19,1684.0
2025-06-24 11:40:00,51.19,51.22,51.19,51.22,3348.0
2025-06-24 11:45:00,51.22,51.22,51.21,51.21,319.0
2025-06-24 11:50:00,51.23,51.23,51.21,51.22,3558.0
2025-06-24 11:55:00,51.22,51.26,51.22,51.26,18761.0
2025-06-24 12:00:00,51.23,51.2598,50.86,51.24,5322.0
2025-06-24 12:05:00,51.25,51.25,51.25,51.25,2887.0
2025-06-24 12:10:00,51.24,51.24,51.22,51.22,2318.0
2025-06-24 12:15:00,51.22,51.23,51.22,51.22,969.0
2025-06-24 12:25:00,51.22,51.25,51.22,51.22,2360.0
2025-06-24 12:30:00,51.23,51.23,51.23,51.23,240.0
2025-06-24 12:35:00,51.22,51.25,51.22,51.24,4304.0
2025-06-24 12:40:00,51.25,51.25,51.24,51.24,3005.0
2025-06-24 12:45:00,51.2301,51.27,51.2301,51.25,12138.0
2025-06-24 12:50:00,51.25,51.25,51.24,51.24,8074.0
2025-06-24 12:55:00,51.25,51.25,51.25,51.25,302.0
2025-06-24 13:00:00,51.24,51.25,51.24,51.24,3083.0
2025-06-24 13:05:00,51.25,51.26,51.25,51.26,6617.0
2025-06-24 13:10:00,51.25,51.26,51.25,51.26,1783.0
2025-06-24 13:15:00,51.27,51.3,51.26,51.29,11540.0
2025-06-24 13:20:00,51.29,51.29,51.27,51.28,5209.0
2025-06-24 13:25:00,51.29,51.33,51.29,51.33,8892.0
2025-06-24 13:30:00,51.32,51.465,51.28,51.3,948081.0
2025-06-24 13:35:00,51.295,51.48,51.275,51.48,855133.0
2025-06-24 13:40:00,51.49,51.53,51.445,51.455,658250.0
2025-06-24 13:45:00,51.45,51.54,51.43,51.46,575438.0
2025-06-24 13:50:00,51.465,51.49,51.395,51.4,644583.0
2025-06-24 13:55:00,51.4,51.41,51.275,51.325,1744989.0
2025-06-24 14:00:00,51.33,51.39,51.31,51.365,1351887.0
2025-06-24 14:05:00,51.36,51.39,51.29,51.385,1372578.0
2025-06-24 14:10:00,51.385,51.41,51.355,51.365,472441.0
2025-06-24 14:15:00,51.37,51.39,51.325,51.355,481801.0
2025-06-24 14:20:00,51.355,51.4499,51.355,51.445,389241.0
2025-06-24 14:25:00,51.445,51.4699,51.4,51.42,606611.0
2025-06-24 14:30:00,51.42,51.48,51.405,51.47,422650.0
2025-06-24 14:35:00,51.475,51.49,51.445,51.4695,209271.0
2025-06-24 14:40:00,51.465,51.505,51.45,51.48,168722.0
2025-06-24 14:45:00,51.48,51.4868,51.44,51.455,529632.0
2025-06-24 14:50:00,51.45,51.4751,51.42,51.465,294311.0
2025-06-24 14:55:00,51.47,51.51,51.455,51.485,752842.0
2025-06-24 15:00:00,51.49,51.505,51.435,51.435,480315.0
2025-06-24 15:05:00,51.435,51.47,51.415,51.445,891788.0
2025-06-24 15:10:00,51.445,51.47,51.4346,51.455,473787.0
2025-06-24 15:15:00,51.455,51.51,51.45,51.455,562318.0
2025-06-24 15:20:00,51.455,51.475,51.43,51.465,706345.0
2025-06-24 15:25:00,51.465,51.4799,51.42,51.445,423923.0
2025-06-24 15:30:00,51.45,51.48,51.43,51.4725,287104.0
2025-06-24 15:35:00,51.475,51.495,51.455,51.4657,325111.0
2025-06-24 15:40:00,51.47,51.51,51.4635,51.4764,239840.0
2025-06-24 15:45:00,51.48,51.49,51.46,51.489,255200.0
2025-06-24 15:50:00,51.49,51.4962,51.465,51.49,234005.0
2025-06-24 15:55:00,51.4901,51.51,51.48,51.4967,208680.0
2025-06-24 16:00:00,51.4951,51.52,51.485,51.49,499700.0
2025-06-25 09:30:00,51.58,51.58,51.58,51.58,140.0
2025-06-25 09:35:00,51.58,51.58,51.58,51.58,100.0
2025-06-25 09:40:00,51.57,51.57,51.57,51.57,2800.0
2025-06-25 09:45:00,51.56,51.56,51.56,51.56,4904.0
2025-06-25 09:50:00,51.55,51.56,51.55,51.56,1725.0
2025-06-25 10:05:00,51.55,51.55,51.55,51.55,2095.0
2025-06-25 10:10:00,51.54,51.54,51.54,51.54,762.0
2025-06-25 10:20:00,51.53,51.54,51.53,51.54,1062.0
2025-06-25 10:25:00,51.54,51.55,51.54,51.55,1972.0
2025-06-25 10:30:00,51.55,51.58,51.54,51.58,878.0
2025-06-25 10:55:00,51.58,51.58,51.58,51.58,114.0
2025-06-25 11:00:00,51.56,51.57,51.54,51.54,2856.0
2025-06-25 11:05:00,51.53,51.54,51.51,51.51,1935.0
2025-06-25 11:10:00,51.53,51.54,51.53,51.54,2105.0
2025-06-25 11:15:00,51.52,51.52,51.52,51.52,573.0
2025-06-25 11:20:00,51.55,51.55,51.53,51.53,306.0
2025-06-25 11:25:00,51.54,51.54,51.52,51.53,5804.0
2025-06-25 11:30:00,51.54,51.56,51.54,51.56,1783.0
2025-06-25 11:35:00,51.56,51.56,51.56,51.56,145.0
2025-06-25 11:40:00,51.55,51.55,51.55,51.55,294.0
2025-06-25 11:45:00,51.57,51.57,51.55,51.57,1952.0
2025-06-25 11:50:00,51.56,51.62,51.56,51.61,10922.0
2025-06-25 11:55:00,51.59,51.59,51.59,51.59,174.0
2025-06-25 12:00:00,51.53,51.6,51.49,51.59,2539.0
2025-06-25 12:20:00,51.61,51.61,51.61,51.61,100.0
2025-06-25 12:25:00,51.59,51.59,51.59,51.59,184.0
2025-06-25 12:35:00,51.59,51.6,51.59,51.59,4840.0
2025-06-25 12:40:00,51.61,51.61,51.6,51.6,4419.0
2025-06-25 12:45:00,51.6,51.61,51.58,51.58,13552.0
2025-06-25 12:50:00,51.5962,51.6,51.59,51.59,1231.0
2025-06-25 12:55:00,51.6,51.61,51.6,51.61,1073.0
2025-06-25 13:00:00,51.61,51.61,51.61,51.61,651.0
2025-06-25 13:05:00,51.59,51.6,51.57,51.57,4265.0
2025-06-25 13:10:00,51.58,51.58,51.58,51.58,958.0
2025-06-25 13:15:00,51.58,51.58,51.58,51.58,2731.0
2025-06-25 13:20:00,51.58,51.59,51.5701,51.59,967.0
2025-06-25 13:25:00,51.59,51.61,51.59,51.59,10759.0
2025-06-25 13:30:00,51.59,51.595,51.455,51.55,917460.0
2025-06-25 13:35:00,51.545,51.55,51.41,51.425,461937.0
2025-06-25 13:40:00,51.425,51.46,51.385,51.44,473940.0
2025-06-25 13:45:00,51.44,51.47,51.375,51.38,407113.0
2025-06-25 13:50:00,51.38,51.43,51.35,51.385,720428.0
2025-06-25 13:55:00,51.38,51.48,51.37,51.445,352076.0
2025-06-25 14:00:00,51.445,51.475,51.405,51.435,383335.0
2025-06-25 14:05:00,51.43,51.465,51.38,51.44,265498.0
2025-06-25 14:10:00,51.445,51.45,51.375,51.405,190173.0
2025-06-25 14:15:00,51.4052,51.425,51.365,51.385,330530.0
2025-06-25 14:20:00,51.385,51.4,51.36,51.39,384791.0
2025-06-25 14:25:00,51.395,51.41,51.365,51.38,365631.0
2025-06-25 14:30:00,51.38,51.38,51.32,51.35,362025.0
2025-06-25 14:35:00,51.36,51.38,51.33,51.345,348878.0
2025-06-25 14:40:00,51.34,51.4,51.33,51.4,380642.0
2025-06-25 14:45:00,51.4,51.47,51.4,51.445,727491.0
2025-06-25 14:50:00,51.4451,51.45,51.42,51.425,246159.0
2025-06-25 14:55:00,51.425,51.45,51.41,51.43,154763.0
2025-06-25 15:00:00,51.4301,51.45,51.415,51.42,381206.0
2025-06-25 15:05:00,51.425,51.44,51.38,51.4,269099.0
2025-06-25 15:10:00,51.405,51.42,51.38,51.41,260869.0
2025-06-25 15:15:00,51.415,51.415,51.33,51.3468,365536.0
2025-06-25 15:20:00,51.345,51.3659,51.34,51.35,441888.0
2025-06-25 15:25:00,51.35,51.385,51.33,51.37,434066.0
2025-06-25 15:30:00,51.375,51.39,51.33,51.36,768804.0
2025-06-25 15:35:00,51.365,51.37,51.34,51.355,462472.0
2025-06-25 15:40:00,51.3503,51.38,51.3503,51.3601,252023.0
2025-06-25 15:45:00,51.355,51.36,51.295,51.305,452895.0
2025-06-25 15:50:00,51.3099,51.35,51.305,51.345,255090.0
2025-06-25 15:55:00,51.35,51.37,51.33,51.365,218636.0
2025-06-25 16:00:00,51.365,51.405,51.35,51.3951,474292.0
2025-06-26 09:30:00,51.45,51.46,51.45,51.46,5100.0
2025-06-26 09:35:00,51.46,51.46,51.46,51.46,2740.0
2025-06-26 09:40:00,51.46,51.46,51.46,51.46,641.0
2025-06-26 09:45:00,51.46,51.46,51.46,51.46,400.0
2025-06-26 09:50:00,51.46,51.46,51.46,51.46,342.0
2025-06-26 09:55:00,51.45,51.45,51.45,51.45,140.0
2025-06-26 10:00:00,51.46,51.46,51.45,51.45,2640.0
2025-06-26 10:10:00,51.46,51.48,51.46,51.48,5333.0
2025-06-26 10:15:00,51.48,51.48,51.48,51.48,210.0
2025-06-26 10:20:00,51.48,51.5,51.48,51.5,28186.0
2025-06-26 10:40:00,51.51,51.51,51.51,51.51,145.0
2025-06-26 10:45:00,51.5,51.5,51.5,51.5,1295.0
2025-06-26 10:50:00,51.51,51.51,51.5,51.5,809.0
2025-06-26 10:55:00,51.49,51.49,51.49,51.49,1932.0
2025-06-26 11:00:00,51.49,51.49,51.49,51.49,100.0
2025-06-26 11:05:00,51.49,51.5,51.49,51.5,1389.0
2025-06-26 11:10:00,51.51,51.51,51.51,51.51,200.0
2025-06-26 11:15:00,51.5,51.5,51.49,51.49,1360.0
2025-06-26 11:25:00,51.5,51.5,51.5,51.5,140.0
2025-06-26 11:30:00,51.5,51.5,51.5,51.5,4140.0
2025-06-26 11:35:00,51.5,51.5,51.5,51.5,214.0
2025-06-26 11:40:00,51.49,51.49,51.49,51.49,882.0
2025-06-26 11:50:00,51.48,51.5,51.48,51.5,1570.0
2025-06-26 12:00:00,51.5,51.53,51.46,51.49,8455.0
2025-06-26 12:05:00,51.5,51.5,51.5,51.5,928.0
2025-06-26 12:10:00,51.5,51.5,51.5,51.5,142.0
2025-06-26 12:15:00,51.49,51.49,51.49,51.49,420.0
2025-06-26 12:25:00,51.5,51.5,51.5,51.5,401.0
2025-06-26 12:30:00,51.48,51.51,51.45,51.45,7590.0
2025-06-26 12:35:00,51.45,51.48,51.45,51.48,420.0
2025-06-26 12:40:00,51.48,51.48,51.46,51.48,910.0
2025-06-26 12:45:00,51.48,51.4803,51.47,51.4803,2902.0
2025-06-26 12:50:00,51.48,51.4899,51.48,51.48,634.0
2025-06-26 12:55:00,51.49,51.5,51.49,51.5,3877.0
2025-06-26 13:00:00,51.48,51.5,51.48,51.48,2526.0
2025-06-26 13:05:00,51.48,51.48,51.48,51.48,1633.0
2025-06-26 13:10:00,51.48,51.48,51.48,51.48,1700.0
2025-06-26 13:15:00,51.4801,51.49,51.48,51.48,3555.0
2025-06-26 13:20:00,51.48,51.49,51.48,51.49,5071.0
2025-06-26 13:25:00,51.49,51.49,51.47,51.47,1051.0
2025-06-26 13:30:00,51.44,51.59,51.41,51.57,892614.0
2025-06-26 13:35:00,51.565,51.68,51.53,51.66,694073.0
2025-06-26 13:40:00,51.66,51.72,51.66,51.6867,444607.0
2025-06-26 13:45:00,51.685,51.69,51.61,51.625,1627850.0
2025-06-26 13:50:00,51.63,51.65,51.55,51.555,502827.0
2025-06-26 13:55:00,51.56,51.58,51.52,51.54,516023.0
2025-06-26 14:00:00,51.54,51.59,51.51,51.535,410477.0
2025-06-26 14:05:00,51.53,51.58,51.52,51.52,450164.0
2025-06-26 14:10:00,51.52,51.525,51.46,51.505,384183.0
2025-06-26 14:15:00,51.51,51.58,51.5,51.58,297711.0
2025-06-26 14:20:00,51.58,51.6099,51.555,51.575,495618.0
2025-06-26 14:25:00,51.575,51.6179,51.56,51.59,327086.0
2025-06-26 14:30:00,51.6,51.71,51.6,51.71,332897.0
2025-06-26 14:35:00,51.71,51.725,51.68,51.705,288664.0
2025-06-26 14:40:00,51.705,51.74,51.67,51.68,372675.0
2025-06-26 14:45:00,51.68,51.74,51.675,51.735,394562.0
2025-06-26 14:50:00,51.73,51.75,51.6999,51.745,536947.0
2025-06-26 14:55:00,51.745,51.76,51.73,51.745,518364.0
2025-06-26 15:00:00,51.745,51.776,51.725,51.765,757098.0
2025-06-26 15:05:00,51.76,51.765,51.7,51.705,423727.0
2025-06-26 15:10:00,51.71,51.71,51.65,51.6763,371133.0
2025-06-26 15:15:00,51.675,51.72,51.665,51.715,479393.0
2025-06-26 15:20:00,51.72,51.725,51.695,51.715,442344.0
2025-06-26 15:25:00,51.715,51.72,51.69,51.695,643209.0
2025-06-26 15:30:00,51.695,51.7061,51.675,51.7001,953367.0
2025-06-26 15:35:00,51.705,51.7261,51.69,51.71,516294.0
2025-06-26 15:40:00,51.715,51.73,51.695,51.7,186426.0
2025-06-26 15:45:00,51.7,51.72,51.685,51.69,934349.0
2025-06-26 15:50:00,51.695,51.695,51.67,51.68,246278.0
2025-06-26 15:55:00,51.675,51.68,51.65,51.675,183921.0
2025-06-26 16:00:00,51.67,51.7151,51.67,51.705,185223.0
2025-06-27 10:10:00,51.87,51.87,51.87,51.87,389.0
2025-06-27 10:15:00,51.88,51.88,51.88,51.88,482.0
2025-06-27 10:45:00,51.86,51.88,51.86,51.88,2100.0
2025-06-27 10:55:00,51.9,51.9,51.89,51.89,6998.0
2025-06-27 11:00:00,51.89,51.89,51.89,51.89,2550.0
2025-06-27 11:10:00,51.9,51.9,51.88,51.88,2149.0
2025-06-27 11:15:00,51.88,51.89,51.88,51.88,840.0
2025-06-27 11:20:00,51.89,51.9,51.88,51.9,2365.0
2025-06-27 11:25:00,51.89,51.89,51.86,51.86,30813.0
2025-06-27 11:35:00,51.88,51.88,51.88,51.88,192.0
2025-06-27 11:40:00,51.88,51.89,51.88,51.89,7950.0
2025-06-27 11:50:00,51.88,51.88,51.88,51.88,892.0
2025-06-27 11:55:00,51.88,51.88,51.87,51.88,1103.0
2025-06-27 12:00:00,51.88,52.04,51.88,51.89,18785.0
2025-06-27 12:05:00,51.88,51.88,51.88,51.88,2186.0
2025-06-27 12:10:00,51.87,51.87,51.87,51.87,138.0
2025-06-27 12:15:00,51.87,51.87,51.87,51.87,1001.0
2025-06-27 12:20:00,51.87,51.87,51.87,51.87,4094.0
2025-06-27 12:25:00,51.87,51.87,51.87,51.87,810.0
2025-06-27 12:30:00,51.86,51.86,51.85,51.86,2351.0
2025-06-27 12:35:00,51.86,51.86,51.85,51.85,951.0
2025-06-27 12:40:00,51.85,51.85,51.84,51.84,15773.0
2025-06-27 12:45:00,51.85,51.86,51.845,51.86,40113.0
2025-06-27 12:50:00,51.86,51.86,51.84,51.84,6568.0
2025-06-27 12:55:00,51.85,51.85,51.85,51.85,4201.0
2025-06-27 13:00:00,51.85,51.8599,51.84,51.85,43271.0
2025-06-27 13:05:00,51.85,51.8602,51.85,51.8602,46781.0
2025-06-27 13:10:00,51.8601,51.8602,51.85,51.8597,6480.0
2025-06-27 13:15:00,51.86,51.86,51.84,51.84,5846.0
2025-06-27 13:20:00,51.8498,51.85,51.83,51.83,3150.0
2025-06-27 13:25:00,51.82,51.83,51.75,51.77,26374.0
2025-06-27 13:30:00,51.75,51.875,51.72,51.735,933067.0
2025-06-27 13:35:00,51.735,51.78,51.7,51.745,441601.0
2025-06-27 13:40:00,51.75,51.86,51.745,51.85,266925.0
2025-06-27 13:45:00,51.85,51.88,51.805,51.855,400711.0
2025-06-27 13:50:00,51.855,51.895,51.835,51.895,291530.0
2025-06-27 13:55:00,51.895,51.905,51.86,51.87,522638.0
2025-06-27 14:00:00,51.875,51.95,51.875,51.905,267105.0
2025-06-27 14:05:00,51.905,51.93,51.88,51.9,748874.0
2025-06-27 14:10:00,51.905,51.94,51.89,51.895,592191.0
2025-06-27 14:15:00,51.895,51.935,51.85,51.92,285136.0
2025-06-27 14:20:00,51.93,51.935,51.8935,51.92,194093.0
2025-06-27 14:25:00,51.915,51.98,51.905,51.955,245204.0
2025-06-27 14:30:00,51.96,51.975,51.93,51.945,447511.0
2025-06-27 14:35:00,51.945,51.995,51.94,51.97,549835.0
2025-06-27 14:40:00,51.9756,52.01,51.94,52.005,404158.0
2025-06-27 14:45:00,52.01,52.06,52.005,52.045,339242.0
2025-06-27 14:50:00,52.045,52.0569,52.025,52.035,336182.0
2025-06-27 14:55:00,52.04,52.045,52.0001,52.02,231393.0
2025-06-27 15:00:00,52.01,52.0881,52.0041,52.06,325125.0
2025-06-27 15:05:00,52.055,52.08,52.045,52.0599,194249.0
2025-06-27 15:10:00,52.055,52.1,52.055,52.085,176915.0
2025-06-27 15:15:00,52.085,52.09,52.045,52.045,350210.0
2025-06-27 15:20:00,52.045,52.05,52.01,52.025,163908.0
2025-06-27 15:25:00,52.03,52.06,52.025,52.04,152938.0
2025-06-27 15:30:00,52.04,52.07,52.03,52.06,526573.0
2025-06-27 15:35:00,52.07,52.11,52.06,52.1,555519.0
2025-06-27 15:40:00,52.095,52.115,52.08,52.0899,239562.0
2025-06-27 15:45:00,52.085,52.09,52.05,52.075,220108.0
2025-06-27 15:50:00,52.08,52.0858,52.065,52.08,130267.0
2025-06-27 15:55:00,52.08,52.1,52.06,52.0755,195006.0
2025-06-27 16:00:00,52.075,52.0958,52.0601,52.095,191979.0
2025-06-30 09:30:00,52.15,52.16,52.14,52.16,2224.0
2025-06-30 09:35:00,52.15,52.15,52.14,52.14,613.0
2025-06-30 09:45:00,52.15,52.15,52.15,52.15,341.0
2025-06-30 09:50:00,52.14,52.14,52.13,52.14,2334.0
2025-06-30 09:55:00,52.14,52.15,52.14,52.15,1447.0
2025-06-30 10:00:00,52.15,52.15,52.15,52.15,210.0
2025-06-30 10:05:00,52.15,52.15,52.15,52.15,111.0
2025-06-30 10:10:00,52.16,52.16,52.16,52.16,234.0
2025-06-30 10:35:00,52.17,52.18,52.17,52.17,2080.0
2025-06-30 10:50:00,52.17,52.17,52.17,52.17,540.0
2025-06-30 10:55:00,52.18,52.18,52.18,52.18,216.0
2025-06-30 11:00:00,52.18,52.21,52.17,52.19,6302.0
2025-06-30 11:05:00,52.19,52.22,52.19,52.22,2618.0
2025-06-30 11:10:00,52.22,52.22,52.21,52.22,24575.0
2025-06-30 11:15:00,52.23,52.27,52.21,52.21,50227.0
2025-06-30 11:20:00,52.22,52.22,52.22,52.22,1331.0
2025-06-30 11:25:00,52.23,52.23,52.23,52.23,1001.0
2025-06-30 11:30:00,52.23,52.23,52.22,52.23,5096.0
2025-06-30 11:35:00,52.23,52.33,52.23,52.285,66565.0
2025-06-30 11:40:00,52.28,52.3,52.28,52.28,16849.0
2025-06-30 11:45:00,52.28,52.28,52.28,52.28,500.0
2025-06-30 11:50:00,52.285,52.3,52.285,52.29,26155.0
2025-06-30 11:55:00,52.28,52.28,52.28,52.28,2440.0
2025-06-30 12:00:00,52.23,52.2999,52.1388,52.26,19977.0
2025-06-30 12:05:00,52.26,52.2699,52.25,52.2524,2717.0
2025-06-30 12:10:00,52.2697,52.2697,52.2697,52.2697,300.0
2025-06-30 12:15:00,52.26,52.26,52.25,52.25,927.0
2025-06-30 12:20:00,52.27,52.27,52.22,52.22,3348.0
2025-06-30 12:25:00,52.22,52.23,52.21,52.22,2667.0
2025-06-30 12:30:00,52.21,52.21,52.2,52.2,2554.0
2025-06-30 12:35:00,52.19,52.19,52.18,52.18,5033.0
2025-06-30 12:40:00,52.17,52.18,52.17,52.18,951.0
2025-06-30 12:45:00,52.17,52.17,52.17,52.17,414.0
2025-06-30 12:50:00,52.17,52.18,52.15,52.18,18391.0
2025-06-30 12:55:00,52.18,52.18,52.18,52.18,626.0
2025-06-30 13:00:00,52.18,52.2,52.18,52.2,2030.0
2025-06-30 13:05:00,52.1993,52.2,52.18,52.2,1410.0
2025-06-30 13:10:00,52.2,52.2,52.19,52.19,9021.0
2025-06-30 13:15:00,52.19,52.2,52.19,52.2,2280.0
2025-06-30 13:20:00,52.21,52.21,52.2,52.2,9231.0
2025-06-30 13:25:00,52.2,52.2,52.18,52.18,8249.0
2025-06-30 13:30:00,52.18,52.285,52.145,52.285,1514967.0
2025-06-30 13:35:00,52.285,52.3,52.155,52.245,1329318.0
2025-06-30 13:40:00,52.25,52.25,52.175,52.24,430063.0
2025-06-30 13:45:00,52.2367,52.38,52.23,52.33,643893.0
2025-06-30 13:50:00,52.335,52.385,52.32,52.375,731054.0
2025-06-30 13:55:00,52.37,52.39,52.32,52.325,584472.0
2025-06-30 14:00:00,52.33,52.36,52.26,52.26,812861.0
2025-06-30 14:05:00,52.26,52.27,52.19,52.22,537530.0
2025-06-30 14:10:00,52.215,52.25,52.205,52.22,307860.0
2025-06-30 14:15:00,52.23,52.28,52.225,52.265,549552.0
2025-06-30 14:20:00,52.27,52.29,52.2235,52.285,346991.0
2025-06-30 14:25:00,52.29,52.3,52.26,52.295,561159.0
2025-06-30 14:30:00,52.295,52.305,52.26,52.275,332962.0
2025-06-30 14:35:00,52.28,52.2867,52.2035,52.2059,286913.0
2025-06-30 14:40:00,52.205,52.24,52.18,52.21,312254.0
2025-06-30 14:45:00,52.2136,52.235,52.2,52.21,382542.0
2025-06-30 14:50:00,52.215,52.2299,52.185,52.205,732873.0
2025-06-30 14:55:00,52.205,52.22,52.18,52.185,215582.0
2025-06-30 15:00:00,52.185,52.2,52.1433,52.19,407083.0
2025-06-30 15:05:00,52.19,52.21,52.17,52.195,401198.0
2025-06-30 15:10:00,52.195,52.1952,52.135,52.15,355296.0
2025-06-30 15:15:00,52.15,52.19,52.145,52.185,190289.0
2025-06-30 15:20:00,52.185,52.1967,52.17,52.185,217162.0
2025-06-30 15:25:00,52.185,52.24,52.17,52.235,380861.0
2025-06-30 15:30:00,52.24,52.33,52.235,52.315,488057.0
2025-06-30 15:35:00,52.315,52.34,52.3,52.305,359165.0
2025-06-30 15:40:00,52.3,52.32,52.28,52.31,850150.0
2025-06-30 15:45:00,52.3146,52.35,52.29,52.335,295153.0
2025-06-30 15:50:00,52.3346,52.34,52.295,52.305,205551.0
2025-06-30 15:55:00,52.3045,52.3156,52.28,52.295,171361.0
2025-06-30 16:00:00,52.295,52.315,52.27,52.29,758752.0
2025-07-01 09:30:00,52.31,52.31,52.31,52.31,105.0
2025-07-01 09:45:00,52.3,52.3,52.28,52.28,2816.0
2025-07-01 09:50:00,52.28,52.28,52.28,52.28,200.0
2025-07-01 10:00:00,52.31,52.31,52.31,52.31,267.0
2025-07-01 10:20:00,52.31,52.31,52.31,52.31,199.0
2025-07-01 10:25:00,52.3,52.3,52.3,52.3,150.0
2025-07-01 10:30:00,52.3,52.3,52.3,52.3,866.0
2025-07-01 10:45:00,52.28,52.28,52.28,52.28,131.0
2025-07-01 11:20:00,52.27,52.28,52.26,52.28,4087.0
2025-07-01 11:25:00,52.27,52.27,52.26,52.27,865.0
2025-07-01 11:30:00,52.27,52.27,52.27,52.27,3297.0
2025-07-01 11:40:00,52.28,52.28,52.28,52.28,325.0
2025-07-01 11:50:00,52.28,52.28,52.28,52.28,352.0
2025-07-01 11:55:00,52.26,52.28,52.26,52.28,1590.0
2025-07-01 12:00:00,52.26,52.33,52.25,52.2798,6741.0
2025-07-01 12:05:00,52.26,52.26,52.26,52.26,1198.0
2025-07-01 12:10:00,52.26,52.27,52.26,52.26,5180.0
2025-07-01 12:15:00,52.26,52.26,52.24,52.24,6403.0
2025-07-01 12:20:00,52.22,52.23,52.22,52.23,1397.0
2025-07-01 12:25:00,52.2,52.2,52.2,52.2,261.0
2025-07-01 12:30:00,52.23,52.23,52.2002,52.23,1743.0
2025-07-01 12:35:00,52.23,52.25,52.23,52.24,8506.0
2025-07-01 12:40:00,52.22,52.24,52.22,52.24,2502.0
2025-07-01 12:45:00,52.23,52.24,52.23,52.24,2365.0
2025-07-01 12:50:00,52.23,52.23,52.23,52.23,2100.0
2025-07-01 12:55:00,52.24,52.24,52.23,52.23,2389.0
2025-07-01 13:00:00,52.24,52.24,52.24,52.24,1017.0
2025-07-01 13:05:00,52.24,52.26,52.24,52.26,5817.0
2025-07-01 13:10:00,52.26,52.26,52.26,52.26,1024.0
2025-07-01 13:15:00,52.25,52.25,52.24,52.24,5876.0
2025-07-01 13:20:00,52.23,52.24,52.22,52.24,7579.0
2025-07-01 13:25:00,52.24,52.25,52.23,52.24,2736.0
2025-07-01 13:30:00,52.24,52.35,52.21,52.32,902448.0
2025-07-01 13:35:00,52.31,52.38,52.265,52.275,587115.0
2025-07-01 13:40:00,52.28,52.31,52.255,52.28,427681.0
2025-07-01 13:45:00,52.28,52.37,52.28,52.36,313480.0
2025-07-01 13:50:00,52.355,52.3969,52.35,52.385,608018.0
2025-07-01 13:55:00,52.38,52.38,52.32,52.335,459891.0
2025-07-01 14:00:00,52.32,52.4,52.3,52.335,431202.0
2025-07-01 14:05:00,52.34,52.37,52.27,52.305,463873.0
2025-07-01 14:10:00,52.3054,52.34,52.27,52.3199,354761.0
2025-07-01 14:15:00,52.31,52.35,52.2914,52.345,238526.0
2025-07-01 14:20:00,52.345,52.35,52.31,52.315,373541.0
2025-07-01 14:25:00,52.32,52.38,52.31,52.345,329414.0
2025-07-01 14:30:00,52.345,52.44,52.345,52.435,560848.0
2025-07-01 14:35:00,52.435,52.445,52.36,52.385,479593.0
2025-07-01 14:40:00,52.385,52.415,52.3546,52.355,428106.0
2025-07-01 14:45:00,52.355,52.355,52.28,52.31,612517.0
2025-07-01 14:50:00,52.305,52.36,52.295,52.3541,604964.0
2025-07-01 14:55:00,52.36,52.41,52.36,52.385,450978.0
2025-07-01 15:00:00,52.38,52.45,52.38,52.42,374503.0
2025-07-01 15:05:00,52.415909,52.43,52.38,52.3954,339942.0
2025-07-01 15:10:00,52.395,52.405,52.345,52.39,561083.0
2025-07-01 15:15:00,52.39,52.3965,52.355,52.3748,255225.0
2025-07-01 15:20:00,52.38,52.42,52.37,52.405,389110.0
2025-07-01 15:25:00,52.41,52.46,52.395,52.455,770821.0
2025-07-01 15:30:00,52.455,52.48,52.4138,52.445,466954.0
2025-07-01 15:35:00,52.44,52.46,52.42,52.42,381695.0
2025-07-01 15:40:00,52.42,52.425,52.33,52.345,409329.0
2025-07-01 15:45:00,52.345,52.38,52.323,52.355,304523.0
2025-07-01 15:50:00,52.36,52.405,52.34,52.385,222012.0
2025-07-01 15:55:00,52.39,52.45,52.38,52.445,275607.0
2025-07-01 16:00:00,52.445,52.5356,52.4448,52.53,620807.0
2025-07-02 10:00:00,52.85,52.85,52.85,52.85,270.0
2025-07-02 10:15:00,52.86,52.86,52.86,52.86,2064.0
2025-07-02 10:25:00,52.88,52.89,52.87,52.89,10853.0
2025-07-02 10:30:00,52.9,52.9,52.9,52.9,408.0
2025-07-02 10:45:00,52.87,52.87,52.87,52.87,335.0
2025-07-02 11:00:00,52.89,52.89,52.87,52.87,1751.0
2025-07-02 11:05:00,52.91,52.93,52.9,52.93,10751.0
2025-07-02 11:10:00,52.92,52.93,52.91,52.91,2445.0
2025-07-02 11:15:00,52.91,52.91,52.91,52.91,190.0
2025-07-02 11:30:00,52.92,52.92,52.91,52.91,533.0
2025-07-02 11:40:00,52.9,52.9,52.9,52.9,400.0
2025-07-02 11:45:00,52.9,52.9,52.9,52.9,1168.0
2025-07-02 11:50:00,52.88,52.88,52.84,52.84,10755.0
2025-07-02 11:55:00,52.84,52.86,52.84,52.86,2407.0
2025-07-02 12:00:00,52.83,52.94,52.83,52.8699,26582.0
2025-07-02 12:10:00,52.86,52.8601,52.86,52.8601,449.0
2025-07-02 12:15:00,52.86,52.86,52.78,52.8,4579.0
2025-07-02 12:20:00,52.81,52.82,52.79,52.79,6399.0
2025-07-02 12:25:00,52.78,52.8,52.78,52.8,1692.0
2025-07-02 12:30:00,52.8,52.8,52.76,52.76,1038.0
2025-07-02 12:35:00,52.79,52.8,52.78,52.78,7199.0
2025-07-02 12:40:00,52.77,52.77,52.7302,52.76,4815.0
2025-07-02 12:45:00,52.77,52.78,52.77,52.78,24458.0
2025-07-02 12:50:00,52.77,52.77,52.7699,52.77,3008.0
2025-07-02 12:55:00,52.77,52.77,52.77,52.77,2002.0
2025-07-02 13:00:00,52.77,52.7803,52.77,52.7803,7111.0
2025-07-02 13:05:00,52.7999,52.8095,52.79,52.8095,1937.0
2025-07-02 13:10:00,52.78,52.79,52.77,52.77,5362.0
2025-07-02 13:15:00,52.75,52.78,52.75,52.77,3716.0
2025-07-02 13:20:00,52.76,52.76,52.75,52.75,5493.0
2025-07-02 13:25:00,52.77,52.81,52.7,52.7,22139.0
2025-07-02 13:30:00,52.75,52.76,52.545,52.55,1305762.0
2025-07-02 13:35:00,52.555,52.58,52.34,52.415,1850768.0
2025-07-02 13:40:00,52.415,52.4584,52.38,52.45,938960.0
2025-07-02 13:45:00,52.44,52.5,52.425,52.49,698005.0
2025-07-02 13:50:00,52.49,52.5,52.405,52.44,730083.0
2025-07-02 13:55:00,52.435,52.46,52.395,52.44,1012818.0
2025-07-02 14:00:00,52.435,52.468,52.36,52.3665,616615.0
2025-07-02 14:05:00,52.3669,52.425,52.355,52.39,396248.0
2025-07-02 14:10:00,52.395,52.41,52.365,52.385,305432.0
2025-07-02 14:15:00,52.3878,52.465,52.37,52.445,220369.0
2025-07-02 14:20:00,52.44,52.485,52.4233,52.455,251577.0
2025-07-02 14:25:00,52.4577,52.48,52.4325,52.465,877461.0
2025-07-02 14:30:00,52.47,52.49,52.43,52.435,403908.0
2025-07-02 14:35:00,52.44,52.51,52.43,52.505,365613.0
2025-07-02 14:40:00,52.505,52.53,52.47,52.49,756934.0
2025-07-02 14:45:00,52.48,52.495,52.43,52.485,457632.0
2025-07-02 14:50:00,52.4851,52.5069,52.455,52.455,303221.0
2025-07-02 14:55:00,52.45,52.505,52.45,52.485,206069.0
2025-07-02 15:00:00,52.485,52.505,52.395,52.445,674983.0
2025-07-02 15:05:00,52.445,52.455,52.355,52.39,850582.0
2025-07-02 15:10:00,52.39,52.4099,52.345,52.345,292888.0
2025-07-02 15:15:00,52.35,52.3899,52.345,52.365,278420.0
2025-07-02 15:20:00,52.365,52.45,52.36,52.435,246827.0
2025-07-02 15:25:00,52.43,52.46,52.4,52.4129,354260.0
2025-07-02 15:30:00,52.42,52.455,52.41,52.4254,208054.0
2025-07-02 15:35:00,52.42,52.54,52.42,52.52,944150.0
2025-07-02 15:40:00,52.525,52.54,52.51,52.53,355099.0
2025-07-02 15:45:00,52.525,52.55,52.51,52.525,333374.0
2025-07-02 15:50:00,52.525,52.54,52.515,52.53,288106.0
2025-07-02 15:55:00,52.53,52.5381,52.51,52.515,343553.0
2025-07-02 16:00:00,52.515,52.519,52.445,52.445,372163.0
2025-07-03 09:35:00,52.69,52.7,52.69,52.7,1022.0
2025-07-03 10:00:00,52.7,52.7,52.7,52.7,2083.0
2025-07-03 10:05:00,52.69,52.69,52.69,52.69,1028.0
2025-07-03 10:15:00,52.69,52.69,52.68,52.68,1119.0
2025-07-03 10:40:00,52.68,52.68,52.68,52.68,783.0
2025-07-03 10:50:00,52.68,52.7,52.68,52.7,4846.0
2025-07-03 11:00:00,52.7,52.7,52.69,52.7,3717.0
2025-07-03 11:05:00,52.71,52.71,52.69,52.69,2873.0
2025-07-03 11:10:00,52.73,52.73,52.71,52.71,852.0
2025-07-03 11:30:00,52.72,52.72,52.72,52.72,478.0
2025-07-03 11:35:00,52.73,52.73,52.73,52.73,1672.0
2025-07-03 11:40:00,52.73,52.75,52.71,52.73,16252.0
2025-07-03 11:45:00,52.72,52.72,52.7,52.71,2121.0
2025-07-03 11:50:00,52.7,52.71,52.7,52.71,2115.0
2025-07-03 11:55:00,52.73,52.75,52.73,52.75,983.0
2025-07-03 12:00:00,52.74,52.74,52.61,52.73,14317.0
2025-07-03 12:05:00,52.75,52.7596,52.75,52.7596,1676.0
2025-07-03 12:10:00,52.76,52.76,52.7202,52.7202,887.0
2025-07-03 12:15:00,52.73,52.73,52.73,52.73,1634.0
2025-07-03 12:20:00,52.72,52.72,52.68,52.7,40076.0
2025-07-03 12:25:00,52.69,52.73,52.69,52.72,10076.0
2025-07-03 12:30:00,52.8,52.84,52.75,52.8398,31581.0
2025-07-03 12:35:00,52.83,52.83,52.79,52.79,10735.0
2025-07-03 12:40:00,52.79,52.82,52.71,52.81,39920.0
2025-07-03 12:45:00,52.8,52.8,52.76,52.76,34407.0
2025-07-03 12:50:00,52.75,52.78,52.75,52.76,31689.0
2025-07-03 12:55:00,52.77,52.77,52.75,52.75,6025.0
2025-07-03 13:00:00,52.74,52.75,52.74,52.75,8880.0
2025-07-03 13:05:00,52.75,52.79,52.75,52.78,11396.0
2025-07-03 13:10:00,52.78,52.78,52.7499,52.7499,3363.0
2025-07-03 13:15:00,52.74,52.76,52.73,52.74,31403.0
2025-07-03 13:20:00,52.74,52.75,52.74,52.75,724.0
2025-07-03 13:25:00,52.74,52.79,52.74,52.75,16532.0
2025-07-03 13:30:00,52.75,52.87,52.695,52.86,1364397.0
2025-07-03 13:35:00,52.86,52.98,52.83,52.95,829791.0
2025-07-03 13:40:00,52.945,53.04,52.93,53.015,657437.0
2025-07-03 13:45:00,53.015,53.095,52.99,53.09,506648.0
2025-07-03 13:50:00,53.085,53.1369,53.07,53.125,1152978.0
2025-07-03 13:55:00,53.125,53.14,53.035,53.04,573867.0
2025-07-03 14:00:00,53.035,53.11,53.035,53.0852,559729.0
2025-07-03 14:05:00,53.09,53.13,53.075,53.08,619231.0
2025-07-03 14:10:00,53.075,53.11,53.065,53.09,546805.0
2025-07-03 14:15:00,53.09,53.1475,53.08,53.13,430239.0
2025-07-03 14:20:00,53.125,53.145,53.11,53.14,438108.0
2025-07-03 14:25:00,53.14,53.14,53.095,53.125,509795.0
2025-07-03 14:30:00,53.125,53.15,53.11,53.145,486101.0
2025-07-03 14:35:00,53.145,53.19,53.12,53.175,482697.0
2025-07-03 14:40:00,53.175,53.2075,53.1701,53.2,402568.0
2025-07-03 14:45:00,53.205,53.2275,53.185,53.19,445112.0
2025-07-03 14:50:00,53.185,53.22,53.175,53.205,431375.0
2025-07-03 14:55:00,53.205,53.22,53.18,53.19,291028.0
2025-07-03 15:00:00,53.185,53.23,53.175,53.225,561269.0
2025-07-03 15:05:00,53.22,53.255,53.19,53.2,309216.0
2025-07-03 15:10:00,53.21,53.215,53.16,53.17,421327.0
2025-07-03 15:15:00,53.17,53.1859,53.13,53.1458,349790.0
2025-07-03 15:20:00,53.14,53.15,53.08,53.08,141307.0
2025-07-03 15:25:00,53.085,53.13,53.08,53.13,197604.0
2025-07-03 15:30:00,53.125,53.165,53.12,53.155,143077.0
2025-07-03 15:35:00,53.155,53.165,53.11,53.115,463091.0
2025-07-03 15:40:00,53.12,53.1356,53.09,53.125,252154.0
2025-07-03 15:45:00,53.12,53.15,53.115,53.12,209175.0
2025-07-03 15:50:00,53.125,53.15,53.125,53.135,192474.0
2025-07-03 15:55:00,53.135,53.16,53.125,53.145,209391.0
2025-07-03 16:00:00,53.145,53.15,53.1233,53.1233,256409.0
2025-07-07 09:30:00,53.04,53.04,53.04,53.04,659.0
2025-07-07 09:35:00,53.04,53.07,53.04,53.07,9196.0
2025-07-07 09:50:00,53.09,53.1,53.09,53.1,2614.0
2025-07-07 09:55:00,53.11,53.13,53.11,53.13,4101.0
2025-07-07 10:00:00,53.12,53.12,53.12,53.12,324.0
2025-07-07 10:05:00,53.08,53.1,53.08,53.1,924.0
2025-07-07 10:10:00,53.1,53.1,53.1,53.1,1528.0
2025-07-07 10:15:00,53.12,53.12,53.07,53.11,4348.0
2025-07-07 10:20:00,53.11,53.11,53.11,53.11,1847.0
2025-07-07 10:25:00,53.11,53.13,53.11,53.13,6662.0
2025-07-07 10:30:00,53.13,53.13,53.13,53.13,1827.0
2025-07-07 10:35:00,53.13,53.13,53.12,53.12,6548.0
2025-07-07 10:40:00,53.12,53.13,53.12,53.13,8573.0
2025-07-07 10:45:00,53.12,53.12,53.11,53.11,3398.0
2025-07-07 10:50:00,53.11,53.11,53.11,53.11,1100.0
2025-07-07 11:00:00,53.11,53.13,53.1,53.11,8835.0
2025-07-07 11:10:00,53.12,53.12,53.11,53.11,3390.0
2025-07-07 11:15:00,53.12,53.12,53.12,53.12,1054.0
2025-07-07 11:20:00,53.1,53.17,53.1,53.16,45348.0
2025-07-07 11:25:00,53.16,53.19,53.16,53.19,5010.0
2025-07-07 11:30:00,53.185,53.19,53.17,53.17,3561.0
2025-07-07 11:35:00,53.16,53.17,53.16,53.17,2611.0
2025-07-07 11:40:00,53.16,53.17,53.15,53.17,2118.0
2025-07-07 11:45:00,53.16,53.19,53.16,53.19,3248.0
2025-07-07 11:50:00,53.18,53.19,53.18,53.19,1914.0
2025-07-07 11:55:00,53.19,53.19,53.19,53.19,2510.0
2025-07-07 12:00:00,53.14,53.2,53.01,53.18,12947.0
2025-07-07 12:05:00,53.19,53.21,53.19,53.21,374.0
2025-07-07 12:10:00,53.2,53.21,53.19,53.21,15094.0
2025-07-07 12:15:00,53.2099,53.2099,53.2099,53.2099,217.0
2025-07-07 12:20:00,53.21,53.21,53.19,53.19,7244.0
2025-07-07 12:25:00,53.17,53.17,53.16,53.16,5474.0
2025-07-07 12:30:00,53.17,53.17,53.14,53.16,16558.0
2025-07-07 12:35:00,53.18,53.18,53.15,53.16,33906.0
2025-07-07 12:40:00,53.15,53.15,53.1499,53.15,4542.0
2025-07-07 12:45:00,53.15,53.16,53.15,53.16,7115.0
2025-07-07 12:50:00,53.15,53.15,53.14,53.14,6146.0
2025-07-07 12:55:00,53.1301,53.1301,53.12,53.12,6670.0
2025-07-07 13:00:00,53.12,53.12,53.1,53.1,4729.0
2025-07-07 13:05:00,53.1,53.1,53.09,53.1,1850.0
2025-07-07 13:10:00,53.1,53.1,53.09,53.09,1841.0
2025-07-07 13:15:00,53.1,53.1,53.09,53.09,8555.0
2025-07-07 13:20:00,53.09,53.1,53.09,53.09,2588.0
2025-07-07 13:25:00,53.1,53.14,53.09,53.14,16358.0
2025-07-07 13:30:00,53.13,53.25,53.03,53.2,1252494.0
2025-07-07 13:35:00,53.21,53.23,53.15,53.22,810291.0
2025-07-07 13:40:00,53.22,53.225,53.14,53.155,451309.0
2025-07-07 13:45:00,53.155,53.2,53.1315,53.19,483086.0
2025-07-07 13:50:00,53.195,53.225,53.15,53.22,461397.0
2025-07-07 13:55:00,53.22,53.23,53.17,53.2065,372019.0
2025-07-07 14:00:00,53.2,53.205,53.055,53.055,428181.0
2025-07-07 14:05:00,53.06,53.09,52.99,53.045,487506.0
2025-07-07 14:10:00,53.045,53.06,52.99,53.01,582534.0
2025-07-07 14:15:00,53.005,53.005,52.92,52.925,347554.0
2025-07-07 14:20:00,52.93,52.96,52.92,52.95,423021.0
2025-07-07 14:25:00,52.955,52.975,52.94,52.965,439379.0
2025-07-07 14:30:00,52.965,52.985,52.925,52.955,311521.0
2025-07-07 14:35:00,52.955,52.9752,52.91,52.971,190614.0
2025-07-07 14:40:00,52.975,52.9982,52.95,52.9683,276459.0
2025-07-07 14:45:00,52.97,52.9869,52.9399,52.945,242027.0
2025-07-07 14:50:00,52.94,52.98,52.94,52.96,273824.0
2025-07-07 14:55:00,52.955,52.97,52.92,52.935,230115.0
2025-07-07 15:00:00,52.93,52.95,52.905,52.92,306348.0
2025-07-07 15:05:00,52.925,52.93,52.87,52.8849,302430.0
2025-07-07 15:10:00,52.8865,52.905,52.84,52.84,354411.0
2025-07-07 15:15:00,52.845,52.85,52.81,52.81,249421.0
2025-07-07 15:20:00,52.81,52.86,52.8,52.855,383765.0
2025-07-07 15:25:00,52.855,52.865,52.83,52.845,238494.0
2025-07-07 15:30:00,52.845,52.85,52.8101,52.825,611593.0
2025-07-07 15:35:00,52.8272,52.83,52.78,52.7972,188082.0
2025-07-07 15:40:00,52.795,52.795,52.77,52.77,235055.0
2025-07-07 15:45:00,52.77,52.78,52.7344,52.755,207202.0
2025-07-07 15:50:00,52.75,52.75,52.715,52.745,199132.0
2025-07-07 15:55:00,52.75,52.8,52.7438,52.785,157317.0
2025-07-07 16:00:00,52.785,52.81,52.78,52.795,188067.0
2025-07-08 09:30:00,52.61,52.61,52.61,52.61,3876.0
2025-07-08 09:35:00,52.61,52.63,52.61,52.63,6820.0
2025-07-08 09:40:00,52.61,52.61,52.61,52.61,4023.0
2025-07-08 09:45:00,52.63,52.64,52.61,52.61,2138.0
2025-07-08 09:50:00,52.6,52.6,52.59,52.59,3990.0
2025-07-08 09:55:00,52.61,52.64,52.61,52.61,2420.0
2025-07-08 10:00:00,52.59,52.59,52.57,52.57,2144.0
2025-07-08 10:05:00,52.6,52.62,52.6,52.62,1740.0
2025-07-08 10:10:00,52.58,52.59,52.58,52.59,1578.0
2025-07-08 10:15:00,52.6,52.6,52.6,52.6,259.0
2025-07-08 10:20:00,52.62,52.62,52.61,52.61,1964.0
2025-07-08 10:25:00,52.6,52.61,52.6,52.61,4982.0
2025-07-08 10:30:00,52.62,52.62,52.62,52.62,404.0
2025-07-08 10:40:00,52.68,52.68,52.68,52.68,254.0
2025-07-08 10:45:00,52.69,52.69,52.67,52.67,1962.0
2025-07-08 10:50:00,52.64,52.65,52.64,52.65,2906.0
2025-07-08 10:55:00,52.67,52.67,52.67,52.67,1423.0
2025-07-08 11:00:00,52.66,52.66,52.64,52.65,12325.0
2025-07-08 11:05:00,52.64,52.64,52.64,52.64,590.0
2025-07-08 11:10:00,52.66,52.67,52.65,52.67,7928.0
2025-07-08 11:15:00,52.65,52.68,52.65,52.68,2221.0
2025-07-08 11:20:00,52.68,52.68,52.65,52.67,37003.0
2025-07-08 11:25:00,52.67,52.67,52.65,52.66,37783.0
2025-07-08 11:30:00,52.65,52.68,52.65,52.67,53739.0
2025-07-08 11:35:00,52.66,52.69,52.66,52.67,9600.0
2025-07-08 11:40:00,52.68,52.68,52.66,52.68,17329.0
2025-07-08 11:45:00,52.67,52.67,52.66,52.66,15667.0
2025-07-08 11:50:00,52.66,52.67,52.64,52.65,9658.0
2025-07-08 11:55:00,52.63,52.66,52.6,52.63,108947.0
2025-07-08 12:00:00,52.63,52.71,52.58,52.6,101364.0
2025-07-08 12:05:00,52.6,52.6,52.55,52.55,65773.0
2025-07-08 12:10:00,52.54,52.55,52.51,52.52,197412.0
2025-07-08 12:15:00,52.52,52.53,52.5,52.52,75634.0
2025-07-08 12:20:00,52.52,52.52,52.48,52.5,63875.0
2025-07-08 12:30:00,52.48,52.48,52.46,52.46,12803.0
2025-07-08 12:35:00,52.47,52.49,52.47,52.48,74360.0
2025-07-08 12:40:00,52.48,52.5,52.48,52.49,33664.0
2025-07-08 12:45:00,52.49,52.5,52.49,52.5,14193.0
2025-07-08 12:50:00,52.49,52.5,52.49,52.5,20635.0
2025-07-08 12:55:00,52.5,52.5,52.5,52.5,28999.0
2025-07-08 13:00:00,52.5,52.51,52.5,52.51,4540.0
2025-07-08 13:05:00,52.51,52.51,52.5,52.51,26308.0
2025-07-08 13:10:00,52.51,52.51,52.5,52.51,2423.0
2025-07-08 13:15:00,52.5,52.51,52.49,52.5,147437.0
2025-07-08 13:20:00,52.5,52.5,52.49,52.5,40024.0
2025-07-08 13:25:00,52.5,52.57,52.49,52.57,49997.0
2025-07-08 13:30:00,52.56,52.6,52.405,52.4175,2656106.0
2025-07-08 13:35:00,52.415,52.55,52.405,52.535,1223270.0
2025-07-08 13:40:00,52.535,52.545,52.47,52.52,883943.0
2025-07-08 13:45:00,52.52,52.585,52.51,52.575,2874015.0
2025-07-08 13:50:00,52.57,52.5767,52.5,52.5,1292936.0
2025-07-08 13:55:00,52.505,52.56,52.49,52.525,1137616.0
2025-07-08 14:00:00,52.525,52.575,52.455,52.475,1215134.0
2025-07-08 14:05:00,52.4799,52.5,52.39,52.42,1132744.0
2025-07-08 14:10:00,52.425,52.44,52.395,52.4,862689.0
2025-07-08 14:15:00,52.405,52.47,52.39,52.425,524846.0
2025-07-08 14:20:00,52.425,52.45,52.28,52.285,903298.0
2025-07-08 14:25:00,52.285,52.37,52.285,52.335,618934.0
2025-07-08 14:30:00,52.34,52.4,52.3301,52.39,641532.0
2025-07-08 14:35:00,52.395,52.435,52.36,52.39,512820.0
2025-07-08 14:40:00,52.39,52.42,52.305,52.335,1040745.0
2025-07-08 14:45:00,52.335,52.345,52.24,52.2672,1076377.0
2025-07-08 14:50:00,52.265,52.2881,52.2,52.225,684327.0
2025-07-08 14:55:00,52.225,52.23,52.18,52.225,621903.0
2025-07-08 15:00:00,52.225,52.245,52.19,52.235,689533.0
2025-07-08 15:05:00,52.235,52.305,52.23,52.295,577236.0
2025-07-08 15:10:00,52.3,52.35,52.29,52.315,549761.0
2025-07-08 15:15:00,52.32,52.345,52.305,52.325,373689.0
2025-07-08 15:20:00,52.325,52.34,52.285,52.33,451887.0
2025-07-08 15:25:00,52.33,52.3767,52.325,52.355,329272.0
2025-07-08 15:30:00,52.355,52.365,52.32,52.345,311320.0
2025-07-08 15:35:00,52.345,52.385,52.34,52.38,292975.0
2025-07-08 15:40:00,52.375,52.3856,52.35,52.365,277122.0
2025-07-08 15:45:00,52.365,52.42,52.365,52.4049,295655.0
2025-07-08 15:50:00,52.405,52.43,52.37,52.385,530494.0
2025-07-08 15:55:00,52.385,52.41,52.38,52.395,235911.0
2025-07-08 16:00:00,52.395,52.4266,52.3247,52.3247,356086.0
2025-07-09 09:40:00,52.31,52.31,52.31,52.31,663.0
2025-07-09 09:45:00,52.31,52.33,52.3,52.31,12809.0
2025-07-09 09:50:00,52.34,52.34,52.34,52.34,660.0
2025-07-09 10:05:00,52.35,52.35,52.34,52.34,1840.0
2025-07-09 10:10:00,52.33,52.35,52.32,52.34,9836.0
2025-07-09 10:15:00,52.35,52.35,52.35,52.35,298.0
2025-07-09 10:25:00,52.34,52.34,52.34,52.34,300.0
2025-07-09 10:35:00,52.34,52.34,52.33,52.33,4900.0
2025-07-09 10:40:00,52.29,52.3,52.29,52.3,2015.0
2025-07-09 10:50:00,52.3,52.3,52.3,52.3,934.0
2025-07-09 11:00:00,52.31,52.31,52.29,52.29,2526.0
2025-07-09 11:05:00,52.29,52.3,52.28,52.3,1582.0
2025-07-09 11:10:00,52.3,52.32,52.3,52.32,4162.0
2025-07-09 11:15:00,52.35,52.35,52.33,52.33,2204.0
2025-07-09 11:20:00,52.33,52.35,52.33,52.35,2506.0
2025-07-09 11:25:00,52.38,52.38,52.38,52.38,1340.0
2025-07-09 11:30:00,52.37,52.38,52.36,52.38,4885.0
2025-07-09 11:35:00,52.38,52.38,52.36,52.36,3796.0
2025-07-09 11:40:00,52.35,52.35,52.35,52.35,560.0
2025-07-09 11:45:00,52.35,52.35,52.35,52.35,736.0
2025-07-09 11:50:00,52.37,52.37,52.37,52.37,1743.0
2025-07-09 11:55:00,52.39,52.39,52.37,52.37,3334.0
2025-07-09 12:00:00,52.34,52.35,52.34,52.35,4577.0
2025-07-09 12:05:00,52.35,52.36,52.33,52.33,19604.0
2025-07-09 12:10:00,52.35,52.37,52.35,52.35,5989.0
2025-07-09 12:15:00,52.36,52.36,52.36,52.36,6200.0
2025-07-09 12:20:00,52.37,52.38,52.36,52.38,4035.0
2025-07-09 12:25:00,52.38,52.38,52.3699,52.3699,754.0
2025-07-09 12:30:00,52.37,52.37,52.37,52.37,1300.0
2025-07-09 12:35:00,52.37,52.37,52.37,52.37,200.0
2025-07-09 12:40:00,52.37,52.38,52.37,52.38,2652.0
2025-07-09 12:45:00,52.4,52.4,52.4,52.4,3526.0
2025-07-09 12:50:00,52.39,52.41,52.38,52.41,62576.0
2025-07-09 12:55:00,52.4,52.42,52.4,52.42,6073.0
2025-07-09 13:00:00,52.42,52.45,52.42,52.44,14845.0
2025-07-09 13:05:00,52.44,52.44,52.44,52.44,1317.0
2025-07-09 13:10:00,52.45,52.47,52.43,52.44,54155.0
2025-07-09 13:15:00,52.44,52.47,52.44,52.45,28981.0
2025-07-09 13:20:00,52.46,52.5,52.44,52.49,37707.0
2025-07-09 13:25:00,52.49,52.5,52.47,52.5,10342.0
2025-07-09 13:30:00,52.48,52.5,52.29,52.385,1043378.0
2025-07-09 13:35:00,52.385,52.43,52.35,52.405,705507.0
2025-07-09 13:40:00,52.405,52.46,52.38,52.46,493942.0
2025-07-09 13:45:00,52.455,52.485,52.43,52.48,486519.0
2025-07-09 13:50:00,52.475,52.4965,52.435,52.445,560580.0
2025-07-09 13:55:00,52.4433,52.445,52.385,52.385,457756.0
2025-07-09 14:00:00,52.38,52.39,52.3,52.335,981235.0
2025-07-09 14:05:00,52.335,52.395,52.325,52.355,1428230.0
2025-07-09 14:10:00,52.355,52.41,52.315,52.37,748792.0
2025-07-09 14:15:00,52.3778,52.44,52.37,52.415,392908.0
2025-07-09 14:20:00,52.415,52.4567,52.4,52.445,535262.0
2025-07-09 14:25:00,52.445,52.45,52.3601,52.369,348273.0
2025-07-09 14:30:00,52.37,52.37,52.3,52.335,587616.0
2025-07-09 14:35:00,52.335,52.355,52.29,52.315,256997.0
2025-07-09 14:40:00,52.315,52.3372,52.26,52.28,358690.0
2025-07-09 14:45:00,52.275,52.33,52.265,52.325,329591.0
2025-07-09 14:50:00,52.325,52.345,52.285,52.285,425296.0
2025-07-09 14:55:00,52.29,52.305,52.24,52.265,253834.0
2025-07-09 15:00:00,52.26,52.39,52.255,52.38,442129.0
2025-07-09 15:05:00,52.38,52.39,52.331,52.35,246241.0
2025-07-09 15:10:00,52.35,52.35,52.275,52.3,423132.0
2025-07-09 15:15:00,52.295,52.305,52.2501,52.275,226766.0
2025-07-09 15:20:00,52.275,52.2957,52.265,52.28,310768.0
2025-07-09 15:25:00,52.275,52.32,52.275,52.305,232295.0
2025-07-09 15:30:00,52.305,52.3399,52.295,52.325,206706.0
2025-07-09 15:35:00,52.325,52.335,52.25,52.315,260541.0
2025-07-09 15:40:00,52.32,52.335,52.305,52.305,389559.0
2025-07-09 15:45:00,52.305,52.335,52.3,52.305,189891.0
2025-07-09 15:50:00,52.305,52.31,52.27,52.285,173114.0
2025-07-09 15:55:00,52.285,52.32,52.285,52.305,215876.0
2025-07-09 16:00:00,52.3,52.325,52.2938,52.295,205721.0
2025-07-10 09:30:00,52.25,52.25,52.24,52.24,1873.0
2025-07-10 09:35:00,52.24,52.26,52.24,52.26,9094.0
2025-07-10 09:40:00,52.25,52.25,52.25,52.25,309.0
2025-07-10 09:45:00,52.25,52.25,52.25,52.25,850.0
2025-07-10 09:55:00,52.26,52.3,52.26,52.28,7436.0
2025-07-10 10:00:00,52.28,52.29,52.28,52.29,347.0
2025-07-10 10:05:00,52.3,52.3,52.29,52.29,971.0
2025-07-10 10:15:00,52.27,52.27,52.27,52.27,500.0
2025-07-10 10:30:00,52.28,52.3,52.28,52.29,8487.0
2025-07-10 10:35:00,52.28,52.28,52.28,52.28,1392.0
2025-07-10 10:40:00,52.27,52.29,52.27,52.29,24387.0
2025-07-10 10:45:00,52.285,52.29,52.285,52.29,2975.0
2025-07-10 10:50:00,52.28,52.3,52.27,52.29,17069.0
2025-07-10 10:55:00,52.28,52.28,52.28,52.28,460.0
2025-07-10 11:00:00,52.28,52.29,52.26,52.29,7568.0
2025-07-10 11:05:00,52.29,52.3,52.26,52.26,5090.0
2025-07-10 11:10:00,52.26,52.29,52.26,52.29,2411.0
2025-07-10 11:25:00,52.32,52.33,52.32,52.32,1426.0
2025-07-10 11:30:00,52.3,52.33,52.3,52.32,4816.0
2025-07-10 11:40:00,52.35,52.35,52.35,52.35,987.0
2025-07-10 11:45:00,52.32,52.36,52.32,52.35,6470.0
2025-07-10 11:50:00,52.36,52.36,52.34,52.34,1953.0
2025-07-10 11:55:00,52.33,52.35,52.33,52.35,3317.0
2025-07-10 12:00:00,52.32,52.36,52.16,52.33,9729.0
2025-07-10 12:05:00,52.35,52.35,52.34,52.34,2221.0
2025-07-10 12:10:00,52.33,52.33,52.32,52.32,368.0
2025-07-10 12:15:00,52.32,52.32,52.31,52.32,4876.0
2025-07-10 12:20:00,52.33,52.33,52.3,52.3,8021.0
2025-07-10 12:25:00,52.27,52.31,52.27,52.3,18126.0
2025-07-10 12:30:00,52.33,52.33,52.26,52.27,4779.0
2025-07-10 12:35:00,52.28,52.28,52.25,52.26,2945.0
2025-07-10 12:40:00,52.27,52.27,52.27,52.27,1048.0
2025-07-10 12:45:00,52.26,52.2699,52.2599,52.26,4893.0
2025-07-10 12:50:00,52.25,52.27,52.25,52.27,2488.0
2025-07-10 12:55:00,52.27,52.29,52.26,52.27,5699.0
2025-07-10 13:00:00,52.27,52.28,52.27,52.27,10934.0
2025-07-10 13:05:00,52.27,52.28,52.27,52.27,21355.0
2025-07-10 13:10:00,52.26,52.26,52.24,52.24,16054.0
2025-07-10 13:15:00,52.25,52.26,52.25,52.26,5120.0
2025-07-10 13:20:00,52.2799,52.2799,52.27,52.27,425.0
2025-07-10 13:25:00,52.28,52.3,52.2703,52.3,7735.0
2025-07-10 13:30:00,52.28,52.415,52.28,52.41,974386.0
2025-07-10 13:35:00,52.405,52.425,52.34,52.345,429614.0
2025-07-10 13:40:00,52.335,52.38,52.315,52.38,253306.0
2025-07-10 13:45:00,52.38,52.425,52.37,52.4,338411.0
2025-07-10 13:50:00,52.4047,52.466953,52.395,52.425,342796.0
2025-07-10 13:55:00,52.425,52.48,52.41,52.4127,247138.0
2025-07-10 14:00:00,52.415,52.495,52.41,52.4838,565418.0
2025-07-10 14:05:00,52.485,52.55,52.47,52.525,898462.0
2025-07-10 14:10:00,52.5201,52.55,52.475,52.505,587335.0
2025-07-10 14:15:00,52.505,52.55,52.4835,52.535,361854.0
2025-07-10 14:20:00,52.535,52.57,52.515,52.535,687504.0
2025-07-10 14:25:00,52.54,52.545,52.475,52.495,431555.0
2025-07-10 14:30:00,52.5,52.565,52.49,52.5447,213739.0
2025-07-10 14:35:00,52.54,52.555,52.4945,52.55,329009.0
2025-07-10 14:40:00,52.545,52.6,52.535,52.6,224073.0
2025-07-10 14:45:00,52.595,52.61,52.5735,52.575,512530.0
2025-07-10 14:50:00,52.575,52.6,52.57,52.59,1967759.0
2025-07-10 14:55:00,52.59,52.62,52.59,52.605,270507.0
2025-07-10 15:00:00,52.605,52.665,52.605,52.665,255205.0
2025-07-10 15:05:00,52.665,52.7,52.6645,52.675,422599.0
2025-07-10 15:10:00,52.68,52.6869,52.6501,52.68,446171.0
2025-07-10 15:15:00,52.685,52.7,52.665,52.685,387257.0
2025-07-10 15:20:00,52.685,52.69,52.66,52.685,645653.0
2025-07-10 15:25:00,52.68,52.685,52.645,52.665,330680.0
2025-07-10 15:30:00,52.665,52.7075,52.66,52.705,253986.0
2025-07-10 15:35:00,52.7,52.71,52.68,52.695,268123.0
2025-07-10 15:40:00,52.7,52.705,52.675,52.685,285903.0
2025-07-10 15:45:00,52.685,52.705,52.62,52.635,313927.0
2025-07-10 15:50:00,52.635,52.655,52.62,52.65,191660.0
2025-07-10 15:55:00,52.65,52.66,52.63,52.655,154511.0
2025-07-10 16:00:00,52.655,52.69,52.655,52.68,192152.0
2025-07-11 09:30:00,52.41,52.41,52.4,52.4,3050.0
2025-07-11 09:35:00,52.4,52.4,52.4,52.4,500.0
2025-07-11 09:40:00,52.4,52.43,52.4,52.4,9375.0
2025-07-11 09:45:00,52.39,52.39,52.37,52.37,920.0
2025-07-11 09:50:00,52.37,52.37,52.35,52.35,462.0
2025-07-11 09:55:00,52.35,52.37,52.31,52.31,2732.0
2025-07-11 10:00:00,52.3,52.31,52.27,52.31,13867.0
2025-07-11 10:05:00,52.31,52.32,52.29,52.32,5876.0
2025-07-11 10:10:00,52.33,52.34,52.33,52.34,490.0
2025-07-11 10:15:00,52.34,52.34,52.33,52.33,650.0
2025-07-11 10:20:00,52.29,52.33,52.29,52.31,11318.0
2025-07-11 10:25:00,52.29,52.29,52.26,52.27,13440.0
2025-07-11 10:30:00,52.27,52.28,52.27,52.27,8395.0
2025-07-11 10:35:00,52.26,52.26,52.25,52.26,8250.0
2025-07-11 10:40:00,52.26,52.28,52.26,52.28,4206.0
2025-07-11 10:45:00,52.28,52.3,52.28,52.3,5179.0
2025-07-11 10:50:00,52.3,52.31,52.3,52.31,513.0
2025-07-11 10:55:00,52.29,52.3,52.26,52.3,4228.0
2025-07-11 11:00:00,52.3,52.34,52.3,52.34,20410.0
2025-07-11 11:05:00,52.34,52.34,52.31,52.33,11291.0
2025-07-11 11:10:00,52.33,52.34,52.33,52.33,5891.0
2025-07-11 11:15:00,52.33,52.35,52.33,52.33,22732.0
2025-07-11 11:20:00,52.331,52.35,52.33,52.35,4199.0
2025-07-11 11:25:00,52.36,52.37,52.35,52.37,1772.0
2025-07-11 11:30:00,52.38,52.41,52.36,52.4,10939.0
2025-07-11 11:35:00,52.38,52.41,52.38,52.39,9818.0
2025-07-11 11:40:00,52.39,52.4,52.38,52.39,4580.0
2025-07-11 11:45:00,52.37,52.41,52.37,52.4,8901.0
2025-07-11 11:50:00,52.41,52.43,52.41,52.42,7844.0
2025-07-11 11:55:00,52.4,52.41,52.39,52.4,8717.0
2025-07-11 12:00:00,52.32,52.74,52.2999,52.41,22944.0
2025-07-11 12:05:00,52.4,52.4,52.38,52.39,14214.0
2025-07-11 12:10:00,52.4,52.43,52.4,52.42,28586.0
2025-07-11 12:15:00,52.42,52.43,52.42,52.4299,21138.0
2025-07-11 12:20:00,52.42,52.42,52.38,52.38,15901.0
2025-07-11 12:25:00,52.38,52.4,52.38,52.4,5610.0
2025-07-11 12:30:00,52.39,52.4,52.37,52.4,12670.0
2025-07-11 12:35:00,52.4,52.4,52.38,52.39,15458.0
2025-07-11 12:40:00,52.39,52.39,52.37,52.38,12787.0
2025-07-11 12:45:00,52.4,52.4,52.39,52.39,7558.0
2025-07-11 12:50:00,52.38,52.39,52.38,52.38,4997.0
2025-07-11 12:55:00,52.39,52.39,52.38,52.38,773.0
2025-07-11 13:00:00,52.38,52.38,52.36,52.3797,3342.0
2025-07-11 13:05:00,52.38,52.38,52.37,52.37,4822.0
2025-07-11 13:10:00,52.3701,52.38,52.36,52.37,4539.0
2025-07-11 13:15:00,52.38,52.4,52.38,52.38,67130.0
2025-07-11 13:20:00,52.37,52.38,52.3501,52.38,13046.0
2025-07-11 13:25:00,52.38,52.39,52.35,52.36,4971.0
2025-07-11 13:30:00,52.36,52.41,52.25,52.285,895511.0
2025-07-11 13:35:00,52.28,52.37,52.26,52.295,531710.0
2025-07-11 13:40:00,52.29,52.29,52.21,52.22,529434.0
2025-07-11 13:45:00,52.22,52.22,52.1,52.135,679129.0
2025-07-11 13:50:00,52.13,52.2,52.12,52.2,477555.0
2025-07-11 13:55:00,52.2,52.25,52.195,52.225,528931.0
2025-07-11 14:00:00,52.23,52.25,52.19,52.24,465530.0
2025-07-11 14:05:00,52.235,52.255,52.2,52.215,432191.0
2025-07-11 14:10:00,52.2165,52.28,52.175,52.275,342382.0
2025-07-11 14:15:00,52.27,52.275,52.24,52.255,278803.0
2025-07-11 14:20:00,52.255,52.255,52.22,52.235,331989.0
2025-07-11 14:25:00,52.235,52.25,52.22,52.23,528086.0
2025-07-11 14:30:00,52.23,52.27,52.225,52.265,218053.0
2025-07-11 14:35:00,52.265,52.295,52.255,52.285,440000.0
2025-07-11 14:40:00,52.28,52.285,52.225,52.26,325265.0
2025-07-11 14:45:00,52.26,52.26,52.22,52.255,236315.0
2025-07-11 14:50:00,52.255,52.285,52.235,52.2599,196291.0
2025-07-11 14:55:00,52.26,52.3257,52.255,52.295,277695.0
2025-07-11 15:00:00,52.295,52.3,52.27,52.285,200880.0
2025-07-11 15:05:00,52.28,52.2865,52.245,52.255,195154.0
2025-07-11 15:10:00,52.255,52.27,52.22,52.225,236220.0
2025-07-11 15:15:00,52.22,52.26,52.22,52.26,315502.0
2025-07-11 15:20:00,52.255,52.3,52.245,52.245,175252.0
2025-07-11 15:25:00,52.245,52.245,52.195,52.21,261331.0
2025-07-11 15:30:00,52.205,52.245,52.205,52.245,207401.0
2025-07-11 15:35:00,52.2451,52.28,52.24,52.265,235905.0
2025-07-11 15:40:00,52.2667,52.27,52.23,52.24,197512.0
2025-07-11 15:45:00,52.24,52.2464,52.1601,52.19,239346.0
2025-07-11 15:50:00,52.1902,52.2061,52.135,52.165,333780.0
2025-07-11 15:55:00,52.17,52.18,52.14,52.175,535856.0
2025-07-11 16:00:00,52.17,52.175,52.105,52.105,426814.0
2025-07-14 09:35:00,52.04,52.04,52.04,52.04,10224.0
2025-07-14 09:40:00,52.04,52.04,52.04,52.04,1091.0
2025-07-14 09:45:00,52.04,52.04,52.04,52.04,800.0
2025-07-14 09:50:00,52.03,52.03,52.03,52.03,140.0
2025-07-14 09:55:00,52.04,52.04,52.03,52.04,11852.0
2025-07-14 10:00:00,52.04,52.04,52.03,52.03,1004.0
2025-07-14 10:10:00,52.03,52.05,52.02,52.02,11310.0
2025-07-14 10:15:00,52.04,52.04,52.04,52.04,1300.0
2025-07-14 10:25:00,52.02,52.02,52.02,52.02,144.0
2025-07-14 10:35:00,52.03,52.03,52.01,52.03,11152.0
2025-07-14 10:40:00,52.03,52.05,52.03,52.04,1526.0
2025-07-14 10:45:00,52.03,52.03,52.02,52.02,868.0
2025-07-14 10:50:00,52.02,52.02,52.02,52.02,100.0
2025-07-14 10:55:00,52.02,52.02,52.02,52.02,322.0
2025-07-14 11:00:00,52.03,52.06,52.03,52.03,22505.0
2025-07-14 11:05:00,52.04,52.05,52.03,52.03,3887.0
2025-07-14 11:10:00,52.05,52.05,52.05,52.05,944.0
2025-07-14 11:15:00,52.03,52.04,52.02,52.04,2195.0
2025-07-14 11:20:00,52.02,52.02,52.01,52.01,449.0
2025-07-14 11:25:00,52.04,52.04,52.02,52.03,2820.0
2025-07-14 11:30:00,52.03,52.04,52.03,52.04,2299.0
2025-07-14 11:35:00,52.04,52.05,52.03,52.05,3778.0
2025-07-14 11:40:00,52.06,52.06,52.06,52.06,245.0
2025-07-14 11:45:00,52.07,52.08,52.06,52.08,3366.0
2025-07-14 11:50:00,52.08,52.08,52.07,52.07,1409.0
2025-07-14 11:55:00,52.06,52.07,52.06,52.06,1539.0
2025-07-14 12:00:00,52.0498,52.08,51.86,52.06,16147.0
2025-07-14 12:05:00,52.06,52.06,52.04,52.04,1201.0
2025-07-14 12:10:00,52.05,52.08,52.05,52.08,3595.0
2025-07-14 12:15:00,52.07,52.07,52.07,52.07,115.0
2025-07-14 12:20:00,52.07,52.09,52.07,52.09,4475.0
2025-07-14 12:25:00,52.09,52.09,52.08,52.09,2098.0
2025-07-14 12:30:00,52.08,52.08,52.04,52.05,8200.0
2025-07-14 12:35:00,52.06,52.07,52.05,52.07,6589.0
2025-07-14 12:40:00,52.06,52.08,52.06,52.08,2791.0
2025-07-14 12:45:00,52.08,52.08,52.06,52.06,5125.0
2025-07-14 12:50:00,52.07,52.07,52.06,52.07,8692.0
2025-07-14 12:55:00,52.065,52.08,52.04,52.08,31473.0
2025-07-14 13:00:00,52.07,52.07,52.05,52.06,13303.0
2025-07-14 13:05:00,52.05,52.06,52.05,52.05,4640.0
2025-07-14 13:10:00,52.05,52.06,52.05,52.06,6991.0
2025-07-14 13:15:00,52.06,52.07,52.06,52.06,15383.0
2025-07-14 13:20:00,52.05,52.09,52.05,52.09,7412.0
2025-07-14 13:25:00,52.09,52.2,52.09,52.2,7261.0
2025-07-14 13:30:00,52.15,52.21,52.02,52.17,914373.0
2025-07-14 13:35:00,52.175,52.33,52.1706,52.33,535223.0
2025-07-14 13:40:00,52.33,52.3899,52.3201,52.375,793130.0
2025-07-14 13:45:00,52.38,52.47,52.375,52.455,535548.0
2025-07-14 13:50:00,52.46,52.47,52.365,52.39,507672.0
2025-07-14 13:55:00,52.39,52.4099,52.35,52.365,379464.0
2025-07-14 14:00:00,52.365,52.38,52.305,52.37,464514.0
2025-07-14 14:05:00,52.365,52.37,52.3,52.325,465600.0
2025-07-14 14:10:00,52.325,52.37,52.315,52.3567,456236.0
2025-07-14 14:15:00,52.355,52.4,52.342,52.39,406280.0
2025-07-14 14:20:00,52.3818,52.45,52.375,52.425,421367.0
2025-07-14 14:25:00,52.43,52.4669,52.4,52.4,484831.0
2025-07-14 14:30:00,52.4,52.4174,52.365,52.3899,296997.0
2025-07-14 14:35:00,52.39,52.445,52.375,52.41,291929.0
2025-07-14 14:40:00,52.4153,52.435,52.37,52.405,392715.0
2025-07-14 14:45:00,52.4,52.44,52.345,52.355,487755.0
2025-07-14 14:50:00,52.355,52.415,52.34,52.405,357645.0
2025-07-14 14:55:00,52.405,52.45,52.4,52.43,240799.0
2025-07-14 15:00:00,52.43,52.44,52.395,52.395,299468.0
2025-07-14 15:05:00,52.395,52.405,52.34,52.405,448596.0
2025-07-14 15:10:00,52.41,52.4556,52.41,52.44,242739.0
2025-07-14 15:15:00,52.4499,52.455,52.415,52.43,280019.0
2025-07-14 15:20:00,52.43,52.48,52.43,52.48,170175.0
2025-07-14 15:25:00,52.48,52.5088,52.475,52.505,260509.0
2025-07-14 15:30:00,52.51,52.56,52.505,52.515,322067.0
2025-07-14 15:35:00,52.515,52.5199,52.465,52.495,311922.0
2025-07-14 15:40:00,52.495,52.51,52.48,52.49,164348.0
2025-07-14 15:45:00,52.5,52.52,52.4847,52.515,177775.0
2025-07-14 15:50:00,52.515,52.5399,52.5,52.505,209582.0
2025-07-14 15:55:00,52.51,52.515,52.48,52.495,302001.0
2025-07-14 16:00:00,52.495,52.55,52.495,52.535,216851.0
2025-07-15 10:00:00,52.55,52.55,52.55,52.55,100.0
2025-07-15 10:05:00,52.55,52.55,52.55,52.55,403.0
2025-07-15 10:15:00,52.62,52.62,52.62,52.62,1426.0
2025-07-15 10:20:00,52.63,52.63,52.59,52.59,2392.0
2025-07-15 10:25:00,52.63,52.63,52.62,52.63,6100.0
2025-07-15 10:30:00,52.63,52.74,52.63,52.7,32516.0
2025-07-15 10:35:00,52.64,52.64,52.59,52.61,7012.0
2025-07-15 10:40:00,52.61,52.62,52.6,52.61,13354.0
2025-07-15 10:45:00,52.62,52.62,52.56,52.58,23984.0
2025-07-15 10:50:00,52.57,52.58,52.55,52.55,2822.0
2025-07-15 10:55:00,52.55,52.55,52.54,52.54,2818.0
2025-07-15 11:00:00,52.55,52.58,52.55,52.57,12957.0
2025-07-15 11:10:00,52.56,52.56,52.5,52.51,30425.0
2025-07-15 11:15:00,52.49,52.5,52.48,52.5,7124.0
2025-07-15 11:20:00,52.5,52.5,52.47,52.47,1571.0
2025-07-15 11:35:00,52.46,52.46,52.45,52.45,10568.0
2025-07-15 11:40:00,52.46,52.46,52.46,52.46,1275.0
2025-07-15 11:45:00,52.44,52.44,52.4,52.4,25434.0
2025-07-15 11:50:00,52.4,52.41,52.38,52.41,11139.0
2025-07-15 11:55:00,52.41,52.41,52.4,52.41,14843.0
2025-07-15 12:00:00,52.49,52.66,52.4,52.41,28526.0
2025-07-15 12:05:00,52.4,52.4,52.3901,52.3901,13204.0
2025-07-15 12:10:00,52.41,52.41,52.39,52.39,1463.0
2025-07-15 12:15:00,52.36,52.36,52.34,52.34,3434.0
2025-07-15 12:20:00,52.3499,52.35,52.3,52.34,5887.0
2025-07-15 12:25:00,52.34,52.35,52.28,52.35,13166.0
2025-07-15 12:30:00,52.37,52.37,52.34,52.35,23291.0
2025-07-15 12:35:00,52.39,52.42,52.39,52.42,7001.0
2025-07-15 12:40:00,52.41,52.41,52.38,52.38,5433.0
2025-07-15 12:45:00,52.38,52.3803,52.38,52.3803,1117.0
2025-07-15 12:50:00,52.39,52.4,52.37,52.38,10508.0
2025-07-15 12:55:00,52.38,52.41,52.38,52.4,16037.0
2025-07-15 13:00:00,52.41,52.41,52.3886,52.3886,3617.0
2025-07-15 13:05:00,52.38,52.46,52.38,52.46,7178.0
2025-07-15 13:10:00,52.43,52.46,52.43,52.46,2639.0
2025-07-15 13:15:00,52.44,52.44,52.43,52.43,897.0
2025-07-15 13:20:00,52.43,52.45,52.43,52.45,10719.0
2025-07-15 13:25:00,52.45,52.45,52.35,52.35,18032.0
2025-07-15 13:30:00,52.34,52.446,52.235,52.275,1622583.0
2025-07-15 13:35:00,52.275,52.3,52.06,52.085,2042562.0
2025-07-15 13:40:00,52.085,52.085,51.945,52.025,1561510.0
2025-07-15 13:45:00,52.03,52.055,51.99,52.045,1134426.0
2025-07-15 13:50:00,52.04,52.17,52.04,52.14,964766.0
2025-07-15 13:55:00,52.14,52.195,52.065,52.075,498854.0
2025-07-15 14:00:00,52.075,52.155,52.0347,52.045,889755.0
2025-07-15 14:05:00,52.04,52.07,52.005,52.035,802538.0
2025-07-15 14:10:00,52.03,52.09,52.01,52.0501,369643.0
2025-07-15 14:15:00,52.055,52.075,51.975,52.075,616056.0
2025-07-15 14:20:00,52.075,52.1751,52.06,52.145,342510.0
2025-07-15 14:25:00,52.145,52.16,52.015,52.015,338646.0
2025-07-15 14:30:00,52.015,52.0271,51.96,52.0083,424947.0
2025-07-15 14:35:00,52.005,52.005,51.935,51.985,394541.0
2025-07-15 14:40:00,51.99,52.005,51.9,51.93,326560.0
2025-07-15 14:45:00,51.935,51.975,51.9339,51.975,572026.0
2025-07-15 14:50:00,51.975,51.98,51.905,51.935,421807.0
2025-07-15 14:55:00,51.93,51.93,51.85,51.855,619517.0
2025-07-15 15:00:00,51.86,51.97,51.86,51.97,353550.0
2025-07-15 15:05:00,51.98,52.005,51.97,51.995,408927.0
2025-07-15 15:10:00,51.995,51.995,51.91,51.92,304503.0
2025-07-15 15:15:00,51.92,51.95,51.88,51.9,582488.0
2025-07-15 15:20:00,51.9,51.94,51.885,51.93,639657.0
2025-07-15 15:25:00,51.925,51.95,51.875,51.935,483430.0
2025-07-15 15:30:00,51.94,52.0159,51.935,51.995,463392.0
2025-07-15 15:35:00,51.995,51.995,51.9,51.945,483501.0
2025-07-15 15:40:00,51.945,52.005,51.945,52.005,158536.0
2025-07-15 15:45:00,52.005,52.015,51.98,52.005,293518.0
2025-07-15 15:50:00,52.005,52.0067,51.965,51.975,288975.0
2025-07-15 15:55:00,51.975,51.975,51.935,51.955,562740.0
2025-07-15 16:00:00,51.96,51.98,51.935,51.955,174425.0
2025-07-16 09:30:00,51.7,51.7,51.7,51.7,1400.0
2025-07-16 10:35:00,51.71,51.74,51.7,51.74,4269.0
2025-07-16 10:40:00,51.74,51.74,51.74,51.74,2048.0
2025-07-16 10:50:00,51.74,51.8,51.74,51.79,26396.0
2025-07-16 10:55:00,51.85,51.86,51.85,51.85,10100.0
2025-07-16 11:00:00,51.79,51.82,51.79,51.81,25284.0
2025-07-16 11:05:00,51.79,51.79,51.79,51.79,7868.0
2025-07-16 11:10:00,51.79,51.81,51.79,51.81,578.0
2025-07-16 11:15:00,51.79,51.811,51.79,51.81,8996.0
2025-07-16 11:20:00,51.81,51.84,51.81,51.81,5664.0
2025-07-16 11:25:00,51.83,51.9,51.81,51.84,35237.0
2025-07-16 11:30:00,51.81,51.84,51.81,51.81,7345.0
2025-07-16 11:35:00,51.83,51.83,51.78,51.78,17754.0
2025-07-16 11:40:00,51.78,51.82,51.78,51.79,3872.0
2025-07-16 11:45:00,51.79,51.81,51.79,51.81,8138.0
2025-07-16 11:50:00,51.79,51.8,51.79,51.8,10622.0
2025-07-16 11:55:00,51.8,51.81,51.8,51.81,5181.0
2025-07-16 12:00:00,51.82,51.8502,51.59,51.79,30955.0
2025-07-16 12:05:00,51.81,51.84,51.8,51.82,7023.0
2025-07-16 12:10:00,51.83,51.83,51.81,51.8194,9646.0
2025-07-16 12:15:00,51.83,51.84,51.81,51.82,5151.0
2025-07-16 12:20:00,51.83,51.84,51.82,51.82,15340.0
2025-07-16 12:25:00,51.82,51.84,51.8199,51.84,2974.0
2025-07-16 12:30:00,51.86,51.9,51.83,51.89,6132.0
2025-07-16 12:35:00,51.89,51.89,51.88,51.89,3011.0
2025-07-16 12:40:00,51.88,51.94,51.88,51.94,14577.0
2025-07-16 12:45:00,51.91,51.93,51.91,51.9201,3781.0
2025-07-16 12:50:00,51.92,51.92,51.92,51.92,4234.0
2025-07-16 12:55:00,51.91,51.91,51.88,51.88,11716.0
2025-07-16 13:00:00,51.8995,51.8995,51.87,51.8899,25284.0
2025-07-16 13:05:00,51.88,51.88,51.8797,51.8797,1666.0
2025-07-16 13:10:00,51.89,51.91,51.87,51.87,10097.0
2025-07-16 13:15:00,51.87,51.9,51.87,51.9,2919.0
2025-07-16 13:20:00,51.9,51.91,51.89,51.91,1790.0
2025-07-16 13:25:00,51.91,51.9685,51.89,51.9499,24776.0
2025-07-16 13:30:00,51.93,51.96,51.81,51.9094,1264207.0
2025-07-16 13:35:00,51.91,52.05,51.9001,51.955,1725996.0
2025-07-16 13:40:00,51.955,51.97,51.855,51.955,1079106.0
2025-07-16 13:45:00,51.96,51.97,51.835,51.855,579888.0
2025-07-16 13:50:00,51.855,51.92,51.84,51.87,630569.0
2025-07-16 13:55:00,51.865,51.94,51.85,51.85,503398.0
2025-07-16 14:00:00,51.855,51.9,51.83,51.89,707831.0
2025-07-16 14:05:00,51.9,51.92,51.815,51.875,592199.0
2025-07-16 14:10:00,51.87,51.945,51.855,51.895,979810.0
2025-07-16 14:15:00,51.89,51.9165,51.86,51.91,610569.0
2025-07-16 14:20:00,51.91,51.93,51.815,51.825,991632.0
2025-07-16 14:25:00,51.825,51.85,51.755,51.785,789960.0
2025-07-16 14:30:00,51.7803,51.85,51.77,51.835,583830.0
2025-07-16 14:35:00,51.835,51.845,51.745,51.78,569351.0
2025-07-16 14:40:00,51.775,51.825,51.745,51.82,401613.0
2025-07-16 14:45:00,51.825,51.87,51.82,51.87,418988.0
2025-07-16 14:50:00,51.87,51.88,51.73,51.74,1166411.0
2025-07-16 14:55:00,51.74,51.78,51.69,51.72,796612.0
2025-07-16 15:00:00,51.73,51.75,51.69,51.715,916396.0
2025-07-16 15:05:00,51.71,51.805,51.7031,51.805,333852.0
2025-07-16 15:10:00,51.805,51.8459,51.805,51.825,429424.0
2025-07-16 15:15:00,51.825,51.85,51.48,51.49,3223376.0
2025-07-16 15:20:00,51.485,51.57,51.44,51.515,1252370.0
2025-07-16 15:25:00,51.51,51.63,51.5042,51.615,468227.0
2025-07-16 15:30:00,51.61,51.6177,51.415,51.4207,999814.0
2025-07-16 15:35:00,51.42,51.42,51.325,51.375,1208482.0
2025-07-16 15:40:00,51.375,51.57,51.35,51.53,528653.0
2025-07-16 15:45:00,51.535,51.565,51.5,51.55,484169.0
2025-07-16 15:50:00,51.545,51.575,51.49,51.54,520665.0
2025-07-16 15:55:00,51.54,51.745,51.54,51.67,1519035.0
2025-07-16 16:00:00,51.67,51.69,51.645,51.67,281576.0
2025-07-17 10:15:00,52.02,52.02,52.02,52.02,229.0
2025-07-17 10:20:00,52.01,52.01,52.01,52.01,4350.0
2025-07-17 10:35:00,52.0,52.0,52.0,52.0,4614.0
2025-07-17 10:45:00,51.99,51.99,51.98,51.98,7764.0
2025-07-17 10:50:00,51.98,51.98,51.98,51.98,3510.0
2025-07-17 10:55:00,51.98,51.98,51.98,51.98,320.0
2025-07-17 11:00:00,51.96,51.96,51.95,51.95,4037.0
2025-07-17 11:05:00,51.94,51.96,51.94,51.96,911.0
2025-07-17 11:10:00,51.96,51.96,51.96,51.96,1670.0
2025-07-17 11:15:00,51.96,51.96,51.96,51.96,396.0
2025-07-17 11:20:00,51.96,51.96,51.96,51.96,1029.0
2025-07-17 11:25:00,51.96,51.96,51.96,51.96,538.0
2025-07-17 11:30:00,51.96,51.96,51.95,51.95,813.0
2025-07-17 11:40:00,51.97,51.97,51.97,51.97,114.0
2025-07-17 11:50:00,51.93,51.93,51.93,51.93,178.0
2025-07-17 12:00:00,51.9301,52.0,51.9301,51.95,8179.0
2025-07-17 12:05:00,51.9401,51.9401,51.9401,51.9401,175.0
2025-07-17 12:20:00,51.94,51.94,51.91,51.92,4174.0
2025-07-17 12:30:00,51.95,51.98,51.95,51.95,5806.0
2025-07-17 12:35:00,51.96,51.98,51.96,51.98,2786.0
2025-07-17 12:40:00,51.98,51.98,51.97,51.98,13558.0
2025-07-17 12:45:00,51.98,51.98,51.9799,51.9799,2806.0
2025-07-17 12:50:00,51.98,51.98,51.97,51.97,6752.0
2025-07-17 13:00:00,52.01,52.01,52.01,52.01,8040.0
2025-07-17 13:05:00,52.0096,52.01,52.0096,52.01,1415.0
2025-07-17 13:10:00,52.005,52.005,52.0,52.0,5948.0
2025-07-17 13:15:00,51.99,51.99,51.98,51.98,1144.0
2025-07-17 13:20:00,51.98,51.98,51.96,51.98,5603.0
2025-07-17 13:25:00,51.97,51.98,51.8,51.8,30746.0
2025-07-17 13:30:00,51.87,52.08,51.81,51.985,2269752.0
2025-07-17 13:35:00,51.985,52.155,51.97,52.145,1153443.0
2025-07-17 13:40:00,52.145,52.245,52.1425,52.215,3240917.0
2025-07-17 13:45:00,52.215,52.305,52.205,52.3,647510.0
2025-07-17 13:50:00,52.295,52.32,52.25,52.25,461095.0
2025-07-17 13:55:00,52.245,52.2451,52.19,52.215,319227.0
2025-07-17 14:00:00,52.21,52.2658,52.2,52.245,528703.0
2025-07-17 14:05:00,52.245,52.2458,52.18,52.24,355291.0
2025-07-17 14:10:00,52.24,52.31,52.2048,52.29,348736.0
2025-07-17 14:15:00,52.29,52.305,52.24,52.255,425169.0
2025-07-17 14:20:00,52.255,52.255,52.105,52.105,737354.0
2025-07-17 14:25:00,52.11,52.13,52.035,52.075,544618.0
2025-07-17 14:30:00,52.075,52.165,52.075,52.105,564943.0
2025-07-17 14:35:00,52.11,52.125,51.99,52.02,565350.0
2025-07-17 14:40:00,52.015,52.085,52.015,52.0699,427067.0
2025-07-17 14:45:00,52.065,52.16,52.04,52.15,263997.0
2025-07-17 14:50:00,52.1492,52.155,52.125,52.15,433191.0
2025-07-17 14:55:00,52.155,52.155,52.11,52.115,330847.0
2025-07-17 15:00:00,52.115,52.145,52.11,52.14,632832.0
2025-07-17 15:05:00,52.14,52.18,52.13,52.165,406205.0
2025-07-17 15:10:00,52.165,52.165,52.1201,52.13,446384.0
2025-07-17 15:15:00,52.14,52.205,52.135,52.195,417211.0
2025-07-17 15:20:00,52.195,52.22,52.1501,52.21,255683.0
2025-07-17 15:25:00,52.205,52.225,52.185,52.205,250776.0
2025-07-17 15:30:00,52.205,52.24,52.2,52.235,275548.0
2025-07-17 15:35:00,52.235,52.34,52.235,52.315,486005.0
2025-07-17 15:40:00,52.32,52.33,52.305,52.315,403533.0
2025-07-17 15:45:00,52.3153,52.33,52.275,52.295,288247.0
2025-07-17 15:50:00,52.295,52.33,52.2834,52.3,249403.0
2025-07-17 15:55:00,52.3,52.32,52.27,52.28,344717.0
2025-07-17 16:00:00,52.285,52.315,52.255,52.315,219225.0
2025-07-18 09:30:00,52.65,52.65,52.65,52.65,132.0
2025-07-18 09:45:00,52.64,52.64,52.64,52.64,649.0
2025-07-18 09:50:00,52.64,52.64,52.64,52.64,259.0
2025-07-18 09:55:00,52.65,52.65,52.65,52.65,100.0
2025-07-18 10:15:00,52.64,52.64,52.64,52.64,100.0
2025-07-18 10:20:00,52.64,52.64,52.6,52.6,10445.0
2025-07-18 10:30:00,52.6,52.6,52.6,52.6,635.0
2025-07-18 10:35:00,52.6,52.6,52.6,52.6,2100.0
2025-07-18 11:00:00,52.61,52.61,52.61,52.61,459.0
2025-07-18 11:05:00,52.59,52.59,52.55,52.55,9103.0
2025-07-18 11:10:00,52.54,52.57,52.54,52.56,2077.0
2025-07-18 11:15:00,52.55,52.55,52.53,52.53,13245.0
2025-07-18 11:20:00,52.53,52.54,52.53,52.54,368.0
2025-07-18 11:25:00,52.54,52.54,52.54,52.54,2131.0
2025-07-18 11:30:00,52.54,52.54,52.51,52.54,2618.0
2025-07-18 11:35:00,52.54,52.54,52.54,52.54,209.0
2025-07-18 11:40:00,52.54,52.54,52.54,52.54,10021.0
2025-07-18 11:45:00,52.53,52.53,52.53,52.53,501.0
2025-07-18 11:50:00,52.56,52.56,52.56,52.56,216.0
2025-07-18 11:55:00,52.55,52.55,52.54,52.54,577.0
2025-07-18 12:00:00,52.54,52.69,52.54,52.57,5909.0
2025-07-18 12:05:00,52.56,52.57,52.56,52.57,400.0
2025-07-18 12:10:00,52.57,52.57,52.57,52.57,228.0
2025-07-18 12:15:00,52.59,52.64,52.57,52.61,37540.0
2025-07-18 12:25:00,52.62,52.62,52.62,52.62,242.0
2025-07-18 12:30:00,52.61,52.61,52.61,52.61,167.0
2025-07-18 12:35:00,52.6,52.6,52.6,52.6,153.0
2025-07-18 12:40:00,52.629,52.63,52.6202,52.6202,565.0
2025-07-18 12:45:00,52.62,52.64,52.62,52.64,2892.0
2025-07-18 12:50:00,52.63,52.63,52.63,52.63,587.0
2025-07-18 13:00:00,52.64,52.67,52.64,52.67,2708.0
2025-07-18 13:05:00,52.67,52.68,52.66,52.68,800.0
2025-07-18 13:10:00,52.69,52.69,52.69,52.69,258.0
2025-07-18 13:15:00,52.67,52.67,52.66,52.67,12405.0
2025-07-18 13:20:00,52.66,52.66,52.63,52.64,20612.0
2025-07-18 13:25:00,52.64,52.65,52.52,52.54,7775.0
2025-07-18 13:30:00,52.58,52.64,52.465,52.515,1078760.0
2025-07-18 13:35:00,52.52,52.63,52.515,52.575,459415.0
2025-07-18 13:40:00,52.58,52.6299,52.555,52.555,410671.0
2025-07-18 13:45:00,52.55,52.63,52.53,52.6,457544.0
2025-07-18 13:50:00,52.6,52.6,52.535,52.58,1074220.0
2025-07-18 13:55:00,52.575,52.625,52.575,52.59,318863.0
2025-07-18 14:00:00,52.595,52.645,52.54,52.545,780495.0
2025-07-18 14:05:00,52.545,52.6,52.49,52.6,1296346.0
2025-07-18 14:10:00,52.6,52.6,52.54,52.56,371500.0
2025-07-18 14:15:00,52.57,52.585,52.475,52.51,557312.0
2025-07-18 14:20:00,52.51,52.585,52.5,52.535,734760.0
2025-07-18 14:25:00,52.535,52.555,52.515,52.535,475789.0
2025-07-18 14:30:00,52.535,52.615,52.53,52.605,451580.0
2025-07-18 14:35:00,52.605,52.62,52.51,52.52,484948.0
2025-07-18 14:40:00,52.515,52.545,52.43,52.495,476774.0
2025-07-18 14:45:00,52.5,52.51,52.47,52.495,425013.0
2025-07-18 14:50:00,52.495,52.555,52.49,52.505,318953.0
2025-07-18 14:55:00,52.505,52.53,52.485,52.485,329840.0
2025-07-18 15:00:00,52.49,52.55,52.48,52.55,477402.0
2025-07-18 15:05:00,52.55,52.585,52.52,52.525,400628.0
2025-07-18 15:10:00,52.53,52.56,52.485,52.505,252488.0
2025-07-18 15:15:00,52.51,52.6,52.5,52.545,381620.0
2025-07-18 15:20:00,52.545,52.56,52.505,52.515,301496.0
2025-07-18 15:25:00,52.52,52.565,52.52,52.545,237707.0
2025-07-18 15:30:00,52.545,52.61,52.54,52.59,224350.0
2025-07-18 15:35:00,52.585,52.59,52.54,52.575,161905.0
2025-07-18 15:40:00,52.575,52.575,52.54,52.565,203970.0
2025-07-18 15:45:00,52.565,52.61,52.555,52.585,254169.0
2025-07-18 15:50:00,52.59,52.605,52.58,52.585,250459.0
2025-07-18 15:55:00,52.585,52.6,52.535,52.6,232499.0
2025-07-18 16:00:00,52.5967,52.63,52.585,52.585,252412.0
2025-07-21 09:40:00,52.68,52.69,52.68,52.69,744.0
2025-07-21 09:45:00,52.67,52.67,52.67,52.67,200.0
2025-07-21 09:55:00,52.69,52.69,52.69,52.69,106.0
2025-07-21 10:00:00,52.69,52.69,52.69,52.69,203.0
2025-07-21 10:05:00,52.69,52.69,52.69,52.69,500.0
2025-07-21 10:10:00,52.69,52.69,52.69,52.69,254.0
2025-07-21 10:15:00,52.69,52.69,52.69,52.69,325.0
2025-07-21 10:20:00,52.7,52.7,52.7,52.7,1000.0
2025-07-21 10:25:00,52.69,52.69,52.69,52.69,194.0
2025-07-21 10:35:00,52.67,52.67,52.67,52.67,1389.0
2025-07-21 10:40:00,52.67,52.67,52.67,52.67,455.0
2025-07-21 10:50:00,52.67,52.67,52.65,52.65,3174.0
2025-07-21 11:00:00,52.65,52.65,52.65,52.65,162.0
2025-07-21 11:05:00,52.65,52.65,52.65,52.65,127.0
2025-07-21 11:10:00,52.63,52.63,52.62,52.63,9393.0
2025-07-21 11:15:00,52.62,52.64,52.62,52.64,704.0
2025-07-21 11:25:00,52.63,52.63,52.63,52.63,2076.0
2025-07-21 11:30:00,52.63,52.64,52.63,52.64,786.0
2025-07-21 11:35:00,52.64,52.64,52.62,52.62,1428.0
2025-07-21 11:40:00,52.65,52.65,52.62,52.62,733.0
2025-07-21 11:45:00,52.63,52.63,52.62,52.62,5211.0
2025-07-21 11:50:00,52.62,52.62,52.61,52.62,3095.0
2025-07-21 12:00:00,52.62,52.65,52.51,52.63,4742.0
2025-07-21 12:05:00,52.61,52.61,52.61,52.61,800.0
2025-07-21 12:15:00,52.63,52.63,52.63,52.63,10290.0
2025-07-21 12:20:00,52.61,52.61,52.61,52.61,187.0
2025-07-21 12:25:00,52.63,52.63,52.63,52.63,214.0
2025-07-21 12:30:00,52.63,52.63,52.63,52.63,118.0
2025-07-21 12:40:00,52.63,52.63,52.6,52.6,16242.0
2025-07-21 12:45:00,52.6,52.6,52.6,52.6,1975.0
2025-07-21 12:50:00,52.59,52.59,52.57,52.57,8276.0
2025-07-21 12:55:00,52.57,52.5701,52.57,52.5701,445.0
2025-07-21 13:05:00,52.57,52.57,52.57,52.57,132.0
2025-07-21 13:10:00,52.58,52.58,52.58,52.58,112.0
2025-07-21 13:15:00,52.57,52.57,52.57,52.57,252.0
2025-07-21 13:20:00,52.58,52.59,52.58,52.58,2791.0
2025-07-21 13:25:00,52.6,52.62,52.6,52.62,3182.0
2025-07-21 13:30:00,52.57,52.6493,52.545,52.6,1113106.0
2025-07-21 13:35:00,52.6,52.635,52.55,52.595,1071433.0
2025-07-21 13:40:00,52.59,52.63,52.53,52.58,763094.0
2025-07-21 13:45:00,52.585,52.61,52.555,52.585,342746.0
2025-07-21 13:50:00,52.58,52.66,52.55,52.64,566503.0
2025-07-21 13:55:00,52.645,52.72,52.635,52.72,547838.0
2025-07-21 14:00:00,52.7174,52.735,52.66,52.715,300197.0
2025-07-21 14:05:00,52.7126,52.755,52.68,52.705,261500.0
2025-07-21 14:10:00,52.705,52.715,52.62,52.635,312229.0
2025-07-21 14:15:00,52.635,52.66,52.62,52.66,378995.0
2025-07-21 14:20:00,52.66,52.735,52.6512,52.7339,764043.0
2025-07-21 14:25:00,52.73,52.76,52.6929,52.745,342228.0
2025-07-21 14:30:00,52.74,52.76,52.66,52.665,416967.0
2025-07-21 14:35:00,52.66,52.73,52.64,52.73,460767.0
2025-07-21 14:40:00,52.73,52.77,52.7,52.74,454968.0
2025-07-21 14:45:00,52.74,52.77,52.725,52.745,282549.0
2025-07-21 14:50:00,52.745,52.775,52.7118,52.725,932564.0
2025-07-21 14:55:00,52.73,52.76,52.695,52.743,274836.0
2025-07-21 15:00:00,52.745,52.78,52.735,52.76,206320.0
2025-07-21 15:05:00,52.755,52.79,52.745,52.79,158508.0
2025-07-21 15:10:00,52.79,52.845,52.78,52.815,209846.0
2025-07-21 15:15:00,52.815,52.845,52.81,52.83,186818.0
2025-07-21 15:20:00,52.825,52.88,52.825,52.88,220844.0
2025-07-21 15:25:00,52.88,52.88,52.835,52.87,437578.0
2025-07-21 15:30:00,52.865,52.905,52.865,52.885,183485.0
2025-07-21 15:35:00,52.89,52.905,52.875,52.895,526309.0
2025-07-21 15:40:00,52.895,52.92,52.885,52.895,881963.0
2025-07-21 15:45:00,52.895,52.93,52.89,52.9,419785.0
2025-07-21 15:50:00,52.89,52.91,52.88,52.9,298343.0
2025-07-21 15:55:00,52.905,52.94,52.9,52.91,323842.0
2025-07-21 16:00:00,52.91,52.9178,52.865,52.91,473808.0
2025-07-22 09:30:00,52.47,52.47,52.47,52.47,1000.0
2025-07-22 09:35:00,52.46,52.46,52.46,52.46,350.0
2025-07-22 10:00:00,52.49,52.49,52.49,52.49,259.0
2025-07-22 10:20:00,52.49,52.49,52.46,52.46,600.0
2025-07-22 10:40:00,52.46,52.46,52.46,52.46,500.0
2025-07-22 11:00:00,52.48,52.5,52.48,52.5,3238.0
2025-07-22 11:05:00,52.5,52.5,52.5,52.5,250.0
2025-07-22 11:10:00,52.47,52.47,52.47,52.47,600.0
2025-07-22 11:35:00,52.46,52.46,52.46,52.46,2239.0
2025-07-22 11:40:00,52.46,52.52,52.45,52.51,8368.0
2025-07-22 11:45:00,52.48,52.49,52.48,52.49,848.0
2025-07-22 11:50:00,52.5,52.5,52.5,52.5,530.0
2025-07-22 11:55:00,52.53,52.53,52.51,52.51,900.0
2025-07-22 12:00:00,52.46,52.53,52.46,52.53,12094.0
2025-07-22 12:05:00,52.52,52.54,52.52,52.53,10847.0
2025-07-22 12:15:00,52.53,52.53,52.53,52.53,1871.0
2025-07-22 12:20:00,52.52,52.52,52.52,52.52,2826.0
2025-07-22 12:25:00,52.54,52.54,52.54,52.54,1700.0
2025-07-22 12:30:00,52.53,52.55,52.53,52.55,2956.0
2025-07-22 12:35:00,52.53,52.53,52.53,52.53,158.0
2025-07-22 12:40:00,52.53,52.53,52.53,52.53,324.0
2025-07-22 12:45:00,52.54,52.54,52.54,52.54,1106.0
2025-07-22 12:50:00,52.55,52.55,52.53,52.53,1144.0
2025-07-22 12:55:00,52.55,52.55,52.55,52.55,1102.0
2025-07-22 13:00:00,52.54,52.54,52.54,52.54,1108.0
2025-07-22 13:05:00,52.5499,52.5499,52.54,52.54,861.0
2025-07-22 13:10:00,52.5499,52.5499,52.5499,52.5499,249.0
2025-07-22 13:15:00,52.5499,52.5499,52.5499,52.5499,300.0
2025-07-22 13:20:00,52.55,52.55,52.54,52.54,2567.0
2025-07-22 13:25:00,52.55,52.55,52.54,52.54,999.0
2025-07-22 13:30:00,52.5,52.595,52.49,52.55,1105493.0
2025-07-22 13:35:00,52.545,52.65,52.51,52.645,589210.0
2025-07-22 13:40:00,52.645,52.695,52.59,52.665,571439.0
2025-07-22 13:45:00,52.67,52.71,52.645,52.68,725015.0
2025-07-22 13:50:00,52.685,52.685,52.52,52.54,753642.0
2025-07-22 13:55:00,52.54,52.61,52.52,52.535,800594.0
2025-07-22 14:00:00,52.535,52.555,52.475,52.51,902571.0
2025-07-22 14:05:00,52.51,52.59,52.475,52.535,747780.0
2025-07-22 14:10:00,52.53,52.55,52.47,52.545,830197.0
2025-07-22 14:15:00,52.54,52.5699,52.5,52.51,496494.0
2025-07-22 14:20:00,52.52,52.61,52.52,52.585959,567707.0
2025-07-22 14:25:00,52.585,52.645,52.575,52.635,479868.0
2025-07-22 14:30:00,52.63,52.69,52.605,52.6853,428578.0
2025-07-22 14:35:00,52.68,52.7,52.65,52.66,727857.0
2025-07-22 14:40:00,52.655,52.68,52.64,52.65,637471.0
2025-07-22 14:45:00,52.65,52.655,52.6,52.62,275137.0
2025-07-22 14:50:00,52.625,52.6465,52.605,52.62,179037.0
2025-07-22 14:55:00,52.62,52.6566,52.615,52.645,230736.0
2025-07-22 15:00:00,52.65,52.67,52.605,52.665,221749.0
2025-07-22 15:05:00,52.66,52.685,52.655,52.6659,186054.0
2025-07-22 15:10:00,52.66,52.69,52.64,52.645,232501.0
2025-07-22 15:15:00,52.64,52.68,52.6201,52.68,153566.0
2025-07-22 15:20:00,52.68,52.7,52.6546,52.68,268521.0
2025-07-22 15:25:00,52.68,52.685,52.605,52.61,222593.0
2025-07-22 15:30:00,52.6181,52.64,52.595,52.605,290566.0
2025-07-22 15:35:00,52.6,52.625,52.543625,52.55,257995.0
2025-07-22 15:40:00,52.55,52.595,52.515,52.595,181897.0
2025-07-22 15:45:00,52.5999,52.62,52.58,52.595,257310.0
2025-07-22 15:50:00,52.5959,52.63,52.585,52.625,304659.0
2025-07-22 15:55:00,52.625,52.63,52.6053,52.6053,225818.0
2025-07-22 16:00:00,52.605,52.63,52.59,52.6,217897.0
2025-07-23 09:30:00,53.01,53.01,53.01,53.01,2534.0
2025-07-23 09:45:00,53.02,53.02,53.02,53.02,430.0
2025-07-23 09:55:00,53.02,53.02,53.02,53.02,377.0
2025-07-23 10:00:00,53.02,53.02,53.02,53.02,200.0
2025-07-23 10:05:00,53.04,53.04,53.03,53.03,5714.0
2025-07-23 10:10:00,53.02,53.02,53.02,53.02,552.0
2025-07-23 10:20:00,53.03,53.03,53.03,53.03,2766.0
2025-07-23 10:25:00,53.05,53.05,53.03,53.03,472.0
2025-07-23 10:40:00,53.03,53.03,53.03,53.03,100.0
2025-07-23 10:45:00,53.05,53.05,53.05,53.05,400.0
2025-07-23 10:55:00,53.03,53.04,53.03,53.03,1563.0
2025-07-23 11:00:00,53.02,53.03,53.0,53.01,20938.0
2025-07-23 11:05:00,53.01,53.01,52.97,52.97,5401.0
2025-07-23 11:10:00,52.97,52.98,52.95,52.95,3843.0
2025-07-23 11:15:00,52.95,52.95,52.93,52.93,1359.0
2025-07-23 11:20:00,52.96,52.96,52.96,52.96,188.0
2025-07-23 11:25:00,52.96,52.96,52.95,52.95,1001.0
2025-07-23 11:30:00,52.94,52.94,52.94,52.94,801.0
2025-07-23 11:35:00,52.93,52.94,52.93,52.94,2762.0
2025-07-23 11:40:00,52.93,52.93,52.92,52.92,5438.0
2025-07-23 11:45:00,52.92,52.93,52.92,52.93,2115.0
2025-07-23 11:55:00,52.925,52.925,52.925,52.925,126.0
2025-07-23 12:00:00,53.0,53.0,52.87,52.92,6921.0
2025-07-23 12:05:00,52.91,52.91,52.91,52.91,300.0
2025-07-23 12:10:00,52.91,52.91,52.9,52.9,3850.0
2025-07-23 12:15:00,52.89,52.9,52.89,52.9,4275.0
2025-07-23 12:20:00,52.9,52.9,52.89,52.89,711.0
2025-07-23 12:25:00,52.9,52.9,52.9,52.9,669.0
2025-07-23 12:30:00,52.9,52.91,52.9,52.9,11593.0
2025-07-23 12:35:00,52.91,52.92,52.91,52.91,2408.0
2025-07-23 12:40:00,52.91,52.91,52.91,52.91,1201.0
2025-07-23 12:45:00,52.91,52.92,52.9,52.9,1482.0
2025-07-23 12:50:00,52.9,52.92,52.9,52.9102,8668.0
2025-07-23 12:55:00,52.92,52.92,52.92,52.92,3261.0
2025-07-23 13:00:00,52.92,52.92,52.9,52.92,783.0
2025-07-23 13:05:00,52.92,52.92,52.9,52.9,53653.0
2025-07-23 13:10:00,52.91,52.91,52.9,52.9,2464.0
2025-07-23 13:15:00,52.9,52.9001,52.9,52.9001,670.0
2025-07-23 13:20:00,52.9,52.9,52.88,52.88,56805.0
2025-07-23 13:25:00,52.88,52.88,52.78,52.78,14107.0
2025-07-23 13:30:00,52.8,52.8,52.67,52.675,1335174.0
2025-07-23 13:35:00,52.6793,52.74,52.62,52.73,741543.0
2025-07-23 13:40:00,52.7299,52.7299,52.56,52.675,903680.0
2025-07-23 13:45:00,52.67,52.69,52.61,52.61,1009354.0
2025-07-23 13:50:00,52.615,52.64,52.57,52.625,796475.0
2025-07-23 13:55:00,52.62255,52.7,52.59,52.7,1108433.0
2025-07-23 14:00:00,52.71,52.71,52.65,52.71,511954.0
2025-07-23 14:05:00,52.715,52.8051,52.71,52.8,407679.0
2025-07-23 14:10:00,52.805,52.805,52.71,52.7201,312600.0
2025-07-23 14:15:00,52.73,52.74,52.68,52.6925,407070.0
2025-07-23 14:20:00,52.695,52.7499,52.68,52.735,266491.0
2025-07-23 14:25:00,52.74,52.7799,52.73,52.7425,214595.0
2025-07-23 14:30:00,52.75,52.7753,52.73,52.74,359840.0
2025-07-23 14:35:00,52.74,52.775,52.71,52.76,246502.0
2025-07-23 14:40:00,52.775,52.7874,52.74,52.755,208034.0
2025-07-23 14:45:00,52.755,52.7659,52.73,52.735,225457.0
2025-07-23 14:50:00,52.73,52.755,52.7,52.715,260163.0
2025-07-23 14:55:00,52.715,52.72,52.695,52.715,154660.0
2025-07-23 15:00:00,52.715,52.74,52.68,52.715,249113.0
2025-07-23 15:05:00,52.715,52.75,52.71,52.725,191042.0
2025-07-23 15:10:00,52.72,52.72,52.68,52.68,458432.0
2025-07-23 15:15:00,52.685,52.72,52.6526,52.67,203522.0
2025-07-23 15:20:00,52.67,52.75,52.67,52.745,180593.0
2025-07-23 15:25:00,52.74,52.755,52.7125,52.735,235478.0
2025-07-23 15:30:00,52.74,52.78,52.74,52.745,202112.0
2025-07-23 15:35:00,52.7401,52.755,52.68,52.695,283308.0
2025-07-23 15:40:00,52.695,52.725,52.67,52.7,198709.0
2025-07-23 15:45:00,52.695,52.7455,52.6933,52.725,178890.0
2025-07-23 15:50:00,52.725,52.815,52.71,52.755,989307.0
2025-07-23 15:55:00,52.76,52.875,52.745,52.835,858168.0
2025-07-23 16:00:00,52.83,52.92,52.82,52.915,576045.0
2025-07-24 09:30:00,53.01,53.02,53.01,53.01,614.0
2025-07-24 09:35:00,53.02,53.02,53.02,53.02,729.0
2025-07-24 10:00:00,53.01,53.01,53.01,53.01,100.0
2025-07-24 10:20:00,53.0,53.0,53.0,53.0,2357.0
2025-07-24 10:30:00,52.98,52.98,52.98,52.98,690.0
2025-07-24 10:35:00,52.98,52.99,52.98,52.99,949.0
2025-07-24 10:45:00,52.98,52.98,52.98,52.98,330.0
2025-07-24 10:50:00,52.99,52.99,52.99,52.99,2743.0
2025-07-24 11:00:00,52.98,52.98,52.98,52.98,716.0
2025-07-24 11:05:00,52.98,52.98,52.98,52.98,754.0
2025-07-24 11:10:00,52.99,52.99,52.98,52.98,8423.0
2025-07-24 11:15:00,52.99,52.99,52.99,52.99,238.0
2025-07-24 11:20:00,52.98,52.98,52.98,52.98,830.0
2025-07-24 11:25:00,52.98,52.98,52.98,52.98,175.0
2025-07-24 11:35:00,53.0,53.0,53.0,53.0,1416.0
2025-07-24 11:40:00,53.01,53.01,53.01,53.01,2292.0
2025-07-24 11:45:00,53.02,53.02,53.02,53.02,200.0
2025-07-24 11:55:00,53.01,53.01,53.0,53.0,2913.0
2025-07-24 12:00:00,52.99,53.11,52.99,53.01,7615.0
2025-07-24 12:05:00,53.01,53.02,53.01,53.02,1854.0
2025-07-24 12:10:00,53.03,53.0302,53.02,53.02,1109.0
2025-07-24 12:15:00,53.05,53.06,53.05,53.06,1138.0
2025-07-24 12:20:00,53.03,53.03,53.02,53.03,1715.0
2025-07-24 12:25:00,53.02,53.04,53.02,53.04,1081.0
2025-07-24 12:30:00,53.02,53.04,53.01,53.01,1338.0
2025-07-24 12:35:00,53.0,53.01,53.0,53.01,1450.0
2025-07-24 12:40:00,53.0,53.0,52.97,52.97,17460.0
2025-07-24 12:45:00,52.98,52.98,52.97,52.97,5543.0
2025-07-24 12:50:00,52.98,53.0,52.98,52.99,6461.0
2025-07-24 12:55:00,53.0,53.01,53.0,53.01,8417.0
2025-07-24 13:00:00,53.01,53.01,53.0,53.0,4617.0
2025-07-24 13:05:00,53.0,53.0,53.0,53.0,300.0
2025-07-24 13:10:00,53.0,53.01,53.0,53.01,1200.0
2025-07-24 13:20:00,53.01,53.02,53.01,53.02,1499.0
2025-07-24 13:25:00,53.04,53.16,53.04,53.13,50997.0
2025-07-24 13:30:00,53.12,53.17,53.005,53.09,2026892.0
2025-07-24 13:35:00,53.085,53.09,53.04,53.085,649831.0
2025-07-24 13:40:00,53.085,53.15,53.055,53.098,577762.0
2025-07-24 13:45:00,53.11,53.15,53.07,53.13,470270.0
2025-07-24 13:50:00,53.13,53.21,53.13,53.145,817288.0
2025-07-24 13:55:00,53.14,53.235,53.135,53.23,275559.0
2025-07-24 14:00:00,53.23,53.3,53.225,53.29,410386.0
2025-07-24 14:05:00,53.29,53.305,53.24,53.265,347360.0
2025-07-24 14:10:00,53.265,53.265,53.18,53.185,271868.0
2025-07-24 14:15:00,53.19,53.235,53.18,53.195,312532.0
2025-07-24 14:20:00,53.195,53.2153,53.17,53.18,525152.0
2025-07-24 14:25:00,53.1732,53.245,53.15,53.215,530984.0
2025-07-24 14:30:00,53.215,53.28,53.205,53.255,365369.0
2025-07-24 14:35:00,53.255,53.265,53.235,53.255,444249.0
2025-07-24 14:40:00,53.26,53.295,53.2415,53.285,309620.0
2025-07-24 14:45:00,53.29,53.32,53.27,53.32,346599.0
2025-07-24 14:50:00,53.3199,53.36,53.3128,53.35,293633.0
2025-07-24 14:55:00,53.35,53.35,53.29,53.31,358706.0
2025-07-24 15:00:00,53.31,53.41,53.31,53.375,682537.0
2025-07-24 15:05:00,53.375,53.3999,53.36,53.395,239156.0
2025-07-24 15:10:00,53.395,53.44,53.3946,53.395,289634.0
2025-07-24 15:15:00,53.395,53.405,53.345,53.385,318806.0
2025-07-24 15:20:00,53.385,53.4,53.33,53.365,264646.0
2025-07-24 15:25:00,53.365,53.37,53.32,53.345,238452.0
2025-07-24 15:30:00,53.35,53.385,53.35,53.355,257624.0
2025-07-24 15:35:00,53.355,53.395,53.35,53.39,165946.0
2025-07-24 15:40:00,53.3801,53.39,53.345,53.365,284042.0
2025-07-24 15:45:00,53.365,53.395,53.365,53.375,148366.0
2025-07-24 15:50:00,53.375,53.425,53.37,53.415,186326.0
2025-07-24 15:55:00,53.415,53.42,53.4,53.41,310640.0
2025-07-24 16:00:00,53.405,53.43,53.405,53.43,308105.0
2025-07-25 09:30:00,53.13,53.15,53.13,53.15,8300.0
2025-07-25 09:35:00,53.16,53.17,53.16,53.17,2980.0
2025-07-25 09:55:00,53.16,53.16,53.16,53.16,107.0
2025-07-25 10:40:00,53.16,53.16,53.16,53.16,257.0
2025-07-25 10:45:00,53.16,53.16,53.16,53.16,300.0
2025-07-25 10:50:00,53.16,53.16,53.16,53.16,400.0
2025-07-25 10:55:00,53.16,53.16,53.16,53.16,100.0
2025-07-25 11:00:00,53.15,53.16,53.15,53.16,1939.0
2025-07-25 11:05:00,53.17,53.17,53.17,53.17,350.0
2025-07-25 11:10:00,53.17,53.17,53.17,53.17,688.0
2025-07-25 11:15:00,53.16,53.16,53.16,53.16,320.0
2025-07-25 11:25:00,53.16,53.16,53.16,53.16,1679.0
2025-07-25 11:30:00,53.16,53.16,53.15,53.15,1840.0
2025-07-25 11:35:00,53.15,53.15,53.15,53.15,400.0
2025-07-25 11:40:00,53.15,53.15,53.15,53.15,8100.0
2025-07-25 11:50:00,53.15,53.15,53.11,53.13,6613.0
2025-07-25 11:55:00,53.14,53.14,53.14,53.14,220.0
2025-07-25 12:00:00,53.15,53.21,53.14,53.16,19173.0
2025-07-25 12:10:00,53.16,53.16,53.16,53.16,201.0
2025-07-25 12:15:00,53.15,53.15,53.15,53.15,331.0
2025-07-25 12:20:00,53.1664,53.1664,53.1664,53.1664,501.0
2025-07-25 12:30:00,53.14,53.15,53.14,53.15,708.0
2025-07-25 12:35:00,53.16,53.16,53.1511,53.1511,765.0
2025-07-25 12:40:00,53.15,53.16,53.15,53.16,1755.0
2025-07-25 12:50:00,53.15,53.15,53.15,53.15,2727.0
2025-07-25 13:00:00,53.15,53.15,53.15,53.15,322.0
2025-07-25 13:05:00,53.14,53.14,53.12,53.14,1457.0
2025-07-25 13:10:00,53.15,53.16,53.13,53.14,3150.0
2025-07-25 13:15:00,53.13,53.15,53.13,53.13,1868.0
2025-07-25 13:20:00,53.14,53.14,53.14,53.14,103.0
2025-07-25 13:25:00,53.16,53.16,53.13,53.13,5745.0
2025-07-25 13:30:00,53.1,53.1699,53.03,53.135,1209352.0
2025-07-25 13:35:00,53.135,53.205,53.135,53.195,718331.0
2025-07-25 13:40:00,53.2,53.22,53.14,53.165,413237.0
2025-07-25 13:45:00,53.165,53.175,53.075,53.12,536391.0
2025-07-25 13:50:00,53.12,53.175,53.115,53.145,194658.0
2025-07-25 13:55:00,53.15,53.155,53.095,53.11,325040.0
2025-07-25 14:00:00,53.11,53.115,52.995,52.995,766625.0
2025-07-25 14:05:00,52.995,53.0652,52.99,53.065,745573.0
2025-07-25 14:10:00,53.065,53.1276,53.065,53.12,811203.0
2025-07-25 14:15:00,53.125,53.17,53.11,53.165,390992.0
2025-07-25 14:20:00,53.165,53.1757,53.135,53.145,496698.0
2025-07-25 14:25:00,53.15,53.235,53.145,53.2197,380745.0
2025-07-25 14:30:00,53.215,53.265,53.205,53.24,533584.0
2025-07-25 14:35:00,53.235,53.315,53.235,53.3,523677.0
2025-07-25 14:40:00,53.305,53.355,53.3,53.34,326773.0
2025-07-25 14:45:00,53.335,53.38,53.315,53.375,455707.0
2025-07-25 14:50:00,53.37,53.38,53.3101,53.325,327594.0
2025-07-25 14:55:00,53.32,53.345,53.265,53.28,403208.0
2025-07-25 15:00:00,53.285,53.3165,53.275,53.275,131420.0
2025-07-25 15:05:00,53.27,53.31,53.265,53.3,749597.0
2025-07-25 15:10:00,53.305,53.32,53.26,53.29,357835.0
2025-07-25 15:15:00,53.295,53.325,53.28,53.29,295373.0
2025-07-25 15:20:00,53.285,53.3,53.225,53.27,494684.0
2025-07-25 15:25:00,53.265,53.28,53.255,53.26,177944.0
2025-07-25 15:30:00,53.255,53.255,53.225,53.23,162699.0
2025-07-25 15:35:00,53.23,53.2662,53.225,53.25,238255.0
2025-07-25 15:40:00,53.2527,53.2553,53.205,53.225,183107.0
2025-07-25 15:45:00,53.22,53.255,53.215,53.235,170749.0
2025-07-25 15:50:00,53.23,53.245,53.215,53.245,164321.0
2025-07-25 15:55:00,53.24,53.265,53.24,53.25,727274.0
2025-07-25 16:00:00,53.245,53.25,53.215,53.25,239709.0
2025-07-28 09:50:00,53.57,53.57,53.55,53.55,893.0
2025-07-28 09:55:00,53.55,53.55,53.53,53.53,1060.0
2025-07-28 10:10:00,53.55,53.55,53.55,53.55,588.0
2025-07-28 10:15:00,53.54,53.55,53.53,53.55,774.0
2025-07-28 10:25:00,53.55,53.55,53.53,53.53,1144.0
2025-07-28 10:30:00,53.51,53.51,53.51,53.51,100.0
2025-07-28 10:35:00,53.51,53.52,53.51,53.52,250.0
2025-07-28 11:00:00,53.49,53.5,53.49,53.5,528.0
2025-07-28 11:05:00,53.47,53.47,53.46,53.47,5000.0
2025-07-28 11:15:00,53.47,53.47,53.47,53.47,547.0
2025-07-28 11:25:00,53.49,53.49,53.49,53.49,138.0
2025-07-28 11:30:00,53.47,53.47,53.47,53.47,4357.0
2025-07-28 11:45:00,53.46,53.46,53.44,53.44,875.0
2025-07-28 11:50:00,53.45,53.45,53.45,53.45,1488.0
2025-07-28 12:00:00,53.4602,53.65,53.4202,53.45,5576.0
2025-07-28 12:05:00,53.46,53.46,53.46,53.46,731.0
2025-07-28 12:10:00,53.45,53.45,53.43,53.43,960.0
2025-07-28 12:15:00,53.46,53.46,53.46,53.46,2555.0
2025-07-28 12:25:00,53.45,53.45,53.45,53.45,297.0
2025-07-28 12:40:00,53.46,53.46,53.46,53.46,200.0
2025-07-28 12:45:00,53.45,53.46,53.45,53.46,1830.0
2025-07-28 12:55:00,53.46,53.46,53.46,53.46,733.0
2025-07-28 13:00:00,53.46,53.46,53.45,53.45,28535.0
2025-07-28 13:05:00,53.43,53.43,53.42,53.42,2257.0
2025-07-28 13:10:00,53.44,53.44,53.4,53.4,6272.0
2025-07-28 13:15:00,53.43,53.43,53.4299,53.4299,1594.0
2025-07-28 13:20:00,53.42,53.42,53.42,53.42,253.0
2025-07-28 13:25:00,53.4,53.4,53.37,53.37,3741.0
2025-07-28 13:30:00,53.38,53.43,53.29,53.35,903377.0
2025-07-28 13:35:00,53.345,53.395,53.3,53.39,766036.0
2025-07-28 13:40:00,53.39,53.39,53.32,53.345,429078.0
2025-07-28 13:45:00,53.345,53.365,53.31,53.335,546037.0
2025-07-28 13:50:00,53.335,53.36,53.315,53.33,233333.0
2025-07-28 13:55:00,53.32,53.35,53.3,53.33,468667.0
2025-07-28 14:00:00,53.325,53.36,53.285,53.355,698858.0
2025-07-28 14:05:00,53.355,53.41,53.35,53.395,384188.0
2025-07-28 14:10:00,53.395,53.43,53.385,53.415,332306.0
2025-07-28 14:15:00,53.42,53.44,53.37,53.375,168312.0
2025-07-28 14:20:00,53.375,53.39,53.352,53.3599,337112.0
2025-07-28 14:25:00,53.36,53.405,53.355,53.405,340975.0
2025-07-28 14:30:00,53.405,53.41,53.33,53.3497,572023.0
2025-07-28 14:35:00,53.35,53.37,53.3,53.3536,624209.0
2025-07-28 14:40:00,53.3547,53.395,53.3414,53.395,328556.0
2025-07-28 14:45:00,53.39,53.39,53.34,53.345,143614.0
2025-07-28 14:50:00,53.3491,53.355,53.26,53.2747,596630.0
2025-07-28 14:55:00,53.275,53.28,53.22,53.25,241137.0
2025-07-28 15:00:00,53.2448,53.2653,53.221767,53.25,323267.0
2025-07-28 15:05:00,53.245,53.26,53.225,53.2455,165494.0
2025-07-28 15:10:00,53.24,53.26,53.21,53.21,623992.0
2025-07-28 15:15:00,53.21,53.21,53.14,53.145,708810.0
2025-07-28 15:20:00,53.145,53.19,53.135,53.19,547208.0
2025-07-28 15:25:00,53.185,53.1999,53.155,53.185,339866.0
2025-07-28 15:30:00,53.18,53.1966,53.16,53.195,377498.0
2025-07-28 15:35:00,53.195,53.23,53.195,53.22,178345.0
2025-07-28 15:40:00,53.215,53.215,53.18,53.19,350164.0
2025-07-28 15:45:00,53.19,53.19,53.13,53.13,717707.0
2025-07-28 15:50:00,53.135,53.21,53.13,53.21,676091.0
2025-07-28 15:55:00,53.205,53.21,53.17,53.18,416831.0
2025-07-28 16:00:00,53.185,53.225,53.17,53.215,234307.0
2025-07-29 09:30:00,53.13,53.14,53.13,53.14,686.0
2025-07-29 09:55:00,53.14,53.14,53.11,53.14,2233.0
2025-07-29 10:10:00,53.14,53.15,53.14,53.15,634.0
2025-07-29 10:15:00,53.15,53.15,53.15,53.15,131.0
2025-07-29 10:20:00,53.16,53.16,53.16,53.16,1390.0
2025-07-29 10:35:00,53.17,53.17,53.17,53.17,193.0
2025-07-29 10:40:00,53.18,53.18,53.18,53.18,4705.0
2025-07-29 10:45:00,53.19,53.19,53.19,53.19,1500.0
2025-07-29 10:50:00,53.18,53.19,53.18,53.19,2364.0
2025-07-29 10:55:00,53.18,53.18,53.18,53.18,132.0
2025-07-29 11:00:00,53.2,53.21,53.2,53.2,5904.0
2025-07-29 11:20:00,53.19,53.19,53.19,53.19,601.0
2025-07-29 11:40:00,53.18,53.18,53.18,53.18,188.0
2025-07-29 11:55:00,53.19,53.19,53.19,53.19,179.0
2025-07-29 12:00:00,53.2,53.2,53.01,53.18,4396.0
2025-07-29 12:10:00,53.199,53.2,53.199,53.2,264.0
2025-07-29 12:15:00,53.19,53.19,53.18,53.18,1283.0
2025-07-29 12:20:00,53.18,53.18,53.18,53.18,491.0
2025-07-29 12:35:00,53.17,53.1701,53.17,53.17,453.0
2025-07-29 12:40:00,53.17,53.17,53.17,53.17,100.0
2025-07-29 12:45:00,53.17,53.17,53.17,53.17,701.0
2025-07-29 12:50:00,53.17,53.17,53.16,53.16,3321.0
2025-07-29 12:55:00,53.17,53.17,53.15,53.15,408.0
2025-07-29 13:05:00,53.16,53.16,53.16,53.16,314.0
2025-07-29 13:20:00,53.15,53.15,53.15,53.15,712.0
2025-07-29 13:25:00,53.15,53.26,53.15,53.25,8391.0
2025-07-29 13:30:00,53.25,53.2937,53.155,53.21,1173777.0
2025-07-29 13:35:00,53.21,53.22,53.145,53.21,398333.0
2025-07-29 13:40:00,53.22,53.25,53.18,53.205,503544.0
2025-07-29 13:45:00,53.2,53.255,53.195,53.235,746847.0
2025-07-29 13:50:00,53.235,53.28,53.19,53.27,897952.0
2025-07-29 13:55:00,53.27,53.29,53.22,53.26,697217.0
2025-07-29 14:00:00,53.26,53.295,53.245,53.26,317646.0
2025-07-29 14:05:00,53.26,53.28,53.21,53.21,352908.0
2025-07-29 14:10:00,53.2022,53.2301,53.17,53.21,398363.0
2025-07-29 14:15:00,53.2178,53.23,53.19,53.2,264592.0
2025-07-29 14:20:00,53.195,53.225,53.16,53.18,180889.0
2025-07-29 14:25:00,53.175,53.2099,53.14,53.165,389666.0
2025-07-29 14:30:00,53.165,53.18,53.0801,53.0973,345623.0
2025-07-29 14:35:00,53.095,53.12,53.0301,53.075,409144.0
2025-07-29 14:40:00,53.075,53.08,53.02,53.03,186934.0
2025-07-29 14:45:00,53.03,53.04,53.0,53.02,224537.0
2025-07-29 14:50:00,53.0299,53.03,52.995,53.01,334424.0
2025-07-29 14:55:00,53.01,53.04,53.0,53.03,301298.0
2025-07-29 15:00:00,53.025,53.04,53.0,53.015,207513.0
2025-07-29 15:05:00,53.015,53.0299,52.985,52.985,213307.0
2025-07-29 15:10:00,52.9845,53.005,52.97,52.9755,262413.0
2025-07-29 15:15:00,52.975,53.0,52.97,52.9874,607337.0
2025-07-29 15:20:00,52.9853,52.99,52.895,52.935,406268.0
2025-07-29 15:25:00,52.935,52.955,52.89,52.9,466882.0
2025-07-29 15:30:00,52.9,52.9468,52.895,52.895,321743.0
2025-07-29 15:35:00,52.895,52.9399,52.89,52.895,258474.0
2025-07-29 15:40:00,52.89,52.905,52.86,52.8903,314514.0
2025-07-29 15:45:00,52.89,52.925,52.88,52.92,1625464.0
2025-07-29 15:50:00,52.92,52.95,52.905,52.905,439279.0
2025-07-29 15:55:00,52.9,52.94,52.9,52.92,264154.0
2025-07-29 16:00:00,52.915,52.94,52.885,52.905,352374.0
2025-07-30 09:30:00,52.69,52.69,52.69,52.69,1104.0
2025-07-30 09:50:00,52.69,52.69,52.69,52.69,2906.0
2025-07-30 09:55:00,52.71,52.71,52.71,52.71,1909.0
2025-07-30 10:00:00,52.71,52.71,52.71,52.71,4763.0
2025-07-30 10:05:00,52.71,52.71,52.71,52.71,3289.0
2025-07-30 10:10:00,52.71,52.71,52.71,52.71,5789.0
2025-07-30 10:15:00,52.72,52.72,52.72,52.72,834.0
2025-07-30 10:20:00,52.7,52.7,52.7,52.7,698.0
2025-07-30 10:25:00,52.72,52.72,52.72,52.72,560.0
2025-07-30 10:35:00,52.72,52.72,52.72,52.72,340.0
2025-07-30 10:40:00,52.71,52.71,52.71,52.71,252.0
2025-07-30 10:45:00,52.71,52.71,52.71,52.71,5000.0
2025-07-30 10:55:00,52.71,52.72,52.71,52.72,900.0
2025-07-30 11:00:00,52.72,52.72,52.71,52.72,5190.0
2025-07-30 11:05:00,52.73,52.73,52.72,52.73,7189.0
2025-07-30 11:10:00,52.74,52.75,52.74,52.75,3585.0
2025-07-30 11:15:00,52.74,52.75,52.74,52.75,13714.0
2025-07-30 11:20:00,52.76,52.76,52.75,52.75,4855.0
2025-07-30 11:25:00,52.75,52.76,52.75,52.76,21812.0
2025-07-30 11:30:00,52.76,52.76,52.75,52.76,4807.0
2025-07-30 11:35:00,52.75,52.75,52.75,52.75,360.0
2025-07-30 11:40:00,52.75,52.75,52.74,52.74,1713.0
2025-07-30 11:45:00,52.74,52.74,52.74,52.74,7568.0
2025-07-30 11:50:00,52.74,52.74,52.74,52.74,246.0
2025-07-30 11:55:00,52.74,52.74,52.74,52.74,9156.0
2025-07-30 12:00:00,52.73,52.77,52.68,52.72,31006.0
2025-07-30 12:05:00,52.72,52.72,52.7,52.71,8246.0
2025-07-30 12:10:00,52.7099,52.72,52.7099,52.72,641.0
2025-07-30 12:15:00,52.72,52.72,52.65,52.7,1382.0
2025-07-30 12:20:00,52.7,52.7,52.7,52.7,709.0
2025-07-30 12:25:00,52.7,52.72,52.7,52.72,1344.0
2025-07-30 12:30:00,52.71,52.71,52.7,52.7,3275.0
2025-07-30 12:35:00,52.6799,52.7,52.6799,52.7,3768.0
2025-07-30 12:40:00,52.71,52.71,52.7095,52.7097,4879.0
2025-07-30 12:45:00,52.7099,52.7299,52.7,52.7299,5438.0
2025-07-30 12:50:00,52.72,52.72,52.7198,52.7198,1628.0
2025-07-30 12:55:00,52.72,52.72,52.7197,52.7197,4574.0
2025-07-30 13:00:00,52.7199,52.7199,52.71,52.7199,661.0
2025-07-30 13:05:00,52.71,52.71,52.69,52.7,14068.0
2025-07-30 13:10:00,52.7094,52.7094,52.7,52.7094,2390.0
2025-07-30 13:15:00,52.71,52.72,52.71,52.7103,2123.0
2025-07-30 13:20:00,52.72,52.721,52.71,52.72,10753.0
2025-07-30 13:25:00,52.72,52.85,52.71,52.85,36252.0
2025-07-30 13:30:00,52.78,52.98,52.71,52.9,1413080.0
2025-07-30 13:35:00,52.9,52.91,52.85,52.89,735697.0
2025-07-30 13:40:00,52.9,52.9,52.815,52.855,583286.0
2025-07-30 13:45:00,52.85,52.86,52.775,52.78,1034576.0
2025-07-30 13:50:00,52.77,52.81,52.735,52.81,445203.0
2025-07-30 13:55:00,52.8,52.925,52.795,52.91,328810.0
2025-07-30 14:00:00,52.915,52.93,52.845,52.86,374428.0
2025-07-30 14:05:00,52.865,52.8774,52.805,52.835,301147.0
2025-07-30 14:10:00,52.84,52.91,52.835,52.895,259068.0
2025-07-30 14:15:00,52.895,52.935,52.8701,52.935,270651.0
2025-07-30 14:20:00,52.935,52.97,52.9203,52.96,152191.0
2025-07-30 14:25:00,52.965,52.965,52.905,52.9318,284444.0
2025-07-30 14:30:00,52.935,52.98,52.935,52.97,198622.0
2025-07-30 14:35:00,52.9635,52.98,52.95,52.975,212083.0
2025-07-30 14:40:00,52.975,52.98,52.94,52.9677,280711.0
2025-07-30 14:45:00,52.965,52.9874,52.93,52.95,420921.0
2025-07-30 14:50:00,52.955,52.96,52.925,52.94,363771.0
2025-07-30 14:55:00,52.945,52.96,52.92,52.95,332865.0
2025-07-30 15:00:00,52.9497,52.97,52.895,52.895,352998.0
2025-07-30 15:05:00,52.895,52.925,52.88,52.915,550102.0
2025-07-30 15:10:00,52.9101,52.92,52.8438,52.8463,774918.0
2025-07-30 15:15:00,52.8499,52.8868,52.825,52.8655,328824.0
2025-07-30 15:20:00,52.865,52.8959,52.855,52.88,277929.0
2025-07-30 15:25:00,52.885,52.89,52.855,52.8701,281051.0
2025-07-30 15:30:00,52.875,52.8958,52.855,52.885,371745.0
2025-07-30 15:35:00,52.885,52.91,52.8701,52.88,316019.0
2025-07-30 15:40:00,52.88,52.895,52.855,52.87,308982.0
2025-07-30 15:45:00,52.88,52.9099,52.86,52.895,387652.0
2025-07-30 15:50:00,52.895,52.93,52.88,52.915,341507.0
2025-07-30 15:55:00,52.915,52.925,52.9,52.925,327925.0
2025-07-30 16:00:00,52.9235,52.9299,52.9,52.915,199469.0
2025-07-31 09:30:00,52.47,52.47,52.47,52.47,1660.0
2025-07-31 09:40:00,52.47,52.47,52.47,52.47,161.0
2025-07-31 09:45:00,52.46,52.46,52.45,52.46,951.0
2025-07-31 10:10:00,52.47,52.47,52.47,52.47,3631.0
2025-07-31 10:20:00,52.47,52.47,52.47,52.47,1500.0
2025-07-31 10:35:00,52.48,52.48,52.48,52.48,300.0
2025-07-31 10:40:00,52.48,52.48,52.48,52.48,440.0
2025-07-31 10:45:00,52.475,52.475,52.47,52.47,1333.0
2025-07-31 10:50:00,52.47,52.47,52.43,52.43,1877.0
2025-07-31 10:55:00,52.43,52.43,52.4,52.4,3974.0
2025-07-31 11:00:00,52.39,52.39,52.38,52.38,1191.0
2025-07-31 11:05:00,52.39,52.4,52.39,52.4,1421.0
2025-07-31 11:10:00,52.39,52.4,52.35,52.4,7825.0
2025-07-31 11:15:00,52.4,52.4,52.4,52.4,248.0
2025-07-31 11:20:00,52.39,52.39,52.39,52.39,1022.0
2025-07-31 11:25:00,52.38,52.41,52.38,52.41,5700.0
2025-07-31 11:30:00,52.41,52.44,52.41,52.44,4466.0
2025-07-31 11:35:00,52.42,52.45,52.42,52.44,7873.0
2025-07-31 11:40:00,52.43,52.43,52.43,52.43,1343.0
2025-07-31 11:45:00,52.43,52.44,52.43,52.44,2733.0
2025-07-31 11:50:00,52.43,52.43,52.42,52.42,10601.0
2025-07-31 11:55:00,52.43,52.43,52.43,52.43,3352.0
2025-07-31 12:00:00,52.4,52.59,52.39,52.44,27136.0
2025-07-31 12:05:00,52.43,52.43,52.41,52.42,10984.0
2025-07-31 12:10:00,52.43,52.45,52.41,52.42,129166.0
2025-07-31 12:15:00,52.42,52.44,52.41,52.42,62469.0
2025-07-31 12:20:00,52.42,52.44,52.42,52.43,98568.0
2025-07-31 12:30:00,52.4,52.43,52.4,52.43,3882.0
2025-07-31 12:35:00,52.4299,52.45,52.4299,52.43,1693.0
2025-07-31 12:40:00,52.43,52.44,52.43,52.44,3174.0
2025-07-31 12:45:00,52.43,52.44,52.43,52.44,788.0
2025-07-31 12:50:00,52.44,52.45,52.44,52.44,946.0
2025-07-31 12:55:00,52.43,52.43,52.43,52.43,860.0
2025-07-31 13:00:00,52.42,52.43,52.4,52.43,1841.0
2025-07-31 13:10:00,52.43,52.48,52.43,52.46,24128.0
2025-07-31 13:15:00,52.44,52.44,52.41,52.43,9147.0
2025-07-31 13:20:00,52.4151,52.42,52.41,52.41,13967.0
2025-07-31 13:25:00,52.42,52.53,52.42,52.53,19702.0
2025-07-31 13:30:00,52.48,52.82,52.48,52.81,1776384.0
2025-07-31 13:35:00,52.815,52.86,52.67,52.67,1377776.0
2025-07-31 13:40:00,52.68,52.725,52.61,52.715,736183.0
2025-07-31 13:45:00,52.72,52.83,52.7,52.81,1648032.0
2025-07-31 13:50:00,52.82,52.9199,52.815,52.905,702006.0
2025-07-31 13:55:00,52.9,52.94,52.8747,52.925,623026.0
2025-07-31 14:00:00,52.93,52.99,52.91,52.935,490840.0
2025-07-31 14:05:00,52.935,52.97,52.79,52.81,1365961.0
2025-07-31 14:10:00,52.81,52.8852,52.78,52.83,416871.0
2025-07-31 14:15:00,52.825,52.86,52.8,52.846,954217.0
2025-07-31 14:20:00,52.845,52.875,52.82,52.87,542099.0
2025-07-31 14:25:00,52.87,52.87,52.79,52.7901,659797.0
2025-07-31 14:30:00,52.8,52.86,52.8,52.855,509763.0
2025-07-31 14:35:00,52.855,52.885,52.78,52.785,550966.0
2025-07-31 14:40:00,52.785,52.82,52.76,52.815,340190.0
2025-07-31 14:45:00,52.815,52.855,52.8,52.81,761676.0
2025-07-31 14:50:00,52.815,52.815,52.74,52.755,802213.0
2025-07-31 14:55:00,52.75,52.7567,52.6735,52.675,310926.0
2025-07-31 15:00:00,52.68,52.75,52.68,52.74,554195.0
2025-07-31 15:05:00,52.745,52.765,52.695,52.71,294370.0
2025-07-31 15:10:00,52.71,52.71,52.592909,52.615,458893.0
2025-07-31 15:15:00,52.62,52.6399,52.56,52.625,1598034.0
2025-07-31 15:20:00,52.625,52.6599,52.555,52.59,346992.0
2025-07-31 15:25:00,52.59,52.67,52.5801,52.6399,392658.0
2025-07-31 15:30:00,52.635,52.7,52.62,52.675,395963.0
2025-07-31 15:35:00,52.68,52.75,52.68,52.7301,312043.0
2025-07-31 15:40:00,52.731,52.785,52.73,52.7531,546766.0
2025-07-31 15:45:00,52.755,52.77,52.725,52.7351,322707.0
2025-07-31 15:50:00,52.7301,52.78,52.7301,52.775,315242.0
2025-07-31 15:55:00,52.775,52.81,52.765,52.8,276472.0
2025-07-31 16:00:00,52.805,52.83,52.76,52.765,247139.0
2025-08-01 09:35:00,51.96,51.96,51.96,51.96,1883.0
2025-08-01 09:40:00,51.96,51.97,51.96,51.97,1562.0
2025-08-01 09:45:00,51.97,51.97,51.97,51.97,2289.0
2025-08-01 10:00:00,51.96,51.96,51.93,51.94,3774.0
2025-08-01 10:05:00,51.9,51.91,51.89,51.9,3334.0
2025-08-01 10:10:00,51.92,51.95,51.92,51.95,2552.0
2025-08-01 10:20:00,51.91,51.91,51.9,51.9,610.0
2025-08-01 10:25:00,51.91,51.92,51.91,51.92,2638.0
2025-08-01 10:35:00,51.91,51.91,51.88,51.88,5267.0
2025-08-01 10:40:00,51.89,51.9,51.87,51.87,2337.0
2025-08-01 10:50:00,51.83,51.84,51.81,51.82,9521.0
2025-08-01 10:55:00,51.81,51.83,51.81,51.83,2038.0
2025-08-01 11:00:00,51.83,51.86,51.83,51.84,7802.0
2025-08-01 11:05:00,51.85,51.85,51.85,51.85,705.0
2025-08-01 11:10:00,51.88,51.92,51.88,51.9,5514.0
2025-08-01 11:15:00,51.88,51.9,51.88,51.9,798.0
2025-08-01 11:20:00,51.9,51.9,51.9,51.9,449.0
2025-08-01 11:25:00,51.9,51.9,51.88,51.89,4890.0
2025-08-01 11:30:00,51.88,51.91,51.88,51.91,11571.0
2025-08-01 11:35:00,51.91,51.92,51.91,51.91,1579.0
2025-08-01 11:40:00,51.91,51.91,51.91,51.91,300.0
2025-08-01 11:45:00,51.92,51.92,51.92,51.92,320.0
2025-08-01 11:55:00,51.93,51.93,51.93,51.93,292.0
2025-08-01 12:00:00,51.92,52.37,51.8297,52.05,10159.0
2025-08-01 12:05:00,51.95,51.96,51.95,51.96,1531.0
2025-08-01 12:10:00,51.96,51.96,51.95,51.95,1945.0
2025-08-01 12:15:00,51.95,51.95,51.95,51.95,720.0
2025-08-01 12:20:00,51.941,51.96,51.941,51.96,1303.0
2025-08-01 12:30:00,51.89,51.95,51.87,51.87,11536.0
2025-08-01 12:35:00,51.86,51.91,51.86,51.91,4164.0
2025-08-01 12:40:00,51.92,52.02,51.92,52.0,5548.0
2025-08-01 12:45:00,51.98,51.98,51.88,51.88,19819.0
2025-08-01 12:50:00,51.9,51.9,51.9,51.9,1001.0
2025-08-01 12:55:00,51.89,51.89,51.85,51.86,9800.0
2025-08-01 13:00:00,51.86,51.9,51.85,51.9,9906.0
2025-08-01 13:05:00,51.89,51.89,51.84,51.86,204683.0
2025-08-01 13:10:00,51.83,51.83,51.82,51.82,5493.0
2025-08-01 13:15:00,51.83,51.85,51.81,51.82,31716.0
2025-08-01 13:20:00,51.81,51.81,51.801,51.801,5427.0
2025-08-01 13:25:00,51.83,51.84,51.65,51.7,13101.0
2025-08-01 13:30:00,51.72,51.76,51.36,51.45,2211214.0
2025-08-01 13:35:00,51.44,51.49,51.275,51.28,1786250.0
2025-08-01 13:40:00,51.28,51.31,51.19,51.21,1506413.0
2025-08-01 13:45:00,51.21,51.28,51.14,51.15,1159263.0
2025-08-01 13:50:00,51.15,51.215,51.14,51.185,1734894.0
2025-08-01 13:55:00,51.18,51.25,51.17,51.2101,1112491.0
2025-08-01 14:00:00,51.21,51.215,51.05,51.17,1772274.0
2025-08-01 14:05:00,51.175,51.225,51.075,51.215,2333918.0
2025-08-01 14:10:00,51.22,51.305,51.215,51.24,1331600.0
2025-08-01 14:15:00,51.2401,51.35,51.23,51.315,921959.0
2025-08-01 14:20:00,51.315,51.385,51.27,51.385,1104613.0
2025-08-01 14:25:00,51.39,51.46,51.36,51.42,652453.0
2025-08-01 14:30:00,51.41,51.45,51.35,51.44,1006564.0
2025-08-01 14:35:00,51.44,51.475,51.355,51.375,944223.0
2025-08-01 14:40:00,51.37,51.41,51.35,51.39,746885.0
2025-08-01 14:45:00,51.385,51.51,51.34,51.365,847558.0
2025-08-01 14:50:00,51.37,51.395,51.32,51.38,558303.0
2025-08-01 14:55:00,51.38,51.4,51.32,51.34,380406.0
2025-08-01 15:00:00,51.34,51.41,51.325,51.37,663666.0
2025-08-01 15:05:00,51.37,51.42,51.365,51.37,424605.0
2025-08-01 15:10:00,51.37,51.425,51.34,51.355,584719.0
2025-08-01 15:15:00,51.355,51.4067,51.315,51.325,412549.0
2025-08-01 15:20:00,51.325,51.37,51.25,51.265,497573.0
2025-08-01 15:25:00,51.265,51.27,51.2,51.235,567265.0
2025-08-01 15:30:00,51.24,51.295,51.225,51.25,516643.0
2025-08-01 15:35:00,51.245,51.355,51.245,51.3448,393210.0
2025-08-01 15:40:00,51.345,51.445,51.335,51.4401,392122.0
2025-08-01 15:45:00,51.4401,51.49,51.4232,51.49,469658.0
2025-08-01 15:50:00,51.49,51.525,51.465,51.495,455401.0
2025-08-01 15:55:00,51.495,51.5399,51.49,51.535,338475.0
2025-08-01 16:00:00,51.53,51.595,51.525,51.595,439052.0
2025-08-04 09:40:00,51.75,51.75,51.73,51.74,926.0
2025-08-04 09:45:00,51.73,51.73,51.72,51.72,3713.0
2025-08-04 10:00:00,51.71,51.71,51.71,51.71,401.0
2025-08-04 10:05:00,51.71,51.71,51.7,51.7,2970.0
2025-08-04 10:15:00,51.7,51.7,51.69,51.7,7387.0
2025-08-04 10:20:00,51.68,51.68,51.68,51.68,300.0
2025-08-04 10:25:00,51.68,51.69,51.68,51.69,968.0
2025-08-04 10:30:00,51.69,51.69,51.69,51.69,1500.0
2025-08-04 10:35:00,51.68,51.68,51.65,51.65,3609.0
2025-08-04 10:40:00,51.65,51.67,51.65,51.66,970.0
2025-08-04 10:45:00,51.65,51.65,51.64,51.65,6167.0
2025-08-04 10:50:00,51.64,51.64,51.63,51.64,1068.0
2025-08-04 10:55:00,51.64,51.64,51.64,51.64,1340.0
2025-08-04 11:00:00,51.64,51.65,51.61,51.61,4992.0
2025-08-04 11:05:00,51.62,51.62,51.58,51.58,2463.0
2025-08-04 11:10:00,51.6,51.6,51.59,51.59,320.0
2025-08-04 11:15:00,51.59,51.6,51.59,51.59,2965.0
2025-08-04 11:20:00,51.59,51.59,51.59,51.59,310.0
2025-08-04 11:25:00,51.59,51.61,51.59,51.6,3700.0
2025-08-04 11:30:00,51.6,51.62,51.6,51.62,34618.0
2025-08-04 11:45:00,51.61,51.61,51.6,51.6,1260.0
2025-08-04 11:50:00,51.62,51.62,51.62,51.62,348.0
2025-08-04 11:55:00,51.6,51.6,51.56,51.58,10842.0
2025-08-04 12:00:00,51.61,51.72,51.58,51.58,3749.0
2025-08-04 12:10:00,51.57,51.57,51.56,51.56,6327.0
2025-08-04 12:15:00,51.56,51.58,51.56,51.58,1277.0
2025-08-04 12:20:00,51.58,51.58,51.56,51.57,5815.0
2025-08-04 12:25:00,51.58,51.6099,51.58,51.59,2701.0
2025-08-04 12:30:00,51.59,51.6,51.59,51.6,425.0
2025-08-04 12:35:00,51.58,51.61,51.58,51.6,1398.0
2025-08-04 12:40:00,51.58,51.58,51.58,51.58,559.0
2025-08-04 12:45:00,51.58,51.58,51.57,51.57,3693.0
2025-08-04 12:50:00,51.58,51.58,51.58,51.58,421.0
2025-08-04 12:55:00,51.58,51.58,51.56,51.57,843.0
2025-08-04 13:05:00,51.56,51.56,51.55,51.55,3716.0
2025-08-04 13:10:00,51.56,51.57,51.55,51.55,6211.0
2025-08-04 13:15:00,51.55,51.56,51.55,51.56,1180.0
2025-08-04 13:20:00,51.54,51.57,51.54,51.57,2565.0
2025-08-04 13:25:00,51.55,51.64,51.55,51.62,37367.0
2025-08-04 13:30:00,51.6,51.7,51.5,51.55,1793918.0
2025-08-04 13:35:00,51.54,51.585,51.485,51.515,748755.0
2025-08-04 13:40:00,51.515,51.58,51.5,51.51,756794.0
2025-08-04 13:45:00,51.51,51.665,51.51,51.62,749755.0
2025-08-04 13:50:00,51.615,51.625,51.535,51.585,606614.0
2025-08-04 13:55:00,51.585,51.685,51.55,51.655,580961.0
2025-08-04 14:00:00,51.66,51.69,51.63,51.64,617617.0
2025-08-04 14:05:00,51.635,51.685,51.625,51.65,719551.0
2025-08-04 14:10:00,51.66,51.69,51.635,51.6876,544437.0
2025-08-04 14:15:00,51.69,51.76,51.68,51.7,339880.0
2025-08-04 14:20:00,51.7,51.725,51.68,51.705,891076.0
2025-08-04 14:25:00,51.71,51.76,51.69,51.715,838131.0
2025-08-04 14:30:00,51.7148,51.72,51.66,51.68,690415.0
2025-08-04 14:35:00,51.69,51.72,51.66,51.705,266895.0
2025-08-04 14:40:00,51.705,51.72,51.67,51.67,187441.0
2025-08-04 14:45:00,51.67,51.76,51.6501,51.755,555806.0
2025-08-04 14:50:00,51.75,51.78,51.6925,51.745,4421786.0
2025-08-04 14:55:00,51.74,51.7675,51.73,51.755,276492.0
2025-08-04 15:00:00,51.75,51.8057,51.735,51.7652,549797.0
2025-08-04 15:05:00,51.765,51.84,51.765,51.82,294141.0
2025-08-04 15:10:00,51.825,51.865,51.815,51.85,580100.0
2025-08-04 15:15:00,51.8501,51.8501,51.77,51.785,468701.0
2025-08-04 15:20:00,51.78,51.78,51.715,51.775,671165.0
2025-08-04 15:25:00,51.77,51.79,51.745,51.745,451635.0
2025-08-04 15:30:00,51.74,51.76,51.725,51.7482,266200.0
2025-08-04 15:35:00,51.745,51.75,51.71,51.7151,428684.0
2025-08-04 15:40:00,51.715,51.7151,51.64,51.6567,250432.0
2025-08-04 15:45:00,51.655,51.71,51.645,51.7097,201765.0
2025-08-04 15:50:00,51.705,51.72,51.68,51.705,402965.0
2025-08-04 15:55:00,51.705,51.73,51.7,51.7183,209133.0
2025-08-04 16:00:00,51.715,51.74,51.685,51.69,327419.0
2025-08-05 09:30:00,51.95,51.95,51.95,51.95,102.0
2025-08-05 09:50:00,51.95,51.95,51.95,51.95,199.0
2025-08-05 09:55:00,51.95,51.95,51.95,51.95,300.0
2025-08-05 10:05:00,51.97,51.97,51.97,51.97,591.0
2025-08-05 10:25:00,51.99,51.99,51.99,51.99,141.0
2025-08-05 10:30:00,51.99,51.99,51.99,51.99,1000.0
2025-08-05 10:40:00,52.01,52.01,52.01,52.01,300.0
2025-08-05 10:50:00,52.01,52.01,52.01,52.01,205.0
2025-08-05 11:00:00,51.99,51.99,51.96,51.97,1553.0
2025-08-05 11:05:00,51.96,51.96,51.96,51.96,300.0
2025-08-05 11:10:00,51.96,51.96,51.95,51.96,961.0
2025-08-05 11:15:00,51.97,51.97,51.97,51.97,1101.0
2025-08-05 11:25:00,51.97,51.97,51.96,51.96,991.0
2025-08-05 11:30:00,51.94,51.94,51.94,51.94,1345.0
2025-08-05 11:35:00,51.94,51.94,51.94,51.94,1240.0
2025-08-05 11:40:00,51.94,51.95,51.94,51.95,728.0
2025-08-05 11:45:00,51.96,51.96,51.96,51.96,100.0
2025-08-05 12:00:00,51.98,51.98,51.94,51.95,2413.0
2025-08-05 12:05:00,51.97,51.97,51.97,51.97,150.0
2025-08-05 12:10:00,51.97,52.01,51.97,52.01,6121.0
2025-08-05 12:15:00,52.0,52.0,51.93,51.94,9492.0
2025-08-05 12:20:00,51.95,51.95,51.94,51.94,1973.0
2025-08-05 12:25:00,51.94,51.94,51.88,51.88,27751.0
2025-08-05 12:30:00,51.9,51.9,51.89,51.9,2439.0
2025-08-05 12:35:00,51.9,51.91,51.88,51.91,4194.0
2025-08-05 12:50:00,51.9,51.9,51.9,51.9,630.0
2025-08-05 12:55:00,51.89,51.9,51.89,51.9,5313.0
2025-08-05 13:00:00,51.9,51.9,51.9,51.9,1031.0
2025-08-05 13:05:00,51.88,51.88,51.8701,51.8701,2838.0
2025-08-05 13:10:00,51.88,51.89,51.88,51.89,9466.0
2025-08-05 13:15:00,51.89,51.91,51.89,51.91,3484.0
2025-08-05 13:20:00,51.91,51.91,51.91,51.91,842.0
2025-08-05 13:25:00,51.91,52.04,51.91,52.04,5891.0
2025-08-05 13:30:00,52.05,52.09,51.95,52.065,854236.0
2025-08-05 13:35:00,52.06,52.07,51.98,52.01,467405.0
2025-08-05 13:40:00,52.0,52.04,51.92,51.935,377145.0
2025-08-05 13:45:00,51.935,51.96,51.885,51.905,592061.0
2025-08-05 13:50:00,51.9,51.91,51.815,51.84,385554.0
2025-08-05 13:55:00,51.84,51.84,51.78,51.82,378468.0
2025-08-05 14:00:00,51.82,51.83,51.67,51.67,1100853.0
2025-08-05 14:05:00,51.675,51.68,51.61,51.665,771176.0
2025-08-05 14:10:00,51.665,51.72,51.6425,51.65,355262.0
2025-08-05 14:15:00,51.66,51.69,51.58,51.63,448425.0
2025-08-05 14:20:00,51.63,51.66,51.5647,51.575,570517.0
2025-08-05 14:25:00,51.575,51.63,51.55,51.63,400505.0
2025-08-05 14:30:00,51.625,51.63,51.52,51.54,1353557.0
2025-08-05 14:35:00,51.535,51.54,51.44,51.46,559038.0
2025-08-05 14:40:00,51.445,51.5,51.36,51.38,662304.0
2025-08-05 14:45:00,51.38,51.43,51.3601,51.37,524132.0
2025-08-05 14:50:00,51.37,51.475,51.37,51.42,520765.0
2025-08-05 14:55:00,51.417,51.5,51.395,51.485,338852.0
2025-08-05 15:00:00,51.48,51.54,51.45,51.5241,453969.0
2025-08-05 15:05:00,51.53,51.57,51.51,51.5503,374769.0
2025-08-05 15:10:00,51.555,51.56,51.51,51.535,409142.0
2025-08-05 15:15:00,51.535,51.56,51.515,51.55,345565.0
2025-08-05 15:20:00,51.545,51.59,51.5,51.525,346753.0
2025-08-05 15:25:00,51.525,51.55,51.49,51.5001,306843.0
2025-08-05 15:30:00,51.505,51.56,51.485,51.515,534391.0
2025-08-05 15:35:00,51.5199,51.52,51.46,51.495,497426.0
2025-08-05 15:40:00,51.4999,51.53,51.48,51.515,302757.0
2025-08-05 15:45:00,51.51,51.56,51.5,51.535,544558.0
2025-08-05 15:50:00,51.53,51.555,51.5099,51.555,356163.0
2025-08-05 15:55:00,51.56,51.62,51.555,51.6058,257296.0
2025-08-05 16:00:00,51.6,51.63,51.57,51.59,349888.0
2025-08-06 09:35:00,51.89,51.89,51.88,51.88,1477.0
2025-08-06 09:45:00,51.87,51.87,51.87,51.87,1000.0
2025-08-06 10:10:00,51.87,51.87,51.87,51.87,2946.0
2025-08-06 10:15:00,51.85,51.85,51.85,51.85,818.0
2025-08-06 10:20:00,51.86,51.86,51.85,51.85,2532.0
2025-08-06 10:35:00,51.85,51.85,51.85,51.85,170.0
2025-08-06 10:40:00,51.85,51.85,51.85,51.85,11070.0
2025-08-06 10:45:00,51.85,51.85,51.84,51.84,10000.0
2025-08-06 10:50:00,51.86,51.88,51.86,51.88,3306.0
2025-08-06 11:00:00,51.87,51.89,51.86,51.87,13962.0
2025-08-06 11:05:00,51.87,51.89,51.87,51.88,1724.0
2025-08-06 11:10:00,51.89,51.89,51.89,51.89,360.0
2025-08-06 11:15:00,51.88,51.88,51.88,51.88,332.0
2025-08-06 11:20:00,51.89,51.89,51.89,51.89,1878.0
2025-08-06 11:25:00,51.88,51.88,51.86,51.86,750.0
2025-08-06 11:30:00,51.87,51.89,51.87,51.88,14021.0
2025-08-06 11:35:00,51.88,51.88,51.88,51.88,1408.0
2025-08-06 11:40:00,51.87,51.88,51.87,51.88,1958.0
2025-08-06 11:55:00,51.86,51.86,51.86,51.86,471.0
2025-08-06 12:00:00,51.8798,52.02,51.75,51.85,3179.0
2025-08-06 12:05:00,51.86,51.86,51.83,51.84,6539.0
2025-08-06 12:10:00,51.84,51.84,51.82,51.82,858.0
2025-08-06 12:15:00,51.83,51.83,51.82,51.82,269.0
2025-08-06 12:20:00,51.84,51.84,51.82,51.82,340.0
2025-08-06 12:25:00,51.8399,51.8399,51.8399,51.8399,200.0
2025-08-06 12:30:00,51.82,51.82,51.8,51.81,3162.0
2025-08-06 13:05:00,51.83,51.85,51.83,51.85,1364.0
2025-08-06 13:10:00,51.85,51.85,51.85,51.85,1473.0
2025-08-06 13:15:00,51.85,51.87,51.84,51.86,1172.0
2025-08-06 13:20:00,51.85,51.85,51.85,51.85,140.0
2025-08-06 13:25:00,51.86,51.89,51.84,51.84,9072.0
2025-08-06 13:30:00,51.81,51.86,51.72,51.835,1058893.0
2025-08-06 13:35:00,51.83,51.885,51.81,51.86,626175.0
2025-08-06 13:40:00,51.87,51.905,51.82,51.865,565709.0
2025-08-06 13:45:00,51.865,51.915,51.845,51.895,649245.0
2025-08-06 13:50:00,51.895,51.91,51.78,51.9084,598907.0
2025-08-06 13:55:00,51.91,51.93,51.82,51.835,618331.0
2025-08-06 14:00:00,51.84,51.935,51.82,51.935,1140009.0
2025-08-06 14:05:00,51.9382,51.965,51.92,51.95,514290.0
2025-08-06 14:10:00,51.945,51.965,51.805,51.805,680803.0
2025-08-06 14:15:00,51.805,51.825,51.725,51.755,372986.0
2025-08-06 14:20:00,51.7552,51.78,51.66,51.69,458366.0
2025-08-06 14:25:00,51.685,51.7172,51.66,51.7,853694.0
2025-08-06 14:30:00,51.69,51.725,51.66,51.68,306426.0
2025-08-06 14:35:00,51.685,51.8,51.685,51.785,296939.0
2025-08-06 14:40:00,51.785,51.8285,51.7751,51.8158,397215.0
2025-08-06 14:45:00,51.815,51.865,51.815,51.8581,327554.0
2025-08-06 14:50:00,51.8599,51.925,51.8401,51.915,200250.0
2025-08-06 14:55:00,51.915,51.9499,51.91,51.9294,474784.0
2025-08-06 15:00:00,51.925,51.94,51.895,51.915,329722.0
2025-08-06 15:05:00,51.92,51.9398,51.9,51.905,299615.0
2025-08-06 15:10:00,51.9,51.92,51.88,51.9101,478381.0
2025-08-06 15:15:00,51.91,51.93,51.9,51.91,262509.0
2025-08-06 15:20:00,51.905,51.96,51.905,51.945,291874.0
2025-08-06 15:25:00,51.945,51.9651,51.925,51.95,375557.0
2025-08-06 15:30:00,51.955,52.0099,51.955,51.975,340618.0
2025-08-06 15:35:00,51.975,51.985,51.9,51.93,506244.0
2025-08-06 15:40:00,51.935,51.9551,51.875,51.9483,335195.0
2025-08-06 15:45:00,51.945,51.9781,51.945,51.96,281440.0
2025-08-06 15:50:00,51.965,52.01,51.96,51.995,252880.0
2025-08-06 15:55:00,51.993941,52.015,51.9849,51.9851,563447.0
2025-08-06 16:00:00,51.9883,52.01,51.97,51.995,250363.0
2025-08-07 09:30:00,52.24,52.27,52.24,52.26,5571.0
2025-08-07 09:35:00,52.26,52.26,52.26,52.26,262.0
2025-08-07 09:40:00,52.25,52.25,52.25,52.25,685.0
2025-08-07 09:45:00,52.26,52.26,52.26,52.26,680.0
2025-08-07 09:50:00,52.27,52.27,52.27,52.27,2235.0
2025-08-07 09:55:00,52.29,52.29,52.29,52.29,385.0
2025-08-07 10:00:00,52.29,52.29,52.28,52.29,51440.0
2025-08-07 10:05:00,52.29,52.3,52.28,52.29,43961.0
2025-08-07 10:10:00,52.29,52.31,52.29,52.31,14457.0
2025-08-07 10:15:00,52.32,52.36,52.32,52.36,3079.0
2025-08-07 10:20:00,52.35,52.35,52.35,52.35,4380.0
2025-08-07 10:25:00,52.34,52.34,52.33,52.33,1939.0
2025-08-07 10:30:00,52.33,52.34,52.32,52.34,10683.0
2025-08-07 10:35:00,52.36,52.36,52.36,52.36,581.0
2025-08-07 10:45:00,52.36,52.36,52.36,52.36,170.0
2025-08-07 10:50:00,52.37,52.37,52.37,52.37,150.0
2025-08-07 10:55:00,52.36,52.36,52.34,52.34,647.0
2025-08-07 11:00:00,52.35,52.35,52.28,52.3,18942.0
2025-08-07 11:05:00,52.3,52.3,52.28,52.28,1228.0
2025-08-07 11:10:00,52.29,52.31,52.29,52.31,2704.0
2025-08-07 11:15:00,52.3,52.31,52.29,52.31,2082.0
2025-08-07 11:20:00,52.32,52.33,52.31,52.31,829.0
2025-08-07 11:25:00,52.31,52.31,52.3,52.31,40511.0
2025-08-07 11:30:00,52.3,52.3,52.26,52.27,6711.0
2025-08-07 11:35:00,52.25,52.25,52.25,52.25,467.0
2025-08-07 11:40:00,52.26,52.28,52.26,52.28,712.0
2025-08-07 11:50:00,52.25,52.25,52.25,52.25,179.0
2025-08-07 12:00:00,52.3099,52.3099,52.02,52.07,1037.0
2025-08-07 12:05:00,52.25,52.27,52.22,52.27,6566.0
2025-08-07 12:10:00,52.21,52.24,52.2,52.234,2305.0
2025-08-07 12:15:00,52.24,52.27,52.24,52.27,832.0
2025-08-07 12:25:00,52.23,52.23,52.23,52.23,153.0
2025-08-07 12:35:00,52.27,52.27,52.27,52.27,535.0
2025-08-07 12:40:00,52.26,52.26,52.26,52.26,247.0
2025-08-07 12:45:00,52.26,52.28,52.25,52.25,4548.0
2025-08-07 12:50:00,52.25,52.26,52.24,52.26,4992.0
2025-08-07 12:55:00,52.28,52.28,52.28,52.28,316.0
2025-08-07 13:00:00,52.2799,52.2799,52.2799,52.2799,103.0
2025-08-07 13:10:00,52.26,52.26,52.26,52.26,302.0
2025-08-07 13:15:00,52.26,52.28,52.25,52.25,36881.0
2025-08-07 13:20:00,52.25,52.27,52.25,52.27,41114.0
2025-08-07 13:25:00,52.2692,52.2692,52.1703,52.18,8714.0
2025-08-07 13:30:00,52.18,52.25,52.07,52.235,1760803.0
2025-08-07 13:35:00,52.235,52.24,52.09,52.155,701856.0
2025-08-07 13:40:00,52.15,52.16,52.055,52.14,583746.0
2025-08-07 13:45:00,52.145,52.15,52.015,52.055,665253.0
2025-08-07 13:50:00,52.05,52.07,51.965,51.975,414423.0
2025-08-07 13:55:00,51.98,52.055,51.975,52.04,1808349.0
2025-08-07 14:00:00,52.045,52.069,51.98,51.98,584208.0
2025-08-07 14:05:00,51.98,52.005,51.91,51.915,879270.0
2025-08-07 14:10:00,51.91,51.915,51.8101,51.85,846535.0
2025-08-07 14:15:00,51.85,51.875,51.81,51.855,426742.0
2025-08-07 14:20:00,51.855,51.855,51.765,51.77,801637.0
2025-08-07 14:25:00,51.77,51.79,51.74,51.78,701756.0
2025-08-07 14:30:00,51.775,51.8,51.735,51.7701,348675.0
2025-08-07 14:35:00,51.775,51.78,51.725,51.745,261751.0
2025-08-07 14:40:00,51.745,51.76,51.69,51.7299,475894.0
2025-08-07 14:45:00,51.725,51.725,51.635,51.665,709040.0
2025-08-07 14:50:00,51.665,51.6754,51.605,51.62,356264.0
2025-08-07 14:55:00,51.62,51.63,51.575,51.595,321966.0
2025-08-07 15:00:00,51.6,51.62,51.525,51.5398,425114.0
2025-08-07 15:05:00,51.535,51.5667,51.5122,51.555,379948.0
2025-08-07 15:10:00,51.555,51.6,51.5,51.505,815230.0
2025-08-07 15:15:00,51.51,51.57,51.48,51.555,362831.0
2025-08-07 15:20:00,51.555,51.6,51.55,51.58,382168.0
2025-08-07 15:25:00,51.585,51.6,51.5,51.515,524659.0
2025-08-07 15:30:00,51.515,51.55,51.42,51.44,429928.0
2025-08-07 15:35:00,51.445,51.48,51.415,51.445,486900.0
2025-08-07 15:40:00,51.445,51.45,51.42,51.44,310815.0
2025-08-07 15:45:00,51.4399,51.4476,51.3999,51.405,337902.0
2025-08-07 15:50:00,51.4,51.4651,51.395,51.465,243632.0
2025-08-07 15:55:00,51.465,51.475,51.42,51.425,375484.0
2025-08-07 16:00:00,51.4235,51.43,51.355,51.39,523944.0
2025-08-08 09:30:00,51.54,51.54,51.54,51.54,670.0
2025-08-08 09:40:00,51.54,51.54,51.54,51.54,258.0
2025-08-08 09:50:00,51.54,51.54,51.54,51.54,300.0
2025-08-08 09:55:00,51.54,51.54,51.54,51.54,250.0
2025-08-08 10:00:00,51.55,51.56,51.55,51.56,1814.0
2025-08-08 10:05:00,51.56,51.56,51.56,51.56,219.0
2025-08-08 10:25:00,51.56,51.56,51.56,51.56,2000.0
2025-08-08 10:40:00,51.55,51.55,51.55,51.55,110.0
2025-08-08 10:50:00,51.56,51.56,51.55,51.55,1300.0
2025-08-08 10:55:00,51.56,51.56,51.56,51.56,100.0
2025-08-08 11:00:00,51.56,51.56,51.56,51.56,834.0
2025-08-08 11:10:00,51.59,51.59,51.59,51.59,506.0
2025-08-08 11:15:00,51.58,51.58,51.58,51.58,170.0
2025-08-08 11:25:00,51.58,51.58,51.58,51.58,1985.0
2025-08-08 11:35:00,51.6,51.61,51.6,51.61,392.0
2025-08-08 11:40:00,51.59,51.59,51.59,51.59,805.0
2025-08-08 11:45:00,51.62,51.62,51.62,51.62,920.0
2025-08-08 11:50:00,51.62,51.62,51.62,51.62,1530.0
2025-08-08 11:55:00,51.64,51.65,51.63,51.65,12170.0
2025-08-08 12:00:00,51.59,51.6399,51.5,51.62,5289.0
2025-08-08 12:05:00,51.62,51.62,51.61,51.61,1827.0
2025-08-08 12:10:00,51.6,51.6,51.59,51.59,2505.0
2025-08-08 12:15:00,51.58,51.58,51.58,51.58,550.0
2025-08-08 12:20:00,51.58,51.58,51.55,51.57,3867.0
2025-08-08 12:25:00,51.58,51.59,51.58,51.59,4775.0
2025-08-08 12:30:00,51.5801,51.59,51.5801,51.59,939.0
2025-08-08 12:35:00,51.57,51.57,51.57,51.57,1270.0
2025-08-08 12:40:00,51.59,51.59,51.59,51.59,404.0
2025-08-08 12:55:00,51.59,51.59,51.58,51.58,420.0
2025-08-08 13:00:00,51.57,51.57,51.57,51.57,621.0
2025-08-08 13:05:00,51.57,51.59,51.57,51.57,12321.0
2025-08-08 13:10:00,51.57,51.58,51.57,51.58,1723.0
2025-08-08 13:15:00,51.57,51.57,51.57,51.57,219.0
2025-08-08 13:20:00,51.59,51.59,51.59,51.59,340.0
2025-08-08 13:25:00,51.59,51.68,51.59,51.68,16501.0
2025-08-08 13:30:00,51.67,51.68,51.59,51.64,973781.0
2025-08-08 13:35:00,51.635,51.65,51.58,51.59,539975.0
2025-08-08 13:40:00,51.595,51.605,51.5,51.54,488641.0
2025-08-08 13:45:00,51.535,51.61,51.53,51.595,427979.0
2025-08-08 13:50:00,51.595,51.65,51.555,51.62,514252.0
2025-08-08 13:55:00,51.63,51.65,51.61,51.65,606351.0
2025-08-08 14:00:00,51.6539,51.78,51.6501,51.77,356404.0
2025-08-08 14:05:00,51.775,51.915,51.7635,51.91,990663.0
2025-08-08 14:10:00,51.91,51.919,51.875,51.8881,768960.0
2025-08-08 14:15:00,51.885,51.885,51.81,51.8201,513742.0
2025-08-08 14:20:00,51.825,51.865,51.81,51.815,282043.0
2025-08-08 14:25:00,51.815,51.84,51.8,51.835,371480.0
2025-08-08 14:30:00,51.835,51.88,51.82,51.865,500363.0
2025-08-08 14:35:00,51.865,51.8999,51.79,51.805,579156.0
2025-08-08 14:40:00,51.8,51.8151,51.775,51.7903,511440.0
2025-08-08 14:45:00,51.7904,51.8,51.76,51.775,352218.0
2025-08-08 14:50:00,51.775,51.78,51.73,51.745,419069.0
2025-08-08 14:55:00,51.745,51.75,51.72,51.735,237710.0
2025-08-08 15:00:00,51.73,51.75,51.7,51.735,381684.0
2025-08-08 15:05:00,51.735,51.7699,51.71,51.7567,325080.0
2025-08-08 15:10:00,51.76,51.76,51.7,51.755,442850.0
2025-08-08 15:15:00,51.75,51.75,51.7,51.7,619731.0
2025-08-08 15:20:00,51.705,51.72,51.67,51.695,424490.0
2025-08-08 15:25:00,51.695,51.72,51.675,51.71,445865.0
2025-08-08 15:30:00,51.7,51.71,51.6337,51.665,458177.0
2025-08-08 15:35:00,51.6699,51.7,51.6401,51.6465,490866.0
2025-08-08 15:40:00,51.645,51.65,51.6,51.605,469366.0
2025-08-08 15:45:00,51.6099,51.68,51.6091,51.67,434796.0
2025-08-08 15:50:00,51.6609,51.7199,51.6529,51.7081,260241.0
2025-08-08 15:55:00,51.7084,51.75,51.705,51.7358,290463.0
2025-08-08 16:00:00,51.7368,51.7699,51.73,51.755,320167.0
2025-08-11 10:00:00,52.0,52.01,52.0,52.0,1482.0
2025-08-11 10:05:00,52.01,52.01,52.01,52.01,1000.0
2025-08-11 10:20:00,52.01,52.01,52.01,52.01,180.0
2025-08-11 11:00:00,52.0,52.01,52.0,52.01,5292.0
2025-08-11 11:05:00,52.02,52.03,52.02,52.03,3109.0
2025-08-11 11:10:00,52.02,52.02,52.02,52.02,130.0
2025-08-11 11:15:00,52.02,52.02,52.02,52.02,400.0
2025-08-11 11:30:00,52.01,52.01,52.01,52.01,2269.0
2025-08-11 11:35:00,52.01,52.01,52.01,52.01,489.0
2025-08-11 11:40:00,52.02,52.03,52.02,52.03,1195.0
2025-08-11 11:45:00,52.04,52.04,52.04,52.04,395.0
2025-08-11 11:50:00,52.03,52.03,52.02,52.03,500.0
2025-08-11 11:55:00,52.02,52.02,52.02,52.02,288.0
2025-08-11 12:00:00,52.0101,52.04,52.0101,52.0399,8697.0
2025-08-11 12:05:00,52.03,52.0301,52.02,52.02,6158.0
2025-08-11 12:10:00,52.02,52.03,52.02,52.03,626.0
2025-08-11 12:20:00,52.02,52.02,52.02,52.02,8257.0
2025-08-11 12:25:00,52.02,52.02,52.01,52.01,448.0
2025-08-11 12:30:00,52.0,52.01,51.99,52.01,5172.0
2025-08-11 12:35:00,52.0,52.0,51.99,51.99,6419.0
2025-08-11 12:40:00,51.99,52.0,51.99,51.99,1210.0
2025-08-11 12:50:00,51.98,51.98,51.98,51.98,117.0
2025-08-11 13:00:00,51.99,51.99,51.98,51.98,2730.0
2025-08-11 13:05:00,51.96,51.96,51.9212,51.96,1154.0
2025-08-11 13:10:00,51.96,51.96,51.96,51.96,2217.0
2025-08-11 13:15:00,51.96,51.96,51.96,51.96,898.0
2025-08-11 13:20:00,51.97,51.97,51.96,51.96,243.0
2025-08-11 13:25:00,51.97,51.9997,51.96,51.96,8349.0
2025-08-11 13:30:00,51.96,52.01,51.88,51.98,840705.0
2025-08-11 13:35:00,51.975,52.03,51.9428,52.015,526549.0
2025-08-11 13:40:00,52.02,52.025,51.96,51.98,436237.0
2025-08-11 13:45:00,51.98,52.0081,51.92,51.92,316789.0
2025-08-11 13:50:00,51.925,51.935,51.84,51.88,396226.0
2025-08-11 13:55:00,51.89,51.965,51.88,51.955,314119.0
2025-08-11 14:00:00,51.955,51.98,51.945,51.98,430248.0
2025-08-11 14:05:00,51.98,51.985,51.9235,51.965,267172.0
2025-08-11 14:10:00,51.9601,52.0,51.915,51.92,1018120.0
2025-08-11 14:15:00,51.925,51.97,51.8945,51.965,882764.0
2025-08-11 14:20:00,51.9635,51.97,51.905,51.91,337982.0
2025-08-11 14:25:00,51.905,51.905,51.84,51.87,251766.0
2025-08-11 14:30:00,51.8641,51.87,51.83,51.865,215400.0
2025-08-11 14:35:00,51.865,51.875,51.82,51.845,229751.0
2025-08-11 14:40:00,51.845,51.85,51.81,51.835,319099.0
2025-08-11 14:45:00,51.83,51.84,51.76,51.8,414654.0
2025-08-11 14:50:00,51.795,51.83,51.7828,51.8,268731.0
2025-08-11 14:55:00,51.805,51.85,51.8,51.835,475339.0
2025-08-11 15:00:00,51.84,51.855755,51.74,51.8385,989066.0
2025-08-11 15:05:00,51.83,51.855,51.805,51.81,508444.0
2025-08-11 15:10:00,51.815,51.8299,51.78,51.815,639312.0
2025-08-11 15:15:00,51.82,51.85,51.81,51.8499,405832.0
2025-08-11 15:20:00,51.845,51.86,51.815,51.8349,339933.0
2025-08-11 15:25:00,51.83,51.8499,51.82,51.825,259482.0
2025-08-11 15:30:00,51.825,51.83,51.8,51.805,331856.0
2025-08-11 15:35:00,51.805,51.83,51.79,51.815,294773.0
2025-08-11 15:40:00,51.8101,51.86,51.8,51.845,276676.0
2025-08-11 15:45:00,51.845,51.875,51.82,51.8672,274996.0
2025-08-11 15:50:00,51.8654,51.89,51.86,51.8774,234806.0
2025-08-11 15:55:00,51.8799,51.89,51.85,51.8796,220682.0
2025-08-11 16:00:00,51.8763,51.9,51.8723,51.885,245544.0
2025-08-12 09:35:00,51.92,51.92,51.92,51.92,1119.0
2025-08-12 09:55:00,51.92,51.92,51.92,51.92,299.0
2025-08-12 10:00:00,51.91,51.91,51.91,51.91,1908.0
2025-08-12 10:05:00,51.9,51.9,51.9,51.9,1571.0
2025-08-12 10:15:00,51.89,51.89,51.89,51.89,500.0
2025-08-12 10:25:00,51.87,51.87,51.87,51.87,190.0
2025-08-12 11:00:00,51.87,51.88,51.87,51.87,17162.0
2025-08-12 11:10:00,51.86,51.86,51.86,51.86,5304.0
2025-08-12 11:25:00,51.84,51.84,51.84,51.84,818.0
2025-08-12 11:30:00,51.85,51.85,51.85,51.85,277.0
2025-08-12 11:40:00,51.84,51.84,51.84,51.84,650.0
2025-08-12 11:45:00,51.83,51.83,51.83,51.83,3164.0
2025-08-12 11:50:00,51.82,51.83,51.82,51.83,7700.0
2025-08-12 11:55:00,51.83,51.83,51.83,51.83,2013.0
2025-08-12 12:00:00,51.83,52.04,51.82,51.8299,6008.0
2025-08-12 12:05:00,51.83,51.84,51.83,51.83,2867.0
2025-08-12 12:10:00,51.835,51.85,51.835,51.85,2033.0
2025-08-12 12:15:00,51.85,51.85,51.85,51.85,150.0
2025-08-12 12:20:00,51.84,51.89,51.83,51.89,18941.0
2025-08-12 12:25:00,51.9,51.9,51.85,51.86,2758.0
2025-08-12 12:30:00,51.87,52.09,51.87,52.0,80097.0
2025-08-12 12:35:00,52.05,52.119,52.05,52.06,24353.0
2025-08-12 12:40:00,52.08,52.13,52.06,52.08,10705.0
2025-08-12 12:45:00,52.1,52.14,52.08,52.14,27445.0
2025-08-12 12:50:00,52.13,52.13,52.12,52.13,7838.0
2025-08-12 12:55:00,52.13,52.13,52.1,52.1,71855.0
2025-08-12 13:00:00,52.09,52.1,52.08,52.09,5296.0
2025-08-12 13:05:00,52.09,52.09,52.05,52.06,7697.0
2025-08-12 13:10:00,52.07,52.07,52.03,52.05,22803.0
2025-08-12 13:15:00,52.05,52.05,52.05,52.05,730.0
2025-08-12 13:20:00,52.04,52.04,52.04,52.04,224.0
2025-08-12 13:25:00,52.04,52.05,52.02,52.05,33103.0
2025-08-12 13:30:00,52.05,52.27,52.0448,52.255,779452.0
2025-08-12 13:35:00,52.25,52.32,52.235,52.2799,699682.0
2025-08-12 13:40:00,52.27,52.28,52.075,52.095,864544.0
2025-08-12 13:45:00,52.1,52.19,52.085,52.11,688047.0
2025-08-12 13:50:00,52.11,52.165,52.065,52.165,587910.0
2025-08-12 13:55:00,52.165,52.18,52.12,52.18,490704.0
2025-08-12 14:00:00,52.18,52.3,52.145,52.285,731228.0
2025-08-12 14:05:00,52.285,52.345,52.27,52.325,704454.0
2025-08-12 14:10:00,52.325,52.38,52.28,52.375,731065.0
2025-08-12 14:15:00,52.375,52.385,52.32,52.36,670789.0
2025-08-12 14:20:00,52.365,52.42,52.36,52.4,662746.0
2025-08-12 14:25:00,52.4,52.465,52.3918,52.45,494025.0
2025-08-12 14:30:00,52.46,52.47,52.375,52.38,779910.0
2025-08-12 14:35:00,52.385,52.4,52.325,52.355,278718.0
2025-08-12 14:40:00,52.36,52.47,52.335,52.46,393544.0
2025-08-12 14:45:00,52.455,52.52,52.44,52.51,1873935.0
2025-08-12 14:50:00,52.5099,52.5499,52.49,52.505,572118.0
2025-08-12 14:55:00,52.51,52.52,52.46,52.465,416940.0
2025-08-12 15:00:00,52.46,52.52,52.45,52.485,550017.0
2025-08-12 15:05:00,52.485,52.52,52.45,52.455,486298.0
2025-08-12 15:10:00,52.455,52.48,52.435,52.455,597580.0
2025-08-12 15:15:00,52.455,52.465,52.425,52.43,569879.0
2025-08-12 15:20:00,52.43,52.45,52.385,52.4,684628.0
2025-08-12 15:25:00,52.4,52.42,52.365,52.4,489051.0
2025-08-12 15:30:00,52.395,52.445,52.39,52.440784,373680.0
2025-08-12 15:35:00,52.445,52.46,52.42,52.425,320024.0
2025-08-12 15:40:00,52.425,52.43,52.39,52.4,245960.0
2025-08-12 15:45:00,52.395,52.42,52.39,52.4,229970.0
2025-08-12 15:50:00,52.395,52.42,52.37,52.37,246320.0
2025-08-12 15:55:00,52.375,52.41,52.37,52.405,188235.0
2025-08-12 16:00:00,52.405,52.45,52.395,52.44,293851.0
2025-08-13 09:35:00,52.59,52.59,52.59,52.59,1133.0
2025-08-13 09:45:00,52.6,52.6,52.6,52.6,100.0
2025-08-13 09:50:00,52.6,52.6,52.6,52.6,151.0
2025-08-13 09:55:00,52.6,52.6,52.6,52.6,1064.0
2025-08-13 10:00:00,52.6,52.6,52.6,52.6,300.0
2025-08-13 10:15:00,52.6,52.6,52.6,52.6,159.0
2025-08-13 10:20:00,52.59,52.6,52.59,52.6,530.0
2025-08-13 10:25:00,52.59,52.59,52.59,52.59,100.0
2025-08-13 10:35:00,52.59,52.6,52.59,52.6,519.0
2025-08-13 10:40:00,52.6,52.6,52.6,52.6,1252.0
2025-08-13 10:45:00,52.59,52.59,52.59,52.59,170.0
2025-08-13 10:55:00,52.61,52.61,52.61,52.61,427.0
2025-08-13 11:00:00,52.59,52.59,52.59,52.59,632.0
2025-08-13 11:15:00,52.599,52.6,52.599,52.6,290.0
2025-08-13 11:25:00,52.59,52.6,52.59,52.6,457.0
2025-08-13 11:30:00,52.6,52.6,52.6,52.6,575.0
2025-08-13 11:35:00,52.6,52.6,52.6,52.6,166.0
2025-08-13 11:40:00,52.61,52.61,52.61,52.61,1600.0
2025-08-13 11:45:00,52.61,52.62,52.61,52.61,1351.0
2025-08-13 12:00:00,52.6,52.62,52.46,52.62,3924.0
2025-08-13 12:05:00,52.62,52.62,52.62,52.62,2750.0
2025-08-13 12:10:00,52.62,52.62,52.6,52.6,1698.0
2025-08-13 12:20:00,52.61,52.61,52.59,52.59,42732.0
2025-08-13 12:25:00,52.59,52.59,52.59,52.59,2609.0
2025-08-13 12:30:00,52.59,52.59,52.59,52.59,4092.0
2025-08-13 12:35:00,52.59,52.59,52.5899,52.59,1217.0
2025-08-13 12:40:00,52.6,52.6,52.6,52.6,3797.0
2025-08-13 12:45:00,52.6,52.6,52.5997,52.5997,420.0
2025-08-13 12:50:00,52.6,52.6,52.5997,52.6,1857.0
2025-08-13 13:00:00,52.61,52.61,52.61,52.61,111.0
2025-08-13 13:10:00,52.61,52.61,52.61,52.61,121.0
2025-08-13 13:15:00,52.6,52.6,52.59,52.59,21425.0
2025-08-13 13:20:00,52.59,52.6,52.59,52.6,406.0
2025-08-13 13:25:00,52.6,52.79,52.5996,52.66,21067.0
2025-08-13 13:30:00,52.66,52.71,52.54,52.67,1774622.0
2025-08-13 13:35:00,52.67,52.74,52.635,52.73,930420.0
2025-08-13 13:40:00,52.735,52.81,52.735,52.8051,449151.0
2025-08-13 13:45:00,52.805,52.91,52.79,52.885,573688.0
2025-08-13 13:50:00,52.88,52.88,52.81,52.84,765153.0
2025-08-13 13:55:00,52.84,52.855,52.8,52.825,778956.0
2025-08-13 14:00:00,52.82,52.8481,52.795,52.82,1079314.0
2025-08-13 14:05:00,52.82,52.8755,52.815,52.855,743357.0
2025-08-13 14:10:00,52.855,52.86,52.81,52.825,434727.0
2025-08-13 14:15:00,52.83,52.87,52.83,52.845,305546.0
2025-08-13 14:20:00,52.8415,52.85,52.74,52.7485,298930.0
2025-08-13 14:25:00,52.745,52.81,52.735,52.77,438205.0
2025-08-13 14:30:00,52.775,52.785,52.715,52.745,405494.0
2025-08-13 14:35:00,52.75,52.755,52.69,52.6949,366182.0
2025-08-13 14:40:00,52.695,52.715,52.67,52.705,598973.0
2025-08-13 14:45:00,52.705,52.725,52.6899,52.695,625216.0
2025-08-13 14:50:00,52.69,52.7,52.62,52.625,497975.0
2025-08-13 14:55:00,52.63,52.655,52.62,52.6419,956114.0
2025-08-13 15:00:00,52.6485,52.73,52.64,52.7,775920.0
2025-08-13 15:05:00,52.705,52.7399,52.695,52.715,578134.0
2025-08-13 15:10:00,52.72,52.75,52.71,52.7299,456048.0
2025-08-13 15:15:00,52.73,52.755,52.68,52.72,580383.0
2025-08-13 15:20:00,52.725,52.75,52.71,52.7101,845522.0
2025-08-13 15:25:00,52.71,52.75,52.71,52.7153,312276.0
2025-08-13 15:30:00,52.72,52.765,52.69,52.745,348559.0
2025-08-13 15:35:00,52.74,52.74,52.675,52.705,293543.0
2025-08-13 15:40:00,52.7,52.765,52.695,52.7515,344947.0
2025-08-13 15:45:00,52.7553,52.78,52.7415,52.7599,308827.0
2025-08-13 15:50:00,52.755,52.76,52.695,52.695,326883.0
2025-08-13 15:55:00,52.695,52.71,52.6715,52.685,399884.0
2025-08-13 16:00:00,52.6885,52.755,52.685,52.7485,335627.0
2025-08-14 09:35:00,52.74,52.74,52.74,52.74,118.0
2025-08-14 09:45:00,52.74,52.74,52.74,52.74,820.0
2025-08-14 10:25:00,52.74,52.75,52.74,52.75,1442.0
2025-08-14 10:50:00,52.72,52.72,52.72,52.72,2215.0
2025-08-14 11:00:00,52.73,52.73,52.73,52.73,1710.0
2025-08-14 11:05:00,52.73,52.73,52.72,52.72,796.0
2025-08-14 11:20:00,52.74,52.74,52.73,52.73,2019.0
2025-08-14 11:25:00,52.73,52.74,52.73,52.74,530.0
2025-08-14 11:35:00,52.73,52.73,52.73,52.73,906.0
2025-08-14 11:40:00,52.72,52.72,52.72,52.72,199.0
2025-08-14 11:45:00,52.72,52.72,52.72,52.72,118.0
2025-08-14 11:50:00,52.73,52.74,52.73,52.74,1109.0
2025-08-14 11:55:00,52.74,52.74,52.74,52.74,250.0
2025-08-14 12:00:00,52.7298,52.74,52.71,52.74,1618.0
2025-08-14 12:05:00,52.73,52.73,52.73,52.73,4821.0
2025-08-14 12:10:00,52.74,52.74,52.74,52.74,2688.0
2025-08-14 12:20:00,52.74,52.74,52.74,52.74,682.0
2025-08-14 12:25:00,52.73,52.73,52.7,52.71,5434.0
2025-08-14 12:30:00,52.66,52.72,52.45,52.45,42478.0
2025-08-14 12:35:00,52.43,52.54,52.43,52.54,98630.0
2025-08-14 12:40:00,52.52,52.57,52.52,52.57,7184.0
2025-08-14 12:45:00,52.58,52.59,52.55,52.55,9476.0
2025-08-14 12:50:00,52.58,52.61,52.56,52.56,22323.0
2025-08-14 12:55:00,52.5607,52.57,52.56,52.57,9575.0
2025-08-14 13:00:00,52.57,52.59,52.53,52.57,31503.0
2025-08-14 13:05:00,52.52,52.52,52.52,52.52,376.0
2025-08-14 13:10:00,52.56,52.59,52.56,52.59,2639.0
2025-08-14 13:20:00,52.5899,52.59,52.57,52.57,3499.0
2025-08-14 13:25:00,52.56,52.7,52.56,52.7,6880.0
2025-08-14 13:30:00,52.71,52.72,52.53,52.67,1169338.0
2025-08-14 13:35:00,52.675,52.74,52.65,52.67,472906.0
2025-08-14 13:40:00,52.67,52.67,52.575,52.62,601590.0
2025-08-14 13:45:00,52.615,52.66,52.575,52.6413,625178.0
2025-08-14 13:50:00,52.64,52.715,52.6344,52.685,919876.0
2025-08-14 13:55:00,52.685,52.71,52.635,52.69,478863.0
2025-08-14 14:00:00,52.695,52.79,52.695,52.7753,395003.0
2025-08-14 14:05:00,52.775,52.805,52.755,52.8,1203843.0
2025-08-14 14:10:00,52.8,52.82,52.76,52.8,629100.0
2025-08-14 14:15:00,52.795,52.845,52.785,52.825,353926.0
2025-08-14 14:20:00,52.83,52.83,52.67,52.69,504139.0
2025-08-14 14:25:00,52.695,52.74,52.67,52.725,361237.0
2025-08-14 14:30:00,52.73,52.78,52.7202,52.725,379194.0
2025-08-14 14:35:00,52.73,52.77,52.7045,52.755,275584.0
2025-08-14 14:40:00,52.755,52.77,52.73,52.745,218551.0
2025-08-14 14:45:00,52.745,52.825,52.7415,52.81,438885.0
2025-08-14 14:50:00,52.8,52.81,52.765,52.795,400302.0
2025-08-14 14:55:00,52.8,52.8253,52.77,52.795,256947.0
2025-08-14 15:00:00,52.795,52.8,52.75,52.795,298928.0
2025-08-14 15:05:00,52.79,52.81,52.75,52.7599,333375.0
2025-08-14 15:10:00,52.755,52.77,52.735,52.7601,340588.0
2025-08-14 15:15:00,52.765,52.78,52.74,52.7422,251630.0
2025-08-14 15:20:00,52.745,52.77,52.73,52.75665,371523.0
2025-08-14 15:25:00,52.7515,52.755,52.68,52.69,427501.0
2025-08-14 15:30:00,52.6899,52.7399,52.6715,52.7185,310361.0
2025-08-14 15:35:00,52.7138,52.73,52.69,52.705,624346.0
2025-08-14 15:40:00,52.7,52.74,52.69,52.7385,739297.0
2025-08-14 15:45:00,52.7399,52.7756,52.7001,52.755,249538.0
2025-08-14 15:50:00,52.7585,52.76,52.715,52.715,323120.0
2025-08-14 15:55:00,52.715,52.745,52.6942,52.735,287749.0
2025-08-14 16:00:00,52.7301,52.74,52.6815,52.705,454602.0
2025-08-15 09:30:00,53.15,53.15,53.13,53.13,305.0
2025-08-15 09:55:00,53.13,53.13,53.11,53.11,1608.0
2025-08-15 10:00:00,53.1,53.1,53.1,53.1,1414.0
2025-08-15 10:30:00,53.13,53.13,53.13,53.13,1238.0
2025-08-15 10:35:00,53.14,53.14,53.12,53.12,399.0
2025-08-15 10:40:00,53.14,53.14,53.14,53.14,1556.0
2025-08-15 10:55:00,53.15,53.15,53.15,53.15,330.0
2025-08-15 11:00:00,53.14,53.15,53.14,53.15,903.0
2025-08-15 11:20:00,53.14,53.14,53.14,53.14,100.0
2025-08-15 11:25:00,53.14,53.16,53.14,53.16,4474.0
2025-08-15 11:30:00,53.16,53.16,53.16,53.16,245.0
2025-08-15 11:35:00,53.16,53.16,53.16,53.16,673.0
2025-08-15 11:55:00,53.16,53.16,53.15,53.15,2080.0
2025-08-15 12:00:00,53.1599,53.19,53.08,53.15,10721.0
2025-08-15 12:10:00,53.14,53.15,53.13,53.15,620.0
2025-08-15 12:15:00,53.13,53.13,53.13,53.13,100.0
2025-08-15 12:20:00,53.14,53.14,53.13,53.13,1557.0
2025-08-15 12:25:00,53.11,53.12,53.1,53.12,1322.0
2025-08-15 12:30:00,53.11,53.13,53.11,53.12,1145.0
2025-08-15 12:40:00,53.13,53.13,53.13,53.13,1155.0
2025-08-15 12:45:00,53.14,53.14,53.14,53.14,4657.0
2025-08-15 12:50:00,53.13,53.13,53.13,53.13,304.0
2025-08-15 13:00:00,53.14,53.14,53.13,53.13,1171.0
2025-08-15 13:05:00,53.13,53.15,53.13,53.15,1846.0
2025-08-15 13:10:00,53.13,53.13,53.13,53.13,3872.0
2025-08-15 13:15:00,53.14,53.14,53.13,53.14,973.0
2025-08-15 13:25:00,53.13,53.13,53.09,53.13,14528.0
2025-08-15 13:30:00,53.13,53.155,53.0,53.015,1204293.0
2025-08-15 13:35:00,53.015,53.045,52.99,53.0215,737406.0
2025-08-15 13:40:00,53.03,53.075,53.02,53.02,926661.0
2025-08-15 13:45:00,53.025,53.06,53.01,53.015,495133.0
2025-08-15 13:50:00,53.02,53.065,53.015,53.045,876804.0
2025-08-15 13:55:00,53.05,53.06,52.95,52.975,571810.0
2025-08-15 14:00:00,52.97,52.975,52.875,52.89,653184.0
2025-08-15 14:05:00,52.885,52.885,52.805,52.81,400235.0
2025-08-15 14:10:00,52.815,52.85,52.7235,52.76,406578.0
2025-08-15 14:15:00,52.755,52.78,52.63,52.635,710767.0
2025-08-15 14:20:00,52.635,52.6772,52.63,52.65,198944.0
2025-08-15 14:25:00,52.645,52.7,52.595,52.685,346740.0
2025-08-15 14:30:00,52.68,52.7,52.645,52.665,550243.0
2025-08-15 14:35:00,52.665,52.69,52.64,52.685,775880.0
2025-08-15 14:40:00,52.685,52.715,52.635,52.635,826587.0
2025-08-15 14:45:00,52.635,52.665,52.61,52.6585,407062.0
2025-08-15 14:50:00,52.655,52.665,52.61,52.615,299721.0
2025-08-15 14:55:00,52.615,52.67,52.61,52.66,353882.0
2025-08-15 15:00:00,52.66,52.6685,52.6057,52.6057,379539.0
2025-08-15 15:05:00,52.605,52.66,52.605,52.65,281299.0
2025-08-15 15:10:00,52.655,52.6965,52.645,52.685,497591.0
2025-08-15 15:15:00,52.685,52.71,52.67,52.695,367375.0
2025-08-15 15:20:00,52.69,52.695,52.605,52.6172,258256.0
2025-08-15 15:25:00,52.61,52.635,52.595,52.625,266809.0
2025-08-15 15:30:00,52.63,52.72,52.63,52.7057,308056.0
2025-08-15 15:35:00,52.7099,52.72,52.67,52.6715,317985.0
2025-08-15 15:40:00,52.675,52.69,52.61,52.625,490320.0
2025-08-15 15:45:00,52.625,52.68,52.62,52.6799,315209.0
2025-08-15 15:50:00,52.675,52.72,52.67,52.71,337969.0
2025-08-15 15:55:00,52.72,52.72,52.635,52.648614,661025.0
2025-08-15 16:00:00,52.645,52.6651,52.615,52.625,240339.0
2025-08-18 09:35:00,52.35,52.35,52.35,52.35,400.0
2025-08-18 09:45:00,52.32,52.32,52.32,52.32,100.0
2025-08-18 09:55:00,52.33,52.35,52.32,52.32,1755.0
2025-08-18 10:00:00,52.35,52.35,52.35,52.35,108.0
2025-08-18 10:20:00,52.34,52.36,52.34,52.36,1397.0
2025-08-18 10:45:00,52.37,52.37,52.37,52.37,100.0
2025-08-18 10:50:00,52.36,52.36,52.36,52.36,643.0
2025-08-18 10:55:00,52.36,52.36,52.36,52.36,362.0
2025-08-18 11:00:00,52.36,52.37,52.36,52.37,4183.0
2025-08-18 11:05:00,52.38,52.38,52.38,52.38,929.0
2025-08-18 11:10:00,52.38,52.39,52.38,52.39,444.0
2025-08-18 11:20:00,52.37,52.37,52.37,52.37,790.0
2025-08-18 11:25:00,52.37,52.37,52.37,52.37,200.0
2025-08-18 11:35:00,52.38,52.38,52.38,52.38,801.0
2025-08-18 11:45:00,52.37,52.37,52.37,52.37,791.0
2025-08-18 11:55:00,52.38,52.38,52.38,52.38,295.0
2025-08-18 12:00:00,52.3598,52.59,52.32,52.37,9900.0
2025-08-18 12:10:00,52.39,52.39,52.39,52.39,285.0
2025-08-18 12:15:00,52.39,52.39,52.3707,52.3707,205.0
2025-08-18 12:30:00,52.38,52.38,52.38,52.38,312.0
2025-08-18 12:45:00,52.37,52.37,52.36,52.36,778.0
2025-08-18 13:10:00,52.39,52.39,52.38,52.38,1560.0
2025-08-18 13:20:00,52.4,52.4,52.4,52.4,1100.0
2025-08-18 13:25:00,52.4,52.4,52.38,52.39,14636.0
2025-08-18 13:30:00,52.385,52.435,52.32,52.385,850636.0
2025-08-18 13:35:00,52.38,52.43,52.335,52.35,797088.0
2025-08-18 13:40:00,52.35,52.4,52.325,52.395,509107.0
2025-08-18 13:45:00,52.4,52.47,52.4,52.435,485549.0
2025-08-18 13:50:00,52.43,52.445,52.4,52.4,393127.0
2025-08-18 13:55:00,52.4,52.4,52.3,52.325,695563.0
2025-08-18 14:00:00,52.33,52.34,52.29,52.315,651005.0
2025-08-18 14:05:00,52.32,52.36,52.3128,52.36,350997.0
2025-08-18 14:10:00,52.355,52.41,52.35,52.41,255277.0
2025-08-18 14:15:00,52.405,52.43,52.38,52.41,355703.0
2025-08-18 14:20:00,52.415,52.425,52.39,52.415,441350.0
2025-08-18 14:25:00,52.415,52.415,52.33,52.335,345117.0
2025-08-18 14:30:00,52.335,52.37,52.3101,52.36,340758.0
2025-08-18 14:35:00,52.365,52.415,52.3501,52.415,291899.0
2025-08-18 14:40:00,52.414,52.47,52.41,52.445,315398.0
2025-08-18 14:45:00,52.445,52.4499,52.3742,52.4042,433343.0
2025-08-18 14:50:00,52.4,52.47,52.4,52.47,453151.0
2025-08-18 14:55:00,52.465,52.47,52.405,52.42,393856.0
2025-08-18 15:00:00,52.425,52.46,52.42,52.4501,231350.0
2025-08-18 15:05:00,52.45,52.455,52.405,52.425,293409.0
2025-08-18 15:10:00,52.425,52.425,52.38,52.395,168154.0
2025-08-18 15:15:00,52.4,52.4171,52.39,52.41,272375.0
2025-08-18 15:20:00,52.4058,52.46,52.405,52.45,277625.0
2025-08-18 15:25:00,52.445,52.465,52.43,52.45,231127.0
2025-08-18 15:30:00,52.45,52.49,52.4399,52.4899,301683.0
2025-08-18 15:35:00,52.4899,52.5,52.465,52.485,663078.0
2025-08-18 15:40:00,52.49,52.5,52.47,52.485,250973.0
2025-08-18 15:45:00,52.4802,52.4901,52.47,52.475,220685.0
2025-08-18 15:50:00,52.48,52.48,52.43,52.465,266714.0
2025-08-18 15:55:00,52.4699,52.4699,52.4399,52.455,335452.0
2025-08-18 16:00:00,52.455,52.47,52.42,52.4242,262792.0
2025-08-19 09:55:00,52.49,52.49,52.49,52.49,100.0
2025-08-19 10:00:00,52.48,52.48,52.47,52.47,1648.0
2025-08-19 10:05:00,52.45,52.47,52.45,52.45,1611.0
2025-08-19 10:10:00,52.45,52.45,52.45,52.45,598.0
2025-08-19 10:15:00,52.45,52.45,52.45,52.45,100.0
2025-08-19 10:25:00,52.46,52.47,52.46,52.47,300.0
2025-08-19 10:40:00,52.45,52.45,52.45,52.45,214.0
2025-08-19 10:45:00,52.45,52.45,52.45,52.45,2425.0
2025-08-19 10:50:00,52.46,52.46,52.46,52.46,357.0
2025-08-19 11:00:00,52.47,52.49,52.47,52.49,2760.0
2025-08-19 11:05:00,52.48,52.48,52.47,52.47,500.0
2025-08-19 11:15:00,52.5,52.5,52.5,52.5,360.0
2025-08-19 11:20:00,52.51,52.51,52.51,52.51,180.0
2025-08-19 11:30:00,52.5,52.5,52.48,52.48,1603.0
2025-08-19 11:35:00,52.49,52.5,52.49,52.5,4056.0
2025-08-19 11:40:00,52.49,52.49,52.49,52.49,241.0
2025-08-19 11:45:00,52.51,52.51,52.51,52.51,5014.0
2025-08-19 11:50:00,52.54,52.54,52.53,52.53,2071.0
2025-08-19 11:55:00,52.52,52.52,52.52,52.52,285.0
2025-08-19 12:00:00,52.5201,52.5201,52.38,52.52,2369.0
2025-08-19 12:05:00,52.51,52.52,52.51,52.52,2884.0
2025-08-19 12:35:00,52.53,52.53,52.53,52.53,133.0
2025-08-19 12:40:00,52.53,52.53,52.53,52.53,104.0
2025-08-19 12:50:00,52.51,52.51,52.51,52.51,682.0
2025-08-19 12:55:00,52.51,52.51,52.51,52.51,1000.0
2025-08-19 13:00:00,52.51,52.51,52.51,52.51,852.0
2025-08-19 13:05:00,52.5,52.5,52.5,52.5,444.0
2025-08-19 13:15:00,52.5,52.5,52.49,52.49,1875.0
2025-08-19 13:20:00,52.5,52.51,52.5,52.5001,3245.0
2025-08-19 13:25:00,52.5,52.5,52.44,52.44,11504.0
2025-08-19 13:30:00,52.45,52.595,52.45,52.585,916912.0
2025-08-19 13:35:00,52.58,52.64,52.57,52.615,344060.0
2025-08-19 13:40:00,52.615,52.68,52.615,52.67,321764.0
2025-08-19 13:45:00,52.665,52.665,52.605,52.625,564027.0
2025-08-19 13:50:00,52.63,52.65,52.59,52.63,340764.0
2025-08-19 13:55:00,52.635,52.64,52.595,52.62,234410.0
2025-08-19 14:00:00,52.615,52.8,52.615,52.79,816528.0
2025-08-19 14:05:00,52.785,52.79,52.725,52.73,536446.0
2025-08-19 14:10:00,52.73,52.75,52.69,52.725,222376.0
2025-08-19 14:15:00,52.725,52.765605,52.705,52.765,244790.0
2025-08-19 14:20:00,52.76,52.785,52.7342,52.785,157815.0
2025-08-19 14:25:00,52.785,52.825,52.77,52.815,347457.0
2025-08-19 14:30:00,52.81,52.86,52.805,52.85,177728.0
2025-08-19 14:35:00,52.84,52.8699,52.83,52.86,197597.0
2025-08-19 14:40:00,52.855,52.86,52.805,52.825,381085.0
2025-08-19 14:45:00,52.82,52.825,52.75,52.765,644499.0
2025-08-19 14:50:00,52.77,52.79,52.725,52.77,763588.0
2025-08-19 14:55:00,52.77,52.7752,52.705,52.705,439888.0
2025-08-19 15:00:00,52.705,52.72,52.655,52.72,479009.0
2025-08-19 15:05:00,52.715,52.73,52.68,52.715,413672.0
2025-08-19 15:10:00,52.7158,52.73,52.69,52.705,487018.0
2025-08-19 15:15:00,52.7,52.7299,52.69,52.725,349978.0
2025-08-19 15:20:00,52.725,52.73,52.665,52.665,525783.0
2025-08-19 15:25:00,52.66,52.705,52.65,52.705,235146.0
2025-08-19 15:30:00,52.7,52.74,52.695,52.715,167125.0
2025-08-19 15:35:00,52.72,52.725,52.64,52.655,181955.0
2025-08-19 15:40:00,52.655,52.6672,52.6051,52.6175,226143.0
2025-08-19 15:45:00,52.61,52.62,52.57,52.58,196359.0
2025-08-19 15:50:00,52.585,52.585,52.53,52.55,299223.0
2025-08-19 15:55:00,52.54,52.565,52.52,52.5368,432698.0
2025-08-19 16:00:00,52.5399,52.57,52.535,52.555,253335.0
2025-08-20 09:40:00,52.54,52.54,52.54,52.54,600.0
2025-08-20 09:50:00,52.55,52.56,52.54,52.54,3568.0
2025-08-20 10:00:00,52.54,52.54,52.54,52.54,100.0
2025-08-20 10:10:00,52.56,52.57,52.56,52.57,500.0
2025-08-20 10:15:00,52.57,52.57,52.57,52.57,2060.0
2025-08-20 10:30:00,52.57,52.57,52.57,52.57,1000.0
2025-08-20 10:45:00,52.58,52.58,52.58,52.58,2317.0
2025-08-20 11:00:00,52.59,52.6,52.59,52.6,2138.0
2025-08-20 11:15:00,52.58,52.58,52.58,52.58,2017.0
2025-08-20 11:20:00,52.59,52.59,52.59,52.59,150.0
2025-08-20 11:25:00,52.58,52.58,52.58,52.58,869.0
2025-08-20 11:45:00,52.57,52.57,52.56,52.56,10590.0
2025-08-20 11:50:00,52.6,52.61,52.6,52.61,1767.0
2025-08-20 12:00:00,52.58,52.62,52.5,52.62,3766.0
2025-08-20 12:05:00,52.62,52.62,52.61,52.61,360.0
2025-08-20 12:15:00,52.62,52.62,52.62,52.62,180.0
2025-08-20 12:25:00,52.63,52.63,52.63,52.63,114.0
2025-08-20 12:30:00,52.62,52.62,52.62,52.62,181.0
2025-08-20 12:35:00,52.63,52.63,52.62,52.62,590.0
2025-08-20 12:45:00,52.63,52.64,52.62,52.64,5515.0
2025-08-20 12:55:00,52.63,52.63,52.63,52.63,886.0
2025-08-20 13:00:00,52.64,52.64,52.64,52.64,1255.0
2025-08-20 13:10:00,52.63,52.63,52.63,52.63,229.0
2025-08-20 13:15:00,52.64,52.64,52.64,52.64,1052.0
2025-08-20 13:20:00,52.65,52.65,52.64,52.64,711.0
2025-08-20 13:25:00,52.65,52.65,52.63,52.64,3356.0
2025-08-20 13:30:00,52.64,52.795,52.63,52.75,1246635.0
2025-08-20 13:35:00,52.75,52.8401,52.735,52.8,550913.0
2025-08-20 13:40:00,52.795,52.83,52.775,52.795,454808.0
2025-08-20 13:45:00,52.795,52.835,52.68,52.685,848158.0
2025-08-20 13:50:00,52.685,52.695,52.52,52.535,1615892.0
2025-08-20 13:55:00,52.53,52.61,52.505,52.595,927575.0
2025-08-20 14:00:00,52.6,52.74,52.59,52.655,803747.0
2025-08-20 14:05:00,52.65,52.71,52.6,52.61,1702064.0
2025-08-20 14:10:00,52.61,52.68,52.58,52.635,920945.0
2025-08-20 14:15:00,52.64,52.68,52.59,52.675,617505.0
2025-08-20 14:20:00,52.675,52.735,52.66,52.69,1390852.0
2025-08-20 14:25:00,52.695,52.72,52.63,52.635,404101.0
2025-08-20 14:30:00,52.635,52.7,52.62,52.685,519183.0
2025-08-20 14:35:00,52.69,52.72,52.645,52.69,689154.0
2025-08-20 14:40:00,52.6899,52.7,52.64,52.655,543305.0
2025-08-20 14:45:00,52.6599,52.69,52.64,52.67,839495.0
2025-08-20 14:50:00,52.67,52.705,52.635,52.6501,653897.0
2025-08-20 14:55:00,52.655,52.68,52.635,52.66,579595.0
2025-08-20 15:00:00,52.655,52.6975,52.635,52.69,366816.0
2025-08-20 15:05:00,52.695,52.78,52.695,52.765,606829.0
2025-08-20 15:10:00,52.76,52.78,52.7234,52.775,538517.0
2025-08-20 15:15:00,52.78,52.82,52.77,52.795,319693.0
2025-08-20 15:20:00,52.795,52.84,52.795,52.835,423033.0
2025-08-20 15:25:00,52.84,52.87,52.815,52.8435,342672.0
2025-08-20 15:30:00,52.85,52.855,52.825,52.835,255882.0
2025-08-20 15:35:00,52.835,52.835,52.775,52.775,207689.0
2025-08-20 15:40:00,52.775,52.795,52.745,52.7555,227292.0
2025-08-20 15:45:00,52.76,52.78,52.745,52.745,210239.0
2025-08-20 15:50:00,52.75,52.75,52.67,52.675,770291.0
2025-08-20 15:55:00,52.675,52.6952,52.645,52.675,261242.0
2025-08-20 16:00:00,52.675,52.7,52.66,52.685,229264.0
2025-08-21 09:30:00,52.75,52.75,52.75,52.75,176.0
2025-08-21 09:35:00,52.76,52.76,52.76,52.76,929.0
2025-08-21 09:55:00,52.74,52.74,52.74,52.74,658.0
2025-08-21 10:00:00,52.73,52.73,52.7,52.7,4026.0
2025-08-21 10:05:00,52.71,52.71,52.71,52.71,117.0
2025-08-21 10:10:00,52.7,52.7,52.7,52.7,350.0
2025-08-21 10:15:00,52.69,52.69,52.67,52.67,6646.0
2025-08-21 10:20:00,52.67,52.68,52.67,52.68,2120.0
2025-08-21 10:25:00,52.68,52.68,52.68,52.68,651.0
2025-08-21 10:30:00,52.69,52.69,52.66,52.66,2150.0
2025-08-21 10:50:00,52.68,52.69,52.68,52.69,2115.0
2025-08-21 10:55:00,52.7,52.7,52.7,52.7,150.0
2025-08-21 11:00:00,52.71,52.73,52.69,52.69,2768.0
2025-08-21 11:05:00,52.7,52.73,52.7,52.73,2967.0
2025-08-21 11:10:00,52.71,52.71,52.71,52.71,2125.0
2025-08-21 11:15:00,52.71,52.71,52.71,52.71,123.0
2025-08-21 11:20:00,52.72,52.74,52.72,52.73,1498.0
2025-08-21 11:30:00,52.72,52.73,52.72,52.73,5477.0
2025-08-21 11:35:00,52.73,52.73,52.72,52.72,15050.0
2025-08-21 11:40:00,52.74,52.74,52.72,52.72,20896.0
2025-08-21 11:45:00,52.73,52.73,52.7,52.7,2013.0
2025-08-21 11:50:00,52.71,52.71,52.71,52.71,1870.0
2025-08-21 12:00:00,52.73,52.88,52.71,52.71,9683.0
2025-08-21 12:10:00,52.7,52.7,52.69,52.69,2371.0
2025-08-21 12:15:00,52.68,52.68,52.67,52.68,847.0
2025-08-21 12:20:00,52.68,52.68,52.63,52.68,2217.0
2025-08-21 12:25:00,52.69,52.69,52.69,52.69,259.0
2025-08-21 12:30:00,52.67,52.7,52.67,52.7,768.0
2025-08-21 12:35:00,52.7,52.7,52.7,52.7,542.0
2025-08-21 12:40:00,52.7,52.7,52.65,52.65,5294.0
2025-08-21 12:45:00,52.65,52.65,52.65,52.65,820.0
2025-08-21 13:05:00,52.67,52.67,52.67,52.67,510.0
2025-08-21 13:10:00,52.67,52.67,52.65,52.65,666.0
2025-08-21 13:15:00,52.67,52.68,52.66,52.68,3975.0
2025-08-21 13:20:00,52.7,52.7,52.68,52.7,1183.0
2025-08-21 13:25:00,52.69,52.73,52.69,52.7,9061.0
2025-08-21 13:30:00,52.72,52.72,52.555,52.57,811034.0
2025-08-21 13:35:00,52.56,52.59,52.49,52.525,501743.0
2025-08-21 13:40:00,52.52,52.525,52.445,52.46,518842.0
2025-08-21 13:45:00,52.47,52.49,52.35,52.4835,858631.0
2025-08-21 13:50:00,52.48,52.525,52.47,52.515,872215.0
2025-08-21 13:55:00,52.515,52.565,52.495,52.5629,755692.0
2025-08-21 14:00:00,52.57,52.705,52.535,52.685,539642.0
2025-08-21 14:05:00,52.68,52.695,52.645,52.68,358705.0
2025-08-21 14:10:00,52.675,52.68,52.63,52.6701,547698.0
2025-08-21 14:15:00,52.67,52.715,52.67,52.69,227400.0
2025-08-21 14:20:00,52.69,52.705,52.6628,52.695,223232.0
2025-08-21 14:25:00,52.7,52.72,52.665,52.7,369525.0
2025-08-21 14:30:00,52.695,52.72,52.68,52.695,638104.0
2025-08-21 14:35:00,52.695,52.72,52.64,52.645,394091.0
2025-08-21 14:40:00,52.6401,52.7,52.6401,52.695,460204.0
2025-08-21 14:45:00,52.7,52.7281,52.675,52.675,341322.0
2025-08-21 14:50:00,52.68,52.716,52.67,52.711,285018.0
2025-08-21 14:55:00,52.71,52.7599,52.685,52.7599,345800.0
2025-08-21 15:00:00,52.755,52.77,52.7327,52.76,365882.0
2025-08-21 15:05:00,52.76,52.7699,52.725,52.75,229475.0
2025-08-21 15:10:00,52.75,52.759,52.63,52.6324,611360.0
2025-08-21 15:15:00,52.63,52.6858,52.6199,52.6858,378776.0
2025-08-21 15:20:00,52.69,52.76,52.68,52.75,284593.0
2025-08-21 15:25:00,52.745,52.755,52.705,52.725,346576.0
2025-08-21 15:30:00,52.725,52.785,52.72,52.775,311555.0
2025-08-21 15:35:00,52.775,52.795,52.7401,52.77,302765.0
2025-08-21 15:40:00,52.76,52.8,52.745,52.785,259076.0
2025-08-21 15:45:00,52.7899,52.795,52.76,52.795,318817.0
2025-08-21 15:50:00,52.795,52.795,52.68,52.69,380990.0
2025-08-21 15:55:00,52.685,52.7,52.65,52.6661,426970.0
2025-08-21 16:00:00,52.665,52.665,52.6,52.605,236317.0
2025-08-22 09:35:00,52.9,52.9,52.9,52.9,784.0
2025-08-22 09:40:00,52.91,52.91,52.91,52.91,1035.0
2025-08-22 09:50:00,52.93,52.93,52.93,52.93,516.0
2025-08-22 10:10:00,52.92,52.92,52.92,52.92,100.0
2025-08-22 10:40:00,52.94,52.94,52.94,52.94,2938.0
2025-08-22 11:00:00,52.94,52.94,52.92,52.92,4082.0
2025-08-22 11:10:00,52.91,52.91,52.91,52.91,128.0
2025-08-22 11:15:00,52.91,52.91,52.91,52.91,1000.0
2025-08-22 11:30:00,52.89,52.9,52.88,52.88,2030.0
2025-08-22 11:35:00,52.88,52.88,52.88,52.88,300.0
2025-08-22 11:40:00,52.87,52.87,52.87,52.87,725.0
2025-08-22 11:45:00,52.86,52.86,52.86,52.86,346.0
2025-08-22 12:00:00,52.9403,52.9403,52.68,52.88,3103.0
2025-08-22 12:05:00,52.88,52.88,52.88,52.88,779.0
2025-08-22 12:15:00,52.89,52.9,52.89,52.9,3024.0
2025-08-22 12:20:00,52.89,52.9,52.89,52.9,966.0
2025-08-22 12:25:00,52.9,52.9,52.89,52.9,8229.0
2025-08-22 12:35:00,52.89,52.89,52.86,52.87,11247.0
2025-08-22 12:40:00,52.87,52.88,52.86,52.87,6730.0
2025-08-22 12:50:00,52.88,52.91,52.88,52.91,20128.0
2025-08-22 13:00:00,52.89,52.89,52.89,52.89,150.0
2025-08-22 13:10:00,52.9,52.9,52.89,52.89,905.0
2025-08-22 13:15:00,52.9,52.92,52.9,52.92,3414.0
2025-08-22 13:20:00,52.92,52.93,52.92,52.93,2027.0
2025-08-22 13:25:00,52.93,52.99,52.92,52.99,5641.0
2025-08-22 13:30:00,52.97,53.135,52.945,53.06,869306.0
2025-08-22 13:35:00,53.06,53.128,53.02,53.115,586559.0
2025-08-22 13:40:00,53.11,53.125,53.06,53.1,450695.0
2025-08-22 13:45:00,53.105,53.15,53.09,53.115,655037.0
2025-08-22 13:50:00,53.115,53.16,53.1111,53.14,348212.0
2025-08-22 13:55:00,53.145,53.155,53.06,53.095,248669.0
2025-08-22 14:00:00,53.1,53.505,53.1,53.39,2241394.0
2025-08-22 14:05:00,53.39,53.425,53.29,53.35,976761.0
2025-08-22 14:10:00,53.36,53.425,53.345,53.4,692966.0
2025-08-22 14:15:00,53.395,53.45,53.24,53.24,1205449.0
2025-08-22 14:20:00,53.25,53.29,53.2,53.27,704232.0
2025-08-22 14:25:00,53.27,53.36,53.255,53.335,1012598.0
2025-08-22 14:30:00,53.335,53.45,53.335,53.44,741455.0
2025-08-22 14:35:00,53.44,53.465,53.41,53.4242,705970.0
2025-08-22 14:40:00,53.425,53.485,53.405,53.485,435119.0
2025-08-22 14:45:00,53.485,53.56,53.4801,53.5093,592204.0
2025-08-22 14:50:00,53.51,53.59,53.51,53.59,684698.0
2025-08-22 14:55:00,53.58,53.62,53.57,53.57,799175.0
2025-08-22 15:00:00,53.565,53.595,53.53,53.57,694837.0
2025-08-22 15:05:00,53.57,53.58,53.4821,53.49,614460.0
2025-08-22 15:10:00,53.485,53.53,53.4501,53.465,447441.0
2025-08-22 15:15:00,53.465,53.56,53.4602,53.545,473323.0
2025-08-22 15:20:00,53.545,53.57,53.53,53.545,290204.0
2025-08-22 15:25:00,53.545,53.58,53.52,53.57,645451.0
2025-08-22 15:30:00,53.575,53.63,53.57,53.63,426134.0
2025-08-22 15:35:00,53.6267,53.63,53.585,53.595,422900.0
2025-08-22 15:40:00,53.595,53.63,53.59,53.615,587181.0
2025-08-22 15:45:00,53.615,53.65,53.605,53.645,593487.0
2025-08-22 15:50:00,53.64,53.645,53.59,53.6,848908.0
2025-08-22 15:55:00,53.595,53.62,53.565,53.5872,406450.0
2025-08-22 16:00:00,53.59,53.68,53.585,53.6676,199240.0
2025-08-25 09:30:00,53.49,53.49,53.49,53.49,666.0
2025-08-25 09:45:00,53.49,53.49,53.49,53.49,200.0
2025-08-25 09:55:00,53.5,53.5,53.5,53.5,1078.0
2025-08-25 10:00:00,53.49,53.49,53.49,53.49,797.0
2025-08-25 10:20:00,53.49,53.5,53.49,53.5,1030.0
2025-08-25 10:30:00,53.49,53.49,53.48,53.48,2184.0
2025-08-25 10:35:00,53.48,53.48,53.48,53.48,1400.0
2025-08-25 10:45:00,53.49,53.49,53.49,53.49,411.0
2025-08-25 10:50:00,53.47,53.47,53.46,53.46,3860.0
2025-08-25 11:00:00,53.48,53.48,53.46,53.46,851.0
2025-08-25 11:10:00,53.47,53.48,53.47,53.48,852.0
2025-08-25 11:15:00,53.48,53.49,53.48,53.49,1112.0
2025-08-25 11:20:00,53.48,53.48,53.48,53.48,2691.0
2025-08-25 11:30:00,53.47,53.48,53.46,53.48,1389.0
2025-08-25 11:40:00,53.47,53.49,53.47,53.48,841.0
2025-08-25 11:45:00,53.48,53.48,53.48,53.48,380.0
2025-08-25 12:00:00,53.4796,53.57,53.46,53.48,2137.0
2025-08-25 12:10:00,53.4627,53.4627,53.4627,53.4627,200.0
2025-08-25 12:25:00,53.46,53.46,53.46,53.46,1123.0
2025-08-25 12:30:00,53.45,53.45,53.44,53.44,1067.0
2025-08-25 12:35:00,53.44,53.44,53.44,53.44,151.0
2025-08-25 12:40:00,53.45,53.45,53.45,53.45,453.0
2025-08-25 12:45:00,53.45,53.45,53.45,53.45,794.0
2025-08-25 12:50:00,53.46,53.46,53.46,53.46,1599.0
2025-08-25 12:55:00,53.46,53.46,53.46,53.46,518.0
2025-08-25 13:00:00,53.45,53.46,53.45,53.46,2298.0
2025-08-25 13:05:00,53.48,53.48,53.48,53.48,637.0
2025-08-25 13:10:00,53.45,53.45,53.45,53.45,374.0
2025-08-25 13:20:00,53.47,53.49,53.47,53.49,357.0
2025-08-25 13:25:00,53.49,53.5,53.48,53.5,7534.0
2025-08-25 13:30:00,53.47,53.515,53.415,53.455,1083315.0
2025-08-25 13:35:00,53.45,53.51,53.41,53.495,572574.0
2025-08-25 13:40:00,53.5,53.57,53.5,53.545,559629.0
2025-08-25 13:45:00,53.545,53.5765,53.4,53.455,509305.0
2025-08-25 13:50:00,53.455,53.485,53.4126,53.455,325945.0
2025-08-25 13:55:00,53.46,53.47,53.42,53.43,246007.0
2025-08-25 14:00:00,53.435,53.45,53.345,53.355,571463.0
2025-08-25 14:05:00,53.355,53.38,53.33,53.365,404215.0
2025-08-25 14:10:00,53.365,53.365,53.25,53.28,545994.0
2025-08-25 14:15:00,53.275,53.32,53.27,53.3,461881.0
2025-08-25 14:20:00,53.3,53.3297,53.27205,53.2999,497420.0
2025-08-25 14:25:00,53.3,53.355,53.2999,53.3499,343123.0
2025-08-25 14:30:00,53.345,53.365,53.325,53.365,477689.0
2025-08-25 14:35:00,53.365,53.37,53.325,53.325,303391.0
2025-08-25 14:40:00,53.325,53.36,53.31,53.325,432086.0
2025-08-25 14:45:00,53.33,53.35,53.3,53.335,404895.0
2025-08-25 14:50:00,53.3301,53.3451,53.315,53.3199,398359.0
2025-08-25 14:55:00,53.32,53.3501,53.3,53.34,365256.0
2025-08-25 15:00:00,53.3394,53.3451,53.28,53.315,390501.0
2025-08-25 15:05:00,53.31,53.3451,53.3,53.335,289359.0
2025-08-25 15:10:00,53.339,53.36,53.32,53.355,412957.0
2025-08-25 15:15:00,53.36,53.37,53.35,53.36,127680.0
2025-08-25 15:20:00,53.356125,53.37,53.325,53.325,170521.0
2025-08-25 15:25:00,53.325,53.34,53.31,53.315,202787.0
2025-08-25 15:30:00,53.315,53.335,53.28,53.28,345636.0
2025-08-25 15:35:00,53.285,53.2899,53.25,53.275,341669.0
2025-08-25 15:40:00,53.275,53.2799,53.25,53.26,308154.0
2025-08-25 15:45:00,53.26,53.26,53.235,53.245,317231.0
2025-08-25 15:50:00,53.24,53.285,53.235,53.28,269265.0
2025-08-25 15:55:00,53.28,53.29,53.25,53.285,172382.0
2025-08-25 16:00:00,53.285,53.31,53.28,53.31,220151.0
2025-08-26 09:40:00,53.17,53.17,53.17,53.17,1397.0
2025-08-26 09:45:00,53.17,53.18,53.17,53.18,521.0
2025-08-26 10:00:00,53.17,53.18,53.17,53.18,2191.0
2025-08-26 10:05:00,53.19,53.19,53.19,53.19,440.0
2025-08-26 10:25:00,53.21,53.21,53.21,53.21,355.0
2025-08-26 10:30:00,53.21,53.21,53.21,53.21,206.0
2025-08-26 10:35:00,53.21,53.21,53.21,53.21,169.0
2025-08-26 10:40:00,53.22,53.22,53.22,53.22,1215.0
2025-08-26 10:45:00,53.22,53.22,53.22,53.22,3000.0
2025-08-26 10:50:00,53.22,53.22,53.21,53.21,1209.0
2025-08-26 11:00:00,53.22,53.22,53.21,53.21,1992.0
2025-08-26 11:05:00,53.21,53.21,53.2,53.2,1305.0
2025-08-26 11:10:00,53.2,53.2,53.2,53.2,1965.0
2025-08-26 11:20:00,53.19,53.19,53.19,53.19,100.0
2025-08-26 11:25:00,53.19,53.19,53.18,53.18,1410.0
2025-08-26 11:45:00,53.18,53.18,53.17,53.17,1252.0
2025-08-26 11:50:00,53.17,53.18,53.17,53.18,2752.0
2025-08-26 12:00:00,53.1901,53.1901,53.1901,53.1901,964.0
2025-08-26 12:25:00,53.19,53.19,53.19,53.19,554.0
2025-08-26 12:30:00,53.19,53.19,53.19,53.19,593.0
2025-08-26 12:40:00,53.2,53.2,53.2,53.2,361.0
2025-08-26 12:50:00,53.2,53.2,53.2,53.2,123.0
2025-08-26 13:00:00,53.21,53.21,53.21,53.21,667.0
2025-08-26 13:15:00,53.21,53.21,53.21,53.21,898.0
2025-08-26 13:20:00,53.22,53.22,53.22,53.22,1281.0
2025-08-26 13:25:00,53.22,53.22,53.09,53.09,18805.0
2025-08-26 13:30:00,53.1,53.22,53.1,53.17,790058.0
2025-08-26 13:35:00,53.17,53.195,53.12,53.17,648726.0
2025-08-26 13:40:00,53.18,53.25,53.14,53.235,446211.0
2025-08-26 13:45:00,53.235,53.255,53.17,53.17,594676.0
2025-08-26 13:50:00,53.165,53.26,53.165,53.24,544058.0
2025-08-26 13:55:00,53.235,53.245,53.184,53.23,358875.0
2025-08-26 14:00:00,53.22,53.265,53.22,53.255,550589.0
2025-08-26 14:05:00,53.26,53.305,53.2435,53.2803,224767.0
2025-08-26 14:10:00,53.285,53.31,53.27,53.295,286602.0
2025-08-26 14:15:00,53.295,53.31,53.26,53.265,271956.0
2025-08-26 14:20:00,53.27,53.285,53.26,53.285,266693.0
2025-08-26 14:25:00,53.285,53.295,53.23,53.235,293631.0
2025-08-26 14:30:00,53.235,53.25,53.2113,53.23,269826.0
2025-08-26 14:35:00,53.235,53.24,53.18,53.19,331701.0
2025-08-26 14:40:00,53.1858,53.2065,53.145,53.1475,472101.0
2025-08-26 14:45:00,53.15,53.18,53.125,53.1551,448691.0
2025-08-26 14:50:00,53.15,53.155,53.1328,53.145,233498.0
2025-08-26 14:55:00,53.15,53.18,53.1449,53.165,357675.0
2025-08-26 15:00:00,53.17,53.21,53.15,53.185,328861.0
2025-08-26 15:05:00,53.19,53.2,53.17,53.18,261224.0
2025-08-26 15:10:00,53.18,53.2,53.145,53.2,484075.0
2025-08-26 15:15:00,53.19,53.2,53.14,53.175,202343.0
2025-08-26 15:20:00,53.18,53.1976,53.16,53.165,272079.0
2025-08-26 15:25:00,53.165,53.17,53.13,53.16,301452.0
2025-08-26 15:30:00,53.16,53.22,53.16,53.22,228389.0
2025-08-26 15:35:00,53.2142,53.25,53.205,53.24,290529.0
2025-08-26 15:40:00,53.2388,53.26,53.235,53.2577,290629.0
2025-08-26 15:45:00,53.2592,53.27,53.25,53.255,385335.0
2025-08-26 15:50:00,53.26,53.28,53.255,53.2749,258463.0
2025-08-26 15:55:00,53.275,53.3,53.265,53.285,258380.0
2025-08-26 16:00:00,53.285,53.3,53.27,53.275,307200.0
2025-08-27 09:30:00,53.68,53.68,53.68,53.68,400.0
2025-08-27 09:40:00,53.67,53.67,53.67,53.67,484.0
2025-08-27 10:05:00,53.67,53.67,53.67,53.67,201.0
2025-08-27 10:35:00,53.67,53.67,53.67,53.67,251.0
2025-08-27 10:45:00,53.66,53.66,53.66,53.66,150.0
2025-08-27 11:00:00,53.67,53.69,53.67,53.68,4971.0
2025-08-27 11:05:00,53.68,53.68,53.67,53.67,450.0
2025-08-27 11:25:00,53.68,53.68,53.67,53.67,951.0
2025-08-27 11:30:00,53.65,53.67,53.65,53.67,2038.0
2025-08-27 11:35:00,53.66,53.67,53.66,53.67,2050.0
2025-08-27 11:40:00,53.66,53.66,53.66,53.66,212.0
2025-08-27 11:55:00,53.65,53.65,53.64,53.64,801.0
2025-08-27 12:00:00,53.68,53.8,53.63,53.65,4860.0
2025-08-27 12:05:00,53.65,53.65,53.65,53.65,483.0
2025-08-27 12:10:00,53.66,53.67,53.66,53.66,1790.0
2025-08-27 12:15:00,53.66,53.66,53.65,53.65,820.0
2025-08-27 12:25:00,53.65,53.65,53.63,53.64,3271.0
2025-08-27 12:30:00,53.64,53.64,53.62,53.64,11767.0
2025-08-27 12:35:00,53.64,53.64,53.62,53.62,7285.0
2025-08-27 12:40:00,53.62,53.62,53.61,53.62,5674.0
2025-08-27 12:45:00,53.63,53.64,53.63,53.64,4319.0
2025-08-27 12:50:00,53.62,53.62,53.62,53.62,1300.0
2025-08-27 12:55:00,53.6299,53.6299,53.6299,53.6299,334.0
2025-08-27 13:05:00,53.62,53.62,53.61,53.62,4911.0
2025-08-27 13:10:00,53.61,53.61,53.61,53.61,507.0
2025-08-27 13:20:00,53.62,53.62,53.6195,53.62,1377.0
2025-08-27 13:25:00,53.62,53.63,53.52,53.52,11115.0
2025-08-27 13:30:00,53.54,53.67,53.51,53.645,614430.0
2025-08-27 13:35:00,53.64,53.695,53.635,53.665,508988.0
2025-08-27 13:40:00,53.67,53.85,53.67,53.83,426586.0
2025-08-27 13:45:00,53.83,53.876,53.795,53.795,719076.0
2025-08-27 13:50:00,53.79,53.795,53.725,53.77,492598.0
2025-08-27 13:55:00,53.765,53.77,53.705,53.75,375111.0
2025-08-27 14:00:00,53.75,53.805,53.74,53.755,546738.0
2025-08-27 14:05:00,53.755,53.8,53.75,53.755,279162.0
2025-08-27 14:10:00,53.75,53.81,53.74,53.795,218243.0
2025-08-27 14:15:00,53.795,53.83,53.775,53.815,347636.0
2025-08-27 14:20:00,53.815,53.83,53.78,53.815,362133.0
2025-08-27 14:25:00,53.82,53.83,53.78,53.795,389269.0
2025-08-27 14:30:00,53.795,53.82,53.7813,53.8189,416579.0
2025-08-27 14:35:00,53.82,53.82,53.73,53.735,378121.0
2025-08-27 14:40:00,53.735,53.77,53.735,53.75,249409.0
2025-08-27 14:45:00,53.755,53.77,53.725,53.755,433244.0
2025-08-27 14:50:00,53.755,53.79,53.7501,53.785,219495.0
2025-08-27 14:55:00,53.785,53.8,53.77,53.775,234597.0
2025-08-27 15:00:00,53.78,53.83,53.775,53.825,313135.0
2025-08-27 15:05:00,53.825,53.88,53.82,53.875,612156.0
2025-08-27 15:10:00,53.875,53.8799,53.85,53.865,386623.0
2025-08-27 15:15:00,53.865,53.89,53.8501,53.875,240847.0
2025-08-27 15:20:00,53.875,53.92,53.86,53.915,253282.0
2025-08-27 15:25:00,53.9156,53.94,53.915,53.925,249135.0
2025-08-27 15:30:00,53.925,53.94,53.91,53.935,283034.0
2025-08-27 15:35:00,53.935,53.9362,53.8803,53.905,253031.0
2025-08-27 15:40:00,53.905,53.91,53.8501,53.86,564894.0
2025-08-27 15:45:00,53.85,53.86,53.84,53.84,206607.0
2025-08-27 15:50:00,53.845,53.85,53.815,53.8199,314712.0
2025-08-27 15:55:00,53.815,53.84,53.815,53.835,350141.0
2025-08-27 16:00:00,53.83,53.83,53.8,53.815,454732.0
2025-08-28 09:30:00,53.95,53.95,53.95,53.95,180.0
2025-08-28 09:40:00,53.93,53.93,53.93,53.93,400.0
2025-08-28 09:45:00,53.95,53.95,53.95,53.95,240.0
2025-08-28 09:50:00,53.95,53.95,53.95,53.95,191.0
2025-08-28 09:55:00,53.95,53.95,53.95,53.95,1133.0
2025-08-28 10:00:00,53.95,53.95,53.95,53.95,180.0
2025-08-28 10:35:00,53.93,53.93,53.93,53.93,1710.0
2025-08-28 10:40:00,53.925,53.925,53.9,53.9,9217.0
2025-08-28 10:50:00,53.92,53.92,53.92,53.92,408.0
2025-08-28 10:55:00,53.92,53.92,53.92,53.92,100.0
2025-08-28 11:05:00,53.91,53.91,53.9,53.9,682.0
2025-08-28 11:15:00,53.89,53.89,53.89,53.89,526.0
2025-08-28 11:20:00,53.88,53.88,53.88,53.88,107.0
2025-08-28 11:25:00,53.88,53.88,53.88,53.88,2000.0
2025-08-28 11:30:00,53.89,53.89,53.89,53.89,377.0
2025-08-28 11:40:00,53.9,53.9,53.9,53.9,340.0
2025-08-28 11:55:00,53.89,53.89,53.89,53.89,983.0
2025-08-28 12:00:00,53.9,53.92,53.84,53.92,4239.0
2025-08-28 12:05:00,53.91,53.91,53.9,53.9,3430.0
2025-08-28 12:10:00,53.9,53.9,53.89,53.9,9771.0
2025-08-28 12:15:00,53.89,53.9,53.89,53.9,1549.0
2025-08-28 12:20:00,53.89,53.89,53.89,53.89,1000.0
2025-08-28 12:25:00,53.9,53.91,53.89,53.89,3535.0
2025-08-28 12:30:00,53.9,53.93,53.9,53.9,3741.0
2025-08-28 12:35:00,53.9,53.91,53.9,53.91,7400.0
2025-08-28 12:40:00,53.92,53.95,53.92,53.93,39533.0
2025-08-28 12:45:00,53.93,53.93,53.9097,53.9097,4727.0
2025-08-28 12:55:00,53.9,53.9,53.88,53.9,5156.0
2025-08-28 13:00:00,53.9,53.91,53.89,53.91,16126.0
2025-08-28 13:05:00,53.9,53.92,53.9,53.91,8249.0
2025-08-28 13:10:00,53.919,53.92,53.91,53.91,661.0
2025-08-28 13:15:00,53.92,53.93,53.92,53.93,1267.0
2025-08-28 13:20:00,53.93,53.94,53.93,53.93,4044.0
2025-08-28 13:25:00,53.94,53.94,53.89,53.89,19431.0
2025-08-28 13:30:00,53.89,53.9,53.72,53.79,870057.0
2025-08-28 13:35:00,53.7946,53.82,53.75,53.79,458837.0
2025-08-28 13:40:00,53.79,53.88,53.7841,53.85,455332.0
2025-08-28 13:45:00,53.845,53.87,53.805,53.87,345735.0
2025-08-28 13:50:00,53.865,53.9,53.85,53.86,666293.0
2025-08-28 13:55:00,53.87,53.88,53.81,53.855,346209.0
2025-08-28 14:00:00,53.86,53.87,53.81,53.815,427102.0
2025-08-28 14:05:00,53.815,53.85,53.805,53.82,988830.0
2025-08-28 14:10:00,53.815,53.845,53.795,53.8,321364.0
2025-08-28 14:15:00,53.805,53.88,53.805,53.875,325069.0
2025-08-28 14:20:00,53.88,53.9,53.86,53.89,215146.0
2025-08-28 14:25:00,53.89,53.895,53.86,53.865,247341.0
2025-08-28 14:30:00,53.87,53.89,53.83,53.83,385584.0
2025-08-28 14:35:00,53.83,53.8399,53.8,53.8158,310855.0
2025-08-28 14:40:00,53.8142,53.8599,53.8,53.8306,380135.0
2025-08-28 14:45:00,53.835,53.835,53.76,53.77,381313.0
2025-08-28 14:50:00,53.77,53.785,53.74,53.74,296034.0
2025-08-28 14:55:00,53.74,53.77,53.73,53.7547,375628.0
2025-08-28 15:00:00,53.75,53.779,53.74,53.76,347669.0
2025-08-28 15:05:00,53.765,53.765,53.72,53.735,342438.0
2025-08-28 15:10:00,53.735,53.77,53.73,53.7634,239052.0
2025-08-28 15:15:00,53.77,53.8,53.755,53.7701,342099.0
2025-08-28 15:20:00,53.7742,53.78,53.7,53.72,271313.0
2025-08-28 15:25:00,53.715,53.72,53.695,53.72,352273.0
2025-08-28 15:30:00,53.72,53.75,53.72,53.74,300492.0
2025-08-28 15:35:00,53.7499,53.79,53.7301,53.775,251461.0
2025-08-28 15:40:00,53.77,53.81,53.77,53.8058,180259.0
2025-08-28 15:45:00,53.805,53.8299,53.79,53.815,290345.0
2025-08-28 15:50:00,53.82,53.84,53.8,53.835,262925.0
2025-08-28 15:55:00,53.835,53.87,53.8301,53.855,212738.0
2025-08-28 16:00:00,53.86,53.8699,53.85,53.8599,224748.0
2025-08-29 10:00:00,53.81,53.81,53.8,53.8,896.0
2025-08-29 10:05:00,53.81,53.81,53.8,53.8,3273.0
2025-08-29 10:10:00,53.81,53.81,53.81,53.81,863.0
2025-08-29 10:20:00,53.81,53.82,53.8,53.8,3090.0
2025-08-29 10:35:00,53.8,53.8,53.8,53.8,3500.0
2025-08-29 10:45:00,53.8,53.8,53.8,53.8,110.0
2025-08-29 10:50:00,53.81,53.81,53.8,53.8,2027.0
2025-08-29 10:55:00,53.8,53.8,53.8,53.8,919.0
2025-08-29 11:00:00,53.8,53.81,53.8,53.81,3127.0
2025-08-29 11:05:00,53.81,53.81,53.81,53.81,300.0
2025-08-29 11:10:00,53.81,53.81,53.81,53.81,1535.0
2025-08-29 11:15:00,53.82,53.83,53.82,53.83,1040.0
2025-08-29 11:20:00,53.84,53.84,53.84,53.84,193.0
2025-08-29 11:25:00,53.83,53.83,53.83,53.83,390.0
2025-08-29 11:30:00,53.83,53.83,53.83,53.83,365.0
2025-08-29 11:35:00,53.82,53.82,53.82,53.82,6559.0
2025-08-29 11:40:00,53.82,53.82,53.82,53.82,2000.0
2025-08-29 11:45:00,53.82,53.82,53.81,53.81,1540.0
2025-08-29 12:00:00,53.81,54.0,53.81,53.8299,2820.0
2025-08-29 12:05:00,53.81,53.81,53.81,53.81,160.0
2025-08-29 12:15:00,53.82,53.82,53.82,53.82,107.0
2025-08-29 12:20:00,53.8,53.8,53.8,53.8,100.0
2025-08-29 12:25:00,53.8044,53.8044,53.8044,53.8044,500.0
2025-08-29 12:30:00,53.83,53.83,53.82,53.82,398.0
2025-08-29 12:35:00,53.85,53.85,53.85,53.85,127.0
2025-08-29 12:45:00,53.83,53.83,53.83,53.83,1022.0
2025-08-29 12:50:00,53.83,53.84,53.83,53.84,2765.0
2025-08-29 13:00:00,53.85,53.85,53.85,53.85,1000.0
2025-08-29 13:05:00,53.85,53.85,53.84,53.84,2120.0
2025-08-29 13:10:00,53.85,53.85,53.85,53.85,10797.0
2025-08-29 13:15:00,53.86,53.87,53.85,53.87,3878.0
2025-08-29 13:20:00,53.85,53.85,53.85,53.85,530.0
2025-08-29 13:25:00,53.86,53.87,53.86,53.87,1963.0
2025-08-29 13:30:00,53.9,53.99,53.9,53.975,825868.0
2025-08-29 13:35:00,53.975,54.0,53.94,53.99,1819199.0
2025-08-29 13:40:00,53.985,54.06,53.98,54.055,514337.0
2025-08-29 13:45:00,54.055,54.07,53.98,53.995,755225.0
2025-08-29 13:50:00,53.99,54.02,53.94,53.955,636218.0
2025-08-29 13:55:00,53.95,53.98,53.93,53.955,911609.0
2025-08-29 14:00:00,53.955,53.98,53.855,53.86,804725.0
2025-08-29 14:05:00,53.855,53.87,53.8,53.845,795959.0
2025-08-29 14:10:00,53.85,53.895,53.83,53.8935,624606.0
2025-08-29 14:15:00,53.895,53.895,53.835,53.885,2249086.0
2025-08-29 14:20:00,53.88,53.94,53.875,53.875,286106.0
2025-08-29 14:25:00,53.87,53.91,53.86,53.905,402183.0
2025-08-29 14:30:00,53.905,53.955,53.87,53.955,442805.0
2025-08-29 14:35:00,53.96,53.965,53.9201,53.965,499298.0
2025-08-29 14:40:00,53.96,53.9851,53.915,53.915,447029.0
2025-08-29 14:45:00,53.92,53.93,53.87,53.88,384569.0
2025-08-29 14:50:00,53.89,53.91,53.835,53.905,376667.0
2025-08-29 14:55:00,53.91,53.95,53.885,53.94,565220.0
2025-08-29 15:00:00,53.945,53.975,53.925,53.975,406574.0
2025-08-29 15:05:00,53.975,54.04,53.965,54.04,791423.0
2025-08-29 15:10:00,54.03,54.0499,53.99,53.995,370402.0
2025-08-29 15:15:00,53.995,54.02,53.985,53.999,291011.0
2025-08-29 15:20:00,53.99,54.01,53.97,53.9999,328332.0
2025-08-29 15:25:00,54.0,54.01,53.973456,53.9822,365981.0
2025-08-29 15:30:00,53.985,54.0054,53.965,53.995,180551.0
2025-08-29 15:35:00,54.0,54.08,53.995,54.075,255461.0
2025-08-29 15:40:00,54.075,54.08,54.05,54.06,234042.0
2025-08-29 15:45:00,54.055,54.08,54.05,54.065,361927.0
2025-08-29 15:50:00,54.06,54.06,54.03,54.04,464744.0
2025-08-29 15:55:00,54.04,54.085,54.04,54.055,336531.0
2025-08-29 16:00:00,54.055,54.1199,54.0505,54.105,283102.0
2025-09-02 09:30:00,53.86,53.86,53.86,53.86,1605.0
2025-09-02 09:35:00,53.86,53.86,53.86,53.86,1259.0
2025-09-02 09:50:00,53.85,53.85,53.85,53.85,270.0
2025-09-02 10:15:00,53.84,53.84,53.84,53.84,700.0
2025-09-02 10:25:00,53.83,53.83,53.83,53.83,256.0
2025-09-02 10:30:00,53.83,53.83,53.79,53.79,3734.0
2025-09-02 10:40:00,53.76,53.76,53.74,53.75,3539.0
2025-09-02 11:00:00,53.79,53.79,53.79,53.79,980.0
2025-09-02 11:05:00,53.77,53.77,53.75,53.75,2621.0
2025-09-02 11:10:00,53.75,53.77,53.75,53.75,4000.0
2025-09-02 11:15:00,53.76,53.77,53.76,53.77,2152.0
2025-09-02 11:20:00,53.75,53.76,53.75,53.76,1336.0
2025-09-02 11:35:00,53.78,53.78,53.78,53.78,3877.0
2025-09-02 11:40:00,53.79,53.8,53.78,53.78,982.0
2025-09-02 11:45:00,53.78,53.78,53.78,53.78,200.0
2025-09-02 12:00:00,53.76,54.13,53.73,53.73,36187.0
2025-09-02 12:05:00,53.7586,53.7586,53.73,53.73,1316.0
2025-09-02 12:10:00,53.73,53.75,53.73,53.74,12140.0
2025-09-02 12:15:00,53.73,53.73,53.73,53.73,465.0
2025-09-02 12:20:00,53.74,53.7401,53.73,53.73,400.0
2025-09-02 12:25:00,53.73,53.74,53.73,53.74,809.0
2025-09-02 12:30:00,53.74,53.74,53.73,53.74,1059.0
2025-09-02 12:35:00,53.74,53.74,53.73,53.73,3423.0
2025-09-02 12:40:00,53.72,53.72,53.7,53.7,3089.0
2025-09-02 12:45:00,53.6498,53.6498,53.637,53.637,759.0
2025-09-02 12:50:00,53.65,53.65,53.57,53.61,35028.0
2025-09-02 12:55:00,53.59,53.62,53.59,53.6,10121.0
2025-09-02 13:00:00,53.6,53.61,53.58,53.61,29042.0
2025-09-02 13:05:00,53.6101,53.64,53.6101,53.64,22538.0
2025-09-02 13:10:00,53.6201,53.63,53.62,53.62,9387.0
2025-09-02 13:15:00,53.65,53.65,53.65,53.65,1912.0
2025-09-02 13:20:00,53.64,53.67,53.63,53.66,2885.0
2025-09-02 13:25:00,53.66,53.7,53.64,53.64,14510.0
2025-09-02 13:30:00,53.7,53.7,53.145,53.18,2668315.0
2025-09-02 13:35:00,53.1881,53.335,53.185,53.215,1481531.0
2025-09-02 13:40:00,53.215,53.27,53.135,53.2598,890455.0
2025-09-02 13:45:00,53.25,53.27,53.115,53.24,1155962.0
2025-09-02 13:50:00,53.235,53.375,53.22,53.355,713652.0
2025-09-02 13:55:00,53.36,53.44,53.345,53.405,581998.0
2025-09-02 14:00:00,53.4,53.515,53.395,53.495,691190.0
2025-09-02 14:05:00,53.5,53.515,53.47,53.49,511080.0
2025-09-02 14:10:00,53.485,53.55,53.475,53.5095,437757.0
2025-09-02 14:15:00,53.5,53.5,53.43,53.44,588360.0
2025-09-02 14:20:00,53.44,53.455,53.375,53.3841,528499.0
2025-09-02 14:25:00,53.385,53.46,53.355,53.46,605074.0
2025-09-02 14:30:00,53.46,53.54,53.445,53.535,498322.0
2025-09-02 14:35:00,53.53,53.54,53.5,53.52,335007.0
2025-09-02 14:40:00,53.515,53.52,53.435,53.47,310921.0
2025-09-02 14:45:00,53.465,53.5,53.415,53.435,520086.0
2025-09-02 14:50:00,53.43,53.445,53.35,53.35,389684.0
2025-09-02 14:55:00,53.36,53.415,53.355,53.4099,321111.0
2025-09-02 15:00:00,53.405,53.43,53.365,53.3901,315667.0
2025-09-02 15:05:00,53.3929,53.405,53.365,53.385,311989.0
2025-09-02 15:10:00,53.385,53.44,53.37,53.38,262351.0
2025-09-02 15:15:00,53.37,53.39,53.335,53.355,468517.0
2025-09-02 15:20:00,53.354,53.355,53.2825,53.315,450584.0
2025-09-02 15:25:00,53.31,53.37,53.31,53.335,468857.0
2025-09-02 15:30:00,53.335,53.34,53.28,53.29,1090471.0
2025-09-02 15:35:00,53.29,53.3,53.23404,53.24,569008.0
2025-09-02 15:40:00,53.25,53.27,53.23,53.2501,425659.0
2025-09-02 15:45:00,53.25,53.28,53.2342,53.2349,410780.0
2025-09-02 15:50:00,53.235,53.24,53.19,53.21,1056852.0
2025-09-02 15:55:00,53.21,53.24,53.185,53.2069,488737.0
2025-09-02 16:00:00,53.2041,53.2376,53.17,53.195,663793.0
2025-09-03 09:30:00,53.5,53.5,53.5,53.5,523.0
2025-09-03 09:45:00,53.52,53.52,53.52,53.52,364.0
2025-09-03 10:10:00,53.53,53.53,53.53,53.53,650.0
2025-09-03 10:15:00,53.52,53.52,53.52,53.52,600.0
2025-09-03 10:30:00,53.53,53.53,53.53,53.53,950.0
2025-09-03 11:05:00,53.55,53.55,53.55,53.55,640.0
2025-09-03 11:10:00,53.52,53.52,53.52,53.52,312.0
2025-09-03 11:25:00,53.53,53.53,53.51,53.51,1950.0
2025-09-03 11:30:00,53.52,53.52,53.51,53.52,4404.0
2025-09-03 11:55:00,53.53,53.53,53.5,53.5,7491.0
2025-09-03 12:00:00,53.55,53.55,53.39,53.5,2844.0
2025-09-03 12:10:00,53.52,53.52,53.52,53.52,1602.0
2025-09-03 12:15:00,53.53,53.53,53.53,53.53,800.0
2025-09-03 12:25:00,53.5,53.5,53.5,53.5,918.0
2025-09-03 12:30:00,53.48,53.48,53.44,53.45,10791.0
2025-09-03 12:35:00,53.45,53.46,53.43,53.45,36994.0
2025-09-03 12:40:00,53.44,53.44,53.43,53.43,774.0
2025-09-03 12:45:00,53.42,53.42,53.42,53.42,26733.0
2025-09-03 12:50:00,53.42,53.42,53.42,53.42,638.0
2025-09-03 12:55:00,53.41,53.41,53.41,53.41,771.0
2025-09-03 13:00:00,53.4,53.41,53.4,53.41,4999.0
2025-09-03 13:05:00,53.42,53.43,53.41,53.41,9785.0
2025-09-03 13:10:00,53.43,53.44,53.43,53.44,3285.0
2025-09-03 13:15:00,53.44,53.44,53.44,53.44,183.0
2025-09-03 13:20:00,53.43,53.45,53.43,53.45,2076.0
2025-09-03 13:25:00,53.44,53.5,53.44,53.5,2825.0
2025-09-03 13:30:00,53.5,53.6,53.4,53.51,994717.0
2025-09-03 13:35:00,53.51,53.58,53.505,53.56,606777.0
2025-09-03 13:40:00,53.555,53.59,53.48,53.57,889297.0
2025-09-03 13:45:00,53.58,53.59,53.45,53.49,773075.0
2025-09-03 13:50:00,53.485,53.52,53.41,53.44,579183.0
2025-09-03 13:55:00,53.44,53.44,53.39,53.41,448046.0
2025-09-03 14:00:00,53.4101,53.455,53.37,53.4151,816239.0
2025-09-03 14:05:00,53.41,53.415,53.34,53.3604,432308.0
2025-09-03 14:10:00,53.365,53.39,53.325,53.325,360032.0
2025-09-03 14:15:00,53.325,53.435,53.325,53.42,589002.0
2025-09-03 14:20:00,53.425,53.455,53.415,53.43,394305.0
2025-09-03 14:25:00,53.43,53.46,53.395,53.395,385839.0
2025-09-03 14:30:00,53.4,53.47,53.385,53.445,395757.0
2025-09-03 14:35:00,53.445,53.4499,53.4,53.415,370942.0
2025-09-03 14:40:00,53.415,53.475,53.41,53.455,290292.0
2025-09-03 14:45:00,53.455,53.51,53.455,53.505,452441.0
2025-09-03 14:50:00,53.505,53.525,53.49,53.51,219390.0
2025-09-03 14:55:00,53.51,53.525,53.49,53.52,226049.0
2025-09-03 15:00:00,53.515,53.545,53.51,53.535,303269.0
2025-09-03 15:05:00,53.54,53.55,53.505,53.5101,555210.0
2025-09-03 15:10:00,53.515,53.52,53.4601,53.48,506242.0
2025-09-03 15:15:00,53.475,53.4899,53.44,53.47,335905.0
2025-09-03 15:20:00,53.465,53.47,53.42,53.445,535466.0
2025-09-03 15:25:00,53.45,53.45,53.36,53.385,445062.0
2025-09-03 15:30:00,53.39,53.41,53.37,53.395,353902.0
2025-09-03 15:35:00,53.395,53.42,53.37,53.38,407845.0
2025-09-03 15:40:00,53.37,53.39,53.355,53.38,762067.0
2025-09-03 15:45:00,53.3801,53.39,53.345,53.375,296324.0
2025-09-03 15:50:00,53.375,53.38,53.3435,53.355,246463.0
2025-09-03 15:55:00,53.36,53.365,53.32,53.335,228380.0
2025-09-03 16:00:00,53.335,53.35,53.29,53.31,153492.0
2025-09-04 09:30:00,53.57,53.57,53.57,53.57,386.0
2025-09-04 09:50:00,53.56,53.56,53.56,53.56,420.0
2025-09-04 10:00:00,53.58,53.59,53.58,53.58,5530.0
2025-09-04 10:05:00,53.58,53.58,53.58,53.58,197.0
2025-09-04 10:10:00,53.59,53.61,53.59,53.6,1504.0
2025-09-04 10:15:00,53.61,53.61,53.6,53.6,480.0
2025-09-04 10:25:00,53.59,53.59,53.59,53.59,1357.0
2025-09-04 10:35:00,53.61,53.61,53.61,53.61,3367.0
2025-09-04 10:40:00,53.62,53.62,53.62,53.62,1053.0
2025-09-04 10:45:00,53.61,53.61,53.61,53.61,1415.0
2025-09-04 10:50:00,53.61,53.62,53.61,53.62,5130.0
2025-09-04 10:55:00,53.62,53.62,53.62,53.62,1220.0
2025-09-04 11:00:00,53.61,53.63,53.6,53.62,3492.0
2025-09-04 11:05:00,53.62,53.62,53.62,53.62,1130.0
2025-09-04 11:15:00,53.65,53.65,53.63,53.64,1031.0
2025-09-04 11:20:00,53.63,53.63,53.62,53.62,2886.0
2025-09-04 11:25:00,53.62,53.63,53.62,53.63,2596.0
2025-09-04 11:30:00,53.62,53.64,53.62,53.63,2273.0
2025-09-04 11:35:00,53.63,53.64,53.61,53.61,5060.0
2025-09-04 11:50:00,53.58,53.6,53.58,53.6,630.0
2025-09-04 11:55:00,53.6,53.6,53.6,53.6,120.0
2025-09-04 12:00:00,53.63,53.6301,53.49,53.6301,2794.0
2025-09-04 12:05:00,53.6,53.6,53.6,53.6,1641.0
2025-09-04 12:10:00,53.6,53.6,53.58,53.6,1088.0
2025-09-04 12:15:00,53.6,53.6,53.6,53.6,3231.0
2025-09-04 12:20:00,53.59,53.61,53.59,53.61,3994.0
2025-09-04 12:25:00,53.6,53.63,53.6,53.62,39785.0
2025-09-04 12:30:00,53.62,53.62,53.59,53.59,27131.0
2025-09-04 12:35:00,53.5801,53.59,53.5801,53.59,230.0
2025-09-04 12:40:00,53.59,53.61,53.59,53.6,6821.0
2025-09-04 12:45:00,53.6001,53.6201,53.6001,53.6201,2020.0
2025-09-04 12:55:00,53.63,53.64,53.63,53.64,500.0
2025-09-04 13:00:00,53.62,53.62,53.62,53.62,25033.0
2025-09-04 13:05:00,53.61,53.61,53.61,53.61,301.0
2025-09-04 13:10:00,53.6201,53.63,53.6201,53.63,1461.0
2025-09-04 13:15:00,53.6201,53.63,53.6201,53.63,1177.0
2025-09-04 13:20:00,53.62,53.62,53.62,53.62,159.0
2025-09-04 13:25:00,53.61,53.64,53.61,53.64,7986.0
2025-09-04 13:30:00,53.69,53.7,53.565,53.595,1307199.0
2025-09-04 13:35:00,53.6,53.73,53.6,53.725,890224.0
2025-09-04 13:40:00,53.73,53.845,53.73,53.805,494896.0
2025-09-04 13:45:00,53.805,53.82,53.72,53.775,679867.0
2025-09-04 13:50:00,53.78,53.8,53.745,53.795,692400.0
2025-09-04 13:55:00,53.795,53.8,53.74,53.74,475621.0
2025-09-04 14:00:00,53.75,53.78,53.705,53.715,576076.0
2025-09-04 14:05:00,53.715,53.715,53.62,53.63,429807.0
2025-09-04 14:10:00,53.64,53.715,53.63,53.67,425768.0
2025-09-04 14:15:00,53.68,53.715,53.66,53.6949,405660.0
2025-09-04 14:20:00,53.7,53.755,53.695,53.7499,349906.0
2025-09-04 14:25:00,53.7497,53.775,53.71,53.75,372498.0
2025-09-04 14:30:00,53.745,53.77,53.73,53.745,505841.0
2025-09-04 14:35:00,53.75,53.79,53.73,53.765,449232.0
2025-09-04 14:40:00,53.765,53.77,53.735,53.745,357592.0
2025-09-04 14:45:00,53.75,53.8,53.745,53.8,268731.0
2025-09-04 14:50:00,53.795,53.8,53.765,53.795,335626.0
2025-09-04 14:55:00,53.8,53.815,53.77,53.815,272330.0
2025-09-04 15:00:00,53.815,53.845,53.792,53.7981,298247.0
2025-09-04 15:05:00,53.8,53.825,53.775,53.825,209699.0
2025-09-04 15:10:00,53.825,53.86,53.8,53.85,329529.0
2025-09-04 15:15:00,53.8499,53.89,53.84,53.8765,337954.0
2025-09-04 15:20:00,53.875,53.8751,53.83,53.846533,343527.0
2025-09-04 15:25:00,53.845,53.8771,53.84,53.85,242275.0
2025-09-04 15:30:00,53.855,53.875,53.83,53.875,318339.0
2025-09-04 15:35:00,53.87,53.87,53.84,53.84,218896.0
2025-09-04 15:40:00,53.845,53.89,53.84,53.87,227079.0
2025-09-04 15:45:00,53.87,53.89,53.87,53.88,180724.0
2025-09-04 15:50:00,53.885,53.92,53.8826,53.915,421438.0
2025-09-04 15:55:00,53.915,53.93,53.8701,53.875,342327.0
2025-09-04 16:00:00,53.88,53.92,53.875,53.905,293675.0
2025-09-05 09:30:00,54.1,54.1,54.1,54.1,9900.0
2025-09-05 09:35:00,54.09,54.09,54.09,54.09,4220.0
2025-09-05 09:45:00,54.08,54.08,54.08,54.08,3257.0
2025-09-05 09:55:00,54.07,54.07,54.07,54.07,4280.0
2025-09-05 10:10:00,54.07,54.08,54.07,54.07,1385.0
2025-09-05 10:15:00,54.07,54.07,54.07,54.07,6352.0
2025-09-05 10:20:00,54.07,54.07,54.07,54.07,110.0
2025-09-05 10:25:00,54.07,54.08,54.07,54.08,4082.0
2025-09-05 10:30:00,54.08,54.08,54.08,54.08,750.0
2025-09-05 10:35:00,54.08,54.09,54.08,54.09,523.0
2025-09-05 10:55:00,54.1,54.1,54.1,54.1,260.0
2025-09-05 11:00:00,54.1,54.1,54.1,54.1,550.0
2025-09-05 11:05:00,54.08,54.08,54.08,54.08,121.0
2025-09-05 11:10:00,54.07,54.07,54.07,54.07,221.0
2025-09-05 11:15:00,54.08,54.08,54.08,54.08,2001.0
2025-09-05 11:20:00,54.07,54.07,54.07,54.07,290.0
2025-09-05 11:25:00,54.08,54.08,54.07,54.07,3925.0
2025-09-05 11:30:00,54.07,54.07,54.07,54.07,1050.0
2025-09-05 11:40:00,54.04,54.04,54.04,54.04,881.0
2025-09-05 11:45:00,54.03,54.03,54.02,54.02,2059.0
2025-09-05 11:55:00,54.02,54.02,54.01,54.01,8431.0
2025-09-05 12:00:00,54.08,54.09,53.98,53.98,1900.0
2025-09-05 12:05:00,53.98,53.98,53.98,53.98,1040.0
2025-09-05 12:10:00,53.97,53.97,53.96,53.96,1032.0
2025-09-05 12:15:00,53.96,53.97,53.96,53.96,5206.0
2025-09-05 12:20:00,53.95,53.95,53.9301,53.94,2723.0
2025-09-05 12:25:00,53.93,53.93,53.91,53.92,5028.0
2025-09-05 12:30:00,53.91,54.01,53.801,54.01,32873.0
2025-09-05 12:35:00,54.0,54.05,53.99,53.995,14024.0
2025-09-05 12:40:00,53.98,53.99,53.93,53.99,62249.0
2025-09-05 12:45:00,54.0,54.0,53.98,53.98,13235.0
2025-09-05 12:50:00,53.98,53.99,53.97,53.97,18850.0
2025-09-05 12:55:00,53.97,53.97,53.97,53.97,276.0
2025-09-05 13:00:00,53.97,54.01,53.96,54.01,10647.0
2025-09-05 13:05:00,54.01,54.01,54.0,54.0,2481.0
2025-09-05 13:10:00,53.99,54.0,53.9899,54.0,11756.0
2025-09-05 13:15:00,53.99,54.0,53.97,54.0,5249.0
2025-09-05 13:20:00,53.99,54.0,53.99,53.99,14279.0
2025-09-05 13:25:00,53.99,54.09,53.99,54.09,28540.0
2025-09-05 13:30:00,54.105,54.25,54.03,54.045,1411457.0
2025-09-05 13:35:00,54.045,54.115,54.0401,54.085,758555.0
2025-09-05 13:40:00,54.08,54.095,53.885,53.905,1369645.0
2025-09-05 13:45:00,53.91,53.9899,53.77,53.975,1353208.0
2025-09-05 13:50:00,53.98,53.985,53.825,53.825,1475987.0
2025-09-05 13:55:00,53.82,53.83,53.695,53.735,1782649.0
2025-09-05 14:00:00,53.735,53.745,53.54,53.635,1398640.0
2025-09-05 14:05:00,53.64,53.6899,53.585,53.605,786090.0
2025-09-05 14:10:00,53.605,53.62,53.52,53.525,1504431.0
2025-09-05 14:15:00,53.53,53.58,53.415,53.42,646883.0
2025-09-05 14:20:00,53.415,53.485,53.32,53.33,1464926.0
2025-09-05 14:25:00,53.33,53.41,53.305,53.335,1195994.0
2025-09-05 14:30:00,53.335,53.35,53.21,53.215,1124725.0
2025-09-05 14:35:00,53.215,53.215,53.09,53.1,2048740.0
2025-09-05 14:40:00,53.11,53.1899,53.1,53.1098,803147.0
2025-09-05 14:45:00,53.11,53.12,53.005,53.01,1406831.0
2025-09-05 14:50:00,53.005,53.115,52.945,53.1,1711256.0
2025-09-05 14:55:00,53.105,53.125,52.99,53.01,950619.0
2025-09-05 15:00:00,53.0,53.05,52.97,53.005,1579225.0
2025-09-05 15:05:00,53.0,53.06,52.9203,52.95,655296.0
2025-09-05 15:10:00,52.95,53.005,52.88,53.0,664026.0
2025-09-05 15:15:00,53.0032,53.0401,52.975,53.015,461351.0
2025-09-05 15:20:00,53.01,53.085,53.0,53.07,441071.0
2025-09-05 15:25:00,53.07,53.125,53.0101,53.125,532879.0
2025-09-05 15:30:00,53.12,53.1276,53.045,53.07,755870.0
2025-09-05 15:35:00,53.08,53.15,53.07,53.105,957131.0
2025-09-05 15:40:00,53.11,53.16,53.095,53.14,523782.0
2025-09-05 15:45:00,53.1442,53.1442,53.05,53.1001,632569.0
2025-09-05 15:50:00,53.11,53.115,53.0238,53.04,602441.0
2025-09-05 15:55:00,53.05,53.07,52.9803,53.015,608831.0
2025-09-05 16:00:00,53.02,53.0799,53.0,53.045,562459.0
2025-09-08 09:40:00,53.1,53.1,53.1,53.1,2574.0
2025-09-08 09:45:00,53.1,53.11,53.1,53.11,671.0
2025-09-08 10:30:00,53.13,53.13,53.11,53.13,2940.0
2025-09-08 11:00:00,53.12,53.13,53.12,53.13,320.0
2025-09-08 11:05:00,53.12,53.12,53.12,53.12,282.0
2025-09-08 11:10:00,53.13,53.13,53.12,53.12,3061.0
2025-09-08 11:25:00,53.13,53.13,53.13,53.13,1000.0
2025-09-08 11:40:00,53.13,53.13,53.13,53.13,100.0
2025-09-08 11:50:00,53.12,53.12,53.12,53.12,964.0
2025-09-08 11:55:00,53.12,53.12,53.1,53.1,2864.0
2025-09-08 12:00:00,53.12,53.17,53.1109,53.15,2773.0
2025-09-08 12:05:00,53.08,53.08,53.07,53.07,8137.0
2025-09-08 12:10:00,53.07,53.07,53.05,53.05,5190.0
2025-09-08 12:15:00,53.0499,53.06,53.04,53.04,8444.0
2025-09-08 12:20:00,53.05,53.05,53.04,53.04,258.0
2025-09-08 12:25:00,53.05,53.05,53.05,53.05,784.0
2025-09-08 12:30:00,53.05,53.07,53.05,53.07,1238.0
2025-09-08 12:35:00,53.0709,53.08,53.0701,53.08,312.0
2025-09-08 12:40:00,53.08,53.08,53.08,53.08,901.0
2025-09-08 12:50:00,53.08,53.08,53.08,53.08,800.0
2025-09-08 13:00:00,53.1074,53.1074,53.1074,53.1074,100.0
2025-09-08 13:10:00,53.1,53.1,53.09,53.09,1547.0
2025-09-08 13:20:00,53.1,53.13,53.1,53.13,902.0
2025-09-08 13:25:00,53.14,53.14,53.1,53.1,4283.0
2025-09-08 13:30:00,53.09,53.12,52.945,53.01,1215171.0
2025-09-08 13:35:00,53.01,53.07,52.885,52.8898,770355.0
2025-09-08 13:40:00,52.8801,53.01,52.87,52.985,667014.0
2025-09-08 13:45:00,52.98,52.99,52.84,52.94,1156143.0
2025-09-08 13:50:00,52.93,52.9387,52.8499,52.92,1338346.0
2025-09-08 13:55:00,52.92,52.95,52.875,52.885,494266.0
2025-09-08 14:00:00,52.885,52.91,52.85,52.86,556932.0
2025-09-08 14:05:00,52.86,52.9,52.835,52.87,748704.0
2025-09-08 14:10:00,52.865,52.92,52.8646,52.89,420684.0
2025-09-08 14:15:00,52.885,52.91,52.86,52.865,1392722.0
2025-09-08 14:20:00,52.865,52.935,52.845,52.875,998076.0
2025-09-08 14:25:00,52.875,52.93,52.86,52.915,331900.0
2025-09-08 14:30:00,52.915,52.94,52.9,52.93,291175.0
2025-09-08 14:35:00,52.94,52.98,52.925,52.975,285674.0
2025-09-08 14:40:00,52.975,53.02,52.955,52.995,476672.0
2025-09-08 14:45:00,52.99,53.05,52.99,53.025,427612.0
2025-09-08 14:50:00,53.0299,53.07,53.02,53.07,403731.0
2025-09-08 14:55:00,53.0683,53.11,53.06,53.085,473259.0
2025-09-08 15:00:00,53.085,53.11,53.08,53.085,430072.0
2025-09-08 15:05:00,53.08,53.09,53.065,53.085,413871.0
2025-09-08 15:10:00,53.085,53.11,53.075,53.1,356264.0
2025-09-08 15:15:00,53.095,53.095,53.05,53.05,320957.0
2025-09-08 15:20:00,53.05,53.08,53.04,53.08,293716.0
2025-09-08 15:25:00,53.08,53.1,53.07,53.085,405532.0
2025-09-08 15:30:00,53.085,53.09,53.04,53.045,291424.0
2025-09-08 15:35:00,53.04,53.05,52.995,53.005,510947.0
2025-09-08 15:40:00,53.0072,53.02,52.995,53.01,256960.0
2025-09-08 15:45:00,53.0054,53.01,52.96,52.9901,328572.0
2025-09-08 15:50:00,52.995,53.03,52.97,53.025,238806.0
2025-09-08 15:55:00,53.0272,53.03,53.01,53.015,269529.0
2025-09-08 16:00:00,53.015,53.03,52.97,53.0179,350362.0
2025-09-09 09:30:00,53.15,53.15,53.15,53.15,100.0
2025-09-09 09:35:00,53.15,53.15,53.15,53.15,200.0
2025-09-09 09:40:00,53.17,53.17,53.17,53.17,226.0
2025-09-09 09:45:00,53.15,53.15,53.15,53.15,100.0
2025-09-09 09:50:00,53.15,53.15,53.15,53.15,200.0
2025-09-09 09:55:00,53.15,53.15,53.15,53.15,649.0
2025-09-09 10:00:00,53.15,53.16,53.15,53.16,600.0
2025-09-09 10:30:00,53.15,53.15,53.15,53.15,1383.0
2025-09-09 10:45:00,53.16,53.16,53.16,53.16,242.0
2025-09-09 10:55:00,53.13,53.13,53.13,53.13,800.0
2025-09-09 11:00:00,53.14,53.14,53.13,53.13,1170.0
2025-09-09 11:05:00,53.13,53.15,53.13,53.15,245.0
2025-09-09 11:15:00,53.15,53.15,53.13,53.13,2825.0
2025-09-09 11:30:00,53.12,53.12,53.12,53.12,1929.0
2025-09-09 12:00:00,53.15,53.19,53.12,53.12,5033.0
2025-09-09 12:05:00,53.14,53.14,53.1396,53.1396,501.0
2025-09-09 12:20:00,53.14,53.14,53.14,53.14,500.0
2025-09-09 12:25:00,53.13,53.14,53.13,53.14,206.0
2025-09-09 12:30:00,53.12,53.12,53.11,53.11,1965.0
2025-09-09 12:55:00,53.1102,53.1102,53.1102,53.1102,109.0
2025-09-09 13:00:00,53.1,53.1,53.04,53.04,966.0
2025-09-09 13:05:00,53.05,53.09,53.05,53.09,6496.0
2025-09-09 13:10:00,53.06,53.06,53.05,53.05,775.0
2025-09-09 13:15:00,53.0799,53.0799,53.0799,53.0799,1000.0
2025-09-09 13:20:00,53.07,53.07,53.05,53.05,2860.0
2025-09-09 13:25:00,53.07,53.07,52.98,52.98,626.0
2025-09-09 13:30:00,52.98,53.16,52.96,53.105,818134.0
2025-09-09 13:35:00,53.105,53.31,53.105,53.285,904426.0
2025-09-09 13:40:00,53.28,53.31,53.195,53.24,902218.0
2025-09-09 13:45:00,53.25,53.26,53.18,53.2514,701963.0
2025-09-09 13:50:00,53.25,53.31,53.225,53.225,1603875.0
2025-09-09 13:55:00,53.22,53.315,53.205,53.315,833303.0
2025-09-09 14:00:00,53.32,53.395,53.315,53.39,1511700.0
2025-09-09 14:05:00,53.39,53.425,53.315,53.365,773719.0
2025-09-09 14:10:00,53.37,53.44,53.3608,53.375,519985.0
2025-09-09 14:15:00,53.38,53.39,53.31,53.34,370758.0
2025-09-09 14:20:00,53.335,53.345,53.28,53.3,355779.0
2025-09-09 14:25:00,53.3,53.32,53.28,53.31,351926.0
2025-09-09 14:30:00,53.315,53.34,53.24,53.245,840105.0
2025-09-09 14:35:00,53.24,53.365,53.235,53.355,2790790.0
2025-09-09 14:40:00,53.36,53.425,53.3,53.42,1032254.0
2025-09-09 14:45:00,53.425,53.45,53.32,53.365,1738833.0
2025-09-09 14:50:00,53.36,53.42,53.35,53.405,712532.0
2025-09-09 14:55:00,53.405,53.42,53.335,53.3552,418909.0
2025-09-09 15:00:00,53.355,53.4,53.35,53.395,810287.0
2025-09-09 15:05:00,53.396,53.435,53.38,53.435,361165.0
2025-09-09 15:10:00,53.435,53.475,53.4201,53.475,233557.0
2025-09-09 15:15:00,53.475,53.52,53.47,53.505,485470.0
2025-09-09 15:20:00,53.505,53.53,53.49,53.5127,375695.0
2025-09-09 15:25:00,53.52,53.56,53.515,53.55,439208.0
2025-09-09 15:30:00,53.545,53.59,53.545,53.57,693969.0
2025-09-09 15:35:00,53.58,53.585,53.49,53.49,937197.0
2025-09-09 15:40:00,53.49,53.49,53.42,53.42,405068.0
2025-09-09 15:45:00,53.42,53.4299,53.39,53.395,264868.0
2025-09-09 15:50:00,53.4,53.4,53.345,53.375,384564.0
2025-09-09 15:55:00,53.37,53.375,53.3123,53.32,296400.0
2025-09-09 16:00:00,53.32,53.335,53.265,53.29,376510.0
2025-09-10 09:30:00,53.13,53.14,53.12,53.14,23705.0
2025-09-10 09:50:00,53.15,53.15,53.15,53.15,633.0
2025-09-10 10:25:00,53.17,53.19,53.17,53.19,508.0
2025-09-10 10:30:00,53.18,53.18,53.18,53.18,1357.0
2025-09-10 10:35:00,53.19,53.19,53.18,53.18,722.0
2025-09-10 10:40:00,53.175,53.18,53.17,53.18,1908.0
2025-09-10 10:45:00,53.19,53.19,53.19,53.19,551.0
2025-09-10 10:50:00,53.19,53.2,53.19,53.2,2435.0
2025-09-10 10:55:00,53.19,53.2,53.18,53.18,7215.0
2025-09-10 11:00:00,53.19,53.19,53.17,53.17,2891.0
2025-09-10 11:10:00,53.18,53.18,53.18,53.18,640.0
2025-09-10 11:20:00,53.16,53.16,53.15,53.15,2326.0
2025-09-10 11:35:00,53.16,53.16,53.15,53.16,1710.0
2025-09-10 11:40:00,53.15,53.15,53.15,53.15,1423.0
2025-09-10 11:45:00,53.16,53.16,53.16,53.16,1450.0
2025-09-10 11:55:00,53.14,53.16,53.14,53.14,3015.0
2025-09-10 12:00:00,53.21,53.26,53.14,53.17,13492.0
2025-09-10 12:05:00,53.16,53.17,53.14,53.14,5504.0
2025-09-10 12:10:00,53.14,53.14,53.13,53.13,3947.0
2025-09-10 12:15:00,53.13,53.14,53.13,53.14,832.0
2025-09-10 12:20:00,53.12,53.12,53.1097,53.11,13132.0
2025-09-10 12:25:00,53.1,53.18,53.1,53.13,8724.0
2025-09-10 12:30:00,53.15,53.35,53.15,53.25,48400.0
2025-09-10 12:35:00,53.25,53.27,53.24,53.25,18163.0
2025-09-10 12:40:00,53.2599,53.2599,53.23,53.25,13957.0
2025-09-10 12:45:00,53.24,53.24,53.19,53.19,3905.0
2025-09-10 12:50:00,53.19,53.2,53.16,53.18,9959.0
2025-09-10 12:55:00,53.18,53.18,53.17,53.18,4595.0
2025-09-10 13:05:00,53.18,53.19,53.17,53.19,30773.0
2025-09-10 13:10:00,53.19,53.19,53.19,53.19,14753.0
2025-09-10 13:15:00,53.19,53.19,53.19,53.19,2330.0
2025-09-10 13:20:00,53.2,53.2,53.19,53.1998,1441.0
2025-09-10 13:25:00,53.2098,53.23,53.16,53.18,43246.0
2025-09-10 13:30:00,53.17,53.2,53.045,53.13,1479867.0
2025-09-10 13:35:00,53.125,53.34,53.125,53.26,921950.0
2025-09-10 13:40:00,53.25,53.31,53.24,53.27,611585.0
2025-09-10 13:45:00,53.27,53.395,53.245,53.345,811822.0
2025-09-10 13:50:00,53.34,53.355,53.235,53.2699,1184850.0
2025-09-10 13:55:00,53.265,53.29,53.235,53.29,610104.0
2025-09-10 14:00:00,53.285,53.335,53.27,53.305,496276.0
2025-09-10 14:05:00,53.3099,53.31,53.225,53.29,470167.0
2025-09-10 14:10:00,53.29,53.345,53.275,53.34,375164.0
2025-09-10 14:15:00,53.34,53.355,53.32,53.35,842080.0
2025-09-10 14:20:00,53.355,53.365,53.3335,53.335,190219.0
2025-09-10 14:25:00,53.34,53.34,53.265,53.275,355699.0
2025-09-10 14:30:00,53.27,53.27,53.15,53.15,194471.0
2025-09-10 14:35:00,53.145,53.17,53.1299,53.15,265290.0
2025-09-10 14:40:00,53.145,53.2,53.1201,53.165,322872.0
2025-09-10 14:45:00,53.16,53.16,53.115,53.125,519380.0
2025-09-10 14:50:00,53.12,53.14,53.095,53.0999,1170209.0
2025-09-10 14:55:00,53.1,53.14,53.095,53.1,583506.0
2025-09-10 15:00:00,53.1,53.11,53.055,53.065,254658.0
2025-09-10 15:05:00,53.065,53.07,52.98,52.98,654110.0
2025-09-10 15:10:00,52.99,53.0,52.94,52.955,538662.0
2025-09-10 15:15:00,52.955,52.98,52.9301,52.965,400600.0
2025-09-10 15:20:00,52.965,53.005,52.965,52.985,230423.0
2025-09-10 15:25:00,52.985,53.05,52.985,53.025,292245.0
2025-09-10 15:30:00,53.025,53.045,52.995,53.01,238594.0
2025-09-10 15:35:00,53.01,53.08,53.0033,53.07,288638.0
2025-09-10 15:40:00,53.064,53.11,53.0616,53.1052,534966.0
2025-09-10 15:45:00,53.105,53.13,53.085,53.125,598699.0
2025-09-10 15:50:00,53.125,53.17,53.125,53.155,573360.0
2025-09-10 15:55:00,53.155,53.1671,53.1301,53.16,432368.0
2025-09-10 16:00:00,53.16,53.2,53.16,53.173,475558.0
2025-09-11 09:40:00,53.19,53.19,53.19,53.19,125.0
2025-09-11 09:45:00,53.2,53.2,53.2,53.2,2022.0
2025-09-11 10:00:00,53.2,53.2,53.2,53.2,200.0
2025-09-11 10:05:00,53.21,53.21,53.21,53.21,640.0
2025-09-11 10:25:00,53.23,53.23,53.23,53.23,187.0
2025-09-11 10:35:00,53.23,53.24,53.23,53.24,240.0
2025-09-11 10:40:00,53.23,53.23,53.23,53.23,340.0
2025-09-11 11:00:00,53.24,53.24,53.24,53.24,198.0
2025-09-11 11:15:00,53.24,53.24,53.24,53.24,1200.0
2025-09-11 11:20:00,53.24,53.24,53.24,53.24,187.0
2025-09-11 11:25:00,53.24,53.24,53.24,53.24,526.0
2025-09-11 11:45:00,53.26,53.26,53.26,53.26,469.0
2025-09-11 12:00:00,53.24,53.3,53.12,53.27,87402.0
2025-09-11 12:05:00,53.27,53.29,53.25,53.29,27905.0
2025-09-11 12:10:00,53.28,53.28,53.24,53.26,44403.0
2025-09-11 12:15:00,53.24,53.25,53.2397,53.2397,5622.0
2025-09-11 12:20:00,53.24,53.24,53.24,53.24,100.0
2025-09-11 12:25:00,53.23,53.25,53.23,53.23,2159.0
2025-09-11 12:30:00,53.22,53.22,53.12,53.12,50262.0
2025-09-11 12:35:00,53.11,53.15,53.08,53.0999,31258.0
2025-09-11 12:40:00,53.1,53.14,53.1,53.13,1658.0
2025-09-11 12:45:00,53.14,53.22,53.14,53.18,38110.0
2025-09-11 12:50:00,53.2,53.23,53.18,53.22,10171.0
2025-09-11 12:55:00,53.22,53.26,53.22,53.26,14245.0
2025-09-11 13:00:00,53.27,53.28,53.24,53.28,6786.0
2025-09-11 13:05:00,53.26,53.26,53.2201,53.2299,15953.0
2025-09-11 13:10:00,53.23,53.23,53.2,53.2,7729.0
2025-09-11 13:15:00,53.22,53.22,53.22,53.22,186.0
2025-09-11 13:20:00,53.21,53.21,53.21,53.21,200.0
2025-09-11 13:25:00,53.21,53.22,53.19,53.22,7213.0
2025-09-11 13:30:00,53.19,53.34,53.18,53.27,843690.0
2025-09-11 13:35:00,53.27,53.39,53.27,53.38,429301.0
2025-09-11 13:40:00,53.38,53.47,53.38,53.425,384621.0
2025-09-11 13:45:00,53.43,53.53,53.365,53.515,772500.0
2025-09-11 13:50:00,53.52,53.6,53.515,53.59,494562.0
2025-09-11 13:55:00,53.585,53.66,53.555,53.62,530916.0
2025-09-11 14:00:00,53.62,53.7,53.6,53.655,567319.0
2025-09-11 14:05:00,53.66,53.7054,53.65,53.7,616041.0
2025-09-11 14:10:00,53.7,53.74,53.69,53.6942,905713.0
2025-09-11 14:15:00,53.695,53.775,53.69,53.76,603352.0
2025-09-11 14:20:00,53.76,53.78,53.73,53.76,576496.0
2025-09-11 14:25:00,53.76,53.77,53.74,53.7519,555613.0
2025-09-11 14:30:00,53.755,53.81,53.745,53.79,296835.0
2025-09-11 14:35:00,53.789,53.81,53.77,53.795,408251.0
2025-09-11 14:40:00,53.795,53.84,53.79,53.835,405301.0
2025-09-11 14:45:00,53.838,53.84,53.8,53.825,672100.0
2025-09-11 14:50:00,53.825,53.8499,53.795,53.845,834518.0
2025-09-11 14:55:00,53.8414,53.85,53.8,53.805,384002.0
2025-09-11 15:00:00,53.8033,53.83,53.7846,53.785,398741.0
2025-09-11 15:05:00,53.79,53.8,53.7132,53.715,398084.0
2025-09-11 15:10:00,53.715,53.75,53.705,53.725,350564.0
2025-09-11 15:15:00,53.72,53.79,53.71,53.7781,383170.0
2025-09-11 15:20:00,53.775,53.81,53.765,53.81,731039.0
2025-09-11 15:25:00,53.805,53.82,53.79,53.81,482348.0
2025-09-11 15:30:00,53.805,53.8556,53.805,53.85,442166.0
2025-09-11 15:35:00,53.855,53.87,53.81,53.825,292478.0
2025-09-11 15:40:00,53.825,53.83,53.78,53.79,273517.0
2025-09-11 15:45:00,53.79,53.8,53.755,53.765,158872.0
2025-09-11 15:50:00,53.76,53.83,53.76,53.825,478708.0
2025-09-11 15:55:00,53.825,53.85,53.82,53.825,297674.0
2025-09-11 16:00:00,53.83,53.88,53.825,53.88,291803.0
2025-09-12 09:30:00,53.89,53.9,53.89,53.9,2501.0
2025-09-12 09:55:00,53.89,53.89,53.89,53.89,210.0
2025-09-12 10:20:00,53.88,53.88,53.88,53.88,100.0
2025-09-12 10:45:00,53.89,53.89,53.89,53.89,400.0
2025-09-12 11:00:00,53.89,53.91,53.89,53.91,2136.0
2025-09-12 11:05:00,53.91,53.91,53.89,53.89,648.0
2025-09-12 11:10:00,53.89,53.89,53.89,53.89,100.0
2025-09-12 11:15:00,53.89,53.89,53.89,53.89,300.0
2025-09-12 11:20:00,53.9,53.9,53.9,53.9,201.0
2025-09-12 11:30:00,53.88,53.91,53.88,53.91,1133.0
2025-09-12 11:45:00,53.94,53.94,53.93,53.93,19147.0
2025-09-12 11:50:00,53.91,53.91,53.91,53.91,600.0
2025-09-12 11:55:00,53.91,53.91,53.91,53.91,370.0
2025-09-12 12:00:00,53.93,54.02,53.9,53.9,7638.0
2025-09-12 12:05:00,53.8999,53.91,53.8999,53.91,1147.0
2025-09-12 12:10:00,53.9,53.9,53.9,53.9,510.0
2025-09-12 12:15:00,53.9,53.9,53.9,53.9,799.0
2025-09-12 12:20:00,53.91,53.91,53.91,53.91,2641.0
2025-09-12 12:25:00,53.89,53.89,53.89,53.89,100.0
2025-09-12 12:30:00,53.8902,53.8902,53.89,53.89,950.0
2025-09-12 12:35:00,53.87,53.92,53.87,53.92,629.0
2025-09-12 12:40:00,53.91,53.92,53.91,53.92,5914.0
2025-09-12 12:55:00,53.94,53.94,53.94,53.94,9271.0
2025-09-12 13:05:00,53.96,53.96,53.96,53.96,780.0
2025-09-12 13:10:00,53.94,53.94,53.94,53.94,56715.0
2025-09-12 13:15:00,53.94,53.94,53.94,53.94,16326.0
2025-09-12 13:20:00,53.95,53.95,53.94,53.94,8784.0
2025-09-12 13:25:00,53.94,53.94,53.93,53.94,22786.0
2025-09-12 13:30:00,53.96,53.9901,53.85,53.9801,849234.0
2025-09-12 13:35:00,53.99,54.05,53.975,54.04,693485.0
2025-09-12 13:40:00,54.04,54.065,53.9514,53.9514,434777.0
2025-09-12 13:45:00,53.96,54.0,53.895,53.96,717187.0
2025-09-12 13:50:00,53.9645,53.98,53.92,53.955,391860.0
2025-09-12 13:55:00,53.96,53.99,53.94,53.965,154126.0
2025-09-12 14:00:00,53.96,53.96,53.88,53.9,530498.0
2025-09-12 14:05:00,53.9,53.96,53.89,53.955,414966.0
2025-09-12 14:10:00,53.96,53.96,53.87,53.87,435892.0
2025-09-12 14:15:00,53.873563,53.9055,53.8545,53.865,318128.0
2025-09-12 14:20:00,53.86,53.89,53.8541,53.87,187080.0
2025-09-12 14:25:00,53.865,53.865,53.824,53.86,185927.0
2025-09-12 14:30:00,53.865,53.8699,53.8,53.8099,210440.0
2025-09-12 14:35:00,53.81,53.81,53.775,53.795,198305.0
2025-09-12 14:40:00,53.8,53.81,53.77,53.775,398354.0
2025-09-12 14:45:00,53.775,53.78,53.755,53.765,312383.0
2025-09-12 14:50:00,53.7632,53.7632,53.715,53.75,362838.0
2025-09-12 14:55:00,53.7501,53.8,53.75,53.795,453234.0
2025-09-12 15:00:00,53.795,53.805,53.77,53.78,338394.0
2025-09-12 15:05:00,53.79,53.82,53.775,53.7949,300722.0
2025-09-12 15:10:00,53.7999,53.815,53.765,53.815,309403.0
2025-09-12 15:15:00,53.82,53.84,53.7825,53.8,302512.0
2025-09-12 15:20:00,53.795,53.805,53.77,53.78,205125.0
2025-09-12 15:25:00,53.785,53.79,53.7332,53.745,190423.0
2025-09-12 15:30:00,53.75,53.77,53.74,53.755,293085.0
2025-09-12 15:35:00,53.7599,53.76,53.74,53.745,215967.0
2025-09-12 15:40:00,53.745,53.78,53.72,53.78,144921.0
2025-09-12 15:45:00,53.775,53.785,53.7225,53.735,229594.0
2025-09-12 15:50:00,53.735,53.74,53.71,53.7101,228132.0
2025-09-12 15:55:00,53.715,53.74,53.71,53.735,236187.0
2025-09-12 16:00:00,53.735,53.77,53.73,53.765,210874.0
2025-09-15 09:30:00,53.95,53.95,53.95,53.95,1382.0
2025-09-15 09:40:00,53.95,53.95,53.95,53.95,197.0
2025-09-15 10:05:00,53.94,53.94,53.94,53.94,370.0
2025-09-15 10:45:00,53.94,53.95,53.94,53.95,680.0
2025-09-15 10:50:00,53.95,53.95,53.94,53.94,586.0
2025-09-15 10:55:00,53.94,53.94,53.94,53.94,1452.0
2025-09-15 11:00:00,53.93,53.93,53.93,53.93,547.0
2025-09-15 11:10:00,53.92,53.92,53.92,53.92,2189.0
2025-09-15 11:15:00,53.91,53.91,53.91,53.91,1800.0
2025-09-15 11:20:00,53.91,53.91,53.91,53.91,1000.0
2025-09-15 11:25:00,53.91,53.91,53.91,53.91,2434.0
2025-09-15 11:30:00,53.91,53.91,53.91,53.91,738.0
2025-09-15 11:35:00,53.9,53.9,53.9,53.9,1874.0
2025-09-15 11:40:00,53.93,53.93,53.93,53.93,151.0
2025-09-15 11:45:00,53.93,53.93,53.93,53.93,156.0
2025-09-15 12:00:00,53.92,53.93,53.85,53.9,4025.0
2025-09-15 12:05:00,53.9,53.9,53.9,53.9,376.0
2025-09-15 12:10:00,53.93,53.93,53.93,53.93,233.0
2025-09-15 12:15:00,53.93,53.93,53.93,53.93,1359.0
2025-09-15 12:25:00,53.92,53.92,53.92,53.92,378.0
2025-09-15 12:30:00,53.91,53.91,53.8999,53.8999,4965.0
2025-09-15 12:40:00,53.9,53.9,53.9,53.9,781.0
2025-09-15 12:45:00,53.9,53.9,53.9,53.9,279.0
2025-09-15 12:50:00,53.91,53.91,53.91,53.91,691.0
2025-09-15 12:55:00,53.91,53.91,53.91,53.91,2001.0
2025-09-15 13:00:00,53.9,53.9,53.9,53.9,304.0
2025-09-15 13:05:00,53.91,53.91,53.91,53.91,179.0
2025-09-15 13:10:00,53.91,53.91,53.9,53.9,1302.0
2025-09-15 13:15:00,53.9,53.91,53.9,53.91,1811.0
2025-09-15 13:20:00,53.91,53.91,53.9,53.91,4879.0
2025-09-15 13:25:00,53.8999,53.91,53.86,53.86,6028.0
2025-09-15 13:30:00,53.89,54.01,53.875,53.925,1229139.0
2025-09-15 13:35:00,53.92,53.95,53.88,53.945,548974.0
2025-09-15 13:40:00,53.94,53.97,53.86,53.92,316714.0
2025-09-15 13:45:00,53.92,54.09,53.92,54.07,647622.0
2025-09-15 13:50:00,54.075,54.09,54.02,54.03,358338.0
2025-09-15 13:55:00,54.03,54.055,54.005,54.035,298314.0
2025-09-15 14:00:00,54.04,54.05,53.89,53.905,552199.0
2025-09-15 14:05:00,53.91,53.91,53.87,53.895,528833.0
2025-09-15 14:10:00,53.89,53.92,53.875,53.92,358263.0
2025-09-15 14:15:00,53.92,53.945,53.9,53.94,267365.0
2025-09-15 14:20:00,53.94,54.0,53.93,53.995,454850.0
2025-09-15 14:25:00,53.99,54.0101,53.98,54.0,285707.0
2025-09-15 14:30:00,54.01,54.0387,53.965,54.005,641324.0
2025-09-15 14:35:00,54.0,54.0,53.9415,53.945,238736.0
2025-09-15 14:40:00,53.945,54.015,53.9445,54.01,403083.0
2025-09-15 14:45:00,54.01,54.06,54.01,54.055,253408.0
2025-09-15 14:50:00,54.04,54.065,54.02,54.04,412646.0
2025-09-15 14:55:00,54.03,54.0335,53.9745,53.995,205388.0
2025-09-15 15:00:00,53.995,54.0,53.945,53.9699,282239.0
2025-09-15 15:05:00,53.965,53.9952,53.95,53.9597,193470.0
2025-09-15 15:10:00,53.955,53.96,53.93,53.939,269967.0
2025-09-15 15:15:00,53.93,53.95,53.87,53.87,338109.0
2025-09-15 15:20:00,53.875,53.89,53.8,53.82,490298.0
2025-09-15 15:25:00,53.81,53.83,53.7802,53.7802,338581.0
2025-09-15 15:30:00,53.78,53.8,53.755,53.795,315964.0
2025-09-15 15:35:00,53.795,53.8071,53.77,53.7838,206493.0
2025-09-15 15:40:00,53.77,53.7999,53.735,53.735,265182.0
2025-09-15 15:45:00,53.74,53.745,53.71,53.735,338262.0
2025-09-15 15:50:00,53.735,53.74,53.69,53.72,1027055.0
2025-09-15 15:55:00,53.7221,53.755,53.715,53.725,660344.0
2025-09-15 16:00:00,53.725,53.785,53.722,53.765,284602.0
2025-09-16 09:30:00,53.74,53.74,53.74,53.74,318.0
2025-09-16 09:35:00,53.71,53.73,53.71,53.73,5346.0
2025-09-16 09:45:00,53.73,53.73,53.73,53.73,100.0
2025-09-16 10:00:00,53.74,53.74,53.73,53.73,3110.0
2025-09-16 10:10:00,53.74,53.74,53.73,53.73,834.0
2025-09-16 10:15:00,53.74,53.74,53.73,53.73,16344.0
2025-09-16 10:20:00,53.73,53.73,53.73,53.73,651.0
2025-09-16 10:25:00,53.72,53.72,53.71,53.72,7674.0
2025-09-16 10:30:00,53.72,53.72,53.71,53.72,1300.0
2025-09-16 10:50:00,53.72,53.72,53.71,53.71,1940.0
2025-09-16 10:55:00,53.71,53.71,53.71,53.71,4806.0
2025-09-16 11:00:00,53.71,53.71,53.69,53.69,2555.0
2025-09-16 11:05:00,53.69,53.69,53.69,53.69,264.0
2025-09-16 11:15:00,53.68,53.68,53.67,53.67,651.0
2025-09-16 11:20:00,53.67,53.69,53.67,53.69,938.0
2025-09-16 11:40:00,53.69,53.69,53.689,53.689,2100.0
2025-09-16 11:50:00,53.69,53.69,53.69,53.69,1310.0
2025-09-16 12:00:00,53.69,53.83,53.68,53.69,4129.0
2025-09-16 12:10:00,53.67,53.68,53.67,53.6799,1400.0
2025-09-16 12:15:00,53.68,53.68,53.68,53.68,103.0
2025-09-16 12:20:00,53.69,53.69,53.69,53.69,126.0
2025-09-16 12:35:00,53.69,53.69,53.69,53.69,1024.0
2025-09-16 12:50:00,53.69,53.69,53.69,53.69,701.0
2025-09-16 12:55:00,53.69,53.69,53.67,53.67,5843.0
2025-09-16 13:00:00,53.67,53.67,53.66,53.66,3889.0
2025-09-16 13:05:00,53.65,53.65,53.63,53.63,12755.0
2025-09-16 13:10:00,53.63,53.66,53.63,53.66,3669.0
2025-09-16 13:15:00,53.66,53.66,53.66,53.66,139.0
2025-09-16 13:20:00,53.67,53.67,53.66,53.67,3769.0
2025-09-16 13:25:00,53.67,53.67,53.61,53.61,11498.0
2025-09-16 13:30:00,53.61,53.67,53.44,53.605,828068.0
2025-09-16 13:35:00,53.6,53.61,53.5001,53.51,623729.0
2025-09-16 13:40:00,53.5001,53.52,53.44,53.465,1018805.0
2025-09-16 13:45:00,53.46,53.575,53.42,53.575,444762.0
2025-09-16 13:50:00,53.57,53.57,53.37,53.4,816288.0
2025-09-16 13:55:00,53.395,53.435,53.37,53.37,363140.0
2025-09-16 14:00:00,53.37,53.37,53.2801,53.31,605442.0
2025-09-16 14:05:00,53.315,53.35,53.29,53.29,601647.0
2025-09-16 14:10:00,53.295,53.325,53.27,53.315,353128.0
2025-09-16 14:15:00,53.31,53.38,53.3,53.345,422146.0
2025-09-16 14:20:00,53.34,53.3957,53.33,53.365,241563.0
2025-09-16 14:25:00,53.365,53.365,53.275,53.305,196758.0
2025-09-16 14:30:00,53.305,53.31,53.265,53.28,319518.0
2025-09-16 14:35:00,53.28,53.355,53.275,53.335,453051.0
2025-09-16 14:40:00,53.33,53.36,53.3,53.335,360128.0
2025-09-16 14:45:00,53.33,53.335,53.295,53.2999,197432.0
2025-09-16 14:50:00,53.3,53.349,53.29,53.335,364173.0
2025-09-16 14:55:00,53.3393,53.35,53.295,53.325,269904.0
2025-09-16 15:00:00,53.33,53.3306,53.285,53.315,314862.0
2025-09-16 15:05:00,53.32,53.39,53.32,53.385,288556.0
2025-09-16 15:10:00,53.39,53.42,53.3738,53.38,238702.0
2025-09-16 15:15:00,53.385,53.385,53.315,53.33,278761.0
2025-09-16 15:20:00,53.32,53.36,53.315,53.34,187018.0
2025-09-16 15:25:00,53.33,53.34,53.295,53.3,220177.0
2025-09-16 15:30:00,53.295,53.32,53.28,53.305,243679.0
2025-09-16 15:35:00,53.305,53.33,53.29,53.3111,229760.0
2025-09-16 15:40:00,53.315,53.33,53.265,53.315,394626.0
2025-09-16 15:45:00,53.3101,53.3399,53.3035,53.315,253377.0
2025-09-16 15:50:00,53.32,53.375,53.305,53.365,374361.0
2025-09-16 15:55:00,53.36,53.4099,53.355,53.4,294028.0
2025-09-16 16:00:00,53.395,53.425,53.38,53.425,239631.0
2025-09-17 09:40:00,53.63,53.63,53.63,53.63,439.0
2025-09-17 09:45:00,53.63,53.63,53.63,53.63,1944.0
2025-09-17 09:50:00,53.62,53.63,53.62,53.62,4725.0
2025-09-17 09:55:00,53.61,53.62,53.61,53.62,1000.0
2025-09-17 10:10:00,53.63,53.63,53.63,53.63,125.0
2025-09-17 10:15:00,53.61,53.61,53.61,53.61,691.0
2025-09-17 10:20:00,53.62,53.62,53.62,53.62,481.0
2025-09-17 10:25:00,53.61,53.61,53.61,53.61,320.0
2025-09-17 10:40:00,53.6,53.6,53.6,53.6,1934.0
2025-09-17 10:45:00,53.6,53.6,53.6,53.6,200.0
2025-09-17 11:00:00,53.58,53.58,53.58,53.58,228.0
2025-09-17 11:05:00,53.55,53.55,53.55,53.55,1555.0
2025-09-17 11:10:00,53.59,53.6,53.59,53.6,13297.0
2025-09-17 11:15:00,53.6,53.62,53.6,53.62,5657.0
2025-09-17 11:45:00,53.6,53.6,53.59,53.59,208.0
2025-09-17 12:00:00,53.61,53.63,53.52,53.62,5597.0
2025-09-17 12:05:00,53.63,53.63,53.63,53.63,359.0
2025-09-17 12:10:00,53.6,53.62,53.6,53.62,720.0
2025-09-17 12:15:00,53.6,53.6,53.6,53.6,15490.0
2025-09-17 12:20:00,53.59,53.59,53.59,53.59,101.0
2025-09-17 12:25:00,53.59,53.6,53.59,53.6,903.0
2025-09-17 12:30:00,53.6,53.63,53.6,53.63,7390.0
2025-09-17 12:35:00,53.64,53.67,53.64,53.67,21076.0
2025-09-17 12:40:00,53.66,53.66,53.66,53.66,1734.0
2025-09-17 12:45:00,53.64,53.64,53.64,53.64,1028.0
2025-09-17 12:50:00,53.66,53.66,53.64,53.65,482.0
2025-09-17 13:05:00,53.65,53.67,53.65,53.67,338.0
2025-09-17 13:10:00,53.65,53.65,53.65,53.65,548.0
2025-09-17 13:20:00,53.65,53.65,53.65,53.65,2523.0
2025-09-17 13:25:00,53.67,53.67,53.665,53.67,2128.0
2025-09-17 13:30:00,53.67,53.87,53.65,53.87,611930.0
2025-09-17 13:35:00,53.865,53.94,53.865,53.935,1011719.0
2025-09-17 13:40:00,53.935,53.955,53.885,53.92,547828.0
2025-09-17 13:45:00,53.925,53.96,53.89,53.915,1029123.0
2025-09-17 13:50:00,53.915,53.96,53.89,53.935,1010772.0
2025-09-17 13:55:00,53.935,53.9862,53.915,53.98,710017.0
2025-09-17 14:00:00,53.98,54.07,53.98,53.9999,485165.0
2025-09-17 14:05:00,54.0,54.01,53.955,53.995,418621.0
2025-09-17 14:10:00,53.995,54.015,53.9545,53.955,381834.0
2025-09-17 14:15:00,53.96,53.97,53.91,53.965,330367.0
2025-09-17 14:20:00,53.965,53.97,53.9193,53.945,319291.0
2025-09-17 14:25:00,53.945,54.0,53.94,53.97,319992.0
2025-09-17 14:30:00,53.97,53.975,53.9429,53.965,314071.0
2025-09-17 14:35:00,53.9635,54.03,53.96,54.015,388226.0
2025-09-17 14:40:00,54.02,54.06,54.01,54.0455,497080.0
2025-09-17 14:45:00,54.05,54.08,54.03,54.06,398563.0
2025-09-17 14:50:00,54.065,54.09,54.05,54.0899,476140.0
2025-09-17 14:55:00,54.085,54.1299,54.07,54.075,281313.0
2025-09-17 15:00:00,54.08,54.1,54.05,54.055,282897.0
2025-09-17 15:05:00,54.055,54.12,54.04,54.105,574625.0
2025-09-17 15:10:00,54.105,54.12,54.09,54.105,267707.0
2025-09-17 15:15:00,54.105,54.11,54.075,54.09,300325.0
2025-09-17 15:20:00,54.09,54.1,54.0633,54.075,234074.0
2025-09-17 15:25:00,54.08,54.095,54.04,54.045,295106.0
2025-09-17 15:30:00,54.045,54.07,54.035,54.065,304507.0
2025-09-17 15:35:00,54.065,54.11,54.06,54.065,264652.0
2025-09-17 15:40:00,54.063,54.12,54.063,54.115,206513.0
2025-09-17 15:45:00,54.12,54.12,54.055,54.075,320805.0
2025-09-17 15:50:00,54.075,54.1,54.07,54.085,486363.0
2025-09-17 15:55:00,54.08,54.13,54.07,54.105,398653.0
2025-09-17 16:00:00,54.105,54.115,54.045,54.06,396283.0
2025-09-18 09:35:00,54.49,54.49,54.49,54.49,759.0
2025-09-18 09:40:00,54.51,54.51,54.48,54.48,801.0
2025-09-18 09:50:00,54.51,54.51,54.51,54.51,943.0
2025-09-18 09:55:00,54.5,54.5,54.5,54.5,455.0
2025-09-18 10:05:00,54.47,54.47,54.47,54.47,1100.0
2025-09-18 10:15:00,54.5,54.5,54.47,54.49,2796.0
2025-09-18 10:20:00,54.49,54.49,54.49,54.49,460.0
2025-09-18 10:25:00,54.47,54.47,54.41,54.43,19833.0
2025-09-18 10:30:00,54.43,54.43,54.43,54.43,1521.0
2025-09-18 10:35:00,54.41,54.43,54.41,54.41,1294.0
2025-09-18 10:40:00,54.42,54.42,54.4,54.4,545.0
2025-09-18 10:45:00,54.39,54.39,54.39,54.39,757.0
2025-09-18 10:50:00,54.38,54.38,54.38,54.38,800.0
2025-09-18 10:55:00,54.41,54.41,54.41,54.41,608.0
2025-09-18 11:00:00,54.39,54.41,54.37,54.41,3993.0
2025-09-18 11:05:00,54.4,54.45,54.4,54.45,10466.0
2025-09-18 11:15:00,54.46,54.46,54.45,54.45,3700.0
2025-09-18 11:20:00,54.45,54.45,54.43,54.43,2419.0
2025-09-18 11:25:00,54.41,54.41,54.41,54.41,1168.0
2025-09-18 11:30:00,54.4,54.4,54.4,54.4,524.0
2025-09-18 11:35:00,54.4,54.4,54.4,54.4,1471.0
2025-09-18 11:40:00,54.37,54.37,54.37,54.37,570.0
2025-09-18 11:45:00,54.35,54.36,54.35,54.36,4016.0
2025-09-18 11:50:00,54.34,54.34,54.33,54.34,3594.0
2025-09-18 11:55:00,54.35,54.35,54.32,54.35,1022.0
2025-09-18 12:00:00,54.4099,54.47,54.24,54.35,6560.0
2025-09-18 12:05:00,54.32,54.32,54.32,54.32,138.0
2025-09-18 12:10:00,54.3024,54.33,54.3,54.33,2975.0
2025-09-18 12:15:00,54.33,54.33,54.32,54.32,1209.0
2025-09-18 12:20:00,54.33,54.33,54.3,54.31,7922.0
2025-09-18 12:25:00,54.34,54.34,54.34,54.34,4214.0
2025-09-18 12:30:00,54.34,54.34,54.29,54.29,20361.0
2025-09-18 12:35:00,54.27,54.28,54.26,54.28,3816.0
2025-09-18 12:40:00,54.25,54.25,54.22,54.25,5888.0
2025-09-18 12:45:00,54.24,54.25,54.24,54.25,4081.0
2025-09-18 12:50:00,54.22,54.22,54.2,54.21,4129.0
2025-09-18 12:55:00,54.21,54.215,54.18,54.18,3507.0
2025-09-18 13:00:00,54.1958,54.1958,54.19,54.19,585.0
2025-09-18 13:05:00,54.14,54.15,54.08,54.14,16795.0
2025-09-18 13:10:00,54.1325,54.1325,54.13,54.13,382.0
2025-09-18 13:15:00,54.11,54.14,54.11,54.11,70679.0
2025-09-18 13:20:00,54.11,54.12,54.05,54.1,10571.0
2025-09-18 13:25:00,54.15,54.15,54.08,54.08,14447.0
2025-09-18 13:30:00,54.11,54.145,53.99,54.09,1786362.0
2025-09-18 13:35:00,54.085,54.165,54.065,54.115,913195.0
2025-09-18 13:40:00,54.12,54.17,54.095,54.115,864832.0
2025-09-18 13:45:00,54.11,54.23,54.0525,54.225,711411.0
2025-09-18 13:50:00,54.225,54.31,54.18,54.18,793533.0
2025-09-18 13:55:00,54.18,54.24,54.15,54.24,890974.0
2025-09-18 14:00:00,54.24,54.36,54.24,54.345,514507.0
2025-09-18 14:05:00,54.34,54.4076,54.34,54.39,589053.0
2025-09-18 14:10:00,54.395,54.44,54.38,54.435,580014.0
2025-09-18 14:15:00,54.43,54.4745,54.41,54.47,479947.0
2025-09-18 14:20:00,54.475,54.48,54.415,54.465,411176.0
2025-09-18 14:25:00,54.465,54.49,54.4435,54.465,589711.0
2025-09-18 14:30:00,54.47,54.495,54.45,54.475,485011.0
2025-09-18 14:35:00,54.475,54.4757,54.41,54.41,439656.0
2025-09-18 14:40:00,54.405,54.425,54.33,54.34,467086.0
2025-09-18 14:45:00,54.335,54.37,54.31,54.358,578522.0
2025-09-18 14:50:00,54.35,54.35,54.24,54.245,427159.0
2025-09-18 14:55:00,54.24,54.27,54.225,54.255,252886.0
2025-09-18 15:00:00,54.255,54.27,54.175,54.2188,1634454.0
2025-09-18 15:05:00,54.21,54.23,54.17,54.18,847692.0
2025-09-18 15:10:00,54.18,54.215,54.17,54.205,435034.0
2025-09-18 15:15:00,54.205,54.305,54.195,54.29,426121.0
2025-09-18 15:20:00,54.3,54.34,54.225,54.255,294192.0
2025-09-18 15:25:00,54.255,54.2768,54.23,54.235,240405.0
2025-09-18 15:30:00,54.24,54.295,54.24,54.2499,229088.0
2025-09-18 15:35:00,54.245,54.315,54.245,54.31,150446.0
2025-09-18 15:40:00,54.305,54.33,54.28,54.295,161291.0
2025-09-18 15:45:00,54.295,54.315,54.28,54.31,286528.0
2025-09-18 15:50:00,54.305,54.31,54.21,54.2501,328165.0
2025-09-18 15:55:00,54.255,54.255,54.175,54.22,224172.0
2025-09-18 16:00:00,54.22,54.255,54.205,54.2357,203298.0
2025-09-19 09:30:00,54.17,54.19,54.17,54.19,307.0
2025-09-19 09:50:00,54.15,54.15,54.15,54.15,200.0
2025-09-19 09:55:00,54.14,54.17,54.14,54.17,864.0
2025-09-19 10:05:00,54.16,54.17,54.16,54.17,216.0
2025-09-19 10:15:00,54.17,54.17,54.14,54.14,1126.0
2025-09-19 10:25:00,54.16,54.16,54.16,54.16,1203.0
2025-09-19 10:30:00,54.14,54.14,54.14,54.14,876.0
2025-09-19 10:40:00,54.16,54.16,54.16,54.16,334.0
2025-09-19 10:55:00,54.14,54.14,54.14,54.14,400.0
2025-09-19 11:00:00,54.17,54.2,54.17,54.2,1737.0
2025-09-19 11:10:00,54.17,54.17,54.17,54.17,637.0
2025-09-19 11:20:00,54.16,54.17,54.16,54.17,499.0
2025-09-19 11:35:00,54.17,54.17,54.17,54.17,4108.0
2025-09-19 12:00:00,54.16,54.1899,54.1,54.17,3048.0
2025-09-19 12:05:00,54.2,54.22,54.2,54.22,1337.0
2025-09-19 12:15:00,54.2,54.2,54.19,54.19,21519.0
2025-09-19 12:20:00,54.19,54.19,54.19,54.19,25993.0
2025-09-19 12:25:00,54.19,54.19,54.19,54.19,4206.0
2025-09-19 12:35:00,54.18,54.19,54.18,54.19,2454.0
2025-09-19 12:40:00,54.19,54.2,54.19,54.2,52396.0
2025-09-19 12:45:00,54.2,54.21,54.19,54.2001,6292.0
2025-09-19 12:50:00,54.21,54.21,54.21,54.21,1295.0
2025-09-19 12:55:00,54.2,54.23,54.17,54.23,36102.0
2025-09-19 13:00:00,54.23,54.25,54.23,54.25,11177.0
2025-09-19 13:05:00,54.2413,54.25,54.24,54.25,3697.0
2025-09-19 13:10:00,54.2401,54.3,54.24,54.3,97804.0
2025-09-19 13:15:00,54.3,54.3,54.27,54.27,6467.0
2025-09-19 13:20:00,54.29,54.3,54.29,54.29,5078.0
2025-09-19 13:25:00,54.3,54.3,54.2203,54.24,4043.0
2025-09-19 13:30:00,54.26,54.26,54.03,54.05,1050409.0
2025-09-19 13:35:00,54.05,54.05,53.97,54.01,599378.0
2025-09-19 13:40:00,54.01,54.04,53.95,53.965,470494.0
2025-09-19 13:45:00,53.965,54.07,53.95,54.05,2330571.0
2025-09-19 13:50:00,54.05,54.06,54.0,54.005,1655835.0
2025-09-19 13:55:00,54.005,54.06,53.95,53.965,1643626.0
2025-09-19 14:00:00,53.965,53.98,53.92,53.96,1702120.0
2025-09-19 14:05:00,53.96,54.04,53.94,54.015,1657672.0
2025-09-19 14:10:00,54.015,54.06,54.01,54.03,1500657.0
2025-09-19 14:15:00,54.03,54.09,54.025,54.09,1280708.0
2025-09-19 14:20:00,54.095,54.1289,54.065,54.07,440024.0
2025-09-19 14:25:00,54.065,54.09,54.03,54.035,355762.0
2025-09-19 14:30:00,54.035,54.07,54.0146,54.045,361492.0
2025-09-19 14:35:00,54.045,54.0697,54.02,54.0646,340143.0
2025-09-19 14:40:00,54.07,54.07,54.01,54.01,276689.0
2025-09-19 14:45:00,54.01,54.02,53.97,53.99,393255.0
2025-09-19 14:50:00,53.995,54.07,53.975,54.005,726359.0
2025-09-19 14:55:00,54.01,54.01,53.97,53.995,315439.0
2025-09-19 15:00:00,53.995,54.02,53.97,53.975,454949.0
2025-09-19 15:05:00,53.975,54.0,53.9645,53.98,398945.0
2025-09-19 15:10:00,53.98,54.01,53.95,54.005,313464.0
2025-09-19 15:15:00,54.01,54.025,53.99,53.99,259663.0
2025-09-19 15:20:00,53.99,54.035,53.975,54.015,507339.0
2025-09-19 15:25:00,54.015,54.0181,53.975,53.985,254981.0
2025-09-19 15:30:00,53.98,53.995,53.955,53.995,375906.0
2025-09-19 15:35:00,53.995,54.025,53.98,53.995,526143.0
2025-09-19 15:40:00,53.99,54.0499,53.99,54.0151,282364.0
2025-09-19 15:45:00,54.02,54.045,54.0,54.035,363611.0
2025-09-19 15:50:00,54.035,54.07,54.02,54.065,279723.0
2025-09-19 15:55:00,54.065,54.07,54.03,54.06,352238.0
2025-09-19 16:00:00,54.055,54.08,54.05,54.0699,452593.0
2025-09-22 09:30:00,53.86,53.86,53.86,53.86,102.0
2025-09-22 09:35:00,53.87,53.87,53.86,53.86,300.0
2025-09-22 09:40:00,53.86,53.86,53.86,53.86,325.0
2025-09-22 09:45:00,53.86,53.86,53.86,53.86,600.0
2025-09-22 09:50:00,53.86,53.86,53.86,53.86,6650.0
2025-09-22 10:00:00,53.86,53.87,53.85,53.85,1129.0
2025-09-22 10:05:00,53.87,53.87,53.87,53.87,1014.0
2025-09-22 10:15:00,53.87,53.89,53.87,53.89,7943.0
2025-09-22 10:20:00,53.9,53.9,53.9,53.9,2176.0
2025-09-22 10:35:00,53.88,53.88,53.88,53.88,1710.0
2025-09-22 10:40:00,53.87,53.88,53.87,53.88,6736.0
2025-09-22 10:45:00,53.88,53.89,53.87,53.89,2256.0
2025-09-22 10:50:00,53.89,53.89,53.87,53.87,12822.0
2025-09-22 11:00:00,53.88,53.88,53.85,53.85,6049.0
2025-09-22 11:05:00,53.86,53.86,53.86,53.86,2778.0
2025-09-22 11:10:00,53.87,53.87,53.84,53.84,26869.0
2025-09-22 11:15:00,53.82,53.82,53.81,53.82,907.0
2025-09-22 11:20:00,53.84,53.84,53.83,53.83,742.0
2025-09-22 11:25:00,53.81,53.83,53.81,53.83,704.0
2025-09-22 11:30:00,53.83,53.83,53.8,53.8,26233.0
2025-09-22 11:40:00,53.79,53.8,53.79,53.79,1588.0
2025-09-22 11:45:00,53.79,53.79,53.78,53.78,1754.0
2025-09-22 11:55:00,53.77,53.78,53.77,53.78,479.0
2025-09-22 12:00:00,53.79,54.05,53.77,53.78,45139.0
2025-09-22 12:05:00,53.78,53.78,53.78,53.78,621.0
2025-09-22 12:10:00,53.7801,53.7801,53.78,53.78,12629.0
2025-09-22 12:15:00,53.78,53.78,53.77,53.78,34932.0
2025-09-22 12:20:00,53.78,53.79,53.77,53.7801,21046.0
2025-09-22 12:25:00,53.78,53.79,53.77,53.78,15313.0
2025-09-22 12:30:00,53.77,53.78,53.74,53.74,46949.0
2025-09-22 12:35:00,53.74,53.75,53.74,53.75,66726.0
2025-09-22 12:40:00,53.75,53.75,53.73,53.73,10928.0
2025-09-22 12:45:00,53.7325,53.75,53.7301,53.7301,2467.0
2025-09-22 12:50:00,53.7491,53.75,53.7491,53.75,14096.0
2025-09-22 12:55:00,53.76,53.76,53.76,53.76,8470.0
2025-09-22 13:00:00,53.75,53.76,53.74,53.75,43434.0
2025-09-22 13:05:00,53.75,53.76,53.75,53.76,2169.0
2025-09-22 13:10:00,53.74,53.74,53.74,53.74,210.0
2025-09-22 13:15:00,53.74,53.74,53.74,53.74,100.0
2025-09-22 13:20:00,53.75,53.76,53.75,53.76,6282.0
2025-09-22 13:25:00,53.75,53.77,53.69,53.69,28296.0
2025-09-22 13:30:00,53.7,53.81,53.64,53.745,1014244.0
2025-09-22 13:35:00,53.745,53.75,53.67,53.72,470657.0
2025-09-22 13:40:00,53.71,53.79,53.685,53.74,427581.0
2025-09-22 13:45:00,53.75,53.86,53.75,53.855,363806.0
2025-09-22 13:50:00,53.855,53.915,53.83,53.915,391218.0
2025-09-22 13:55:00,53.92,53.95,53.905,53.925,256926.0
2025-09-22 14:00:00,53.92,53.9253,53.875,53.925,278821.0
2025-09-22 14:05:00,53.93,53.95,53.92,53.945,205987.0
2025-09-22 14:10:00,53.95,53.97,53.925,53.9399,200383.0
2025-09-22 14:15:00,53.935,53.95,53.9,53.91,211922.0
2025-09-22 14:20:00,53.91,53.94,53.885,53.895,221229.0
2025-09-22 14:25:00,53.895,53.955,53.885,53.935,194892.0
2025-09-22 14:30:00,53.93,53.94,53.91,53.935,189003.0
2025-09-22 14:35:00,53.935,53.98,53.935,53.965,232601.0
2025-09-22 14:40:00,53.97,53.98,53.945,53.955,149847.0
2025-09-22 14:45:00,53.955,53.985,53.9453,53.965,185903.0
2025-09-22 14:50:00,53.965,54.0,53.96,53.965,291107.0
2025-09-22 14:55:00,53.965,54.0,53.96,54.0,213299.0
2025-09-22 15:00:00,53.995,54.02,53.98,54.005,285409.0
2025-09-22 15:05:00,54.0001,54.02,53.9899,54.01,317618.0
2025-09-22 15:10:00,54.01,54.02,53.98,53.98,334340.0
2025-09-22 15:15:00,53.98,53.98,53.95,53.98,231542.0
2025-09-22 15:20:00,53.98,54.02,53.93,53.94,267432.0
2025-09-22 15:25:00,53.935,53.95,53.92,53.92,190192.0
2025-09-22 15:30:00,53.925,53.97,53.915,53.955,299222.0
2025-09-22 15:35:00,53.96,53.975,53.945,53.955,268602.0
2025-09-22 15:40:00,53.95,53.955,53.935,53.94,177668.0
2025-09-22 15:45:00,53.9499,53.9499,53.9035,53.9035,162059.0
2025-09-22 15:50:00,53.91,53.9299,53.895,53.915,192809.0
2025-09-22 15:55:00,53.915,53.95,53.915,53.9401,235484.0
2025-09-22 16:00:00,53.945,53.975,53.9338,53.955,364728.0
2025-09-23 09:35:00,54.01,54.01,54.01,54.01,263.0
2025-09-23 09:45:00,54.01,54.01,54.0,54.0,1040.0
2025-09-23 09:55:00,54.0,54.0,54.0,54.0,250.0
2025-09-23 10:05:00,54.0,54.0,53.98,53.98,411.0
2025-09-23 10:10:00,54.0,54.0,54.0,54.0,120.0
2025-09-23 10:15:00,54.0,54.0,54.0,54.0,398.0
2025-09-23 10:25:00,54.0,54.0,53.98,53.98,3192.0
2025-09-23 10:45:00,53.97,53.97,53.97,53.97,631.0
2025-09-23 11:00:00,53.96,53.96,53.95,53.95,841.0
2025-09-23 11:05:00,53.95,53.95,53.95,53.95,340.0
2025-09-23 11:10:00,53.96,53.96,53.96,53.96,641.0
2025-09-23 11:15:00,53.96,53.96,53.96,53.96,300.0
2025-09-23 11:25:00,53.97,53.97,53.97,53.97,425.0
2025-09-23 11:30:00,53.98,53.98,53.98,53.98,384.0
2025-09-23 11:35:00,53.96,53.98,53.96,53.98,3000.0
2025-09-23 11:45:00,53.99,53.99,53.99,53.99,123.0
2025-09-23 11:50:00,54.0,54.0,54.0,54.0,5089.0
2025-09-23 12:00:00,53.96,53.97,53.96,53.97,3806.0
2025-09-23 12:10:00,54.02,54.02,54.02,54.02,199.0
2025-09-23 12:15:00,54.01,54.02,54.01,54.02,726.0
2025-09-23 12:25:00,54.0099,54.0099,54.0099,54.0099,170.0
2025-09-23 12:30:00,54.0,54.0,53.99,53.99,299.0
2025-09-23 12:35:00,54.0,54.0,54.0,54.0,193.0
2025-09-23 12:45:00,54.0,54.0,54.0,54.0,134.0
2025-09-23 13:05:00,53.99,54.0,53.98,53.98,17204.0
2025-09-23 13:10:00,53.9701,53.9701,53.9701,53.9701,100.0
2025-09-23 13:15:00,53.99,53.99,53.99,53.99,303.0
2025-09-23 13:20:00,53.99,53.99,53.97,53.97,510.0
2025-09-23 13:25:00,53.99,54.0,53.95,53.96,13681.0
2025-09-23 13:30:00,53.95,54.2,53.95,54.19,482246.0
2025-09-23 13:35:00,54.19,54.29,54.18,54.285,401151.0
2025-09-23 13:40:00,54.285,54.34,54.28,54.335,832905.0
2025-09-23 13:45:00,54.335,54.46,54.33,54.4571,363424.0
2025-09-23 13:50:00,54.45,54.49,54.4222,54.465,615619.0
2025-09-23 13:55:00,54.4699,54.47,54.42,54.44,395132.0
2025-09-23 14:00:00,54.445,54.445,54.375,54.405,345311.0
2025-09-23 14:05:00,54.405,54.48,54.3801,54.455,401859.0
2025-09-23 14:10:00,54.46,54.48,54.373,54.385,241012.0
2025-09-23 14:15:00,54.39,54.4,54.34,54.34,222716.0
2025-09-23 14:20:00,54.345,54.375,54.3,54.35,270017.0
2025-09-23 14:25:00,54.355,54.355,54.285,54.295,199206.0
2025-09-23 14:30:00,54.295,54.295,54.23,54.25,229191.0
2025-09-23 14:35:00,54.245,54.255,54.185,54.195,296020.0
2025-09-23 14:40:00,54.2,54.265,54.2,54.26,229644.0
2025-09-23 14:45:00,54.255,54.31,54.25,54.305,212580.0
2025-09-23 14:50:00,54.31,54.34,54.3,54.33,208252.0
2025-09-23 14:55:00,54.33,54.355,54.3,54.3,227012.0
2025-09-23 15:00:00,54.305,54.3076,54.26,54.27,139208.0
2025-09-23 15:05:00,54.26,54.29,54.2,54.215,464471.0
2025-09-23 15:10:00,54.215,54.23,54.19,54.21,373345.0
2025-09-23 15:15:00,54.21,54.22,54.18,54.195,260389.0
2025-09-23 15:20:00,54.19,54.1903,54.15,54.1599,206660.0
2025-09-23 15:25:00,54.155,54.16,54.11,54.115,324343.0
2025-09-23 15:30:00,54.1143,54.135,54.1,54.1035,296800.0
2025-09-23 15:35:00,54.1099,54.13,54.08,54.125,222927.0
2025-09-23 15:40:00,54.125,54.125,54.08,54.095,279612.0
2025-09-23 15:45:00,54.095,54.11,54.08,54.085,229860.0
2025-09-23 15:50:00,54.085,54.09,54.05,54.065,261218.0
2025-09-23 15:55:00,54.065,54.085,54.02,54.03,350818.0
2025-09-23 16:00:00,54.035,54.04,54.015,54.0299,284367.0
2025-09-24 09:30:00,53.76,53.76,53.76,53.76,188.0
2025-09-24 10:00:00,53.74,53.74,53.74,53.74,407.0
2025-09-24 10:05:00,53.74,53.74,53.74,53.74,320.0
2025-09-24 10:15:00,53.76,53.76,53.76,53.76,271.0
2025-09-24 10:25:00,53.73,53.73,53.73,53.73,371.0
2025-09-24 10:30:00,53.75,53.75,53.75,53.75,805.0
2025-09-24 10:50:00,53.72,53.72,53.72,53.72,155.0
2025-09-24 11:00:00,53.76,53.77,53.76,53.77,2592.0
2025-09-24 11:05:00,53.76,53.76,53.76,53.76,700.0
2025-09-24 11:10:00,53.77,53.77,53.77,53.77,959.0
2025-09-24 11:25:00,53.77,53.77,53.77,53.77,405.0
2025-09-24 11:30:00,53.79,53.79,53.79,53.79,583.0
2025-09-24 11:40:00,53.77,53.77,53.77,53.77,223.0
2025-09-24 11:45:00,53.77,53.8,53.77,53.8,552.0
2025-09-24 11:55:00,53.78,53.78,53.78,53.78,600.0
2025-09-24 12:00:00,53.7499,53.81,53.7499,53.7748,6563.0
2025-09-24 12:05:00,53.81,53.81,53.81,53.81,3530.0
2025-09-24 12:15:00,53.81,53.81,53.81,53.81,400.0
2025-09-24 12:20:00,53.81,53.81,53.81,53.81,100.0
2025-09-24 12:25:00,53.8,53.81,53.8,53.81,4539.0
2025-09-24 12:30:00,53.81,53.81,53.81,53.81,5385.0
2025-09-24 12:35:00,53.8004,53.8004,53.8004,53.8004,211.0
2025-09-24 12:40:00,53.8175,53.8175,53.8,53.8,2446.0
2025-09-24 12:55:00,53.81,53.81,53.81,53.81,800.0
2025-09-24 13:05:00,53.82,53.82,53.8199,53.8199,401.0
2025-09-24 13:10:00,53.81,53.81,53.8,53.8,2892.0
2025-09-24 13:20:00,53.81,53.82,53.79,53.82,14194.0
2025-09-24 13:25:00,53.83,53.85,53.83,53.84,641.0
2025-09-24 13:30:00,53.83,53.96,53.775,53.95,738984.0
2025-09-24 13:35:00,53.945,53.945,53.85,53.895,378919.0
2025-09-24 13:40:00,53.895,53.925,53.86,53.8999,712051.0
2025-09-24 13:45:00,53.89,53.94,53.845,53.86,387461.0
2025-09-24 13:50:00,53.86,53.875,53.815,53.85,426560.0
2025-09-24 13:55:00,53.855,53.895,53.81,53.85,361579.0
2025-09-24 14:00:00,53.845,53.85,53.8,53.835,251288.0
2025-09-24 14:05:00,53.835,53.85,53.81,53.83,166182.0
2025-09-24 14:10:00,53.83,53.845,53.815,53.825,138525.0
2025-09-24 14:15:00,53.825,53.83,53.785,53.83,176226.0
2025-09-24 14:20:00,53.83,53.855,53.795,53.82,328425.0
2025-09-24 14:25:00,53.825,53.835,53.785,53.82,175183.0
2025-09-24 14:30:00,53.82,53.8499,53.8,53.81,341797.0
2025-09-24 14:35:00,53.805,53.835,53.7921,53.825,264063.0
2025-09-24 14:40:00,53.825,53.84,53.81,53.835,127187.0
2025-09-24 14:45:00,53.835,53.845,53.82,53.825,108086.0
2025-09-24 14:50:00,53.8241,53.885,53.815,53.8699,272216.0
2025-09-24 14:55:00,53.87,53.87,53.83,53.84,157370.0
2025-09-24 15:00:00,53.845,53.865,53.825,53.83,247981.0
2025-09-24 15:05:00,53.825,53.845,53.795,53.815,267068.0
2025-09-24 15:10:00,53.81,53.815,53.7401,53.745,144926.0
2025-09-24 15:15:00,53.74,53.8051,53.735,53.7699,312596.0
2025-09-24 15:20:00,53.765,53.8,53.765,53.785,250713.0
2025-09-24 15:25:00,53.785,53.7871,53.735,53.7599,175735.0
2025-09-24 15:30:00,53.765,53.775,53.7223,53.73,150159.0
2025-09-24 15:35:00,53.73,53.755,53.725,53.755,219986.0
2025-09-24 15:40:00,53.755,53.755,53.715,53.725,135922.0
2025-09-24 15:45:00,53.725,53.73,53.665,53.67,2096698.0
2025-09-24 15:50:00,53.6699,53.67,53.605,53.625,352777.0
2025-09-24 15:55:00,53.63,53.635,53.565,53.59,358008.0
2025-09-24 16:00:00,53.59,53.625,53.565,53.625,390150.0
2025-09-25 09:35:00,53.61,53.61,53.61,53.61,127.0
2025-09-25 10:30:00,53.61,53.61,53.61,53.61,105.0
2025-09-25 10:40:00,53.61,53.61,53.61,53.61,1000.0
2025-09-25 10:45:00,53.6,53.6,53.6,53.6,711.0
2025-09-25 10:55:00,53.6,53.6,53.6,53.6,200.0
2025-09-25 11:00:00,53.58,53.58,53.57,53.57,1933.0
2025-09-25 11:20:00,53.53,53.53,53.51,53.52,1045.0
2025-09-25 11:55:00,53.53,53.53,53.48,53.5,1015.0
2025-09-25 12:00:00,53.51,53.65,53.48,53.5,2854.0
2025-09-25 12:05:00,53.5,53.5,53.5,53.5,14857.0
2025-09-25 12:10:00,53.52,53.53,53.51,53.53,11329.0
2025-09-25 12:20:00,53.53,53.59,53.53,53.59,27909.0
2025-09-25 12:25:00,53.57,53.57,53.56,53.56,2439.0
2025-09-25 12:30:00,53.55,53.55,53.55,53.55,774.0
2025-09-25 12:35:00,53.51,53.52,53.5,53.52,5649.0
2025-09-25 12:40:00,53.51,53.51,53.51,53.51,1350.0
2025-09-25 12:45:00,53.49,53.49,53.46,53.46,3868.0
2025-09-25 12:50:00,53.44,53.45,53.42,53.43,4672.0
2025-09-25 12:55:00,53.42,53.46,53.42,53.46,4144.0
2025-09-25 13:00:00,53.46,53.46,53.42,53.45,27614.0
2025-09-25 13:05:00,53.45,53.48,53.45,53.45,6282.0
2025-09-25 13:10:00,53.45,53.46,53.45,53.46,1708.0
2025-09-25 13:15:00,53.44,53.46,53.41,53.46,22974.0
2025-09-25 13:20:00,53.47,53.49,53.47,53.48,3810.0
2025-09-25 13:25:00,53.46,53.46,53.46,53.46,5767.0
2025-09-25 13:30:00,53.47,53.59,53.42,53.56,719809.0
2025-09-25 13:35:00,53.56,53.58,53.4,53.45,469960.0
2025-09-25 13:40:00,53.44,53.465,53.38,53.455,851472.0
2025-09-25 13:45:00,53.45,53.525,53.42,53.44,572450.0
2025-09-25 13:50:00,53.435,53.48,53.375,53.405,891091.0
2025-09-25 13:55:00,53.41,53.44,53.395,53.44,277923.0
2025-09-25 14:00:00,53.45,53.545,53.445,53.535,462330.0
2025-09-25 14:05:00,53.53,53.605,53.5,53.6,332860.0
2025-09-25 14:10:00,53.6,53.67,53.585,53.6655,253883.0
2025-09-25 14:15:00,53.67,53.71,53.65,53.665,338516.0
2025-09-25 14:20:00,53.66,53.7,53.645,53.685,408586.0
2025-09-25 14:25:00,53.69,53.69,53.615,53.64,492820.0
2025-09-25 14:30:00,53.6324,53.655,53.6,53.6349,299181.0
2025-09-25 14:35:00,53.64,53.7,53.635,53.6856,243385.0
2025-09-25 14:40:00,53.685,53.685,53.645,53.65,242400.0
2025-09-25 14:45:00,53.655,53.68,53.63,53.675,207228.0
2025-09-25 14:50:00,53.67,53.675,53.625,53.66,223873.0
2025-09-25 14:55:00,53.66,53.675,53.63,53.63,250921.0
2025-09-25 15:00:00,53.635,53.635,53.545,53.545,250715.0
2025-09-25 15:05:00,53.54,53.545,53.49,53.505,261360.0
2025-09-25 15:10:00,53.505,53.55,53.47,53.54,323210.0
2025-09-25 15:15:00,53.54,53.55,53.5,53.5309,281199.0
2025-09-25 15:20:00,53.535,53.54,53.475,53.49,156723.0
2025-09-25 15:25:00,53.49,53.5,53.43,53.4506,276346.0
2025-09-25 15:30:00,53.455,53.488,53.43,53.485,211349.0
2025-09-25 15:35:00,53.49,53.545,53.49,53.545,121204.0
2025-09-25 15:40:00,53.54,53.6,53.5335,53.57,128981.0
2025-09-25 15:45:00,53.575,53.575,53.54,53.565,186027.0
2025-09-25 15:50:00,53.56,53.56,53.5099,53.525,176081.0
2025-09-25 15:55:00,53.525,53.53,53.475,53.495,154099.0
2025-09-25 16:00:00,53.49,53.5,53.4601,53.465,225305.0
2025-09-26 09:35:00,53.65,53.65,53.65,53.65,373.0
2025-09-26 09:45:00,53.65,53.66,53.65,53.66,13606.0
2025-09-26 09:50:00,53.66,53.66,53.66,53.66,300.0
2025-09-26 10:00:00,53.65,53.65,53.63,53.63,5935.0
2025-09-26 10:05:00,53.62,53.62,53.61,53.61,4490.0
2025-09-26 10:20:00,53.61,53.61,53.61,53.61,300.0
2025-09-26 10:35:00,53.6,53.6,53.58,53.58,669.0
2025-09-26 10:45:00,53.6,53.6,53.6,53.6,279.0
2025-09-26 10:50:00,53.6,53.6,53.59,53.59,1107.0
2025-09-26 11:00:00,53.6,53.6,53.58,53.58,2732.0
2025-09-26 11:05:00,53.56,53.56,53.56,53.56,298.0
2025-09-26 11:10:00,53.58,53.58,53.58,53.58,1000.0
2025-09-26 11:45:00,53.58,53.58,53.58,53.58,188.0
2025-09-26 12:00:00,53.5605,53.65,53.5605,53.57,2525.0
2025-09-26 12:05:00,53.59,53.6,53.59,53.6,12848.0
2025-09-26 12:10:00,53.6,53.6099,53.6,53.6,3813.0
2025-09-26 12:15:00,53.6,53.6,53.6,53.6,715.0
2025-09-26 12:20:00,53.6,53.61,53.6,53.61,301.0
2025-09-26 12:25:00,53.61,53.61,53.61,53.61,496.0
2025-09-26 12:30:00,53.63,53.72,53.63,53.68,21653.0
2025-09-26 12:35:00,53.7,53.7397,53.7,53.7397,18076.0
2025-09-26 12:40:00,53.72,53.72,53.72,53.72,3001.0
2025-09-26 12:45:00,53.7,53.73,53.7,53.73,1448.0
2025-09-26 12:50:00,53.72,53.72,53.72,53.72,130.0
2025-09-26 13:00:00,53.7,53.7099,53.7,53.7099,6843.0
2025-09-26 13:05:00,53.7,53.7,53.7,53.7,1010.0
2025-09-26 13:10:00,53.7,53.71,53.7,53.71,1915.0
2025-09-26 13:20:00,53.71,53.71,53.71,53.71,349.0
2025-09-26 13:25:00,53.71,53.71,53.71,53.71,505.0
2025-09-26 13:30:00,53.71,53.915,53.7,53.88,720894.0
2025-09-26 13:35:00,53.88,53.92,53.82,53.92,558080.0
2025-09-26 13:40:00,53.9127,54.015,53.9127,53.995,606071.0
2025-09-26 13:45:00,53.99,54.05,53.935,54.035,729735.0
2025-09-26 13:50:00,54.04,54.07,54.0,54.035,721143.0
2025-09-26 13:55:00,54.03,54.055,54.0035,54.05,209604.0
2025-09-26 14:00:00,54.045,54.095,53.955,53.98,482306.0
2025-09-26 14:05:00,53.975,53.99,53.89,53.925,522782.0
2025-09-26 14:10:00,53.925,53.94,53.84,53.845,476277.0
2025-09-26 14:15:00,53.84,53.84,53.78,53.7998,321824.0
2025-09-26 14:20:00,53.79,53.81,53.753,53.753,265907.0
2025-09-26 14:25:00,53.76,53.78,53.725,53.765,309877.0
2025-09-26 14:30:00,53.765,53.77,53.685,53.685,719688.0
2025-09-26 14:35:00,53.68,53.745,53.6651,53.735,690310.0
2025-09-26 14:40:00,53.7351,53.765,53.695,53.695,284010.0
2025-09-26 14:45:00,53.7,53.72,53.64,53.65,387303.0
2025-09-26 14:50:00,53.65,53.715,53.64,53.655,355162.0
2025-09-26 14:55:00,53.6578,53.715,53.655,53.69,289423.0
2025-09-26 15:00:00,53.69,53.71,53.665,53.695,346957.0
2025-09-26 15:05:00,53.7,53.725,53.68,53.7161,293613.0
2025-09-26 15:10:00,53.72,53.75,53.705,53.73,222865.0
2025-09-26 15:15:00,53.735,53.79,53.69,53.785,1220322.0
2025-09-26 15:20:00,53.785,53.805,53.755,53.795,453606.0
2025-09-26 15:25:00,53.795,53.8265,53.79,53.82,236076.0
2025-09-26 15:30:00,53.825,53.86,53.825,53.845,199634.0
2025-09-26 15:35:00,53.845,53.855,53.805,53.815,263867.0
2025-09-26 15:40:00,53.815,53.855,53.81,53.835,274352.0
2025-09-26 15:45:00,53.83,53.8451,53.82,53.84,148321.0
2025-09-26 15:50:00,53.84,53.8451,53.775,53.8053,268437.0
2025-09-26 15:55:00,53.805,53.8065,53.75,53.755,363641.0
2025-09-26 16:00:00,53.76,53.77,53.72,53.7498,222933.0
2025-09-29 09:35:00,54.11,54.11,54.11,54.11,420.0
2025-09-29 09:40:00,54.11,54.11,54.11,54.11,150.0
2025-09-29 09:50:00,54.11,54.11,54.11,54.11,1792.0
2025-09-29 10:15:00,54.13,54.13,54.13,54.13,184.0
2025-09-29 10:30:00,54.12,54.12,54.12,54.12,266.0
2025-09-29 10:40:00,54.15,54.15,54.14,54.15,9214.0
2025-09-29 11:00:00,54.11,54.11,54.06,54.07,21257.0
2025-09-29 11:05:00,54.06,54.06,54.06,54.06,406.0
2025-09-29 11:10:00,54.08,54.08,54.06,54.06,2111.0
2025-09-29 11:15:00,54.06,54.06,54.05,54.05,1119.0
2025-09-29 11:30:00,54.05,54.05,54.05,54.05,122.0
2025-09-29 11:35:00,54.05,54.05,54.05,54.05,581.0
2025-09-29 11:40:00,54.07,54.07,54.07,54.07,924.0
2025-09-29 11:45:00,54.05,54.05,54.04,54.04,4954.0
2025-09-29 11:50:00,54.05,54.05,54.05,54.05,464.0
2025-09-29 12:00:00,54.101,54.12,54.0,54.06,5266.0
2025-09-29 12:05:00,54.06,54.06,54.05,54.05,4638.0
2025-09-29 12:10:00,54.06,54.06,54.06,54.06,235.0
2025-09-29 12:20:00,54.05,54.05,54.05,54.05,388.0
2025-09-29 12:30:00,54.06,54.06,54.05,54.05,446.0
2025-09-29 12:35:00,54.06,54.06,54.0599,54.0599,8100.0
2025-09-29 12:40:00,54.06,54.0699,54.06,54.0699,891.0
2025-09-29 12:45:00,54.07,54.07,54.07,54.07,659.0
2025-09-29 12:50:00,54.06,54.06,54.06,54.06,405.0
2025-09-29 13:00:00,54.0783,54.0783,54.06,54.06,1269.0
2025-09-29 13:05:00,54.06,54.06,54.06,54.06,250.0
2025-09-29 13:10:00,54.08,54.08,54.05,54.06,17659.0
2025-09-29 13:20:00,54.08,54.08,54.05,54.05,6153.0
2025-09-29 13:25:00,54.07,54.07,54.05,54.05,906.0
2025-09-29 13:30:00,54.04,54.06,53.98,53.98,545213.0
2025-09-29 13:35:00,53.97,53.99,53.88,53.88,380670.0
2025-09-29 13:40:00,53.88,53.905,53.8001,53.855,382839.0
2025-09-29 13:45:00,53.855,53.865,53.8,53.815,1343142.0
2025-09-29 13:50:00,53.81,53.84,53.74,53.795,462342.0
2025-09-29 13:55:00,53.8,53.8355,53.79,53.805,257271.0
2025-09-29 14:00:00,53.8,53.86,53.79,53.79,352576.0
2025-09-29 14:05:00,53.79,53.9,53.755,53.88,494868.0
2025-09-29 14:10:00,53.88,53.89,53.85,53.8535,154849.0
2025-09-29 14:15:00,53.8547,53.865,53.81,53.8393,175258.0
2025-09-29 14:20:00,53.84,53.9086,53.8219,53.89,197264.0
2025-09-29 14:25:00,53.89,53.89,53.865,53.8782,179501.0
2025-09-29 14:30:00,53.875,53.96,53.86,53.96,144875.0
2025-09-29 14:35:00,53.955,53.965,53.93,53.95,118758.0
2025-09-29 14:40:00,53.95,53.99,53.935,53.975,207198.0
2025-09-29 14:45:00,53.975,53.99,53.92,53.925,161873.0
2025-09-29 14:50:00,53.9287,53.93,53.88,53.89,182549.0
2025-09-29 14:55:00,53.895,53.9,53.865,53.88,187419.0
2025-09-29 15:00:00,53.875,53.88,53.83,53.875,120672.0
2025-09-29 15:05:00,53.873,53.9,53.8501,53.8739,117320.0
2025-09-29 15:10:00,53.88,53.89,53.85,53.86,206632.0
2025-09-29 15:15:00,53.855,53.87,53.82,53.8602,306276.0
2025-09-29 15:20:00,53.86,53.92,53.85,53.895,338377.0
2025-09-29 15:25:00,53.895,53.93,53.895,53.901245,189680.0
2025-09-29 15:30:00,53.905,53.905,53.865,53.885,260480.0
2025-09-29 15:35:00,53.89,53.91,53.87,53.895,231290.0
2025-09-29 15:40:00,53.89,53.905,53.87,53.895,225403.0
2025-09-29 15:45:00,53.8917,53.9,53.87,53.885,140162.0
2025-09-29 15:50:00,53.88,53.9,53.86,53.895,185902.0
2025-09-29 15:55:00,53.9,53.91,53.8799,53.895,216431.0
2025-09-29 16:00:00,53.9,53.915,53.89,53.9,299531.0
2025-09-30 09:30:00,54.03,54.03,54.03,54.03,234.0
2025-09-30 09:40:00,54.01,54.01,54.0,54.0,250.0
2025-09-30 09:45:00,54.0,54.01,54.0,54.01,1940.0
2025-09-30 09:55:00,54.01,54.01,53.97,54.0,10347.0
2025-09-30 10:10:00,53.97,53.97,53.97,53.97,631.0
2025-09-30 10:15:00,53.99,53.99,53.95,53.96,2601.0
2025-09-30 10:20:00,53.96,53.96,53.96,53.96,602.0
2025-09-30 10:35:00,53.96,53.96,53.96,53.96,211.0
2025-09-30 10:45:00,53.97,54.0,53.97,54.0,1624.0
2025-09-30 10:55:00,53.98,54.0,53.98,54.0,882.0
2025-09-30 11:10:00,53.97,53.97,53.96,53.96,2305.0
2025-09-30 11:15:00,53.96,53.96,53.94,53.95,18916.0
2025-09-30 11:20:00,53.95,53.95,53.95,53.95,1304.0
2025-09-30 11:25:00,53.95,53.97,53.95,53.97,3156.0
2025-09-30 11:30:00,53.99,53.99,53.99,53.99,108.0
2025-09-30 11:35:00,53.99,53.99,53.99,53.99,100.0
2025-09-30 11:50:00,53.99,54.0,53.99,53.99,7959.0
2025-09-30 11:55:00,54.0,54.0,54.0,54.0,5100.0
2025-09-30 12:00:00,53.96,54.18,53.96,53.99,4337.0
2025-09-30 12:05:00,53.99,54.01,53.99,54.01,6253.0
2025-09-30 12:15:00,54.0,54.04,54.0,54.03,1231.0
2025-09-30 12:25:00,54.0035,54.04,54.0035,54.04,404.0
2025-09-30 12:30:00,54.04,54.04,54.02,54.02,876.0
2025-09-30 12:35:00,54.04,54.04,54.01,54.01,1493.0
2025-09-30 12:40:00,54.05,54.05,54.05,54.05,500.0
2025-09-30 12:50:00,54.05,54.05,54.05,54.05,202.0
2025-09-30 13:00:00,54.01,54.01,54.01,54.01,312.0
2025-09-30 13:10:00,54.03,54.03,54.03,54.03,227.0
2025-09-30 13:20:00,54.04,54.04,54.01,54.02,4967.0
2025-09-30 13:25:00,54.01,54.02,54.01,54.02,806.0
2025-09-30 13:30:00,54.06,54.16,54.02,54.1151,792328.0
2025-09-30 13:35:00,54.12,54.22,54.075,54.22,302136.0
2025-09-30 13:40:00,54.23,54.235,54.175,54.185,262811.0
2025-09-30 13:45:00,54.18,54.205,54.1125,54.135,269757.0
2025-09-30 13:50:00,54.13,54.16,54.105,54.13,726358.0
2025-09-30 13:55:00,54.125,54.17,54.1,54.145,298200.0
2025-09-30 14:00:00,54.145,54.155,54.0122,54.015,293230.0
2025-09-30 14:05:00,54.015,54.025,53.875,53.885,480607.0
2025-09-30 14:10:00,53.895,53.935,53.855,53.925,387295.0
2025-09-30 14:15:00,53.925,53.975,53.915,53.935,327133.0
2025-09-30 14:20:00,53.93,53.975,53.91,53.9143,299902.0
2025-09-30 14:25:00,53.91,53.935,53.8626,53.87,250912.0
2025-09-30 14:30:00,53.87,53.88,53.665,53.7,488955.0
2025-09-30 14:35:00,53.705,53.72,53.59,53.61,559690.0
2025-09-30 14:40:00,53.61,53.675,53.595,53.665,453686.0
2025-09-30 14:45:00,53.67,53.75,53.665,53.69,529522.0
2025-09-30 14:50:00,53.7,53.71,53.55,53.565,434066.0
2025-09-30 14:55:00,53.565,53.61,53.55,53.5899,654314.0
2025-09-30 15:00:00,53.585,53.61,53.54,53.58,709352.0
2025-09-30 15:05:00,53.58,53.6,53.57,53.58,561138.0
2025-09-30 15:10:00,53.585,53.6,53.54,53.545,373090.0
2025-09-30 15:15:00,53.545,53.55,53.5,53.52,310585.0
2025-09-30 15:20:00,53.52,53.565,53.49,53.535,569271.0
2025-09-30 15:25:00,53.539,53.5951,53.51,53.595,367782.0
2025-09-30 15:30:00,53.595,53.6,53.565,53.59,307538.0
2025-09-30 15:35:00,53.59,53.5951,53.53,53.56,339292.0
2025-09-30 15:40:00,53.56,53.58,53.5,53.5268,351944.0
2025-09-30 15:45:00,53.52,53.59,53.52,53.585,317743.0
2025-09-30 15:50:00,53.59,53.63,53.59,53.615,435631.0
2025-09-30 15:55:00,53.61,53.63,53.58,53.605,259077.0
2025-09-30 16:00:00,53.61,53.6265,53.565,53.57,311913.0
2025-10-01 09:30:00,53.57,53.57,53.55,53.55,2000.0
2025-10-01 09:35:00,53.57,53.57,53.57,53.57,341.0
2025-10-01 10:25:00,53.58,53.58,53.58,53.58,1000.0
2025-10-01 10:30:00,53.58,53.58,53.57,53.57,5325.0
2025-10-01 10:45:00,53.57,53.57,53.57,53.57,261.0
2025-10-01 10:50:00,53.6,53.61,53.59,53.59,24780.0
2025-10-01 10:55:00,53.59,53.59,53.59,53.59,990.0
2025-10-01 11:00:00,53.59,53.59,53.56,53.58,14585.0
2025-10-01 11:05:00,53.58,53.58,53.57,53.57,2940.0
2025-10-01 11:10:00,53.58,53.58,53.58,53.58,496.0
2025-10-01 11:15:00,53.58,53.58,53.58,53.58,1004.0
2025-10-01 11:20:00,53.59,53.61,53.59,53.61,8691.0
2025-10-01 11:25:00,53.62,53.63,53.62,53.63,33093.0
2025-10-01 11:35:00,53.63,53.65,53.63,53.63,3022.0
2025-10-01 11:40:00,53.64,53.66,53.64,53.64,5190.0
2025-10-01 11:50:00,53.66,53.66,53.66,53.66,559.0
2025-10-01 11:55:00,53.67,53.69,53.67,53.69,3092.0
2025-10-01 12:00:00,53.58,53.69,53.42,53.69,6945.0
2025-10-01 12:05:00,53.68,53.69,53.67,53.69,2036.0
2025-10-01 12:10:00,53.69,53.7,53.69,53.69,2208.0
2025-10-01 12:15:00,53.67,53.67,53.63,53.64,14889.0
2025-10-01 12:20:00,53.63,53.64,53.63,53.64,401.0
2025-10-01 12:25:00,53.64,53.64,53.63,53.63,19526.0
2025-10-01 12:30:00,53.63,53.66,53.63,53.64,6097.0
2025-10-01 12:35:00,53.64,53.6698,53.64,53.6698,677.0
2025-10-01 12:40:00,53.67,53.68,53.65,53.65,22776.0
2025-10-01 12:45:00,53.65,53.66,53.65,53.65,11222.0
2025-10-01 12:50:00,53.67,53.67,53.67,53.67,237.0
2025-10-01 13:00:00,53.65,53.65,53.64,53.64,15150.0
2025-10-01 13:05:00,53.63,53.63,53.62,53.62,52200.0
2025-10-01 13:10:00,53.61,53.62,53.61,53.62,25395.0
2025-10-01 13:15:00,53.62,53.63,53.62,53.62,38196.0
2025-10-01 13:20:00,53.62,53.65,53.62,53.64,55886.0
2025-10-01 13:25:00,53.65,53.66,53.59,53.61,36550.0
2025-10-01 13:30:00,53.61,53.73,53.54,53.585,1147840.0
2025-10-01 13:35:00,53.58,53.68,53.41,53.675,1145145.0
2025-10-01 13:40:00,53.675,53.76,53.665,53.71,378066.0
2025-10-01 13:45:00,53.71,53.715,53.535,53.54,916839.0
2025-10-01 13:50:00,53.54,53.575,53.495,53.515,599038.0
2025-10-01 13:55:00,53.515,53.555,53.48,53.485,523754.0
2025-10-01 14:00:00,53.485,53.575,53.45,53.565,670940.0
2025-10-01 14:05:00,53.5699,53.625,53.54,53.61,313311.0
2025-10-01 14:10:00,53.605,53.655,53.59,53.615,184438.0
2025-10-01 14:15:00,53.62,53.655,53.62,53.65,251351.0
2025-10-01 14:20:00,53.645,53.68,53.63,53.6524,410009.0
2025-10-01 14:25:00,53.65,53.68,53.63,53.63,265978.0
2025-10-01 14:30:00,53.635,53.64,53.5835,53.59,244751.0
2025-10-01 14:35:00,53.59,53.63,53.59,53.6,339812.0
2025-10-01 14:40:00,53.595,53.6,53.5,53.54,363748.0
2025-10-01 14:45:00,53.54,53.56,53.52,53.535,182773.0
2025-10-01 14:50:00,53.535,53.585,53.535,53.575,292327.0
2025-10-01 14:55:00,53.575,53.605,53.57,53.5799,340266.0
2025-10-01 15:00:00,53.575,53.59,53.53,53.535,277503.0
2025-10-01 15:05:00,53.535,53.57,53.495,53.515,470450.0
2025-10-01 15:10:00,53.515,53.59,53.515,53.5755,412114.0
2025-10-01 15:15:00,53.5744,53.595,53.5643,53.58,219682.0
2025-10-01 15:20:00,53.575,53.605,53.57,53.595,250481.0
2025-10-01 15:25:00,53.595,53.66,53.58,53.625,653724.0
2025-10-01 15:30:00,53.625,53.68,53.625,53.635,380670.0
2025-10-01 15:35:00,53.6345,53.68,53.63,53.65,227729.0
2025-10-01 15:40:00,53.645,53.665,53.63,53.655,180265.0
2025-10-01 15:45:00,53.6562,53.72,53.655,53.705,318920.0
2025-10-01 15:50:00,53.705,53.705,53.6503,53.6684,207267.0
2025-10-01 15:55:00,53.6649,53.67,53.63,53.635,178357.0
2025-10-01 16:00:00,53.635,53.645,53.563,53.565,533859.0
2025-10-02 09:40:00,53.39,53.39,53.39,53.39,252.0
2025-10-02 09:45:00,53.38,53.42,53.37,53.42,4026.0
2025-10-02 09:55:00,53.42,53.42,53.42,53.42,828.0
2025-10-02 10:00:00,53.42,53.43,53.42,53.42,1205.0
2025-10-02 10:05:00,53.42,53.42,53.41,53.41,1761.0
2025-10-02 10:35:00,53.42,53.42,53.42,53.42,192.0
2025-10-02 10:50:00,53.39,53.43,53.39,53.42,11849.0
2025-10-02 10:55:00,53.39,53.39,53.39,53.39,3426.0
2025-10-02 11:00:00,53.4,53.4,53.4,53.4,505.0
2025-10-02 11:05:00,53.4,53.4,53.4,53.4,150.0
2025-10-02 11:10:00,53.42,53.42,53.39,53.39,10754.0
2025-10-02 11:15:00,53.41,53.42,53.41,53.42,2795.0
2025-10-02 11:20:00,53.43,53.43,53.43,53.43,117.0
2025-10-02 11:25:00,53.42,53.42,53.42,53.42,1500.0
2025-10-02 11:30:00,53.41,53.42,53.4,53.41,11631.0
2025-10-02 11:35:00,53.39,53.4,53.39,53.39,1161.0
2025-10-02 11:40:00,53.39,53.41,53.39,53.41,5586.0
2025-10-02 11:45:00,53.4,53.41,53.4,53.41,1332.0
2025-10-02 11:50:00,53.41,53.41,53.41,53.41,144.0
2025-10-02 11:55:00,53.4,53.4,53.39,53.39,2450.0
2025-10-02 12:00:00,53.42,53.49,53.33,53.3925,9539.0
2025-10-02 12:05:00,53.3901,53.41,53.3901,53.4012,5989.0
2025-10-02 12:10:00,53.41,53.43,53.41,53.43,2743.0
2025-10-02 12:15:00,53.43,53.43,53.43,53.43,3577.0
2025-10-02 12:20:00,53.42,53.43,53.42,53.43,3493.0
2025-10-02 12:25:00,53.43,53.43,53.41,53.41,4281.0
2025-10-02 12:30:00,53.4,53.4,53.4,53.4,1500.0
2025-10-02 12:40:00,53.42,53.42,53.4,53.41,3570.0
2025-10-02 12:45:00,53.41,53.41,53.3902,53.3902,1302.0
2025-10-02 12:55:00,53.39,53.39,53.38,53.39,3017.0
2025-10-02 13:00:00,53.39,53.39,53.36,53.38,5958.0
2025-10-02 13:05:00,53.38,53.38,53.38,53.38,1623.0
2025-10-02 13:10:00,53.38,53.39,53.37,53.37,4848.0
2025-10-02 13:15:00,53.39,53.43,53.38,53.41,13996.0
2025-10-02 13:20:00,53.4,53.43,53.4,53.42,7421.0
2025-10-02 13:25:00,53.42,53.43,53.28,53.32,31485.0
2025-10-02 13:30:00,53.31,53.41,53.24,53.29,1328018.0
2025-10-02 13:35:00,53.285,53.38,53.26,53.28,793827.0
2025-10-02 13:40:00,53.28,53.33,53.24,53.31,1536759.0
2025-10-02 13:45:00,53.31,53.42,53.31,53.42,660541.0
2025-10-02 13:50:00,53.42,53.475,53.3801,53.465,648097.0
2025-10-02 13:55:00,53.465,53.48,53.32,53.34,590866.0
2025-10-02 14:00:00,53.33,53.35,53.3,53.325,573330.0
2025-10-02 14:05:00,53.325,53.33,53.215,53.22,388167.0
2025-10-02 14:10:00,53.22,53.22,53.17,53.185,633290.0
2025-10-02 14:15:00,53.1801,53.19,53.15,53.165,661421.0
2025-10-02 14:20:00,53.16,53.2,53.14,53.17,886991.0
2025-10-02 14:25:00,53.165,53.24,53.16,53.235,311333.0
2025-10-02 14:30:00,53.235,53.2699,53.17,53.19,386954.0
2025-10-02 14:35:00,53.19,53.23,53.16,53.2176,510200.0
2025-10-02 14:40:00,53.21,53.26,53.2,53.2,281213.0
2025-10-02 14:45:00,53.21,53.23,53.19,53.22,229151.0
2025-10-02 14:50:00,53.22,53.24,53.2,53.22,195263.0
2025-10-02 14:55:00,53.22,53.245,53.2128,53.2399,156380.0
2025-10-02 15:00:00,53.24,53.245,53.21,53.22,232981.0
2025-10-02 15:05:00,53.2175,53.275,53.2175,53.26,283604.0
2025-10-02 15:10:00,53.25,53.265,53.16,53.16,281635.0
2025-10-02 15:15:00,53.16,53.16,53.115,53.12,235750.0
2025-10-02 15:20:00,53.125,53.175,53.1,53.175,360562.0
2025-10-02 15:25:00,53.175,53.205,53.16,53.16,335816.0
2025-10-02 15:30:00,53.165,53.1756,53.1301,53.135,239398.0
2025-10-02 15:35:00,53.13,53.14,53.0639,53.115,283514.0
2025-10-02 15:40:00,53.12,53.16,53.115,53.125,230116.0
2025-10-02 15:45:00,53.12,53.145,53.11,53.13,477234.0
2025-10-02 15:50:00,53.13,53.165,53.1201,53.16,292318.0
2025-10-02 15:55:00,53.16,53.165,53.12,53.1448,536516.0
2025-10-02 16:00:00,53.14,53.145,53.12,53.14,242753.0
2025-10-03 09:35:00,53.5,53.5,53.5,53.5,1430.0
2025-10-03 09:55:00,53.51,53.51,53.51,53.51,1566.0
2025-10-03 10:00:00,53.52,53.53,53.52,53.53,3318.0
2025-10-03 10:05:00,53.54,53.54,53.52,53.53,1797.0
2025-10-03 10:15:00,53.52,53.52,53.47,53.49,4069.0
2025-10-03 10:25:00,53.49,53.49,53.48,53.48,20654.0
2025-10-03 10:35:00,53.47,53.47,53.43,53.44,6138.0
2025-10-03 10:40:00,53.45,53.45,53.45,53.45,4362.0
2025-10-03 10:45:00,53.45,53.46,53.45,53.45,21264.0
2025-10-03 10:50:00,53.45,53.45,53.45,53.45,4634.0
2025-10-03 11:00:00,53.47,53.48,53.47,53.48,1706.0
2025-10-03 11:05:00,53.47,53.47,53.47,53.47,643.0
2025-10-03 11:10:00,53.47,53.48,53.46,53.46,1597.0
2025-10-03 11:15:00,53.47,53.47,53.47,53.47,792.0
2025-10-03 11:20:00,53.46,53.46,53.46,53.46,100.0
2025-10-03 11:25:00,53.47,53.47,53.44,53.44,1286.0
2025-10-03 11:30:00,53.45,53.45,53.45,53.45,2415.0
2025-10-03 11:40:00,53.43,53.43,53.43,53.43,1700.0
2025-10-03 11:45:00,53.43,53.44,53.43,53.44,900.0
2025-10-03 11:55:00,53.45,53.45,53.45,53.45,5986.0
2025-10-03 12:00:00,53.56,53.56,53.41,53.47,5868.0
2025-10-03 12:05:00,53.47,53.47,53.47,53.47,1876.0
2025-10-03 12:10:00,53.45,53.46,53.45,53.45,1700.0
2025-10-03 12:20:00,53.45,53.46,53.45,53.46,1115.0
2025-10-03 12:25:00,53.45,53.45,53.44,53.44,2284.0
2025-10-03 12:35:00,53.42,53.42,53.42,53.42,264.0
2025-10-03 12:40:00,53.43,53.43,53.42,53.42,883.0
2025-10-03 12:45:00,53.43,53.43,53.42,53.42,805.0
2025-10-03 12:50:00,53.43,53.43,53.43,53.43,482.0
2025-10-03 13:00:00,53.43,53.43,53.43,53.43,554.0
2025-10-03 13:10:00,53.43,53.43,53.43,53.43,2567.0
2025-10-03 13:15:00,53.42,53.42,53.4,53.41,5397.0
2025-10-03 13:20:00,53.39,53.43,53.39,53.43,9194.0
2025-10-03 13:25:00,53.44,53.46,53.44,53.44,4541.0
2025-10-03 13:30:00,53.42,53.605,53.38,53.575,606711.0
2025-10-03 13:35:00,53.571,53.69,53.485,53.675,1097046.0
2025-10-03 13:40:00,53.675,53.685,53.62,53.635,928855.0
2025-10-03 13:45:00,53.63,53.6799,53.615,53.665,407968.0
2025-10-03 13:50:00,53.67,53.78,53.655,53.765,822823.0
2025-10-03 13:55:00,53.765,53.8,53.73,53.74,616452.0
2025-10-03 14:00:00,53.74,53.76,53.66,53.665,486047.0
2025-10-03 14:05:00,53.665,53.72,53.615,53.675,312701.0
2025-10-03 14:10:00,53.675,53.72,53.655,53.66,336732.0
2025-10-03 14:15:00,53.66,53.685,53.63,53.68,243474.0
2025-10-03 14:20:00,53.675,53.705,53.65,53.6901,273232.0
2025-10-03 14:25:00,53.7,53.77,53.69,53.76,272358.0
2025-10-03 14:30:00,53.76,53.85,53.76,53.8335,449682.0
2025-10-03 14:35:00,53.835,53.85,53.81,53.82,192340.0
2025-10-03 14:40:00,53.815,53.815,53.765,53.81,331291.0
2025-10-03 14:45:00,53.815,53.8256,53.7901,53.8065,190028.0
2025-10-03 14:50:00,53.81,53.845,53.8,53.84,349098.0
2025-10-03 14:55:00,53.84,53.84,53.79,53.795,209984.0
2025-10-03 15:00:00,53.79,53.8,53.73,53.76,226923.0
2025-10-03 15:05:00,53.755,53.755,53.715,53.7462,1251757.0
2025-10-03 15:10:00,53.75,53.75,53.7,53.71,139383.0
2025-10-03 15:15:00,53.705,53.71,53.66,53.675,193470.0
2025-10-03 15:20:00,53.67,53.7,53.66,53.695,150779.0
2025-10-03 15:25:00,53.695,53.695,53.64,53.66,637191.0
2025-10-03 15:30:00,53.66,53.71,53.6543,53.7001,321707.0
2025-10-03 15:35:00,53.7,53.7362,53.665,53.6802,339049.0
2025-10-03 15:40:00,53.6801,53.725,53.665,53.725,288822.0
2025-10-03 15:45:00,53.72,53.7758,53.72,53.775,304648.0
2025-10-03 15:50:00,53.775,53.82,53.775,53.7862,157078.0
2025-10-03 15:55:00,53.7871,53.82,53.78,53.805,182808.0
2025-10-03 16:00:00,53.81,53.83,53.785,53.8235,1251630.0
2025-10-06 10:25:00,53.9,53.9,53.89,53.89,10546.0
2025-10-06 10:30:00,53.92,53.93,53.92,53.92,2800.0
2025-10-06 10:35:00,53.92,53.92,53.92,53.92,4882.0
2025-10-06 10:40:00,53.91,53.91,53.91,53.91,1300.0
2025-10-06 10:45:00,53.9,53.9,53.9,53.9,509.0
2025-10-06 10:50:00,53.9,53.9,53.89,53.89,702.0
2025-10-06 10:55:00,53.91,53.91,53.91,53.91,602.0
2025-10-06 11:00:00,53.91,53.92,53.9,53.92,6033.0
2025-10-06 11:05:00,53.92,53.92,53.92,53.92,256.0
2025-10-06 11:10:00,53.92,53.94,53.92,53.94,427.0
2025-10-06 11:15:00,53.94,53.94,53.94,53.94,342.0
2025-10-06 11:25:00,53.93,53.93,53.93,53.93,170.0
2025-10-06 11:30:00,53.94,53.94,53.93,53.93,1200.0
2025-10-06 11:35:00,53.93,53.93,53.92,53.92,3482.0
2025-10-06 11:50:00,53.93,53.93,53.93,53.93,200.0
2025-10-06 11:55:00,53.93,53.93,53.93,53.93,150.0
2025-10-06 12:00:00,53.93,53.9499,53.88,53.92,6842.0
2025-10-06 12:05:00,53.91,53.94,53.91,53.93,2513.0
2025-10-06 12:15:00,53.93,53.93,53.93,53.93,670.0
2025-10-06 12:20:00,53.93,53.93,53.93,53.93,435.0
2025-10-06 12:25:00,53.93,53.95,53.92,53.94,4665.0
2025-10-06 12:30:00,53.932,53.94,53.93,53.94,2692.0
2025-10-06 12:35:00,53.94,53.96,53.93,53.96,12958.0
2025-10-06 12:45:00,53.9499,53.95,53.9499,53.95,347.0
2025-10-06 12:50:00,53.93,53.93,53.93,53.93,9128.0
2025-10-06 12:55:00,53.94,53.94,53.91,53.93,3166.0
2025-10-06 13:00:00,53.93,53.93,53.93,53.93,644.0
2025-10-06 13:05:00,53.92,53.92,53.91,53.91,701.0
2025-10-06 13:10:00,53.9179,53.93,53.9179,53.92,1308.0
2025-10-06 13:15:00,53.93,53.93,53.92,53.92,1156.0
2025-10-06 13:20:00,53.92,53.94,53.92,53.9399,2913.0
2025-10-06 13:25:00,53.95,53.95,53.93,53.93,1037.0
2025-10-06 13:30:00,53.93,54.065,53.91,54.0,914676.0
2025-10-06 13:35:00,54.0,54.0,53.81,53.82,690101.0
2025-10-06 13:40:00,53.82,53.845,53.74,53.74,652388.0
2025-10-06 13:45:00,53.74,53.775,53.62,53.71,1022882.0
2025-10-06 13:50:00,53.71,53.72,53.605,53.63,457451.0
2025-10-06 13:55:00,53.63,53.645,53.5,53.51,411293.0
2025-10-06 14:00:00,53.51,53.51,53.315,53.41,1503068.0
2025-10-06 14:05:00,53.42,53.43,53.295,53.335,984123.0
2025-10-06 14:10:00,53.34,53.545,53.335,53.535,550678.0
2025-10-06 14:15:00,53.53,53.56,53.51,53.555,518279.0
2025-10-06 14:20:00,53.56,53.62,53.545,53.615,344833.0
2025-10-06 14:25:00,53.62,53.76,53.62,53.75,775093.0
2025-10-06 14:30:00,53.755,53.81,53.74,53.775,353904.0
2025-10-06 14:35:00,53.7765,53.85,53.775,53.8,423237.0
2025-10-06 14:40:00,53.8,53.82,53.745,53.82,622776.0
2025-10-06 14:45:00,53.81,53.825,53.775,53.81,390610.0
2025-10-06 14:50:00,53.81,53.82,53.775,53.81,259743.0
2025-10-06 14:55:00,53.805,53.81,53.775,53.785,126710.0
2025-10-06 15:00:00,53.785,53.83,53.775,53.825,186505.0
2025-10-06 15:05:00,53.825,53.84,53.79,53.81,195969.0
2025-10-06 15:10:00,53.82,53.83,53.785,53.7949,223737.0
2025-10-06 15:15:00,53.8,53.825,53.78,53.8225,126021.0
2025-10-06 15:20:00,53.83,53.84,53.8193,53.83,94369.0
2025-10-06 15:25:00,53.825,53.87,53.82,53.845,151800.0
2025-10-06 15:30:00,53.85,53.86,53.825,53.8501,128905.0
2025-10-06 15:35:00,53.85,53.87,53.8,53.805,155351.0
2025-10-06 15:40:00,53.8,53.8,53.765,53.785,120684.0
2025-10-06 15:45:00,53.785,53.795,53.77,53.775,220801.0
2025-10-06 15:50:00,53.78,53.8,53.77,53.795,154903.0
2025-10-06 15:55:00,53.7924,53.81,53.78,53.79,176497.0
2025-10-06 16:00:00,53.79,53.82,53.775,53.784,260966.0
2025-10-07 09:45:00,53.69,53.69,53.69,53.69,100.0
2025-10-07 09:55:00,53.7,53.7,53.7,53.7,2430.0
2025-10-07 10:00:00,53.73,53.73,53.73,53.73,100.0
2025-10-07 10:05:00,53.7,53.7,53.7,53.7,100.0
2025-10-07 10:15:00,53.7,53.7,53.7,53.7,100.0
2025-10-07 10:20:00,53.7,53.7,53.7,53.7,286.0
2025-10-07 10:55:00,53.74,53.74,53.74,53.74,279.0
2025-10-07 11:00:00,53.72,53.72,53.71,53.71,1280.0
2025-10-07 11:10:00,53.72,53.72,53.72,53.72,150.0
2025-10-07 11:15:00,53.72,53.72,53.71,53.71,1747.0
2025-10-07 11:25:00,53.72,53.72,53.72,53.72,200.0
2025-10-07 11:30:00,53.72,53.72,53.72,53.72,600.0
2025-10-07 11:50:00,53.73,53.75,53.73,53.75,5257.0
2025-10-07 11:55:00,53.75,53.76,53.75,53.75,28235.0
2025-10-07 12:00:00,53.7,53.77,53.63,53.77,1900.0
2025-10-07 12:05:00,53.75,53.75,53.75,53.75,580.0
2025-10-07 12:10:00,53.75,53.75,53.75,53.75,119.0
2025-10-07 12:35:00,53.76,53.78,53.76,53.76,750.0
2025-10-07 12:40:00,53.78,53.78,53.78,53.78,1638.0
2025-10-07 12:45:00,53.79,53.79,53.79,53.79,888.0
2025-10-07 12:50:00,53.8,53.81,53.79,53.81,2449.0
2025-10-07 13:00:00,53.82,53.84,53.82,53.82,2464.0
2025-10-07 13:10:00,53.84,53.84,53.79,53.81,29590.0
2025-10-07 13:15:00,53.81,53.82,53.78,53.82,7125.0
2025-10-07 13:25:00,53.81,53.9,53.81,53.9,4141.0
2025-10-07 13:30:00,53.88,54.04,53.84,54.01,850809.0
2025-10-07 13:35:00,54.0,54.025,53.875,53.9999,667754.0
2025-10-07 13:40:00,54.0,54.045,53.955,54.0199,419024.0
2025-10-07 13:45:00,54.015,54.025,53.86,53.875,535890.0
2025-10-07 13:50:00,53.88,53.935,53.835,53.935,535180.0
2025-10-07 13:55:00,53.935,53.935,53.88,53.885,199103.0
2025-10-07 14:00:00,53.885,53.9199,53.845,53.8999,466435.0
2025-10-07 14:05:00,53.9,53.925,53.88,53.9,311156.0
2025-10-07 14:10:00,53.9,53.92,53.83,53.835,463925.0
2025-10-07 14:15:00,53.84,53.9,53.81,53.8799,411551.0
2025-10-07 14:20:00,53.885,53.91,53.8526,53.86,374206.0
2025-10-07 14:25:00,53.865,53.87,53.825,53.825,264182.0
2025-10-07 14:30:00,53.83,53.855,53.81,53.825,337924.0
2025-10-07 14:35:00,53.83,53.83,53.775,53.795,328320.0
2025-10-07 14:40:00,53.79,53.825,53.785,53.795,235442.0
2025-10-07 14:45:00,53.8,53.815,53.775,53.795,197883.0
2025-10-07 14:50:00,53.7937,53.86,53.78,53.79,219468.0
2025-10-07 14:55:00,53.795,53.8299,53.765,53.79,272992.0
2025-10-07 15:00:00,53.79,53.85,53.785,53.84,474794.0
2025-10-07 15:05:00,53.8303,53.895,53.83,53.84,648912.0
2025-10-07 15:10:00,53.84,53.886,53.7701,53.78,477252.0
2025-10-07 15:15:00,53.78,53.805,53.75,53.775,390132.0
2025-10-07 15:20:00,53.775,53.8165,53.76,53.78,351449.0
2025-10-07 15:25:00,53.77,53.7801,53.7312,53.765,198438.0
2025-10-07 15:30:00,53.77,53.79,53.74,53.745,276517.0
2025-10-07 15:35:00,53.745,53.76,53.65,53.683,369532.0
2025-10-07 15:40:00,53.68,53.7,53.65,53.655,388788.0
2025-10-07 15:45:00,53.65,53.665,53.62,53.65,482752.0
2025-10-07 15:50:00,53.66,53.6664,53.59,53.5936,433584.0
2025-10-07 15:55:00,53.595,53.64,53.5922,53.605,344836.0
2025-10-07 16:00:00,53.6,53.63,53.55,53.565,234882.0
2025-10-08 09:30:00,53.84,53.84,53.84,53.84,146.0
2025-10-08 09:45:00,53.84,53.85,53.84,53.85,1157.0
2025-10-08 10:00:00,53.84,53.84,53.84,53.84,253.0
2025-10-08 10:15:00,53.81,53.81,53.81,53.81,113.0
2025-10-08 10:20:00,53.83,53.83,53.82,53.82,510.0
2025-10-08 10:40:00,53.84,53.84,53.84,53.84,300.0
2025-10-08 10:45:00,53.83,53.83,53.83,53.83,4000.0
2025-10-08 10:55:00,53.85,53.86,53.84,53.85,14676.0
2025-10-08 11:00:00,53.85,53.87,53.84,53.87,15667.0
2025-10-08 11:05:00,53.87,53.87,53.86,53.86,1153.0
2025-10-08 11:15:00,53.89,53.9,53.86,53.88,1900.0
2025-10-08 11:20:00,53.85,53.85,53.85,53.85,1500.0
2025-10-08 11:25:00,53.86,53.86,53.86,53.86,440.0
2025-10-08 11:30:00,53.85,53.85,53.85,53.85,170.0
2025-10-08 11:40:00,53.85,53.85,53.85,53.85,253.0
2025-10-08 11:45:00,53.86,53.87,53.86,53.87,664.0
2025-10-08 12:00:00,53.84,53.9,53.81,53.86,7126.0
2025-10-08 12:05:00,53.87,53.87,53.87,53.87,100.0
2025-10-08 12:10:00,53.84,53.85,53.84,53.8401,1074.0
2025-10-08 12:15:00,53.84,53.85,53.84,53.85,1456.0
2025-10-08 12:35:00,53.84,53.86,53.84,53.84,3001.0
2025-10-08 12:40:00,53.87,53.87,53.87,53.87,400.0
2025-10-08 12:50:00,53.87,53.87,53.85,53.85,1600.0
2025-10-08 12:55:00,53.86,53.88,53.86,53.87,12782.0
2025-10-08 13:00:00,53.8701,53.8701,53.8701,53.8701,281.0
2025-10-08 13:10:00,53.87,53.87,53.87,53.87,7118.0
2025-10-08 13:15:00,53.86,53.88,53.85,53.87,13120.0
2025-10-08 13:20:00,53.87,53.87,53.87,53.87,400.0
2025-10-08 13:25:00,53.87,54.01,53.85,53.95,36450.0
2025-10-08 13:30:00,53.93,53.95,53.65,53.6935,851010.0
2025-10-08 13:35:00,53.695,53.695,53.54,53.595,930842.0
2025-10-08 13:40:00,53.59,53.595,53.505,53.52,739228.0
2025-10-08 13:45:00,53.51,53.565,53.49,53.495,869734.0
2025-10-08 13:50:00,53.5,53.5,53.39,53.42,936917.0
2025-10-08 13:55:00,53.42,53.435,53.34,53.41,1124181.0
2025-10-08 14:00:00,53.415,53.58,53.395,53.58,1318020.0
2025-10-08 14:05:00,53.58,53.6399,53.56,53.61,718997.0
2025-10-08 14:10:00,53.615,53.71,53.595,53.7098,432744.0
2025-10-08 14:15:00,53.705,53.76,53.7,53.73,408522.0
2025-10-08 14:20:00,53.735,53.78,53.7185,53.78,230958.0
2025-10-08 14:25:00,53.78,53.81,53.76,53.805,840309.0
2025-10-08 14:30:00,53.81,53.845,53.8,53.82,494967.0
2025-10-08 14:35:00,53.82,53.8265,53.785,53.805,367266.0
2025-10-08 14:40:00,53.8051,53.81,53.765,53.78,383388.0
2025-10-08 14:45:00,53.78,53.82,53.76,53.8,195422.0
2025-10-08 14:50:00,53.805,53.81,53.77,53.8039,186610.0
2025-10-08 14:55:00,53.8,53.81,53.755,53.8,202559.0
2025-10-08 15:00:00,53.8,53.81,53.77,53.8,389960.0
2025-10-08 15:05:00,53.795,53.8,53.7401,53.775,193061.0
2025-10-08 15:10:00,53.775,53.83,53.7741,53.805,155415.0
2025-10-08 15:15:00,53.805,53.83,53.795,53.815,152879.0
2025-10-08 15:20:00,53.82,53.835,53.8,53.83,227557.0
2025-10-08 15:25:00,53.825,53.85,53.825,53.835,259977.0
2025-10-08 15:30:00,53.83,53.84,53.795,53.835,227631.0
2025-10-08 15:35:00,53.835,53.84,53.82,53.835,134123.0
2025-10-08 15:40:00,53.835,53.8699,53.83,53.86,231330.0
2025-10-08 15:45:00,53.865,53.88,53.85,53.88,188670.0
2025-10-08 15:50:00,53.8775,53.91,53.8745,53.8844,181656.0
2025-10-08 15:55:00,53.885,53.89,53.865,53.865,245047.0
2025-10-08 16:00:00,53.865,53.88,53.855,53.875,188346.0
2025-10-09 09:45:00,53.53,53.53,53.53,53.53,300.0
2025-10-09 09:55:00,53.52,53.52,53.52,53.52,750.0
2025-10-09 10:00:00,53.53,53.53,53.51,53.51,727.0
2025-10-09 10:25:00,53.5,53.5,53.5,53.5,1374.0
2025-10-09 10:40:00,53.49,53.49,53.49,53.49,148.0
2025-10-09 10:45:00,53.49,53.49,53.49,53.49,119.0
2025-10-09 10:50:00,53.5,53.5,53.5,53.5,241.0
2025-10-09 10:55:00,53.49,53.49,53.49,53.49,321.0
2025-10-09 11:00:00,53.51,53.51,53.5,53.51,1679.0
2025-10-09 11:05:00,53.52,53.52,53.52,53.52,1665.0
2025-10-09 11:10:00,53.53,53.54,53.53,53.54,5628.0
2025-10-09 11:15:00,53.53,53.54,53.53,53.54,888.0
2025-10-09 11:20:00,53.53,53.53,53.52,53.52,1542.0
2025-10-09 11:25:00,53.52,53.52,53.52,53.52,112.0
2025-10-09 11:40:00,53.52,53.52,53.52,53.52,200.0
2025-10-09 11:45:00,53.52,53.54,53.52,53.54,3416.0
2025-10-09 11:50:00,53.53,53.54,53.52,53.53,1475.0
2025-10-09 11:55:00,53.52,53.53,53.47,53.47,27786.0
2025-10-09 12:00:00,53.51,53.59,53.48,53.48,4885.0
2025-10-09 12:05:00,53.49,53.49,53.49,53.49,6957.0
2025-10-09 12:10:00,53.5,53.5,53.5,53.5,149.0
2025-10-09 12:15:00,53.5,53.5,53.5,53.5,2016.0
2025-10-09 12:25:00,53.51,53.53,53.51,53.53,12217.0
2025-10-09 12:30:00,53.54,53.54,53.54,53.54,286.0
2025-10-09 12:40:00,53.49,53.49,53.49,53.49,251.0
2025-10-09 12:45:00,53.52,53.52,53.5,53.5,795.0
2025-10-09 12:50:00,53.5196,53.5196,53.5196,53.5196,500.0
2025-10-09 12:55:00,53.51,53.51,53.51,53.51,430.0
2025-10-09 13:00:00,53.53,53.53,53.53,53.53,388.0
2025-10-09 13:05:00,53.51,53.51,53.5,53.5,500.0
2025-10-09 13:20:00,53.51,53.51,53.51,53.51,442.0
2025-10-09 13:25:00,53.53,53.65,53.52,53.65,10826.0
2025-10-09 13:30:00,53.625,53.69,53.55,53.6277,1013265.0
2025-10-09 13:35:00,53.625,53.81,53.61,53.775,582774.0
2025-10-09 13:40:00,53.77,53.77,53.615,53.6199,712159.0
2025-10-09 13:45:00,53.62,53.67,53.56,53.57,1010017.0
2025-10-09 13:50:00,53.565,53.57,53.385,53.385,1302237.0
2025-10-09 13:55:00,53.38,53.43,53.355,53.37,1295316.0
2025-10-09 14:00:00,53.37,53.475,53.33,53.45,589221.0
2025-10-09 14:05:00,53.445,53.489,53.4,53.425,384538.0
2025-10-09 14:10:00,53.43,53.5103,53.41,53.475,406937.0
2025-10-09 14:15:00,53.48,53.48,53.37,53.43,607530.0
2025-10-09 14:20:00,53.42,53.42,53.34,53.38,551859.0
2025-10-09 14:25:00,53.3765,53.4,53.34,53.365,331870.0
2025-10-09 14:30:00,53.36,53.37,53.33,53.365,295371.0
2025-10-09 14:35:00,53.365,53.4,53.335,53.365,529743.0
2025-10-09 14:40:00,53.3615,53.39,53.355,53.36,297559.0
2025-10-09 14:45:00,53.35,53.37,53.3,53.37,366638.0
2025-10-09 14:50:00,53.365,53.4,53.335,53.345,256077.0
2025-10-09 14:55:00,53.345,53.38,53.3446,53.36,249719.0
2025-10-09 15:00:00,53.365,53.385,53.3545,53.365,315778.0
2025-10-09 15:05:00,53.36,53.38,53.33,53.36,260143.0
2025-10-09 15:10:00,53.35,53.425,53.335,53.425,257561.0
2025-10-09 15:15:00,53.425,53.47,53.425,53.465,626473.0
2025-10-09 15:20:00,53.46,53.46,53.42,53.4296,383251.0
2025-10-09 15:25:00,53.425,53.45,53.37,53.37,281353.0
2025-10-09 15:30:00,53.375,53.42,53.365,53.365,305220.0
2025-10-09 15:35:00,53.36,53.416047,53.34,53.365,239820.0
2025-10-09 15:40:00,53.36,53.375,53.34,53.355,384412.0
2025-10-09 15:45:00,53.355,53.399,53.325,53.385,287410.0
2025-10-09 15:50:00,53.385,53.4,53.36,53.3749,262682.0
2025-10-09 15:55:00,53.375,53.385,53.36,53.375,186140.0
2025-10-09 16:00:00,53.3762,53.4,53.3715,53.3762,278047.0
2025-10-10 09:35:00,53.35,53.35,53.35,53.35,404.0
2025-10-10 09:40:00,53.33,53.33,53.32,53.33,5592.0
2025-10-10 09:45:00,53.35,53.35,53.35,53.35,1511.0
2025-10-10 09:50:00,53.32,53.33,53.31,53.33,11530.0
2025-10-10 09:55:00,53.3,53.3,53.29,53.29,4224.0
2025-10-10 10:00:00,53.27,53.27,53.27,53.27,480.0
2025-10-10 10:05:00,53.36,53.36,53.36,53.36,260.0
2025-10-10 10:10:00,53.33,53.33,53.33,53.33,300.0
2025-10-10 11:05:00,53.36,53.36,53.34,53.34,3120.0
2025-10-10 11:10:00,53.35,53.35,53.35,53.35,656.0
2025-10-10 11:25:00,53.35,53.35,53.35,53.35,100.0
2025-10-10 11:35:00,53.37,53.37,53.37,53.37,283.0
2025-10-10 11:40:00,53.37,53.38,53.37,53.37,588.0
2025-10-10 11:50:00,53.36,53.36,53.36,53.36,600.0
2025-10-10 11:55:00,53.36,53.38,53.36,53.38,481.0
2025-10-10 12:00:00,53.3692,53.42,53.32,53.38,4200.0
2025-10-10 12:05:00,53.39,53.39,53.39,53.39,744.0
2025-10-10 12:10:00,53.39,53.39,53.39,53.39,166.0
2025-10-10 12:15:00,53.39,53.4,53.39,53.4,710.0
2025-10-10 12:20:00,53.38,53.38,53.38,53.38,1927.0
2025-10-10 12:25:00,53.4,53.4,53.39,53.39,6498.0
2025-10-10 12:30:00,53.38,53.39,53.38,53.39,1705.0
2025-10-10 12:35:00,53.39,53.39,53.37,53.37,2059.0
2025-10-10 12:40:00,53.3608,53.3608,53.35,53.35,997.0
2025-10-10 12:45:00,53.34,53.34,53.34,53.34,480.0
2025-10-10 12:50:00,53.34,53.34,53.3301,53.3301,1839.0
2025-10-10 13:00:00,53.34,53.36,53.34,53.36,1180.0
2025-10-10 13:05:00,53.35,53.35,53.35,53.35,151.0
2025-10-10 13:15:00,53.37,53.37,53.37,53.37,701.0
2025-10-10 13:20:00,53.37,53.37,53.37,53.37,463.0
2025-10-10 13:25:00,53.4,53.49,53.4,53.49,3425.0
2025-10-10 13:30:00,53.46,53.59,53.43,53.52,1665704.0
2025-10-10 13:35:00,53.52,53.645,53.52,53.605,919989.0
2025-10-10 13:40:00,53.605,53.6699,53.59,53.665,538861.0
2025-10-10 13:45:00,53.665,53.6799,53.6,53.61,565523.0
2025-10-10 13:50:00,53.61,53.61,53.475,53.475,598283.0
2025-10-10 13:55:00,53.47,53.49,53.44,53.45,345641.0
2025-10-10 14:00:00,53.45,53.485,53.39,53.44,521286.0
2025-10-10 14:05:00,53.44,53.4843,53.385,53.46,345756.0
2025-10-10 14:10:00,53.46,53.47,53.34,53.38,611456.0
2025-10-10 14:15:00,53.38,53.38,53.3,53.37,326946.0
2025-10-10 14:20:00,53.37,53.44,53.37,53.425,260701.0
2025-10-10 14:25:00,53.4201,53.51,53.42,53.435,290584.0
2025-10-10 14:30:00,53.44,53.47,53.435,53.46,250817.0
2025-10-10 14:35:00,53.455,53.455,53.4035,53.425,285143.0
2025-10-10 14:40:00,53.43,53.44,53.32,53.345,267020.0
2025-10-10 14:45:00,53.34,53.4,53.34,53.385,225812.0
2025-10-10 14:50:00,53.385,53.42,53.375,53.405,159267.0
2025-10-10 14:55:00,53.41,53.4199,52.935,53.055,2876872.0
2025-10-10 15:00:00,53.05,53.05,52.845,52.975,1736692.0
2025-10-10 15:05:00,52.97,53.065,52.93,52.98,1257501.0
2025-10-10 15:10:00,52.99,53.21,52.985,53.185,861574.0
2025-10-10 15:15:00,53.185,53.22,53.025,53.11,943196.0
2025-10-10 15:20:00,53.1,53.15,52.8745,52.91,1055288.0
2025-10-10 15:25:00,52.92,52.97,52.765,52.84,1023985.0
2025-10-10 15:30:00,52.83,52.835,52.675,52.71,2081854.0
2025-10-10 15:35:00,52.71,52.775,52.6201,52.6201,1244692.0
2025-10-10 15:40:00,52.62,52.82,52.56,52.82,1024401.0
2025-10-10 15:45:00,52.81,52.8556,52.72,52.795,1032929.0
2025-10-10 15:50:00,52.79,52.87,52.745,52.785,746734.0
2025-10-10 15:55:00,52.785,52.785,52.585,52.64,698186.0
2025-10-10 16:00:00,52.63,52.63,52.52,52.55,909079.0
2025-10-13 09:30:00,52.62,52.62,52.61,52.61,6257.0
2025-10-13 09:35:00,52.63,52.63,52.6,52.6,1869.0
2025-10-13 09:40:00,52.61,52.61,52.59,52.6,1494.0
2025-10-13 09:45:00,52.61,52.62,52.61,52.62,531.0
2025-10-13 09:50:00,52.66,52.66,52.66,52.66,684.0
2025-10-13 09:55:00,52.66,52.66,52.66,52.66,500.0
2025-10-13 10:05:00,52.66,52.66,52.66,52.66,200.0
2025-10-13 10:10:00,52.64,52.64,52.63,52.63,623.0
2025-10-13 10:15:00,52.63,52.64,52.63,52.64,1483.0
2025-10-13 10:35:00,52.66,52.66,52.66,52.66,100.0
2025-10-13 10:40:00,52.65,52.65,52.65,52.65,260.0
2025-10-13 10:55:00,52.62,52.66,52.62,52.66,380.0
2025-10-13 11:00:00,52.63,52.68,52.62,52.65,3779.0
2025-10-13 11:05:00,52.62,52.62,52.57,52.59,18119.0
2025-10-13 11:10:00,52.56,52.58,52.54,52.56,10501.0
2025-10-13 11:15:00,52.59,52.6,52.59,52.6,285.0
2025-10-13 11:20:00,52.54,52.57,52.54,52.56,1557.0
2025-10-13 11:30:00,52.56,52.56,52.56,52.56,910.0
2025-10-13 11:40:00,52.58,52.58,52.58,52.58,500.0
2025-10-13 11:45:00,52.58,52.58,52.56,52.56,1523.0
2025-10-13 11:50:00,52.55,52.57,52.55,52.57,1704.0
2025-10-13 12:00:00,52.55,52.81,52.5,52.58,21210.0
2025-10-13 12:10:00,52.53,52.53,52.53,52.53,133.0
2025-10-13 12:15:00,52.57,52.57,52.57,52.57,234.0
2025-10-13 12:20:00,52.52,52.53,52.52,52.53,5303.0
2025-10-13 12:25:00,52.53,52.56,52.53,52.54,1352.0
2025-10-13 12:30:00,52.56,52.56,52.5578,52.5578,453.0
2025-10-13 12:35:00,52.56,52.57,52.56,52.56,3078.0
2025-10-13 12:40:00,52.5765,52.5765,52.5765,52.5765,285.0
2025-10-13 12:45:00,52.5784,52.58,52.5784,52.58,2453.0
2025-10-13 12:50:00,52.59,52.59,52.59,52.59,967.0
2025-10-13 12:55:00,52.62,52.62,52.5609,52.57,2619.0
2025-10-13 13:00:00,52.56,52.58,52.56,52.56,2522.0
2025-10-13 13:05:00,52.5994,52.5994,52.5994,52.5994,510.0
2025-10-13 13:15:00,52.6,52.61,52.5999,52.6,1286.0
2025-10-13 13:20:00,52.59,52.6,52.58,52.58,4796.0
2025-10-13 13:25:00,52.56,52.57,52.55,52.55,9531.0
2025-10-13 13:30:00,52.55,52.73,52.5301,52.7,1326570.0
2025-10-13 13:35:00,52.705,52.745,52.64,52.7,900758.0
2025-10-13 13:40:00,52.7,52.775,52.62,52.64,563120.0
2025-10-13 13:45:00,52.64,52.725,52.58,52.61,1037151.0
2025-10-13 13:50:00,52.62,52.715,52.55,52.575,538125.0
2025-10-13 13:55:00,52.575,52.71,52.535,52.69,898598.0
2025-10-13 14:00:00,52.685,52.72,52.56,52.67,899181.0
2025-10-13 14:05:00,52.67,52.67,52.55,52.565,587508.0
2025-10-13 14:10:00,52.56,52.56,52.453,52.515,683574.0
2025-10-13 14:15:00,52.52,52.61,52.51,52.58,549092.0
2025-10-13 14:20:00,52.58,52.59,52.44,52.51,545293.0
2025-10-13 14:25:00,52.51,52.515,52.365,52.436253,519065.0
2025-10-13 14:30:00,52.44,52.52,52.34,52.515,470282.0
2025-10-13 14:35:00,52.52,52.6,52.515,52.5885,356462.0
2025-10-13 14:40:00,52.58,52.6,52.525,52.59,423730.0
2025-10-13 14:45:00,52.585,52.5995,52.52,52.53,311742.0
2025-10-13 14:50:00,52.525,52.56,52.5,52.525,198060.0
2025-10-13 14:55:00,52.52,52.5355,52.48,52.515,323708.0
2025-10-13 15:00:00,52.515,52.56,52.5,52.505,334190.0
2025-10-13 15:05:00,52.5,52.55,52.47,52.55,348568.0
2025-10-13 15:10:00,52.55,52.63,52.55,52.615,277046.0
2025-10-13 15:15:00,52.61,52.66,52.5898,52.66,496867.0
2025-10-13 15:20:00,52.66,52.715,52.65,52.6715,697055.0
2025-10-13 15:25:00,52.675,52.7,52.665,52.695,771598.0
2025-10-13 15:30:00,52.7,52.75,52.69,52.745,336076.0
2025-10-13 15:35:00,52.74,52.765,52.7059,52.7085,818901.0
2025-10-13 15:40:00,52.71,52.7199,52.65,52.6599,370698.0
2025-10-13 15:45:00,52.66,52.71,52.64,52.71,522967.0
2025-10-13 15:50:00,52.71,52.72,52.665,52.69,399263.0
2025-10-13 15:55:00,52.69,52.69,52.66,52.665,265812.0
2025-10-13 16:00:00,52.67,52.68,52.635,52.66,223012.0
2025-10-14 09:30:00,52.5,52.5,52.5,52.5,669.0
2025-10-14 09:45:00,52.48,52.48,52.48,52.48,200.0
2025-10-14 09:50:00,52.48,52.48,52.48,52.48,1085.0
2025-10-14 10:00:00,52.45,52.47,52.45,52.47,335.0
2025-10-14 10:10:00,52.48,52.48,52.44,52.47,2265.0
2025-10-14 10:15:00,52.43,52.46,52.43,52.44,3689.0
2025-10-14 10:20:00,52.46,52.46,52.46,52.46,100.0
2025-10-14 10:25:00,52.48,52.48,52.44,52.44,4192.0
2025-10-14 10:30:00,52.4,52.4,52.3,52.3,2139.0
2025-10-14 10:35:00,52.35,52.38,52.35,52.38,1324.0
2025-10-14 10:40:00,52.41,52.44,52.41,52.44,3757.0
2025-10-14 10:45:00,52.41,52.43,52.4,52.41,2912.0
2025-10-14 10:50:00,52.38,52.39,52.35,52.35,3241.0
2025-10-14 10:55:00,52.35,52.35,52.29,52.33,10244.0
2025-10-14 11:00:00,52.35,52.43,52.35,52.43,2036.0
2025-10-14 11:05:00,52.44,52.47,52.43,52.43,6093.0
2025-10-14 11:10:00,52.46,52.48,52.45,52.48,11391.0
2025-10-14 11:15:00,52.48,52.48,52.48,52.48,1897.0
2025-10-14 11:20:00,52.48,52.48,52.48,52.48,812.0
2025-10-14 11:25:00,52.5,52.51,52.49,52.49,4380.0
2025-10-14 11:35:00,52.5,52.5,52.5,52.5,960.0
2025-10-14 11:40:00,52.51,52.51,52.47,52.48,3727.0
2025-10-14 11:45:00,52.48,52.49,52.47,52.49,17697.0
2025-10-14 11:50:00,52.49,52.51,52.48,52.51,1509.0
2025-10-14 11:55:00,52.5,52.5,52.5,52.5,150.0
2025-10-14 12:00:00,52.3889,52.88,52.35,52.44,66405.0
2025-10-14 12:05:00,52.401,52.401,52.4,52.4,570.0
2025-10-14 12:10:00,52.4001,52.45,52.4,52.4475,7203.0
2025-10-14 12:15:00,52.45,52.45,52.43,52.43,1242.0
2025-10-14 12:20:00,52.43,52.43,52.42,52.42,2037.0
2025-10-14 12:25:00,52.44,52.45,52.44,52.44,11142.0
2025-10-14 12:30:00,52.43,52.44,52.43,52.44,4060.0
2025-10-14 12:35:00,52.44,52.44,52.4,52.4,1712.0
2025-10-14 12:40:00,52.37,52.37,52.33,52.34,4286.0
2025-10-14 12:45:00,52.35,52.35,52.3001,52.3001,824.0
2025-10-14 12:55:00,52.3699,52.3699,52.36,52.36,310.0
2025-10-14 13:00:00,52.36,52.39,52.36,52.39,3552.0
2025-10-14 13:05:00,52.4,52.4,52.37,52.37,3378.0
2025-10-14 13:10:00,52.3996,52.3996,52.37,52.38,2538.0
2025-10-14 13:15:00,52.39,52.42,52.39,52.42,4032.0
2025-10-14 13:20:00,52.39,52.4,52.39,52.4,844.0
2025-10-14 13:25:00,52.4,52.46,52.3,52.46,32693.0
2025-10-14 13:30:00,52.45,52.59,52.39,52.49,1384570.0
2025-10-14 13:35:00,52.495,52.52,52.42,52.5,1363946.0
2025-10-14 13:40:00,52.49,52.5356,52.275,52.3,1303530.0
2025-10-14 13:45:00,52.29,52.465,52.245,52.41,1067517.0
2025-10-14 13:50:00,52.4,52.49,52.32,52.49,682767.0
2025-10-14 13:55:00,52.49,52.54,52.475,52.505,704818.0
2025-10-14 14:00:00,52.505,52.645,52.49,52.63,724347.0
2025-10-14 14:05:00,52.63,52.69,52.615,52.64,688155.0
2025-10-14 14:10:00,52.64,52.79,52.64,52.765,576050.0
2025-10-14 14:15:00,52.76,52.81,52.715,52.79,823873.0
2025-10-14 14:20:00,52.785,52.85,52.74,52.78,688377.0
2025-10-14 14:25:00,52.78,52.885,52.77,52.845,1260524.0
2025-10-14 14:30:00,52.84,52.885,52.81,52.86,839504.0
2025-10-14 14:35:00,52.855,52.93,52.855,52.92,859567.0
2025-10-14 14:40:00,52.915,52.995,52.885,52.96,662033.0
2025-10-14 14:45:00,52.96,52.9875,52.91,52.97,532904.0
2025-10-14 14:50:00,52.975,52.99,52.93,52.97,828207.0
2025-10-14 14:55:00,52.97,52.98,52.91,52.955,340195.0
2025-10-14 15:00:00,52.955,52.97,52.915,52.965,500888.0
2025-10-14 15:05:00,52.965,52.99,52.91,52.915,536443.0
2025-10-14 15:10:00,52.915,52.94,52.9,52.905,326496.0
2025-10-14 15:15:00,52.905,52.995,52.9,52.9142,574793.0
2025-10-14 15:20:00,52.91,52.99,52.895,52.98,455936.0
2025-10-14 15:25:00,52.975,52.98,52.88,52.89,421709.0
2025-10-14 15:30:00,52.89,53.0,52.885,52.98,442263.0
2025-10-14 15:35:00,52.97,53.05,52.96,52.985,1277455.0
2025-10-14 15:40:00,52.98,53.05,52.965,53.04,824681.0
2025-10-14 15:45:00,53.035,53.11,53.035,53.11,788403.0
2025-10-14 15:50:00,53.105,53.205,53.1,53.18,660004.0
2025-10-14 15:55:00,53.185,53.2,53.16,53.195,594261.0
2025-10-14 16:00:00,53.195,53.2,53.11,53.14,717358.0
2025-10-15 09:30:00,53.5,53.51,53.5,53.51,474.0
2025-10-15 09:35:00,53.51,53.52,53.51,53.52,1910.0
2025-10-15 09:40:00,53.53,53.53,53.53,53.53,322.0
2025-10-15 09:45:00,53.52,53.52,53.52,53.52,131.0
2025-10-15 09:50:00,53.53,53.53,53.52,53.53,1350.0
2025-10-15 10:05:00,53.52,53.52,53.52,53.52,140.0
2025-10-15 10:10:00,53.52,53.52,53.52,53.52,400.0
2025-10-15 10:15:00,53.52,53.52,53.51,53.51,5272.0
2025-10-15 10:35:00,53.5,53.5,53.5,53.5,150.0
2025-10-15 10:40:00,53.51,53.54,53.51,53.54,1155.0
2025-10-15 10:45:00,53.54,53.6,53.54,53.59,2656.0
2025-10-15 10:50:00,53.6,53.6,53.6,53.6,320.0
2025-10-15 10:55:00,53.595,53.6,53.595,53.6,1436.0
2025-10-15 11:00:00,53.6,53.63,53.58,53.62,9661.0
2025-10-15 11:05:00,53.62,53.63,53.61,53.63,4978.0
2025-10-15 11:10:00,53.61,53.68,53.61,53.65,7134.0
2025-10-15 11:15:00,53.65,53.65,53.64,53.64,1259.0
2025-10-15 11:25:00,53.63,53.69,53.63,53.67,44503.0
2025-10-15 11:30:00,53.68,53.71,53.68,53.7,849.0
2025-10-15 11:35:00,53.7,53.75,53.7,53.74,20390.0
2025-10-15 11:40:00,53.74,53.75,53.74,53.75,793.0
2025-10-15 11:45:00,53.75,53.77,53.75,53.75,11191.0
2025-10-15 11:50:00,53.75,53.75,53.75,53.75,1047.0
2025-10-15 11:55:00,53.75,53.75,53.74,53.74,492.0
2025-10-15 12:00:00,53.73,53.79,53.39,53.75,36801.0
2025-10-15 12:05:00,53.73,53.75,53.73,53.74,1184.0
2025-10-15 12:10:00,53.7499,53.75,53.73,53.73,1006.0
2025-10-15 12:15:00,53.75,53.75,53.72,53.72,6591.0
2025-10-15 12:20:00,53.7,53.74,53.68,53.68,1822.0
2025-10-15 12:25:00,53.68,53.71,53.68,53.7,2371.0
2025-10-15 12:30:00,53.71,53.71,53.69,53.69,2158.0
2025-10-15 12:35:00,53.68,53.7199,53.67,53.68,8063.0
2025-10-15 12:40:00,53.6801,53.69,53.6599,53.6599,2501.0
2025-10-15 12:45:00,53.66,53.68,53.66,53.68,4114.0
2025-10-15 12:50:00,53.65,53.67,53.64,53.66,3527.0
2025-10-15 12:55:00,53.65,53.65,53.64,53.64,13019.0
2025-10-15 13:00:00,53.64,53.64,53.6,53.62,14054.0
2025-10-15 13:05:00,53.62,53.63,53.6,53.61,12791.0
2025-10-15 13:10:00,53.63,53.63,53.59,53.61,18465.0
2025-10-15 13:15:00,53.61,53.63,53.6,53.63,5868.0
2025-10-15 13:20:00,53.5838,53.6437,53.5838,53.6,4351.0
2025-10-15 13:25:00,53.62,53.62,53.42,53.45,17171.0
2025-10-15 13:30:00,53.43,53.62,53.43,53.52,1038815.0
2025-10-15 13:35:00,53.51,53.66,53.5,53.595,1015528.0
2025-10-15 13:40:00,53.595,53.65,53.55,53.595,582541.0
2025-10-15 13:45:00,53.6,53.655,53.51,53.52,1048833.0
2025-10-15 13:50:00,53.52,53.62,53.49,53.595,583477.0
2025-10-15 13:55:00,53.6,53.685,53.585,53.59,502743.0
2025-10-15 14:00:00,53.59,53.655,53.59,53.655,414174.0
2025-10-15 14:05:00,53.66,53.685,53.62,53.685,467112.0
2025-10-15 14:10:00,53.68,53.685,53.6,53.64,417738.0
2025-10-15 14:15:00,53.635,53.685,53.635,53.65,474577.0
2025-10-15 14:20:00,53.65,53.71,53.6401,53.69,337474.0
2025-10-15 14:25:00,53.685,53.73,53.68,53.715,760334.0
2025-10-15 14:30:00,53.715,53.76,53.63,53.64,476185.0
2025-10-15 14:35:00,53.64,53.72,53.59,53.595,290016.0
2025-10-15 14:40:00,53.595,53.675,53.57,53.66,439483.0
2025-10-15 14:45:00,53.6585,53.6585,53.55,53.56,279357.0
2025-10-15 14:50:00,53.55,53.5958,53.52,53.555,478014.0
2025-10-15 14:55:00,53.55,53.58,53.52,53.56,250700.0
2025-10-15 15:00:00,53.56,53.5799,53.495,53.5,443120.0
2025-10-15 15:05:00,53.49,53.5,53.4501,53.485,382690.0
2025-10-15 15:10:00,53.49,53.5,53.44,53.485,474733.0
2025-10-15 15:15:00,53.49,53.525,53.45,53.485,631231.0
2025-10-15 15:20:00,53.4851,53.54,53.47,53.525,262385.0
2025-10-15 15:25:00,53.52,53.55,53.51,53.535,291455.0
2025-10-15 15:30:00,53.53,53.5487,53.43,53.455,389474.0
2025-10-15 15:35:00,53.4501,53.47,53.345,53.35,1665427.0
2025-10-15 15:40:00,53.35,53.35,53.28,53.325,538574.0
2025-10-15 15:45:00,53.33,53.34,53.3,53.325,441899.0
2025-10-15 15:50:00,53.325,53.355,53.26,53.325,337537.0
2025-10-15 15:55:00,53.33,53.42,53.33,53.4,326756.0
2025-10-15 16:00:00,53.41,53.43,53.365,53.365,341578.0
2025-10-16 09:30:00,53.3,53.3,53.3,53.3,290.0
2025-10-16 09:45:00,53.29,53.31,53.29,53.31,1300.0
2025-10-16 09:55:00,53.32,53.32,53.32,53.32,187.0
2025-10-16 10:00:00,53.33,53.33,53.33,53.33,150.0
2025-10-16 10:05:00,53.31,53.33,53.31,53.33,2132.0
2025-10-16 10:10:00,53.34,53.34,53.32,53.32,921.0
2025-10-16 10:30:00,53.38,53.38,53.38,53.38,1192.0
2025-10-16 10:40:00,53.37,53.37,53.37,53.37,150.0
2025-10-16 10:50:00,53.36,53.37,53.34,53.35,5236.0
2025-10-16 10:55:00,53.35,53.35,53.35,53.35,176.0
2025-10-16 11:00:00,53.34,53.36,53.34,53.36,29047.0
2025-10-16 11:05:00,53.35,53.35,53.34,53.34,4704.0
2025-10-16 11:10:00,53.35,53.35,53.32,53.32,2674.0
2025-10-16 11:15:00,53.34,53.34,53.33,53.33,815.0
2025-10-16 11:20:00,53.32,53.32,53.32,53.32,1010.0
2025-10-16 11:30:00,53.33,53.34,53.33,53.34,1295.0
2025-10-16 11:40:00,53.32,53.32,53.3,53.3,1341.0
2025-10-16 11:45:00,53.32,53.32,53.32,53.32,567.0
2025-10-16 12:00:00,53.25,53.36,53.18,53.32,12647.0
2025-10-16 12:05:00,53.3197,53.3197,53.3197,53.3197,12000.0
2025-10-16 12:10:00,53.25,53.25,53.22,53.22,8484.0
2025-10-16 12:15:00,53.25,53.25,53.23,53.2499,940.0
2025-10-16 12:20:00,53.24,53.25,53.24,53.25,4027.0
2025-10-16 12:25:00,53.24,53.25,53.24,53.24,1533.0
2025-10-16 12:30:00,53.19,53.19,53.19,53.19,326.0
2025-10-16 12:35:00,53.25,53.25,53.22,53.23,2075.0
2025-10-16 12:40:00,53.25,53.27,53.25,53.25,4684.0
2025-10-16 12:45:00,53.25,53.2799,53.23,53.24,3071.0
2025-10-16 12:50:00,53.25,53.25,53.25,53.25,320.0
2025-10-16 12:55:00,53.24,53.24,53.24,53.24,106.0
2025-10-16 13:00:00,53.25,53.27,53.24,53.24,4014.0
2025-10-16 13:10:00,53.25,53.25,53.24,53.25,1229.0
2025-10-16 13:15:00,53.24,53.24,53.24,53.24,5134.0
2025-10-16 13:20:00,53.22,53.22,53.22,53.22,113.0
2025-10-16 13:25:00,53.24,53.25,53.02,53.06,28201.0
2025-10-16 13:30:00,53.09,53.12,52.945,52.99,1335351.0
2025-10-16 13:35:00,53.0,53.04,52.93,52.96,805346.0
2025-10-16 13:40:00,52.96,53.005,52.885,52.9,850042.0
2025-10-16 13:45:00,52.9,52.96,52.77,52.8451,904655.0
2025-10-16 13:50:00,52.85,52.865,52.75,52.8035,609999.0
2025-10-16 13:55:00,52.81,52.8245,52.66,52.68,1810158.0
2025-10-16 14:00:00,52.685,52.78,52.65,52.69,760005.0
2025-10-16 14:05:00,52.69,52.76,52.62,52.635,841837.0
2025-10-16 14:10:00,52.635,52.67,52.545,52.545,1056689.0
2025-10-16 14:15:00,52.545,52.69,52.52,52.68,859948.0
2025-10-16 14:20:00,52.675,52.725,52.655,52.68,638409.0
2025-10-16 14:25:00,52.675,52.745,52.63,52.68,706616.0
2025-10-16 14:30:00,52.68,52.7,52.65,52.665,494653.0
2025-10-16 14:35:00,52.66,52.7177,52.64,52.705,386784.0
2025-10-16 14:40:00,52.705,52.83,52.7,52.8,740880.0
2025-10-16 14:45:00,52.805,52.83,52.75,52.8,482976.0
2025-10-16 14:50:00,52.795,52.805,52.74,52.805,700722.0
2025-10-16 14:55:00,52.805,52.825,52.755,52.77,639145.0
2025-10-16 15:00:00,52.77,52.84,52.77,52.795,604096.0
2025-10-16 15:05:00,52.795,52.835,52.755,52.78,584842.0
2025-10-16 15:10:00,52.77,52.84,52.755,52.8,530531.0
2025-10-16 15:15:00,52.795,52.83,52.73,52.815,516153.0
2025-10-16 15:20:00,52.82,52.83,52.76,52.765,400845.0
2025-10-16 15:25:00,52.77,52.77,52.6186,52.645,725243.0
2025-10-16 15:30:00,52.645,52.745,52.6,52.725,718634.0
2025-10-16 15:35:00,52.725,52.74,52.68,52.72,373416.0
2025-10-16 15:40:00,52.72,52.73,52.635,52.64,449360.0
2025-10-16 15:45:00,52.64,52.645,52.545,52.57,670419.0
2025-10-16 15:50:00,52.57,52.62,52.5341,52.56,1098178.0
2025-10-16 15:55:00,52.555,52.56,52.485,52.53,929338.0
2025-10-16 16:00:00,52.525,52.535,52.445,52.5299,776116.0
2025-10-17 09:30:00,51.2,51.22,51.18,51.21,9791.0
2025-10-17 09:40:00,51.2,51.2,51.15,51.15,33018.0
2025-10-17 09:45:00,51.16,51.18,51.13,51.18,7804.0
2025-10-17 09:50:00,51.17,51.18,51.13,51.13,28501.0
2025-10-17 09:55:00,51.16,51.16,51.15,51.15,1168.0
2025-10-17 10:00:00,51.155,51.17,51.14,51.16,17535.0
2025-10-17 10:10:00,51.2,51.21,51.12,51.14,19228.0
2025-10-17 10:15:00,51.12,51.13,51.12,51.12,2300.0
2025-10-17 10:20:00,51.14,51.17,51.14,51.17,4875.0
2025-10-17 10:25:00,51.17,51.23,51.16,51.16,5588.0
2025-10-17 10:35:00,51.23,51.31,51.23,51.31,1347.0
2025-10-17 10:40:00,51.3,51.34,51.3,51.34,3674.0
2025-10-17 10:45:00,51.35,51.36,51.35,51.36,1704.0
2025-10-17 10:50:00,51.36,51.36,51.36,51.36,507.0
2025-10-17 10:55:00,51.39,51.47,51.39,51.45,1946.0
2025-10-17 11:00:00,51.46,51.47,51.36,51.47,45697.0
2025-10-17 11:05:00,51.42,51.55,51.42,51.55,2510.0
2025-10-17 11:10:00,51.55,51.7,51.55,51.7,4823.0
2025-10-17 11:15:00,51.75,51.75,51.68,51.69,3395.0
2025-10-17 11:20:00,51.69,51.69,51.64,51.65,8077.0
2025-10-17 11:25:00,51.68,51.72,51.68,51.69,1528.0
2025-10-17 11:30:00,51.68,51.72,51.67,51.71,735.0
2025-10-17 11:35:00,51.71,51.71,51.71,51.71,100.0
2025-10-17 11:40:00,51.7,51.71,51.7,51.71,1159.0
2025-10-17 11:45:00,51.71,51.71,51.71,51.71,580.0
2025-10-17 11:50:00,51.749,51.8,51.74,51.79,24481.0
2025-10-17 11:55:00,51.81,51.85,51.8,51.84,14615.0
2025-10-17 12:00:00,51.4599,51.84,50.92,51.75,51106.0
2025-10-17 12:05:00,51.81,51.99,51.81,51.99,68048.0
2025-10-17 12:10:00,51.99,52.01,51.91,51.91,87097.0
2025-10-17 12:15:00,51.92,52.1,51.92,52.01,29996.0
2025-10-17 12:20:00,52.03,52.0799,52.02,52.07,2942.0
2025-10-17 12:25:00,52.06,52.06,51.99,52.01,8275.0
2025-10-17 12:30:00,52.0,52.01,52.0,52.0,8392.0
2025-10-17 12:35:00,52.04,52.08,52.0222,52.07,11012.0
2025-10-17 12:40:00,52.04,52.04,52.0063,52.02,2169.0
2025-10-17 12:45:00,52.01,52.01,52.0,52.0,7563.0
2025-10-17 12:50:00,52.01,52.03,51.98,51.98,4027.0
2025-10-17 12:55:00,52.0,52.01,51.98,52.0,10726.0
2025-10-17 13:00:00,52.0,52.03,51.96,51.9906,39577.0
2025-10-17 13:05:00,52.01,52.04,51.98,52.04,30067.0
2025-10-17 13:10:00,52.04,52.08,52.04,52.04,4620.0
2025-10-17 13:15:00,52.03,52.04,51.99,51.99,20381.0
2025-10-17 13:20:00,52.0,52.05,52.0,52.05,1984.0
2025-10-17 13:25:00,52.03,52.06,51.95,51.95,12321.0
2025-10-17 13:30:00,51.9,52.04,51.775,51.87,1776048.0
2025-10-17 13:35:00,51.865,51.95,51.8,51.87,1375335.0
2025-10-17 13:40:00,51.865,51.93,51.73,51.79,4158921.0
2025-10-17 13:45:00,51.785,51.955,51.75,51.93,1208567.0
2025-10-17 13:50:00,51.93,52.08,51.91,52.065,1759915.0
2025-10-17 13:55:00,52.07,52.115,51.9465,51.9555,995168.0
2025-10-17 14:00:00,51.95,51.995,51.875,51.96,1203937.0
2025-10-17 14:05:00,51.955,52.08,51.93,52.0599,926799.0
2025-10-17 14:10:00,52.05,52.21,52.03,52.195,940065.0
2025-10-17 14:15:00,52.19,52.22,52.07,52.09,703262.0
2025-10-17 14:20:00,52.09,52.145,52.01,52.11,835397.0
2025-10-17 14:25:00,52.11,52.14,52.06,52.08,639586.0
2025-10-17 14:30:00,52.075,52.095,51.98,51.99,791376.0
2025-10-17 14:35:00,51.99,52.045,51.92,52.01,751838.0
2025-10-17 14:40:00,52.0,52.0899,51.985,51.99,699064.0
2025-10-17 14:45:00,51.99,52.0899,51.98,52.03,363604.0
2025-10-17 14:50:00,52.03,52.06,51.98,51.98,504954.0
2025-10-17 14:55:00,51.985,51.985,51.88,51.89,431092.0
2025-10-17 15:00:00,51.895,52.05,51.88,52.03,658621.0
2025-10-17 15:05:00,52.03,52.09,52.0,52.005,541799.0
2025-10-17 15:10:00,52.01,52.055,51.921,51.921,398222.0
2025-10-17 15:15:00,51.92,51.9756,51.91,51.915,420839.0
2025-10-17 15:20:00,51.915,51.95,51.9,51.915,453235.0
2025-10-17 15:25:00,51.92,52.01,51.89,51.995,476259.0
2025-10-17 15:30:00,51.9997,52.03,51.955,51.975,399644.0
2025-10-17 15:35:00,51.975,52.04,51.915,52.03,710620.0
2025-10-17 15:40:00,52.025,52.07,51.98,52.03,330604.0
2025-10-17 15:45:00,52.025,52.09,52.0,52.075,327250.0
2025-10-17 15:50:00,52.075,52.1,52.05,52.055,462421.0
2025-10-17 15:55:00,52.055,52.16,52.045,52.12,482859.0
2025-10-17 16:00:00,52.13,52.185,52.1144,52.16,412203.0
2025-10-20 09:50:00,52.35,52.37,52.35,52.35,2029.0
2025-10-20 10:05:00,52.35,52.35,52.35,52.35,299.0
2025-10-20 10:10:00,52.37,52.37,52.37,52.37,176.0
2025-10-20 10:15:00,52.37,52.37,52.37,52.37,150.0
2025-10-20 10:30:00,52.39,52.39,52.39,52.39,250.0
2025-10-20 10:35:00,52.37,52.37,52.37,52.37,153.0
2025-10-20 10:40:00,52.41,52.41,52.41,52.41,100.0
2025-10-20 10:45:00,52.34,52.34,52.31,52.32,6703.0
2025-10-20 10:50:00,52.35,52.35,52.34,52.35,3128.0
2025-10-20 10:55:00,52.34,52.34,52.34,52.34,160.0
2025-10-20 11:00:00,52.33,52.34,52.31,52.33,72771.0
2025-10-20 11:05:00,52.32,52.33,52.32,52.33,5233.0
2025-10-20 11:10:00,52.34,52.34,52.34,52.34,871.0
2025-10-20 11:15:00,52.33,52.33,52.33,52.33,2229.0
2025-10-20 11:20:00,52.35,52.39,52.35,52.36,8476.0
2025-10-20 11:25:00,52.37,52.37,52.37,52.37,111.0
2025-10-20 11:40:00,52.35,52.37,52.34,52.37,1108.0
2025-10-20 11:50:00,52.38,52.38,52.38,52.38,100.0
2025-10-20 11:55:00,52.38,52.39,52.38,52.39,3561.0
2025-10-20 12:00:00,52.34,52.48,52.32,52.39,16876.0
2025-10-20 12:05:00,52.38,52.38,52.38,52.38,1082.0
2025-10-20 12:10:00,52.3789,52.38,52.3789,52.38,479.0
2025-10-20 12:15:00,52.38,52.38,52.38,52.38,149.0
2025-10-20 12:20:00,52.39,52.39,52.39,52.39,2201.0
2025-10-20 12:25:00,52.38,52.38,52.38,52.38,100.0
2025-10-20 12:35:00,52.37,52.39,52.37,52.39,1150.0
2025-10-20 12:40:00,52.39,52.39,52.39,52.39,150.0
2025-10-20 12:45:00,52.4,52.45,52.4,52.44,18105.0
2025-10-20 12:50:00,52.45,52.45,52.4303,52.4303,4274.0
2025-10-20 12:55:00,52.4325,52.4489,52.43,52.4489,2041.0
2025-10-20 13:00:00,52.44,52.45,52.44,52.45,1571.0
2025-10-20 13:10:00,52.4425,52.4425,52.4425,52.4425,1020.0
2025-10-20 13:15:00,52.45,52.45,52.45,52.45,768.0
2025-10-20 13:20:00,52.46,52.48,52.44,52.44,4514.0
2025-10-20 13:25:00,52.45,52.46,52.36,52.36,5239.0
2025-10-20 13:30:00,52.36,52.45,52.29,52.35,852567.0
2025-10-20 13:35:00,52.3501,52.39,52.31,52.34,723685.0
2025-10-20 13:40:00,52.35,52.44,52.32,52.405,534634.0
2025-10-20 13:45:00,52.405,52.52,52.405,52.455,450123.0
2025-10-20 13:50:00,52.455,52.5,52.42,52.4701,460390.0
2025-10-20 13:55:00,52.47,52.47,52.36,52.3701,513330.0
2025-10-20 14:00:00,52.375,52.47,52.37,52.455,1155452.0
2025-10-20 14:05:00,52.455,52.505,52.415,52.505,716713.0
2025-10-20 14:10:00,52.51,52.525,52.48,52.495,517913.0
2025-10-20 14:15:00,52.495,52.5,52.38,52.3988,479709.0
2025-10-20 14:20:00,52.395,52.44,52.38,52.44,487501.0
2025-10-20 14:25:00,52.44,52.4956,52.44,52.47,453076.0
2025-10-20 14:30:00,52.47195,52.5699,52.47,52.545,614948.0
2025-10-20 14:35:00,52.55,52.67,52.544,52.66,1322893.0
2025-10-20 14:40:00,52.66,52.7175,52.64,52.705,1667414.0
2025-10-20 14:45:00,52.7,52.75,52.7,52.725,564410.0
2025-10-20 14:50:00,52.73,52.74,52.69,52.7,335534.0
2025-10-20 14:55:00,52.7,52.72,52.69,52.695,230209.0
2025-10-20 15:00:00,52.7,52.705,52.64,52.6567,312272.0
2025-10-20 15:05:00,52.65,52.65,52.61,52.6491,409040.0
2025-10-20 15:10:00,52.6401,52.66,52.57,52.5801,249780.0
2025-10-20 15:15:00,52.58,52.63,52.575,52.63,216103.0
2025-10-20 15:20:00,52.625,52.66,52.62,52.66,451173.0
2025-10-20 15:25:00,52.66,52.675,52.643774,52.665,152015.0
2025-10-20 15:30:00,52.665,52.68,52.64,52.645,324742.0
2025-10-20 15:35:00,52.64,52.66,52.63,52.64,262442.0
2025-10-20 15:40:00,52.635,52.66,52.625,52.655,102292.0
2025-10-20 15:45:00,52.65,52.69,52.65,52.675,203073.0
2025-10-20 15:50:00,52.675,52.68,52.59,52.61,943289.0
2025-10-20 15:55:00,52.61,52.62,52.575,52.6,1082629.0
2025-10-20 16:00:00,52.61,52.615,52.58,52.61,325780.0
2025-10-21 09:30:00,52.75,52.75,52.74,52.74,353.0
2025-10-21 09:55:00,52.75,52.76,52.75,52.76,636.0
2025-10-21 10:00:00,52.75,52.75,52.75,52.75,119.0
2025-10-21 10:20:00,52.75,52.75,52.75,52.75,755.0
2025-10-21 10:30:00,52.77,52.77,52.77,52.77,1345.0
2025-10-21 10:35:00,52.75,52.75,52.75,52.75,2056.0
2025-10-21 10:45:00,52.75,52.75,52.75,52.75,213.0
2025-10-21 10:50:00,52.75,52.76,52.75,52.76,362.0
2025-10-21 10:55:00,52.74,52.74,52.74,52.74,890.0
2025-10-21 11:00:00,52.75,52.75,52.73,52.74,1043.0
2025-10-21 11:05:00,52.74,52.74,52.72,52.72,10408.0
2025-10-21 11:10:00,52.75,52.76,52.75,52.76,1318.0
2025-10-21 11:15:00,52.78,52.81,52.77,52.77,5109.0
2025-10-21 11:20:00,52.77,52.77,52.77,52.77,206.0
2025-10-21 11:25:00,52.77,52.77,52.77,52.77,110.0
2025-10-21 11:30:00,52.76,52.77,52.76,52.77,1977.0
2025-10-21 11:35:00,52.74,52.74,52.74,52.74,163.0
2025-10-21 11:50:00,52.75,52.75,52.72,52.73,1582.0
2025-10-21 11:55:00,52.74,52.74,52.74,52.74,100.0
2025-10-21 12:00:00,52.7203,52.81,52.7203,52.76,8819.0
2025-10-21 12:10:00,52.78,52.78,52.78,52.78,201.0
2025-10-21 12:15:00,52.76,52.76,52.76,52.76,205.0
2025-10-21 12:20:00,52.77,52.8,52.75,52.77,12924.0
2025-10-21 12:25:00,52.78,52.78,52.76,52.76,1427.0
2025-10-21 12:35:00,52.7425,52.7425,52.7425,52.7425,100.0
2025-10-21 12:40:00,52.76,52.76,52.76,52.76,1000.0
2025-10-21 12:45:00,52.76,52.76,52.75,52.75,907.0
2025-10-21 12:50:00,52.75,52.75,52.75,52.75,1000.0
2025-10-21 12:55:00,52.76,52.77,52.76,52.77,365.0
2025-10-21 13:00:00,52.74,52.74,52.74,52.74,2357.0
2025-10-21 13:05:00,52.7494,52.7494,52.69,52.71,452.0
2025-10-21 13:10:00,52.68,52.69,52.68,52.69,1432.0
2025-10-21 13:20:00,52.71,52.72,52.7,52.72,2141.0
2025-10-21 13:25:00,52.73,52.74,52.65,52.65,1878.0
2025-10-21 13:30:00,52.655,52.89,52.655,52.84,930859.0
2025-10-21 13:35:00,52.83,52.91,52.82,52.895,640214.0
2025-10-21 13:40:00,52.895,52.905,52.845,52.8935,570439.0
2025-10-21 13:45:00,52.895,52.94,52.8746,52.93,695788.0
2025-10-21 13:50:00,52.93,52.96,52.885,52.955,299164.0
2025-10-21 13:55:00,52.96,52.97,52.88,52.92,353821.0
2025-10-21 14:00:00,52.92,52.9365,52.87,52.895,366868.0
2025-10-21 14:05:00,52.9,52.94,52.865,52.9,1296164.0
2025-10-21 14:10:00,52.9075,52.955,52.895,52.905,320483.0
2025-10-21 14:15:00,52.91,52.915,52.86,52.9,630519.0
2025-10-21 14:20:00,52.9,52.995,52.8907,52.975,356875.0
2025-10-21 14:25:00,52.97,52.98,52.905,52.91,603619.0
2025-10-21 14:30:00,52.905,52.95,52.9,52.9499,617347.0
2025-10-21 14:35:00,52.95,52.98,52.93,52.975,656353.0
2025-10-21 14:40:00,52.98,53.005,52.95,52.955,394558.0
2025-10-21 14:45:00,52.96,52.99,52.9401,52.98,265674.0
2025-10-21 14:50:00,52.98,53.025,52.98,53.02,240021.0
2025-10-21 14:55:00,53.015,53.05,53.01,53.05,313171.0
2025-10-21 15:00:00,53.045,53.1,53.04,53.1,410378.0
2025-10-21 15:05:00,53.095,53.1265,53.08,53.085,271949.0
2025-10-21 15:10:00,53.085,53.09,53.06,53.07,390856.0
2025-10-21 15:15:00,53.07,53.07,53.0,53.015,326456.0
2025-10-21 15:20:00,53.015,53.015,52.97,52.975,410395.0
2025-10-21 15:25:00,52.9756,52.98,52.935,52.965,424935.0
2025-10-21 15:30:00,52.965,52.985,52.945,52.96,275906.0
2025-10-21 15:35:00,52.955,52.96,52.92,52.96,318988.0
2025-10-21 15:40:00,52.96,53.0,52.955,52.995,245947.0
2025-10-21 15:45:00,53.0,53.0053,52.98,52.99,300132.0
2025-10-21 15:50:00,52.99,52.9961,52.955,52.955,400098.0
2025-10-21 15:55:00,52.95,52.96,52.92,52.935,272824.0
2025-10-21 16:00:00,52.93,52.955,52.92,52.945,204886.0
2025-10-22 09:30:00,52.81,52.84,52.81,52.84,1830.0
2025-10-22 09:35:00,52.84,52.84,52.84,52.84,812.0
2025-10-22 09:45:00,52.83,52.83,52.82,52.82,3595.0
2025-10-22 09:55:00,52.82,52.82,52.82,52.82,731.0
2025-10-22 10:15:00,52.86,52.86,52.86,52.86,380.0
2025-10-22 10:30:00,52.85,52.85,52.84,52.84,2411.0
2025-10-22 10:40:00,52.85,52.85,52.85,52.85,959.0
2025-10-22 10:55:00,52.84,52.84,52.79,52.79,3724.0
2025-10-22 11:00:00,52.8,52.8,52.8,52.8,1025.0
2025-10-22 11:05:00,52.78,52.78,52.77,52.77,918.0
2025-10-22 11:10:00,52.75,52.78,52.74,52.78,3045.0
2025-10-22 11:15:00,52.78,52.8,52.78,52.8,9418.0
2025-10-22 11:45:00,52.75,52.75,52.75,52.75,1990.0
2025-10-22 12:00:00,52.82,52.95,52.71,52.88,352894.0
2025-10-22 12:05:00,52.89,52.89,52.75,52.79,202682.0
2025-10-22 12:10:00,52.82,52.82,52.82,52.82,800.0
2025-10-22 12:15:00,52.83,52.83,52.79,52.82,9805.0
2025-10-22 12:20:00,52.8289,52.8289,52.79,52.79,4425.0
2025-10-22 12:25:00,52.79,52.79,52.75,52.75,35984.0
2025-10-22 12:30:00,52.75,52.79,52.74,52.79,23803.0
2025-10-22 12:35:00,52.78,52.78,52.78,52.78,2743.0
2025-10-22 12:40:00,52.79,52.81,52.79,52.8,2469.0
2025-10-22 12:50:00,52.82,52.84,52.82,52.83,8857.0
2025-10-22 12:55:00,52.83,52.83,52.83,52.83,148.0
2025-10-22 13:05:00,52.82,52.84,52.82,52.84,9409.0
2025-10-22 13:10:00,52.84,52.85,52.84,52.85,5775.0
2025-10-22 13:20:00,52.8501,52.8501,52.85,52.85,6479.0
2025-10-22 13:25:00,52.81,52.81,52.78,52.78,31653.0
2025-10-22 13:30:00,52.78,52.82,52.63,52.7,1456141.0
2025-10-22 13:35:00,52.695,52.745,52.6,52.72,878719.0
2025-10-22 13:40:00,52.73,52.73,52.64,52.695,584278.0
2025-10-22 13:45:00,52.695,52.71,52.615,52.67,525204.0
2025-10-22 13:50:00,52.67,52.68,52.58,52.585,573211.0
2025-10-22 13:55:00,52.585,52.61,52.5435,52.575,326392.0
2025-10-22 14:00:00,52.575,52.6199,52.51,52.6,419009.0
2025-10-22 14:05:00,52.59,52.64,52.55,52.58,595804.0
2025-10-22 14:10:00,52.58,52.59,52.55,52.57,346619.0
2025-10-22 14:15:00,52.575,52.65,52.57,52.6,507388.0
2025-10-22 14:20:00,52.605,52.605,52.54,52.545,336303.0
2025-10-22 14:25:00,52.54,52.58,52.505,52.525,464047.0
2025-10-22 14:30:00,52.525,52.56,52.49,52.52,1051843.0
2025-10-22 14:35:00,52.52,52.58,52.515,52.56,449319.0
2025-10-22 14:40:00,52.57,52.575,52.49,52.49,693084.0
2025-10-22 14:45:00,52.495,52.5,52.405,52.42,794711.0
2025-10-22 14:50:00,52.43,52.455,52.4,52.45,440372.0
2025-10-22 14:55:00,52.46,52.53,52.4532,52.525,572377.0
2025-10-22 15:00:00,52.53,52.57,52.5,52.55,3655426.0
2025-10-22 15:05:00,52.55,52.61,52.55,52.59,539041.0
2025-10-22 15:10:00,52.585,52.6,52.545,52.555,428411.0
2025-10-22 15:15:00,52.56,52.58,52.54,52.565,431695.0
2025-10-22 15:20:00,52.56,52.565,52.4334,52.5,721339.0
2025-10-22 15:25:00,52.5,52.53,52.4601,52.495,449366.0
2025-10-22 15:30:00,52.5,52.5301,52.475,52.515,441088.0
2025-10-22 15:35:00,52.52,52.575,52.51,52.56,257990.0
2025-10-22 15:40:00,52.555,52.59,52.54,52.545,575341.0
2025-10-22 15:45:00,52.54,52.57,52.53,52.54,333694.0
2025-10-22 15:50:00,52.54,52.56,52.53,52.55,285984.0
2025-10-22 15:55:00,52.56,52.5656,52.49,52.49,1301043.0
2025-10-22 16:00:00,52.495,52.5102,52.453888,52.4672,285481.0
2025-10-23 09:40:00,52.47,52.47,52.47,52.47,200.0
2025-10-23 09:45:00,52.48,52.48,52.47,52.47,369.0
2025-10-23 09:55:00,52.47,52.49,52.47,52.49,1416.0
2025-10-23 10:50:00,52.51,52.52,52.51,52.51,1516.0
2025-10-23 11:00:00,52.49,52.49,52.49,52.49,1133.0
2025-10-23 11:10:00,52.47,52.47,52.46,52.46,2573.0
2025-10-23 11:15:00,52.46,52.46,52.46,52.46,132.0
2025-10-23 11:20:00,52.48,52.48,52.48,52.48,2240.0
2025-10-23 11:30:00,52.48,52.48,52.48,52.48,1352.0
2025-10-23 11:45:00,52.45,52.45,52.45,52.45,191.0
2025-10-23 11:50:00,52.45,52.45,52.45,52.45,406.0
2025-10-23 11:55:00,52.43,52.43,52.43,52.43,1120.0
2025-10-23 12:00:00,52.54,52.54,52.4,52.4,1958.0
2025-10-23 12:10:00,52.42,52.42,52.42,52.42,766.0
2025-10-23 12:15:00,52.4001,52.41,52.4001,52.41,525.0
2025-10-23 12:20:00,52.39,52.4,52.39,52.4,3366.0
2025-10-23 12:25:00,52.43,52.43,52.41,52.41,491.0
2025-10-23 12:40:00,52.42,52.42,52.41,52.41,1110.0
2025-10-23 12:50:00,52.43,52.44,52.43,52.44,393.0
2025-10-23 12:55:00,52.45,52.46,52.45,52.46,737.0
2025-10-23 13:05:00,52.47,52.48,52.44,52.44,829.0
2025-10-23 13:10:00,52.48,52.5,52.48,52.5,12172.0
2025-10-23 13:15:00,52.5,52.51,52.49,52.51,1982.0
2025-10-23 13:20:00,52.52,52.52,52.52,52.52,1715.0
2025-10-23 13:25:00,52.58,52.63,52.58,52.63,7758.0
2025-10-23 13:30:00,52.59,52.62,52.445,52.5501,821445.0
2025-10-23 13:35:00,52.5502,52.57,52.495,52.535,889011.0
2025-10-23 13:40:00,52.53,52.54,52.475,52.525,636051.0
2025-10-23 13:45:00,52.525,52.585,52.485,52.585,678346.0
2025-10-23 13:50:00,52.59,52.625,52.52,52.55,402393.0
2025-10-23 13:55:00,52.56,52.5687,52.47,52.53,434760.0
2025-10-23 14:00:00,52.54,52.58,52.495,52.51,448199.0
2025-10-23 14:05:00,52.52,52.55,52.48,52.505,311025.0
2025-10-23 14:10:00,52.505,52.505,52.39,52.4,347566.0
2025-10-23 14:15:00,52.4,52.405,52.29,52.305,646965.0
2025-10-23 14:20:00,52.305,52.425,52.305,52.4,731162.0
2025-10-23 14:25:00,52.4,52.445,52.36,52.405,237865.0
2025-10-23 14:30:00,52.4,52.41,52.3801,52.41,208017.0
2025-10-23 14:35:00,52.415,52.48,52.41,52.46,251274.0
2025-10-23 14:40:00,52.46,52.5,52.445,52.49,240801.0
2025-10-23 14:45:00,52.4968,52.4968,52.44,52.493182,644652.0
2025-10-23 14:50:00,52.491,52.51,52.45,52.45,212747.0
2025-10-23 14:55:00,52.44,52.46,52.391,52.46,217081.0
2025-10-23 15:00:00,52.455,52.4785,52.42,52.44,141998.0
2025-10-23 15:05:00,52.435,52.47,52.4,52.41,190266.0
2025-10-23 15:10:00,52.41,52.4285,52.3701,52.385,238845.0
2025-10-23 15:15:00,52.39,52.395,52.33,52.345,213626.0
2025-10-23 15:20:00,52.34,52.38,52.315,52.37,368669.0
2025-10-23 15:25:00,52.37,52.4135,52.36,52.405,230740.0
2025-10-23 15:30:00,52.405,52.445,52.39,52.415,288820.0
2025-10-23 15:35:00,52.41,52.425,52.365,52.4,248482.0
2025-10-23 15:40:00,52.39,52.4,52.34,52.36,283658.0
2025-10-23 15:45:00,52.36,52.405,52.345,52.405,161663.0
2025-10-23 15:50:00,52.405,52.44,52.385,52.44,127180.0
2025-10-23 15:55:00,52.435,52.475,52.435,52.44,200793.0
2025-10-23 16:00:00,52.44,52.4599,52.425,52.44,225225.0
2025-10-24 09:35:00,52.65,52.65,52.65,52.65,807.0
2025-10-24 09:40:00,52.65,52.66,52.65,52.66,2145.0
2025-10-24 09:50:00,52.66,52.66,52.66,52.66,370.0
2025-10-24 09:55:00,52.65,52.65,52.65,52.65,599.0
2025-10-24 10:05:00,52.64,52.64,52.63,52.63,2396.0
2025-10-24 10:35:00,52.62,52.62,52.62,52.62,1540.0
2025-10-24 10:40:00,52.62,52.62,52.61,52.62,1434.0
2025-10-24 10:45:00,52.63,52.65,52.63,52.65,1832.0
2025-10-24 10:50:00,52.65,52.65,52.65,52.65,1000.0
2025-10-24 10:55:00,52.64,52.64,52.64,52.64,407.0
2025-10-24 11:00:00,52.63,52.63,52.63,52.63,2700.0
2025-10-24 11:10:00,52.62,52.65,52.62,52.65,1042.0
2025-10-24 11:15:00,52.65,52.65,52.64,52.64,230.0
2025-10-24 11:20:00,52.63,52.63,52.63,52.63,400.0
2025-10-24 11:30:00,52.63,52.64,52.63,52.64,3190.0
2025-10-24 11:45:00,52.65,52.65,52.65,52.65,941.0
2025-10-24 11:50:00,52.65,52.65,52.65,52.65,104.0
2025-10-24 11:55:00,52.66,52.67,52.66,52.67,1143.0
2025-10-24 12:00:00,52.7,52.71,52.57,52.66,2134.0
2025-10-24 12:10:00,52.66,52.68,52.66,52.68,285.0
2025-10-24 12:15:00,52.65,52.65,52.65,52.65,110.0
2025-10-24 12:25:00,52.6676,52.6676,52.6676,52.6676,1900.0
2025-10-24 12:30:00,52.69,53.03,52.69,52.85,40552.0
2025-10-24 12:35:00,52.85,52.85,52.78,52.78,21915.0
2025-10-24 12:40:00,52.79,52.8,52.73,52.77,27531.0
2025-10-24 12:45:00,52.77,52.79,52.7616,52.77,8029.0
2025-10-24 12:50:00,52.77,52.77,52.76,52.76,8874.0
2025-10-24 12:55:00,52.76,52.77,52.75,52.76,5282.0
2025-10-24 13:00:00,52.76,52.78,52.76,52.78,2395.0
2025-10-24 13:05:00,52.8,52.8,52.78,52.78,5203.0
2025-10-24 13:10:00,52.79,52.81,52.79,52.79,4135.0
2025-10-24 13:15:00,52.8,52.8,52.8,52.8,317.0
2025-10-24 13:25:00,52.79,52.85,52.79,52.85,47355.0
2025-10-24 13:30:00,52.85,52.99,52.805,52.935,1771843.0
2025-10-24 13:35:00,52.94,53.1,52.935,53.05,686677.0
2025-10-24 13:40:00,53.06,53.065,52.975,53.06,578828.0
2025-10-24 13:45:00,53.055,53.135,53.055,53.1002,564187.0
2025-10-24 13:50:00,53.1,53.19,53.065,53.148,380881.0
2025-10-24 13:55:00,53.14,53.165,53.12,53.155,343120.0
2025-10-24 14:00:00,53.16,53.18,53.115,53.1518,496127.0
2025-10-24 14:05:00,53.16,53.195,53.135,53.18,654233.0
2025-10-24 14:10:00,53.18,53.2,53.16,53.16,365258.0
2025-10-24 14:15:00,53.155,53.16,53.11,53.12,233650.0
2025-10-24 14:20:00,53.125,53.14,53.08,53.12,224235.0
2025-10-24 14:25:00,53.12,53.135,53.06,53.065,248048.0
2025-10-24 14:30:00,53.065,53.075,53.03,53.055,282018.0
2025-10-24 14:35:00,53.055,53.11,53.025,53.11,315586.0
2025-10-24 14:40:00,53.105,53.14,53.095,53.105,454784.0
2025-10-24 14:45:00,53.1,53.13,53.1,53.1256,216436.0
2025-10-24 14:50:00,53.125,53.125,53.095,53.1146,249780.0
2025-10-24 14:55:00,53.11,53.1163,53.07,53.11,265901.0
2025-10-24 15:00:00,53.11,53.13,53.09,53.115,340340.0
2025-10-24 15:05:00,53.115,53.1756,53.11,53.17,218584.0
2025-10-24 15:10:00,53.17,53.172173,53.135,53.17,240920.0
2025-10-24 15:15:00,53.165,53.2,53.16,53.1862,214849.0
2025-10-24 15:20:00,53.18,53.225,53.18,53.22,494637.0
2025-10-24 15:25:00,53.215,53.22,53.19,53.22,400824.0
2025-10-24 15:30:00,53.215,53.23,53.21,53.21,177856.0
2025-10-24 15:35:00,53.21,53.23,53.19,53.22,226260.0
2025-10-24 15:40:00,53.2135,53.24,53.2,53.205,249844.0
2025-10-24 15:45:00,53.205,53.24,53.175,53.2255,638552.0
2025-10-24 15:50:00,53.23,53.25,53.22,53.23,201259.0
2025-10-24 15:55:00,53.23,53.23,53.2,53.205,174120.0
2025-10-24 16:00:00,53.21,53.24,53.21,53.2241,202571.0
2025-10-27 09:30:00,53.4,53.4,53.38,53.38,2024.0
2025-10-27 09:40:00,53.4,53.4,53.4,53.4,1429.0
2025-10-27 09:45:00,53.4,53.41,53.4,53.41,1401.0
2025-10-27 10:10:00,53.41,53.41,53.4,53.4,1628.0
2025-10-27 10:15:00,53.385,53.385,53.385,53.385,100.0
2025-10-27 10:25:00,53.38,53.39,53.36,53.37,4603.0
2025-10-27 10:30:00,53.37,53.38,53.37,53.38,801.0
2025-10-27 10:40:00,53.395,53.395,53.395,53.395,102.0
2025-10-27 10:45:00,53.395,53.41,53.39,53.41,1063.0
2025-10-27 10:50:00,53.425,53.425,53.425,53.425,400.0
2025-10-27 11:00:00,53.41,53.41,53.39,53.39,1308.0
2025-10-27 11:10:00,53.38,53.39,53.37,53.37,2938.0
2025-10-27 11:20:00,53.36,53.36,53.36,53.36,198.0
2025-10-27 11:30:00,53.36,53.37,53.34,53.35,5637.0
2025-10-27 11:35:00,53.34,53.34,53.34,53.34,320.0
2025-10-27 12:00:00,53.4099,53.52,53.352,53.4,3915.0
2025-10-27 12:05:00,53.35,53.35,53.33,53.35,906.0
2025-10-27 12:10:00,53.37,53.37,53.37,53.37,4464.0
2025-10-27 12:20:00,53.35,53.35,53.33,53.335,3652.0
2025-10-27 12:25:00,53.35,53.35,53.35,53.35,300.0
2025-10-27 12:30:00,53.35,53.35,53.33,53.33,2340.0
2025-10-27 12:35:00,53.325,53.325,53.325,53.325,200.0
2025-10-27 12:40:00,53.32,53.32,53.32,53.32,234.0
2025-10-27 12:55:00,53.36,53.37,53.35,53.37,851.0
2025-10-27 13:00:00,53.36,53.36,53.34,53.3499,2227.0
2025-10-27 13:10:00,53.37,53.38,53.37,53.37,7178.0
2025-10-27 13:15:00,53.37,53.39,53.36,53.36,13246.0
2025-10-27 13:25:00,53.35,53.38,53.32,53.35,156321.0
2025-10-27 13:30:00,53.37,53.425,53.275,53.415,790246.0
2025-10-27 13:35:00,53.415,53.415,53.32,53.355,430876.0
2025-10-27 13:40:00,53.355,53.3558,53.285,53.32,363122.0
2025-10-27 13:45:00,53.32,53.34,53.2554,53.305,384483.0
2025-10-27 13:50:00,53.305,53.39,53.2801,53.36,1003878.0
2025-10-27 13:55:00,53.36,53.38,53.34,53.355,863417.0
2025-10-27 14:00:00,53.36,53.365,53.29,53.3325,503424.0
2025-10-27 14:05:00,53.33,53.38,53.3201,53.36,351165.0
2025-10-27 14:10:00,53.36,53.365,53.3101,53.355,246219.0
2025-10-27 14:15:00,53.36,53.375,53.32,53.3399,265013.0
2025-10-27 14:20:00,53.34,53.375,53.325,53.365,256278.0
2025-10-27 14:25:00,53.36,53.385,53.335,53.36,189218.0
2025-10-27 14:30:00,53.365,53.38,53.325,53.3501,162888.0
2025-10-27 14:35:00,53.355,53.385,53.34,53.34,157608.0
2025-10-27 14:40:00,53.345,53.37,53.33,53.37,136608.0
2025-10-27 14:45:00,53.365,53.375,53.33,53.3342,192561.0
2025-10-27 14:50:00,53.335,53.34,53.295,53.305,1182705.0
2025-10-27 14:55:00,53.3,53.325,53.29,53.325,176834.0
2025-10-27 15:00:00,53.325,53.325,53.28,53.3098,256692.0
2025-10-27 15:05:00,53.305,53.306079,53.25,53.265,203937.0
2025-10-27 15:10:00,53.27,53.285,53.25,53.27,197713.0
2025-10-27 15:15:00,53.27,53.27,53.225,53.265,222641.0
2025-10-27 15:20:00,53.26,53.275,53.255,53.265,122664.0
2025-10-27 15:25:00,53.265,53.31,53.26,53.305,166764.0
2025-10-27 15:30:00,53.31,53.3299,53.29,53.3056,1346710.0
2025-10-27 15:35:00,53.305,53.31,53.2758,53.305,169197.0
2025-10-27 15:40:00,53.305,53.3256,53.3,53.305,172245.0
2025-10-27 15:45:00,53.3,53.31,53.265,53.265,328063.0
2025-10-27 15:50:00,53.265,53.285,53.26,53.285,194270.0
2025-10-27 15:55:00,53.2842,53.315,53.2842,53.315,115053.0
2025-10-27 16:00:00,53.31,53.33,53.3,53.3102,181463.0
2025-10-28 09:30:00,53.23,53.24,53.23,53.24,1532.0
2025-10-28 09:50:00,53.26,53.27,53.24,53.26,37583.0
2025-10-28 09:55:00,53.26,53.28,53.24,53.25,18401.0
2025-10-28 10:00:00,53.24,53.26,53.24,53.24,11289.0
2025-10-28 10:05:00,53.25,53.25,53.22,53.22,1899.0
2025-10-28 10:10:00,53.21,53.21,53.21,53.21,698.0
2025-10-28 10:15:00,53.24,53.29,53.24,53.26,6007.0
2025-10-28 10:20:00,53.28,53.28,53.28,53.28,285.0
2025-10-28 10:30:00,53.25,53.35,53.24,53.28,5680.0
2025-10-28 10:50:00,53.28,53.3,53.28,53.28,5388.0
2025-10-28 10:55:00,53.27,53.27,53.27,53.27,1000.0
2025-10-28 11:00:00,53.28,53.32,53.27,53.32,4898.0
2025-10-28 11:05:00,53.3,53.3,53.3,53.3,110.0
2025-10-28 11:10:00,53.31,53.31,53.31,53.31,902.0
2025-10-28 11:15:00,53.32,53.32,53.31,53.32,1185.0
2025-10-28 11:20:00,53.34,53.34,53.34,53.34,100.0
2025-10-28 11:25:00,53.33,53.33,53.31,53.31,553.0
2025-10-28 11:30:00,53.31,53.32,53.3,53.31,36512.0
2025-10-28 11:35:00,53.3,53.31,53.3,53.31,26598.0
2025-10-28 11:40:00,53.31,53.33,53.31,53.33,4746.0
2025-10-28 11:50:00,53.35,53.35,53.35,53.35,163.0
2025-10-28 11:55:00,53.34,53.34,53.33,53.33,2574.0
2025-10-28 12:00:00,53.34,53.35,53.27,53.35,5520.0
2025-10-28 12:05:00,53.35,53.35,53.34,53.34,1700.0
2025-10-28 12:10:00,53.37,53.38,53.36,53.37,1251.0
2025-10-28 12:15:00,53.36,53.36,53.35,53.35,1523.0
2025-10-28 12:25:00,53.36,53.36,53.36,53.36,400.0
2025-10-28 12:30:00,53.35,53.35,53.34,53.34,1269.0
2025-10-28 12:40:00,53.3498,53.3498,53.3498,53.3498,800.0
2025-10-28 12:45:00,53.34,53.35,53.34,53.35,308.0
2025-10-28 12:50:00,53.35,53.35,53.33,53.34,4206.0
2025-10-28 12:55:00,53.33,53.33,53.33,53.33,131.0
2025-10-28 13:00:00,53.33,53.33,53.27,53.27,19733.0
2025-10-28 13:05:00,53.28,53.3,53.27,53.3,3048.0
2025-10-28 13:10:00,53.3,53.3,53.3,53.3,762.0
2025-10-28 13:15:00,53.34,53.36,53.34,53.34,16803.0
2025-10-28 13:25:00,53.3,53.34,53.3,53.34,632.0
2025-10-28 13:30:00,53.33,53.335,53.14,53.275,1442498.0
2025-10-28 13:35:00,53.285,53.335,53.235,53.25,1050801.0
2025-10-28 13:40:00,53.255,53.27,53.15,53.1507,585562.0
2025-10-28 13:45:00,53.15,53.175,53.11,53.17,588111.0
2025-10-28 13:50:00,53.17,53.22,53.125,53.2,550392.0
2025-10-28 13:55:00,53.2,53.265,53.185,53.185,929300.0
2025-10-28 14:00:00,53.185,53.25,53.17,53.235,417986.0
2025-10-28 14:05:00,53.24,53.25,53.185,53.235,288381.0
2025-10-28 14:10:00,53.23,53.255,53.19,53.22,218766.0
2025-10-28 14:15:00,53.215,53.265,53.205,53.255,216459.0
2025-10-28 14:20:00,53.26,53.3366,53.26,53.335,155486.0
2025-10-28 14:25:00,53.33,53.365,53.33,53.35,1685468.0
2025-10-28 14:30:00,53.345,53.385,53.345,53.38,316938.0
2025-10-28 14:35:00,53.385,53.4,53.3541,53.365,283699.0
2025-10-28 14:40:00,53.36,53.36,53.34,53.35,154842.0
2025-10-28 14:45:00,53.35,53.3632,53.33,53.35,229038.0
2025-10-28 14:50:00,53.345,53.366,53.3,53.3,225784.0
2025-10-28 14:55:00,53.305,53.3099,53.23,53.255,379984.0
2025-10-28 15:00:00,53.255,53.265,53.225,53.225,246677.0
2025-10-28 15:05:00,53.23,53.27,53.22,53.25,364812.0
2025-10-28 15:10:00,53.26,53.26,53.235,53.255,213089.0
2025-10-28 15:15:00,53.2548,53.29,53.2511,53.285,267530.0
2025-10-28 15:20:00,53.2842,53.285,53.2242,53.2242,155734.0
2025-10-28 15:25:00,53.225,53.23,53.17,53.2051,228697.0
2025-10-28 15:30:00,53.2091,53.225,53.19,53.195,290679.0
2025-10-28 15:35:00,53.195,53.2,53.16,53.16,1208176.0
2025-10-28 15:40:00,53.165,53.1665,53.105,53.115,710812.0
2025-10-28 15:45:00,53.115,53.12,53.05,53.085,409045.0
2025-10-28 15:50:00,53.08,53.135,53.08,53.1159,376174.0
2025-10-28 15:55:00,53.115,53.115,53.0801,53.085,389613.0
2025-10-28 16:00:00,53.08,53.1163,53.08,53.0953,230049.0
2025-10-29 09:40:00,52.84,52.85,52.82,52.82,3126.0
2025-10-29 09:45:00,52.82,52.82,52.82,52.82,945.0
2025-10-29 10:15:00,52.85,52.85,52.85,52.85,783.0
2025-10-29 10:40:00,52.84,52.85,52.84,52.85,1890.0
2025-10-29 10:45:00,52.86,52.86,52.85,52.85,2016.0
2025-10-29 10:50:00,52.85,52.86,52.85,52.85,11044.0
2025-10-29 10:55:00,52.85,52.85,52.84,52.84,7866.0
2025-10-29 11:00:00,52.84,52.85,52.75,52.75,39917.0
2025-10-29 11:05:00,52.76,52.76,52.75,52.75,1286.0
2025-10-29 11:15:00,52.74,52.76,52.72,52.75,62769.0
2025-10-29 11:20:00,52.76,52.78,52.71,52.71,59997.0
2025-10-29 11:25:00,52.73,52.74,52.73,52.73,2075.0
2025-10-29 11:30:00,52.73,52.74,52.73,52.74,1769.0
2025-10-29 11:35:00,52.73,52.73,52.73,52.73,505.0
2025-10-29 11:40:00,52.72,52.74,52.72,52.72,7511.0
2025-10-29 11:50:00,52.725,52.725,52.7,52.71,3715.0
2025-10-29 11:55:00,52.7,52.71,52.68,52.68,14693.0
2025-10-29 12:00:00,52.68,53.01,52.66,52.66,19658.0
2025-10-29 12:05:00,52.66,52.66,52.63,52.65,10153.0
2025-10-29 12:10:00,52.64,52.65,52.64,52.65,600.0
2025-10-29 12:15:00,52.64,52.64,52.639,52.64,6353.0
2025-10-29 12:20:00,52.63,52.63,52.6,52.62,9992.0
2025-10-29 12:25:00,52.62,52.62,52.6,52.6,3138.0
2025-10-29 12:30:00,52.6,52.61,52.6,52.6,2705.0
2025-10-29 12:35:00,52.6,52.6,52.57,52.57,3769.0
2025-10-29 12:40:00,52.57,52.58,52.55,52.55,6095.0
2025-10-29 12:45:00,52.58,52.6,52.57,52.57,18246.0
2025-10-29 12:50:00,52.56,52.57,52.56,52.56,8028.0
2025-10-29 12:55:00,52.56,52.58,52.56,52.56,11038.0
2025-10-29 13:00:00,52.59,52.6,52.59,52.59,8269.0
2025-10-29 13:05:00,52.6,52.61,52.58,52.58,5296.0
2025-10-29 13:10:00,52.58,52.6,52.57,52.6,9069.0
2025-10-29 13:15:00,52.61,52.61,52.6,52.6,1567.0
2025-10-29 13:20:00,52.61,52.66,52.61,52.63,65371.0
2025-10-29 13:25:00,52.63,52.63,52.42,52.42,11694.0
2025-10-29 13:30:00,52.45,52.45,52.27,52.32,2351814.0
2025-10-29 13:35:00,52.315,52.46,52.26,52.43,1143575.0
2025-10-29 13:40:00,52.44,52.545,52.43,52.5406,942264.0
2025-10-29 13:45:00,52.54,52.56,52.44,52.45,772859.0
2025-10-29 13:50:00,52.455,52.575,52.455,52.565,718655.0
2025-10-29 13:55:00,52.56,52.57,52.505,52.505,838137.0
2025-10-29 14:00:00,52.51,52.515,52.425,52.45,722637.0
2025-10-29 14:05:00,52.445,52.4756,52.38,52.435,806377.0
2025-10-29 14:10:00,52.44,52.45,52.38,52.39,571082.0
2025-10-29 14:15:00,52.39,52.42,52.37,52.385,500450.0
2025-10-29 14:20:00,52.385,52.45,52.37,52.415,668279.0
2025-10-29 14:25:00,52.415,52.42,52.32,52.3401,587374.0
2025-10-29 14:30:00,52.345,52.3551,52.27,52.275,571667.0
2025-10-29 14:35:00,52.275,52.315,52.25,52.29,530450.0
2025-10-29 14:40:00,52.285,52.33,52.285,52.305,445697.0
2025-10-29 14:45:00,52.305,52.38,52.305,52.345,344274.0
2025-10-29 14:50:00,52.345,52.395,52.32,52.375,436900.0
2025-10-29 14:55:00,52.375,52.43,52.36,52.4251,487936.0
2025-10-29 15:00:00,52.425,52.43,52.3817,52.405,483886.0
2025-10-29 15:05:00,52.41,52.465,52.4,52.455,533213.0
2025-10-29 15:10:00,52.45,52.5,52.45,52.4935,347583.0
2025-10-29 15:15:00,52.495,52.5,52.47,52.47,659100.0
2025-10-29 15:20:00,52.475,52.475,52.415,52.455,1460325.0
2025-10-29 15:25:00,52.455,52.47,52.393909,52.395,318977.0
2025-10-29 15:30:00,52.4,52.44,52.39,52.425,486201.0
2025-10-29 15:35:00,52.42,52.46,52.42,52.455,395921.0
2025-10-29 15:40:00,52.455,52.495,52.4501,52.495,380553.0
2025-10-29 15:45:00,52.495,52.5299,52.49,52.515,365970.0
2025-10-29 15:50:00,52.51,52.515,52.48,52.5,400042.0
2025-10-29 15:55:00,52.5,52.51,52.45,52.455,417502.0
2025-10-29 16:00:00,52.4585,52.46,52.42,52.425,468376.0
2025-10-30 09:30:00,52.05,52.06,52.05,52.06,398.0
2025-10-30 09:45:00,52.05,52.05,52.01,52.01,806.0
2025-10-30 09:55:00,52.03,52.03,52.03,52.03,1170.0
2025-10-30 10:00:00,52.05,52.05,52.05,52.05,943.0
2025-10-30 10:10:00,52.09,52.1,52.08,52.08,3892.0
2025-10-30 10:15:00,52.08,52.08,52.07,52.07,871.0
2025-10-30 10:20:00,52.08,52.08,52.06,52.06,1414.0
2025-10-30 10:25:00,52.05,52.05,52.04,52.04,1297.0
2025-10-30 10:35:00,52.01,52.01,52.01,52.01,669.0
2025-10-30 10:40:00,52.01,52.01,52.01,52.01,1002.0
2025-10-30 10:45:00,52.07,52.07,52.07,52.07,409.0
2025-10-30 10:50:00,52.07,52.07,52.07,52.07,896.0
2025-10-30 11:00:00,52.09,52.1,52.06,52.06,2661.0
2025-10-30 11:05:00,52.08,52.08,52.08,52.08,230.0
2025-10-30 11:10:00,52.08,52.08,52.08,52.08,2048.0
2025-10-30 11:20:00,52.12,52.13,52.12,52.13,1936.0
2025-10-30 11:25:00,52.15,52.15,52.15,52.15,889.0
2025-10-30 11:30:00,52.13,52.13,52.11,52.11,3024.0
2025-10-30 11:45:00,52.09,52.09,52.09,52.09,1145.0
2025-10-30 11:50:00,52.08,52.09,52.06,52.06,3009.0
2025-10-30 11:55:00,52.08,52.08,52.08,52.08,153.0
2025-10-30 12:00:00,52.11,52.34,52.02,52.04,18205.0
2025-10-30 12:05:00,52.05,52.06,52.01,52.01,1721.0
2025-10-30 12:10:00,52.03,52.04,51.99,52.0,4223.0
2025-10-30 12:15:00,51.98,52.01,51.98,52.01,212.0
2025-10-30 12:20:00,52.01,52.035,51.97,51.97,14509.0
2025-10-30 12:25:00,51.97,51.98,51.93,51.93,6275.0
2025-10-30 12:30:00,52.05,52.05,52.05,52.05,453.0
2025-10-30 12:35:00,51.98,52.04,51.98,52.04,30695.0
2025-10-30 12:40:00,52.03,52.04,52.02,52.03,4730.0
2025-10-30 12:45:00,52.0,52.0,52.0,52.0,450.0
2025-10-30 12:50:00,52.01,52.09,52.01,52.06,25820.0
2025-10-30 12:55:00,52.06,52.07,52.01,52.01,1267.0
2025-10-30 13:00:00,52.03,52.04,52.01,52.01,1139.0
2025-10-30 13:05:00,52.06,52.12,52.04,52.1,4795.0
2025-10-30 13:10:00,52.14,52.15,52.11,52.12,7434.0
2025-10-30 13:15:00,52.11,52.14,52.1,52.11,19487.0
2025-10-30 13:20:00,52.1,52.11,52.09,52.11,19445.0
2025-10-30 13:25:00,52.1,52.1,52.01,52.03,21951.0
2025-10-30 13:30:00,52.02,52.37,52.015,52.34,2203228.0
2025-10-30 13:35:00,52.334,52.41,52.25,52.385,1738911.0
2025-10-30 13:40:00,52.375,52.41,52.26,52.375,1954407.0
2025-10-30 13:45:00,52.375,52.54,52.37,52.505,2123055.0
2025-10-30 13:50:00,52.505,52.64,52.47,52.62,1473555.0
2025-10-30 13:55:00,52.615,52.625,52.51,52.545,778885.0
2025-10-30 14:00:00,52.54,52.57,52.455,52.47,1033180.0
2025-10-30 14:05:00,52.47,52.54,52.46,52.49,757229.0
2025-10-30 14:10:00,52.48,52.57,52.45,52.525,763022.0
2025-10-30 14:15:00,52.5242,52.56,52.475,52.52,640333.0
2025-10-30 14:20:00,52.52,52.62,52.495,52.585,810659.0
2025-10-30 14:25:00,52.585,52.61,52.54,52.57,571882.0
2025-10-30 14:30:00,52.56,52.655,52.56,52.645,583559.0
2025-10-30 14:35:00,52.645,52.75,52.635,52.705,622828.0
2025-10-30 14:40:00,52.71,52.775,52.71,52.7166,738545.0
2025-10-30 14:45:00,52.715,52.74,52.66,52.695,462915.0
2025-10-30 14:50:00,52.7,52.74,52.655,52.74,582023.0
2025-10-30 14:55:00,52.74,52.8,52.73,52.7593,625598.0
2025-10-30 15:00:00,52.76,52.82,52.76,52.805,1094351.0
2025-10-30 15:05:00,52.8001,52.82,52.75,52.785,1026842.0
2025-10-30 15:10:00,52.785,52.81,52.755,52.795,483333.0
2025-10-30 15:15:00,52.79,52.82,52.765,52.795,636950.0
2025-10-30 15:20:00,52.795,52.81,52.745,52.765,625711.0
2025-10-30 15:25:00,52.765,52.765,52.68,52.6866,430948.0
2025-10-30 15:30:00,52.68,52.705,52.665,52.7,423444.0
2025-10-30 15:35:00,52.695,52.6951,52.61,52.61,385479.0
2025-10-30 15:40:00,52.615,52.6159,52.5537,52.565,504240.0
2025-10-30 15:45:00,52.565,52.59,52.545,52.57,518209.0
2025-10-30 15:50:00,52.57,52.61,52.56,52.61,311557.0
2025-10-30 15:55:00,52.6,52.665,52.585,52.605,339177.0
2025-10-30 16:00:00,52.605,52.635,52.59,52.625,529990.0
2025-10-31 09:40:00,52.05,52.05,52.05,52.05,1152.0
2025-10-31 09:45:00,52.06,52.06,52.05,52.05,1254.0
2025-10-31 09:50:00,52.07,52.07,52.07,52.07,200.0
2025-10-31 10:05:00,52.03,52.03,52.03,52.03,1110.0
2025-10-31 10:10:00,52.01,52.01,52.01,52.01,980.0
2025-10-31 10:15:00,52.01,52.02,51.96,51.96,7688.0
2025-10-31 10:20:00,51.97,51.99,51.95,51.99,1584.0
2025-10-31 10:25:00,51.93,51.93,51.93,51.93,489.0
2025-10-31 10:50:00,51.97,51.98,51.97,51.98,1395.0
2025-10-31 10:55:00,52.03,52.04,52.03,52.04,1002.0
2025-10-31 11:00:00,51.98,52.01,51.98,52.0,2225.0
2025-10-31 11:05:00,52.01,52.02,52.01,52.01,5881.0
2025-10-31 11:10:00,52.01,52.01,52.0,52.0,2569.0
2025-10-31 11:20:00,52.02,52.04,52.02,52.04,912.0
2025-10-31 11:30:00,52.03,52.03,52.02,52.02,876.0
2025-10-31 11:35:00,52.03,52.03,52.02,52.03,3870.0
2025-10-31 11:40:00,52.03,52.06,52.03,52.06,5481.0
2025-10-31 11:45:00,52.06,52.08,52.06,52.08,7874.0
2025-10-31 11:50:00,52.09,52.1,52.09,52.1,3853.0
2025-10-31 11:55:00,52.09,52.09,52.08,52.08,7096.0
2025-10-31 12:00:00,52.34,52.34,52.0005,52.06,13710.0
2025-10-31 12:05:00,52.09,52.09,52.09,52.09,2469.0
2025-10-31 12:10:00,52.1,52.1,52.09,52.09,2624.0
2025-10-31 12:20:00,52.1225,52.1225,52.12,52.12,7877.0
2025-10-31 12:25:00,52.1,52.1,52.09,52.09,1105.0
2025-10-31 12:35:00,52.07,52.07,52.0,52.02,31844.0
2025-10-31 12:40:00,52.03,52.03,52.01,52.01,15894.0
2025-10-31 12:45:00,52.01,52.02,52.01,52.02,3128.0
2025-10-31 12:50:00,52.02,52.0507,52.02,52.05,4674.0
2025-10-31 12:55:00,52.05,52.05,52.02,52.02,5577.0
2025-10-31 13:00:00,52.03,52.03,52.02,52.03,2098.0
2025-10-31 13:05:00,52.02,52.03,52.01,52.03,6066.0
2025-10-31 13:10:00,52.02,52.02,52.0,52.02,16071.0
2025-10-31 13:15:00,52.01,52.02,51.99,51.99,4138.0
2025-10-31 13:20:00,51.991,52.01,51.98,51.98,26037.0
2025-10-31 13:25:00,51.98,52.02,51.98,52.0,57891.0
2025-10-31 13:30:00,52.01,52.14,51.94,52.115,1511827.0
2025-10-31 13:35:00,52.11,52.175,52.08,52.16,876261.0
2025-10-31 13:40:00,52.16,52.16,52.045,52.125,558240.0
2025-10-31 13:45:00,52.125,52.245,52.125,52.21,1081472.0
2025-10-31 13:50:00,52.21,52.315,52.2,52.28,893479.0
2025-10-31 13:55:00,52.28,52.3,52.2201,52.3,474049.0
2025-10-31 14:00:00,52.3,52.31,52.21,52.23,599425.0
2025-10-31 14:05:00,52.23,52.2899,52.215,52.27,472114.0
2025-10-31 14:10:00,52.265,52.295,52.23,52.27,452764.0
2025-10-31 14:15:00,52.27,52.34,52.25,52.27,493551.0
2025-10-31 14:20:00,52.265,52.28,52.18,52.235,440094.0
2025-10-31 14:25:00,52.2348,52.275,52.23,52.245,353666.0
2025-10-31 14:30:00,52.2461,52.295,52.23,52.285,382410.0
2025-10-31 14:35:00,52.285,52.325,52.275,52.315,241656.0
2025-10-31 14:40:00,52.32,52.365,52.3,52.335,456939.0
2025-10-31 14:45:00,52.34,52.39,52.323,52.325,413882.0
2025-10-31 14:50:00,52.32,52.345,52.3,52.315,206633.0
2025-10-31 14:55:00,52.315,52.32,52.2801,52.29,949492.0
2025-10-31 15:00:00,52.29,52.325,52.24,52.2544,208826.0
2025-10-31 15:05:00,52.26,52.265,52.215,52.235,317285.0
2025-10-31 15:10:00,52.24,52.255,52.22,52.2425,212009.0
2025-10-31 15:15:00,52.24,52.295,52.2239,52.285,321578.0
2025-10-31 15:20:00,52.2848,52.305,52.27,52.2748,322536.0
2025-10-31 15:25:00,52.275,52.2751,52.2044,52.225,232651.0
2025-10-31 15:30:00,52.225,52.27,52.21,52.24,301660.0
2025-10-31 15:35:00,52.235,52.25,52.18,52.19,262657.0
2025-10-31 15:40:00,52.185,52.19,52.11,52.185,834513.0
2025-10-31 15:45:00,52.185,52.24,52.16,52.185,1586046.0
2025-10-31 15:50:00,52.1863,52.235,52.17,52.22,320676.0
2025-10-31 15:55:00,52.22,52.255,52.2,52.23,359978.0
2025-10-31 16:00:00,52.23,52.23,52.1901,52.225,282067.0
